Nodo,X,Y,Variable,Escenario,Valor,Z,Rezago_Z,Moran_local,Perm_Q025,Perm_Q975,p_Monte_Carlo_informativo,Clase_LISA
1,587212.895,517579,Altura,Original,28.53333333333333,-2.9903257470690168,-0.43001378511570976,1.2858812932261103,-1.166389654903075,0.8805312342260159,0.028,Bajo-Bajo
2,587211.104,517578,Altura,Original,39.13333333333333,-1.0343396716308149,-0.9190103039752602,0.9505688160391059,-1.2173884911401285,0.9077727782735414,0.056,Bajo-Bajo
3,587208.994,517576,Altura,Original,39.9,-0.8928689806400018,-0.19627960000045305,0.1752519663728318,-1.2033747102821422,0.7962901885804445,0.44,Sin_clasificar
4,587207.025,517574,Altura,Original,48.333333333333336,0.6633086202589457,-0.44846648394059896,-0.29747168469501933,-1.1287767734533627,0.6727260491824731,0.286,Sin_clasificar
5,587204.915,517572,Altura,Original,46.5,0.3250091418026525,-0.1101670054843058,-0.03580528390742234,-0.982675069009451,0.7941722435992684,0.766,Sin_clasificar
6,587202.983,517570,Altura,Original,44.43333333333334,-0.05634663391171321,0.1543216776724316,-0.00869550707644991,-0.9630740558388369,0.9651055783869836,0.972,Sin_clasificar
7,587201.014,517569,Altura,Original,44.699999999999996,-0.00713943704534484,-0.03635621018475128,2.5956287382135666e-4,-0.9830964741306489,0.9730266434667258,0.946,Sin_clasificar
8,587198.948,517567,Altura,Original,42.63333333333333,-0.38849521275971055,0.20814204924502383,-0.08086218970568769,-1.0029545528701849,0.9403997108701332,0.636,Sin_clasificar
9,587197.023,517566,Altura,Original,46.46666666666667,0.3188582421943566,0.22044384846161658,0.07029033802303018,-0.9258659682102541,0.7508017014451288,0.632,Sin_clasificar
10,587194.69,517564,Altura,Original,48.800000000000004,0.7494212147750933,0.1573971274765802,0.11795674647560894,-0.7429355674217248,0.793479940011582,0.512,Sin_clasificar
11,587193.167,517562,Altura,Original,41.13333333333333,-0.6652856951330409,0.2235192982657648,-0.14870419172238886,-0.8385671850482892,0.9225605426857946,0.508,Sin_clasificar
12,587191.101,517561,Altura,Original,47.86666666666667,0.577196025742798,-0.2931562688311188,-0.16920863329090907,-0.9759902072534854,0.935397226721876,0.484,Sin_clasificar
13,587189.132,517559,Altura,Original,44.333333333333336,-0.07479933273660216,0.6540822708465011,-0.04892491741415977,-1.1221536614818903,0.9694623499706743,0.742,Sin_clasificar
14,587187.054,517557,Altura,Original,62.333333333333336,3.246686455743363,0.7863266124248698,2.5529559623503855,-0.955368287395567,0.8890340832777909,0.008,Alto-Alto
15,587188.6,517555,Altura,Original,56.666666666666664,2.201033522333003,1.3399075771715308,2.9491814941825343,-0.8813938021313652,1.0989651009254153,0.002,Alto-Alto
16,587190.678,517557,Altura,Original,45.333333333333336,0.10972765551228479,0.47570618220591004,0.05219812408615428,-1.4896520822068922,1.0143003953456735,0.734,Sin_clasificar
17,587192.647,517559,Altura,Original,37.6,-1.3172810536124413,0.2681133204259123,-0.35318059721817585,-1.1468860800548741,1.0912751752879044,0.25,Sin_clasificar
18,587194.713,517560,Altura,Original,49.53333333333333,0.8847410061576092,-0.5038245804152649,-0.44575426620353675,-1.1011781582368092,0.8337053474228899,0.21,Sin_clasificar
19,587196.236,517562,Altura,Original,48.36666666666667,0.6694595198672415,-0.08710113195319494,-0.05831068197727913,-1.0715844220086719,1.2685306594076264,0.714,Sin_clasificar
20,587198.569,517564,Altura,Original,46.4,0.3065564429777635,-0.15783647744860152,-0.04838578909878327,-0.8259477231069476,0.9302118493730207,0.744,Sin_clasificar
21,587200.494,517565,Altura,Original,45.9,0.21429294885332004,0.16508575198695002,0.035376712606951355,-0.8830252310998712,0.7802589243709769,0.778,Sin_clasificar
22,587202.56,517567,Altura,Original,46.03333333333333,0.2388965472865049,-0.060959808617936415,-0.014563087802071136,-0.9383333273933232,0.9430057848575284,0.882,Sin_clasificar
23,587204.529,517569,Altura,Original,45.06666666666666,0.0605204586459138,-0.35466526491408124,-0.021464504498374715,-0.7839209565898836,1.0680452137593601,0.844,Sin_clasificar
24,587206.461,517570,Altura,Original,38.733333333333334,-1.1081504669303694,-0.21627002372741597,0.2396597277765781,-0.7958377529378535,1.0674320228605563,0.362,Sin_clasificar
25,587208.571,517572,Altura,Original,41.9,-0.5238150041422278,-0.297769443537341,0.15597610229994116,-0.8780269947827944,0.9532651923303281,0.456,Sin_clasificar
26,587210.54,517574,Altura,Original,40.93333333333333,-0.7021910927828189,-0.28854309412489654,0.20261239057849686,-1.064502586494547,0.9827316963028344,0.448,Sin_clasificar
27,587212.65,517576,Altura,Original,46.300000000000004,0.2881037441528759,-0.5161263796318574,-0.1486979424280067,-0.9558368662443604,0.9900218528896993,0.508,Sin_clasificar
28,587214.441,517577,Altura,Original,44.300000000000004,-0.08095023234489805,-0.4669191827654873,0.03779721633115611,-0.9381549184836948,0.8500404117892713,0.744,Sin_clasificar
29,587215.987,517575,Altura,Original,50.6,1.0815697936230892,-0.13784605372163888,-0.14909012787547024,-0.9322222690915644,0.948784473593056,0.482,Sin_clasificar
30,587214.196,517574,Altura,Original,43.4,-0.24702452176889736,0.05283183413554465,-0.013050758561506625,-1.026043060775884,0.9151124816308703,0.934,Sin_clasificar
31,587212.086,517572,Altura,Original,44.6,-0.025592135870232485,-0.22395864823778616,0.005731580155015027,-1.095203714577246,0.9647524088044481,0.884,Sin_clasificar
32,587210.117,517570,Altura,Original,44.5,-0.044044834695121445,-0.29315626883111845,0.012912019400505195,-0.769922874972786,0.7673374526111112,0.852,Sin_clasificar
33,587208.007,517569,Altura,Original,40.800000000000004,-0.7267946912160024,-0.5253527290443019,0.3818235744852375,-0.8152193145357329,1.0360504732944893,0.192,Sin_clasificar
34,587206.075,517567,Altura,Original,42.06666666666666,-0.4930605061007471,-0.513050929827709,0.2529651511163091,-0.9712661967299068,1.1456184227536608,0.348,Sin_clasificar
35,587204.105,517565,Altura,Original,41.96666666666667,-0.5115132049256347,-0.1947418750983797,0.09961304066479985,-1.0664582609465874,0.9109624265713623,0.616,Sin_clasificar
36,587202.04,517564,Altura,Original,47.46666666666666,0.5033852304432422,-0.6437575465040037,-0.32405804089649415,-1.0035749811274814,0.8378922226493004,0.306,Sin_clasificar
37,587200.115,517562,Altura,Original,40.53333333333334,-0.7760018880823721,0.17584982630146845,-0.1364597972288967,-0.8892310675514331,1.0271057062349556,0.516,Sin_clasificar
38,587197.782,517560,Altura,Original,37.800000000000004,-1.2803756559626633,0.16354802708487604,-0.20940291246019757,-0.9280873136784831,1.0137386935655879,0.478,Sin_clasificar
39,587196.259,517559,Altura,Original,40.93333333333333,-0.7021910927828189,-0.11939335489675029,0.08383695034595601,-1.1088511601095323,1.082635297789306,0.632,Sin_clasificar
40,587194.193,517557,Altura,Original,42.03333333333333,-0.499211405709043,-0.09940293116978807,0.04962307700086915,-0.9924498605928733,1.019569665249117,0.732,Sin_clasificar
41,587192.224,517555,Altura,Original,50.666666666666664,1.093871592839681,0.5879601000573161,0.6431528511758746,-1.2072473726759987,0.9546760803220782,0.106,Sin_clasificar
42,587190.146,517554,Altura,Original,49.666666666666664,0.909344604590794,1.3168417036404199,1.197462898305565,-1.036475447028193,1.0031422633357394,0.032,Alto-Alto
43,587191.692,517552,Altura,Original,54.833333333333336,1.8627340438767108,1.5090573163996768,2.810972437418907,-0.9561702576546742,0.8597098605373856,0.002,Alto-Alto
44,587193.77,517553,Altura,Original,54.666666666666664,1.8319795458352288,1.098484767545903,2.0124016255556603,-0.9281057828768822,0.7830227339265836,0.006,Alto-Alto
45,587195.739,517555,Altura,Original,47.599999999999994,0.5279888288764271,0.7109780922232407,0.37538849026974525,-0.9142773949372442,0.6980118005480661,0.232,Sin_clasificar
46,587197.805,517557,Altura,Original,47,0.41727263592709596,-0.29623171863526737,-0.12360939008015184,-0.8707011243230329,1.1129954677484926,0.514,Sin_clasificar
47,587199.328,517558,Altura,Original,46.199999999999996,0.2696510453279856,-0.4715323574717096,-0.12714919309821587,-1.1955290083146584,0.751300648486624,0.568,Sin_clasificar
48,587201.661,517560,Altura,Original,43,-0.32083531706845186,-0.8221336351445945,0.2637695055042549,-1.1551219237816595,0.9166515223824231,0.348,Sin_clasificar
49,587203.586,517562,Altura,Original,36.6,-1.5018080418613282,-0.3392880158933408,0.5095454707757934,-1.0421215662728869,0.8673704482712692,0.134,Sin_clasificar
50,587205.651,517563,Altura,Original,39.166666666666664,-1.028188772022519,-0.5960880745397084,0.6128910653782504,-0.9167241541428482,0.7442553966796146,0.11,Sin_clasificar
51,587207.621,517565,Altura,Original,40,-0.8744162818151128,-0.6222293978749673,0.5440875165258854,-1.0167679847282676,0.8704551844283943,0.148,Sin_clasificar
52,587209.552,517567,Altura,Original,42.266666666666666,-0.4561551084509692,-0.38541976295556196,0.1758111937701412,-0.8718457923740887,0.8374317003232652,0.428,Sin_clasificar
53,587211.663,517569,Altura,Original,45.300000000000004,0.1035767559039889,-0.10709155568015752,-0.011092195922062112,-0.9547707112877287,0.6979536905553014,0.924,Sin_clasificar
54,587213.632,517570,Altura,Original,45.26666666666667,0.09742585629569303,-0.2747035700062298,-0.026763230535340795,-0.9819910077343547,0.9046961155291602,0.862,Sin_clasificar
55,587215.742,517572,Altura,Original,38.6,-1.1327540653635542,0.46032893318516976,-0.521439470469969,-0.992949719693548,0.8244270031632117,0.134,Sin_clasificar
56,587217.533,517574,Altura,Original,49.666666666666664,0.909344604590794,-0.09478975646356508,-0.08619655361061825,-0.9023632418718979,0.9390250350058303,0.658,Sin_clasificar
1,587212.895,517579,Altura,Residual_ajustado,-9.631944444444507,-2.5131803179353125,0.29979686337706335,-0.7534435764179775,-0.996134927673294,0.9414372078233965,0.102,Sin_clasificar
2,587211.104,517578,Altura,Residual_ajustado,-0.6486111111111105,-0.16923651167639264,-0.28618908818766664,0.048433642964728206,-1.1674279099956115,0.8136201132545093,0.836,Sin_clasificar
3,587208.994,517576,Altura,Residual_ajustado,-1.6940277777777522,-0.4420080798537325,0.41401338921776215,-0.18299726320187906,-0.9425126575146578,1.0459514251190911,0.534,Sin_clasificar
4,587207.025,517574,Altura,Residual_ajustado,5.121527777777783,1.336316138772374,-0.11108184527110422,-0.14844046256039228,-1.2400705105920997,0.9767791887299422,0.606,Sin_clasificar
5,587204.915,517572,Altura,Residual_ajustado,2.7948611111111097,0.7292390416411237,0.18557127776592897,0.13532582075414482,-1.1183717531302697,0.8185759935744088,0.586,Sin_clasificar
6,587202.983,517570,Altura,Residual_ajustado,2.588194444444447,0.6753152880277474,0.49607678979403314,0.3350082401836378,-0.9814050639323901,0.9761437558865802,0.35,Sin_clasificar
7,587201.014,517569,Altura,Residual_ajustado,2.0809722222222167,0.5429701615519025,0.5714450200207972,0.3102775948387224,-0.9539901530977062,0.9743590780418367,0.332,Sin_clasificar
8,587198.948,517567,Altura,Residual_ajustado,3.4430555555555804,0.898366836072335,0.45265331011175614,0.40664872204276786,-1.3040289986523417,1.0669003507699908,0.282,Sin_clasificar
9,587197.023,517566,Altura,Residual_ajustado,3.347638888888895,0.8734705869242183,0.6207935895658357,0.5422449410368628,-1.0114390292906434,0.9821113445639253,0.186,Sin_clasificar
10,587194.69,517564,Altura,Residual_ajustado,4.5631944444444485,1.1906350302201043,0.126356618220056,0.15044461595294656,-1.172718480018517,1.1751653719639625,0.598,Sin_clasificar
11,587193.167,517562,Altura,Residual_ajustado,-4.443472222222228,-1.1593969417693444,0.05902440436679293,-0.06843271391261686,-1.1233198199142693,1.0433924527129772,0.792,Sin_clasificar
12,587191.101,517561,Altura,Residual_ajustado,0.7152777777777792,0.18663127090651468,-1.0351240707487295,-0.1931865208697604,-1.1766792252973888,1.1054677835071274,0.562,Sin_clasificar
13,587189.132,517559,Altura,Residual_ajustado,-7.051666666666664,-1.8399306575661256,-0.33038264835669245,0.6078811634393672,-1.2064713799952733,1.0241721406600492,0.17,Sin_clasificar
14,587187.054,517557,Altura,Residual_ajustado,6.901666666666671,1.8007924492983534,-0.6997041900316467,-1.2600220221514096,-1.1816213260716006,0.9718193081700313,0.028,Alto-Bajo
15,587188.6,517555,Altura,Residual_ajustado,3.7683333333333326,0.9832387654826307,-0.004348689807530351,-0.004275800397823041,-1.1159006541849674,0.9333135923429765,0.89,Sin_clasificar
16,587190.678,517557,Altura,Residual_ajustado,-5.551666666666668,-1.4485485748883875,-0.6482899928280321,0.9390795452254489,-1.1094675499264701,0.9576145700560419,0.066,Sin_clasificar
17,587192.647,517559,Altura,Residual_ajustado,-7.1301388888888955,-1.8604057387432504,-0.1172787282468368,0.21818601906292534,-0.9820822666417638,0.9148918507815806,0.54,Sin_clasificar
18,587194.713,517560,Altura,Residual_ajustado,2.756527777777774,0.7192370550838031,-0.6861235941535462,-0.49348551328251106,-1.0334406387345088,0.8949346405616461,0.228,Sin_clasificar
19,587196.236,517562,Altura,Residual_ajustado,0.25652777777777636,0.06693358395423878,0.19883478167889795,0.013308724552527254,-1.2526530831626825,0.9611417749324235,0.942,Sin_clasificar
20,587198.569,517564,Altura,Residual_ajustado,2.7763888888888895,0.7244192437711113,0.2695734692147272,0.19528420870928764,-1.1719501811961006,0.8287498354101263,0.484,Sin_clasificar
21,587200.494,517565,Altura,Residual_ajustado,-1.2656944444444465,-0.3302467518002076,0.5009781255979395,-0.165446398701676,-1.2105223215995375,0.886291279433296,0.542,Sin_clasificar
22,587202.56,517567,Altura,Residual_ajustado,0.20097222222222166,0.05243795126247089,0.09944004026552801,0.0052144319849819,-0.9186083805053227,0.9914443723123947,0.904,Sin_clasificar
23,587204.529,517569,Altura,Residual_ajustado,2.5281944444444377,0.6596600047206355,-0.6276699553239917,-0.4140487656920254,-0.9121239486075587,0.949355509726224,0.266,Sin_clasificar
24,587206.461,517570,Altura,Residual_ajustado,-7.393055555555555,-1.9290063204570411,0.028230244667217963,-0.05445632039111213,-1.1393173597676785,0.8725105943070501,0.816,Sin_clasificar
25,587208.571,517572,Altura,Residual_ajustado,-1.1384722222222237,-0.2970517529360585,0.09481049757459759,-0.028163624501274135,-0.99605765119354,0.80902405216114,0.884,Sin_clasificar
26,587210.54,517574,Altura,Residual_ajustado,-1.6652777777777792,-0.4345065899357496,0.03257893447475037,-0.014155761722364013,-0.9612823009916573,0.839901859894757,0.968,Sin_clasificar
27,587212.65,517576,Altura,Residual_ajustado,3.539305555555555,0.9234805197108167,0.1559911273042896,0.14405476731324152,-1.021742630579174,0.859782709099767,0.556,Sin_clasificar
28,587214.441,517577,Altura,Residual_ajustado,3.399305555555558,0.8869515253275618,0.04118571638548221,0.0365297339698118,-1.0942162954194095,0.9344271092802868,0.818,Sin_clasificar
29,587215.987,517575,Altura,Residual_ajustado,5.418055555555559,1.413686578264686,0.4629542690933442,0.6544722365675983,-1.0536517464854458,1.163608306470266,0.138,Sin_clasificar
30,587214.196,517574,Altura,Residual_ajustado,1.3059722222222223,0.34075608550173875,0.331542298972034,0.11297505597595746,-0.9906738538485083,0.9340420224069611,0.604,Sin_clasificar
31,587212.086,517572,Altura,Residual_ajustado,-0.20736111111110955,-0.054104949022024174,0.27115892904038896,-0.014671040032596915,-1.0212909256025604,0.8835476693098465,0.98,Sin_clasificar
32,587210.117,517570,Altura,Residual_ajustado,5.3902777777778015,1.406438761918807,-0.034182513841274964,-0.048075612446195244,-0.9095573819818059,0.9456797924118215,0.822,Sin_clasificar
33,587208.007,517569,Altura,Residual_ajustado,-3.751805555555551,-0.9789263147568288,-0.6853353941259305,0.670892851744116,-0.981897183791201,0.7786845816268179,0.108,Sin_clasificar
34,587206.075,517567,Altura,Residual_ajustado,-5.018472222222227,-1.3094267401291442,-0.42958713459098075,0.5625128812488879,-1.0522113494904648,1.0352351385333964,0.188,Sin_clasificar
35,587204.105,517565,Altura,Residual_ajustado,-1.819027777777781,-0.4746232534102183,-0.5011955600883155,0.23787906732387284,-1.0276493491764298,0.8095056855178289,0.43,Sin_clasificar
36,587202.04,517564,Altura,Residual_ajustado,1.2597222222222186,0.32868847128584083,-0.5664621462830006,-0.18618957690305582,-1.114439354380084,0.7240466208461163,0.566,Sin_clasificar
37,587200.115,517562,Altura,Residual_ajustado,-1.3923611111111058,-0.363296794337437,0.07423575892271711,-0.02696961324182991,-0.8996095916031649,0.8813866183421444,0.982,Sin_clasificar
38,587197.782,517560,Altura,Residual_ajustado,-5.070138888888889,-1.3229076785324871,0.39944527836253557,-0.528429225899345,-1.276662712334728,1.1404774541772231,0.228,Sin_clasificar
39,587196.259,517559,Altura,Residual_ajustado,0.7986111111111303,0.20837471994417148,0.02611025838604694,0.005440717778862486,-1.0391498405458635,1.0333142166645737,0.952,Sin_clasificar
40,587194.193,517557,Altura,Residual_ajustado,0.2819444444444421,0.07356533591072245,-0.15133440530205886,-0.011132966360895377,-0.9028683365127425,0.9518047744405409,0.972,Sin_clasificar
41,587192.224,517555,Altura,Residual_ajustado,0.4749999999999994,0.12393765951461709,-0.29656252533271155,-0.03675526528948061,-0.928226867102504,1.0439773878879626,0.78,Sin_clasificar
42,587190.146,517554,Altura,Residual_ajustado,-1.891666666666667,-0.49357629315470436,-0.03739873234476167,0.01845912767941241,-1.0563432002627702,0.8802116170586374,0.894,Sin_clasificar
43,587191.692,517552,Altura,Residual_ajustado,0.7350000000000041,0.19177722051209306,0.3239773906610167,0.06213148348973032,-0.9228430795413433,0.9260809277641416,0.702,Sin_clasificar
44,587193.77,517553,Altura,Residual_ajustado,2.614999999999994,0.6823094308015233,0.18622358123705807,0.12706210571567833,-1.175257805807718,0.9014209084451658,0.594,Sin_clasificar
45,587195.739,517555,Altura,Residual_ajustado,3.5365277777777706,0.9227557380762265,0.378589686827253,0.3493458058963293,-1.0652911931926976,1.0268782049224763,0.314,Sin_clasificar
46,587197.805,517557,Altura,Residual_ajustado,2.4319444444444462,0.6345463210821494,0.12403731698937334,0.07870742317250724,-0.9930215550557616,0.9883986559389077,0.786,Sin_clasificar
47,587199.328,517558,Altura,Residual_ajustado,2.6365277777777685,0.6879264884695826,-0.2264761412680106,-0.15579893658464367,-1.0261549117017668,1.115470204204725,0.588,Sin_clasificar
48,587201.661,517560,Altura,Residual_ajustado,-1.6323611111111092,-0.4259179275658761,-0.5239899424961203,0.22317671037331013,-0.9912073579805435,0.9230022353517183,0.48,Sin_clasificar
49,587203.586,517562,Altura,Residual_ajustado,-4.206944444444441,-1.0976817855841394,-0.4120836581156707,0.45233672565045346,-1.0307410006027877,0.8322596712099068,0.208,Sin_clasificar
50,587205.651,517563,Altura,Residual_ajustado,-4.125694444444445,-1.0764819227724294,-0.542018885656507,0.5834735322104863,-1.119349471324465,0.8967836746793765,0.146,Sin_clasificar
51,587207.621,517565,Altura,Residual_ajustado,-3.543055555555555,-0.9244589749175113,-0.9424697985370338,0.8712746638462596,-0.9861320326057815,0.9202915582247426,0.074,Sin_clasificar
52,587209.552,517567,Altura,Residual_ajustado,-3.4851388888888906,-0.9093472778363435,0.1741016083985696,-0.15831882366416836,-1.1526848118642472,0.9562621241197776,0.524,Sin_clasificar
53,587211.663,517569,Altura,Residual_ajustado,4.573611111111118,1.1933529613498115,0.05373349843429972,0.06412302948025703,-0.9980223730484183,0.900553997462536,0.742,Sin_clasificar
54,587213.632,517570,Altura,Residual_ajustado,-0.874027777777772,-0.2280525413232404,0.39719845529531306,-0.09058211713976164,-0.8731276056512289,0.8794287752696657,0.684,Sin_clasificar
55,587215.742,517572,Altura,Residual_ajustado,-3.6673611111111093,-0.9568929530653421,0.7768481352631507,-0.7433605062352605,-1.0573519662528539,1.0562725569344813,0.126,Sin_clasificar
56,587217.533,517574,Altura,Residual_ajustado,6.059305555555555,1.5810024186094183,0.42112530900716116,0.6658001320779604,-0.8981123221579936,1.0438798907112692,0.126,Sin_clasificar
1,587212.895,517579,Calcio_savia,Original,1200,-0.7606684445141066,-1.3810856009231798,1.0505482357950655,-1.062546093932069,0.9494395917848939,0.05,Bajo-Bajo
2,587211.104,517578,Calcio_savia,Original,1000,-1.306090120478127,-1.2447301819321746,1.6257297932825547,-1.1645654531420728,0.7771537240999532,0.014,Bajo-Bajo
3,587208.994,517576,Calcio_savia,Original,940,-1.469716623267333,-1.0674681372438681,1.5688756661155279,-1.0083889188497048,0.9515166731885196,0.004,Bajo-Bajo
4,587207.025,517574,Calcio_savia,Original,1400,-0.21524676855008634,-0.39250881323839293,0.08448625367699343,-0.9196195859593792,0.9188946090399792,0.688,Sin_clasificar
5,587204.915,517572,Calcio_savia,Original,1600,0.330174907413934,0.05746406943192384,0.018973193804313327,-1.0545618142654452,0.9290336614542891,0.848,Sin_clasificar
6,587202.983,517570,Calcio_savia,Original,1500,0.05746406943192384,-0.2834244780455889,-0.016286723885118495,-1.059163532336778,0.905060901596966,0.92,Sin_clasificar
7,587201.014,517569,Calcio_savia,Original,1200,-0.7606684445141066,-0.21524676855008631,0.1637314246196821,-1.0446262866114313,0.8904894583996615,0.508,Sin_clasificar
8,587198.948,517567,Calcio_savia,Original,1400,-0.21524676855008634,-0.3516021875410914,0.07568123468336135,-1.0505816269466042,1.0361082702569426,0.748,Sin_clasificar
9,587197.023,517566,Calcio_savia,Original,1600,0.330174907413934,-0.14706905905458378,-0.048558512956801594,-0.9679807875661834,1.1211988848045298,0.82,Sin_clasificar
10,587194.69,517564,Calcio_savia,Original,1700,0.6028857453959442,0.5347080359004417,0.3223678527930391,-1.0302962178035826,0.8411574470063794,0.332,Sin_clasificar
11,587193.167,517562,Calcio_savia,Original,2000,1.4210182593419747,1.1483074213599644,1.6317658130904082,-0.988825972803597,1.0086125067592933,0.008,Alto-Alto
12,587191.101,517561,Calcio_savia,Original,1800,0.8755965833779543,0.8074188738824518,0.7069732073263502,-1.1153928086084042,0.8728541873262927,0.118,Sin_clasificar
13,587189.132,517559,Calcio_savia,Original,1000,-1.306090120478127,1.4210182593419747,-1.855977909545578,-1.072126698309152,0.9692465683347847,0.004,Bajo-Alto
14,587187.054,517557,Calcio_savia,Original,2000,1.4210182593419747,0.12564177892742637,0.17853926199208062,-1.0956638554168656,0.9129276482046258,0.492,Sin_clasificar
15,587188.6,517555,Calcio_savia,Original,1700,0.6028857453959442,0.6710634548914467,0.4045745912102074,-1.1146477685397123,0.885450809521557,0.276,Sin_clasificar
16,587190.678,517557,Calcio_savia,Original,1900,1.1483074213599644,0.3983526169094366,0.45743126631526887,-0.912386654632974,1.0270017822872093,0.232,Sin_clasificar
17,587192.647,517559,Calcio_savia,Original,2300,2.239150773288005,0.9437742928734568,2.113252937696941,-0.9848388131846479,0.8729687322566384,0.006,Alto-Alto
18,587194.713,517560,Calcio_savia,Original,1800,0.8755965833779543,1.6937290973239847,1.4830234107847076,-0.9113839714745736,1.0416585531572646,0.012,Alto-Alto
19,587196.236,517562,Calcio_savia,Original,1800,0.8755965833779543,1.2846628403509697,1.1248463938039275,-1.0343789975382993,1.2637465644713457,0.056,Sin_clasificar
20,587198.569,517564,Calcio_savia,Original,1300,-0.4879576065320965,0.1938194884229289,-0.09457569367012778,-1.1128253420971763,0.9546269830653046,0.698,Sin_clasificar
21,587200.494,517565,Calcio_savia,Original,1300,-0.4879576065320965,-0.28342447804558885,0.13829912993973428,-1.2614498793296214,1.0243629327034451,0.578,Sin_clasificar
22,587202.56,517567,Calcio_savia,Original,1200,-0.7606684445141066,-0.14706905905458378,0.11187079238720354,-0.9655155814565415,0.7668788778406794,0.608,Sin_clasificar
23,587204.529,517569,Calcio_savia,Original,1500,0.05746406943192384,-0.07889134955908124,-0.004533417988641218,-1.049228004682764,1.0354568582182728,0.968,Sin_clasificar
24,587206.461,517570,Calcio_savia,Original,1600,0.330174907413934,0.1256417789274264,0.04148376272468498,-1.0898496211553088,0.9060469840408234,0.76,Sin_clasificar
25,587208.571,517572,Calcio_savia,Original,1600,0.330174907413934,-0.2834244780455889,-0.09357965079754489,-1.0658798494266035,1.1064338772756521,0.676,Sin_clasificar
26,587210.54,517574,Calcio_savia,Original,1200,-0.7606684445141066,-1.1083747629411698,0.8431057068651513,-1.0304290235199265,0.9844246016414921,0.09,Sin_clasificar
27,587212.65,517576,Calcio_savia,Original,750,-1.9878672154331525,-1.1833702433862223,2.3523829105466216,-1.0873515456308709,0.7657463770945537,0.002,Bajo-Bajo
28,587214.441,517577,Calcio_savia,Original,1200,-0.7606684445141066,-1.524258790863735,1.1594555634832704,-1.1866769408848297,1.0187641757166572,0.05,Bajo-Bajo
29,587215.987,517575,Calcio_savia,Original,950,-1.442445539469132,-1.278819036679926,1.8446268152471714,-1.2191578989597551,1.0177362594721522,0.012,Bajo-Bajo
30,587214.196,517574,Calcio_savia,Original,780,-1.9060539640385494,-1.6060720422583383,3.0612599826779943,-0.9540112862782095,1.0065032199694546,0.002,Bajo-Bajo
31,587212.086,517572,Calcio_savia,Original,1000,-1.306090120478127,-1.1560991595880215,1.5099696906309803,-0.9950323159426606,1.129126722041706,0.012,Bajo-Bajo
32,587210.117,517570,Calcio_savia,Original,1300,-0.4879576065320965,-0.4879576065320965,0.23810262577253233,-1.0051531075709743,0.889312135724269,0.414,Sin_clasificar
33,587208.007,517569,Calcio_savia,Original,1400,-0.21524676855008634,-0.14706905905458378,0.031656139715200975,-1.168735220620995,1.0446317411319248,0.816,Sin_clasificar
34,587206.075,517567,Calcio_savia,Original,1500,0.05746406943192384,0.1256417789274264,0.007219887907836056,-0.9222056452708953,1.0068783961181267,0.906,Sin_clasificar
35,587204.105,517565,Calcio_savia,Original,1700,0.6028857453959442,-0.21524676855008634,-0.1297692085013871,-1.0373352527841249,0.8588116428943279,0.6,Sin_clasificar
36,587202.04,517564,Calcio_savia,Original,1600,0.330174907413934,0.26199719791843146,0.08650490056542826,-1.2236995224444416,1.0600401923564895,0.696,Sin_clasificar
37,587200.115,517562,Calcio_savia,Original,1900,1.1483074213599644,-0.21524676855008634,-0.24716946174981475,-1.0774030694195142,0.9613323436835325,0.472,Sin_clasificar
38,587197.782,517560,Calcio_savia,Original,2000,1.4210182593419747,1.1483074213599644,1.6317658130904082,-1.0030494650240793,0.8886517592997464,0.012,Alto-Alto
39,587196.259,517559,Calcio_savia,Original,2300,2.239150773288005,0.9437742928734568,2.113252937696941,-1.112262577874167,1.1814249491095405,0.004,Alto-Alto
40,587194.193,517557,Calcio_savia,Original,1800,0.8755965833779543,1.4210182593419747,1.2442387327975208,-1.0246768759307605,0.8167955664001683,0.028,Alto-Alto
41,587192.224,517555,Calcio_savia,Original,1500,0.05746406943192384,0.6710634548914467,0.038562036965108785,-1.0252715135256927,0.9578063519145894,0.782,Sin_clasificar
42,587190.146,517554,Calcio_savia,Original,1500,0.05746406943192384,0.7392411643869492,0.04247980559726787,-1.0551833450179369,0.9449713434584867,0.76,Sin_clasificar
43,587191.692,517552,Calcio_savia,Original,1900,1.1483074213599644,0.330174907413934,0.37914229653025955,-0.9037748679566229,1.052286662622014,0.306,Sin_clasificar
44,587193.77,517553,Calcio_savia,Original,1700,0.6028857453959442,0.6028857453959442,0.36347122200162324,-1.0220569511615774,1.0193232877824672,0.306,Sin_clasificar
45,587195.739,517555,Calcio_savia,Original,1900,1.1483074213599644,0.5347080359004417,0.6140092058852875,-1.0864750279029984,0.9110833088188923,0.164,Sin_clasificar
46,587197.805,517557,Calcio_savia,Original,1700,0.6028857453959442,1.4210182593419747,0.8567116525046335,-1.0244534303130117,0.9228442510440599,0.084,Sin_clasificar
47,587199.328,517558,Calcio_savia,Original,1800,0.8755965833779543,1.0119520023689594,0.8860617158167404,-1.0508864160656146,0.9468880619596274,0.07,Sin_clasificar
48,587201.661,517560,Calcio_savia,Original,1400,-0.21524676855008634,0.8074188738824518,-0.17379430346954747,-1.0492280046827642,0.9696632462698147,0.494,Sin_clasificar
49,587203.586,517562,Calcio_savia,Original,1400,-0.21524676855008634,0.05746406943192384,-0.012368955252959401,-0.9368614200980789,0.9050682059113655,0.942,Sin_clasificar
50,587205.651,517563,Calcio_savia,Original,1300,-0.4879576065320965,0.19381948842292893,-0.09457569367012779,-0.9231425895997046,0.8531856607356905,0.686,Sin_clasificar
51,587207.621,517565,Calcio_savia,Original,1500,0.05746406943192384,-0.07889134955908125,-0.004533417988641219,-0.9888259728035969,0.9613323436835326,0.974,Sin_clasificar
52,587209.552,517567,Calcio_savia,Original,1300,-0.4879576065320965,-0.3516021875410914,0.17156696188400028,-1.1851745762186838,0.9608502589332024,0.502,Sin_clasificar
53,587211.663,517569,Calcio_savia,Original,1200,-0.7606684445141066,-0.9379304892024132,0.7134541262839548,-1.1466466418643082,0.8387463592261483,0.11,Sin_clasificar
54,587213.632,517570,Calcio_savia,Original,940,-1.469716623267333,-1.0606503662943179,1.5588554748173449,-1.0968398500350949,0.9463980088663166,0.018,Bajo-Bajo
55,587215.742,517572,Calcio_savia,Original,860,-1.6878852936529412,-1.39472114282228,2.3541293057165498,-1.0013146903543308,1.1522362447427907,0.002,Bajo-Bajo
56,587217.533,517574,Calcio_savia,Original,1200,-0.7606684445141066,-1.4492633104186825,1.1024088680275441,-1.3762039786798876,0.8728541873262927,0.048,Bajo-Bajo
1,587212.895,517579,Calcio_savia,Residual_ajustado,103.33333333333528,0.5783667305431331,-0.31358321171634795,-0.18136609691359928,-1.1197867136486195,0.9073893221479719,0.538,Sin_clasificar
2,587211.104,517578,Calcio_savia,Residual_ajustado,103.3333333333324,0.578366730543117,-0.31358321171634396,-0.18136609691359193,-0.8959215939641273,1.0028868653941605,0.488,Sin_clasificar
3,587208.994,517576,Calcio_savia,Residual_ajustado,-34.47916666666492,-0.19298325384048767,0.06885595854550564,-0.013288046926417411,-1.106246697735602,1.1347461253190008,0.9,Sin_clasificar
4,587207.025,517574,Calcio_savia,Residual_ajustado,84.02083333333354,0.47027278715331006,0.6715059293377452,0.3157909649796351,-0.9634900769571435,0.8879957689544823,0.312,Sin_clasificar
5,587204.915,517572,Calcio_savia,Residual_ajustado,26.020833333333233,0.14564113839684611,0.24682616469297441,0.03594804361201222,-1.0303710620712965,0.7864176393518943,0.784,Sin_clasificar
6,587202.983,517570,Calcio_savia,Residual_ajustado,-83.97916666666654,-0.4700395747619601,-0.45511398171568795,0.21392158243386447,-0.8697186471349498,0.9752132145097498,0.444,Sin_clasificar
7,587201.014,517569,Calcio_savia,Residual_ajustado,-223.64583333333377,-1.2517675105605703,-0.500153124794777,0.6260754319234483,-0.9743225282589516,0.976458914478593,0.124,Sin_clasificar
8,587198.948,517567,Calcio_savia,Residual_ajustado,-145.8333333333341,-0.8162433697181204,-0.33550517650306483,0.27385387582673437,-0.9425559860012946,0.8400237314521042,0.378,Sin_clasificar
9,587197.023,517566,Calcio_savia,Residual_ajustado,268.35416666666663,1.5020044064770073,-0.6932821363798664,-1.0413128237743527,-1.052624646660815,0.962590383200508,0.05,Sin_clasificar
10,587194.69,517564,Calcio_savia,Residual_ajustado,-65.14583333333314,-0.36462757387264877,0.10246769444854217,-0.03736254682709581,-1.1073860842530308,0.9386243202634756,0.818,Sin_clasificar
11,587193.167,517562,Calcio_savia,Residual_ajustado,46.85416666666676,0.2622473340708638,0.02480796812964786,0.006505823505715105,-1.0521983458857922,0.8354625169104706,0.892,Sin_clasificar
12,587191.101,517561,Calcio_savia,Residual_ajustado,-140.8333333333332,-0.7882578827563513,-0.3724693405317271,0.29360189375919366,-1.0727776019242108,0.7803214777963834,0.33,Sin_clasificar
13,587189.132,517559,Calcio_savia,Residual_ajustado,-536.7500000000001,-3.0042420253453637,1.0333932576120537,-3.1045634532266795,-1.0717551491387742,0.974654678613308,0.002,Bajo-Alto
14,587187.054,517557,Calcio_savia,Residual_ajustado,331.2500000000003,1.8540385112168651,-0.39039754311660807,-0.7238120796226379,-1.5122367720135124,1.1241510940386201,0.132,Sin_clasificar
15,587188.6,517555,Calcio_savia,Residual_ajustado,-0.749999999999968,-0.004197823044264433,0.4323757735592534,-0.0018150369860286941,-1.2031034433084795,1.055991701700338,0.962,Sin_clasificar
16,587190.678,517557,Calcio_savia,Residual_ajustado,271.24999999999966,1.518212667675694,-0.757561301745167,-1.1501391648504014,-1.1215792849833521,1.0793823565575078,0.048,Alto-Bajo
17,587192.647,517559,Calcio_savia,Residual_ajustado,276.8541666666668,1.549579734312007,0.10345884711177152,0.16031773281968545,-1.1719760347232921,1.0535967781209699,0.508,Sin_clasificar
18,587194.713,517560,Calcio_savia,Residual_ajustado,-53.14583333333319,-0.29746240516441547,0.6985585667341145,-0.20779491140893655,-1.1026804856661265,0.9811902773501726,0.424,Sin_clasificar
19,587196.236,517562,Calcio_savia,Residual_ajustado,-121.14583333333329,-0.6780650278444061,0.20321544751089238,-0.1377932880748867,-1.2868442423048985,0.955336639615648,0.552,Sin_clasificar
20,587198.569,517564,Calcio_savia,Residual_ajustado,-120.83333333333331,-0.6763159349092961,0.3963153075470627,-0.2680343577425569,-0.9884085918992938,0.9498475124333972,0.388,Sin_clasificar
21,587200.494,517565,Calcio_savia,Residual_ajustado,-163.64583333333331,-0.9159416670194002,-0.4836533481069034,0.44299825392455133,-1.051875711395295,1.0000050821895943,0.188,Sin_clasificar
22,587202.56,517567,Calcio_savia,Residual_ajustado,-195.64583333333331,-1.0950487835746896,-0.2587491482006439,0.28334293998810217,-1.0379425663002577,0.8509866256201291,0.344,Sin_clasificar
23,587204.529,517569,Calcio_savia,Residual_ajustado,68.02083333333297,0.3807192288756621,-0.20047520191255305,-0.07632476428083987,-1.0262041005041391,0.992411190832039,0.692,Sin_clasificar
24,587206.461,517570,Calcio_savia,Residual_ajustado,108.33333333333323,0.6063522175048857,0.3499351932177232,0.2121839803905671,-1.2250469876332613,0.8419957030287872,0.456,Sin_clasificar
25,587208.571,517572,Calcio_savia,Residual_ajustado,260.0208333333334,1.4553619282074015,0.2330083305056027,0.33911145317302144,-0.9799794678057125,1.0262165733766273,0.294,Sin_clasificar
26,587210.54,517574,Calcio_savia,Residual_ajustado,228.33333333333317,1.278003904587221,-0.122319899262041,-0.15632530886560392,-1.026387280713437,0.924735564460422,0.552,Sin_clasificar
27,587212.65,517576,Calcio_savia,Residual_ajustado,-366.47916666666663,-2.0512195881016253,0.4235720057858635,-0.8688391952394582,-0.9949633515354197,0.9031671023530214,0.066,Sin_clasificar
28,587214.441,517577,Calcio_savia,Residual_ajustado,73.52083333333324,0.41150326453360403,-0.62938194115050206,-0.25899272342192825,-1.0351830560315656,0.7112555580167845,0.352,Sin_clasificar
29,587215.987,517575,Calcio_savia,Residual_ajustado,-84.16666666666687,-0.47108903052302814,0.17642517405478642,-0.08311196420532584,-1.2116699809427827,0.7352905049101387,0.67,Sin_clasificar
30,587214.196,517574,Calcio_savia,Residual_ajustado,-102.47916666666673,-0.5735858765204879,-0.553558762413476,0.31751348794453016,-1.1488452509220721,0.9148189237850528,0.342,Sin_clasificar
31,587212.086,517572,Calcio_savia,Residual_ajustado,53.52083333333313,0.29956131668654745,-0.28376117717272087,-0.08500387185838494,-1.095269140897449,0.8907743870941129,0.74,Sin_clasificar
32,587210.117,517570,Calcio_savia,Residual_ajustado,-254.16666666666728,-1.4225955872230058,0.07751396857430251,-0.1102710296419455,-1.2976905054442573,1.1264768785478547,0.698,Sin_clasificar
33,587208.007,517569,Calcio_savia,Residual_ajustado,-103.97916666666671,-0.581981522609017,-0.3103473897863963,0.18061644644562103,-1.1004520069325023,1.0691287849908275,0.472,Sin_clasificar
34,587206.075,517567,Calcio_savia,Residual_ajustado,28.02083333333326,0.15683533318155188,0.23679803186500853,0.03713829822428435,-1.0505688407110578,0.9353348031640005,0.772,Sin_clasificar
35,587204.105,517565,Calcio_savia,Residual_ajustado,134.35416666666669,0.751993355901733,-0.08200330710775247,-0.061665942106999216,-1.1794100647348964,0.9797508241410409,0.75,Sin_clasificar
36,587202.04,517564,Calcio_savia,Residual_ajustado,116.66666666666664,0.6529946957744928,0.48866741452088525,0.3190972296799734,-1.1710832909057327,0.8589233958787686,0.318,Sin_clasificar
37,587200.115,517562,Calcio_savia,Residual_ajustado,324.35416666666663,1.8154418604487639,-0.36865048762340347,-0.6692635271063756,-1.1085754307553404,0.9285307963217181,0.136,Sin_clasificar
38,587197.782,517560,Calcio_savia,Residual_ajustado,-33.1458333333332,-0.18552045731735964,-0.11748074214157243,0.021795081008087323,-1.193436444832249,1.0182754653335102,0.834,Sin_clasificar
39,587196.259,517559,Calcio_savia,Residual_ajustado,296.6666666666662,1.6604722263979934,-0.37494722218979937,-0.6225894488112392,-0.8199490283114319,1.1350762339131106,0.136,Sin_clasificar
40,587194.193,517557,Calcio_savia,Residual_ajustado,-3.3333333333330533,-0.0186569913078411,0.5647821087470991,-0.010537134893718795,-0.9077404471226229,1.1562313887133095,0.884,Sin_clasificar
41,587192.224,517555,Calcio_savia,Residual_ajustado,-280.74999999999994,-1.571385092903047,0.25804951102659857,-0.40549515485811743,-1.1103389395119376,0.8689426956405311,0.216,Sin_clasificar
42,587190.146,517554,Calcio_savia,Residual_ajustado,-12.750000000000007,-0.0713629917524982,0.40439028659748916,-0.028858500687247005,-1.1603720591118503,0.8618361890924877,0.862,Sin_clasificar
43,587191.692,517552,Calcio_savia,Residual_ajustado,299.25,1.6749313946615743,-0.5107351370521925,-0.8554463154054991,-1.1678961522844604,0.8567682903225954,0.068,Sin_clasificar
44,587193.77,517553,Calcio_savia,Residual_ajustado,-70.74999999999999,-0.3959946405089602,0.16316121929686803,-0.06461096838046687,-1.4146290873165244,0.9019545619098415,0.818,Sin_clasificar
45,587195.739,517555,Calcio_savia,Residual_ajustado,110.85416666666684,0.6204615671814432,-0.7460464399223574,-0.46289314330436226,-1.2754671177630013,0.8501736532206244,0.204,Sin_clasificar
46,587197.805,517557,Calcio_savia,Residual_ajustado,-178.33333333333317,-0.9981490349695811,0.41030805102794526,-0.40954858517379317,-1.1820143706317987,0.9397883416643671,0.258,Sin_clasificar
47,587199.328,517558,Calcio_savia,Residual_ajustado,-81.14583333333357,-0.45418113215029593,-0.014634077557089398,0.0066465219128540995,-0.939165421400427,0.9818961655180531,0.932,Sin_clasificar
48,587201.661,517560,Calcio_savia,Residual_ajustado,-95.64583333333336,-0.5353390443394103,0.3697290949333881,-0.1979304203461151,-1.1210063309929081,0.8836069022283,0.472,Sin_clasificar
49,587203.586,517562,Calcio_savia,Residual_ajustado,54.166666666666856,0.30317610875244416,0.20671363338111268,0.06267063499456509,-1.3255485244063077,0.9221333710281872,0.69,Sin_clasificar
50,587205.651,517563,Calcio_savia,Residual_ajustado,-7.645833333333474,-0.04279447381236489,0.5261563064300815,-0.02251658227673276,-1.0989764354894498,0.9192493281713721,0.868,Sin_clasificar
51,587207.621,517565,Calcio_savia,Residual_ajustado,70.83333333333327,0.39646106529165603,0.07101317316547573,0.02815395828292535,-1.0960679068063415,0.835232535470481,0.84,Sin_clasificar
52,587209.552,517567,Calcio_savia,Residual_ajustado,-103.97916666666671,-0.581981522609017,-0.6177504731320221,0.35951936094581494,-0.9068128732173889,1.0387230031066612,0.302,Sin_clasificar
53,587211.663,517569,Calcio_savia,Residual_ajustado,-154.16666666666652,-0.8628858479877218,-0.5304707356700216,0.4577356905812972,-1.1269376314138213,1.0539779580851474,0.228,Sin_clasificar
54,587213.632,517570,Calcio_savia,Residual_ajustado,-74.4791666666669,-0.41686714953461057,-0.49435196655999464,0.2060790951666941,-1.1431060046257286,0.8817375593147093,0.424,Sin_clasificar
55,587215.742,517572,Calcio_savia,Residual_ajustado,1.5208333333331048,0.008512252284201917,-0.15056775016407473,-0.0012816706752612887,-1.0346720479557552,0.9351852916881881,0.974,Sin_clasificar
56,587217.533,517574,Calcio_savia,Residual_ajustado,153.52083333333323,0.8592710559218276,-0.1561648475564275,-0.1341879334576827,-1.146154458386328,0.916709863501324,0.626,Sin_clasificar
1,587212.895,517579,Diametro,Original,3.3555555555555556,0.09304258980892242,0.2724420743506758,0.025348716170501873,-0.7962053694885651,0.5785806053127576,0.704,Sin_clasificar
2,587211.104,517578,Diametro,Original,3.2999999999999994,-0.06295696196651782,0.3114419622945359,-0.019607439774954775,-0.7152879826226597,0.7411721808384681,0.79,Sin_clasificar
3,587208.994,517576,Diametro,Original,3.3444444444444446,0.06184267945383487,0.16324238810786912,0.010095346681033455,-0.6726428642539839,0.7065333431760382,0.974,Sin_clasificar
4,587207.025,517574,Diametro,Original,3.3000000000000003,-0.06295696196651532,-0.35935611033984893,0.02262396897110075,-0.6227178471477715,0.6684803147046624,0.742,Sin_clasificar
5,587204.915,517572,Diametro,Original,3.077777777777778,-0.6869551690682688,-0.5387555948816026,0.3701009407683671,-0.7807642662207647,0.5458154115977305,0.132,Sin_clasificar
6,587202.983,517570,Diametro,Original,3.3333333333333335,0.030642769098747323,0.8496404159197987,0.02603533508199403,-0.8412936343891434,0.7362424308815299,0.632,Sin_clasificar
7,587201.014,517569,Diametro,Original,3.1333333333333337,-0.5309556172928298,0.8574403935085703,-0.4552627934271498,-0.809835189450608,0.5972190494927729,0.112,Sin_clasificar
8,587198.948,517567,Diametro,Original,2.888888888888889,-1.2173536451047597,0.15544241051909813,-0.18922838504929457,-0.9248004002323404,0.9040277569899571,0.3,Sin_clasificar
9,587197.023,517566,Diametro,Original,3.333333333333334,0.030642769098748572,-0.05515698437774383,-0.0016901627364704864,-1.0341390297757616,0.8291532683985765,0.994,Sin_clasificar
10,587194.69,517564,Diametro,Original,3.2777777777777786,-0.12535678267668918,0.21784223122927324,-0.027308001238013076,-1.2448293464737952,0.703065700388538,0.736,Sin_clasificar
11,587193.167,517562,Diametro,Original,3.222222222222222,-0.28135633445213065,-0.13315676026546291,0.037464497975811764,-0.7979568995662671,0.5128963804810147,0.66,Sin_clasificar
12,587191.101,517561,Diametro,Original,3.2222222222222223,-0.28135633445212943,-0.1097568274991479,0.030880778666254934,-0.8923622196381358,0.7608842275633196,0.66,Sin_clasificar
13,587189.132,517559,Diametro,Original,3.3111111111111113,-0.03175705161142778,-5.571412563411746e-4,1.7693163632482396e-5,-0.8981265592276814,0.45559998787721934,0.912,Sin_clasificar
14,587187.054,517557,Diametro,Original,3.533333333333333,0.5922411554903244,0.5064414020138337,0.29993544111681275,-0.8169338729437827,0.6682113165361716,0.176,Sin_clasificar
15,587188.6,517555,Diametro,Original,4.022222222222222,1.9650372111141816,0.38164176059348287,0.7499402608813237,-0.8266630021782619,0.5118082198769802,0.046,Alto-Alto
16,587190.678,517557,Diametro,Original,3.2777777777777777,-0.12535678267669167,0.646840998611728,-0.0810859064893446,-0.64173936384075,0.8342527175231962,0.504,Sin_clasificar
17,587192.647,517559,Diametro,Original,3.255555555555555,-0.187756603386868,-0.06295696196651564,0.01182058533838921,-0.747522567672541,0.5795903262246884,0.84,Sin_clasificar
18,587194.713,517560,Diametro,Original,3.3444444444444446,0.06184267945383487,-0.055156984377744384,-0.0034110557045130235,-0.9762772629923124,0.6800691816807418,0.964,Sin_clasificar
19,587196.236,517562,Diametro,Original,3.6222222222222222,0.8418404383310261,-0.49195572934897036,-0.41414822683459684,-1.0029152520601388,0.7845638886311572,0.132,Sin_clasificar
20,587198.569,517564,Diametro,Original,3.4222222222222225,0.28024205193944896,-0.5465555724703749,-0.15316785512803807,-0.9460373493372105,0.7799400752018728,0.388,Sin_clasificar
21,587200.494,517565,Diametro,Original,3.622222222222222,0.8418404383310248,1.0290399004615522,0.8662874008646673,-1.326494191901577,0.8346796814982229,0.074,Alto-Alto
22,587202.56,517567,Diametro,Original,5.233333333333333,5.365827439818737,-0.28135633445212943,-1.5097095397700542,-0.7505534686840591,0.6031804660926747,0.018,Alto-Bajo
23,587204.529,517569,Diametro,Original,3.055555555555556,-0.749354989778444,0.9354401693962895,-0.7009767585763024,-0.8606947470436331,0.8368012470209465,0.068,Sin_clasificar
24,587206.461,517570,Diametro,Original,2.833333333333333,-1.3733531968801986,-0.8897545863763392,1.2219473056387642,-0.6934070023615719,0.7632802233661751,0.02,Bajo-Bajo
25,587208.571,517572,Diametro,Original,2.844444444444444,-1.3421532865251111,-0.3983559982837084,0.5346548123034707,-0.85913660014037,0.6516383784867388,0.084,Sin_clasificar
26,587210.54,517574,Diametro,Original,3.511111111111111,0.5298413347801494,-0.14095673785423543,-0.07468470613094372,-0.8860212070767245,0.5557742105124139,0.59,Sin_clasificar
27,587212.65,517576,Diametro,Original,3.411111111111111,0.24904214158436017,0.33484189506085155,0.08338974263812006,-0.767999673000989,0.5299773296111661,0.476,Sin_clasificar
28,587214.441,517577,Diametro,Original,3.6222222222222222,0.8418404383310261,0.27244207435067674,0.2293527552911877,-0.9506237898384016,0.5954866404480512,0.216,Sin_clasificar
29,587215.987,517575,Diametro,Original,3.577777777777778,0.7170407969106759,0.39724171577102724,0.2848385164426216,-0.9158934754159275,0.58327720903804,0.196,Sin_clasificar
30,587214.196,517574,Diametro,Original,3.333333333333334,0.030642769098748572,0.49864142442506143,0.015279754031728245,-0.9997778816604466,0.646421595750661,0.804,Sin_clasificar
31,587212.086,517572,Diametro,Original,3.488888888888889,0.46744151406997425,0.007242836332431966,0.0033856023813930176,-0.9044299815765349,0.8477595544776744,0.9,Sin_clasificar
32,587210.117,517570,Diametro,Original,3.077777777777778,-0.6869551690682688,-0.6011554155917787,0.4129668201541557,-0.747711605157667,0.7159437160993909,0.126,Sin_clasificar
33,587208.007,517569,Diametro,Original,3.0444444444444443,-0.7805549001335327,-0.6713552138907248,0.5240296019326012,-0.9955625630266046,0.619136968113025,0.102,Sin_clasificar
34,587206.075,517567,Diametro,Original,3.2222222222222228,-0.28135633445212815,-0.4373558862275678,0.12305284900005048,-0.997856435130597,0.6228588337253489,0.402,Sin_clasificar
35,587204.105,517565,Diametro,Original,3.077777777777778,-0.6869551690682688,1.0446398556390961,-0.7176207486460072,-0.5455281925747628,0.6554643233581158,0.042,Bajo-Alto
36,587202.04,517564,Diametro,Original,3.211111111111111,-0.3125562448072182,-0.6323553259468659,0.1976466060617969,-0.719897672561679,0.7496986405555084,0.304,Sin_clasificar
37,587200.115,517562,Diametro,Original,2.6666666666666665,-1.841351852206513,0.25684211917313204,-0.47293671186409264,-0.9852778374134286,0.7758699025910927,0.118,Sin_clasificar
38,587197.782,517560,Diametro,Original,2.8555555555555556,-1.3109533761700223,-0.15655669303177863,0.205238525292024,-0.9062173635910697,0.5597794150679604,0.284,Sin_clasificar
39,587196.259,517559,Diametro,Original,3.1111111111111116,-0.5933554380030049,-0.34375615516230446,0.20396958401255808,-1.0934468246781877,0.7955580480247209,0.33,Sin_clasificar
40,587194.193,517557,Diametro,Original,3.355555555555556,0.09304258980892367,0.007242836332431349,6.738922499315792e-4,-0.9949367837654985,0.7052956908596277,0.976,Sin_clasificar
41,587192.224,517555,Diametro,Original,3.6222222222222222,0.8418404383310261,0.31144196229453586,0.26218443805270697,-0.5903129110768105,0.6745742748286165,0.21,Sin_clasificar
42,587190.146,517554,Diametro,Original,3.4,0.21784223122927263,0.7248407744994475,0.1579009316029137,-0.751725935660772,0.5942335609345782,0.358,Sin_clasificar
43,587191.692,517552,Diametro,Original,3.4000000000000004,0.21784223122927387,1.02123992287278,0.22246918341901795,-0.9667113143915451,0.683032289938976,0.248,Sin_clasificar
44,587193.77,517553,Diametro,Original,3.6999999999999997,1.0602398108166389,0.3114419622945362,0.33020316718352183,-0.9679417963205873,0.5588668203121819,0.172,Sin_clasificar
45,587195.739,517555,Diametro,Original,3.3111111111111113,-0.03175705161142778,0.44404158130365856,-0.014101451415080289,-0.9067366734640023,0.5736134824277257,0.854,Sin_clasificar
46,587197.805,517557,Diametro,Original,3.2444444444444445,-0.21895651374195432,-0.647955281124409,0.14187402941568855,-1.0466574396959423,0.7357744001424933,0.42,Sin_clasificar
47,587199.328,517558,Diametro,Original,3.088888888888889,-0.6557552587131813,-0.47635577417142716,0.31237280393130196,-0.7991528332652695,0.620285316514049,0.18,Sin_clasificar
48,587201.661,517560,Diametro,Original,3.4,0.21784223122927263,-1.1627538019833559,-0.2532968825943741,-0.8667535070841501,0.6280089101304664,0.23,Sin_clasificar
49,587203.586,517562,Diametro,Original,3.0222222222222226,-0.8429547208437066,-0.34375615516230545,0.2897708738131471,-0.8242670063754088,0.6382467022990612,0.182,Sin_clasificar
50,587205.651,517563,Diametro,Original,3.1111111111111107,-0.5933554380030074,-0.34375615516230484,0.20396958401255916,-1.2652905900362503,0.7750476981730274,0.282,Sin_clasificar
51,587207.621,517565,Diametro,Original,3.488888888888889,0.46744151406997425,-0.47635577417142694,-0.22266846431466655,-1.8472902905787492,0.6833988488325451,0.294,Sin_clasificar
52,587209.552,517567,Diametro,Original,3.2000000000000006,-0.3437561551623033,-0.43735588622756816,0.15034377788719058,-1.1944575925061809,0.7376760737859683,0.376,Sin_clasificar
53,587211.663,517569,Diametro,Original,3.0555555555555554,-0.7493549897784452,-0.10195684991037476,0.07640187422243135,-1.1046902093538644,0.6740288908198064,0.552,Sin_clasificar
54,587213.632,517570,Diametro,Original,3.377777777777778,0.15544241051909877,-0.10195684991037601,-0.015848418519002806,-1.0057957922214182,0.7954680922559378,0.786,Sin_clasificar
55,587215.742,517572,Diametro,Original,3.5222222222222217,0.5610412451352357,0.2646420967619055,0.14847513148249897,-0.9831212890917329,0.6921369436191396,0.374,Sin_clasificar
56,587217.533,517574,Diametro,Original,3.377777777777778,0.15544241051909877,0.5376413123689215,0.08357226158927691,-0.738419434983635,0.7442217683140333,0.46,Sin_clasificar
1,587212.895,517579,Diametro,Residual_ajustado,0.15092592592592663,0.5206714562990915,0.4616167719535091,0.2403506769051192,-0.8549678916417044,0.8262264594265072,0.318,Sin_clasificar
2,587211.104,517578,Diametro,Residual_ajustado,0.02037037037036949,0.0702746750833096,0.5742159672574545,0.04035284052666596,-1.0249157314047272,1.0814863886406005,0.768,Sin_clasificar
3,587208.994,517576,Diametro,Residual_ajustado,0.11162037037037037,0.3850732764224245,0.17377010566055398,0.06691422393098041,-0.7562596717129828,0.7510730195256518,0.638,Sin_clasificar
4,587207.025,517574,Diametro,Residual_ajustado,0.12912037037037036,0.4454456109258158,-0.1694178672605092,-0.07546644538360629,-0.6425572257028789,0.7102491182372567,0.604,Sin_clasificar
5,587204.915,517572,Diametro,Residual_ajustado,-0.07532407407407386,-0.2598565826376122,0.1300480776967892,-0.03379384904887831,-0.8859706683705235,0.6530005291480879,0.802,Sin_clasificar
6,587202.983,517570,Diametro,Residual_ajustado,0.264675925925926,0.9130916305711329,1.1005972409070628,1.00494612930192,-1.016934361351559,0.7219842483945156,0.04,Alto-Alto
7,587201.014,517569,Diametro,Residual_ajustado,-0.11106481481481462,-0.3831566943746971,1.2073269036898429,-0.4625953854474385,-1.0208441337877356,0.6783027557720696,0.136,Sin_clasificar
8,587198.948,517567,Diametro,Residual_ajustado,-0.32731481481481545,-1.1291862564523212,-0.07662335311640696,0.08652203726233987,-0.8259412194637172,0.6011219358086635,0.522,Sin_clasificar
9,587197.023,517566,Diametro,Residual_ajustado,0.04226851851851901,0.14581995079787544,-0.2173723472463377,-0.03169722498027966,-0.920825920320659,0.6365539999588149,0.842,Sin_clasificar
10,587194.69,517564,Diametro,Residual_ajustado,0.09532407407407466,0.3288535363557764,0.1509707650511395,0.04964726997340428,-0.759145557877409,0.7287062693937478,0.716,Sin_clasificar
11,587193.167,517562,Diametro,Residual_ajustado,-0.05134259259259291,-0.17712412424407775,0.03837156974719533,-0.00679653068734252,-0.8787324246331543,0.7914039583989599,0.992,Sin_clasificar
12,587191.101,517561,Diametro,Residual_ajustado,0.10740740740740759,0.37053919589383094,-0.257900071797226,-0.0955620852247054,-0.9411111974163437,0.638627625170956,0.556,Sin_clasificar
13,587189.132,517559,Diametro,Residual_ajustado,-0.08944444444444449,-0.3085697096840002,0.005230671838587039,-0.0016140268906850784,-0.9523474678114332,0.8855797617866592,0.914,Sin_clasificar
14,587187.054,517557,Diametro,Residual_ajustado,-0.11611111111111119,-0.40056564797488237,0.14949339972268308,-0.05988192052788465,-0.8876273519412683,0.7794151358174596,0.766,Sin_clasificar
15,587188.6,517555,Diametro,Residual_ajustado,0.43500000000000005,1.5006837433700129,-0.05174771528862121,-0.07765695509017373,-1.5033624463628241,0.9507903634731154,0.69,Sin_clasificar
16,587190.678,517557,Diametro,Residual_ajustado,-0.0761111111111113,-0.2625717405385597,0.5733375338189125,-0.1505422341709172,-0.7468493666502289,0.959744273499017,0.41,Sin_clasificar
17,587192.647,517559,Diametro,Residual_ajustado,0.09087962962962921,0.3135208799739593,0.04372202796376584,0.013707768681445921,-1.0208428819367148,0.7546424925555636,0.872,Sin_clasificar
18,587194.713,517560,Diametro,Residual_ajustado,-0.24912037037037052,-0.8594273332347854,0.3665862454203933,-0.31505423930220117,-0.9389439320897398,0.7814188534723585,0.192,Sin_clasificar
19,587196.236,517562,Diametro,Residual_ajustado,0.286435185185185,0.9881577607737615,-0.24097026370897207,-0.23811663619972065,-0.8420487604060218,0.6803474286610147,0.284,Sin_clasificar
20,587198.569,517564,Diametro,Residual_ajustado,-0.10231481481481455,-0.35297052712300125,-0.7076579923304269,0.24978241457567557,-0.9551110571229939,0.7824611635729454,0.27,Sin_clasificar
21,587200.494,517565,Diametro,Residual_ajustado,0.08226851851851803,0.2838138582341951,0.7745786488302167,0.21983615483033347,-0.7640691057997959,0.721265913256772,0.322,Sin_clasificar
22,587202.56,517567,Diametro,Residual_ajustado,1.435601851851852,4.952607726496459,-0.2526693999586377,-1.251372422484373,-0.9848164605405507,0.9206046647402318,0.036,Alto-Bajo
23,587204.529,517569,Diametro,Residual_ajustado,0.026898148148148136,0.09279451414410143,1.1456768478213013,0.10631252645972329,-1.0611289974647358,0.8233452503254479,0.544,Sin_clasificar
24,587206.461,517570,Diametro,Residual_ajustado,-0.26990740740740765,-0.9311394448538933,-0.42851580283756363,0.3990079667652894,-0.8840480487241055,0.6607625389347542,0.148,Sin_clasificar
25,587208.571,517572,Diametro,Residual_ajustado,-0.23087962962963018,-0.7964995560010931,-0.05633952644463351,0.04487440779846243,-0.8481742849161198,0.7098683179748664,0.73,Sin_clasificar
26,587210.54,517574,Diametro,Residual_ajustado,-0.0018518518518519551,-0.006388606825756047,-0.31280216170606384,0.001998370025386606,-1.0370631787521964,0.8411263891760595,0.988,Sin_clasificar
27,587212.65,517576,Diametro,Residual_ajustado,0.05384259259259251,0.18574874345884654,0.3637513011414643,0.06756634711854749,-0.9576295903793655,0.6972342194418729,0.666,Sin_clasificar
28,587214.441,517577,Diametro,Residual_ajustado,0.3493981481481481,1.2053703928494557,0.4562263849442796,0.5499217768485732,-0.9623611507175985,0.7909578763059659,0.096,Sin_clasificar
29,587215.987,517575,Diametro,Residual_ajustado,0.27037037037037065,0.9327365965603324,0.3984893507565116,0.3716856007901651,-0.9184661039812863,0.6838063743421459,0.196,Sin_clasificar
30,587214.196,517574,Diametro,Residual_ajustado,0.05384259259259293,0.18574874345884798,0.15017218919791936,0.027894295445977903,-0.7501353665300121,0.729577506686589,0.75,Sin_clasificar
31,587212.086,517572,Diametro,Residual_ajustado,-0.29726851851851865,-1.0255311107044334,-0.01836724462404732,0.01883618077987928,-1.4159734611351902,0.8069936478575837,0.804,Sin_clasificar
32,587210.117,517570,Diametro,Residual_ajustado,0.0773148148148146,0.2667243349752995,-0.660302444234513,-0.17611873032101527,-1.0370204997518209,0.7140748980384654,0.362,Sin_clasificar
33,587208.007,517569,Diametro,Residual_ajustado,-0.21754629629629638,-0.7505015868556505,-0.5835193759474605,0.437932217609588,-0.7915587074010046,0.7741959865214489,0.154,Sin_clasificar
34,587206.075,517567,Diametro,Residual_ajustado,-0.10199074074074034,-0.3518525209284935,-0.26013608418623957,0.0915295370053952,-0.9589112367940248,0.8543167993340033,0.514,Sin_clasificar
35,587204.105,517565,Diametro,Residual_ajustado,-0.29106481481481444,-1.00412927783815,0.8195384693664728,-0.8229225714055393,-1.1545055641250124,0.7936318272173583,0.078,Sin_clasificar
36,587202.04,517564,Diametro,Residual_ajustado,-0.10787037037037048,-0.3721363476002696,-0.9448350207366064,0.3516074537017457,-0.9332898031461525,0.8307471380307532,0.166,Sin_clasificar
37,587200.115,517562,Diametro,Residual_ajustado,-0.6177314814814818,-2.1310795219014573,-0.17736369700004279,0.37797614260552614,-1.002201432864748,0.82990770209037,0.192,Sin_clasificar
38,587197.782,517560,Diametro,Residual_ajustado,-0.2246759259259259,-0.7750977231348095,0.3089689976106097,-0.23948116656722798,-0.8736732638745882,0.889705697900827,0.292,Sin_clasificar
39,587196.259,517559,Diametro,Residual_ajustado,0.09907407407407423,0.3417904651779302,-0.24252748662275025,-0.08289358247122405,-0.7516573294396034,0.8057401891357714,0.642,Sin_clasificar
40,587194.193,517557,Diametro,Residual_ajustado,0.268518518518519,0.9263479897345774,0.5541317845489845,0.5133188646649858,-0.8930713736659281,0.9160267080528299,0.12,Sin_clasificar
41,587192.224,517555,Diametro,Residual_ajustado,0.22833333333333355,0.787715221615678,0.27423094799556347,0.21601589197420273,-0.8550588061263831,1.08425472644055,0.326,Sin_clasificar
42,587190.146,517554,Diametro,Residual_ajustado,-0.09611111111111116,-0.33156869425672075,0.06899695371816178,-0.022877229852022295,-0.8586759881999384,0.9436000140380317,0.95,Sin_clasificar
43,587191.692,517552,Diametro,Residual_ajustado,-0.507222222222222,-1.749839409574484,0.6803866269429817,-1.1905673335722817,-1.1411104217997612,0.7776253711724077,0.026,Bajo-Alto
44,587193.77,517553,Diametro,Residual_ajustado,0.22166666666666668,0.7647162370429568,-0.1300480776967891,-0.09944987661095864,-0.8414042302720373,0.7201943609877127,0.572,Sin_clasificar
45,587195.739,517555,Diametro,Residual_ajustado,0.2242129629629629,0.7735005714283705,0.5542116421343071,0.42868302188314206,-1.0335841250147482,1.0263066746808782,0.192,Sin_clasificar
46,587197.805,517557,Diametro,Residual_ajustado,-0.075925925925926,-0.26193287985598374,0.12701348945455546,-0.03326900907338933,-0.8191649180001345,0.9040386529714304,0.834,Sin_clasificar
47,587199.328,517558,Diametro,Residual_ajustado,0.048657407407407344,0.16786064434673068,-0.24085047733098958,-0.04042931631599756,-0.9412837959773059,0.7066044193558656,0.766,Sin_clasificar
48,587201.661,517560,Diametro,Residual_ajustado,-0.07773148148148148,-0.2681617715110953,-0.9165654355326374,0.24578781089827068,-0.7362160968851647,0.6168754162304628,0.26,Sin_clasificar
49,587203.586,517562,Diametro,Residual_ajustado,-0.2689814814814811,-0.9279451414410134,-0.6487230943628299,0.6019794435545681,-0.6993364809852689,0.6226971136917494,0.078,Sin_clasificar
50,587205.651,517563,Diametro,Residual_ajustado,-0.2755092592592596,-0.9504649805018047,-0.4207296882686731,0.3998888349568147,-1.1294427742565385,0.8056577334141826,0.17,Sin_clasificar
51,587207.621,517565,Diametro,Residual_ajustado,0.18009259259259244,0.6212920138047409,-0.9060641630628008,-0.5629304285055946,-0.9024495814725719,0.907664385002517,0.106,Sin_clasificar
52,587209.552,517567,Diametro,Residual_ajustado,-0.3819907407407404,-1.3178098729827548,0.01720930963687872,-0.022678598146696042,-0.8403506758325827,0.6488167862780666,0.858,Sin_clasificar
53,587211.663,517569,Diametro,Residual_ajustado,-0.01990740740740778,-0.06867752337687501,-0.6490425247041174,0.044574633162952994,-0.8599678394643353,0.8772500417071094,0.756,Sin_clasificar
54,587213.632,517570,Diametro,Residual_ajustado,-0.15060185185185151,-0.5195534501045808,-0.07993744290726928,0.04153177425500971,-0.8712259490158929,0.7228018206260808,0.78,Sin_clasificar
55,587215.742,517572,Diametro,Residual_ajustado,0.14717592592592535,0.5077345274769318,0.07350890728885262,0.03732301030765117,-0.6487443058257967,0.8264427292854479,0.806,Sin_clasificar
56,587217.533,517574,Diametro,Residual_ajustado,-0.08837962962962921,-0.3048962607591891,0.7078975650863919,-0.21583532059537555,-0.7408238107026872,0.7999962747967748,0.3,Sin_clasificar
1,587212.895,517579,Macollas,Original,8.666666666666666,1.2644717117979303,0.7986137127144828,1.0098244483813825,-1.1294089225318082,1.169879408922533,0.078,Sin_clasificar
2,587211.104,517578,Macollas,Original,8.333333333333334,1.031542712256207,0.8568459625999136,0.8838732082460955,-1.1315404050571753,1.1058380475922065,0.1,Sin_clasificar
3,587208.994,517576,Macollas,Original,7.333333333333333,0.33275571363103434,0.5656847131727588,0.18823482042196835,-1.0259351344822039,1.0795820583024638,0.472,Sin_clasificar
4,587207.025,517574,Macollas,Original,7.666666666666667,0.5656847131727588,0.3327557136310345,0.18823482042196843,-1.0774782573683361,0.9937414438717995,0.44,Sin_clasificar
5,587204.915,517572,Macollas,Original,8,0.7986137127144826,-0.2495667852232754,-0.19930745691737783,-0.9462951964889679,0.8618801840070869,0.408,Sin_clasificar
6,587202.983,517570,Macollas,Original,5.666666666666667,-0.8318892840775852,0.09982671408931053,-0.08304477371557432,-0.9420322314382343,0.7854374698019013,0.702,Sin_clasificar
7,587201.014,517569,Macollas,Original,6.666666666666667,-0.13310228545241326,-0.4824957847649994,0.06422129167337709,-1.1584745933322593,0.864011666532453,0.79,Sin_clasificar
8,587198.948,517567,Macollas,Original,5.666666666666667,-0.8318892840775852,-0.6571925344212923,0.5467114269608626,-0.9834992551135449,1.005077055483975,0.152,Sin_clasificar
9,587197.023,517566,Macollas,Original,4.666666666666667,-1.5306762827027574,-0.5407280346504304,0.8276795780318886,-1.0519004670639391,0.9092572274118216,0.084,Sin_clasificar
10,587194.69,517564,Macollas,Original,6.333333333333333,-0.3660312849941377,-0.8901215339630164,0.32581232887743583,-1.1631251006603316,0.8858109196327915,0.342,Sin_clasificar
11,587193.167,517562,Macollas,Original,6,-0.5989602845358615,-0.7154247843067235,0.42851103237236243,-1.1887028909647284,0.9232087493960376,0.222,Sin_clasificar
12,587191.101,517561,Macollas,Original,5.666666666666667,-0.8318892840775852,-0.42426353487956847,0.35294028829118984,-1.2309449991947177,0.8662400346271544,0.326,Sin_clasificar
13,587189.132,517559,Macollas,Original,7.666666666666667,0.5656847131727588,-0.42426353487956847,-0.23999939603800943,-1.0449247060718312,0.9327035351908524,0.478,Sin_clasificar
14,587187.054,517557,Macollas,Original,7.333333333333333,0.33275571363103434,0.27452346374560355,0.0913492510871317,-0.9643159123852473,1.0098244483813825,0.662,Sin_clasificar
15,587188.6,517555,Macollas,Original,7.333333333333333,0.33275571363103434,0.27452346374560355,0.0913492510871317,-1.1549867128362048,1.2065990397004354,0.632,Sin_clasificar
16,587190.678,517557,Macollas,Original,6.666666666666667,-0.13310228545241326,0.09982671408931057,-0.01328716379449186,-1.2100177162183925,0.8553888508616533,0.962,Sin_clasificar
17,587192.647,517559,Macollas,Original,5.333333333333333,-1.0648182836193096,-0.7154247843067234,0.7617973908842001,-1.2030419552262843,1.157187399339669,0.108,Sin_clasificar
18,587194.713,517560,Macollas,Original,6,-0.5989602845358615,-0.7154247843067235,0.42851103237236243,-1.0615890239974228,0.9284405701401199,0.228,Sin_clasificar
19,587196.236,517562,Macollas,Original,6,-0.5989602845358615,-0.7736570341921545,0.46338983733290356,-0.9420322314382346,0.9232087493960377,0.188,Sin_clasificar
20,587198.569,517564,Macollas,Original,5.666666666666667,-0.8318892840775852,-0.9483537838484474,0.7889253502979539,-1.0923986350459007,0.9545996738605254,0.098,Sin_clasificar
21,587200.494,517565,Macollas,Original,6.666666666666667,-0.13310228545241326,-0.6571925344212923,0.08747382831373778,-1.0875543565791586,0.6643305081333553,0.672,Sin_clasificar
22,587202.56,517567,Macollas,Original,7,0.09982671408931056,-0.13310228545241343,-0.013287163794491874,-1.171263488484458,1.0080805081333548,0.832,Sin_clasificar
23,587204.529,517569,Macollas,Original,6.333333333333333,-0.3660312849941377,-0.24956678522327547,0.09134925108713149,-1.0084957320019328,0.884066979384764,0.624,Sin_clasificar
24,587206.461,517570,Macollas,Original,6.333333333333333,-0.3660312849941377,-0.016637785681551512,0.0060899500724753645,-1.036398775970366,0.8840669793847642,0.956,Sin_clasificar
25,587208.571,517572,Macollas,Original,6.333333333333333,-0.3660312849941377,0.21629121386017264,-0.07916935094218083,-0.8959147004348527,1.0080805081333548,0.708,Sin_clasificar
26,587210.54,517574,Macollas,Original,7.666666666666667,0.5656847131727588,0.4492202134018966,0.2541170075696574,-1.2379207601868258,0.8383369906587209,0.366,Sin_clasificar
27,587212.65,517576,Macollas,Original,7,0.09982671408931056,1.1480072120270688,0.11460178772749272,-0.9550148977291029,1.0549731236914162,0.524,Sin_clasificar
28,587214.441,517577,Macollas,Original,9.333333333333334,1.730329710881379,1.0897749621416375,1.8856699951683054,-0.9001776654855858,0.9284405701401187,0.004,Alto-Alto
29,587215.987,517575,Macollas,Original,9.333333333333334,1.730329710881379,1.6720974609959476,2.893279916250606,-1.1982945623288772,0.9648695442100186,0.002,Alto-Alto
30,587214.196,517574,Macollas,Original,8.666666666666666,1.2644717117979303,1.5556329612250859,1.9670538734095677,-0.9782674343694638,0.9718453052021266,0.004,Alto-Alto
31,587212.086,517572,Macollas,Original,9.333333333333334,1.730329710881379,0.9733104623707755,1.6841480109518454,-1.3019621215171524,1.2224882730713498,0.018,Alto-Alto
32,587210.117,517570,Macollas,Original,7,0.09982671408931056,0.6239169630581896,0.06228358028668082,-1.105865729183444,1.0268763085843142,0.736,Sin_clasificar
33,587208.007,517569,Macollas,Original,6.666666666666667,-0.13310228545241326,0.09982671408931056,-0.013287163794491859,-1.0739903768722825,1.007208538009341,0.978,Sin_clasificar
34,587206.075,517567,Macollas,Original,7,0.09982671408931056,-0.24956678522327547,-0.024913432114672295,-1.1371597680785956,0.951111793364471,0.99,Sin_clasificar
35,587204.105,517565,Macollas,Original,7,0.09982671408931056,-0.7154247843067235,-0.07141850539539396,-1.0854228740537928,1.0268763085843144,0.728,Sin_clasificar
36,587202.04,517564,Macollas,Original,5.333333333333333,-1.0648182836193096,-0.30779903510870643,0.3277500402641324,-1.0102396722499596,1.0817135408278307,0.312,Sin_clasificar
37,587200.115,517562,Macollas,Original,5,-1.2977472831610335,-0.5989602845358614,0.7772990819777736,-0.9743920115960703,1.0455752234659386,0.112,Sin_clasificar
38,587197.782,517560,Macollas,Original,4.666666666666667,-1.5306762827027574,-0.9483537838484475,1.4516226445482359,-1.106737699307457,1.2118308604445174,0.034,Bajo-Bajo
39,587196.259,517559,Macollas,Original,6,-0.5989602845358615,-1.2395150332756024,0.7424202770172327,-0.9515270172330487,1.2381837353035923,0.12,Sin_clasificar
40,587194.193,517557,Macollas,Original,5,-1.2977472831610335,-0.5989602845358615,0.7772990819777739,-1.0572291733773551,0.9232087493960377,0.088,Sin_clasificar
41,587192.224,517555,Macollas,Original,7.666666666666667,0.5656847131727588,-0.1331022854524134,-0.07529392816878715,-1.129796464809148,1.009824448381382,0.668,Sin_clasificar
42,587190.146,517554,Macollas,Original,7.333333333333333,0.33275571363103434,0.3327557136310347,0.11072636495409904,-1.040661741021099,1.0481911338379775,0.63,Sin_clasificar
43,587191.692,517552,Macollas,Original,7.666666666666667,0.5656847131727588,0.44922021340189655,0.2541170075696573,-1.0519004670639391,1.0420873429698831,0.386,Sin_clasificar
44,587193.77,517553,Macollas,Original,7.666666666666667,0.5656847131727588,0.04159446420387958,0.023529352552746203,-1.0406617410210983,1.0578796907714612,0.85,Sin_clasificar
45,587195.739,517555,Macollas,Original,5,-1.2977472831610335,-0.4242635348795683,0.5505868497342561,-1.2195125020132072,0.823804155258496,0.196,Sin_clasificar
46,587197.805,517557,Macollas,Original,4.666666666666667,-1.5306762827027574,-1.1230505335047405,1.7190268159123847,-1.1336718875825413,1.0242603982122729,0.014,Bajo-Bajo
47,587199.328,517558,Macollas,Original,5.333333333333333,-1.0648182836193096,-1.0065860337338786,1.071831212755677,-1.040661741021099,1.0421842285392175,0.052,Bajo-Bajo
48,587201.661,517560,Macollas,Original,6.333333333333333,-0.3660312849941377,-0.9483537838484475,0.3471271541310999,-0.9643159123852468,1.0080805081333546,0.26,Sin_clasificar
49,587203.586,517562,Macollas,Original,7,0.09982671408931056,-0.8318892840775856,-0.08304477371557438,-0.8812849794652922,0.9030565509743935,0.704,Sin_clasificar
50,587205.651,517563,Macollas,Original,4,-1.9965342817862055,-0.3660312849941375,0.7307940086970522,-1.0987930826220003,1.0464471935899504,0.116,Sin_clasificar
51,587207.621,517565,Macollas,Original,6,-0.5989602845358615,-0.30779903510870643,0.18435939764857442,-1.0449247060718312,0.9788210661942349,0.52,Sin_clasificar
52,587209.552,517567,Macollas,Original,7.666666666666667,0.5656847131727588,0.15805896397474153,0.08941153970043508,-1.036398775970366,1.081713540827831,0.664,Sin_clasificar
53,587211.663,517569,Macollas,Original,8.666666666666666,1.2644717117979303,1.0897749621416377,1.3779896118537613,-1.1991665324528906,0.9648695442100184,0.018,Alto-Alto
54,587213.632,517570,Macollas,Original,9.666666666666666,1.9632587104231023,1.4391684614542235,2.8254600177162192,-1.135415827830569,1.1036096794975037,0.002,Alto-Alto
55,587215.742,517572,Macollas,Original,10.666666666666666,2.6620457090482743,1.4974007113396546,3.986149138347561,-1.2309449991947177,1.048191133837978,0.002,Alto-Alto
56,587217.533,517574,Macollas,Original,8.333333333333334,1.031542712256207,1.8467942106522408,1.9050471090352736,-0.9464889676276371,0.9797899218875828,0.008,Alto-Alto
1,587212.895,517579,Macollas,Residual_ajustado,0.2361111111111197,0.3070435194397935,-0.3912547199920166,-0.12013222622377973,-1.2122450956013344,0.8533545450002678,0.59,Sin_clasificar
2,587211.104,517578,Macollas,Residual_ajustado,-0.5138888888888848,-0.6682711893689327,-0.147426042789835,0.09852057695911821,-1.0008993949183036,0.9499707992514314,0.654,Sin_clasificar
3,587208.994,517576,Macollas,Residual_ajustado,-0.6076388888888917,-0.7901855279700317,-0.5991863974949858,0.47346841985703664,-0.9736611425734196,0.9203375887894063,0.23,Sin_clasificar
4,587207.025,517574,Macollas,Residual_ajustado,0.07569444444444559,0.09843454005569643,-0.1474260427898376,-0.014511814714249085,-0.896734130413958,1.0500366804921906,0.908,Sin_clasificar
5,587204.915,517572,Macollas,Residual_ajustado,0.609027777777779,0.7919916663196753,-0.8084726787601914,-0.6403036240252156,-0.8298546084636409,0.7885970423475657,0.104,Sin_clasificar
6,587202.983,517570,Macollas,Residual_ajustado,-1.1909722222222225,-1.5487636348212555,0.333232525509647,-0.5160984174489877,-1.1052848230024457,0.7233321042866239,0.154,Sin_clasificar
7,587201.014,517569,Macollas,Residual_ajustado,0.8368055555555567,1.088198355661583,-0.7362271447743614,-0.8011611683368823,-0.8547501784165837,0.770223338045636,0.056,Sin_clasificar
8,587198.948,517567,Macollas,Residual_ajustado,-0.6527777777777807,-0.8488850243335196,-0.05711912530754684,0.04848757007660626,-0.8903561351431667,0.7977730326059369,0.798,Sin_clasificar
9,587197.023,517566,Macollas,Residual_ajustado,-1.163194444444444,-1.5126408678283387,0.11423825061509503,-0.1728014465496086,-0.9609948199879346,0.8206607885946245,0.492,Sin_clasificar
10,587194.69,517564,Macollas,Residual_ajustado,0.8534722222222226,1.1098720158573314,0.06208600576907441,0.06890752037945252,-0.9358873539304592,0.8871645736729634,0.714,Sin_clasificar
11,587193.167,517562,Macollas,Residual_ajustado,0.7868055555555562,1.0231773750743343,0.5497433601734343,0.5624849682267988,-0.9217252707498522,0.7371423865162302,0.134,Sin_clasificar
12,587191.101,517561,Macollas,Residual_ajustado,0.5972222222222225,0.7766394903476851,0.5641924669706007,0.4381741500060504,-0.8925098583224795,0.9730705838689135,0.206,Sin_clasificar
13,587189.132,517559,Macollas,Residual_ajustado,0.7083333333333339,0.9211305583193478,-0.04312155309779295,-0.039720580280567415,-1.013539355369356,0.9056213197177733,0.836,Sin_clasificar
14,587187.054,517557,Macollas,Residual_ajustado,-0.4916666666666677,-0.6393729757746069,-0.010836830097874617,0.006928776307641919,-0.9290013523776811,0.9235849225865542,0.914,Sin_clasificar
15,587188.6,517555,Macollas,Residual_ajustado,-0.09166666666666747,-0.1192051310766224,-0.14087879127237102,0.016793474779539113,-0.9767763496790058,0.7870444798139034,0.854,Sin_clasificar
16,587190.678,517557,Macollas,Residual_ajustado,-0.29166666666666596,-0.37928905342561253,0.44814807800585865,-0.1699776603013497,-1.0614611997497654,0.9439884194922684,0.478,Sin_clasificar
17,587192.647,517559,Macollas,Residual_ajustado,0.0534722222222223,0.06953632646136258,-0.05215224484602149,-0.0036264755233058645,-1.149926008830303,0.9589536302974115,0.97,Sin_clasificar
18,587194.713,517560,Macollas,Residual_ajustado,0.1868055555555561,0.2429256080273579,0.6472748310543055,0.15723963189467252,-1.0399978247485797,0.8062683680483902,0.488,Sin_clasificar
19,587196.236,517562,Macollas,Residual_ajustado,0.3868055555555564,0.5030095303763504,0.5605801902713081,0.28197717824665586,-0.9019508665270457,1.134696014544974,0.332,Sin_clasificar
20,587198.569,517564,Macollas,Residual_ajustado,0.1805555555555559,0.23479798545395167,-0.8698813826481486,-0.20424639622968338,-1.0124576719353147,0.9298991023269731,0.462,Sin_clasificar
21,587200.494,517565,Macollas,Residual_ajustado,-0.02986111111111045,-0.03883197451738337,-0.38628783953049184,0.015000319541023136,-1.0520241876614773,0.8528205537683011,0.87,Sin_clasificar
22,587202.56,517567,Macollas,Residual_ajustado,0.10347222222222212,0.13455730704861038,0.298915896866377,0.040221318116359844,-1.0086478745777003,0.9527089544365638,0.762,Sin_clasificar
23,587204.529,517569,Macollas,Residual_ajustado,-0.5243055555555552,-0.681817226991281,-0.8644629675992109,0.5894057434051476,-1.0892904287602938,0.8582405413262187,0.134,Sin_clasificar
24,587206.461,517570,Macollas,Residual_ajustado,-0.8472222222222227,-1.1017443932839255,-0.35671232405504094,0.3930058030429201,-0.7369751816713044,0.82725704113464,0.248,Sin_clasificar
25,587208.571,517572,Macollas,Residual_ajustado,-0.5243055555555561,-0.6818172269912821,-0.3411343807893474,0.23259129754118094,-1.05821629216607,0.8366221842949518,0.414,Sin_clasificar
26,587210.54,517574,Macollas,Residual_ajustado,0.06944444444444381,0.09030691748228811,-0.7414197925295934,-0.06695533602370517,-0.9216802838591929,0.9716341431733593,0.72,Sin_clasificar
27,587212.65,517576,Macollas,Residual_ajustado,-1.4743055555555564,-1.9172158581489949,0.5440991778307914,-1.0431555721430232,-1.0839327887716703,0.9562655285075067,0.056,Sin_clasificar
28,587214.441,517577,Macollas,Residual_ajustado,1.3923611111111112,1.8106536955198929,0.1810653695519913,0.3278466805099881,-1.121764724984164,0.8711466206942781,0.322,Sin_clasificar
29,587215.987,517575,Macollas,Residual_ajustado,1.0694444444444442,1.390726529227249,1.312159511017657,1.8248550425501102,-0.9650655576220691,0.9960208607278578,0.01,Alto-Alto
30,587214.196,517574,Macollas,Residual_ajustado,0.7256944444444431,0.9437072876899174,0.6219888941592638,0.58697545228029,-1.0108448414438909,1.0392746398379704,0.152,Sin_clasificar
31,587212.086,517572,Macollas,Residual_ajustado,0.3256944444444445,0.42353944299193513,0.42489404675416736,0.1799593878928493,-1.0626543360901337,1.0758963033032982,0.458,Sin_clasificar
32,587210.117,517570,Macollas,Residual_ajustado,-0.34722222222222543,-0.45153458741144875,0.015126408678282632,-0.006830096701565307,-0.9712273548468241,0.773034616042174,0.996,Sin_clasificar
33,587208.007,517569,Macollas,Residual_ajustado,-0.6576388888888888,-0.855206508557276,-0.7075546984737349,0.605105383295019,-0.8496453539476582,1.0693859570691076,0.142,Sin_clasificar
34,587206.075,517567,Macollas,Residual_ajustado,-0.7243055555555554,-0.9419011493402732,-0.34429512290122655,0.3242919719729159,-1.1513792189423957,0.8437703800076746,0.286,Sin_clasificar
35,587204.105,517565,Macollas,Residual_ajustado,0.6368055555555554,0.8281144333125892,-1.3015484482134891,-1.0778310556211934,-1.233115291995253,0.8509528791165198,0.056,Sin_clasificar
36,587202.04,517564,Macollas,Residual_ajustado,-0.819444444444445,-1.0656216262910099,0.013320270328637487,-0.014194368130238564,-1.1411345835987516,1.1696022737382654,0.976,Sin_clasificar
37,587200.115,517562,Macollas,Residual_ajustado,-0.8298611111111112,-1.0791676639133527,-0.20544823727220715,0.22171309427216399,-0.8921304821303168,0.990911224608722,0.432,Sin_clasificar
38,587197.782,517560,Macollas,Residual_ajustado,-0.07986111111111047,-0.1038529551046314,0.6506613404598917,-0.06757310297910041,-1.0421346867637926,1.0109435108557956,0.694,Sin_clasificar
39,587196.259,517559,Macollas,Residual_ajustado,0.7638888888888863,0.9933760923051748,-0.09166152124452275,-0.09105436378863177,-1.0568936286485513,0.8569241676141639,0.678,Sin_clasificar
40,587194.193,517557,Macollas,Residual_ajustado,-0.6527777777777782,-0.8488850243335164,0.5784158064740599,-0.4910085159536228,-1.05176460321012,1.0326779693368147,0.234,Sin_clasificar
41,587192.224,517555,Macollas,Residual_ajustado,0.7083333333333331,0.9211305583193468,-0.3666460849780931,-0.33772891296147356,-0.8762255621549557,1.0460017855744816,0.332,Sin_clasificar
42,587190.146,517554,Macollas,Residual_ajustado,-0.3583333333333337,-0.46598369420861135,-0.010836830097874811,0.005049786122518772,-1.0945196119600569,0.9001320831346401,0.89,Sin_clasificar
43,587191.692,517552,Macollas,Residual_ajustado,-0.3583333333333335,-0.4659836942086111,0.1408787912723702,-0.0656472195927429,-0.956745164402744,0.9040373081567621,0.784,Sin_clasificar
44,587193.77,517553,Macollas,Residual_ajustado,0.17499999999999988,0.22757343205536792,0.07969585467811996,0.01813665916968561,-0.9299985363019372,0.9895771640044659,0.86,Sin_clasificar
45,587195.739,517555,Macollas,Residual_ajustado,0.25347222222222293,0.3296202488103555,0.16074631311847432,0.052985239725458814,-1.138896136637815,0.8870121197980805,0.812,Sin_clasificar
46,587197.805,517557,Macollas,Residual_ajustado,0.26388888888888967,0.3431662864326989,0.4955592096840604,0.17005921369480217,-1.2419858036301055,0.9398503595318408,0.52,Sin_clasificar
47,587199.328,517558,Macollas,Residual_ajustado,0.5868055555555566,0.7630934527253427,0.3201380224747138,0.2442952289188927,-0.8915861641998968,1.0369708074438406,0.388,Sin_clasificar
48,587201.661,517560,Macollas,Residual_ajustado,0.03680555555555545,0.047862666265613,-0.01919021996498614,-9.184950937478353e-4,-0.9832511080511296,1.0001504799120644,0.992,Sin_clasificar
49,587203.586,517562,Macollas,Residual_ajustado,0.2638888888888881,0.3431662864326969,-0.8807182127460228,-0.30223279846169454,-0.9052724241064125,0.8636353900506062,0.322,Sin_clasificar
50,587205.651,517563,Macollas,Residual_ajustado,-2.563194444444444,-3.3332283242712837,-0.14065302397866553,0.46882864342009595,-1.1215010118922635,0.9027718033738794,0.214,Sin_clasificar
51,587207.621,517565,Macollas,Residual_ajustado,-0.5138888888888892,-0.6682711893689384,-0.9455134260395648,0.6318593817837597,-1.0561050277222224,0.9500531987613385,0.128,Sin_clasificar
52,587209.552,517567,Macollas,Residual_ajustado,-0.25763888888888875,-0.3350386638592917,-0.20025558951697736,0.06709336514212288,-0.8629015726163274,0.9334769924161288,0.722,Sin_clasificar
53,587211.663,517569,Macollas,Residual_ajustado,0.902777777777776,1.1739899272697536,0.18851569024427683,0.22131552147908595,-1.0290375277948791,1.0128338165742579,0.438,Sin_clasificar
54,587213.632,517570,Macollas,Residual_ajustado,0.8590277777777768,1.1170965692559127,0.9342250613542764,1.0436196109517568,-0.9092274272810633,0.8838527311415931,0.04,Alto-Alto
55,587215.742,517572,Macollas,Residual_ajustado,1.9923611111111086,2.590905462566866,0.8387254961167575,2.1730584694830117,-0.9398755901129393,1.0290841967242819,0.008,Alto-Alto
56,587217.533,517574,Macollas,Residual_ajustado,-0.07430555555555564,-0.09662840170604924,1.6839982437509813,-0.16272205876945123,-0.8573895316655497,0.8952309178775137,0.506,Sin_clasificar
1,587212.895,517579,NDVI,Original,0.7,0.2467549651558777,0.3747019841255932,0.09245957503674898,-0.9049679273018825,0.8689446077776297,0.676,Sin_clasificar
2,587211.104,517578,NDVI,Original,0.69,-0.26503311072298436,0.5026490030953087,-0.13321862889215666,-1.1493552051316323,0.8361452625952166,0.646,Sin_clasificar
3,587208.994,517576,NDVI,Original,0.7,0.2467549651558777,-0.00913907278355186,-0.0022551115862623696,-1.1493552051316334,1.1261359080582654,0.974,Sin_clasificar
4,587207.025,517574,NDVI,Original,0.66,-1.8003973383595648,-0.3929801296926971,0.7075203795269284,-1.135323399705999,1.1682313243351616,0.124,Sin_clasificar
5,587204.915,517572,NDVI,Original,0.68,-0.7768211866018407,-1.2886092624807042,1.0010189763463835,-1.030844915140986,0.963600828544701,0.05,Bajo-Bajo
6,587202.983,517570,NDVI,Original,0.65,-2.312185414238427,-0.009139072783551916,0.02113123078979212,-1.0684969263664303,0.9841808098356273,0.918,Sin_clasificar
7,587201.014,517569,NDVI,Original,0.7,0.2467549651558777,-0.5209271486624141,-0.1285413604169447,-1.035054456768676,0.9357126152612587,0.586,Sin_clasificar
8,587198.948,517567,NDVI,Original,0.69,-0.26503311072298436,0.11880794618616364,-0.031488039556327875,-0.8876035680876646,0.952024589068556,0.916,Sin_clasificar
9,587197.023,517566,NDVI,Original,0.66,-1.8003973383595648,0.3747019841255932,-0.6746124548977659,-1.142339302418815,0.9841808098356284,0.14,Sin_clasificar
10,587194.69,517564,NDVI,Original,0.69,-0.26503311072298436,-0.13708609175326741,0.036332353334224916,-1.1493552051316334,1.1480021381798744,0.854,Sin_clasificar
11,587193.167,517562,NDVI,Original,0.7,0.2467549651558777,0.1188079461861622,0.029316450621407843,-1.1391821461980478,1.1261359080582656,0.878,Sin_clasificar
12,587191.101,517561,NDVI,Original,0.69,-0.26503311072298436,-0.009139072783551888,0.0024221568889485202,-1.1391821461980478,0.9636008285447011,0.928,Sin_clasificar
13,587189.132,517559,NDVI,Original,0.67,-1.2886092624807028,0.5026490030953087,-0.6477181611653062,-1.142339302418815,0.786858546037686,0.124,Sin_clasificar
14,587187.054,517557,NDVI,Original,0.72,1.2703311169136018,0.2467549651558791,0.3134605104904448,-1.1391821461980478,0.963600828544701,0.32,Sin_clasificar
15,587188.6,517555,NDVI,Original,0.72,1.2703311169136018,0.6305960220650242,0.8010657490311365,-1.1353233997060004,1.0010189763463861,0.11,Sin_clasificar
16,587190.678,517557,NDVI,Original,0.71,0.7585430410347398,0.11880794618616358,0.09012094079914423,-1.135323399705999,1.1261359080582654,0.724,Sin_clasificar
17,587192.647,517559,NDVI,Original,0.7,0.2467549651558777,0.5026490030953088,0.12403113724441958,-0.9448416410530522,0.9841808098356273,0.606,Sin_clasificar
18,587194.713,517560,NDVI,Original,0.71,0.7585430410347398,0.11880794618616218,0.09012094079914318,-1.135323399705999,0.9636008285447011,0.752,Sin_clasificar
19,587196.236,517562,NDVI,Original,0.7,0.2467549651558777,-0.26503311072298297,-0.06539823600160354,-0.9868201256180693,0.9520245890685561,0.826,Sin_clasificar
20,587198.569,517564,NDVI,Original,0.71,0.7585430410347398,-0.5209271486624125,-0.39514566350394237,-1.3656788721101156,0.9247210343445158,0.27,Sin_clasificar
21,587200.494,517565,NDVI,Original,0.72,1.2703311169136018,0.24675496515587772,0.31346051049044305,-0.9826105839903778,0.9378758519310448,0.388,Sin_clasificar
22,587202.56,517567,NDVI,Original,0.7,0.2467549651558777,0.5026490030953087,0.12403113724441955,-1.149355205131632,0.9086429239609796,0.678,Sin_clasificar
23,587204.529,517569,NDVI,Original,0.7,0.2467549651558777,-0.9047682055715591,-0.22325604703995605,-1.1430408926900972,1.0010189763463861,0.448,Sin_clasificar
24,587206.461,517570,NDVI,Original,0.67,-1.2886092624807028,-0.7768211866018422,1.0010189763463844,-1.1391821461980478,0.6719146732593877,0.044,Bajo-Bajo
25,587208.571,517572,NDVI,Original,0.66,-1.8003973383595648,-0.9047682055715578,1.6289422691433924,-1.142339302418815,1.0698332887879212,0.014,Bajo-Bajo
26,587210.54,517574,NDVI,Original,0.71,0.7585430410347398,-0.13708609175326741,-0.10398570092209083,-1.1353233997060004,0.9636008285447011,0.686,Sin_clasificar
27,587212.65,517576,NDVI,Original,0.72,1.2703311169136018,-0.13708609175326741,-0.1741447280502487,-1.1493552051316323,1.0698332887879212,0.604,Sin_clasificar
28,587214.441,517577,NDVI,Original,0.7,0.2467549651558777,0.5026490030953101,0.12403113724441991,-1.135323399705999,0.8920970867299233,0.632,Sin_clasificar
29,587215.987,517575,NDVI,Original,0.73,1.7821191927924638,0.24675496515587914,0.43974675932112783,-1.1391821461980483,0.9378758519310451,0.29,Sin_clasificar
30,587214.196,517574,NDVI,Original,0.67,-1.2886092624807028,0.8864900600044552,-1.142339302418815,-1.1353233997060004,0.9636008285447011,0.042,Bajo-Alto
31,587212.086,517572,NDVI,Original,0.69,-0.26503311072298436,-0.13708609175326603,0.03633235333422455,-0.9868201256180686,0.9636008285447011,0.828,Sin_clasificar
32,587210.117,517570,NDVI,Original,0.67,-1.2886092624807028,-0.7768211866018435,1.001018976346386,-0.9826105839903783,1.2507851129226268,0.06,Sin_clasificar
33,587208.007,517569,NDVI,Original,0.68,-0.7768211866018407,-1.0327152245412732,0.8022350661499382,-1.008744821595617,0.952024589068556,0.088,Sin_clasificar
34,587206.075,517567,NDVI,Original,0.69,-0.26503311072298436,-0.2650331107229815,0.07024254977950094,-0.9868201256180693,1.0010189763463861,0.768,Sin_clasificar
35,587204.105,517565,NDVI,Original,0.7,0.2467549651558777,-0.13708609175326741,-0.033826673793932956,-0.9774655886676467,0.9636008285447011,0.87,Sin_clasificar
36,587202.04,517564,NDVI,Original,0.7,0.2467549651558777,0.37470198412559463,0.09245957503674934,-1.142339302418815,1.0010189763463853,0.72,Sin_clasificar
37,587200.115,517562,NDVI,Original,0.67,-1.2886092624807028,0.8864900600044552,-1.142339302418815,-1.135323399705999,0.8361452625952184,0.036,Bajo-Alto
38,587197.782,517560,NDVI,Original,0.67,-1.2886092624807028,0.37470198412559325,-0.48284444741413673,-1.1079613791260177,0.9247210343445145,0.252,Sin_clasificar
39,587196.259,517559,NDVI,Original,0.69,-0.26503311072298436,0.24675496515587914,-0.06539823600160426,-0.824285046104505,0.9841808098356284,0.75,Sin_clasificar
40,587194.193,517557,NDVI,Original,0.71,0.7585430410347398,-0.26503311072298297,-0.2010390217827084,-0.9826105839903778,0.9841808098356273,0.488,Sin_clasificar
41,587192.224,517555,NDVI,Original,0.7,0.2467549651558777,0.6305960220650242,0.15560269945209013,-1.1079613791260179,0.8361452625952166,0.554,Sin_clasificar
42,587190.146,517554,NDVI,Original,0.7,0.2467549651558777,0.8864900600044552,0.21874582386743127,-1.1461980489108643,1.1237972738206596,0.442,Sin_clasificar
43,587191.692,517552,NDVI,Original,0.72,1.2703311169136018,0.6305960220650242,0.8010657490311365,-1.1391821461980478,0.9388697714820269,0.088,Sin_clasificar
44,587193.77,517553,NDVI,Original,0.71,0.7585430410347398,0.11880794618616358,0.09012094079914423,-1.1500567954029144,0.952024589068556,0.742,Sin_clasificar
45,587195.739,517555,NDVI,Original,0.67,-1.2886092624807028,0.6305960220650243,-0.812591874916476,-1.04148570092209,1.0698332887879205,0.12,Sin_clasificar
46,587197.805,517557,NDVI,Original,0.71,0.7585430410347398,-0.5209271486624125,-0.39514566350394237,-0.9448416410530532,1.1261359080582654,0.27,Sin_clasificar
47,587199.328,517558,NDVI,Original,0.71,0.7585430410347398,0.11880794618616358,0.09012094079914423,-0.9868201256180695,0.9520245890685572,0.744,Sin_clasificar
48,587201.661,517560,NDVI,Original,0.72,1.2703311169136018,-0.13708609175326603,-0.17414472805024692,-1.135323399705999,1.0748613523987722,0.538,Sin_clasificar
49,587203.586,517562,NDVI,Original,0.72,1.2703311169136018,0.2467549651558791,0.3134605104904448,-0.9774655886676455,0.9388697714820284,0.336,Sin_clasificar
50,587205.651,517563,NDVI,Original,0.68,-0.7768211866018407,0.2467549651558791,-0.19168448483228587,-1.1353233997060004,0.8826256180676195,0.492,Sin_clasificar
51,587207.621,517565,NDVI,Original,0.68,-0.7768211866018407,-0.5209271486624125,0.40466724575704877,-0.9868201256180694,0.8689446077776319,0.286,Sin_clasificar
52,587209.552,517567,NDVI,Original,0.67,-1.2886092624807028,-0.7768211866018422,1.0010189763463844,-0.9868201256180686,0.9378758519310448,0.044,Bajo-Bajo
53,587211.663,517569,NDVI,Original,0.69,-0.26503311072298436,-0.3929801296926971,0.10415274622477734,-0.8474375250567971,0.9636008285447011,0.712,Sin_clasificar
54,587213.632,517570,NDVI,Original,0.72,1.2703311169136018,-0.26503311072298297,-0.3366798075638132,-1.142339302418815,1.1658926900975537,0.326,Sin_clasificar
55,587215.742,517572,NDVI,Original,0.71,0.7585430410347398,0.7585430410347411,0.575387545102232,-0.9049679273018825,0.8689446077776296,0.154,Sin_clasificar
56,587217.533,517574,NDVI,Original,0.72,1.2703311169136018,0.37470198412559463,0.4759955900040093,-1.1461980489108643,0.963600828544702,0.24,Sin_clasificar
1,587212.895,517579,NDVI,Residual_ajustado,0.007916666666666088,0.714173777266248,0.3194987950928201,0.2281776613234543,-0.9645875077065347,1.052101058364174,0.442,Sin_clasificar
2,587211.104,517578,NDVI,Residual_ajustado,-0.017083333333333336,-1.5411118351535953,0.883320198197781,-1.3612952116728196,-1.1192785398684717,0.9659438578914943,0.018,Bajo-Alto
3,587208.994,517576,NDVI,Residual_ajustado,-0.005583333333333284,-0.5036804534404388,-0.25935784542828766,0.13063347718865514,-0.9486369708179174,0.8993626053226477,0.652,Sin_clasificar
4,587207.025,517574,NDVI,Residual_ajustado,-0.013750000000000017,-1.240407086830944,-0.04886452160242899,0.06061189889025668,-1.1280806874229292,1.0627851418002368,0.732,Sin_clasificar
5,587204.915,517572,NDVI,Residual_ajustado,-0.007749999999999934,-0.6991385398501616,-0.7555206801606658,0.5282136251541288,-0.8851075061652345,0.7803082614056702,0.158,Sin_clasificar
6,587202.983,517570,NDVI,Residual_ajustado,-0.01375000000000003,-1.2404070868309451,-0.36084569798718263,0.44759556103576026,-1.1435974748253237,1.0115299398890263,0.262,Sin_clasificar
7,587201.014,517569,NDVI,Residual_ajustado,-0.012250000000000006,-1.1050899500857492,-0.4172278382976778,0.4610742909987658,-0.9919087803123738,0.8961554022811329,0.24,Sin_clasificar
8,587198.948,517567,NDVI,Residual_ajustado,-0.008749999999999812,-0.7893499643469464,-0.6427563995396696,0.5073597410604098,-1.0890792617139362,0.8741549784217035,0.24,Sin_clasificar
9,587197.023,517566,NDVI,Residual_ajustado,-0.014249999999999987,-1.2855127990793391,-0.026311665478228885,0.03382398273735723,-1.0815727111590654,0.9849200446979061,0.838,Sin_clasificar
10,587194.69,517564,NDVI,Residual_ajustado,0.009583333333333265,0.8645261514276203,-0.469851169254147,-0.4061986230990552,-1.006284679408135,1.1726092401356354,0.276,Sin_clasificar
11,587193.167,517562,NDVI,Residual_ajustado,-4.166666666667294e-4,-0.037588093540337285,0.7179325866203277,-0.026985717221541177,-1.010964793978629,1.015365867755857,0.874,Sin_clasificar
12,587191.101,517561,NDVI,Residual_ajustado,-0.002916666666666742,-0.26311665478232793,0.377760340080329,-0.09939503699137073,-0.9224664765721315,0.8735170699753376,0.636,Sin_clasificar
13,587189.132,517559,NDVI,Residual_ajustado,-0.00799999999999998,-0.7216913959743646,-0.12028189932906386,0.08680641183724008,-0.935792617139335,0.8555602651048126,0.712,Sin_clasificar
14,587187.054,517557,NDVI,Residual_ajustado,-0.001999999999999988,-0.18042284899359057,-0.3157399857387853,0.056966707768187304,-1.1826313964241657,1.013409756473484,0.766,Sin_clasificar
15,587188.6,517555,NDVI,Residual_ajustado,-3.469446951953614e-18,-3.5210672072077705e-16,0.04510571224839724,-1.588202442555814e-17,-1.0854969430743908,1.0492873381627517,0.982,Sin_clasificar
16,587190.678,517557,NDVI,Residual_ajustado,-0.005999999999999996,-0.5412685469807745,0.17102582560850713,-0.09257090012330399,-0.8585399969173879,0.9971271963625133,0.634,Sin_clasificar
17,587192.647,517559,NDVI,Residual_ajustado,0.00558333333333327,0.5036804534404375,0.5130774768255234,0.2584270961775552,-0.9662327887381879,0.9744634324907545,0.438,Sin_clasificar
18,587194.713,517560,NDVI,Residual_ajustado,0.019583333333333286,1.7666403963955803,0.22176975188795572,0.3917874023838876,-1.0028160963830672,1.262292244656811,0.322,Sin_clasificar
19,587196.236,517562,NDVI,Residual_ajustado,-0.0024166666666667084,-0.21801094253392703,0.80814401111713,-0.1761842375667939,-0.9173589704068945,0.8775126515618581,0.548,Sin_clasificar
20,587198.569,517564,NDVI,Residual_ajustado,-0.0037500000000000033,-0.33829284186298464,-0.8457321046574544,0.2861051171393334,-1.0946275816892745,1.0026910578503878,0.36,Sin_clasificar
21,587200.494,517565,NDVI,Residual_ajustado,0.0017500000000000276,0.15786999286939513,-0.6202035434154672,-0.0979115289765734,-1.0543185496300853,0.7883149660912472,0.714,Sin_clasificar
22,587202.56,517567,NDVI,Residual_ajustado,-0.006250000000000002,-0.563821403104974,-0.23680498930408939,0.13351572133169004,-0.8327220124332153,0.9994605425400733,0.594,Sin_clasificar
23,587204.529,517569,NDVI,Residual_ajustado,0.01024999999999997,0.9246671010921543,-0.9472199572163567,-0.8758631319358829,-0.9850104680435692,0.9926575986436528,0.076,Sin_clasificar
24,587206.461,517570,NDVI,Residual_ajustado,-0.01624999999999996,-1.4659356480729282,-0.06765856837259576,0.0991831072749677,-0.9208770036991378,0.9892518881011099,0.7,Sin_clasificar
25,587208.571,517572,NDVI,Residual_ajustado,0.008249999999999967,0.7442442520985625,-0.7517618708066255,-0.5594944512946931,-1.143615135635011,0.8500818819358712,0.186,Sin_clasificar
26,587210.54,517574,NDVI,Residual_ajustado,0.002916666666666676,0.26311665478232193,0.21425213317989109,0.056373304562269466,-1.1097911528976643,0.9611040896013174,0.78,Sin_clasificar
27,587212.65,517576,NDVI,Residual_ajustado,0.016416666666666694,1.480970885489067,0.195458086409725,0.289467735306209,-1.100409730785041,0.9548987875051413,0.414,Sin_clasificar
28,587214.441,517577,NDVI,Residual_ajustado,0.020416666666666663,1.8418165834762474,1.2328894681228653,2.2707562679819038,-1.036459938861488,1.0991275560008233,0.006,Alto-Alto
29,587215.987,517575,NDVI,Residual_ajustado,0.027916666666666704,2.51840226720222,1.2103366119986787,3.048114467735326,-1.2335687037607908,0.8718788532675708,0.002,Alto-Alto
30,587214.196,517574,NDVI,Residual_ajustado,0.0024166666666666967,0.2180109425339259,1.2441658961849773,0.2712417796958535,-0.9493921470406959,0.9559584360871396,0.452,Sin_clasificar
31,587212.086,517572,NDVI,Residual_ajustado,-0.009583333333333333,-0.8645261514276265,0.16914642093149956,-0.14623150431566664,-1.002749691738596,1.004589241676941,0.658,Sin_clasificar
32,587210.117,517570,NDVI,Residual_ajustado,-0.006249999999999753,-0.5638214031049517,-0.3683633166952496,0.20769112207150928,-0.9602323520345317,0.930837700369904,0.468,Sin_clasificar
33,587208.007,517569,NDVI,Residual_ajustado,-0.013749999999999955,-1.2404070868309383,-0.9472199572163494,1.174938347718858,-1.0121233430949463,1.1359185547677813,0.034,Bajo-Bajo
34,587206.075,517567,NDVI,Residual_ajustado,-0.0057500000000000355,-0.5187156908565792,-0.5638214031049726,0.29246300863132174,-0.9467868243937566,0.920050477805183,0.372,Sin_clasificar
35,587204.105,517565,NDVI,Residual_ajustado,-0.010250000000000009,-0.9246671010921579,-0.8344556765953606,0.7715937114673272,-0.8503644548910857,0.9985068588162693,0.094,Sin_clasificar
36,587202.04,517564,NDVI,Residual_ajustado,-0.008750000000000008,-0.789349964346964,-0.41722783829767784,0.3293387792848329,-0.9355531365597891,1.003409499588991,0.35,Sin_clasificar
37,587200.115,517562,NDVI,Residual_ajustado,-0.01624999999999995,-1.4659356480729273,-0.15786999286939216,0.2314272503082608,-0.9864515901150865,0.8103379957870905,0.464,Sin_clasificar
38,587197.782,517560,NDVI,Residual_ajustado,-4.166666666666496e-4,-0.03758809354033009,0.6841033024340353,-0.025714138923139243,-0.9798845946362509,0.8135579146115974,0.978,Sin_clasificar
39,587196.259,517559,NDVI,Residual_ajustado,0.007083333333333473,0.6389975901856496,0.9772904320486192,0.62448623099056,-1.062753352342783,0.9271755548705285,0.162,Sin_clasificar
40,587194.193,517557,NDVI,Residual_ajustado,0.01208333333333333,1.0900547126696156,0.7724353222538145,0.8419967632552438,-0.9484914457459862,1.0434995376078964,0.072,Sin_clasificar
41,587192.224,517555,NDVI,Residual_ajustado,0.009999999999999976,0.9021142449679559,0.04698511692541374,0.042385943279900744,-1.1568960645293962,0.8295374152281143,0.828,Sin_clasificar
42,587190.146,517554,NDVI,Residual_ajustado,-1.929879867024198e-17,-1.780095088088373e-15,0.3157399857387849,-5.62047197726704e-16,-0.9927247097205115,0.9133040484997867,0.992,Sin_clasificar
43,587191.692,517552,NDVI,Residual_ajustado,0.010000000000000005,0.9021142449679586,0.13531713674519236,0.12207151664611521,-0.9741561344019751,0.9342667231812583,0.668,Sin_clasificar
44,587193.77,517553,NDVI,Residual_ajustado,-0.004000000000000012,-0.36084569798718436,0.7122943725892819,-0.25702836004932295,-0.9542389796547501,1.0764037453760833,0.438,Sin_clasificar
45,587195.739,517555,NDVI,Residual_ajustado,0.011583333333333298,1.044949000421215,0.6803444930799996,0.7109252979860238,-1.0181379084463626,1.0479712546239248,0.116,Sin_clasificar
46,587197.805,517557,NDVI,Residual_ajustado,0.01208333333333328,1.0900547126696112,0.7179325866203354,0.7825857994245805,-1.1949551094328013,1.1494008168927237,0.12,Sin_clasificar
47,587199.328,517558,NDVI,Residual_ajustado,0.013583333333333305,1.2253718494148071,0.5074392627944788,0.6218017879161568,-0.9619843043567593,0.8877311960542525,0.132,Sin_clasificar
48,587201.661,517560,NDVI,Residual_ajustado,0.0037500000000000077,0.3382928418629849,0.07141737772663206,0.0241599876695446,-1.1044434597205048,1.06092863748459,0.84,Sin_clasificar
49,587203.586,517562,NDVI,Residual_ajustado,0.006250000000000052,0.5638214031049785,-0.7104149679122655,-0.40054716399507184,-0.9870096717016079,1.0344289457459919,0.288,Sin_clasificar
50,587205.651,517563,NDVI,Residual_ajustado,-0.016249999999999924,-1.465935648072925,-0.541268546980773,0.79346485819975,-1.0439481221742724,1.0229423551171415,0.108,Sin_clasificar
51,587207.621,517565,NDVI,Residual_ajustado,-0.011249999999999953,-1.0148785255889485,-1.0374313817131502,1.0528668310727476,-1.0980926325524076,0.9812790921701614,0.052,Bajo-Bajo
52,587209.552,517567,NDVI,Residual_ajustado,-0.013749999999999958,-1.2404070868309387,-0.7329678240364585,0.9091784833538756,-1.235829993834776,0.9101427635635007,0.072,Sin_clasificar
53,587211.663,517569,NDVI,Residual_ajustado,-0.0012500000000000148,-0.11276428062099614,-0.4773687879622037,0.053830147965474744,-0.8800275508631334,1.1028504546855757,0.804,Sin_clasificar
54,587213.632,517570,NDVI,Residual_ajustado,0.008416666666666711,0.759279489514702,0.0751761870806687,0.05707973695027187,-0.988401343505963,0.9004151895807709,0.778,Sin_clasificar
55,587215.742,517572,NDVI,Residual_ajustado,0.02041666666666668,1.841816583476249,1.108848759439785,2.042296033703262,-1.007715204993829,0.92335658138101,0.008,Alto-Alto
56,587217.533,517574,NDVI,Residual_ajustado,0.010416666666666689,0.9397023385082917,1.6050115941721608,1.5082331483765006,-1.0028648402178395,0.8736421085080198,0.008,Alto-Alto
1,587212.895,517579,Nitratos,Original,4900,0.08048615086133418,-0.20121537715333593,-0.016195051201183648,-1.0311897704707396,0.8416059504341399,0.916,Sin_clasificar
2,587211.104,517578,Nitratos,Original,5500,0.6951076665297052,-0.35487075607042873,-0.24667338317174795,-0.9768961959272672,1.03200353833275,0.398,Sin_clasificar
3,587208.994,517576,Nitratos,Original,5400,0.5926707472516434,0.2341415297784269,0.13876883541642318,-1.1971435385274305,0.8082334374878327,0.606,Sin_clasificar
4,587207.025,517574,Nitratos,Original,6100,1.3097291821980763,0.38779690869551964,0.507908928084725,-0.9406005431608456,0.8730765486897952,0.214,Sin_clasificar
5,587204.915,517572,Nitratos,Original,5800,1.0024184243638907,0.5926707472516434,0.5941040766265621,-1.1669564984620173,0.8853499883191219,0.172,Sin_clasificar
6,587202.983,517570,Nitratos,Original,4100,-0.7390092033631606,0.08048615086133418,-0.05948000622980173,-1.0739406903399136,0.9379196598917576,0.798,Sin_clasificar
7,587201.014,517569,Nitratos,Original,3400,-1.4560676383095934,-0.25243383679236686,0.36756074056769095,-0.9977141981076978,0.9479164233150338,0.316,Sin_clasificar
8,587198.948,517567,Nitratos,Original,3800,-1.0463199611973462,-0.5341353648070368,0.5588764941790291,-0.7278859070202078,1.030401432854418,0.168,Sin_clasificar
9,587197.023,517566,Nitratos,Original,3600,-1.25119379975347,0.029267691222303216,-0.03661955379044484,-1.0544530915391506,0.8924048738465131,0.896,Sin_clasificar
10,587194.69,517564,Nitratos,Original,5400,0.5926707472516434,0.38779690869551964,0.22983588365845095,-0.9630581269711481,0.9029825176186586,0.404,Sin_clasificar
11,587193.167,517562,Nitratos,Original,5900,1.1048553436419526,0.6694984367101897,0.7396989253591867,-0.9622992349024646,0.9584003767083287,0.112,Sin_clasificar
12,587191.101,517561,Nitratos,Original,5400,0.5926707472516434,0.13170461050036514,0.07805746992173804,-0.9978828407896274,0.877114604018223,0.714,Sin_clasificar
13,587189.132,517559,Nitratos,Original,2800,-2.0706891539779644,0.4646245981540661,-0.9620931160689948,-1.029634510181832,0.929796704045478,0.062,Sin_clasificar
14,587187.054,517557,Nitratos,Original,4500,-0.3292615262509132,-0.2268246069728513,0.07468461628314456,-1.0884533300237509,0.8335485778530547,0.674,Sin_clasificar
15,587188.6,517555,Nitratos,Original,4900,0.08048615086133418,-0.3036522964313978,-0.02443980453996805,-1.0193004613946968,1.048024593116069,0.886,Sin_clasificar
16,587190.678,517557,Nitratos,Original,5300,0.49023382797358156,-0.7133999735436451,-0.349732799906553,-0.9433831474126855,0.9566858427753769,0.342,Sin_clasificar
17,587192.647,517559,Nitratos,Original,5900,1.1048553436419526,0.848763045446798,0.9377603862477123,-1.007055128879025,0.9160242183545536,0.058,Alto-Alto
18,587194.713,517560,Nitratos,Original,5200,0.3877969086955197,0.9255907349053444,0.3589412257135068,-0.9514217819180002,0.9518420501888414,0.33,Sin_clasificar
19,587196.236,517562,Nitratos,Original,5600,0.7975445858077671,0.20853229995891145,0.1663138067982711,-1.1241399953276483,0.8063689989487215,0.56,Sin_clasificar
20,587198.569,517564,Nitratos,Original,5700,0.8999815050858289,-0.9438830419192843,-0.849477280691508,-1.130379774559047,0.9084540357434878,0.084,Sin_clasificar
21,587200.494,517565,Nitratos,Original,4500,-0.3292615262509132,-0.17560614733382046,0.05782034809017646,-1.0461521239730562,0.9402993955145429,0.814,Sin_clasificar
22,587202.56,517567,Nitratos,Original,4600,-0.22682460697285137,0.0036584614027878326,-8.298290698126966e-4,-1.12596695771522,0.8382986800607413,0.984,Sin_clasificar
23,587204.529,517569,Nitratos,Original,5800,1.0024184243638907,0.20853229995891148,0.20903661955379027,-1.0703148726784253,1.1606591665693267,0.502,Sin_clasificar
24,587206.461,517570,Nitratos,Original,5600,0.7975445858077671,0.6438892068906743,0.5135303508157145,-1.1490710051395865,0.9728755402406266,0.254,Sin_clasificar
25,587208.571,517572,Nitratos,Original,5000,0.18292307013939602,0.567061517432128,0.10372863372658948,-1.0941215979441652,0.952966334735039,0.674,Sin_clasificar
26,587210.54,517574,Nitratos,Original,4600,-0.22682460697285137,0.23414152977842692,-0.05310906046801386,-0.9641543044036911,0.9474198643071297,0.822,Sin_clasificar
27,587212.65,517576,Nitratos,Original,4000,-0.8414461226412224,-0.8670553524607378,0.7295803644434063,-0.9695508702254407,0.8823050510065031,0.11,Sin_clasificar
28,587214.441,517577,Nitratos,Original,3600,-1.25119379975347,-1.1743661102949234,1.4693595958416077,-1.0072987238640345,0.9630942646887064,0.014,Bajo-Bajo
29,587215.987,517575,Nitratos,Original,3600,-1.25119379975347,-1.3024122593925007,1.629570143674805,-1.020780769380524,0.9764732507884598,0.014,Bajo-Bajo
30,587214.196,517574,Nitratos,Original,2200,-2.6853106696463356,-0.27804306661188233,0.7466320133940745,-1.0785221498656699,0.7631683652610686,0.102,Sin_clasificar
31,587212.086,517572,Nitratos,Original,5800,1.0024184243638907,-0.3292615262509132,-0.3300578203480903,-1.1012701738504063,0.8569524344897403,0.36,Sin_clasificar
32,587210.117,517570,Nitratos,Original,5200,0.3877969086955197,0.6182799770711589,0.2397670638165322,-1.0505836788926526,1.0704353317369473,0.458,Sin_clasificar
33,587208.007,517569,Nitratos,Original,5200,0.3877969086955197,0.8231538156272826,0.319216505081182,-1.1382591354203166,0.8854717858116268,0.38,Sin_clasificar
34,587206.075,517567,Nitratos,Original,5800,1.0024184243638907,0.5414522876126125,0.5427617490168593,-0.9687170258536774,0.9398777888097192,0.186,Sin_clasificar
35,587204.105,517565,Nitratos,Original,5600,0.7975445858077671,-0.20121537715333593,-0.16047823462991095,-1.19477317194253,0.926395743293229,0.638,Sin_clasificar
36,587202.04,517564,Nitratos,Original,4500,-0.3292615262509132,-0.3036522964313978,0.09998101857259677,-1.0397155949460735,1.0088807528326134,0.67,Sin_clasificar
37,587200.115,517562,Nitratos,Original,3700,-1.148756880475408,0.13170461050036508,-0.15129657750262807,-1.2301225518825682,0.9195657146750769,0.604,Sin_clasificar
38,587197.782,517560,Nitratos,Original,4000,-0.8414461226412224,0.6182799770711589,-0.5202492894132306,-1.0769294134252227,1.0068664096873428,0.204,Sin_clasificar
39,587196.259,517559,Nitratos,Original,5500,0.6951076665297052,0.6182799770711589,0.42977115212397293,-1.2459937020597283,0.9246437332087376,0.254,Sin_clasificar
40,587194.193,517557,Nitratos,Original,6700,1.9243506978664473,-0.149996917514305,-0.2886466728964687,-1.0395375832262586,0.8183145222520732,0.392,Sin_clasificar
41,587192.224,517555,Nitratos,Original,2900,-1.9682522346999027,0.7463261261687362,-1.4689580656465364,-1.0801148863061165,0.9145251722929566,0.02,Bajo-Alto
42,587190.146,517554,Nitratos,Original,5400,0.5926707472516434,-0.7133999735436451,-0.42281129540941476,-0.9695508702254407,1.2519510717205937,0.272,Sin_clasificar
43,587191.692,517552,Nitratos,Original,3400,-1.4560676383095934,-0.32926152625091326,0.4794270529143795,-0.9532768514192267,1.115294285130242,0.224,Sin_clasificar
44,587193.77,517553,Nitratos,Original,4800,-0.021950768416727672,-0.8158368928217069,0.017908246700151963,-0.9162597827356618,0.9954268144297791,0.876,Sin_clasificar
45,587195.739,517555,Nitratos,Original,4400,-0.431698445528975,0.2341415297784269,-0.10107853443912311,-1.131222987968695,0.8808809572479852,0.662,Sin_clasificar
46,587197.805,517557,Nitratos,Original,5800,1.0024184243638907,-0.149996917514305,-0.1503596737141301,-1.0626884758400497,1.08757130202858,0.57,Sin_clasificar
47,587199.328,517558,Nitratos,Original,4800,-0.021950768416727672,0.2853599894174579,-0.006263871043102477,-1.0193004613946968,1.0315069793248455,0.966,Sin_clasificar
48,587201.661,517560,Nitratos,Original,5100,0.2853599894174579,-0.6365722840850988,-0.18165226024997078,-1.2718428775843944,0.8926016236420983,0.5,Sin_clasificar
49,587203.586,517562,Nitratos,Original,4300,-0.5341353648070369,-0.12438768769478953,0.06643986294436019,-1.0015461346026553,0.7174849365338939,0.744,Sin_clasificar
50,587205.651,517563,Nitratos,Original,3600,-1.25119379975347,-0.02195076841672768,0.027464665342833962,-1.1679683545535957,0.8815555279757042,0.86,Sin_clasificar
51,587207.621,517565,Nitratos,Original,4800,-0.021950768416727672,0.4134061385150351,-0.009074582408597178,-1.0481196219289024,0.9552523799789745,0.932,Sin_clasificar
52,587209.552,517567,Nitratos,Original,5900,1.1048553436419526,0.41340613851503516,0.4567539812327218,-0.9005666442783165,1.1174585328816726,0.228,Sin_clasificar
53,587211.663,517569,Nitratos,Original,5700,0.8999815050858289,0.9255907349053444,0.8330145426936103,-0.9010819413619904,1.0427779319004793,0.078,Sin_clasificar
54,587213.632,517570,Nitratos,Original,6000,1.2072922629200145,0.567061517432128,0.684608982595491,-1.0687033981622083,1.0939703549040223,0.13,Sin_clasificar
55,587215.742,517572,Nitratos,Original,4800,-0.021950768416727672,-0.9951015015583152,0.02184324261184455,-1.0653680206751546,0.8654782589650745,0.824,Sin_clasificar
56,587217.533,517574,Nitratos,Original,3600,-1.25119379975347,-1.3024122593925007,1.629570143674805,-0.9037146410076704,0.9063178951057123,0.012,Bajo-Bajo
1,587212.895,517579,Nitratos,Residual_ajustado,491.6666666666782,0.8233136855604181,0.23094646603431346,0.19014138611786452,-1.1670552890743195,0.9457207455998735,0.512,Sin_clasificar
2,587211.104,517578,Nitratos,Residual_ajustado,391.66666666666526,0.6558600545989594,0.27280987377467814,0.17892509870899562,-1.0590108955185793,0.9245483479343335,0.528,Sin_clasificar
3,587208.994,517576,Nitratos,Residual_ajustado,786.6666666666653,1.3173018968966357,-0.11931071206002514,-0.15716822731675942,-1.0766438340159397,1.0214486005132328,0.6,Sin_clasificar
4,587207.025,517574,Nitratos,Residual_ajustado,399.9999999999998,0.6698145238457477,0.5456197475493486,0.365464031405604,-1.1019219575820385,1.1074524051289047,0.308,Sin_clasificar
5,587204.915,517572,Nitratos,Residual_ajustado,-59.99999999999825,-0.1004721785768593,0.3014165357305869,-0.030283976003941823,-0.9558379926244442,1.1201799704297883,0.918,Sin_clasificar
6,587202.983,517570,Nitratos,Residual_ajustado,-199.99999999999963,-0.33490726192287346,-0.3935160327593761,0.13179137705419441,-1.2551543584906737,1.0726509525347105,0.612,Sin_clasificar
7,587201.014,517569,Nitratos,Residual_ajustado,-1130,-1.8922260298642384,-0.19885118676670788,0.3762713916693598,-1.0374822444187661,1.0753825858640784,0.28,Sin_clasificar
8,587198.948,517567,Nitratos,Residual_ajustado,-525.0000000000041,-0.8791315625475512,-0.0376770669663235,0.033123098754312706,-1.0292520988052933,0.892393530241492,0.854,Sin_clasificar
9,587197.023,517566,Nitratos,Residual_ajustado,409.99999999999955,0.6865598869418911,-0.04674747197673601,-0.0320949390751671,-0.9943910596842429,0.8506251274578116,0.962,Sin_clasificar
10,587194.69,517564,Nitratos,Residual_ajustado,-216.66666666666615,-0.362816200416446,0.6600463953729978,-0.23947552526780233,-1.0991541049912432,0.8814344774796212,0.434,Sin_clasificar
11,587193.167,517562,Nitratos,Residual_ajustado,403.33333333333394,0.6753963115444637,-0.10326307242621827,-0.06974349823541663,-1.1215342981889664,1.0415707369610674,0.768,Sin_clasificar
12,587191.101,517561,Nitratos,Residual_ajustado,183.3333333333342,0.30699832342930267,-0.06279511161053727,-0.019277993983990882,-1.350536809815949,0.9810220629471671,0.996,Sin_clasificar
13,587189.132,517559,Nitratos,Residual_ajustado,-339.9999999999983,-0.569342345268883,0.33769815577223183,-0.19226586000033907,-1.3283916523630714,0.9923255881469897,0.49,Sin_clasificar
14,587187.054,517557,Nitratos,Residual_ajustado,-320,-0.5358516190765985,0.7116779315861079,-0.38135377190150066,-1.0974212275320232,0.8411366546006602,0.28,Sin_clasificar
15,587188.6,517555,Nitratos,Residual_ajustado,419.9999999999998,0.7033052500380351,0.4186340774035927,0.2944275444827759,-1.1832482198392391,0.8555099569334221,0.374,Sin_clasificar
16,587190.678,517557,Nitratos,Residual_ajustado,819.9999999999995,1.3731197738837828,-0.04046796081567944,-0.05556735720476353,-0.9999845988477799,0.9638018487755575,0.846,Sin_clasificar
17,587192.647,517559,Nitratos,Residual_ajustado,123.33333333333414,0.20652614485244036,0.5756218564299403,0.11888096290128049,-0.8907753471101054,1.0389382197825872,0.614,Sin_clasificar
18,587194.713,517560,Nitratos,Residual_ajustado,-336.66666666666595,-0.5637605575701701,0.2086193152394564,-0.11761134147930302,-1.1330650700451472,1.3282199029621178,0.628,Sin_clasificar
19,587196.236,517562,Nitratos,Residual_ajustado,-236.6666666666662,-0.3963069266087335,-0.2351328068083519,0.09318476001110304,-1.0287777433169583,0.9767163521999247,0.66,Sin_clasificar
20,587198.569,517564,Nitratos,Residual_ajustado,1000,1.6745363096143704,-0.01465219270912782,-0.024535628706901486,-1.0414357910031862,0.8489413212559973,0.876,Sin_clasificar
21,587200.494,517565,Nitratos,Residual_ajustado,-370.0000000000001,-0.6195784345573172,0.31606872843971073,-0.19582936797919778,-0.954948283992999,0.9414377205728235,0.51,Sin_clasificar
22,587202.56,517567,Nitratos,Residual_ajustado,30.00000000000005,0.05023608928843118,-0.2051306979277599,-0.010304964056897152,-0.9987928683105873,0.8909774739561194,0.982,Sin_clasificar
23,587204.529,517569,Nitratos,Residual_ajustado,220.00000000000037,0.36839798811516206,0.004186340774036124,0.0015422395187193782,-1.0963728162228281,0.8747792855564824,0.922,Sin_clasificar
24,587206.461,517570,Nitratos,Residual_ajustado,300.0000000000001,0.5023608928843113,0.2260624017979406,0.11356491001478537,-0.9018304003874715,0.8161338753122731,0.614,Sin_clasificar
25,587208.571,517572,Nitratos,Residual_ajustado,759.9999999999994,1.2726475953069205,0.14303330977955875,0.18203099773974526,-1.1155263795183772,1.0367822000917692,0.504,Sin_clasificar
26,587210.54,517574,Nitratos,Residual_ajustado,-183.3333333333342,-0.30699832342930267,0.7535413393264652,-0.23133592780789605,-1.1480025944745615,0.9501176860459184,0.404,Sin_clasificar
27,587212.65,517576,Nitratos,Residual_ajustado,-893.3333333333339,-1.495919103255505,-0.2504827229798179,0.37470189034096624,-1.0226309841442482,1.0505472719779778,0.314,Sin_clasificar
28,587214.441,517577,Nitratos,Residual_ajustado,266.66666666666583,0.446543015897164,-0.9244835875995963,-0.4128216893541537,-1.1127614478357764,0.9663415784375358,0.276,Sin_clasificar
29,587215.987,517575,Nitratos,Residual_ajustado,-733.3333333333342,-1.2279932937172062,-0.734005082380967,0.9013533187181729,-1.1246518808524382,0.9125672694004989,0.068,Sin_clasificar
30,587214.196,517574,Nitratos,Residual_ajustado,-1073.3333333333342,-1.7973356389860922,-0.17303541866015273,0.3110027247647716,-0.9051349211744253,0.9122609634960819,0.36,Sin_clasificar
31,587212.086,517572,Nitratos,Residual_ajustado,1146.6666666666658,1.92013496835781,-0.16117411980038582,-0.3094760634230117,-1.0779273784335759,0.971772909833513,0.37,Sin_clasificar
32,587210.117,517570,Nitratos,Residual_ajustado,-175.000000000004,-0.2930438541825215,0.4821269124764701,-0.141284328637224,-1.0113586152983332,1.057129830651058,0.634,Sin_clasificar
33,587208.007,517569,Nitratos,Residual_ajustado,-380.0000000000001,-0.6363237976534609,0.11931071206002229,-0.07592024539877197,-1.1664572818063879,0.9359290824737001,0.722,Sin_clasificar
34,587206.075,517567,Nitratos,Residual_ajustado,-120.00000000000003,-0.2009443571537245,-0.1339629047691489,0.02691908978128224,-1.025255906961462,0.8194292439202631,0.814,Sin_clasificar
35,587204.105,517565,Nitratos,Residual_ajustado,790.0000000000009,1.322883684595354,-0.3725843288891974,-0.49288572982342865,-0.9685334279353591,0.8755156465085059,0.178,Sin_clasificar
36,587202.04,517564,Nitratos,Residual_ajustado,250,0.4186340774035926,0.06070194122352107,0.025411901160715848,-0.9193745432761736,0.9813410261203549,0.84,Sin_clasificar
37,587200.115,517562,Nitratos,Residual_ajustado,449.99999999999966,0.753541339326466,0.6070194122352093,0.4574142208928838,-1.1154667929915194,0.9407150878892421,0.218,Sin_clasificar
38,587197.782,517560,Nitratos,Residual_ajustado,-216.66666666666654,-0.3628162004164467,-0.2476918291304596,0.08986660831931309,-0.9998946348758557,1.1452849815044555,0.68,Sin_clasificar
39,587196.259,517559,Nitratos,Residual_ajustado,208.3333333333301,0.3488617311696551,0.12070615898470316,0.04210975958624316,-1.1049906637153106,1.2014746868786461,0.848,Sin_clasificar
40,587194.193,517557,Nitratos,Residual_ajustado,708.3333333333336,1.186129885976846,0.11512437128598718,0.13655245738660407,-1.1814466036741829,1.2616286488339026,0.592,Sin_clasificar
41,587192.224,517555,Nitratos,Residual_ajustado,-299.99999999999943,-0.5023608928843102,0.991465039984175,-0.49807326275002844,-1.0627233698145895,1.027270749423609,0.208,Sin_clasificar
42,587190.146,517554,Nitratos,Residual_ajustado,800.0000000000003,1.3396290476914967,-0.07535413393264695,-0.10094658667980932,-0.9581466784494349,1.0243776872355244,0.68,Sin_clasificar
43,587191.692,517552,Nitratos,Residual_ajustado,-1120.0000000000005,-1.8754806667680954,0.4018887143074491,-0.7537345138759073,-1.1184546873318253,0.9415407312679495,0.116,Sin_clasificar
44,587193.77,517553,Nitratos,Residual_ajustado,40.00000000000007,0.06698145238457492,-0.15768550248868635,-0.010562003976683715,-1.2858834809011543,0.8980466559318869,0.92,Sin_clasificar
45,587195.739,517555,Nitratos,Residual_ajustado,243.3333333333334,0.4074705020061635,0.24350548835642352,0.0992213035818479,-1.0407863757512896,0.8489590414322843,0.666,Sin_clasificar
46,587197.805,517557,Nitratos,Residual_ajustado,133.3333333333337,0.22327150794858333,-0.19326939906799284,-0.04315155017022729,-1.0986260047924126,1.0211937025927753,0.85,Sin_clasificar
47,587199.328,517558,Nitratos,Residual_ajustado,-696.6666666666658,-1.1665936290313432,0.29095068379549577,-0.33942121407813824,-0.993868217120133,0.9108447124834999,0.338,Sin_clasificar
48,587201.661,517560,Nitratos,Residual_ajustado,570.0000000000002,0.9544856964801914,-0.49747682864793563,-0.4748345172747817,-1.070634357527661,1.050496448175652,0.224,Sin_clasificar
49,587203.586,517562,Nitratos,Residual_ajustado,-725,-1.2140388244704186,0.23443508334601226,-0.2846132930000173,-1.1548453087028194,1.0639649505180435,0.39,Sin_clasificar
50,587205.651,517563,Nitratos,Residual_ajustado,-1050,-1.7582631250950889,-0.2658326391512807,0.46740372686640586,-1.0614323283992992,0.9899703625183399,0.24,Sin_clasificar
51,587207.621,517565,Nitratos,Residual_ajustado,-949.9999999999994,-1.5908094941336508,-0.04186340774035885,0.06659670649015102,-1.0898924893360284,1.1121322842139247,0.78,Sin_clasificar
52,587209.552,517567,Nitratos,Residual_ajustado,280.0000000000001,0.46887016669202386,-0.7870320655187555,-0.3690158557517467,-1.0875068862623134,1.04307967812654,0.304,Sin_clasificar
53,587211.663,517569,Nitratos,Residual_ajustado,-375,-0.6279511161053889,0.9621606545659214,-0.6041898569073618,-0.9519601949254786,0.8545058460649538,0.146,Sin_clasificar
54,587213.632,517570,Nitratos,Residual_ajustado,1046.666666666666,1.7526813373963732,0.2776939380110474,0.4867089826600681,-1.038444196845843,0.8961097043545243,0.206,Sin_clasificar
55,587215.742,517572,Nitratos,Residual_ajustado,66.66666666666598,0.1116357539742902,-0.7423777639290388,-0.08287590140996585,-1.0309026066538673,1.0881013884404265,0.746,Sin_clasificar
56,587217.533,517574,Nitratos,Residual_ajustado,-1013.3333333333342,-1.6968634604092299,-0.616787540707961,1.0466042406630096,-0.8839123812518037,1.0338291619224032,0.048,Bajo-Bajo
1,587212.895,517579,Potasio_savia,Original,4100,-0.9205157362563828,-1.2799202866672417,1.1781867650309765,-0.9902396211761055,1.0875030078585834,0.04,Bajo-Bajo
2,587211.104,517578,Potasio_savia,Original,4100,-0.9205157362563828,-1.2799202866672417,1.1781867650309765,-1.2125711126240062,1.0310422009895144,0.044,Bajo-Bajo
3,587208.994,517576,Potasio_savia,Original,4200,-0.7151417074501777,-0.5611111858455239,0.40127401151496195,-1.1795720917675645,0.8162708275866131,0.232,Sin_clasificar
4,587207.025,517574,Potasio_savia,Original,4400,-0.3043936498377675,-0.45842417144242137,0.1395414067192131,-1.1333358032009482,0.9171320288519685,0.482,Sin_clasificar
5,587204.915,517572,Potasio_savia,Original,4400,-0.3043936498377675,-0.4584241714424213,0.13954140671921308,-1.0378128172923993,0.7921405877991474,0.498,Sin_clasificar
6,587202.983,517570,Potasio_savia,Original,4100,-0.9205157362563828,-0.15036312823311365,0.1384116256913175,-0.9703084008756537,0.9319698196849902,0.584,Sin_clasificar
7,587201.014,517569,Potasio_savia,Original,4400,-0.3043936498377675,-0.30439364983776745,0.0926554940615574,-0.9933465190028183,0.8951766175432027,0.678,Sin_clasificar
8,587198.948,517567,Potasio_savia,Original,4400,-0.3043936498377675,0.517102465387053,-0.1574027067792729,-0.8767060427145259,0.8222774967182569,0.544,Sin_clasificar
9,587197.023,517566,Potasio_savia,Original,4200,-0.7151417074501777,0.7738200013948093,-0.5533909570565828,-0.8793327836043816,0.792969093886271,0.132,Sin_clasificar
10,587194.69,517564,Potasio_savia,Original,4700,0.31172843658084787,0.5684459725886043,0.17720077431572512,-1.0166953269126564,1.0373124856943317,0.498,Sin_clasificar
11,587193.167,517562,Potasio_savia,Original,4500,-0.09901962103156238,0.876507015797912,-0.0867913925358149,-1.3253420888917566,0.8247347704539292,0.7,Sin_clasificar
12,587191.101,517561,Potasio_savia,Original,4900,0.7224764941932581,0.4657589581855017,0.33649989924896556,-1.0462108562664223,0.7184035460451808,0.29,Sin_clasificar
13,587189.132,517559,Potasio_savia,Original,4300,-0.5097676786439727,0.9791940302010145,-0.4991614677176072,-1.0914868309593255,0.9107016918348625,0.178,Sin_clasificar
14,587187.054,517557,Potasio_savia,Original,4800,0.517102465387053,0.8765070157979118,0.4532439387981488,-1.0261195836536832,0.8126272837716495,0.194,Sin_clasificar
15,587188.6,517555,Potasio_savia,Original,4800,0.517102465387053,1.3385985806118734,0.6921926261980095,-1.3229601338912778,0.8951766175432027,0.11,Sin_clasificar
16,587190.678,517557,Potasio_savia,Original,5700,2.365468724642899,0.4144154509839504,0.9802867883113169,-1.0386413233795224,1.0167504709866366,0.06,Sin_clasificar
17,587192.647,517559,Potasio_savia,Original,4700,0.31172843658084787,1.2872550734103223,0.40127401151496433,-1.2151601941462664,0.8951766175432028,0.234,Sin_clasificar
18,587194.713,517560,Potasio_savia,Original,5600,2.160094695836694,0.31172843658084787,0.6733629423997547,-1.1890810820856839,0.7957653019303119,0.102,Sin_clasificar
19,587196.236,517562,Potasio_savia,Original,5600,2.160094695836694,0.2090414221777453,0.4515492672563067,-1.0450716603966257,1.0170799904531067,0.222,Sin_clasificar
20,587198.569,517564,Potasio_savia,Original,5000,0.9278505229994632,0.5684459725886042,0.5274328929632749,-1.1212377313605686,1.1386350142127437,0.176,Sin_clasificar
21,587200.494,517565,Potasio_savia,Original,5600,2.160094695836694,0.4657589581855017,1.006083455114927,-1.1332510696238556,0.9698551434870823,0.058,Alto-Alto
22,587202.56,517567,Potasio_savia,Original,4700,0.31172843658084787,0.2603849293792966,0.0811693869446226,-1.0519633246667874,0.9268763902175636,0.696,Sin_clasificar
23,587204.529,517569,Potasio_savia,Original,4400,-0.3043936498377675,-0.3043936498377675,0.09265549406155742,-1.1621452194122779,0.8342625904558438,0.638,Sin_clasificar
24,587206.461,517570,Potasio_savia,Original,4400,-0.3043936498377675,-0.20170663543466494,0.06139821895645363,-1.0193408974863107,0.7730755329534138,0.756,Sin_clasificar
25,587208.571,517572,Potasio_savia,Original,4300,-0.5097676786439727,-0.4070806642408701,0.2075165652309148,-0.9902396211761055,0.7838461120860164,0.416,Sin_clasificar
26,587210.54,517574,Potasio_savia,Original,4400,-0.3043936498377675,-0.45842417144242126,0.13954140671921308,-0.9902396211761056,1.0300253980644083,0.576,Sin_clasificar
27,587212.65,517576,Potasio_savia,Original,4200,-0.7151417074501777,-1.4339508082718957,1.025478029427126,-0.9629365796686351,0.9743554379148665,0.038,Bajo-Bajo
28,587214.441,517577,Potasio_savia,Original,3200,-2.768881995512229,-1.0745462578610367,2.9752917867364657,-1.0639201738786808,1.1520229193933025,0.002,Bajo-Bajo
29,587215.987,517575,Potasio_savia,Original,4100,-0.9205157362563828,-1.331263793868793,1.2254492713645975,-1.0193408974863107,1.0983489057263764,0.034,Bajo-Bajo
30,587214.196,517574,Potasio_savia,Original,3700,-1.7420118514812033,-0.2017066354346649,0.3513753494495847,-1.0394321700990499,0.7701192725970887,0.252,Sin_clasificar
31,587212.086,517572,Potasio_savia,Original,4600,0.10635440777464274,-0.5611111858455239,-0.05967664786632819,-0.9902396211761055,0.8616315358566085,0.764,Sin_clasificar
32,587210.117,517570,Potasio_savia,Original,4200,-0.7151417074501777,0.10635440777464272,-0.07605847277081045,-0.9603945723558711,0.7838461120860163,0.728,Sin_clasificar
33,587208.007,517569,Potasio_savia,Original,4700,0.31172843658084787,-0.45842417144242137,-0.14290385025461658,-0.926783586775986,0.6754530373013616,0.512,Sin_clasificar
34,587206.075,517567,Potasio_savia,Original,4400,-0.3043936498377675,-0.5097676786439727,0.155170044271765,-1.1775573156011512,0.7072187138690185,0.482,Sin_clasificar
35,587204.105,517565,Potasio_savia,Original,4300,-0.5097676786439727,0.2603849293792966,-0.13273582100355877,-1.0269480897408068,0.8748876332505808,0.628,Sin_clasificar
36,587202.04,517564,Potasio_savia,Original,5000,0.9278505229994632,0.8251635085963607,0.7656283930112053,-1.186774445820396,0.9792229111767137,0.11,Sin_clasificar
37,587200.115,517562,Potasio_savia,Original,5100,1.1332245518056683,0.8765070157979119,0.9932792701321125,-0.9933465190028183,0.8908363754277031,0.05,Alto-Alto
38,587197.782,517560,Potasio_savia,Original,4300,-0.5097676786439727,0.2090414221777453,-0.10656256052398388,-1.1212377313605686,0.9161152259268626,0.662,Sin_clasificar
39,587196.259,517559,Potasio_savia,Original,4000,-1.125889765062588,0.31172843658084787,-0.3509718562253387,-1.0193408974863107,0.9204460532004599,0.286,Sin_clasificar
40,587194.193,517557,Potasio_savia,Original,4500,-0.09901962103156238,0.0036673933715401508,-3.6314390182356956e-4,-1.1360472776678963,0.9851542615731639,0.93,Sin_clasificar
41,587192.224,517555,Potasio_savia,Original,5200,1.3385985806118734,1.0818810446041172,1.4482044306979622,-0.9253148714397209,0.9025296090664213,0.024,Alto-Alto
42,587190.146,517554,Potasio_savia,Original,5100,1.1332245518056683,1.2872550734103223,1.4587490536249852,-0.8911389953458889,1.0775609348131021,0.022,Alto-Alto
43,587191.692,517552,Potasio_savia,Original,5000,0.9278505229994632,0.9791940302010144,0.9085456930399634,-1.1013347555858133,1.110126872942187,0.074,Sin_clasificar
44,587193.77,517553,Potasio_savia,Original,5000,0.9278505229994632,0.722476494193258,0.6703501929920331,-0.7945992065122347,1.0060834551149267,0.102,Sin_clasificar
45,587195.739,517555,Potasio_savia,Original,4300,-0.5097676786439727,0.46575895818550167,-0.2374288629218583,-0.7741784144330256,0.7286563088733315,0.384,Sin_clasificar
46,587197.805,517557,Potasio_savia,Original,4400,-0.3043936498377675,-0.5097676786439728,0.15517004427176503,-0.8793327836043816,1.133353287907335,0.494,Sin_clasificar
47,587199.328,517558,Potasio_savia,Original,4600,0.10635440777464274,-0.6124546930470752,-0.06513725616782229,-0.9568357621180013,1.0227571401182802,0.75,Sin_clasificar
48,587201.661,517560,Potasio_savia,Original,4300,-0.5097676786439727,0.3117284365808478,-0.15890908148313362,-0.944059821660885,0.961447689671159,0.54,Sin_clasificar
49,587203.586,517562,Potasio_savia,Original,4800,0.517102465387053,0.003667393371540168,0.0018964181539675572,-0.9754112451849798,1.0791143837264605,0.87,Sin_clasificar
50,587205.651,517563,Potasio_savia,Original,4600,0.10635440777464274,-0.15036312823311365,-0.015991781454375464,-1.459616564057116,1.1089406028628968,0.952,Sin_clasificar
51,587207.621,517565,Potasio_savia,Original,3800,-1.5366378226749982,-0.3043936498377675,0.4677427953228029,-1.3856535660975693,0.9828758698335746,0.2,Sin_clasificar
52,587209.552,517567,Potasio_savia,Original,4300,-0.5097676786439727,-0.35573715703931874,0.18134330475133986,-1.0860827117092262,0.8419262717617364,0.49,Sin_clasificar
53,587211.663,517569,Potasio_savia,Original,4800,0.517102465387053,-0.15036312823311368,-0.07775314431265268,-0.8767060427145259,0.9410551421176507,0.73,Sin_clasificar
54,587213.632,517570,Potasio_savia,Original,4800,0.517102465387053,0.15769791497619404,0.0815459806205878,-0.8793327836043815,0.9611087553627904,0.686,Sin_clasificar
55,587215.742,517572,Potasio_savia,Original,4900,0.7224764941932581,-0.9205157362563828,-0.6650509819802373,-1.0010666893601048,0.7315560801782599,0.112,Sin_clasificar
56,587217.533,517574,Potasio_savia,Original,3800,-1.5366378226749982,-1.1772332722641392,1.8089811722725302,-1.1011464587478295,0.8028829224060507,0.014,Bajo-Bajo
1,587212.895,517579,Potasio_savia,Residual_ajustado,175.00000000001125,0.5414257970666919,-0.8628973640749869,-0.46719489313104723,-1.1617012741678914,0.9968496679039525,0.24,Sin_clasificar
2,587211.104,517578,Potasio_savia,Residual_ajustado,-200.00000000000182,-0.6187723395047566,-0.5728478299321247,0.35446239190732376,-1.0031512371172548,0.8488404468850277,0.27,Sin_clasificar
3,587208.994,517576,Potasio_savia,Residual_ajustado,-111.87499999999952,-0.3461257774104686,0.008701486024283316,-0.0030118086147813907,-1.0717900002379408,0.8443482997498266,0.91,Sin_clasificar
4,587207.025,517574,Potasio_savia,Residual_ajustado,-66.87499999999966,-0.20690200102190012,0.5448097082983233,-0.1127222188230808,-1.010761475498994,1.0217857980502518,0.588,Sin_clasificar
5,587204.915,517572,Potasio_savia,Residual_ajustado,153.12499999999974,0.4737475724333242,-0.06622797696261824,-0.03137534331321051,-1.2437547842905432,0.8127872656292485,0.83,Sin_clasificar
6,587202.983,517570,Potasio_savia,Residual_ajustado,-6.875000000000373,-0.021270299170477007,-0.2997178519476143,0.0063750883776584905,-0.9219542509653542,0.8000946235791571,0.908,Sin_clasificar
7,587201.014,517569,Potasio_savia,Residual_ajustado,-336.87500000000017,-1.0422446593533155,-0.12423788379119194,0.12948627087072764,-1.2147404203717285,0.8837500382403332,0.568,Sin_clasificar
8,587198.948,517567,Potasio_savia,Residual_ajustado,49.999999999996035,0.15469308487617545,0.4133205861535642,0.0639378365149239,-1.0714886324237245,1.010455433866316,0.698,Sin_clasificar
9,587197.023,517566,Potasio_savia,Residual_ajustado,-36.874999999999744,-0.11408615009618772,0.5926678814318918,-0.0676151968782284,-1.0689591151356987,1.1369240071110018,0.698,Sin_clasificar
10,587194.69,517564,Potasio_savia,Residual_ajustado,-191.87499999999935,-0.5936347132123685,0.5602790167859439,-0.3326010734486316,-1.0500679148311294,0.9871541119405016,0.31,Sin_clasificar
11,587193.167,517562,Potasio_savia,Residual_ajustado,-71.87499999999922,-0.22237130950951753,0.38238196917832834,-0.08503077921901284,-1.1313873550266487,0.946502687870505,0.698,Sin_clasificar
12,587191.101,517561,Potasio_savia,Residual_ajustado,50.00000000000057,0.15469308487618946,0.24122452922880674,0.037315766574210645,-0.9564976953826068,0.8727407186463276,0.788,Sin_clasificar
13,587189.132,517559,Potasio_savia,Residual_ajustado,-252.49999999999991,-0.7812000786247479,0.07202896764547531,-0.056269035187904735,-0.9841834796663416,0.9378222385380981,0.766,Sin_clasificar
14,587187.054,517557,Potasio_savia,Residual_ajustado,-632.5000000000005,-1.9568675236837765,0.2707128985333285,-0.5297492793821721,-0.8217618850954483,1.190403053108174,0.178,Sin_clasificar
15,587188.6,517555,Potasio_savia,Residual_ajustado,-12.500000000000053,-0.038673271219047144,0.3171208239961846,-0.012264099635612159,-1.2318409873484013,1.0485562149888594,0.928,Sin_clasificar
16,587190.678,517557,Potasio_savia,Residual_ajustado,647.5,2.0032754491466314,0.14744184652261685,0.295366631315604,-1.0915570273834763,0.9023459934328598,0.35,Sin_clasificar
17,587192.647,517559,Potasio_savia,Residual_ajustado,28.12500000000046,0.087014860242857,0.7778161673930833,0.06768156510034382,-0.9343072466280524,1.1828606785704572,0.712,Sin_clasificar
18,587194.713,517560,Potasio_savia,Residual_ajustado,608.1250000000006,1.8814546448066354,-0.04689134135309542,-0.08822393198999483,-1.0837509560083225,0.9430076999034662,0.664,Sin_clasificar
19,587196.236,517562,Potasio_savia,Residual_ajustado,408.12500000000085,1.2626823053018852,-0.18611511774166442,-0.2350042659215766,-1.104218261373525,0.97228580739789106,0.404,Sin_clasificar
20,587198.569,517564,Potasio_savia,Residual_ajustado,424.99999999999994,1.3148912214475956,0.8812671679040294,1.1587704628269926,-1.2620922305841107,1.0329191607861532,0.042,Alto-Alto
21,587200.494,517565,Potasio_savia,Residual_ajustado,483.12500000000006,1.4947219326161643,0.3736804831540379,0.5585484139609456,-0.9271017141866558,0.9563508440066365,0.142,Sin_clasificar
22,587202.56,517567,Potasio_savia,Residual_ajustado,-216.87500000000003,-0.6709812556504645,-0.10635149585237946,0.07135986022733475,-0.9349242841409673,0.92839122069941,0.702,Sin_clasificar
23,587204.529,517569,Potasio_savia,Residual_ajustado,13.124999999999709,0.04060693477999835,-0.47616465188451573,-0.019335586963615148,-1.1295652669005314,1.1003628752651302,0.848,Sin_clasificar
24,587206.461,517570,Potasio_savia,Residual_ajustado,-25.00000000000009,-0.07734654243809419,0.8759495931114125,-0.06775167237722321,-1.1087769636835807,1.1407316267947463,0.658,Sin_clasificar
25,587208.571,517572,Potasio_savia,Residual_ajustado,413.1249999999998,1.2781516137895006,0.27699730510642034,0.3540445525371138,-1.1908769315617032,0.914177017050087,0.318,Sin_clasificar
26,587210.54,517574,Potasio_savia,Residual_ajustado,249.99999999999943,0.773465424380937,0.33839112316665976,0.26173383368684244,-1.1478796712691113,0.764432781142926,0.372,Sin_clasificar
27,587212.65,517576,Potasio_savia,Residual_ajustado,28.124999999999176,0.08701486024285303,-0.6912847230404666,-0.06015204356338556,-1.0841484642682313,1.0342519935960182,0.714,Sin_clasificar
28,587214.441,517577,Potasio_savia,Residual_ajustado,-831.8750000000005,-2.573706199627575,-0.12278763612046706,0.31601930032086084,-0.9996697564855619,1.043975592470225,0.338,Sin_clasificar
29,587215.987,517575,Potasio_savia,Residual_ajustado,-250.00000000000077,-0.7734654243809411,-0.5472267877495162,0.4232609996192987,-1.1361564259055312,1.0660771919358791,0.26,Sin_clasificar
30,587214.196,517574,Potasio_savia,Residual_ajustado,-111.8750000000006,-0.346125777410472,0.3050354267402304,-0.10558062421819732,-1.2990869058302048,1.0280878813835863,0.654,Sin_clasificar
31,587212.086,517572,Potasio_savia,Residual_ajustado,108.1249999999994,0.33452379604475413,0.3451589456299894,0.11546388073094895,-0.9925835933675993,0.9174317240101755,0.562,Sin_clasificar
32,587210.117,517570,Potasio_savia,Residual_ajustado,199.999999999996,0.6187723395047386,1.15971472068117,0.7175993908739721,-0.9545689039810648,0.9374359941806718,0.11,Sin_clasificar
33,587208.007,517569,Potasio_savia,Residual_ajustado,553.1249999999999,1.7112922514428266,-0.3548272634347587,-0.6072131465165651,-1.0707156295888363,1.0980669086854835,0.134,Sin_clasificar
34,587206.075,517567,Potasio_savia,Residual_ajustado,-366.87499999999983,-1.1350605102790272,-0.12037055666928384,0.13662786547560787,-1.2313236891213892,0.8849120897237217,0.502,Sin_clasificar
35,587204.105,517565,Potasio_savia,Residual_ajustado,-296.87500000000006,-0.918490191452365,-0.4452260349092777,0.40893574604339983,-1.053826412682872,0.7976677433444809,0.266,Sin_clasificar
36,587202.04,517564,Potasio_savia,Residual_ajustado,225.00000000000009,0.6961188819428451,0.6995027931745119,0.48693710230053844,-1.0861316589166183,0.9577503722059046,0.222,Sin_clasificar
37,587200.115,517562,Potasio_savia,Residual_ajustado,643.1250000000001,1.9897398042199654,0.724157003576654,1.4408840145211284,-0.9423969253072764,0.8955520374449315,0.016,Alto-Alto
38,587197.782,517560,Potasio_savia,Residual_ajustado,-231.87499999999923,-0.7173891811133183,-0.37029657192237553,0.26564675450046193,-0.9202450355550109,0.9817467844128996,0.354,Sin_clasificar
39,587196.259,517559,Potasio_savia,Residual_ajustado,-425.00000000000335,-1.3148912214476063,-0.13438961748618564,0.17670772828628722,-1.1238905969570914,0.9815795551884476,0.51,Sin_clasificar
40,587194.193,517557,Potasio_savia,Residual_ajustado,-299.99999999999886,-0.928158509257123,0.014502476707140891,-0.013460597161036038,-1.1435232518219374,0.9759920519592675,0.898,Sin_clasificar
41,587192.224,517555,Potasio_savia,Residual_ajustado,427.5000000000001,1.3226258756914056,0.3113198333133287,0.41175966715614376,-0.9948557234731076,0.9385969239476318,0.206,Sin_clasificar
42,587190.146,517554,Potasio_savia,Residual_ajustado,-32.5,-0.10055050516952209,0.6419763022361793,-0.06455104149670962,-0.9932110534956755,1.0368156764969805,0.75,Sin_clasificar
43,587191.692,517552,Potasio_savia,Residual_ajustado,-232.49999999999997,-0.719322844674273,0.3635287494590411,-0.26149453418175855,-1.1533041517104523,0.9105383091654388,0.362,Sin_clasificar
44,587193.77,517553,Potasio_savia,Residual_ajustado,87.49999999999994,0.27071289853332836,0.1165032295473794,0.03153892695926478,-1.1350964038790967,1.0609505272067188,0.846,Sin_clasificar
45,587195.739,517555,Potasio_savia,Residual_ajustado,-11.874999999999407,-0.036739607658092796,-0.027071289853331404,9.945885680099043e-4,-0.8788533253793442,0.9137677307676667,0.922,Sin_clasificar
46,587197.805,517557,Potasio_savia,Residual_ajustado,-249.9999999999993,-0.7734654243809366,-0.6811329893454654,0.5268328166639463,-1.0316354965464705,1.0028877739707454,0.174,Sin_clasificar
47,587199.328,517558,Potasio_savia,Residual_ajustado,-211.87499999999963,-0.6555119471628444,-0.8537124621604626,0.559618718387991,-1.0938707544732726,0.9081034834393862,0.172,Sin_clasificar
48,587201.661,517560,Potasio_savia,Residual_ajustado,-196.87499999999991,-0.609104021699989,0.21221957581452147,-0.12926379711209074,-0.9900447284426507,1.0275604877087068,0.574,Sin_clasificar
49,587203.586,517562,Potasio_savia,Residual_ajustado,75.00000000000054,0.23203962731428326,-0.37561414671499327,-0.08715736661771956,-0.9192630195586443,1.1264078688407553,0.646,Sin_clasificar
50,587205.651,517563,Potasio_savia,Residual_ajustado,-216.87499999999991,-0.6709812556504641,-0.326305725910708,0.21894502569750302,-0.9463726155028025,1.0071826392288004,0.44,Sin_clasificar
51,587207.621,517565,Potasio_savia,Residual_ajustado,-424.99999999999983,-1.3148912214475954,-0.8875515744771271,1.167033773861966,-1.072795478802956,1.055914300864742,0.042,Bajo-Bajo
52,587209.552,517567,Potasio_savia,Residual_ajustado,-266.875,-0.8256743405266521,0.5825161477368919,-0.48096863612878404,-1.129310497056347,0.9312756210230008,0.246,Sin_clasificar
53,587211.663,517569,Potasio_savia,Residual_ajustado,425.0000000000006,1.3148912214475978,0.11553639776689867,0.1519177951813729,-0.8862503909011806,0.9397614525547928,0.518,Sin_clasificar
54,587213.632,517570,Potasio_savia,Residual_ajustado,108.12499999999937,0.334523796044754,0.9600639580128365,0.3211642396802054,-0.9753648722602913,1.0418873303828797,0.324,Sin_clasificar
55,587215.742,517572,Potasio_savia,Residual_ajustado,508.1249999999992,1.5720684750542555,-0.406552763690233,-0.6391287832435977,-1.140591225288253,0.8971822653233162,0.138,Sin_clasificar
56,587217.533,517574,Potasio_savia,Residual_ajustado,-271.8750000000007,-0.841143649014273,-0.5303072315911832,0.44606455987926497,-1.092651028070108,0.941804331864905,0.25,Sin_clasificar
1,587212.895,517579,Suelo_CE,Original,324.6402235809403,1.590625532214793,1.6870733543377068,2.683501952128811,-1.0427741092635459,1.0095533303300654,0.002,Alto-Alto
2,587211.104,517578,Suelo_CE,Original,337.15086656957567,1.8052876888107907,1.6334078151887075,2.9487710195675048,-1.0225375081841523,1.1013979098565396,0.002,Alto-Alto
3,587208.994,517576,Suelo_CE,Original,298.9352269157599,1.1495698626978077,1.3817172897973506,1.5883805551195274,-1.1572748890740572,0.972606054652954,0.016,Alto-Alto
4,587207.025,517574,Suelo_CE,Original,271.87702244030226,0.6852953620511557,0.9548007761697379,0.654320543591965,-0.9301543564328523,0.9172710767383747,0.116,Sin_clasificar
5,587204.915,517572,Suelo_CE,Original,305.8781793251412,1.2686995620022345,-0.26039110255600906,-0.33035807776208764,-1.1089930381520015,0.9452812776363352,0.318,Sin_clasificar
6,587202.983,517570,Suelo_CE,Original,148.85795091202448,-1.4255105510170976,-0.05520294545338675,0.07869238119102412,-0.977195592551271,1.0416293158764964,0.672,Sin_clasificar
7,587201.014,517569,Suelo_CE,Original,200.9358476625796,-0.5319390824992143,-0.7962579678455768,0.423560732848465,-1.0778604464499186,0.9560760453731514,0.274,Sin_clasificar
8,587198.948,517567,Suelo_CE,Original,185.1994995630996,-0.8019490590486424,-1.1356855071550527,0.9107619238381748,-1.1372537606419801,1.002923454647106,0.078,Sin_clasificar
9,587197.023,517566,Suelo_CE,Original,134.24655651633088,-1.676218163303969,-1.1053805781484372,1.8528590024558527,-1.0363375336708773,1.0660537498878073,0.002,Bajo-Bajo
10,587194.69,517564,Suelo_CE,Original,157.04766448983474,-1.284988470728078,-1.5782437979363637,2.028025084346322,-1.034814982583774,0.812024369858059,0.006,Bajo-Bajo
11,587193.167,517562,Suelo_CE,Original,131.81644067334886,-1.7179149736203125,-1.087777027734911,1.8687084439060015,-1.0406753750623086,0.9580635972898004,0.004,Bajo-Bajo
12,587191.101,517561,Suelo_CE,Original,159.69332848488125,-1.2395932069258127,-1.2567905140855271,1.5579089837892193,-1.0015094142251206,0.9948294179484555,0.014,Bajo-Bajo
13,587189.132,517559,Suelo_CE,Original,145.5237110627009,-1.4827206494360425,-0.8597748825110241,1.2748059721655427,-0.9096546751822201,0.9703785179544835,0.024,Bajo-Bajo
14,587187.054,517557,Suelo_CE,Original,213.67980437274474,-0.3132736443234833,-0.6569621141481689,0.2058089156816571,-1.2923655047101361,0.898438708356775,0.49,Sin_clasificar
15,587188.6,517555,Suelo_CE,Original,221.56053182485203,-0.1780532602112227,-0.2533584658098297,0.045111300839553774,-1.2303501636390468,0.9234024787169907,0.796,Sin_clasificar
16,587190.678,517557,Suelo_CE,Original,178.32928128728045,-0.9198307596704458,-0.5900653751855112,0.5427602823121154,-1.1129245383446429,0.893778164188631,0.22,Sin_clasificar
17,587192.647,517559,Suelo_CE,Original,175.6150853678236,-0.9664019191243545,-0.8297751351080439,0.8018962830100842,-1.0543642194734395,0.9967795401667443,0.086,Sin_clasificar
18,587194.713,517560,Suelo_CE,Original,181.8089981297853,-0.8601245141613985,-0.9072009980814487,0.7803058177215418,-1.1255646829586623,1.0988940805586318,0.128,Sin_clasificar
19,587196.236,517562,Suelo_CE,Original,166.27803468695151,-1.1266104261709424,-0.5567479436472689,0.6272380380622454,-0.9910549782316505,0.9607839534966617,0.14,Sin_clasificar
20,587198.569,517564,Suelo_CE,Original,127.48522014555596,-1.792231628650231,-1.2053568620033102,2.160278691892924,-1.0334476921178315,1.123644392887094,0.002,Bajo-Bajo
21,587200.494,517565,Suelo_CE,Original,200.32890913760988,-0.5423531541667971,-0.5349533474767421,0.29013363533609765,-1.0933731239216997,1.058473830151838,0.39,Sin_clasificar
22,587202.56,517567,Suelo_CE,Original,228.71581992531452,-0.055280227993276115,-0.15608224651749847,0.008628262173190042,-1.079155601873835,0.9586100303265448,0.928,Sin_clasificar
23,587204.529,517569,Suelo_CE,Original,179.35144908473524,-0.9022920333232911,-0.3217165890723869,0.2902823153079577,-1.0144606261248852,1.0160985577559394,0.36,Sin_clasificar
24,587206.461,517570,Suelo_CE,Original,266.9609037597214,0.6009428120651966,0.24029960235695988,0.14440631877854002,-1.0344813550015675,0.9141697978730302,0.524,Sin_clasificar
25,587208.571,517572,Suelo_CE,Original,256.1258580393511,0.41503116201941187,0.4014498314741908,0.16661419004923048,-1.1493935083494153,1.017319702351888,0.538,Sin_clasificar
26,587210.54,517574,Suelo_CE,Original,289.3965930392144,0.9859025179594976,1.0445386434118271,1.0298132786457181,-1.194313548758231,1.0276734699141818,0.058,Alto-Alto
27,587212.65,517576,Suelo_CE,Original,351.43520700006127,2.050383590367958,1.3730808328859647,2.8153424079981506,-1.0291682951072643,1.0784381785329265,0.002,Alto-Alto
28,587214.441,517577,Suelo_CE,Original,333.52374826493326,1.7430522754742708,1.5739949129026403,2.7435554145198737,-1.012040737399917,0.9275446313455376,0.002,Alto-Alto
29,587215.987,517575,Suelo_CE,Original,330.833363690577,1.6968896797285096,1.1422305909561483,1.9382393016636847,-1.1682185584094074,0.941880909528102,0.004,Alto-Alto
30,587214.196,517574,Suelo_CE,Original,287.7751290165133,0.9580808492992997,1.2109699274932235,1.1602070966086189,-0.9993377342466385,0.8868614361529132,0.028,Alto-Alto
31,587212.086,517572,Suelo_CE,Original,264.7594785419162,0.563169958562131,0.3567305463094014,0.20089992698291192,-1.1683877895175239,0.8220285173764643,0.506,Sin_clasificar
32,587210.117,517570,Suelo_CE,Original,193.102799608652,-0.666341366179087,0.165008576050092,-0.10995203999648408,-1.2541461967695309,1.006097208612155,0.684,Sin_clasificar
33,587208.007,517569,Suelo_CE,Original,242.41409310091885,0.17975971872948424,-0.14083492235580372,-0.025316446029968027,-1.1605889896646833,0.9323541059842151,0.932,Sin_clasificar
34,587206.075,517567,Suelo_CE,Original,208.2163027681082,-0.4070183893443708,0.1679303195378587,-0.06835072818038476,-1.0299345503253803,1.0189935264022556,0.656,Sin_clasificar
35,587204.105,517565,Suelo_CE,Original,310.7478583740179,1.3522552839193087,0.2282319742687565,0.30862789316426165,-1.0415208800504208,0.903568711144003,0.338,Sin_clasificar
36,587202.04,517564,Suelo_CE,Original,261.6401581224542,0.5096475257851814,-0.09404237231457324,-0.04792846236909109,-1.0897755545666377,1.080716146244407,0.78,Sin_clasificar
37,587200.115,517562,Suelo_CE,Original,126.97960998163278,-1.800907071493832,-0.6439500136515142,1.1596941332735615,-1.0442898312481432,0.9477587226790544,0.036,Bajo-Bajo
38,587197.782,517560,Suelo_CE,Original,216.55137943988112,-0.2640021162894131,-0.11738403083765481,0.030989632559722598,-1.124952219597549,0.9412156823390501,0.81,Sin_clasificar
39,587196.259,517559,Suelo_CE,Original,242.55184562597793,0.18212332658981475,-0.24862784341986296,-0.04528092992647703,-0.9111710234260313,1.0021781882172582,0.81,Sin_clasificar
40,587194.193,517557,Suelo_CE,Original,214.47950679586268,-0.2995520596745183,-0.08170535068378233,0.024475006083755812,-1.0307730249841223,0.9295367117463817,0.844,Sin_clasificar
41,587192.224,517555,Suelo_CE,Original,247.49351752792455,0.266914328029575,-0.24700026593760052,-0.06592791000586096,-1.0501695529083144,0.9477382085839068,0.734,Sin_clasificar
42,587190.146,517554,Suelo_CE,Original,229.1841886509458,-0.04724378727496445,-0.1690349222232867,0.007985849907557118,-1.0944757955255273,0.9291436958554957,0.974,Sin_clasificar
43,587191.692,517552,Suelo_CE,Original,240.96117387771207,0.15483000295894664,0.08006070585322858,0.012395799324150738,-0.9473284019398309,1.0876467104738738,0.902,Sin_clasificar
44,587193.77,517553,Suelo_CE,Original,248.17605435765364,0.27862554286952645,0.14126085137084815,0.039358881399414056,-1.2240437472911794,1.1018029079502578,0.778,Sin_clasificar
45,587195.739,517555,Suelo_CE,Original,243.04254133330625,0.19054286176983543,0.16878878191761526,0.03216149754122706,-1.0194573964819615,0.9057290602212047,0.808,Sin_clasificar
46,587197.805,517557,Suelo_CE,Original,256.94972184499886,0.4291673164458779,0.0386119329637169,0.016570979652826515,-1.1194177176087874,1.085975213190406,0.934,Sin_clasificar
47,587199.328,517558,Suelo_CE,Original,234.60588568763936,0.04578365978463053,-0.1008935677069826,-0.004619276778354077,-1.0229732063444343,1.0981695724351872,0.938,Sin_clasificar
48,587201.661,517560,Suelo_CE,Original,188.17683841530146,-0.7508627975742099,-0.3510725188788968,0.26360729367683305,-0.9394988264505517,0.9606349311270679,0.36,Sin_clasificar
49,587203.586,517562,Suelo_CE,Original,267.7705754186346,0.6148354524830274,0.4941547501894429,0.30382385942936346,-1.0664876798921095,1.0762096648574349,0.374,Sin_clasificar
50,587205.651,517563,Suelo_CE,Original,282.38406347892305,0.8655789886274915,0.6296841427533626,0.5450413634392246,-0.9868507330880442,0.9761760162803175,0.198,Sin_clasificar
51,587207.621,517565,Suelo_CE,Original,234.38527309722323,0.0419983088259329,0.4299732843093689,0.01805815078132552,-0.8746922729840219,1.0709536558674047,0.96,Sin_clasificar
52,587209.552,517567,Suelo_CE,Original,226.6385519772481,-0.09092274596495369,-0.23562746843358218,0.021423896454751734,-1.0184661928382572,1.0210856369337233,0.866,Sin_clasificar
53,587211.663,517569,Suelo_CE,Original,202.91811991894707,-0.49792653511065893,-0.011203492356003625,0.0055785161299636375,-0.9594584547684509,1.0734632174092191,0.9,Sin_clasificar
54,587213.632,517570,Suelo_CE,Original,240.6377270123093,0.14928018415789518,-0.01691536535333002,-0.002525128855043185,-0.9830258682098004,1.0211888213429139,0.994,Sin_clasificar
55,587215.742,517572,Suelo_CE,Original,263.02659313464585,0.5334364813142948,1.034650867730608,0.5519205182709974,-1.0708302067443303,1.0367309245934815,0.196,Sin_clasificar
56,587217.533,517574,Suelo_CE,Original,309.70448809759563,1.3343527577367282,1.2328648214540938,1.6450765744238691,-1.1009531593772375,0.9253750860517692,0.006,Alto-Alto
1,587212.895,517579,Suelo_CE,Residual_ajustado,36.12587264028343,0.8738034989963445,0.8261862680417549,0.7219244518376171,-1.1042300752565082,1.0086733393068155,0.118,Sin_clasificar
2,587211.104,517578,Suelo_CE,Residual_ajustado,29.430340547831165,0.711853656890573,0.8666737285681978,0.6169448630122595,-1.1493568077309475,1.0402158827132681,0.146,Sin_clasificar
3,587208.994,517576,Suelo_CE,Residual_ajustado,25.432895647892593,0.6151644675278102,0.46328109865136813,0.2849940703675678,-1.1289958982382458,1.0629542359041304,0.394,Sin_clasificar
4,587207.025,517574,Suelo_CE,Residual_ajustado,18.98826723663825,0.4592834204024358,0.49316176341717166,0.22650102151393545,-1.146692177060563,0.956890179301591,0.462,Sin_clasificar
5,587204.915,517572,Suelo_CE,Residual_ajustado,15.322853675468108,0.3706253213466453,-0.649203136993041,-0.240611121267296,-1.0511396036878953,0.9545385420878442,0.456,Sin_clasificar
6,587202.983,517570,Suelo_CE,Residual_ajustado,-78.00813907798843,-1.8868411998034706,-0.24580314297972894,0.4637914972153358,-0.9644069817493106,0.9914219601468512,0.228,Sin_clasificar
7,587201.014,517569,Suelo_CE,Residual_ajustado,-11.170910288843041,-0.27019916154165824,-0.9961032150374349,0.269146253512065,-1.1239336345064674,1.0663878481468545,0.414,Sin_clasificar
8,587198.948,517567,Suelo_CE,Residual_ajustado,-41.91927806111296,-1.0139329286223664,-1.0487261225496722,1.063337948759568,-1.028768721573702,0.9326448495813697,0.044,Bajo-Bajo
9,587197.023,517566,Suelo_CE,Residual_ajustado,-72.77142250113339,-1.7601768195773824,-1.0029052319378955,1.7652905414899618,-1.0074696170124218,0.8298946605697741,0.012,Bajo-Bajo
10,587194.69,517564,Suelo_CE,Residual_ajustado,-34.445517397384634,-0.833159490049567,-1.1557649673410828,0.962936550807051,-1.2260456361355594,1.049647921395911,0.072,Sin_clasificar
11,587193.167,517562,Suelo_CE,Residual_ajustado,-37.70731319734352,-0.9120549844614437,-0.7770018752691756,0.7086684332751406,-1.1659874653733917,0.847295612725662,0.102,Sin_clasificar
12,587191.101,517561,Suelo_CE,Residual_ajustado,-42.94785118353757,-1.038811795973131,-0.8762493783579359,0.9102581904523469,-1.0436892330030225,0.8103514824426948,0.058,Bajo-Bajo
13,587189.132,517559,Suelo_CE,Residual_ajustado,-56.09891095382487,-1.3569063139162951,-0.6367597076746003,0.8640232677911596,-1.377937994611215,1.0038276193470634,0.092,Sin_clasificar
14,587187.054,517557,Suelo_CE,Residual_ajustado,19.57178595431475,0.47339742402285,-0.42167964612051534,-0.19962205823631893,-1.1011074314079257,1.2261621198743495,0.518,Sin_clasificar
15,587188.6,517555,Suelo_CE,Residual_ajustado,14.546190579563376,0.3518395902031951,0.21722108813297317,0.07642697863219741,-0.9515642620560926,1.0894415270503475,0.714,Sin_clasificar
16,587190.678,517557,Suelo_CE,Residual_ajustado,-28.38211966320374,-0.6864995544214431,-0.3057632096904433,0.20990630721095957,-1.103136574932987,1.014956849744834,0.464,Sin_clasificar
17,587192.647,517559,Suelo_CE,Residual_ajustado,-53.544666965404936,-1.2951249043266773,-0.34979446696701205,0.45302752556465253,-1.2178065783524363,0.9377608868717195,0.254,Sin_clasificar
18,587194.713,517560,Suelo_CE,Residual_ajustado,2.4429181911009907,0.05908868927267292,-0.14072651905167965,-0.008315345556669585,-0.9199345383932037,1.1279199405849156,0.918,Sin_clasificar
19,587196.236,517562,Suelo_CE,Residual_ajustado,9.660603643117716,0.23366824518891016,0.4680164490435772,0.10936058236755768,-1.1859087107321251,0.9506381339865966,0.642,Sin_clasificar
20,587198.569,517564,Suelo_CE,Residual_ajustado,-90.3141674157372,-2.184496310514415,-1.1806161757039249,2.579051679958862,-0.9153673523275635,0.9872624073168361,0.002,Bajo-Bajo
21,587200.494,517565,Suelo_CE,Residual_ajustado,0.8255337182414157,0.019967801434765554,-0.6630866437268748,-0.013240382435983366,-1.3079726494856143,0.8849177830109047,0.928,Sin_clasificar
22,587202.56,517567,Suelo_CE,Residual_ajustado,6.46379561109554,0.15634465852250154,-0.13852415549536345,-0.021657511788040505,-1.2602330371619508,0.8530146701602446,0.906,Sin_clasificar
23,587204.529,517569,Suelo_CE,Residual_ajustado,-51.264937807597256,-1.2399833902464044,-0.47418201691796746,0.5879778249318192,-0.9465053364199094,1.0977309064320584,0.138,Sin_clasificar
24,587206.461,517570,Suelo_CE,Residual_ajustado,2.924150774857984,0.07072862167527504,0.037194297264259546,0.0026307013796815306,-0.9737983943380111,1.0264540866187424,0.97,Sin_clasificar
25,587208.571,517572,Suelo_CE,Residual_ajustado,30.598250080977017,0.7401027582129328,-0.12342739727686461,-0.09134895716365093,-1.142403532244694,0.9413473472195533,0.646,Sin_clasificar
26,587210.54,517574,Suelo_CE,Residual_ajustado,10.201632161476681,0.2467545065812983,0.33340974355506914,0.08227035676032829,-1.0870284033202573,1.063346722364053,0.674,Sin_clasificar
27,587212.65,517576,Suelo_CE,Residual_ajustado,17.993936974853476,0.43523281073116526,0.7423538089120477,0.3230967348097769,-1.176711249099561,1.0891832515356286,0.354,Sin_clasificar
28,587214.441,517577,Suelo_CE,Residual_ajustado,63.77171389938574,1.5424941370174714,0.5889236033693582,0.9084112053484378,-1.0622643213316878,1.059251566349789,0.088,Sin_clasificar
29,587215.987,517575,Suelo_CE,Residual_ajustado,23.910666330178927,0.578345168591075,0.5217563321379773,0.3017552538737994,-0.9874877532659767,1.1292705040083564,0.372,Sin_clasificar
30,587214.196,517574,Suelo_CE,Residual_ajustado,19.36157668260453,0.46831293515884836,-0.058846506205145366,-0.02755858004477501,-1.0597467531005698,0.9731548920800335,0.866,Sin_clasificar
31,587212.086,517572,Suelo_CE,Residual_ajustado,-18.888119088747317,-0.45686106225163187,-0.26137050465166783,0.11941000639640606,-0.9186618362574445,0.884367311845826,0.608,Sin_clasificar
32,587210.117,517570,Suelo_CE,Residual_ajustado,-52.52560695647043,-1.2704761377664675,-0.23408639238456802,0.2974011757004318,-1.0460580024867765,0.8739216880558223,0.394,Sin_clasificar
33,587208.007,517569,Suelo_CE,Residual_ajustado,11.49476591378184,0.27803249974386446,-0.44457841925127334,-0.12360724923660732,-0.9894710056782352,0.9948809821364492,0.68,Sin_clasificar
34,587206.075,517567,Suelo_CE,Residual_ajustado,-9.796701592170182,-0.23696014806617563,-0.01809094564409021,0.0042868331584807505,-1.1438014887140668,0.9045658469714464,0.992,Sin_clasificar
35,587204.105,517565,Suelo_CE,Residual_ajustado,38.70216166525465,0.9361181283718432,0.36756345851223665,0.3440828168403566,-0.9753073758556157,0.9124372821477429,0.306,Sin_clasificar
36,587202.04,517564,Suelo_CE,Residual_ajustado,16.113034078500657,0.3897380057067805,-0.12337887778627465,-0.04808543777476329,-1.2102749347718533,1.110989433758845,0.82,Sin_clasificar
37,587200.115,517562,Suelo_CE,Residual_ajustado,-81.3768510674702,-1.9683227560507166,-0.5902322017813161,1.1617674741200827,-0.8826648203308868,1.1148782881537,0.024,Bajo-Bajo
38,587197.782,517560,Suelo_CE,Residual_ajustado,51.08086276631284,1.2355310295587107,1.3025160689104698,1.6092990196377173,-1.0412175884532064,0.9909180564112885,0.008,Alto-Alto
39,587196.259,517559,Suelo_CE,Residual_ajustado,58.31901237730006,1.410605567392492,0.8864843341160046,1.250479737110262,-1.1193535476634469,1.1197714894746738,0.038,Alto-Alto
40,587194.193,517557,Suelo_CE,Residual_ajustado,11.040498466097196,0.26704479325385266,0.7753217231164289,0.20704562925484754,-1.0401460888211247,0.986043259579974,0.468,Sin_clasificar
41,587192.224,517555,Suelo_CE,Residual_ajustado,44.53241347976002,1.0771387892780042,-0.2153646059095206,-0.23197757086271553,-1.2149874202063125,1.0247437240025268,0.458,Sin_clasificar
42,587190.146,517554,Suelo_CE,Residual_ajustado,0.2004193891301771,0.004847693652481483,0.33137813809098454,0.0016064196965947981,-1.1614451884928545,0.858766935031607,0.996,Sin_clasificar
43,587191.692,517552,Suelo_CE,Residual_ajustado,24.104506564431524,0.5830337273041819,0.2467436792526768,0.1438598870034357,-1.0619303969387859,1.1125078237493276,0.586,Sin_clasificar
44,587193.77,517553,Suelo_CE,Residual_ajustado,-18.474285350171172,-0.44685135612297355,0.8934219125891409,-0.39922679323043836,-1.0352249179516408,1.184430928750235,0.282,Sin_clasificar
45,587195.739,517555,Suelo_CE,Residual_ajustado,78.91050669137672,1.9086674401218964,0.7204012626969163,1.375006433932305,-1.048231473105648,0.8987511253044268,0.012,Alto-Alto
46,587197.805,517557,Suelo_CE,Residual_ajustado,82.03627865924037,1.984272824378782,1.5340804189386985,3.0440340857116763,-0.9606175221544417,0.8284065721776079,0.002,Alto-Alto
47,587199.328,517558,Suelo_CE,Residual_ajustado,65.38507211175143,1.5815176386816947,1.0110677793943972,1.5990215270149717,-1.0320852697840934,0.8130227222240687,0.008,Alto-Alto
48,587201.661,517560,Suelo_CE,Residual_ajustado,-24.232859830925655,-0.5861383037523955,0.34186180682217454,-0.2003782995684785,-1.0017930124928862,0.9123284345472285,0.482,Sin_clasificar
49,587203.586,517562,Suelo_CE,Residual_ajustado,21.44562271333448,0.5187213150990093,0.4752122870530171,0.24650274249134896,-1.1125726418643185,1.1738385533695086,0.428,Sin_clasificar
50,587205.651,517563,Suelo_CE,Residual_ajustado,48.00493721616901,1.1611313178858402,0.4495116071829922,0.5219420048533698,-1.0961581186757035,1.062961010731064,0.216,Sin_clasificar
51,587207.621,517565,Suelo_CE,Residual_ajustado,-1.923743404979791,-0.04653102044566409,0.37967082133594565,-0.017666470750204964,-1.0789410045442849,1.0570122539621563,0.972,Sin_clasificar
52,587209.552,517567,Suelo_CE,Residual_ajustado,-14.123101277880755,-0.34160601284772524,-0.6341486059279262,0.21662897682398222,-1.1705232228981477,1.0051306468542103,0.424,Sin_clasificar
53,587211.663,517569,Suelo_CE,Residual_ajustado,-61.916461727262934,-1.4976197652434375,-0.6397541338615438,0.9581084357672439,-1.2237997839073698,1.0377977657782296,0.078,Sin_clasificar
54,587213.632,517570,Suelo_CE,Residual_ajustado,-20.261221723503702,-0.4900733225803505,-1.0042649767881817,0.4921634739256628,-0.8985301751900834,1.0579117760843801,0.204,Sin_clasificar
55,587215.742,517572,Suelo_CE,Residual_ajustado,-32.74810644455278,-0.79210294189119,0.3562264948590881,-0.28216805455747057,-0.9719888688190788,1.0660513352036836,0.358,Sin_clasificar
56,587217.533,517574,Suelo_CE,Residual_ajustado,35.89921653492395,0.8683211982667794,0.4492623247190512,0.39010400013616553,-1.1413729124216054,1.1437252236060877,0.298,Sin_clasificar
1,587212.895,517579,Suelo_CE_corregida_OLS,Original,568.7059999973585,1.5906255322148568,1.6870733543377234,2.683501952128945,-1.2371844702068948,1.0513924020909473,0.002,Alto-Alto
2,587211.104,517578,Suelo_CE_corregida_OLS,Original,580.3446511696878,1.805287688810874,1.6334078151887192,2.948771019567662,-1.0977063880679794,1.064187410125076,0.002,Alto-Alto
3,587208.994,517576,Suelo_CE_corregida_OLS,Original,544.7926415997391,1.1495698626978634,1.3817172897973489,1.5883805551196024,-1.1736059495875462,0.9212840337242327,0.012,Alto-Alto
4,587207.025,517574,Suelo_CE_corregida_OLS,Original,519.6203939762178,0.6852953620511868,0.9548007761697219,0.6543205435919838,-1.1758139279328044,0.7543432361026479,0.15,Sin_clasificar
5,587204.915,517572,Suelo_CE_corregida_OLS,Original,551.2516702261818,1.2686995620021944,-0.26039110255599646,-0.33035807776206116,-1.0816627441174154,0.8487163411603906,0.3,Sin_clasificar
6,587202.983,517570,Suelo_CE_corregida_OLS,Original,405.1757517334531,-1.4255105510170654,-0.05520294545339971,0.07869238119104083,-1.1057830363592562,1.1868392106530532,0.692,Sin_clasificar
7,587201.014,517569,Suelo_CE_corregida_OLS,Original,453.62381908049406,-0.5319390824992527,-0.7962579678455705,0.4235607328484922,-1.0740790525951611,0.9292803619462797,0.228,Sin_clasificar
8,587198.948,517567,Suelo_CE_corregida_OLS,Original,438.98429444354707,-0.8019490590486763,-1.1356855071550687,0.9107619238382261,-0.9741075251174547,1.20523701394349,0.102,Sin_clasificar
9,587197.023,517566,Suelo_CE_corregida_OLS,Original,391.58277152713356,-1.676218163304027,-1.105380578148457,1.85285900245595,-1.088417510049358,0.9824255829245542,0.006,Bajo-Bajo
10,587194.69,517564,Suelo_CE_corregida_OLS,Original,412.7946422748846,-1.2849884707281554,-1.5782437979363635,2.0280250843464436,-1.240785830436753,1.1277564587152278,0.004,Bajo-Bajo
11,587193.167,517562,Suelo_CE_corregida_OLS,Original,389.32203475841084,-1.7179149736203039,-1.0877770277349392,1.8687084439060406,-0.9591079860878782,1.0164038401641857,0.002,Bajo-Bajo
12,587191.101,517561,Suelo_CE_corregida_OLS,Original,415.25590348947674,-1.2395932069258864,-1.2567905140855191,1.557908983789302,-1.0276875280564721,0.993998120132215,0.002,Bajo-Bajo
13,587189.132,517559,Suelo_CE_corregida_OLS,Original,402.07390840162464,-1.4827206494360574,-0.8597748825110401,1.2748059721655793,-1.245165814802028,1.0293771018472224,0.032,Bajo-Bajo
14,587187.054,517557,Suelo_CE_corregida_OLS,Original,465.479522007962,-0.31327364432351323,-0.6569621141481699,0.20580891568167706,-0.9387410802493703,1.1325382790428506,0.464,Sin_clasificar
15,587188.6,517555,Suelo_CE_corregida_OLS,Original,472.8109627566596,-0.17805326021122136,-0.25335846580984195,0.04511130083955562,-1.1252572251624742,0.9025130832992745,0.788,Sin_clasificar
16,587190.678,517557,Suelo_CE_corregida_OLS,Original,432.5929303815548,-0.9198307596704288,-0.590065375185516,0.5427602823121098,-1.1869716546692126,1.11646802453767,0.204,Sin_clasificar
17,587192.647,517559,Suelo_CE_corregida_OLS,Original,430.0679139176843,-0.9664019191243315,-0.8297751351080549,0.80189628301007565,-1.179810069733878,1.1756466229276414,0.112,Sin_clasificar
18,587194.713,517560,Suelo_CE_corregida_OLS,Original,435.8301109601372,-0.8601245141613838,-0.9072009980814413,0.7803058177215222,-0.9883741336301584,0.9068382766158404,0.092,Sin_clasificar
19,587196.236,517562,Suelo_CE_corregida_OLS,Original,421.3816556692683,-1.1266104261709207,-0.556747943647291,0.6272380380622582,-1.1144978883180583,0.9267537149747793,0.162,Sin_clasificar
20,587198.569,517564,Suelo_CE_corregida_OLS,Original,385.2927003014059,-1.7922316286502025,-1.20535686200332,2.1602786918929073,-1.1874006657261498,1.0788362753006986,0.004,Bajo-Bajo
21,587200.494,517565,Suelo_CE_corregida_OLS,Original,453.059184170717,-0.542353154166793,-0.5349533474767469,0.2901336353360981,-1.0698302158322908,0.8405415387453441,0.344,Sin_clasificar
22,587202.56,517567,Suelo_CE_corregida_OLS,Original,479.46752727652085,-0.055280227993264555,-0.15608224651752045,0.008628262173189453,-1.0385568755242578,1.0058818415590087,0.942,Sin_clasificar
23,587204.529,517569,Suelo_CE_corregida_OLS,Original,433.543853083527,-0.9022920333232759,-0.32171658907238204,0.2902823153079484,-1.2757006270863354,0.9826493258387655,0.384,Sin_clasificar
24,587206.461,517570,Suelo_CE_corregida_OLS,Original,515.0469287676699,0.6009428120651685,0.24029960235694303,0.14440631877852314,-1.0822741512708811,1.0853741706744422,0.554,Sin_clasificar
25,587208.571,517572,Suelo_CE_corregida_OLS,Original,504.9670857340086,0.4150311620193821,0.40144983147418584,0.16661419004921646,-1.1338830767879982,1.1336856837297216,0.498,Sin_clasificar
26,587210.54,517574,Suelo_CE_corregida_OLS,Original,535.9188505043825,0.9859025179594478,1.0445386434118074,1.0298132786456466,-1.0299973341398636,1.0022837172487582,0.054,Alto-Alto
27,587212.65,517576,Suelo_CE_corregida_OLS,Original,593.6333730721611,2.050383590367887,1.3730808328859674,2.8153424079980587,-1.1063291697643634,1.1506478498993742,0.002,Alto-Alto
28,587214.441,517577,Suelo_CE_corregida_OLS,Original,576.9703430108742,1.7430522754742699,1.5739949129026176,2.743555414519833,-1.1657703493900533,0.9977788619958554,0.002,Alto-Alto
29,587215.987,517575,Suelo_CE_corregida_OLS,Original,574.4674782413472,1.6968896797284487,1.1422305909561543,1.9382393016636255,-1.1309077655791786,0.9802072754282262,0.006,Alto-Alto
30,587214.196,517574,Suelo_CE_corregida_OLS,Original,534.410402524065,0.9580808492992776,1.2109699274931849,1.1602070966085551,-1.072922591886634,0.8679944674805409,0.032,Alto-Alto
31,587212.086,517572,Suelo_CE_corregida_OLS,Original,512.9989428875452,0.5631699585620967,0.3567305463093846,0.20089992698289025,-1.121518614608487,0.9689903345545829,0.458,Sin_clasificar
32,587210.117,517570,Suelo_CE_corregida_OLS,Original,446.33673447592827,-0.6663413661790598,0.16500857605006913,-0.10995203999646436,-1.1176622165457812,1.058009133660759,0.646,Sin_clasificar
33,587208.007,517569,Suelo_CE_corregida_OLS,Original,492.2110308117851,0.1797597187294715,-0.14083492235580747,-0.025316446029966907,-1.1300097780624503,0.9431124841299536,0.858,Sin_clasificar
34,587206.075,517567,Suelo_CE_corregida_OLS,Original,460.3968264651701,-0.40701838934436685,0.16793031953784796,-0.06835072818037974,-0.946858806415277,0.865518878230144,0.764,Sin_clasificar
35,587204.105,517565,Suelo_CE_corregida_OLS,Original,555.7819326453505,1.3522552839192397,0.228231974268768,0.3086278931642615,-0.95237773049634,0.7887574578293133,0.31,Sin_clasificar
36,587202.04,517564,Suelo_CE_corregida_OLS,Original,510.09703910132,0.5096475257851557,-0.09404237231457083,-0.047928462369087446,-1.0816958580479392,0.8972716351700791,0.864,Sin_clasificar
37,587200.115,517562,Suelo_CE_corregida_OLS,Original,384.8223311659092,-1.8009070714937838,-0.643950013651506,1.1596941332735158,-0.9274284698922514,1.0250533730027294,0.028,Bajo-Bajo
38,587197.782,517560,Suelo_CE_corregida_OLS,Original,468.1509482929206,-0.2640021162894161,-0.1173840308376373,0.030989632559718327,-1.2116828214451956,1.1220315559080571,0.818,Sin_clasificar
39,587196.259,517559,Suelo_CE_corregida_OLS,Original,492.339181985847,0.1821233265897911,-0.24862784341985117,-0.045280929926469,-1.0981835153446797,1.0310162962177682,0.79,Sin_clasificar
40,587194.193,517557,Suelo_CE_corregida_OLS,Original,466.2234851721901,-0.29955205967452087,-0.08170535068377638,0.024475006083754237,-0.9841850238112086,0.9786052372525966,0.904,Sin_clasificar
41,587192.224,517555,Suelo_CE_corregida_OLS,Original,496.936419356228,0.26691432802954623,-0.24700026593758656,-0.06592791000585013,-0.9057105274273927,1.0037510854107385,0.76,Sin_clasificar
42,587190.146,517554,Suelo_CE_corregida_OLS,Original,479.9032507019746,-0.047243787274972,-0.1690349222232815,0.007985849907558148,-1.2114681450222775,0.9699407188191473,0.962,Sin_clasificar
43,587191.692,517552,Suelo_CE_corregida_OLS,Original,490.85938005843815,0.1548300029589779,0.08006070585323208,0.012395799324153781,-1.0857579395643076,1.0323749198350018,0.898,Sin_clasificar
44,587193.77,517553,Suelo_CE_corregida_OLS,Original,497.5713833689292,0.27862554286957547,0.14126085137086017,0.03935888139942433,-0.9584979544721965,1.0303514824960593,0.836,Sin_clasificar
45,587195.739,517555,Suelo_CE_corregida_OLS,Original,492.79567620237873,0.19054286176988852,0.16878878191762928,0.0321614975412387,-0.9686100576513645,1.1407863340404538,0.874,Sin_clasificar
46,587197.805,517557,Suelo_CE_corregida_OLS,Original,505.73352623240646,0.42916731644591627,0.03861193296373188,0.016570979652834425,-0.9609634103962446,1.0885030208834559,0.94,Sin_clasificar
47,587199.328,517558,Suelo_CE_corregida_OLS,Original,484.9470554552132,0.04578365978466401,-0.10089356770697311,-0.004619276778357021,-1.1825160087588658,1.173973821350475,0.996,Sin_clasificar
48,587201.661,517560,Suelo_CE_corregida_OLS,Original,441.7541127777539,-0.7508627975741837,-0.3510725188788705,0.26360729367680413,-0.8189220369690213,1.1492642795745276,0.39,Sin_clasificar
49,587203.586,517562,Suelo_CE_corregida_OLS,Original,515.8001663119599,0.6148354524830538,0.49415475018943983,0.3038238594293747,-1.1254569232524188,0.8728334055195993,0.336,Sin_clasificar
50,587205.651,517563,Suelo_CE_corregida_OLS,Original,529.3950942544487,0.8655789886275478,0.6296841427533515,0.5450413634392504,-1.0196950938551244,0.8656275972150753,0.144,Sin_clasificar
51,587207.621,517565,Suelo_CE_corregida_OLS,Original,484.74181956234855,0.04199830882595661,0.4299732843093622,0.018058150781335436,-1.014498463682334,0.9901667737456861,0.83,Sin_clasificar
52,587209.552,517567,Suelo_CE_corregida_OLS,Original,477.53504490443294,-0.09092274596497175,-0.23562746843357638,0.021423896454755467,-1.3189538661390092,0.9659788941987669,0.89,Sin_clasificar
53,587211.663,517569,Suelo_CE_corregida_OLS,Original,455.4679269605941,-0.4979265351106738,-0.011203492356015483,0.005578516129969709,-1.0941674952533,0.9599227724609349,0.906,Sin_clasificar
54,587213.632,517570,Suelo_CE_corregida_OLS,Original,490.55847743955104,0.1492801841578729,-0.016915365353332656,-0.002525128855043202,-1.0896263370719097,0.9440970299839504,0.986,Sin_clasificar
55,587215.742,517572,Suelo_CE_corregida_OLS,Original,511.386839593164,0.5334364813143062,1.0346508677305906,0.5519205182709999,-1.1842847132851784,1.1527541610025325,0.174,Sin_clasificar
56,587217.533,517574,Suelo_CE_corregida_OLS,Original,554.8112852772005,1.3343527577367635,1.2328648214540756,1.6450765744238884,-1.026540807318145,0.9712190957954184,0.008,Alto-Alto
1,587212.895,517579,Suelo_CE_corregida_OLS,Residual_ajustado,33.60789931726244,0.8738034989964542,0.8261862680417633,0.7219244518377151,-1.1458954174102145,1.0541836520112,0.122,Sin_clasificar
2,587211.104,517578,Suelo_CE_corregida_OLS,Residual_ajustado,27.37904581165253,0.7118536568906545,0.8666737285682131,0.616944863012341,-0.9026749329061732,0.890494832830078,0.122,Sin_clasificar
3,587208.994,517576,Suelo_CE_corregida_OLS,Residual_ajustado,23.66022282123821,0.6151644675278608,0.4632810986513576,0.28499407036758473,-0.9733386302054106,0.9773697681557847,0.378,Sin_clasificar
4,587207.025,517574,Suelo_CE_corregida_OLS,Residual_ajustado,17.664785010247307,0.45928342040247244,0.4931617634171485,0.22650102151394289,-0.9931726938299014,1.0794101603150612,0.428,Sin_clasificar
5,587204.915,517572,Suelo_CE_corregida_OLS,Residual_ajustado,14.254850774287963,0.3706253213466168,-0.6492031369930121,-0.2406111212672668,-0.973036594681391,1.0697925204636547,0.42,Sin_clasificar
6,587202.983,517570,Suelo_CE_corregida_OLS,Residual_ajustado,-72.57097178425634,-1.8868411998034242,-0.2458031429797491,0.4637914972153624,-0.9997260634414962,1.0564666693464029,0.226,Sin_clasificar
7,587201.014,517569,Suelo_CE_corregida_OLS,Residual_ajustado,-10.392297841714322,-0.2701991615417325,-0.9961032150374342,0.2691462535121388,-1.1513212632898124,1.0204132589071695,0.384,Sin_clasificar
8,587198.948,517567,Suelo_CE_corregida_OLS,Residual_ajustado,-38.99750438025883,-1.0139329286224315,-1.048726122549689,1.0633379487596533,-1.2270441596151405,1.185504506657498,0.072,Sin_clasificar
9,587197.023,517566,Suelo_CE_corregida_OLS,Residual_ajustado,-67.69925435281131,-1.7601768195774292,-1.0029052319379248,1.7652905414900604,-1.0990646175368706,1.1980699202917102,0.008,Bajo-Bajo
10,587194.69,517564,Suelo_CE_corregida_OLS,Residual_ajustado,-32.04466483479342,-0.8331594900496729,-1.1557649673410744,0.9629365508071664,-1.0768275058097796,1.0435967384742812,0.066,Sin_clasificar
11,587193.167,517562,Suelo_CE_corregida_OLS,Residual_ajustado,-35.07911346749124,-0.9120549844614415,-0.7770018752691865,0.7086684332751488,-1.1519125509458272,0.9073336232505007,0.116,Sin_clasificar
12,587191.101,517561,Suelo_CE_corregida_OLS,Residual_ajustado,-39.95438595604921,-1.0388117959731618,-0.8762493783579106,0.9102581904523477,-1.0990216370744605,0.9281380613584138,0.066,Sin_clasificar
13,587189.132,517559,Suelo_CE_corregida_OLS,Residual_ajustado,-52.188816860347,-1.3569063139162894,-0.6367597076745999,0.8640232677911552,-1.1494857473345372,0.8731879886193332,0.068,Sin_clasificar
14,587187.054,517557,Suelo_CE_corregida_OLS,Residual_ajustado,18.20763247329875,0.4733974240228076,-0.42167964612052267,-0.19962205823630452,-0.9013978940799876,0.9025655941771089,0.51,Sin_clasificar
15,587188.6,517555,Suelo_CE_corregida_OLS,Residual_ajustado,13.53232109616806,0.351839590203175,0.21722108813294283,0.07642697863218237,-1.1854659359592894,0.9427462647531074,0.712,Sin_clasificar
16,587190.678,517557,Suelo_CE_corregida_OLS,Residual_ajustado,-26.40388592268034,-0.6864995544214406,-0.3057632096904447,0.2099063072109598,-1.0127261355898889,1.1206562940082896,0.506,Sin_clasificar
17,587192.647,517559,Suelo_CE_corregida_OLS,Residual_ajustado,-49.81260367791718,-1.2951249043266047,-0.3497944669670234,0.4530275255646418,-1.229643556207284,0.9428617124467624,0.214,Sin_clasificar
18,587194.713,517560,Suelo_CE_corregida_OLS,Residual_ajustado,2.27264679318221,0.05908868927269339,-0.14072651905166866,-0.008315345556671816,-1.00459968299681,0.950267804624598,0.932,Sin_clasificar
19,587196.236,517562,Suelo_CE_corregida_OLS,Residual_ajustado,8.98725956919451,0.23366824518894708,0.46801644904353257,0.10936058236756452,-1.0238941706119813,0.9158157048991439,0.648,Sin_clasificar
20,587198.569,517564,Suelo_CE_corregida_OLS,Residual_ajustado,-84.0192699468651,-2.184496310514374,-1.180616175703932,2.5790516799588294,-1.0405100024442668,0.9228471328710348,0.004,Bajo-Bajo
21,587200.494,517565,Suelo_CE_corregida_OLS,Residual_ajustado,0.7679940180805733,0.019967801434779255,-0.6630866437268701,-0.013240382435992357,-1.0342093256187328,1.043214311471501,0.912,Sin_clasificar
22,587202.56,517567,Suelo_CE_corregida_OLS,Residual_ajustado,6.013269057003225,0.1563446585225169,-0.13852415549539454,-0.02165751178804749,-1.01797070514238,0.8918729442599649,0.878,Sin_clasificar
23,587204.529,517569,Suelo_CE_corregida_OLS,Residual_ajustado,-47.69177164241107,-1.2399833902463975,-0.474182016917942,0.5879778249317843,-1.2049115078864305,0.975149037186868,0.148,Sin_clasificar
24,587206.461,517570,Suelo_CE_corregida_OLS,Residual_ajustado,2.7203374658515913,0.07072862167530113,0.03719429726423834,0.002630701379681001,-0.9781792509292467,1.1033279108555887,0.964,Sin_clasificar
25,587208.571,517572,Suelo_CE_corregida_OLS,Residual_ajustado,28.465552050334022,0.7401027582129056,-0.12342739727686564,-0.09134895716364833,-1.105206741076588,0.9807536836279479,0.692,Sin_clasificar
26,587210.54,517574,Suelo_CE_corregida_OLS,Residual_ajustado,9.490578399819114,0.24675450658121095,0.3334097435550451,0.08227035676029323,-1.063198463013342,1.106441412574097,0.69,Sin_clasificar
27,587212.65,517576,Suelo_CE_corregida_OLS,Residual_ajustado,16.73975956770465,0.43523281073109243,0.7423538089120361,0.32309673480971773,-1.1559985792972274,0.9038472820670703,0.32,Sin_clasificar
28,587214.441,517577,Suelo_CE_corregida_OLS,Residual_ajustado,59.326825440602036,1.5424941370174452,0.5889236033693578,0.9084112053484217,-1.234095993101463,1.1408098653025953,0.088,Sin_clasificar
29,587215.987,517575,Suelo_CE_corregida_OLS,Residual_ajustado,22.24409288696621,0.578345168591051,0.5217563321379787,0.30175525387378765,-1.1204684940137448,1.0294915724378768,0.396,Sin_clasificar
30,587214.196,517574,Suelo_CE_corregida_OLS,Residual_ajustado,18.01207478782779,0.4683129351588337,-0.0588465062051767,-0.02755858004478882,-1.0055708334049203,0.994074838911651,0.86,Sin_clasificar
31,587212.086,517572,Suelo_CE_corregida_OLS,Residual_ajustado,-17.57161718826476,-0.45686106225167866,-0.2613705046516937,0.11941000639643011,-1.1186784885997054,1.0828188317289347,0.684,Sin_clasificar
32,587210.117,517570,Suelo_CE_corregida_OLS,Residual_ajustado,-48.86457215160735,-1.270476137766447,-0.23408639238460688,0.2974011757004764,-1.1110815727860712,1.074265672751421,0.34,Sin_clasificar
33,587208.007,517569,Suelo_CE_corregida_OLS,Residual_ajustado,10.693580729590668,0.2780324997438284,-0.4445784192512644,-0.12360724923658879,-1.1028938800127281,0.8784090721875589,0.642,Sin_clasificar
34,587206.075,517567,Suelo_CE_corregida_OLS,Residual_ajustado,-9.113871491196075,-0.23696014806616175,-0.018090945644110616,0.004286833158485335,-1.0788280393124496,0.8760144358112568,0.928,Sin_clasificar
35,587204.105,517565,Suelo_CE_corregida_OLS,Residual_ajustado,36.00462099718641,0.9361181283717726,0.36756345851226824,0.34408281684036024,-1.0184792200408614,0.9412822522417208,0.284,Sin_clasificar
36,587202.04,517564,Suelo_CE_corregida_OLS,Residual_ajustado,14.989955603231367,0.38973800570680844,-0.12337887778627088,-0.04808543777476526,-1.1078740392546038,1.0037046530045899,0.774,Sin_clasificar
37,587200.115,517562,Suelo_CE_corregida_OLS,Residual_ajustado,-75.70488454807055,-1.9683227560506467,-0.5902322017812889,1.161767474119988,-1.0833521909903228,0.9787757787685076,0.04,Bajo-Bajo
38,587197.782,517560,Suelo_CE_corregida_OLS,Residual_ajustado,47.52052663150346,1.2355310295586854,1.3025160689104727,1.609299019637688,-0.9606056155959459,1.1250034679987917,0.02,Alto-Alto
39,587196.259,517559,Suelo_CE_corregida_OLS,Residual_ajustado,54.25417721460376,1.4106055673924245,0.8864843341160009,1.250479737110197,-1.0107088163285938,1.132844366388136,0.032,Alto-Alto
40,587194.193,517557,Suelo_CE_corregida_OLS,Residual_ajustado,10.270975723009565,0.2670447932538154,0.7753217231164347,0.2070456292548202,-1.036983018936085,0.9486821529331425,0.458,Sin_clasificar
41,587192.224,517555,Suelo_CE_corregida_OLS,Residual_ajustado,41.4285042602214,1.07713878927794,-0.21536460590950865,-0.23197757086268883,-1.1293818656524266,1.0164090503689864,0.488,Sin_clasificar
42,587190.146,517554,Suelo_CE_corregida_OLS,Residual_ajustado,0.18645015770715512,0.004847693652464271,0.33137813809097316,0.0016064196965890393,-1.1932439695276922,0.9179674244940652,0.926,Sin_clasificar
43,587191.692,517552,Suelo_CE_corregida_OLS,Residual_ajustado,22.42442245689373,0.5830337273042181,0.24674367925267637,0.14385988700344438,-1.1492002627753073,0.8668240099295927,0.532,Sin_clasificar
44,587193.77,517553,Suelo_CE_corregida_OLS,Residual_ajustado,-17.186627661261703,-0.4468513561228737,0.8934219125891503,-0.3992267932303533,-1.0669334330060467,1.1212511185971659,0.28,Sin_clasificar
45,587195.739,517555,Suelo_CE_corregida_OLS,Residual_ajustado,73.41044437499649,1.9086674401219788,0.7204012626969227,1.3750064339323766,-1.0952226911964131,0.9952315470073547,0.022,Alto-Alto
46,587197.805,517557,Suelo_CE_corregida_OLS,Residual_ajustado,76.31835003669813,1.9842728243788093,1.5340804189386996,3.0440340857117203,-0.8207037536857623,0.8694847046753558,0.002,Alto-Alto
47,587199.328,517558,Suelo_CE_corregida_OLS,Residual_ajustado,60.82773258556752,1.5815176386817096,1.0110677793943876,1.5990215270149717,-1.0911102730097673,1.035234742794484,0.018,Alto-Alto
48,587201.661,517560,Suelo_CE_corregida_OLS,Residual_ajustado,-22.54382950071084,-0.5861383037523693,0.3418618068221899,-0.20037829956847855,-1.017316487801841,1.1467162227583547,0.448,Sin_clasificar
49,587203.586,517562,Suelo_CE_corregida_OLS,Residual_ajustado,19.95086281021665,0.5187213150990113,0.47521228705303026,0.24650274249135673,-0.8743426433881188,0.8564553561537022,0.408,Sin_clasificar
50,587205.651,517563,Suelo_CE_corregida_OLS,Residual_ajustado,44.658993092208064,1.1611313178859093,0.4495116071829866,0.5219420048533944,-1.1732906577035305,1.029124698328662,0.17,Sin_clasificar
51,587207.621,517565,Suelo_CE_corregida_OLS,Residual_ajustado,-1.7896584896521368,-0.046531020445645915,0.3796708213359426,-0.01766647075019792,-0.9813514132850374,1.1157208566460506,0.898,Sin_clasificar
52,587209.552,517567,Suelo_CE_corregida_OLS,Residual_ajustado,-13.138721118814406,-0.3416060128477499,-0.6341486059279369,0.21662897682400148,-1.1096543705503858,0.815225882589748,0.446,Sin_clasificar
53,587211.663,517569,Suelo_CE_corregida_OLS,Residual_ajustado,-57.60088434487881,-1.4976197652434828,-0.639754133861562,0.9581084357673002,-1.2299007680130023,1.0814322087506367,0.084,Sin_clasificar
54,587213.632,517570,Suelo_CE_corregida_OLS,Residual_ajustado,-18.849014569377765,-0.49007332258037245,-1.004264976788195,0.4921634739256914,-1.3538550573212418,1.0126255130273802,0.224,Sin_clasificar
55,587215.742,517572,Suelo_CE_corregida_OLS,Residual_ajustado,-30.46556342536905,-0.7921029418911717,0.3562264948590799,-0.2821680545574576,-1.235285378209003,1.1151858589349184,0.446,Sin_clasificar
56,587217.533,517574,Suelo_CE_corregida_OLS,Residual_ajustado,33.39704114244335,0.8683211982668073,0.4492623247190395,0.39010400013616786,-1.3327114610995217,1.0410995671905126,0.3,Sin_clasificar
1,587212.895,517579,Suelo_Hv,Original,14.840328765734377,0.17849605726999787,0.014160018439216198,0.0025275074622705604,-0.6316518419490043,0.633966368461587,0.766,Sin_clasificar
2,587211.104,517578,Suelo_Hv,Original,14.772671519790729,-0.01985315978652777,0.06374732270334761,-0.0012655857835929094,-0.783506203635917,0.3443775238812856,0.806,Sin_clasificar
3,587208.994,517576,Suelo_Hv,Original,14.759608853712594,-0.05814868235962877,0.030039908354713745,-0.0017467810890306082,-0.5790612469306793,0.4170937115729613,0.766,Sin_clasificar
4,587207.025,517574,Suelo_Hv,Original,14.826978230382531,0.1393565948607594,-0.08564607745092956,-0.011935345716742412,-0.7515374514583688,0.31398651453380955,0.482,Sin_clasificar
5,587204.915,517572,Suelo_Hv,Original,14.726391360087236,-0.15553165681084413,0.2310707776037694,-0.035938820881284354,-0.7245189211315919,0.48458012750403867,0.316,Sin_clasificar
6,587202.983,517570,Suelo_Hv,Original,15.03269131416882,0.742440987939349,-0.06313569118210137,-0.046874524935472985,-0.6717618866383614,0.3350850380782706,0.26,Sin_clasificar
7,587201.014,517569,Suelo_Hv,Original,14.733609465511103,-0.13437050046333432,0.020613601317274147,-0.0027698599253537745,-0.8957919795137261,0.3757131889249926,0.82,Sin_clasificar
8,587198.948,517567,Suelo_Hv,Original,14.541577600093,-0.6973459752160254,-0.09622359351596618,0.06710113565918185,-0.3236330401934915,0.2964217862588072,0.206,Sin_clasificar
9,587197.023,517566,Suelo_Hv,Original,14.745240864528704,-0.10027099114640606,-0.27513001473396426,0.027587559271499897,-0.6188254465244145,0.19911489150895248,0.324,Sin_clasificar
10,587194.69,517564,Suelo_Hv,Original,14.693171625422769,-0.25292120126570733,-0.235536438686223,0.05957215901436615,-0.6110454853337237,0.7948568728192864,0.244,Sin_clasificar
11,587193.167,517562,Suelo_Hv,Original,14.586305647917328,-0.566217769468311,-0.07114211988298985,0.04028193243539369,-0.6584005527221091,0.32884272708699946,0.284,Sin_clasificar
12,587191.101,517561,Suelo_Hv,Original,14.779971419273359,0.0015477903523094436,0.03382270184687374,5.235045160762998e-5,-0.4177159103630431,0.2991532720868548,0.97,Sin_clasificar
13,587189.132,517559,Suelo_Hv,Original,15.030052093858945,0.7347036454743675,-0.06999238412899131,-0.051423659775012176,-0.33968151325369045,0.4378291729415412,0.22,Sin_clasificar
14,587187.054,517557,Suelo_Hv,Original,14.691481955342187,-0.2578747688088854,0.21747189627977712,-0.05608051497557742,-0.3540108577466908,0.3032866573448827,0.198,Sin_clasificar
15,587188.6,517555,Suelo_Hv,Original,14.771259660054069,-0.023992277030426955,1.0900043879436776,-0.026151687239925687,-0.7071360922197454,0.2849963696463978,0.354,Sin_clasificar
16,587190.678,517557,Suelo_Hv,Original,14.774624934352808,-0.014126378514674931,1.2899778232019135,-0.01822271500608665,-0.6283382216509119,0.4189854661437095,0.406,Sin_clasificar
17,587192.647,517559,Suelo_Hv,Original,14.776197480845244,-0.009516179544714386,0.1541566526523037,-0.001466982384651493,-0.6772921770122541,0.3081243848666747,0.78,Sin_clasificar
18,587194.713,517560,Suelo_Hv,Original,14.771366557204301,-0.023678889073847114,-0.14389473768722708,0.0034072675320061777,-0.6389029247821185,0.42913327987062,0.742,Sin_clasificar
19,587196.236,517562,Suelo_Hv,Original,14.728083828448181,-0.15056988561244247,-0.04448399269452164,0.00669794969159885,-0.6048746606763102,0.5804179635432695,0.586,Sin_clasificar
20,587198.569,517564,Suelo_Hv,Original,14.736776045855486,-0.12508710851773253,-0.6022851774836271,0.07533811135451626,-0.46859875292620506,0.25658417957359914,0.186,Sin_clasificar
21,587200.494,517565,Suelo_Hv,Original,14.770859378318859,-0.02516577393639184,-0.22183019477152338,0.005582528533885929,-0.33189632676994896,0.3652251702516758,0.634,Sin_clasificar
22,587202.56,517567,Suelo_Hv,Original,14.769496169007805,-0.02916226382835128,0.2938500143580962,-0.008569331644675614,-0.5158769772724323,0.5983141698610397,0.55,Sin_clasificar
23,587204.529,517569,Suelo_Hv,Original,14.80213411241923,0.06652165637412426,0.15567051654148725,0.01035546060895524,-0.5606833781685744,0.5136239970621607,0.534,Sin_clasificar
24,587206.461,517570,Suelo_Hv,Original,14.771244702156883,-0.02403612875915498,0.1086434680603358,-0.002611368387139373,-0.623071881533362,0.6626091888930259,0.762,Sin_clasificar
25,587208.571,517572,Suelo_Hv,Original,14.774673330269287,-0.01398449730138306,-1.1629901468110013,0.016263832569613536,-0.7197246876757908,0.6046134448823548,0.45,Sin_clasificar
26,587210.54,517574,Suelo_Hv,Original,14.740244243031377,-0.11491947333186225,0.5194501041044622,-0.05969493238586582,-0.6884637645366203,0.6197582264368504,0.244,Sin_clasificar
27,587212.65,517576,Suelo_Hv,Original,14.818866518158394,0.1155756716764856,-0.044025403669739796,-0.00508826559995859,-0.337172929547393,0.6203538590931501,0.636,Sin_clasificar
28,587214.441,517577,Suelo_Hv,Original,14.785946992859733,0.019066244226535745,-0.30907062908133737,-0.005892816097313819,-0.6386634155112272,0.7804491711765023,0.652,Sin_clasificar
29,587215.987,517575,Suelo_Hv,Original,14.278038013040021,-1.4699590194847278,-0.0581110422337144,0.08542085066310642,-0.8604653398989842,0.6595619938472255,0.196,Sin_clasificar
30,587214.196,517574,Suelo_Hv,Original,14.758842554034423,-0.060395225787104906,0.1638971399161096,-0.009898604771094163,-0.4950227280601388,0.30554882932420335,0.546,Sin_clasificar
31,587212.086,517572,Suelo_Hv,Original,15.473366317610523,2.034357924402375,-1.2119368107453863,-2.465513254814818,-0.4303840923241239,0.2878106003909372,0.002,Alto-Bajo
32,587210.117,517570,Suelo_Hv,Original,13.192515236975582,-4.652361580013747,0.5981626246375403,-2.7828688134638773,-0.7199071198988918,0.25562400410425035,0.006,Bajo-Alto
33,587208.007,517569,Suelo_Hv,Original,14.962808925389428,0.5375683699794461,-1.1792448047934243,-0.6339247075195312,-0.7596487281599322,0.43457403177630594,0.058,Sin_clasificar
34,587206.075,517567,Suelo_Hv,Original,14.756739558849672,-0.06656052918589377,0.4622363203342677,-0.030766694090389166,-0.7099883044965852,0.6397989400348318,0.354,Sin_clasificar
35,587204.105,517565,Suelo_Hv,Original,15.21210180877236,1.2684146754579868,-0.038726005483985686,-0.04912063367775392,-0.926369484771196,0.4665531467288435,0.26,Sin_clasificar
36,587202.04,517564,Suelo_Hv,Original,14.767257461653461,-0.03572543152398434,-0.09181439400971741,0.0032801088461102772,-0.7386723502505003,0.3700966320128878,0.694,Sin_clasificar
37,587200.115,517562,Suelo_Hv,Original,14.238334138657187,-1.586357969635685,-0.05269180548453499,0.08358806556488538,-0.4167883955538356,0.30232990704103413,0.15,Sin_clasificar
38,587197.782,517560,Suelo_Hv,Original,14.76168545262504,-0.0520607643150917,-0.011399035935323976,5.934425232481624e-4,-0.35403574578573693,0.6976306887797346,0.924,Sin_clasificar
39,587196.259,517559,Suelo_Hv,Original,14.830855972565306,0.1507248838765596,0.1387251306763476,0.020909329211953046,-0.5905913095514115,0.5947242031972408,0.384,Sin_clasificar
40,587194.193,517557,Suelo_Hv,Original,15.00214330744854,0.6528840878454274,1.1441664351565621,0.7470080593605464,-0.5976188015841606,0.5269956272591884,0.036,Alto-Alto
41,587192.224,517555,Suelo_Hv,Original,16.300318901746977,4.4587161039084275,0.1971494776552795,0.8790335508987294,-0.6330069420084891,0.529263337092005,0.034,Alto-Alto
42,587190.146,517554,Suelo_Hv,Original,14.838557267230524,0.17330259518984284,1.1015094771240814,0.19089445101181013,-0.44631759190099674,0.2553569436222609,0.106,Sin_clasificar
43,587191.692,517552,Suelo_Hv,Original,14.77447718229922,-0.014559539867000574,1.1461410070420914,-0.016687285685233515,-0.5218430847295581,0.28296714334526696,0.392,Sin_clasificar
44,587193.77,517553,Suelo_Hv,Original,14.771440404066292,-0.02346239389947739,1.1485500229043115,-0.026947733050634734,-0.47176326769791765,0.30094355685429997,0.344,Sin_clasificar
45,587195.739,517555,Suelo_Hv,Original,14.771509758998496,-0.02325906761402369,1.2664734715258197,-0.029456992105586347,-0.4880268327630229,0.30354578151720246,0.298,Sin_clasificar
46,587197.805,517557,Suelo_Hv,Original,14.77185603034208,-0.0222439117510982,0.012974455423282346,-2.886026414540499e-4,-0.6007024674788786,0.566712003398933,0.874,Sin_clasificar
47,587199.328,517558,Suelo_Hv,Original,14.771425110311512,-0.02350723025431484,0.012907824962584613,-3.0342721347786933e-4,-0.6602083746324793,0.5390953192635104,0.878,Sin_clasificar
48,587201.661,517560,Suelo_Hv,Original,14.77098792792661,-0.024788907960031255,-0.4215186180324678,0.010448986225846415,-0.7063959464410802,0.3426459468031712,0.526,Sin_clasificar
49,587203.586,517562,Suelo_Hv,Original,14.77120636943765,-0.02414850792477962,0.29611113464406447,-0.007150642081567676,-0.895739050586223,0.40284214844108435,0.616,Sin_clasificar
50,587205.651,517563,Suelo_Hv,Original,14.771442654143952,-0.023455797397713373,0.29624532888368416,-0.006948670414314661,-0.7465267179860475,0.6601055801986628,0.598,Sin_clasificar
51,587207.621,517565,Suelo_Hv,Original,14.771407308141105,-0.023559420474486212,0.3010943419148697,-0.0070936082036611335,-0.621852719491164,0.5897852238884631,0.594,Sin_clasificar
52,587209.552,517567,Suelo_Hv,Original,14.78830495169316,0.025979018785099298,-1.075910982259766,-0.027951111619221095,-0.752317056945156,0.5612166951827622,0.366,Sin_clasificar
53,587211.663,517569,Suelo_Hv,Original,14.723062330157436,-0.16529129853027683,-0.6530239001687758,0.1079391684302028,-0.6658347727242835,0.24646749072389318,0.168,Sin_clasificar
54,587213.632,517570,Suelo_Hv,Original,14.7725972264649,-0.020070963848830257,-0.7019202427678358,0.014088215817355391,-0.7129870721000137,0.22555209758507627,0.416,Sin_clasificar
55,587215.742,517572,Suelo_Hv,Original,14.77112535472331,-0.024386016929694342,-0.4292885948913143,0.010468638942744288,-0.3188995124938069,0.49619407114925695,0.546,Sin_clasificar
56,587217.533,517574,Suelo_Hv,Original,14.722571869669686,-0.16672917044459407,-0.38391850449374787,0.06401041377257174,-0.7373805989051776,0.7596817542911429,0.242,Sin_clasificar
1,587212.895,517579,Suelo_Hv,Residual_ajustado,0.4786078703328182,1.6081518980699718,-0.2140316513975513,-0.3441954064420226,-1.0505314812635127,0.9043409889295064,0.174,Sin_clasificar
2,587211.104,517578,Suelo_Hv,Residual_ajustado,-0.05500086347735663,-0.1848062860627252,0.23420789463562297,-0.04328309117417954,-0.8628691974444422,0.6555395621314134,0.572,Sin_clasificar
3,587208.994,517576,Suelo_Hv,Residual_ajustado,0.020948008495846833,0.07038659769626439,0.019459868408748866,0.0013697139289088511,-0.7008247673547254,0.8189481756855073,0.986,Sin_clasificar
4,587207.025,517574,Suelo_Hv,Residual_ajustado,0.11590846074010397,0.38945956114751673,-0.03520352248559491,-0.013710348418086531,-0.8806712662446297,0.7926746057399627,0.808,Sin_clasificar
5,587204.915,517572,Suelo_Hv,Residual_ajustado,-0.06542289756047917,-0.2198249619588583,0.37658683847809304,-0.08278318744265352,-0.8954516844242798,0.6620703637285327,0.432,Sin_clasificar
6,587202.983,517570,Suelo_Hv,Residual_ajustado,0.07808121089545894,0.2623576737629003,-0.10184936810455389,-0.026720963290132092,-1.0379352719173471,0.8015168313996581,0.628,Sin_clasificar
7,587201.014,517569,Suelo_Hv,Residual_ajustado,-0.02381398328014018,-0.08001644934491592,0.17402192655188542,-0.013924616670843618,-0.7569607818614609,0.7136708900245174,0.804,Sin_clasificar
8,587198.948,517567,Suelo_Hv,Residual_ajustado,0.1610941011169401,0.5412860935590827,-0.07852020580569405,-0.04250189546601934,-0.9929989700574272,0.6983193385203987,0.586,Sin_clasificar
9,587197.023,517566,Suelo_Hv,Residual_ajustado,-0.05996580933906113,-0.20148880970313773,0.09638204016911922,-0.01941990255043584,-0.8117795649737711,0.7442209686601333,0.782,Sin_clasificar
10,587194.69,517564,Suelo_Hv,Residual_ajustado,-0.03666074779415319,-0.12318236870788331,-0.1671035788412004,0.020584214661223593,-0.8179413680463555,0.8026888692259283,0.748,Sin_clasificar
11,587193.167,517562,Suelo_Hv,Residual_ajustado,-0.12605850511040137,-0.4235643348701837,-0.019663190650764557,0.008328626269416705,-0.9173847145350508,0.7597560762928464,0.894,Sin_clasificar
12,587191.101,517561,Suelo_Hv,Residual_ajustado,0.14124502180192422,0.4745919655390249,-0.16812667989283742,-0.07979157146989216,-0.9543046836735417,0.741690063561276,0.462,Sin_clasificar
13,587189.132,517559,Suelo_Hv,Residual_ajustado,0.053903767104181495,0.1811199747330338,-0.2179248271804153,-0.039470539192617574,-0.965391198455132,0.8705227401366591,0.65,Sin_clasificar
14,587187.054,517557,Suelo_Hv,Residual_ajustado,-0.2125550405593651,-0.7141980170158606,-0.2967190699002582,0.21191617133355495,-1.0101699707163374,0.9228378062255606,0.24,Sin_clasificar
15,587188.6,517555,Suelo_Hv,Residual_ajustado,-0.1516117525541479,-0.5094248188399453,0.544633519083434,-0.2774498317932403,-0.7610195526855896,0.8786421494952261,0.182,Sin_clasificar
16,587190.678,517557,Suelo_Hv,Residual_ajustado,-0.15374016732543436,-0.516576423455106,0.8268704627367718,-0.42714178630123006,-1.0247924098491108,0.7622011246002633,0.142,Sin_clasificar
17,587192.647,517559,Suelo_Hv,Residual_ajustado,-0.03437938037696623,-0.11551683378971958,0.07490060735355057,-0.008652281010409149,-1.1650473059377717,0.6344254867081152,0.968,Sin_clasificar
18,587194.713,517560,Suelo_Hv,Residual_ajustado,-0.0936130251950063,-0.31454552564448024,0.3058112020325656,-0.09619154529130369,-0.8141759032911564,0.7621664462531856,0.394,Sin_clasificar
19,587196.236,517562,Suelo_Hv,Residual_ajustado,0.03455409212711599,0.11610387602206529,0.12430300122366339,0.014432060243242844,-0.7328231890462846,0.9560108301650471,0.804,Sin_clasificar
20,587198.569,517564,Suelo_Hv,Residual_ajustado,-0.04745896612101833,-0.15946504681354548,-0.5340077326546067,0.08515556808656213,-0.8684631415065944,0.7715474902220631,0.426,Sin_clasificar
21,587200.494,517565,Suelo_Hv,Residual_ajustado,0.03776403530430542,0.12688948263882294,0.056744360104377445,0.007200262496315519,-0.9855808149090473,0.7295829696052106,0.802,Sin_clasificar
22,587202.56,517567,Suelo_Hv,Residual_ajustado,-0.1350490200849902,-0.4537730184652895,0.402323912767474,-0.1825637362972625,-0.7422142664915246,0.5477129438253021,0.24,Sin_clasificar
23,587204.529,517569,Suelo_Hv,Residual_ajustado,0.1030388738959706,0.3462169573508481,0.1480825533191249,0.051268691046892155,-0.8228817589321298,0.8275793680386339,0.548,Sin_clasificar
24,587206.461,517570,Suelo_Hv,Residual_ajustado,0.15128090825994386,0.5083131616511072,0.28108445205094,0.14287892651298237,-0.9404642030897061,0.5952201142256024,0.316,Sin_clasificar
25,587208.571,517572,Suelo_Hv,Residual_ajustado,0.027794866669506244,0.09339246251860739,-0.745663889449231,-0.06963938684686631,-0.8339137338165301,0.6825099657767302,0.49,Sin_clasificar
26,587210.54,517574,Suelo_Hv,Residual_ajustado,-0.025228165370631654,-0.08476818819839312,0.5240127367426078,-0.04441961028655241,-0.8171569734996453,0.9496288381434905,0.574,Sin_clasificar
27,587212.65,517576,Suelo_Hv,Residual_ajustado,-0.0125133461828092,-0.042045613251402957,-0.26549464286834373,0.01116288507436173,-1.108886964977566,0.8537049598195238,0.872,Sin_clasificar
28,587214.441,517577,Suelo_Hv,Residual_ajustado,-0.20822871710711663,-0.6996613039723414,0.047882238062814934,-0.03350134912014317,-0.8149321211575072,0.6833788645569217,0.632,Sin_clasificar
29,587215.987,517575,Suelo_Hv,Residual_ajustado,-0.3814913875504063,-1.281834539327394,-0.1897893308673741,0.24327851950163484,-0.6492447838422337,0.6814980584255954,0.192,Sin_clasificar
30,587214.196,517574,Suelo_Hv,Residual_ajustado,-0.02760151625884618,-0.09274279323991522,0.1798212339431609,-0.016677123519736995,-0.8698441610501444,0.5538751210549964,0.8,Sin_clasificar
31,587212.086,517572,Suelo_Hv,Residual_ajustado,0.5875837320922229,1.9743175000069626,-0.9443497029520681,-1.8644461446646448,-0.8798628427353128,0.7301718413858123,0.014,Alto-Bajo
32,587210.117,517570,Suelo_Hv,Residual_ajustado,-1.1296400517324932,-3.7956600923971546,0.6884274924978714,-2.613036759783212,-0.6594395122423042,0.7313482589277218,0.01,Bajo-Alto
33,587208.007,517569,Suelo_Hv,Residual_ajustado,0.2692073759361937,0.9045533502931629,-0.8016256273784484,-0.7251131469260341,-1.0372047500614707,0.6762633524387158,0.06,Sin_clasificar
34,587206.075,517567,Suelo_Hv,Residual_ajustado,0.0819724261031022,0.27543239632778155,0.6549651174512595,0.1803986118107073,-0.8308218623320405,0.6306414177106803,0.248,Sin_clasificar
35,587204.105,517565,Suelo_Hv,Residual_ajustado,0.361959340856661,1.2162056604251408,0.0318647553136647,0.03875409578054109,-0.6557645574145705,0.8910139555920871,0.588,Sin_clasificar
36,587202.04,517564,Suelo_Hv,Residual_ajustado,0.08896545748853832,0.298929412137262,-0.37809883453350523,-0.11302486233688461,-1.037881315442763,0.8063829197802755,0.4,Sin_clasificar
37,587200.115,517562,Suelo_Hv,Residual_ajustado,-0.7746041748841579,-2.6027176971131945,0.08259761649530574,-0.21497827819170096,-0.8693737847560751,0.920406354798278,0.218,Sin_clasificar
38,587197.782,517560,Suelo_Hv,Residual_ajustado,-0.21168725422281712,-0.7112822015210832,0.5084160069547815,-0.36162725671535534,-0.9058723406881644,0.7556513821820232,0.138,Sin_clasificar
39,587196.259,517559,Suelo_Hv,Residual_ajustado,0.489938080282735,1.6462221007681004,-0.069586645228687,-0.11455507329377362,-0.8429822463879673,0.6426742590166247,0.354,Sin_clasificar
40,587194.193,517557,Suelo_Hv,Residual_ajustado,0.19527392729944792,0.6561324129747637,1.3254319903783778,0.8696588900809087,-1.0206446685159836,0.8722789768570001,0.062,Sin_clasificar
41,587192.224,517555,Suelo_Hv,Residual_ajustado,1.1164389353186326,3.751303528843718,-0.2603143184861293,-0.9765180215455643,-1.0391073134504405,0.8569453715292001,0.052,Sin_clasificar
42,587190.146,517554,Suelo_Hv,Residual_ajustado,-0.10178236556688605,-0.3419950120390152,0.4284728264367504,-0.14653556943562732,-0.7291729131130544,0.6876077399392372,0.298,Sin_clasificar
43,587191.692,517552,Suelo_Hv,Residual_ajustado,-0.3010096596805743,-1.0114109808016651,0.5152663616348995,-0.5211460561952591,-0.9987833363409251,0.5616380301845122,0.096,Sin_clasificar
44,587193.77,517553,Suelo_Hv,Residual_ajustado,-0.2496437167364062,-0.8388182514251596,0.6044041754236124,-0.5069852535828999,-1.196450126512239,0.8132760682248854,0.12,Sin_clasificar
45,587195.739,517555,Suelo_Hv,Residual_ajustado,0.0058686918242196046,0.01971916569141153,0.9149916059173436,0.01804287108333482,-0.763778124773534,1.084103411025381,0.782,Sin_clasificar
46,587197.805,517557,Suelo_Hv,Residual_ajustado,0.027186625059064835,0.0913487332760517,0.28366209567283435,0.025912173118143603,-0.9778317765063731,0.7938570125835163,0.66,Sin_clasificar
47,587199.328,517558,Suelo_Hv,Residual_ajustado,0.053567268213757006,0.17998931775290875,0.2725813126354381,0.04906172449344483,-1.0085076318350086,0.6590372858564411,0.52,Sin_clasificar
48,587201.661,517560,Suelo_Hv,Residual_ajustado,0.01905816820539224,0.0640366180186835,-0.8466958412415397,-0.054219538163592366,-0.8345927963796971,0.8830603840420936,0.55,Sin_clasificar
49,587203.586,517562,Suelo_Hv,Residual_ajustado,-0.07522861740493045,-0.2527727840847901,0.3965104804589977,-0.10022705806441862,-0.6177340452859093,0.6945741096220541,0.402,Sin_clasificar
50,587205.651,517563,Suelo_Hv,Residual_ajustado,0.002044674233541155,0.006870231254904772,0.35381169755337477,0.0024307681828821094,-0.7189131559891829,0.8347643459769336,0.942,Sin_clasificar
51,587207.621,517565,Suelo_Hv,Residual_ajustado,0.04550050643258515,0.1528845017358866,0.32598007822807484,0.04983730183572456,-0.8803658131277208,1.050725611210167,0.576,Sin_clasificar
52,587209.552,517567,Suelo_Hv,Residual_ajustado,-0.05791202713165205,-0.19458797509552772,-0.7391938957988382,0.14383824338647044,-0.9022970243524548,0.8858002823221515,0.32,Sin_clasificar
53,587211.663,517569,Suelo_Hv,Residual_ajustado,-0.06504444641716042,-0.21855334282724734,-0.45503957636463227,0.09945042053318487,-0.8987091426294689,0.7401501038414542,0.372,Sin_clasificar
54,587213.632,517570,Suelo_Hv,Residual_ajustado,0.05826448702484154,0.19577226202719059,-0.4927620867182404,-0.09646914835806857,-1.0589824026562709,0.9126235031655372,0.39,Sin_clasificar
55,587215.742,517572,Suelo_Hv,Residual_ajustado,0.02048997838739451,0.06884758834447796,-0.30360147128545906,-0.02090222911583913,-0.9953358729881896,0.7554027718879385,0.712,Sin_clasificar
56,587217.533,517574,Suelo_Hv,Residual_ajustado,-0.010595286477036635,-0.0356008146017177,-0.5013477620487932,0.017848388727685165,-0.5501743843455347,0.9238170111491981,0.8,Sin_clasificar
1,587212.895,517579,Suelo_K,Original,64.70673585216969,1.6106497235316153,1.7038396599539185,2.7442888772469805,-1.0213642374607017,1.005230561159095,0.002,Alto-Alto
2,587211.104,517578,Suelo_K,Original,67.21999493961627,1.8274904630824989,1.6496294750661977,3.014682133303265,-1.0284776005765388,1.0906027913088308,0.002,Alto-Alto
3,587208.994,517576,Suelo_K,Original,59.09602907016894,1.1265652078964725,1.3857735058128744,1.5611642176735043,-1.0764931662251187,0.9701883837173859,0.02,Alto-Alto
4,587207.025,517574,Suelo_K,Original,53.581284404288716,0.6507601793752441,0.9233998325784755,0.6009118406838391,-1.0830055267816574,1.0190796003443714,0.162,Sin_clasificar
5,587204.915,517572,Suelo_K,Original,60.05966081203442,1.2097061067415298,-0.2825036807786859,-0.341746427814936,-1.135388486402226,0.9069487803284537,0.308,Sin_clasificar
6,587202.983,517570,Suelo_K,Original,29.460809057147817,-1.430323199062576,-0.07186832795361653,0.10279493674989515,-0.9968500914968266,0.9743839458090846,0.654,Sin_clasificar
7,587201.014,517569,Suelo_K,Original,39.99255671661046,-0.5216576489615045,-0.8032624285866571,0.4190279899956239,-1.2723967747542357,0.8865970527455218,0.274,Sin_clasificar
8,587198.948,517567,Suelo_K,Original,36.68296721220198,-0.807204745689561,-1.1400603239572482,0.9202621038706691,-0.9944077267073341,0.8891452524782171,0.066,Bajo-Bajo
9,587197.023,517566,Suelo_K,Original,26.446414214170325,-1.6904012826610706,-1.1060348154612751,1.86964267072354,-1.1224519340046872,1.0080308850159891,0.002,Bajo-Bajo
10,587194.69,517564,Suelo_K,Original,31.333473314183614,-1.268752151949122,-1.5761716840040412,1.9997712159213987,-1.242798315920568,1.2240099070092265,0.006,Bajo-Bajo
11,587193.167,517562,Suelo_K,Original,26.27119483133049,-1.7055189841143024,-1.095408408845108,1.868239836643773,-1.0502001410973099,0.9110331434102822,0.004,Bajo-Bajo
12,587191.101,517561,Suelo_K,Original,31.321462867702863,-1.269788397718701,-1.2588270794258336,1.5984440201890413,-1.2960258335740993,1.1121612440000332,0.02,Bajo-Bajo
13,587189.132,517559,Suelo_K,Original,28.80742594513706,-1.4866962478764227,-0.8685283317791203,1.291237812030387,-1.0909061727428466,1.0969091517975156,0.03,Bajo-Bajo
14,587187.054,517557,Suelo_K,Original,42.67746640007951,-0.2900071182626348,-0.6601580871759309,0.19145054445966497,-1.0585536428912274,1.2046418677409738,0.46,Sin_clasificar
15,587188.6,517555,Suelo_K,Original,44.04155765452988,-0.17231509124188382,-0.24232636087804307,0.041756488985013655,-0.9906845237962213,1.0534206236123198,0.814,Sin_clasificar
16,587190.678,517557,Suelo_K,Original,35.39507101505339,-0.9183227618341685,-0.588170926020851,0.5401307492140283,-1.2235991029613653,0.9745301942213087,0.202,Sin_clasificar
17,587192.647,517559,Suelo_K,Original,34.49482236840592,-0.9959950493009768,-0.8309370719077703,0.827609209900789,-1.1658541379134975,0.9076854566466264,0.084,Sin_clasificar
18,587194.713,517560,Suelo_K,Original,36.220590190047126,-0.8470980364116322,-0.899246198957112,0.7617496893871935,-1.1454687997806752,0.9966009891633194,0.122,Sin_clasificar
19,587196.236,517562,Suelo_K,Original,33.216993375202875,-1.1062444801255649,-0.5325693681037418,0.5891519237487244,-1.2488832320280931,1.0553120771743656,0.2,Sin_clasificar
20,587198.569,517564,Suelo_K,Original,25.14689648991577,-1.8025219891152269,-1.2027757923707065,2.168029813723689,-1.1377207043044062,0.9322133193811817,0.006,Bajo-Bajo
21,587200.494,517565,Suelo_K,Original,39.7143568280938,-0.5456603750911908,-0.5396574835649901,0.29446970490284063,-0.9367280369170073,0.9077136283948342,0.332,Sin_clasificar
22,587202.56,517567,Suelo_K,Original,45.32212661886285,-0.06182925925629776,-0.16934795881757791,0.01047065885025686,-1.185610600596572,0.915526993222217,0.9,Sin_clasificar
23,587204.529,517569,Suelo_K,Original,35.44873722959188,-0.9136925103381937,-0.3315764156369192,0.302958887572237,-1.0241304454717908,1.0797410110361423,0.378,Sin_clasificar
24,587206.461,517570,Suelo_K,Original,52.566904640460635,0.5632408069107819,0.2113076892380829,0.11901711339291057,-1.1158883251141305,1.0351672255719824,0.578,Sin_clasificar
25,587208.571,517572,Suelo_K,Original,50.507535519646744,0.3855611059217258,0.3708597098220262,0.14298907986079074,-0.8973062323443188,1.014294000034072,0.568,Sin_clasificar
26,587210.54,517574,Suelo_K,Original,57.3018633136179,0.9717669097541738,1.0454212354612042,1.0159057633755249,-0.8959884697418521,0.9120494989694303,0.034,Alto-Alto
27,587212.65,517576,Suelo_K,Original,70.29822852883609,2.0930764710395806,1.3788279242431445,2.885992285845671,-1.0693748726993664,0.9424363792635659,0.002,Alto-Alto
28,587214.441,517577,Suelo_K,Original,66.53310510692116,1.7682264977971223,1.592942379502171,2.8166829248997383,-0.9706467997805266,0.9524839592898166,0.002,Alto-Alto
29,587215.987,517575,Suelo_K,Original,65.97664102156239,1.7202154970987051,1.1447561545047253,1.9692272773781483,-1.0027603580794282,0.9113690157436027,0.004,Alto-Alto
30,587214.196,517574,Suelo_K,Original,57.024401066147774,0.9478278263387832,1.2272589054477245,1.1632301407054308,-1.1092783568418185,0.9239251765837166,0.024,Alto-Alto
31,587212.086,517572,Suelo_K,Original,52.72037646258289,0.5764821569870379,0.34283695441372125,0.1976393869752888,-1.0840674563230823,0.8999820914976353,0.446,Sin_clasificar
32,587210.117,517570,Suelo_K,Original,37.89851268036552,-0.7023290567520952,0.15343121854580294,-0.10775920299759836,-1.0221663279676219,1.0445127209101837,0.586,Sin_clasificar
33,587208.007,517569,Suelo_K,Original,47.93557930942905,0.16365605462726965,-0.15692404318649622,-0.025681569784061248,-1.1226640400945151,0.871742306571043,0.922,Sin_clasificar
34,587206.075,517567,Suelo_K,Original,41.43281521066445,-0.39739401113958517,0.14871121576998483,-0.05909694653627861,-1.0869857673667633,0.9661239131991342,0.752,Sin_clasificar
35,587204.105,517565,Suelo_K,Original,61.14814020345857,1.3036186991205772,0.22259225278568268,0.2901754230107903,-0.9702866981726235,0.9769872267835394,0.388,Sin_clasificar
36,587202.04,517564,Suelo_K,Original,51.98373933827696,0.5129260598011249,-0.09856763403353147,-0.05055790814873856,-1.1431988453413648,1.0025122251689065,0.766,Sin_clasificar
37,587200.115,517562,Suelo_K,Original,25.5489102087029,-1.7678367660410041,-0.6390522919141968,1.1297401370686853,-0.9532760684796397,1.1113363090146309,0.042,Bajo-Bajo
38,587197.782,517560,Suelo_K,Original,43.42859168005735,-0.22520100176660862,-0.09263599261024424,0.020861718335471156,-1.06444413950628,0.8988255337486717,0.856,Sin_clasificar
39,587196.259,517559,Suelo_K,Original,48.48168930321162,0.21077371771239586,-0.2275698525055222,-0.0479657438518505,-0.9879381975230155,1.0563533145096955,0.822,Sin_clasificar
40,587194.193,517557,Suelo_K,Original,42.694481335514574,-0.28853909166657926,-0.06997401436293088,0.020190238544544246,-0.9240243184881403,0.9367014924888272,0.866,Sin_clasificar
41,587192.224,517555,Suelo_K,Original,49.5427734555225,0.30232268433587955,-0.2463748721072038,-0.07448471268835886,-1.0245606257946895,0.8969585632003976,0.712,Sin_clasificar
42,587190.146,517554,Suelo_K,Original,45.30510053468727,-0.06329824775124837,-0.16339794709844566,0.010342803737482788,-1.2359781586907257,1.0507788572075514,0.958,Sin_clasificar
43,587191.692,517552,Suelo_K,Original,47.60023961859808,0.1347233803463902,0.08784248954148212,0.011834437129070898,-1.0063986274185162,1.0465505571576905,0.934,Sin_clasificar
44,587193.77,517553,Suelo_K,Original,49.33806394464203,0.2846606128231811,0.14418760168299982,0.04104453105658747,-0.925482926183667,1.0873031809564078,0.796,Sin_clasificar
45,587195.739,517555,Suelo_K,Original,48.39161924588045,0.20300258980097788,0.18725073132880315,0.03801238340187414,-0.9609384172084308,0.8779530769508368,0.866,Sin_clasificar
46,587197.805,517557,Suelo_K,Original,51.26088032070851,0.45055871982273127,0.06573584447405648,0.02961785793269705,-1.1688425593898022,1.0209250748451315,0.778,Sin_clasificar
47,587199.328,517558,Suelo_K,Original,46.90070074451129,0.07436807214946076,-0.07120535687074403,-0.005295405117191593,-1.0977218453169908,0.8315621184101043,0.922,Sin_clasificar
48,587201.661,517560,Suelo_K,Original,37.6826563287205,-0.7209528632514947,-0.325765447445165,0.23486153208399602,-0.9076713983716831,0.964889865579071,0.386,Sin_clasificar
49,587203.586,517562,Suelo_K,Original,53.17385740973218,0.6156079058774919,0.48306452935192407,0.2973783433180342,-0.8569880441270363,1.1204928179147604,0.376,Sin_clasificar
50,587205.651,517563,Suelo_K,Original,55.73599966372686,0.8366662217374887,0.61835382111737,0.5173557552112089,-1.003629860950973,0.9981482177767942,0.208,Sin_clasificar
51,587207.621,517565,Suelo_K,Original,46.51699711271385,0.04126261967028624,0.41291924948834857,0.01703812994617776,-1.026383726298178,1.0703056353238742,0.868,Sin_clasificar
52,587209.552,517567,Suelo_K,Original,44.98154834421699,-0.0912139117650864,-0.25234620645184025,0.023017484609552434,-1.1591809316880903,1.1168839652374785,0.88,Sin_clasificar
53,587211.663,517569,Suelo_K,Original,40.1047884150544,-0.5119744433528215,-0.01574466830403011,0.008060867790730628,-0.9820482885250944,1.291632461409661,0.928,Sin_clasificar
54,587213.632,517570,Suelo_K,Original,47.82461431167745,0.15408213831402334,-0.029639961613076138,-0.00456698866488834,-1.295067238630552,1.08590421810792,0.94,Sin_clasificar
55,587215.742,517572,Suelo_K,Original,52.057169240358554,0.5192614966655743,1.0414585647422334,0.5407893330432331,-1.1409095476121651,1.1575296741327912,0.198,Sin_clasificar
56,587217.533,517574,Suelo_K,Original,61.612798291081795,1.3437087972174218,1.2388828294750462,1.6646977566872305,-1.076071213882518,1.0392952253805665,0.008,Alto-Alto
1,587212.895,517579,Suelo_K,Residual_ajustado,7.416115522349795,0.8948921376519684,0.8417204068144599,0.7532489741594766,-1.0599115569284818,0.9336180161637979,0.096,Sin_clasificar
2,587211.104,517578,Suelo_K,Residual_ajustado,6.073570346804284,0.7328891162025958,0.882221162176803,0.6465702878429841,-1.1585621384140068,1.008839355295025,0.176,Sin_clasificar
3,587208.994,517576,Suelo_K,Residual_ajustado,4.808809520750543,0.5802722218412896,0.48086956042057205,0.2790352482410896,-1.2975364152007451,0.9277384687998815,0.43,Sin_clasificar
4,587207.025,517574,Suelo_K,Residual_ajustado,3.65969946714365,0.4416107420988847,0.4625179777403937,0.2042529073840107,-1.1896463044363634,1.0673209565500632,0.478,Sin_clasificar
5,587204.915,517572,Suelo_K,Residual_ajustado,2.6728981348629617,0.3225348254655538,-0.6630731118617907,-0.2138641704052443,-0.9579961024390808,0.9017944375297271,0.438,Sin_clasificar
6,587202.983,517570,Suelo_K,Residual_ajustado,-15.761008350218596,-1.9018585149559086,-0.2605458524287057,0.49552134797797953,-0.8627996238477944,0.9346119975362172,0.19,Sin_clasificar
7,587201.014,517569,Suelo_K,Residual_ajustado,-2.199995785677682,-0.26547036997161305,-1.0070890826386614,0.26735231136245785,-1.045750735025306,1.1550857763072788,0.398,Sin_clasificar
8,587198.948,517567,Suelo_K,Residual_ajustado,-8.512986070487663,-1.027249950389973,-1.05775242820262,1.086576129396015,-1.0438532734242094,1.0937576260506672,0.054,Sin_clasificar
9,587197.023,517566,Suelo_K,Residual_ajustado,-14.614998531127103,-1.7635711361136783,-1.0031932251979179,1.7692026159038372,-1.081516201260678,0.9043244476287486,0.01,Bajo-Bajo
10,587194.69,517564,Suelo_K,Residual_ajustado,-6.4934445758312185,-0.7835547436765097,-1.1530088544142305,0.9034455573772885,-0.9001695051252983,1.0146225775164364,0.06,Sin_clasificar
11,587193.167,517562,Suelo_K,Residual_ajustado,-7.46187491025368,-0.9004138580641633,-0.767934741299708,0.6914590831551752,-1.0478646233131492,1.1425891121267004,0.134,Sin_clasificar
12,587191.101,517561,Suelo_K,Residual_ajustado,-8.792580031465178,-1.0609881569564306,-0.8679109972323158,0.9208432893557325,-1.013284144796788,1.058631632546581,0.074,Sin_clasificar
13,587189.132,517559,Suelo_K,Residual_ajustado,-11.138227147465376,-1.344034066299209,-0.6418823945377687,0.8627118048164705,-0.9170851468207213,1.1535887401305605,0.09,Sin_clasificar
14,587187.054,517557,Suelo_K,Residual_ajustado,3.994043280529928,0.48195553567312976,-0.42249090881492807,-0.20362183227492608,-1.0894929872546946,1.115773529900172,0.478,Sin_clasificar
15,587188.6,517555,Suelo_K,Residual_ajustado,2.8226264771055676,0.3406023320804071,0.2182413259988969,0.07433350459154466,-1.0125266110501387,1.1172278574815513,0.758,Sin_clasificar
16,587190.678,517557,Suelo_K,Residual_ajustado,-5.681721834539772,-0.6856053122058337,-0.3071954273793435,0.21061481689661932,-1.149646841775731,1.080882815168625,0.49,Sin_clasificar
17,587192.647,517559,Suelo_K,Residual_ajustado,-10.797273261635315,-1.3028916446619403,-0.3500189942512082,0.45603682308287485,-1.0603808021018386,0.958026968547891,0.222,Sin_clasificar
18,587194.713,517560,Suelo_K,Residual_ajustado,0.6273014846197039,0.07569558009604889,-0.13129825748765334,-0.009938697766128313,-1.030309684585257,0.8980674786553693,0.936,Sin_clasificar
19,587196.236,517562,Suelo_K,Residual_ajustado,2.019431691493424,0.2436819569215769,0.49240791500820263,0.11999092433287234,-1.032423242375749,0.9153202616372301,0.592,Sin_clasificar
20,587198.569,517564,Suelo_K,Residual_ajustado,-18.163239840025685,-2.1917323804006577,-1.1883644529271593,2.604576851197568,-1.1062443786633778,0.9822099131838293,0.002,Bajo-Bajo
21,587200.494,517565,Suelo_K,Residual_ajustado,-0.08482594415077205,-0.010235826324530968,-0.6721521650701525,0.0068800328253155515,-1.0704376668148798,1.0032991438920986,0.898,Sin_clasificar
22,587202.56,517567,Suelo_K,Residual_ajustado,1.1272168249003118,0.13601965489780918,-0.15889818187339763,-0.021613275862308864,-1.0646717712040554,1.0608083571295115,0.89,Sin_clasificar
23,587204.529,517569,Suelo_K,Residual_ajustado,-10.236861231291366,-1.2352675201065728,-0.4867472014434164,0.6012630084458234,-1.1721800186845004,0.8409733341497809,0.148,Sin_clasificar
24,587206.461,517570,Suelo_K,Residual_ajustado,0.35819469416236405,0.04322284551643369,0.0149917510935825,6.479861415387422e-4,-1.015651235808576,0.932651826208984,0.942,Sin_clasificar
25,587208.571,517572,Suelo_K,Residual_ajustado,5.953076815754215,0.7183493327742404,-0.1470808961550248,-0.1056554636167994,-1.165875339610902,1.180605000012542,0.688,Sin_clasificar
26,587210.54,517574,Suelo_K,Residual_ajustado,1.8970599365462202,0.2289155308804912,0.34699851540921445,0.07943334936964264,-1.1248329172302853,1.0306876401429241,0.658,Sin_clasificar
27,587212.65,517576,Suelo_K,Residual_ajustado,4.309844763129509,0.5200628525003164,0.7405617308225119,0.38513864618412696,-1.0917065015745846,0.9526715255343605,0.298,Sin_clasificar
28,587214.441,517577,Suelo_K,Residual_ajustado,12.709666611019632,1.5336574367136377,0.6262877813683477,0.9605109134184513,-1.1400819043686554,1.0749287428672223,0.074,Sin_clasificar
29,587215.987,517575,Suelo_K,Residual_ajustado,5.166309986728996,0.6234112958277834,0.521752588540999,0.3252664573238445,-1.1950360661562185,0.9328379069044523,0.372,Sin_clasificar
30,587214.196,517574,Suelo_K,Residual_ajustado,3.868321273720122,0.46678483949332233,-0.016865920408606294,-0.007872755950838438,-1.079589831792519,0.8941723039281538,0.994,Sin_clasificar
31,587212.086,517572,Suelo_K,Residual_ajustado,-3.5692003785098825,-0.43069034547898866,-0.2743503019450677,0.11816002632698606,-1.273424258910989,0.9612844441837551,0.626,Sin_clasificar
32,587210.117,517570,Suelo_K,Residual_ajustado,-10.79048656091923,-1.3020727031159087,-0.23977740415994764,0.3122076127806588,-0.9988778647055783,0.9937718976429268,0.324,Sin_clasificar
33,587208.007,517569,Suelo_K,Residual_ajustado,2.1078425207146436,0.2543503662411086,-0.45245024769565345,-0.11508088620726976,-1.0421402857128892,0.905100310091395,0.644,Sin_clasificar
34,587206.075,517567,Suelo_K,Residual_ajustado,-1.8594135201752295,-0.22437279123199963,-0.03501743101653837,0.007856958738954712,-0.962652014430657,1.0647448463756173,0.946,Sin_clasificar
35,587204.105,517565,Suelo_K,Residual_ajustado,7.254423484882212,0.8753809889091263,0.357279738543565,0.31275589084346,-1.1024420525783003,0.9823442709560559,0.334,Sin_clasificar
36,587202.04,517564,Suelo_K,Residual_ajustado,3.2680753505738043,0.3943540156122119,-0.14746194859592238,-0.05815221157880356,-1.1374691017583665,1.0989118696297837,0.78,Sin_clasificar
37,587200.115,517562,Suelo_K,Residual_ajustado,-16.179861240068398,-1.9524008988804553,-0.5922421484527256,1.1562941029939935,-1.0300776314120688,0.9377169309364131,0.03,Bajo-Bajo
38,587197.782,517560,Suelo_K,Residual_ajustado,10.301441319821176,1.2430603077593578,1.3203834654620505,1.641316276937624,-0.8957000499303959,0.9690053049622038,0.008,Alto-Alto
39,587196.259,517559,Suelo_K,Residual_ajustado,11.887357109057099,1.4344305158539135,0.8967320521366928,1.2862998201291747,-1.0286977876582908,0.8139259193998893,0.028,Alto-Alto
40,587194.193,517557,Suelo_K,Residual_ajustado,2.24434487836787,0.27082191206138256,0.7828878926751667,0.2120231960239951,-1.0836364823571576,1.0207244575606085,0.452,Sin_clasificar
41,587192.224,517555,Suelo_K,Residual_ajustado,8.929761659446184,1.0775416693633681,-0.20769925279814527,-0.22380459958563767,-1.1575837909515485,0.8700277101231868,0.442,Sin_clasificar
42,587190.146,517554,Suelo_K,Residual_ajustado,-0.007678791167702648,-9.26588835076704e-4,0.3195230354185526,-2.9606647716864904e-4,-1.134158249244155,0.848137771769698,0.988,Sin_clasificar
43,587191.692,517552,Suelo_K,Residual_ajustado,4.521089477330524,0.5455534524362688,0.2505325975989113,0.13667892356791253,-1.0774408112878375,0.8480531187199307,0.61,Sin_clasificar
44,587193.77,517553,Suelo_K,Residual_ajustado,-3.4398931212393444,-0.4150870222130533,0.8861598907774715,-0.3678334702674652,-1.0468386974132202,1.0412862016675015,0.296,Sin_clasificar
45,587195.739,517555,Suelo_K,Residual_ajustado,15.93182758911815,1.9224710301453254,0.7326567419604199,1.4085113614595661,-1.1082526833558377,1.0929468285107515,0.022,Alto-Alto
46,587197.805,517557,Suelo_K,Residual_ajustado,16.552365079302174,1.997350408629982,1.5515082085503316,3.098905554340776,-1.024306655805397,0.8992052516645835,0.002,Alto-Alto
47,587199.328,517558,Suelo_K,Residual_ajustado,13.309769330758272,1.6060709804427293,1.028371707386332,1.65163795634153,-1.2365314982092672,0.9218214689879229,0.01,Alto-Alto
48,587201.661,517560,Suelo_K,Residual_ajustado,-4.652034501398802,-0.5613544026979256,0.3485345828084506,-0.19565142255200849,-1.0817791690567549,0.8559534491864245,0.484,Sin_clasificar
49,587203.586,517562,Suelo_K,Residual_ajustado,4.122099864050359,0.4974079419121707,0.45787466917991276,0.22775049685049642,-1.0620631607125117,0.8734178006488349,0.454,Sin_clasificar
50,587205.651,517563,Suelo_K,Residual_ajustado,9.307460685176903,1.1231180748962384,0.43315234683092335,0.4864812299095344,-1.1465842470625605,1.176559227181548,0.226,Sin_clasificar
51,587207.621,517565,Suelo_K,Residual_ajustado,-0.28618517582270797,-0.03453355910981558,0.3618869826555565,-0.012497245506608466,-1.0496786699295937,0.8944170438318183,0.926,Sin_clasificar
52,587209.552,517567,Suelo_K,Residual_ajustado,-2.706407408340664,-0.32657834195113894,-0.6458437165401916,0.21091857010725712,-1.1694070840453823,1.0526357197293446,0.462,Sin_clasificar
53,587211.663,517569,Suelo_K,Residual_ajustado,-12.440015089222529,-1.501118970176151,-0.637592566396053,0.9571022966604122,-1.0398744623975034,1.0512503692430921,0.072,Sin_clasificar
54,587213.632,517570,Suelo_K,Residual_ajustado,-4.069235507697347,-0.49102887503817566,-1.003532375813646,0.49276337356016237,-1.0583696348099036,0.9204429130191428,0.21,Sin_clasificar
55,587215.742,517572,Suelo_K,Residual_ajustado,-6.46603678532163,-0.7802474844835364,0.36649570568087575,-0.2859573524315218,-1.0436769527019871,0.9179876908970153,0.392,Sin_clasificar
56,587217.533,517574,Suelo_K,Residual_ajustado,7.18344041383227,0.8668155624405729,0.46090152188780176,0.3995166119248909,-0.8508822167696857,0.9836480993273944,0.274,Sin_clasificar
1,587212.895,517579,Suelo_N,Original,22.427024753216713,1.528111057229335,1.6814313043008189,2.569413768073624,-1.1239539127632936,0.8677353253647905,0.002,Alto-Alto
2,587211.104,517578,Suelo_N,Original,23.560660362417142,1.8013136492626396,1.6131306562924927,2.905754269223667,-1.329181575180829,0.8654237071342827,0.002,Alto-Alto
3,587208.994,517576,Suelo_N,Original,20.902369398335367,1.1606739446947054,1.3824428770114003,1.6045654273759196,-1.1553088946575567,0.9919467029768986,0.01,Alto-Alto
4,587207.025,517574,Suelo_N,Original,18.73628086611692,0.6386534675917608,0.9491404059968203,0.6061718115213209,-1.1937446622556067,1.0448421566551853,0.166,Sin_clasificar
5,587204.915,517572,Suelo_N,Original,21.150811636635034,1.2205477374047793,-0.24335949414632876,-0.2970318799562732,-1.0801543544589844,0.9312773409880177,0.376,Sin_clasificar
6,587202.983,517570,Suelo_N,Original,10.55382148641013,-1.3332933322444156,-0.02957066954402071,0.03942637653304583,-1.177197657865717,0.9224993262887173,0.764,Sin_clasificar
7,587201.014,517569,Suelo_N,Original,14.123732236809962,-0.47295614591988394,-0.7678981057921901,0.36318212857465354,-1.024668954467229,0.9966204970802941,0.29,Sin_clasificar
8,587198.948,517567,Suelo_N,Original,12.466164086525746,-0.8724248212633671,-1.1760854234767304,1.0260461153671379,-1.2385624437081586,1.037717802122853,0.07,Sin_clasificar
9,587197.023,517566,Suelo_N,Original,8.709670951393623,-1.7777277714743827,-1.16781879883283,2.076063910734977,-0.9782758491644934,0.9869853505564821,0.002,Bajo-Bajo
10,587194.69,517564,Suelo_N,Original,10.5044462927879,-1.3451925975552974,-1.6275847397618775,2.189414943821643,-1.0617842458257871,0.9451034107414715,0.004,Bajo-Bajo
11,587193.167,517562,Suelo_N,Original,9.041590553866788,-1.6977361983389094,-1.1155967181261668,1.8939889311108824,-1.0057899358268665,0.9579277577470942,0.006,Bajo-Bajo
12,587191.101,517561,Suelo_N,Original,10.742533285444937,-1.2878143862540534,-1.250599519700242,1.610540052912381,-0.9765987961787155,0.9399851718997324,0.014,Bajo-Bajo
13,587189.132,517559,Suelo_N,Original,9.964649182665944,-1.475281991766742,-0.8743729552461952,1.2899466749625792,-1.0166041120034486,0.8874462416935128,0.014,Bajo-Bajo
14,587187.054,517557,Suelo_N,Original,14.866279584705195,-0.29400458643639354,-0.6633275291552809,0.19502133588117315,-1.1022956630060747,0.8504114239076264,0.46,Sin_clasificar
15,587188.6,517555,Suelo_N,Original,15.339998739322306,-0.17983977025837725,-0.25832438266974284,0.04645699763146368,-0.9669719809458944,0.9203335215904372,0.774,Sin_clasificar
16,587190.678,517557,Suelo_N,Original,12.275055004772081,-0.9184815047977096,-0.5983544237920789,0.5495774715669152,-1.1331326275869753,0.9355521308743742,0.208,Sin_clasificar
17,587192.647,517559,Suelo_N,Original,11.948453872332482,-0.99719134349662375,-0.8313141736626275,0.8289792977024211,-1.1076708478916948,1.0164207526290927,0.102,Sin_clasificar
18,587194.713,517560,Suelo_N,Original,12.633121782604167,-0.832188545198693,-0.9019172568785137,0.7505652098913261,-0.9737070554081665,0.970945585680346,0.098,Sin_clasificar
19,587196.236,517562,Suelo_N,Original,11.259529776952602,-1.1632198689279432,-0.5495154680161034,0.6392073106795692,-1.1006495532788054,0.9976733039154912,0.158,Sin_clasificar
20,587198.569,517564,Suelo_N,Original,8.319925793702573,-1.871655120306275,-1.247465328770685,2.334824869998203,-0.9538201291018656,0.9099010176265092,0.002,Bajo-Bajo
21,587200.494,517565,Suelo_N,Original,13.671251145031947,-0.5820026562063804,-0.5643045709188936,0.32842675918419784,-1.078413881659937,0.9038966482971906,0.326,Sin_clasificar
22,587202.56,517567,Suelo_N,Original,16.016362224247217,-0.016838312172126925,-0.14331081106372878,0.0024131121743317663,-1.24147789839944,0.991202448795093,0.92,Sin_clasificar
23,587204.529,517569,Suelo_N,Original,12.563214588997907,-0.8490359574888513,-0.3001142030722904,0.2548077497614857,-1.2003604610006722,1.1048688157664939,0.416,Sin_clasificar
24,587206.461,517570,Suelo_N,Original,18.452394886895814,0.5702378455561911,0.23061045801465233,0.13150281074100179,-1.0274045676216566,0.9084532293053763,0.586,Sin_clasificar
25,587208.571,517572,Suelo_N,Original,17.726247836111167,0.395238705742976,0.40656538307839407,0.1606903758078017,-1.186474318795681,0.8651599389344542,0.488,Sin_clasificar
26,587210.54,517574,Suelo_N,Original,20.31907248702906,1.0201012361448205,1.0599890801957588,1.0812961710077047,-0.9183585608028352,0.9822211130563496,0.032,Alto-Alto
27,587212.65,517576,Suelo_N,Original,24.674324396962845,2.0697031550463807,1.3807455378169924,2.857733395936041,-1.1255437951996563,1.011558443974306,0.002,Alto-Alto
28,587214.441,517577,Suelo_N,Original,23.115512683275966,1.6940344681995498,1.5710169630279525,2.6613568854955294,-1.3080012428270156,1.0449241039133552,0.002,Alto-Alto
29,587215.987,517575,Suelo_N,Original,23.051969831657853,1.678720842175134,1.1497608016489953,1.9301274212441586,-1.1076619376449832,0.9257977870365508,0.002,Alto-Alto
30,587214.196,517574,Suelo_N,Original,20.266920604752585,1.00753279766096,1.235007059127967,1.2443101174142353,-1.003598333871855,1.1087921565296273,0.018,Alto-Alto
31,587212.086,517572,Suelo_N,Original,18.63539592107022,0.6143405152989723,0.40567577525278525,0.24922306481310616,-0.9266410224063433,0.8816736922361976,0.39,Sin_clasificar
32,587210.117,517570,Suelo_N,Original,13.585240219156278,-0.6027310169791962,0.181793307072185,-0.10957246485162936,-1.040283893370072,0.9693151400892679,0.648,Sin_clasificar
33,587208.007,517569,Suelo_N,Original,16.732262330262238,0.15569134639970528,-0.13866149190876076,-0.021588394369066802,-1.0346811536712943,1.0575165214830724,0.894,Sin_clasificar
34,587206.075,517567,Suelo_N,Original,14.341133983357802,-0.4205630134288102,0.16424586201318275,-0.06907573467147668,-1.0563551955564012,1.1583448848402371,0.766,Sin_clasificar
35,587204.105,517565,Suelo_N,Original,21.60809473204378,1.3307515153602005,0.22901550927796563,0.3047627360126408,-0.9880494953696541,0.9118114327008544,0.332,Sin_clasificar
36,587202.04,517564,Suelo_N,Original,18.17630048949416,0.5036999700661942,-0.09640235312215789,-0.04855786238194161,-1.1669863238313922,0.9930645352704306,0.852,Sin_clasificar
37,587200.115,517562,Suelo_N,Original,8.792749658504807,-1.757706066138609,-0.6653108794136646,1.169420968613411,-1.2577539448373716,1.0362501018741421,0.044,Bajo-Bajo
38,587197.782,517560,Suelo_N,Original,14.96107532768393,-0.27115911255984504,-0.0898373053488725,0.02436020399316809,-1.088073382997704,1.0510244314734858,0.86,Sin_clasificar
39,587196.259,517559,Suelo_N,Original,17.125574705023062,0.2504783832494217,-0.22631450780603324,-0.056686892021143825,-1.108869781500368,1.012456136297713,0.784,Sin_clasificar
40,587194.193,517557,Suelo_N,Original,14.896289638923177,-0.2867722584000544,-0.06943140124833769,0.019910999739866153,-1.111962819632831,1.0042200948512834,0.894,Sin_clasificar
41,587192.224,517555,Suelo_N,Original,17.160500587598666,0.25889541035342706,-0.2545284204140053,-0.0658962398496935,-1.25222962445058,0.8703811707696327,0.742,Sin_clasificar
42,587190.146,517554,Suelo_N,Original,15.755493495217394,-0.07970684979829533,-0.17998768698805492,0.014346251532299488,-1.2531933100130408,1.005068885758638,0.86,Sin_clasificar
43,587191.692,517552,Suelo_N,Original,16.58198554388247,0.11947511675044008,0.06654893040919814,0.007950941230255859,-0.9658879103659584,0.9713838532005401,0.904,Sin_clasificar
44,587193.77,517553,Suelo_N,Original,17.193494884141167,0.26684693134003806,0.127188905551499,0.03393996914691544,-1.1502160976530504,0.9544424378297574,0.76,Sin_clasificar
45,587195.739,517555,Suelo_N,Original,16.957993920739654,0.21009194490042418,0.18095799205696755,0.038017816496523825,-1.0843912005850966,1.188501631510345,0.846,Sin_clasificar
46,587197.805,517557,Suelo_N,Original,18.098133134069215,0.4848618849344594,0.0644853987346432,0.03126651198122931,-1.2918166444198598,1.0789446368510387,0.85,Sin_clasificar
47,587199.328,517558,Suelo_N,Original,16.370593814432546,0.068530379348572,-0.06177613889604036,-0.00423354223323572,-1.3017870522058284,1.0285628980352466,0.974,Sin_clasificar
48,587201.661,517560,Suelo_N,Original,13.134799884721755,-0.7112857112081975,-0.3342467512134311,0.2377449381558748,-0.978424436682781,1.1194025749239922,0.4,Sin_clasificar
49,587203.586,517562,Suelo_N,Original,18.67277101463703,0.6233477944961574,0.4932322917162007,0.30745526121557903,-1.1553272872379834,0.8810933771801059,0.33,Sin_clasificar
50,587205.651,517563,Suelo_N,Original,19.612267168869977,0.8497633926466055,0.6193439559260572,0.5262958212028961,-1.1305554594342475,0.7855376397872045,0.178,Sin_clasificar
51,587207.621,517565,Suelo_N,Original,16.167463196993857,0.019576543781676472,0.414590527948692,0.008116249621855932,-0.8522732273586445,1.1161227689509463,0.888,Sin_clasificar
52,587209.552,517567,Suelo_N,Original,15.664691750326035,-0.10158978278322768,-0.21639011648768205,0.021983024930420956,-0.9090963539160932,1.0095956158163595,0.87,Sin_clasificar
53,587211.663,517569,Suelo_N,Original,14.268376489088714,-0.43809733915291377,0.026954949930276303,-0.011808891841454066,-1.217465256630096,0.9374515831954374,0.976,Sin_clasificar
54,587213.632,517570,Suelo_N,Original,16.906989679135897,0.1978000841845568,0.0376939707895607,0.007455870595425332,-1.0869242849011909,1.0262041299679194,0.92,Sin_clasificar
55,587215.742,517572,Suelo_N,Original,18.48154829250872,0.5772637239913805,1.0510664851911855,0.606742553403995,-0.9641708260502744,0.879748232971499,0.124,Sin_clasificar
56,587217.533,517574,Suelo_N,Original,21.564362627899754,1.320212216744091,1.239387958006756,1.6362551234460316,-1.0016863922780765,0.9662505160062608,0.004,Alto-Alto
1,587212.895,517579,Suelo_N,Residual_ajustado,2.3024065233445397,0.7815662698487472,0.7958035084582136,0.621973179638232,-0.9680177132690446,0.937454824410501,0.12,Sin_clasificar
2,587211.104,517578,Suelo_N,Residual_ajustado,1.9875186972589138,0.674675631223808,0.8225261681144482,0.5549383616707154,-0.9392368101369978,1.0094058306406692,0.17,Sin_clasificar
3,587208.994,517576,Suelo_N,Residual_ajustado,1.7141853924242925,0.581890934290834,0.46525693927291956,0.270728795078813,-1.001682968598658,0.9460966165976288,0.396,Sin_clasificar
4,587207.025,517574,Suelo_N,Residual_ajustado,1.2074561894849292,0.4098785424959025,0.4751355549242586,0.19474786874033692,-1.0808262696254425,0.9556937710836355,0.46,Sin_clasificar
5,587204.915,517572,Suelo_N,Residual_ajustado,0.924958278680166,0.31398286284545746,-0.6371183020804125,-0.2000442284584449,-1.0088176418213315,1.0371825807321435,0.488,Sin_clasificar
6,587202.983,517570,Suelo_N,Residual_ajustado,-5.273727915816377,-1.7901998685160168,-0.23180681998087,0.4149805386508694,-1.1449760436918808,1.039036484634657,0.256,Sin_clasificar
7,587201.014,517569,Suelo_N,Residual_ajustado,-0.6475907350273116,-0.21982871835712092,-0.9779900783386033,0.21499030548715545,-1.02742874540948,1.0063964722447902,0.44,Sin_clasificar
8,587198.948,517567,Suelo_N,Residual_ajustado,-3.2415931092726553,-1.10037902042658,-1.100045383725677,1.2104668617688417,-1.1959119771884337,0.8895865689337505,0.044,Bajo-Bajo
9,587197.023,517566,Suelo_N,Residual_ajustado,-5.539755510906672,-1.8805045966617342,-1.0713413213012697,2.0146622793006936,-0.9843445903423973,0.880166885535391,0.002,Bajo-Bajo
10,587194.69,517564,Suelo_N,Residual_ajustado,-2.6075173497703004,-0.8851380448946462,-1.214503730667719,1.0750034576804788,-1.1256638704090713,1.0753744800221865,0.058,Sin_clasificar
11,587193.167,517562,Suelo_N,Residual_ajustado,-2.614968692805794,-0.887667449811878,-0.7955879205882749,0.7062175005697289,-1.054841383929502,1.191270613287268,0.132,Sin_clasificar
12,587191.101,517561,Suelo_N,Residual_ajustado,-3.139649049036518,-1.0657734726728956,-0.8599110409646732,0.9164703763186843,-1.0332908659164244,1.1944380666402978,0.084,Sin_clasificar
13,587189.132,517559,Suelo_N,Residual_ajustado,-3.8901524830676264,-1.3205365492612575,-0.6427852699536195,0.8488214423005186,-1.1480154389882276,0.9508843320617189,0.092,Sin_clasificar
14,587187.054,517557,Suelo_N,Residual_ajustado,1.5275375842675285,0.5185321704420326,-0.41891648390516056,-0.21722167363328773,-0.8992044337766621,0.968304957193569,0.474,Sin_clasificar
15,587188.6,517555,Suelo_N,Residual_ajustado,1.0476907455067583,0.35564516501251947,0.2162114769931407,0.07689456641282608,-1.0097071488337983,1.1165479866008043,0.728,Sin_clasificar
16,587190.678,517557,Suelo_N,Residual_ajustado,-2.101643170498468,-0.7134158962221558,-0.3045717441769407,0.21728632383593735,-1.117088113476612,0.8724852091130961,0.468,Sin_clasificar
17,587192.647,517559,Suelo_N,Residual_ajustado,-3.860538451548596,-1.3104838813614592,-0.35965862129265347,0.47132682599670767,-1.2090448223639954,1.156563399920163,0.246,Sin_clasificar
18,587194.713,517560,Suelo_N,Residual_ajustado,0.23285391872012703,0.07904371657590159,-0.1248163268400364,-0.009865946362788936,-1.0488754293894034,1.096173945753597,0.934,Sin_clasificar
19,587196.236,517562,Suelo_N,Residual_ajustado,0.5565365236578949,0.18891979779402288,0.47726822965214577,0.09016541743939466,-1.1550139295998991,0.9001859765668829,0.682,Sin_clasificar
20,587198.569,517564,Suelo_N,Residual_ajustado,-6.712979114064046,-2.2787626739912867,-1.2298310059154018,2.802492991597175,-1.1325478528841721,0.9388956136321048,0.002,Bajo-Bajo
21,587200.494,517565,Suelo_N,Residual_ajustado,-0.06211565197244168,-0.021085545892565973,-0.6878322768549465,0.014503319040013118,-1.0825988373360809,1.0479679594538678,0.888,Sin_clasificar
22,587202.56,517567,Suelo_N,Residual_ajustado,0.5857208166534948,0.19882658826889105,-0.13031499420572415,-0.025910085698204438,-1.0200995186928847,0.9339179974970544,0.834,Sin_clasificar
23,587204.529,517569,Suelo_N,Residual_ajustado,-3.594595873203471,-1.2202080126807076,-0.45091465478702886,0.5502096748062878,-1.1524193813053936,0.927504950469797,0.172,Sin_clasificar
24,587206.461,517570,Suelo_N,Residual_ajustado,0.15335151834056734,0.05205613037917164,0.006749946398874801,3.5137608979224675e-4,-0.983729433978326,0.7809579529154776,0.958,Sin_clasificar
25,587208.571,517572,Suelo_N,Residual_ajustado,2.0903338834467613,0.7095768881208359,-0.1085318170315886,-0.07701166899137457,-1.0573861763008983,1.2293827986177575,0.658,Sin_clasificar
26,587210.54,517574,Suelo_N,Residual_ajustado,0.8693065451886468,0.29509153443990704,0.34034818622913404,0.1004338685181944,-1.0061099457781988,0.8272093192277479,0.634,Sin_clasificar
27,587212.65,517576,Suelo_N,Residual_ajustado,1.418097495298292,0.4813820489320609,0.7395943718841858,0.35602745411622994,-0.997598701616262,0.9422980774596057,0.288,Sin_clasificar
28,587214.441,517577,Suelo_N,Residual_ajustado,4.257589737339775,1.4452654193861512,0.5977561412080545,0.8639162801137064,-1.2650820865007955,0.9387072458198332,0.09,Sin_clasificar
29,587215.987,517575,Suelo_N,Residual_ajustado,1.7225529193929245,0.5847313435645328,0.5296486312559158,0.30970215577138743,-0.8939236799697998,0.9425377219277915,0.322,Sin_clasificar
30,587214.196,517574,Suelo_N,Residual_ajustado,1.600633108378498,0.5433449024868768,-0.01265374353092874,-0.006875347044906425,-0.9488460838384007,1.1602281579267544,0.922,Sin_clasificar
31,587212.086,517572,Suelo_N,Residual_ajustado,-1.212106520597294,-0.4114571264271944,-0.19368549789447004,0.07969327839427905,-1.0121172490958903,1.1029595865350925,0.666,Sin_clasificar
32,587210.117,517570,Suelo_N,Residual_ajustado,-3.5090044670062293,-1.1911534754413355,-0.23230027963822342,0.2767052854370639,-0.9896111887105488,1.0731728639349813,0.37,Sin_clasificar
33,587208.007,517569,Suelo_N,Residual_ajustado,0.6588420495158585,0.2236480473099134,-0.4486601998899136,-0.1003419776110546,-0.9152578108682663,0.9398583580496722,0.678,Sin_clasificar
34,587206.075,517567,Suelo_N,Residual_ajustado,-0.7787203040106971,-0.2643414692801612,-0.035554151388901195,0.009398436617151427,-1.172327894723955,0.9683727994287432,0.928,Sin_clasificar
35,587204.105,517565,Suelo_N,Residual_ajustado,2.7687288644530224,0.9398623001074978,0.3853401288648817,0.36216665983866736,-0.9813970343725296,0.996889230207531,0.272,Sin_clasificar
36,587202.04,517564,Suelo_N,Residual_ajustado,1.263744611303024,0.4289859987291899,-0.12094899432042316,-0.05188542512383785,-1.293262541935273,0.8873683180559924,0.768,Sin_clasificar
37,587200.115,517562,Suelo_N,Residual_ajustado,-5.648312253357593,-1.9173548606807271,-0.5994358567522416,1.1493312536102267,-1.1474334131995334,0.8882274588165373,0.03,Bajo-Bajo
38,587197.782,517560,Suelo_N,Residual_ajustado,3.5503869595312123,1.2052010209081592,1.3349094491565074,1.6088342309433712,-1.1253063639704735,0.9386273749357961,0.016,Alto-Alto
39,587196.259,517559,Suelo_N,Residual_ajustado,4.448191052934347,1.5099662260191686,0.903736496119071,1.3646115863607007,-1.0729521340890626,1.1315609234121777,0.024,Alto-Alto
40,587194.193,517557,Suelo_N,Residual_ajustado,0.7703825515483882,0.26151116714853606,0.8011724972188556,0.2095155548350102,-1.1496449067044354,1.0081471984238104,0.452,Sin_clasificar
41,587192.224,517555,Suelo_N,Residual_ajustado,3.1140634723029863,1.0570882889024344,-0.21850167868673048,-0.23097556564526545,-1.075849162230363,0.9589047091931673,0.47,Sin_clasificar
42,587190.146,517554,Suelo_N,Residual_ajustado,0.0077811055162334,0.002641344850251566,0.30602659112313224,8.08321760503127e-4,-1.1573768430131741,1.0596981866666406,0.966,Sin_clasificar
43,587191.692,517552,Suelo_N,Residual_ajustado,1.5459689328554698,0.5247888067997308,0.24765786706041293,0.12996807654920045,-1.0018138128012277,1.0042709586276892,0.584,Sin_clasificar
44,587193.77,517553,Suelo_N,Residual_ajustado,-1.251246186882873,-0.42474333052355373,0.8831594489669239,-0.3751160857375577,-1.0942492402212767,1.0645065629994546,0.292,Sin_clasificar
45,587195.739,517555,Suelo_N,Residual_ajustado,5.73894100214904,1.9481193553152787,0.7407615513427761,1.4430919158442348,-1.2810426677280806,1.1649168688952636,0.036,Alto-Alto
46,587197.805,517557,Suelo_N,Residual_ajustado,6.095601770012275,2.0691900798436875,1.5587120738029392,3.2252715604456235,-1.3082904592220175,1.1187088524849704,0.002,Alto-Alto
47,587199.328,517558,Suelo_N,Residual_ajustado,4.6296443863049594,1.5715616929691503,1.064369030229178,1.6727215950908996,-1.1190415271683136,1.081092658230717,0.014,Alto-Alto
48,587201.661,517560,Suelo_N,Residual_ajustado,-1.5521329056605144,-0.5268812058543038,0.3435474955951712,-0.18100871874740992,-1.1464912455052698,0.9467195773132322,0.522,Sin_clasificar
49,587203.586,517562,Suelo_N,Residual_ajustado,1.516490383552559,0.5147821291841026,0.5049641226809978,0.2599465062353064,-1.2486519892236878,1.0082137834386717,0.396,Sin_clasificar
50,587205.651,517563,Suelo_N,Residual_ajustado,3.469929982602095,1.1778893977416072,0.44952787193212046,0.5294941143381917,-1.084438879732497,1.0967669721576412,0.186,Sin_clasificar
51,587207.621,517565,Suelo_N,Residual_ajustado,-0.25192920113687584,-0.08551894029230846,0.3655520608379036,-0.031261624864526986,-1.1823308567260384,1.165474259782806,0.854,Sin_clasificar
52,587209.552,517567,Suelo_N,Residual_ajustado,-1.152437147631796,-0.3912019852173294,-0.6259983239950448,0.2448917870895825,-1.0567719339403592,0.9702084735706562,0.39,Sin_clasificar
53,587211.663,517569,Suelo_N,Residual_ajustado,-4.274391632359865,-1.4509689275564486,-0.603959385037297,0.8763263011952189,-1.0504270870161494,1.0054914130498125,0.07,Sin_clasificar
54,587213.632,517570,Suelo_N,Residual_ajustado,-1.243238151942283,-0.4220249530633285,-0.9397126924045232,0.39658220490503293,-0.9981700176610228,1.0211100926560708,0.26,Sin_clasificar
55,587215.742,517572,Suelo_N,Residual_ajustado,-2.0776499278329523,-0.7052712401931143,0.3853266840829576,-0.27175982836268786,-1.0072414604769566,0.9791883961402481,0.406,Sin_clasificar
56,587217.533,517574,Suelo_N,Residual_ajustado,2.460568803443695,0.8352554433437493,0.4670176063111117,0.39007899780872424,-1.379047710932205,0.9999992969413116,0.268,Sin_clasificar
1,587212.895,517579,Suelo_P,Original,31.98278557698091,1.5867737115767693,1.6835354146683148,2.6713897385041774,-1.2137042757696528,0.9821981293777995,0.002,Alto-Alto
2,587211.104,517578,Suelo_P,Original,33.26813010971999,1.8064085226769793,1.6286267118932622,2.941965172623374,-1.1657094197889184,0.9160558792402194,0.002,Alto-Alto
3,587208.994,517576,Suelo_P,Original,29.280772308596628,1.1250639064032246,1.3954050432730467,1.5699198489995345,-0.8880138610108266,0.9523656685627416,0.008,Alto-Alto
4,587207.025,517574,Suelo_P,Original,27.05917647910598,0.7454460156954401,0.9502762069118499,0.7083796122526141,-0.9543349729129216,1.1285175079289451,0.122,Sin_clasificar
5,587204.915,517572,Suelo_P,Original,30.062505935158978,1.2586435910927591,-0.2221380641329253,-0.27959265075865875,-0.9364529891983763,0.9902817353604273,0.37,Sin_clasificar
6,587202.983,517570,Suelo_P,Original,14.678825809389854,-1.3700614699923936,-0.030158523061961845,0.04131903043907095,-1.122456567166514,0.980599770399375,0.77,Sin_clasificar
7,587201.014,517569,Suelo_P,Original,19.85889325347906,-0.48491114213097525,-0.7692901399362576,0.37303736038658847,-1.0312542335983115,0.7936457054045913,0.298,Sin_clasificar
8,587198.948,517567,Suelo_P,Original,17.940420264903995,-0.8127325485430055,-1.1214538262336788,0.9114420262682026,-0.9232091169571899,1.0854114400332802,0.058,Sin_clasificar
9,587197.023,517566,Suelo_P,Original,12.961889519778692,-1.663445047729517,-1.1091213753831957,1.8449624592121274,-1.184037361578469,1.1769864226718028,0.006,Bajo-Bajo
10,587194.69,517564,Suelo_P,Original,15.16904986527205,-1.286293837915554,-1.5759196950201035,2.0270957927541184,-1.034423810704526,1.056515694436962,0.002,Bajo-Bajo
11,587193.167,517562,Suelo_P,Original,12.667347528310373,-1.7137752689343837,-1.0892247487459592,1.8666864367120928,-1.0253452209794593,0.9255866705616581,0.002,Bajo-Bajo
12,587191.101,517561,Suelo_P,Original,15.39784089115294,-1.2471988929643445,-1.2592082496905446,1.570483135025617,-1.0011779639447878,0.9955047719569334,0.006,Bajo-Bajo
13,587189.132,517559,Suelo_P,Original,13.920440598608678,-1.4996514657238564,-0.8702718161551417,1.3051044046752207,-0.9817390123450515,1.0708262932954113,0.02,Bajo-Bajo
14,587187.054,517557,Suelo_P,Original,20.866984207334028,-0.3126523736979424,-0.6667840538297584,0.20847161717381055,-1.039507094031673,0.9007087464182219,0.47,Sin_clasificar
15,587188.6,517555,Suelo_P,Original,21.65602791257174,-0.17782357041950334,-0.2729898531022485,0.04854403036693756,-1.0812635363393102,0.8898009716492541,0.772,Sin_clasificar
16,587190.678,517557,Suelo_P,Original,17.16568873879705,-0.9451157407967333,-0.6108102882100709,0.5772864180279274,-1.273869902398399,1.0273298288541681,0.174,Sin_clasificar
17,587192.647,517559,Suelo_P,Original,16.984244434043607,-0.9761202571615464,-0.8380298627753958,0.8180179251613748,-1.1182582028811545,0.894469390759054,0.094,Sin_clasificar
18,587194.713,517560,Suelo_P,Original,17.738206878881982,-0.8472860069423919,-0.9003015290717253,0.7628128876113119,-1.1846964909849946,1.0363039910311207,0.112,Sin_clasificar
19,587196.236,517562,Suelo_P,Original,16.05217296569518,-1.1353891035045198,-0.5505106811853626,0.6250438287807114,-1.020198059814736,0.9305810363316205,0.164,Sin_clasificar
20,587198.569,517564,Suelo_P,Original,12.215007861599805,-1.7910693599119933,-1.216436907851168,2.178722873918316,-0.9938370840573516,1.2002912634100267,0.006,Bajo-Bajo
21,587200.494,517565,Suelo_P,Original,19.499108760555256,-0.5463897551622297,-0.5262345445563943,0.2875291639580757,-0.980218116138984,0.9822663804303282,0.36,Sin_clasificar
22,587202.56,517567,Suelo_P,Original,22.510711138719692,-0.03177853413223331,-0.15269390474683103,0.004852388463781152,-1.1513397721781309,0.9430481585139903,0.958,Sin_clasificar
23,587204.529,517569,Suelo_P,Original,17.648656674545162,-0.8625880070773979,-0.289300930336095,0.24954751294424932,-1.0660903397070862,1.0116284162576537,0.418,Sin_clasificar
24,587206.461,517570,Suelo_P,Original,26.200105430127255,0.5986512048426502,0.25212360889600366,0.15093410223486972,-1.3289452177244687,0.9954977334221324,0.538,Sin_clasificar
25,587208.571,517572,Suelo_P,Original,25.326578967775372,0.4493863076396865,0.39972992578942246,0.17963315540359445,-1.0427502402584599,0.9263879561695736,0.492,Sin_clasificar
26,587210.54,517574,Suelo_P,Original,28.36166907241274,0.968011022511729,1.0622329679242317,1.028253221426004,-1.0953842475288607,1.0586497686382617,0.064,Sin_clasificar
27,587212.65,517576,Suelo_P,Original,34.762463810698314,2.061754612208039,1.3715526039183326,2.827804907014568,-1.1612466767964198,1.17850813200412,0.002,Alto-Alto
28,587214.441,517577,Suelo_P,Original,32.88484736563646,1.7409146173850159,1.5779112187517617,2.7470087056607473,-1.1953496260606211,0.9520824896854685,0.002,Alto-Alto
29,587215.987,517575,Suelo_P,Original,32.599996026109245,1.692240298122632,1.1476724107728689,1.9421375025533996,-1.160499924967296,1.0939272253425956,0.006,Alto-Alto
30,587214.196,517574,Suelo_P,Original,28.378436944740066,0.970876253099606,1.2289577101473368,1.193165856845718,-0.9701005471073543,1.0955737353214534,0.038,Alto-Alto
31,587212.086,517572,Suelo_P,Original,26.282479916542062,0.6127270454459771,0.35084953424072873,0.2149749985114189,-0.9909471687253034,0.9365682318246449,0.492,Sin_clasificar
32,587210.117,517570,Suelo_P,Original,18.522970665932903,-0.7131885398921293,0.17558319332875402,-0.12522392127973153,-0.8981632345717379,1.086707400409465,0.598,Sin_clasificar
33,587208.007,517569,Suelo_P,Original,23.650899525702513,0.16305254392896693,-0.14409609301720136,-0.02349523453667973,-1.1167355193511401,0.9139405354933723,0.906,Sin_clasificar
34,587206.075,517567,Suelo_P,Original,20.624922736594954,-0.3540149220624032,0.160084499462054,-0.05667230160045787,-1.0920393185783568,0.8870900496505292,0.792,Sin_clasificar
35,587204.105,517565,Suelo_P,Original,30.20570722286271,1.2831132853832787,0.24561598782260996,0.31515313707772846,-0.9722788373984685,1.1841167150689373,0.336,Sin_clasificar
36,587202.04,517564,Suelo_P,Original,25.802104223548298,0.530642264361655,-0.12120639784377407,-0.06431723740693988,-0.9710879483081414,0.8994296796459156,0.71,Sin_clasificar
37,587200.115,517562,Suelo_P,Original,11.910044883022156,-1.8431802799699197,-0.647178718255667,1.192867051105054,-0.9768186547084077,1.0232236793253804,0.03,Bajo-Bajo
38,587197.782,517560,Suelo_P,Original,20.9846774760165,-0.29254139319705247,-0.10709722520325193,0.0313303714684978,-1.0546602889087133,1.0332394201824546,0.83,Sin_clasificar
39,587196.259,517559,Suelo_P,Original,24.008035062235408,0.22407851331354833,-0.24992892352801416,-0.05600370161821292,-1.029120950054608,1.0469968924436346,0.782,Sin_clasificar
40,587194.193,517557,Suelo_P,Original,20.867765845073283,-0.3125188103981132,-0.08994455872737674,0.028109366495263008,-0.9267111312913652,1.0788012450984301,0.874,Sin_clasificar
41,587192.224,517555,Suelo_P,Original,23.927717431718307,0.21035414046462222,-0.2617711556782278,-0.05506464645112442,-1.0703636859859422,1.196566189248594,0.75,Sin_clasificar
42,587190.146,517554,Suelo_P,Original,22.435996795891672,-0.044545438378940594,-0.1891047687430812,0.008423754823208734,-1.11741696452124,1.0368796525123358,0.918,Sin_clasificar
43,587191.692,517552,Suelo_P,Original,23.610598726230702,0.1561660957792897,0.06077012463176357,0.009490233103763361,-1.1415342400572759,0.9393851160407567,0.912,Sin_clasificar
44,587193.77,517553,Suelo_P,Original,24.189551566518677,0.25509536686087597,0.12597104158471006,0.032134629066898276,-1.0625348391069889,0.9925151727008755,0.848,Sin_clasificar
45,587195.739,517555,Suelo_P,Original,23.76125323608293,0.1819093684738689,0.15139030333822148,0.027539314473323317,-1.1691716498113898,1.2519981603269696,0.884,Sin_clasificar
46,587197.805,517557,Suelo_P,Original,25.34556469232888,0.45263051642550095,0.03593441538570689,0.016265012993480977,-1.1632387152133559,0.9668535097681836,0.936,Sin_clasificar
47,587199.328,517558,Suelo_P,Original,22.87395482604952,0.030291172952462787,-0.09943259644202576,-0.0030119299759378384,-1.0150013189090195,0.9371027988248525,0.91,Sin_clasificar
48,587201.661,517560,Suelo_P,Original,18.120869755194413,-0.7818980223100999,-0.3709498354601838,0.29004494272257464,-0.9139126619345106,0.7568863935610182,0.322,Sin_clasificar
49,587203.586,517562,Suelo_P,Original,26.334588472618876,0.6216311583737744,0.46736816763956374,0.29053061543681036,-1.0076466806400899,1.1261730363966689,0.416,Sin_clasificar
50,587205.651,517563,Suelo_P,Original,27.598567677766354,0.8376151431234213,0.6230367209330191,0.5218649921754579,-1.0168617696854518,1.0944807577616065,0.19,Sin_clasificar
51,587207.621,517565,Suelo_P,Original,23.028856445181873,0.05676017561336825,0.4147203478718434,0.023539599775643003,-1.0959774827593138,0.9626349580739363,0.868,Sin_clasificar
52,587209.552,517567,Suelo_P,Original,22.065631172485908,-0.10783211495692321,-0.25405223601235216,0.027394989918747347,-0.9967443791606201,1.08024724948377,0.824,Sin_clasificar
53,587211.663,517569,Suelo_P,Original,19.63696663157556,-0.5228331236996145,-0.007648552039841466,0.003998916354769373,-0.9916190029531494,1.2418730067075812,0.968,Sin_clasificar
54,587213.632,517570,Suelo_P,Original,23.73661571011339,0.1776994012437095,-0.018546433333267026,-0.003295690098527926,-1.023776466614063,1.065029167821657,0.934,Sin_clasificar
55,587215.742,517572,Suelo_P,Original,25.910174385632427,0.5491088848126986,1.0426514600650256,0.5725291804846382,-0.8961835327062957,1.0275214393270125,0.16,Sin_clasificar
56,587217.533,517574,Suelo_P,Original,30.478867544831353,1.3297898877941547,1.238285013354988,1.646658888966513,-0.9873079530538176,1.1452713291820473,0.008,Alto-Alto
1,587212.895,517579,Suelo_P,Residual_ajustado,3.616019139848009,0.8719775363494459,0.827322370213508,0.7214065221455589,-1.081499568524141,0.9543412822802201,0.114,Sin_clasificar
2,587211.104,517578,Suelo_P,Residual_ajustado,2.9880538003534642,0.720548119505067,0.8651797244246027,0.6234036234680596,-0.8817723957415545,0.8111944981488804,0.134,Sin_clasificar
3,587208.994,517576,Suelo_P,Residual_ajustado,2.3454872861922778,0.5655977322727489,0.47852063976366943,0.2706501886960364,-1.1532150329363273,1.0629015061856395,0.396,Sin_clasificar
4,587207.025,517574,Suelo_P,Residual_ajustado,2.12693081090076,0.5128943782506996,0.47621715310311563,0.2442491006531407,-1.3182830103432268,1.0868320192785004,0.474,Sin_clasificar
5,587204.915,517572,Suelo_P,Residual_ajustado,1.5239587138310033,0.36749190570946044,-0.6127917649821945,-0.22519601351637045,-1.071804548883241,1.099914000371544,0.476,Sin_clasificar
6,587202.983,517570,Suelo_P,Residual_ajustado,-7.496049411238319,-1.8076194967928312,-0.21695346696943213,0.392169316790745,-1.125284200553363,0.9723035182204727,0.29,Sin_clasificar
7,587201.014,517569,Suelo_P,Residual_ajustado,-0.8420039143253579,-0.2030433110043981,-0.9626857925648533,0.19546691077926098,-1.1421725281067716,1.1166867727686816,0.506,Sin_clasificar
8,587198.948,517567,Suelo_P,Residual_ajustado,-4.191958317629023,-1.0108612108837913,-1.032024727608146,1.0432337658119855,-1.0430199992469658,0.8147524910564854,0.036,Bajo-Bajo
9,587197.023,517566,Suelo_P,Residual_ajustado,-7.243134341129392,-1.7466308097283871,-1.0100582931518733,1.7641989344407292,-1.0271062768609414,1.046232704378869,0.006,Bajo-Bajo
10,587194.69,517564,Suelo_P,Residual_ajustado,-3.5288079483332484,-0.8509471720239028,-1.1552254068540226,0.9830357930125931,-1.0763859206077002,1.0877797247803953,0.068,Sin_clasificar
11,587193.167,517562,Suelo_P,Residual_ajustado,-3.7107196978833072,-0.8948139086397784,-0.781560201456587,0.6993509387026612,-0.9824627489020159,1.0214252235091745,0.116,Sin_clasificar
12,587191.101,517561,Suelo_P,Residual_ajustado,-4.348957206961871,-1.0487203867994945,-0.8729727041752646,0.9155042719880843,-1.1807016632477216,0.9226547030746437,0.068,Sin_clasificar
13,587189.132,517559,Suelo_P,Residual_ajustado,-5.683365984823557,-1.3705036610583294,-0.6405918371957892,0.8779334581209104,-1.0005211785632697,0.9643105972898078,0.07,Sin_clasificar
14,587187.054,517557,Suelo_P,Residual_ajustado,1.9769366012403784,0.4767243314815779,-0.4185579367856546,-0.19953675260044973,-1.0467682870904003,0.8890776069540904,0.472,Sin_clasificar
15,587188.6,517555,Suelo_P,Residual_ajustado,1.6071387292145745,0.38755018031547483,0.2065793665353423,0.08005987075022848,-1.0299167141710455,1.0030388289528327,0.684,Sin_clasificar
16,587190.678,517557,Suelo_P,Residual_ajustado,-2.9339911515315173,-0.7075112926783518,-0.3062355201175469,0.216665088702393,-1.1913406939157234,1.0535177065545849,0.462,Sin_clasificar
17,587192.647,517559,Suelo_P,Residual_ajustado,-5.319914932684455,-1.2828600007868882,-0.3590266027405205,0.4605808678742179,-1.0849077867353822,1.1521027014434186,0.244,Sin_clasificar
18,587194.713,517560,Suelo_P,Residual_ajustado,0.23341653943830892,0.056286753783937424,-0.12358525738543413,-0.006956212953778465,-1.0280403451375726,0.9835553388567119,0.882,Sin_clasificar
19,587196.236,517562,Suelo_P,Residual_ajustado,0.8329473167650152,0.2008593763173965,0.47604599698396544,0.09561830205259252,-0.9860039633985114,0.9592065613174985,0.656,Sin_clasificar
20,587198.569,517564,Suelo_P,Residual_ajustado,-9.04159234630073,-2.1803162853653215,-1.1894213725348424,2.5933147886992898,-1.1056990457688372,1.08946802057935,0.002,Bajo-Bajo
21,587200.494,517565,Suelo_P,Residual_ajustado,0.007843876985756781,0.0018914956655223807,-0.6460462206437199,-0.0012219936260747116,-1.0933904800889434,1.0213672705896428,0.968,Sin_clasificar
22,587202.56,517567,Suelo_P,Residual_ajustado,0.7338815646366859,0.17697036822959739,-0.13378855408806758,-0.023676609681870728,-0.926314841623727,1.1011715379379587,0.85,Sin_clasificar
23,587204.529,517569,Suelo_P,Residual_ajustado,-5.014589113219836,-1.2092328308123883,-0.44442279461398704,0.5374106340086242,-1.0374360803590292,1.1521439988932056,0.202,Sin_clasificar
24,587206.461,517570,Suelo_P,Residual_ajustado,0.21891947741252737,0.05279088942574228,0.042623254895153714,0.002250119536135288,-0.9505222958307745,1.0023539076534547,0.958,Sin_clasificar
25,587208.571,517572,Suelo_P,Residual_ajustado,3.1592064869067062,0.7618203838898617,-0.14198649270408875,-0.10816820437900394,-1.0642070968057062,0.9690780317034455,0.63,Sin_clasificar
26,587210.54,517574,Suelo_P,Residual_ajustado,0.8706810099122909,0.2099585905403916,0.34530667922834074,0.07250010367496554,-0.9089584223787279,1.049927255075537,0.736,Sin_clasificar
27,587212.65,517576,Suelo_P,Residual_ajustado,1.9518773547310075,0.47068147075851957,0.7376377849040903,0.3471924374857137,-0.9852139462025804,0.9397481289776193,0.31,Sin_clasificar
28,587214.441,517577,Suelo_P,Residual_ajustado,6.437932910368955,1.5524621583176963,0.5940371325725717,0.9222201689544702,-1.2248203586838597,0.8893044008013133,0.072,Alto-Alto
29,587215.987,517575,Suelo_P,Residual_ajustado,2.346770838755185,0.5659072519291151,0.5231126667252366,0.2960332516757897,-1.0718304309400035,0.8984439301757969,0.38,Sin_clasificar
30,587214.196,517574,Suelo_P,Residual_ajustado,1.9390252292320669,0.4675822712532063,-0.04365892188905393,-0.020414137857350162,-0.9629820036189414,0.9290871088220057,0.892,Sin_clasificar
31,587212.086,517572,Suelo_P,Residual_ajustado,-1.7287375121408601,-0.41687287000776724,-0.28642280784640767,0.1194018979426152,-0.9975372482366891,1.1671271007906237,0.602,Sin_clasificar
32,587210.117,517570,Suelo_P,Residual_ajustado,-5.571756536560703,-1.3435898290331885,-0.23524441769983975,0.31607200695833965,-0.8856379646995018,0.9842459433746737,0.33,Sin_clasificar
33,587208.007,517569,Suelo_P,Residual_ajustado,1.0384444449089145,0.250413560793681,-0.47354898775331045,-0.1185830882335497,-1.0166950651164506,1.125720357994536,0.622,Sin_clasificar
34,587206.075,517567,Suelo_P,Residual_ajustado,-0.8286907669351271,-0.1998329393184566,-0.0323570697180613,0.006466008349492414,-0.7812091302805675,0.9954314296907574,0.994,Sin_clasificar
35,587204.105,517565,Suelo_P,Residual_ajustado,3.629508621495318,0.8752304297989938,0.38083274552161894,0.3333164075444174,-0.9365538503682271,0.9236093994585802,0.312,Sin_clasificar
36,587202.04,517564,Suelo_P,Residual_ajustado,1.783266890794153,0.430022245444636,-0.14325273212248954,-0.061601861533391894,-1.0968394362184635,0.9353432014969308,0.764,Sin_clasificar
37,587200.115,517562,Suelo_P,Residual_ajustado,-8.302481717645438,-2.0020849651927133,-0.5895775385726667,1.180384325791663,-1.0611428429690812,1.0534065372706292,0.034,Bajo-Bajo
38,587197.782,517560,Suelo_P,Residual_ajustado,5.04419010998824,1.2163709026082932,1.313429928896195,1.597617948124211,-1.1091396804267442,1.0261637027270174,0.018,Alto-Alto
39,587196.259,517559,Suelo_P,Residual_ajustado,6.147695714341718,1.4824735035675338,0.8881733261503795,1.316693422593383,-1.0593947649667055,1.0439478182578317,0.03,Alto-Alto
40,587194.193,517557,Suelo_P,Residual_ajustado,1.094116624945969,0.2638385147318269,0.7820541798709624,0.2063360132569717,-1.0401397098061673,1.1079051810711982,0.504,Sin_clasificar
41,587192.224,517555,Suelo_P,Residual_ajustado,4.316408108526564,1.0408714010595552,-0.2144958892870052,-0.22326263680368033,-1.200246045527404,0.8082204179136102,0.454,Sin_clasificar
42,587190.146,517554,Suelo_P,Residual_ajustado,0.06731702512288795,0.016233026278587956,0.3270225271945623,0.005308565277639575,-1.0827997050660905,0.9279908610658923,0.914,Sin_clasificar
43,587191.692,517552,Suelo_P,Residual_ajustado,2.4349864296235437,0.587179820081571,0.2535277005433835,0.14886634959075834,-1.2472201593503769,0.9759662277768648,0.56,Sin_clasificar
44,587193.77,517553,Suelo_P,Residual_ajustado,-1.7854297573728672,-0.4305438054800839,0.8830040157658408,-0.3801719092020211,-0.9305517425304248,0.890940319252475,0.26,Sin_clasificar
45,587195.739,517555,Suelo_P,Residual_ajustado,7.828268609814176,1.8877318156436487,0.7225908109471897,1.364057663516755,-1.1257119055032647,1.0876919999369805,0.026,Alto-Alto
46,587197.805,517557,Suelo_P,Residual_ajustado,8.361003719067678,2.0161971334774607,1.535191481010466,3.095248663352319,-1.0800382468049508,1.1164565261839496,0.002,Alto-Alto
47,587199.328,517558,Suelo_P,Residual_ajustado,6.4450968928844325,1.554189702222389,1.026283482404446,1.5950392199139223,-1.1425414645446028,1.0622849773519167,0.022,Alto-Alto
48,587201.661,517560,Suelo_P,Residual_ajustado,-2.5292367056386036,-0.6099076100355041,0.330106937719052,-0.20133473344036598,-0.9583991514543849,1.018334960572649,0.484,Sin_clasificar
49,587203.586,517562,Suelo_P,Residual_ajustado,2.288900017852229,0.551952111238239,0.45287909323470615,0.2499675716465553,-0.9018001406315519,0.8403750743829852,0.42,Sin_clasificar
50,587205.651,517563,Suelo_P,Residual_ajustado,4.6286706295217215,1.116171307730699,0.45284133695733425,0.5054485072661858,-0.9589357052876897,0.9458119487636529,0.204,Sin_clasificar
51,587207.621,517565,Suelo_P,Residual_ajustado,-0.19009238267924428,-0.045839438652531726,0.34700118153097426,-0.01590633937314512,-1.0965932135011338,0.9508862567680256,0.9,Sin_clasificar
52,587209.552,517567,Suelo_P,Residual_ajustado,-1.673547021557681,-0.403564072087339,-0.6688386130917934,0.26991923426857234,-1.041148181925112,0.9570894214967294,0.354,Sin_clasificar
53,587211.663,517569,Suelo_P,Residual_ajustado,-6.371070443151669,-1.5363387454751345,-0.6609172588185837,1.0153927922762076,-1.114617256820816,1.035384249424784,0.06,Sin_clasificar
54,587213.632,517570,Suelo_P,Residual_ajustado,-1.989037028056024,-0.47964226414604005,-1.0227882461880433,0.4905724701435905,-1.1372238134620605,0.9989748742715503,0.228,Sin_clasificar
55,587215.742,517572,Suelo_P,Residual_ajustado,-3.294110517212119,-0.7943515402360831,0.35515125915060203,-0.28211494972306506,-1.4246138671192718,0.9092677747013602,0.412,Sin_clasificar
56,587217.533,517574,Suelo_P,Residual_ajustado,3.594373229398422,0.8667577775661268,0.44790003531598355,0.3882208391822716,-0.9056038863010232,0.9140660516803321,0.254,Sin_clasificar
1,587212.895,517579,Suelo_pH,Original,8.360371652669484,0.8407285401213099,0.8815309624672778,0.7411282391468478,-1.2950734834580129,0.8984428096499756,0.124,Sin_clasificar
2,587211.104,517578,Suelo_pH,Original,8.217142527949312,0.6715118764087173,0.9238351283954258,0.6203662605611007,-0.9183341160588496,0.8545345710650136,0.178,Sin_clasificar
3,587208.994,517576,Suelo_pH,Original,8.231251924454888,0.6881812864071118,0.6408914791776199,0.4410495225878112,-0.9730073728110045,0.8999612537295754,0.344,Sin_clasificar
4,587207.025,517574,Suelo_pH,Original,7.42520932324566,-0.26410994663172205,0.1000647522639373,-0.026428096380144966,-0.9129255307297321,0.9858651582761997,0.906,Sin_clasificar
5,587204.915,517572,Suelo_pH,Original,7.0918728539374545,-0.6579270933906005,0.27165079866617936,-0.17872642038367462,-0.8718377794039105,0.9592313201113812,0.616,Sin_clasificar
6,587202.983,517570,Suelo_pH,Original,8.352391409188108,0.8313003586661012,-0.2683157142494033,-0.2230509494912801,-0.9475968796733178,0.8804496777327666,0.628,Sin_clasificar
7,587201.014,517569,Suelo_pH,Original,7.1257731622419325,-0.6178759021170414,0.5619667874477279,-0.3472257357540805,-1.0818317849077306,0.8628718432590936,0.44,Sin_clasificar
8,587198.948,517567,Suelo_pH,Original,8.676340309296256,1.2140266526147816,0.7580864995276588,0.9203372154140209,-1.0399233781434698,0.9539781870495538,0.07,Sin_clasificar
9,587197.023,517566,Suelo_pH,Original,8.355867033529973,0.8354066014194361,0.8213978822929978,0.6862012132595153,-0.8597866572297084,0.9185378549445291,0.128,Sin_clasificar
10,587194.69,517564,Suelo_pH,Original,7.019653100617845,-0.7432504222510309,-0.2331062212885303,0.1732562974020424,-0.9512977618647194,0.917024200607884,0.65,Sin_clasificar
11,587193.167,517562,Suelo_pH,Original,6.212117508429258,-1.6973055350383006,-0.8798279600196245,1.4933368664227653,-0.8292289961306097,0.8867321926902466,0.004,Bajo-Bajo
12,587191.101,517561,Suelo_pH,Original,6.534018154170608,-1.31699913139518,-1.032718897813123,1.3600898913952708,-1.0635630284644209,0.9747385499125358,0.008,Bajo-Bajo
13,587189.132,517559,Suelo_pH,Original,6.823911223043582,-0.974507769781904,-0.9822505748020959,0.9572108170173838,-0.9151167336622398,0.9250523008648585,0.05,Bajo-Bajo
14,587187.054,517557,Suelo_pH,Original,7.041364067333705,-0.717600210670037,-1.1154770843838413,0.8004665907514431,-1.0282125208701136,0.8773995373012682,0.088,Sin_clasificar
15,587188.6,517555,Suelo_pH,Original,6.8348240819865955,-0.9616148781614969,-1.1520791198780087,1.107856422493896,-1.018544718278571,0.8238723111978281,0.02,Bajo-Bajo
16,587190.678,517557,Suelo_pH,Original,6.543405977416025,-1.3059079784455505,-0.9723870514727624,1.2698480086554247,-0.9995155608920849,0.9465731927897951,0.016,Bajo-Bajo
17,587192.647,517559,Suelo_pH,Original,7.150641894744437,-0.5884949786976157,-0.6757559239811503,0.3976789680880746,-0.9386660117095665,0.9311894651961059,0.356,Sin_clasificar
18,587194.713,517560,Suelo_pH,Original,6.911888973434174,-0.8705673077346715,-0.9266737689928075,0.8067318882204093,-0.8682222918004818,0.83355795884102,0.06,Sin_clasificar
19,587196.236,517562,Suelo_pH,Original,6.619416589371271,-1.2161059763251834,-0.7551479754598525,0.9183399659665895,-1.0276682686893635,0.9450203314091887,0.062,Sin_clasificar
20,587198.569,517564,Suelo_pH,Original,8.618405408688286,1.1455800247899268,1.2009637971990526,1.3758001365670953,-0.9489643906946513,0.9594815617429251,0.008,Alto-Alto
21,587200.494,517565,Suelo_pH,Original,9.06164002492853,1.6692352740183138,0.639776294442479,1.0679371581641128,-0.879383218447837,0.9895224674569092,0.04,Alto-Alto
22,587202.56,517567,Suelo_pH,Original,6.798711077414722,-1.0042802380331646,0.2785439531051151,-0.2797361875271036,-1.1068645897096698,1.0366012153965762,0.552,Sin_clasificar
23,587204.529,517569,Suelo_pH,Original,8.670240740899265,1.2068203765431933,0.07710118184668024,0.09304727730813588,-0.9173647865499946,0.9184549981997301,0.73,Sin_clasificar
24,587206.461,517570,Suelo_pH,Original,7.066919836938569,-0.687407593912855,-0.3575580477652275,0.2457881172984727,-1.0549080476082193,1.059307615224755,0.54,Sin_clasificar
25,587208.571,517572,Suelo_pH,Original,7.020968261576204,-0.741696638060466,-0.24214202840579852,0.17959592840172262,-0.8708537134251351,0.9007603811123306,0.682,Sin_clasificar
26,587210.54,517574,Suelo_pH,Original,8.589729757483079,1.111701454099704,0.5564131540636585,0.6185653124527718,-0.9943970211238422,0.957658310546678,0.182,Sin_clasificar
27,587212.65,517576,Suelo_pH,Original,8.532817089257899,1.0444625328337807,1.0288486383744284,1.074593854739142,-0.9133426102599391,0.9205765898214877,0.04,Alto-Alto
28,587214.441,517577,Suelo_pH,Original,8.598419743679832,1.1219681542195012,1.0398584690978614,1.166688087223244,-1.0401196122368468,0.8278701137561941,0.014,Alto-Alto
29,587215.987,517575,Suelo_pH,Original,8.54937924767802,1.0640297346665635,1.0115317520537261,1.0762998617445303,-0.9925865558689666,0.9154786916016144,0.036,Alto-Alto
30,587214.196,517574,Suelo_pH,Original,8.67311239861547,1.2102130687697914,1.072225664669953,1.2976215120539532,-0.8469126693080082,0.8574568622930143,0.01,Alto-Alto
31,587212.086,517572,Suelo_pH,Original,8.693843336757977,1.2347054350742075,0.5051604701595945,0.6237243780906934,-1.1904612310952034,0.8021741957494521,0.2,Sin_clasificar
32,587210.117,517570,Suelo_pH,Original,6.6933551093884605,-1.128752027178321,-0.343940214346764,0.388223214172056,-1.0032623797059035,0.8577638797397895,0.344,Sin_clasificar
33,587208.007,517569,Suelo_pH,Original,6.6013683990650165,-1.2374288361530368,-0.35261787707832803,0.43633952923979,-1.0153394440165688,0.8884032255401026,0.324,Sin_clasificar
34,587206.075,517567,Suelo_pH,Original,8.638052762327872,1.1687922006666394,-0.1127025822603715,-0.13172589914091254,-0.9765671855084502,0.8882709550154848,0.728,Sin_clasificar
35,587204.105,517565,Suelo_pH,Original,6.680445520543301,-1.1440039360240053,0.1499867223812431,-0.1715854007554819,-1.0388202025938231,0.9782745085942302,0.612,Sin_clasificar
36,587202.04,517564,Suelo_pH,Original,8.667666223947801,1.203778738398372,0.6467897881024722,0.7785917951309443,-0.8709055711452864,0.9001503833963452,0.096,Sin_clasificar
37,587200.115,517562,Suelo_pH,Original,8.567286987597425,1.0851866607436784,1.1581143107068417,1.2567702015954243,-1.1137936963921153,0.929488460907332,0.024,Alto-Alto
38,587197.782,517560,Suelo_pH,Original,6.631368433301368,-1.2019855859435769,-0.38380609568691637,0.4613293948129547,-0.937998148177571,0.9285083904887876,0.284,Sin_clasificar
39,587196.259,517559,Suelo_pH,Original,7.475420374491737,-0.20478858591013063,-0.1774852789743608,0.03634695930102439,-1.1037167860165926,0.7908692962943638,0.87,Sin_clasificar
40,587194.193,517557,Suelo_pH,Original,8.317815276870693,0.7904507216508012,-0.3026085193891809,-0.2391971225288585,-0.9260152488452527,0.8243527281288933,0.592,Sin_clasificar
41,587192.224,517555,Suelo_pH,Original,6.493447803874131,-1.3649305792500332,-0.6722182990046286,0.9175313122428598,-0.84076626779373,0.9050628102714668,0.044,Bajo-Bajo
42,587190.146,517554,Suelo_pH,Original,6.616224100728196,-1.219877711146414,-1.1190172904606168,1.3650642510203592,-1.0138932278703188,0.9778413515884101,0.008,Bajo-Bajo
43,587191.692,517552,Suelo_pH,Original,6.934701451703636,-0.8436157259853863,-1.1249903491588238,0.9490595501321742,-0.7460106752746686,0.9598945952978835,0.048,Sin_clasificar
44,587193.77,517553,Suelo_pH,Original,6.841660356244952,-0.953538228077351,-0.6201609875201943,0.5913472091627063,-0.9565218361496702,1.1551466867126958,0.226,Sin_clasificar
45,587195.739,517555,Suelo_pH,Original,8.450982683866304,0.9477800663010559,-0.2389642573866448,-0.22648555970949683,-0.9088063509228012,0.9278959488165902,0.622,Sin_clasificar
46,587197.805,517557,Suelo_pH,Original,8.133049562655302,0.5721610561300038,-0.2863712455487517,-0.1638504742984384,-0.9823568011785722,0.8556986374267932,0.674,Sin_clasificar
47,587199.328,517558,Suelo_pH,Original,7.067695768867427,-0.6864908766423554,-0.055187477525737466,0.0378856998263238,-0.8126299979439888,1.038076075793584,0.858,Sin_clasificar
48,587201.661,517560,Suelo_pH,Original,8.168347282392022,0.6138632056207538,0.04336283795741208,0.02661885071335028,-1.0739270886494923,0.9985784992373208,0.89,Sin_clasificar
49,587203.586,517562,Suelo_pH,Original,8.475496056864344,0.9767411536719022,-0.02367645087793846,-0.02312576394537373,-1.1215731064132268,0.9050988950009387,0.962,Sin_clasificar
50,587205.651,517563,Suelo_pH,Original,6.998413441942849,-0.7683438115068744,0.4400795056596579,-0.3381323647446027,-0.9727403024286649,0.8597583181322066,0.416,Sin_clasificar
51,587207.621,517565,Suelo_pH,Original,8.261402224406721,0.7238020665923628,-0.376664908688254,-0.2726308393213819,-0.9738979949337896,0.9686543474383678,0.524,Sin_clasificar
52,587209.552,517567,Suelo_pH,Original,7.002848472223735,-0.7631040878887757,-0.5684299037466888,0.4337711832273215,-0.8886571718505429,1.0002229709941834,0.326,Sin_clasificar
53,587211.663,517569,Suelo_pH,Original,7.114376127756552,-0.6313408182477606,0.04258217623857863,-0.02688386598923458,-0.9918726253435566,1.0477397738065384,0.946,Sin_clasificar
54,587213.632,517570,Suelo_pH,Original,8.349157243537224,0.8274793849472036,0.1050793864383468,0.08695102606063274,-0.9728604286187987,0.821247138400098,0.812,Sin_clasificar
55,587215.742,517572,Suelo_pH,Original,8.449226259820819,0.9457049561052612,0.9674907543759773,0.9149608013993796,-0.9598155627379734,1.0108677120002203,0.07,Sin_clasificar
56,587217.533,517574,Suelo_pH,Original,8.299016280380203,0.7682408291203505,1.0854789784402792,0.8339092703896712,-1.010279401816757,0.9312712670418131,0.088,Sin_clasificar
1,587212.895,517579,Suelo_pH,Residual_ajustado,-0.06680850635297453,-0.12361471061293193,-0.014698780095543248,0.0018169854478737027,-1.1120546938110458,0.9372101719151249,0.952,Sin_clasificar
2,587211.104,517578,Suelo_pH,Residual_ajustado,-0.43987326697190465,-0.8138904695131837,0.15787015962951967,-0.128489018342991,-0.9810949542741091,0.9504767364011191,0.62,Sin_clasificar
3,587208.994,517576,Suelo_pH,Residual_ajustado,-0.10930419871243616,-0.20224381040984946,-0.10135888843147381,0.02049920781528807,-0.9612876821358514,1.0796008471437148,0.862,Sin_clasificar
4,587207.025,517574,Suelo_pH,Residual_ajustado,0.19703089249557576,0.3645631086102541,-0.65246129801275,-0.23786331905140953,-1.0488801700393076,0.7565106836732622,0.424,Sin_clasificar
5,587204.915,517572,Suelo_pH,Residual_ajustado,-0.09404787448716531,-0.17401527774127032,0.8019155748567968,-0.13954556148375594,-1.0713425463871644,1.0508555031129405,0.622,Sin_clasificar
6,587202.983,517570,Suelo_pH,Residual_ajustado,0.6973753481809251,1.2903424512818726,-0.2983271384869266,-0.38494417115912755,-0.914829336884369,1.1393346897917076,0.312,Sin_clasificar
7,587201.014,517569,Suelo_pH,Residual_ajustado,-0.8496157887158036,-1.5720305031128112,0.7449399239967136,-1.171068283509373,-0.9969020420649788,1.0994960499289945,0.034,Bajo-Alto
8,587198.948,517567,Suelo_pH,Residual_ajustado,0.6143273224833564,1.136680017798607,-0.08202147792309933,-0.09323217498549659,-1.096754285973327,1.167730262685446,0.716,Sin_clasificar
9,587197.023,517566,Suelo_pH,Residual_ajustado,0.04318327722183816,0.07990132706892755,0.6476387942121782,0.05174719911887311,-1.0718831433839426,1.2244232732727522,0.73,Sin_clasificar
10,587194.69,517564,Suelo_pH,Residual_ajustado,0.15664184207734305,0.28983189469861925,-0.6733914140723488,-0.19517030941437133,-1.0385503639827327,0.8716300221629754,0.5,Sin_clasificar
11,587193.167,517562,Suelo_pH,Residual_ajustado,-0.572283215290789,-1.0588864788122812,0.011141052398609783,-0.011797109744627032,-1.0661258720641975,1.1464513929197475,0.904,Sin_clasificar
12,587191.101,517561,Suelo_pH,Residual_ajustado,-0.5446694139521497,-1.007793103915315,-0.20951248358183083,0.21114523613793976,-1.0456122992174453,0.9568649717903138,0.44,Sin_clasificar
13,587189.132,517559,Suelo_pH,Residual_ajustado,-0.29275985376104624,-0.5416888743261769,-0.2789378054920032,0.15109750586397727,-1.0085445915021567,1.0536008970912172,0.538,Sin_clasificar
14,587187.054,517557,Suelo_pH,Residual_ajustado,-0.15226482684433626,-0.2817331734292365,-0.0490174620849196,0.013809845146631677,-0.9586250485369379,0.9320393456122842,0.89,Sin_clasificar
15,587188.6,517555,Suelo_pH,Residual_ajustado,0.3599866148576562,0.6660774750007099,-0.3757449671451298,-0.25027525896025277,-1.1716630414430484,0.8897312351671313,0.438,Sin_clasificar
16,587190.678,517557,Suelo_pH,Residual_ajustado,-0.23597029403820163,-0.43661206039643846,-0.04150313242239023,0.018120768159846028,-1.2429284166397172,0.9932741960767472,0.834,Sin_clasificar
17,587192.647,517559,Suelo_pH,Residual_ajustado,0.32988833852940036,0.6103871157729773,0.09899050270213766,0.060422527433274927,-1.060547076501438,1.0269468438559817,0.748,Sin_clasificar
18,587194.713,517560,Suelo_pH,Residual_ajustado,0.0822242978578974,0.1521383030381575,-0.38222872177262796,-0.058151629102931666,-1.0129658065533826,0.990570302586792,0.766,Sin_clasificar
19,587196.236,517562,Suelo_pH,Residual_ajustado,-0.8837755613978774,-1.6352357840749128,-0.055396348940765616,0.09058609209504033,-1.0355372646602565,0.9515460423035668,0.664,Sin_clasificar
20,587198.569,517564,Suelo_pH,Residual_ajustado,-0.04288245497147037,-0.07934472047112875,0.7958523555736365,-0.06314668268927956,-1.1664328780359565,1.2018933146479873,0.756,Sin_clasificar
21,587200.494,517565,Suelo_pH,Residual_ajustado,0.67199845124698,1.2433879848226153,0.16493944107200997,0.205083719252295,-1.3047099723135114,1.1336628480771807,0.516,Sin_clasificar
22,587202.56,517567,Suelo_pH,Residual_ajustado,-0.917403021073956,-1.6974561347970842,0.005439485540624733,-0.009233288101073487,-1.0715175915896735,1.0896671346249023,0.922,Sin_clasificar
23,587204.529,517569,Suelo_pH,Residual_ajustado,1.216134040644348,2.2501933617034595,0.07990028821540301,0.17979109814049302,-0.9449974060342009,1.0154973734234523,0.556,Sin_clasificar
24,587206.461,517570,Suelo_pH,Residual_ajustado,-0.37693490339377195,-0.6974366221683991,-0.09091674580200743,0.06340866809069504,-1.0307867503784107,0.9514798603653032,0.756,Sin_clasificar
25,587208.571,517572,Suelo_pH,Residual_ajustado,-0.7704332440291126,-1.4255203073104012,-0.6772062193392512,0.9653712179050044,-1.1007202913176541,0.7966286752135101,0.052,Bajo-Bajo
26,587210.54,517574,Suelo_pH,Residual_ajustado,-0.43672527838625963,-0.808065796589479,0.08940181953046542,-0.07224255251543438,-1.145917422654752,0.9573513616191269,0.726,Sin_clasificar
27,587212.65,517576,Suelo_pH,Residual_ajustado,0.4604469379208786,0.8519576037665132,-0.3813355841018207,-0.32488175046229084,-1.0641146667764572,0.9076850408611551,0.352,Sin_clasificar
28,587214.441,517577,Suelo_pH,Residual_ajustado,0.05695425976024784,0.10538155577434688,0.28123159785017016,0.0296366233143564,-1.024893229425032,0.9375617710009139,0.808,Sin_clasificar
29,587215.987,517575,Suelo_pH,Residual_ajustado,0.21907508443327883,0.40535112432606674,0.3005846949425051,0.12184234405015223,-1.0430372491738618,1.0326191877113613,0.602,Sin_clasificar
30,587214.196,517574,Suelo_pH,Residual_ajustado,-0.004738529902248628,-0.008767626078967233,0.7524561496827751,-0.00659725416123797,-1.134193341811463,0.9771477465762651,0.948,Sin_clasificar
31,587212.086,517572,Suelo_pH,Residual_ajustado,0.6125620660597169,1.1334137920755991,-0.7838223689353787,-0.8883950834887269,-1.094408105618043,1.0388957464332094,0.088,Sin_clasificar
32,587210.117,517570,Suelo_pH,Residual_ajustado,-0.8473756267216206,-1.5678855672093808,-0.6301423968471147,0.9879911693033172,-1.0247534283747628,0.9113802513750482,0.054,Bajo-Bajo
33,587208.007,517569,Suelo_pH,Residual_ajustado,-0.5481994968646127,-1.0143247598598177,-0.29909862490066835,0.30338314087677215,-0.8718977846816693,0.9454632496092075,0.382,Sin_clasificar
34,587206.075,517567,Suelo_pH,Residual_ajustado,0.7696934393491417,1.4241514585452226,-0.10982652278594424,-0.1564096026125526,-1.1165430575755244,1.0595910293763597,0.528,Sin_clasificar
35,587204.105,517565,Suelo_pH,Residual_ajustado,-1.0267574585841375,-1.8997929012507646,-0.09076919193705912,0.17244266649429307,-1.0313334046988185,0.9804868042288917,0.512,Sin_clasificar
36,587202.04,517564,Suelo_pH,Residual_ajustado,0.7025292329126422,1.299878601757646,0.10170877147528137,0.1322090556517767,-1.0261581300214722,1.0301583750999161,0.604,Sin_clasificar
37,587200.115,517562,Suelo_pH,Residual_ajustado,0.3909886758874235,0.7234400926043965,0.8461082145672008,0.6121086050998362,-1.0666331160222386,1.0339817916503133,0.162,Sin_clasificar
38,587197.782,517560,Suelo_pH,Residual_ajustado,-0.6584804554962329,-1.218375853523544,-0.11423255075957722,0.13917818153187148,-0.8764447452381918,0.9288695272567278,0.552,Sin_clasificar
39,587196.259,517559,Suelo_pH,Residual_ajustado,0.29985681059123825,0.5548202600237049,0.3211959075985053,0.1782059969723526,-1.1338879358308342,0.9558827479352143,0.584,Sin_clasificar
40,587194.193,517557,Suelo_pH,Residual_ajustado,0.9124160770714597,1.6882288720821466,0.5401236525765571,0.9118523447742103,-1.016878680525532,0.941713414080313,0.074,Sin_clasificar
41,587192.224,517555,Suelo_pH,Residual_ajustado,-0.4868378283323631,-0.9007882461370713,0.4948084706301193,-0.4457176544326717,-1.1636749696465567,1.1445035202932834,0.24,Sin_clasificar
42,587190.146,517554,Suelo_pH,Residual_ajustado,0.06277609877880205,0.11615361138222703,0.023951244230160873,0.0027820235144309135,-1.0622431911113224,0.9501431184144764,0.98,Sin_clasificar
43,587191.692,517552,Suelo_pH,Residual_ajustado,0.41460003271846607,0.7671278084534434,0.12322657492460193,0.09453053236513392,-1.1220026248198525,0.97702150732282,0.684,Sin_clasificar
44,587193.77,517553,Suelo_pH,Residual_ajustado,0.3304700566210226,0.6114634594525421,0.4696421635863042,0.28716902205125827,-1.0977804420266537,0.960403900238591,0.4,Sin_clasificar
45,587195.739,517555,Suelo_pH,Residual_ajustado,1.0247483504705692,1.8960754806466176,0.5154240985487196,0.9772829953926131,-1.1969247078457261,0.8694165820812315,0.078,Alto-Alto
46,587197.805,517557,Suelo_pH,Residual_ajustado,0.35821112190794635,0.6627923087972611,0.29830322484060406,0.19771308311377248,-1.1792198379847583,1.1090443510698174,0.452,Sin_clasificar
47,587199.328,517558,Suelo_pH,Residual_ajustado,-0.02124375917790749,-0.03930698778436214,0.2299369268642731,-0.009038127975427754,-0.9409175277681066,0.9679144747916031,0.938,Sin_clasificar
48,587201.661,517560,Suelo_pH,Residual_ajustado,0.49749713575957377,0.9205109921596705,-0.04861070974465784,-0.044746692656640746,-1.0878908851020057,1.0172688592230905,0.864,Sin_clasificar
49,587203.586,517562,Suelo_pH,Residual_ajustado,0.18364743415270987,0.3397999097248784,-0.2672635001468673,-0.09081611322266052,-0.9441460677714346,1.0820937703541422,0.694,Sin_clasificar
50,587205.651,517563,Suelo_pH,Residual_ajustado,-0.7510472395100539,-1.389650693254021,-0.00887404537622357,0.012331823309036724,-1.1177199982537316,1.0429109798766565,0.892,Sin_clasificar
51,587207.621,517565,Suelo_pH,Residual_ajustado,0.12139661144978325,0.22461820826334591,-0.5551289761824197,-0.12469207598516076,-1.1259382481223361,1.023671658911573,0.592,Sin_clasificar
52,587209.552,517567,Suelo_pH,Residual_ajustado,-0.1919833755621245,-0.355223768770116,-0.8929326077749227,0.31719088619153585,-0.9086454068797238,0.9738862710140939,0.376,Sin_clasificar
53,587211.663,517569,Suelo_pH,Residual_ajustado,-0.6561902442522636,-1.2141383122938387,-0.38506650744189636,0.46752399946638695,-1.0038129488794334,0.970035549114172,0.23,Sin_clasificar
54,587213.632,517570,Suelo_pH,Residual_ajustado,-0.40565150235390746,-0.7505704858636877,-0.25737700221617477,0.1931795816035337,-1.3749375982133678,0.9658464163800045,0.504,Sin_clasificar
55,587215.742,517572,Suelo_pH,Residual_ajustado,0.3345984061583335,0.6191020785629213,0.03315894597378283,0.02052877237532456,-1.0733050949645009,1.0623683591559399,0.824,Sin_clasificar
56,587217.533,517574,Suelo_pH,Residual_ajustado,0.26299896153817226,0.4866227715117195,0.28026678314609194,0.13638419877722532,-1.094485104599115,0.9240513386154555,0.588,Sin_clasificar
1,587212.895,517579,Suelo_T,Original,16.390856305908574,-0.29751668344545007,-0.3376978070544213,0.10047073156163294,-1.0260270826963982,1.1447195703547892,0.602,Sin_clasificar
2,587211.104,517578,Suelo_T,Original,16.36011865982005,-0.39189379494557597,-0.31410352917938983,0.12309522405590953,-0.9638065819022938,1.3248209428903677,0.546,Sin_clasificar
3,587208.994,517576,Suelo_T,Original,16.304335526651716,-0.5631707679347189,-0.504864943288419,0.28432517781505723,-1.008691091887465,1.0010535958710927,0.304,Sin_clasificar
4,587207.025,517574,Suelo_T,Original,16.333889117557277,-0.47242918882712176,-0.41842613033728626,0.19767671733931566,-0.9333228789804827,0.86359138918317635,0.39,Sin_clasificar
5,587204.915,517572,Suelo_T,Original,16.457688607156356,-0.0923142574526997,-0.5478098117732377,0.05057065599914963,-1.1526590124367952,0.8794615830149436,0.72,Sin_clasificar
6,587202.983,517570,Suelo_T,Original,16.006800261883832,-1.4767253965925387,-0.7100393701489132,1.04853317047947,-1.3614020519570316,0.9956349908466355,0.066,Bajo-Bajo
7,587201.014,517569,Suelo_T,Original,15.935461193644215,-1.6957654355784404,-1.290650456157797,2.1886404329659395,-1.0854859545861058,1.0507198049041988,0.01,Bajo-Bajo
8,587198.948,517567,Suelo_T,Original,15.629953510551685,-2.6337986404741365,-1.211218035907464,3.1901044162908327,-1.2778530818638658,1.0555288840111516,0.002,Bajo-Bajo
9,587197.023,517566,Suelo_T,Original,16.219063677723863,-0.8249901268702821,-1.385383888757812,1.1429280301503522,-1.2097488107844656,0.9558804127653121,0.05,Bajo-Bajo
10,587194.69,517564,Suelo_T,Original,16.297675315344055,-0.5836203333759776,-1.1791700744636722,0.6881876319654647,-1.1670521328683825,0.8380225656914031,0.096,Sin_clasificar
11,587193.167,517562,Suelo_T,Original,15.845158233713603,-1.973032357502707,-0.6824909648315141,1.3465767573158192,-1.0823229888491888,1.1212871193614564,0.028,Bajo-Bajo
12,587191.101,517561,Suelo_T,Original,16.24488757423928,-0.7457002308976386,-0.7668628862564371,0.5718498313482546,-1.0345910741379534,1.123768053448357,0.146,Sin_clasificar
13,587189.132,517559,Suelo_T,Original,16.587488417945256,0.30622410752939877,-0.648798043764972,-0.19867760191874834,-0.9806111036996772,0.9101249370334489,0.42,Sin_clasificar
14,587187.054,517557,Suelo_T,Original,16.34828161043097,-0.4282383649496756,-0.036976032910668734,0.015834555875990173,-1.0586250891332463,0.8440706481088199,0.924,Sin_clasificar
15,587188.6,517555,Suelo_T,Original,16.45210968892871,-0.10944381207455105,-0.32250548589838973,0.03529622979167514,-1.0562781500827572,0.8949290198077411,0.744,Sin_clasificar
16,587190.678,517557,Suelo_T,Original,16.404440793303923,-0.2558067659751756,-0.3714414173322278,0.09501722771699272,-1.2855534514074223,0.866666383798909,0.666,Sin_clasificar
17,587192.647,517559,Suelo_T,Original,16.108180467084274,-1.165446813237398,-0.03223858898226023,0.037572360792645476,-1.2215789427379662,0.9967412939293829,0.854,Sin_clasificar
18,587194.713,517560,Suelo_T,Original,16.411153349030926,-0.23519648181504205,-0.82447818371417,0.1939143681428287,-0.982012953333081,0.9323232994728969,0.384,Sin_clasificar
19,587196.236,517562,Suelo_T,Original,16.35445327649193,-0.4092888326953394,-0.3122706578081226,0.12780889301929227,-1.255483151488006,0.7440784930685286,0.546,Sin_clasificar
20,587198.569,517564,Suelo_T,Original,15.996168585176823,-1.50936898078636,-0.6022343896161176,0.9089939068493751,-0.9066015904469737,1.046567743731723,0.06,Sin_clasificar
21,587200.494,517565,Suelo_T,Original,16.222399562334573,-0.8147476003947739,-0.8632361115997915,0.7033195505000454,-1.0705445259004283,1.138992186166874,0.108,Sin_clasificar
22,587202.56,517567,Suelo_T,Original,16.249920116280524,-0.7302482740370573,-0.3688931430164851,0.2693835809918936,-1.0956693846682013,0.988201856368098,0.32,Sin_clasificar
23,587204.529,517569,Suelo_T,Original,16.38293786938734,-0.32182951352745515,0.0659850706656201,-0.021235943192391266,-1.3052531487586967,0.9669172857241977,0.956,Sin_clasificar
24,587206.461,517570,Suelo_T,Original,16.513726474009,0.0797448518541646,0.08985871524306,0.007165769934863382,-1.4425622885801155,0.9230349459845655,0.928,Sin_clasificar
25,587208.571,517572,Suelo_T,Original,16.337856589118964,-0.4602474327852795,0.32223105647251316,-0.14830601650516262,-1.1626023201618474,0.9131304244271914,0.504,Sin_clasificar
26,587210.54,517574,Suelo_T,Original,16.306028690856877,-0.5579720631764468,0.08929076981349943,-0.049821755055451465,-0.9173362977317046,0.9018659005715113,0.776,Sin_clasificar
27,587212.65,517576,Suelo_T,Original,16.29326404711778,-0.5971647262045314,-0.10282535597712664,0.06140367554896431,-1.33627461109996,0.7072336104687009,0.688,Sin_clasificar
28,587214.441,517577,Suelo_T,Original,16.553360689663215,0.20143806086714114,-0.08708595494914065,-0.017542425893718103,-1.3485453652815884,0.9414653519077605,0.952,Sin_clasificar
29,587215.987,517575,Suelo_T,Original,16.555892325811563,0.20921121650704383,0.22160806702465488,0.04636289329000255,-0.9593311192976841,0.9963536552959258,0.668,Sin_clasificar
30,587214.196,517574,Suelo_T,Original,16.59755296532245,0.3371263733463751,0.4184311802373111,0.14106418628844808,-0.9916848191122332,0.8600221610038721,0.496,Sin_clasificar
31,587212.086,517572,Suelo_T,Original,17.13188575892372,1.9777460061785275,0.5986828315593711,1.1840425790841982,-1.0999792519202103,1.123680865527708,0.046,Alto-Alto
32,587210.117,517570,Suelo_T,Original,17.217162578176637,2.2395806260394564,1.0566352853204584,2.3664199137933717,-1.205884203627058,0.9039619351501385,0.01,Alto-Alto
33,587208.007,517569,Suelo_T,Original,16.88959875188627,1.2338260647376744,1.371140046259822,1.691748327480989,-1.191691895354332,0.9474493657006247,0.022,Alto-Alto
34,587206.075,517567,Suelo_T,Original,17.266533371940447,2.3911691014379115,0.7412202754194284,1.772383019942236,-1.2346848589776886,0.8935211000919141,0.008,Alto-Alto
35,587204.105,517565,Suelo_T,Original,16.929640308754806,1.356769977434729,0.8757265359160401,1.1881594723737992,-0.9847013271026491,0.8826335665232257,0.036,Alto-Alto
36,587202.04,517564,Suelo_T,Original,16.95038721713169,1.4204714488983878,0.7343268363917723,1.0430903052543903,-0.986767309420586,1.021548368224267,0.046,Alto-Alto
37,587200.115,517562,Suelo_T,Original,17.095034890751798,1.8645988092747214,-0.04952824537154585,-0.09235030734525063,-1.4569833048905338,1.1033219799748566,0.65,Sin_clasificar
38,587197.782,517560,Suelo_T,Original,16.26624602182283,-0.6801210846202347,-0.06690666520437111,0.045504633707119796,-1.347073168794571,1.030669195771043,0.768,Sin_clasificar
39,587196.259,517559,Suelo_T,Original,16.569129671904555,0.24985526857876408,-0.0038851302944220706,-9.707202731763192e-4,-1.1510809533376025,0.9364949231683473,0.932,Sin_clasificar
40,587194.193,517557,Suelo_T,Original,16.84853679988465,1.1077491227588152,-0.27482436654427933,-0.30443645095217253,-1.1187061783879038,0.9269004646403523,0.346,Sin_clasificar
41,587192.224,517555,Suelo_T,Original,16.319340574133697,-0.5170991515463609,0.22327342058586336,-0.11545449634780373,-1.037071053259482,0.9757441625829808,0.658,Sin_clasificar
42,587190.146,517554,Suelo_T,Original,16.458807870927757,-0.08887766112234705,-0.22700704885538914,0.020175855560553357,-1.225067926289243,0.9373690134672901,0.864,Sin_clasificar
43,587191.692,517552,Suelo_T,Original,16.47939119316805,-0.025678465825468986,-0.14634790951527452,0.003757989793116804,-1.2787937771301299,1.0185353139382074,0.97,Sin_clasificar
44,587193.77,517553,Suelo_T,Original,16.530103495043477,0.13002898668216087,-0.07456551211657483,-0.009695677981954615,-1.1315199172477077,0.965852723370773,0.914,Sin_clasificar
45,587195.739,517555,Suelo_T,Original,16.596337119273574,0.3333932300278776,0.12817672009834713,0.042733250727967124,-1.1749202194920103,0.7834147755263459,0.726,Sin_clasificar
46,587197.805,517557,Suelo_T,Original,16.42002005507297,-0.20797207750122676,7.265986966811591e-4,-1.5111224045846438e-4,-0.8781470291903707,0.9191532148902979,0.986,Sin_clasificar
47,587199.328,517558,Suelo_T,Original,16.520251381960204,0.09977898080031769,0.01682356431346635,0.0016786381006262687,-1.0132934010356571,0.9553687479968267,0.98,Sin_clasificar
48,587201.661,517560,Suelo_T,Original,16.717538904966478,0.7055321507965627,0.4537357161768044,0.32012513572743956,-1.1457392438766312,1.0409649500450675,0.286,Sin_clasificar
49,587203.586,517562,Suelo_T,Original,16.660593379482005,0.530686159252413,0.9760718611236494,0.5179878271340642,-1.0726203776531116,1.007887455451053,0.156,Sin_clasificar
50,587205.651,517563,Suelo_T,Original,16.62503709663575,0.4215138673649181,1.0010105396545737,0.421939823842843,-1.100535748241338,1.1742231026988366,0.246,Sin_clasificar
51,587207.621,517565,Suelo_T,Original,16.71447169759264,0.6961145730327649,1.2358796379863284,0.860313826516741,-1.1011749027120104,0.9467088437382286,0.082,Sin_clasificar
52,587209.552,517567,Suelo_T,Original,16.739859540222213,0.7740656057077551,1.4111844417402017,1.0923493396609893,-1.1511308291844697,1.0444505022186539,0.054,Alto-Alto
53,587211.663,517569,Suelo_T,Original,16.968217113342373,1.475216503150911,1.3418471569884596,1.979515070695507,-1.009526462330805,0.8208682033548975,0.002,Alto-Alto
54,587213.632,517570,Suelo_T,Original,16.61021252649387,0.37599639002809954,1.4441188399592746,0.5429834705962541,-1.193112814333297,0.864887260330129,0.162,Sin_clasificar
55,587215.742,517572,Suelo_T,Original,16.515090257826976,0.08393222446820427,0.29656739732460435,0.024891561362199815,-0.994630757018646,1.0533645287172673,0.842,Sin_clasificar
56,587217.533,517574,Suelo_T,Original,16.57371549283729,0.2639356094168991,0.20792696879719108,0.05487933122369519,-1.1760026480704404,0.8290540840281186,0.692,Sin_clasificar
1,587212.895,517579,Suelo_T,Residual_ajustado,-0.1321810432855444,-0.4447208270090698,-0.6096293921322118,0.2711148874380737,-0.8296826471064969,0.7721055440750081,0.312,Sin_clasificar
2,587211.104,517578,Suelo_T,Residual_ajustado,-0.4205096608710239,-1.4147974588449703,-0.36711023417323657,0.5193866264242771,-1.0809685140450669,0.908120620091901,0.174,Sin_clasificar
3,587208.994,517576,Suelo_T,Residual_ajustado,-0.08308839461079151,-0.2795494622201109,-0.8583497547418801,0.23995121233485667,-1.0091382830334843,1.0192854600164123,0.374,Sin_clasificar
4,587207.025,517574,Suelo_T,Residual_ajustado,-0.22711853018360734,-0.7641363546673132,-0.482129664406811,0.3684128042367956,-1.1496680948086522,0.9297199425795901,0.298,Sin_clasificar
5,587204.915,517572,Suelo_T,Residual_ajustado,-0.12099449395750353,-0.4070838758632306,-0.828979570519904,0.3374642165786788,-0.9398725037528979,0.8511543412051119,0.268,Sin_clasificar
6,587202.983,517570,Suelo_T,Residual_ajustado,-0.5562639418497634,-1.8715403820829588,-0.5769139290840672,1.0797177152669761,-1.1381648850550703,0.9763482634310221,0.052,Bajo-Bajo
7,587201.014,517569,Suelo_T,Residual_ajustado,-0.2724699146911905,-0.9167203010706503,-1.3140641369665917,1.2046292712661582,-1.1623523093701968,0.84190992817003,0.034,Bajo-Bajo
8,587198.948,517567,Suelo_T,Residual_ajustado,-0.7135910257153972,-2.400864626381019,-0.7660142235299537,1.8390964525777886,-0.9587780590422518,1.048635624057889,0.008,Bajo-Bajo
9,587197.023,517566,Suelo_T,Residual_ajustado,-0.1470418314988843,-0.4947196911424559,-1.0838895342662354,0.5362214956247323,-1.000899311445797,1.0564669867566232,0.156,Sin_clasificar
10,587194.69,517564,Suelo_T,Residual_ajustado,-0.08383951946972783,-0.282076608777213,-0.9496530722417388,0.2678749181328114,-0.9647833574986391,0.9616771910512072,0.354,Sin_clasificar
11,587193.167,517562,Suelo_T,Residual_ajustado,-0.5858808839082866,-1.9711860698333035,-0.632208897228433,1.2462013714413618,-0.9314314521516394,0.85927750963641,0.03,Bajo-Bajo
12,587191.101,517561,Suelo_T,Residual_ajustado,-0.2500739909998006,-0.8413696043436548,-0.7208897345698179,0.60653471075041,-0.9849436345362418,1.0111194218297634,0.13,Sin_clasificar
13,587189.132,517559,Suelo_T,Residual_ajustado,0.14653560692532833,0.49301650734689606,-0.5087173009039738,-0.25080602691861714,-0.8792514325695182,1.0011900321846607,0.372,Sin_clasificar
14,587187.054,517557,Suelo_T,Residual_ajustado,-0.1853875162504944,-0.6237330822542666,0.24460233791692493,-0.15256657015552325,-1.0000351020403284,0.9160904765831037,0.48,Sin_clasificar
15,587188.6,517555,Suelo_T,Residual_ajustado,-0.016807582680864772,-0.05654882034567014,-0.10633381948779302,0.006013052054884126,-0.9685077599674009,0.7736682774326653,0.964,Sin_clasificar
16,587190.678,517557,Suelo_T,Residual_ajustado,0.12166238317133737,0.4093309775363879,-0.22154341697912885,-0.09068458343881841,-0.9129671196522046,0.9426004354478225,0.632,Sin_clasificar
17,587192.647,517559,Suelo_T,Residual_ajustado,-0.29100982110248413,-0.979097494554362,-0.037583802291173196,0.036798206659114166,-1.0314780655519253,1.0620987909814725,0.84,Sin_clasificar
18,587194.713,517560,Suelo_T,Residual_ajustado,-0.12670354564957992,-0.4262918812385022,-0.697804143103164,0.29746824089946877,-1.0472608861098391,0.9404831482287682,0.326,Sin_clasificar
19,587196.236,517562,Suelo_T,Residual_ajustado,-0.1413376962018469,-0.4755282268930016,-0.11712810992244363,0.055697722430748206,-1.1314466610226086,1.0882465926380058,0.776,Sin_clasificar
20,587198.569,517564,Suelo_T,Residual_ajustado,-0.2547726916297065,-0.857178301098194,-0.29323356476115714,0.25135344886693595,-1.4600383900981213,1.0120102758778717,0.364,Sin_clasificar
21,587200.494,517565,Suelo_T,Residual_ajustado,-0.23642226254971163,-0.7954386008085149,-0.6114413513425296,0.4863640529883693,-1.1540604029464172,0.8601974341611727,0.174,Sin_clasificar
22,587202.56,517567,Suelo_T,Residual_ajustado,-0.25096763059048793,-0.8443762392433355,0.01435943654312305,-0.012124767025935563,-0.8615205904630503,0.8194470345645879,0.924,Sin_clasificar
23,587204.529,517569,Suelo_T,Residual_ajustado,-0.041455199684659896,-0.13947530015905296,-0.3168584726346853,0.044193930578661805,-0.9950194465780555,1.0308588607816889,0.752,Sin_clasificar
24,587206.461,517570,Suelo_T,Residual_ajustado,-0.16072790415717997,-0.5407662451702913,-0.10774230255997633,0.058263400401359855,-0.9004511901870449,1.046201349159251,0.74,Sin_clasificar
25,587208.571,517572,Suelo_T,Residual_ajustado,-0.2447108808403785,-0.8233255132534782,0.12188195709851224,-0.100348524884471,-0.9514368697092447,1.1519777932791593,0.606,Sin_clasificar
26,587210.54,517574,Suelo_T,Residual_ajustado,-0.12440539887675486,-0.4185598062904241,-0.10492474126445983,0.04391727937872517,-0.9796582462368608,0.9947869041919073,0.78,Sin_clasificar
27,587212.65,517576,Suelo_T,Residual_ajustado,-0.24844990618658602,-0.8359053991648124,-0.3917055044520769,0.3274287460540676,-1.0923690813420146,0.9859255546748911,0.312,Sin_clasificar
28,587214.441,517577,Suelo_T,Residual_ajustado,0.027265633739112973,0.09173475170104668,-0.34508591059658184,-0.03165637032410703,-1.1944677731733746,0.8435338581643752,0.88,Sin_clasificar
29,587215.987,517575,Suelo_T,Residual_ajustado,-0.081592904545125,-0.27451791183848523,0.0592357081197301,-0.01626126289930231,-1.0666238417881613,1.0613007582328893,0.92,Sin_clasificar
30,587214.196,517574,Suelo_T,Residual_ajustado,0.051954643172600956,0.17480049562604008,0.09463797331358599,0.016542764640258785,-1.0945816226747092,1.0856194950690008,0.886,Sin_clasificar
31,587212.086,517572,Suelo_T,Residual_ajustado,0.4515051991256057,1.5190814095805623,0.46817046446390853,0.7111890490818207,-1.1689401151710745,1.0285326532167955,0.128,Sin_clasificar
32,587210.117,517570,Suelo_T,Residual_ajustado,0.6571560811729612,2.2109902345220775,0.5353571393571106,1.1836694071002465,-1.269653629916156,0.9644102784713905,0.046,Alto-Alto
33,587208.007,517569,Suelo_T,Residual_ajustado,0.27906682133727706,0.9389154790358564,0.9338017266581632,0.8767608955097591,-1.3935395736849032,0.9588407219014934,0.074,Sin_clasificar
34,587206.075,517567,Suelo_T,Residual_ajustado,0.591249586319568,1.9892489759578444,0.8849424186724952,1.7603708001259193,-1.0778043591668762,0.9012514369826571,0.006,Alto-Alto
35,587204.105,517565,Suelo_T,Residual_ajustado,0.5674191683775406,1.9090719482107104,0.936308744926075,1.787480759802747,-1.2964133692291069,0.8869269663214512,0.01,Alto-Alto
36,587202.04,517564,Suelo_T,Residual_ajustado,0.4923947997021053,1.6566537613524304,0.9579417461469872,1.5869777969109213,-1.1466812639429342,0.7799125105195387,0.02,Alto-Alto
37,587200.115,517562,Suelo_T,Residual_ajustado,0.748432647754797,2.5180886592873613,0.2730856200285215,0.6876538028082775,-1.1008412688263265,1.1380853733556027,0.13,Sin_clasificar
38,587197.782,517560,Suelo_T,Residual_ajustado,-0.11732536898366365,-0.39473916854207003,0.38249040941864676,-0.15098394618923258,-0.9554154154921799,0.8322786566242497,0.556,Sin_clasificar
39,587196.259,517559,Suelo_T,Residual_ajustado,0.1886159878279803,0.6345952188680107,0.08286120222166382,0.05258332275952325,-1.0576198810896482,0.8797258465280698,0.736,Sin_clasificar
40,587194.193,517557,Suelo_T,Residual_ajustado,0.2104321443111836,0.7079952988810763,-0.009454483656683221,-0.006693729982279688,-0.9425398131622794,0.8443432981054602,0.984,Sin_clasificar
41,587192.224,517555,Suelo_T,Residual_ajustado,-0.10210897066048302,-0.34354386036337925,0.3907379462298103,-0.13423562243824752,-0.8298319459939961,1.087355356603367,0.546,Sin_clasificar
42,587190.146,517554,Suelo_T,Residual_ajustado,0.03941488212628769,0.13261068713008586,-0.07872723339860192,-0.010440072516839247,-0.7469169054474267,0.9342116881992801,0.922,Sin_clasificar
43,587191.692,517552,Suelo_T,Residual_ajustado,-0.09634385550014357,-0.3241472304217462,0.01138320694818186,-0.0036898350055707277,-1.1067314069796446,0.9188111548540081,0.97,Sin_clasificar
44,587193.77,517553,Suelo_T,Residual_ajustado,0.09303505286903196,0.31301482137169095,0.028786949441989507,0.009010741837420243,-1.0634606839386955,1.0832222777125202,0.948,Sin_clasificar
45,587195.739,517555,Suelo_T,Residual_ajustado,0.19326246224133345,0.6502282014229976,0.2804867049188848,0.1823803656624695,-1.1386760182075868,1.0936811280219723,0.46,Sin_clasificar
46,587197.805,517557,Suelo_T,Residual_ajustado,0.13210963045694743,0.4444805597861512,0.4541245844155912,0.20184954949369527,-1.1170827744662022,1.0285987045802174,0.422,Sin_clasificar
47,587199.328,517558,Suelo_T,Residual_ajustado,0.27535112581530463,0.9264140859134267,0.4431605576951141,0.4105501829700035,-1.03511878234516,0.9849832082815446,0.218,Sin_clasificar
48,587201.661,517560,Suelo_T,Residual_ajustado,0.32346893515408165,1.0883056206683646,0.8124521386392775,0.884196229005159,-1.0735821449528034,1.0304775793160907,0.076,Sin_clasificar
49,587203.586,517562,Suelo_T,Residual_ajustado,0.05945787171803378,0.2000449778983923,1.3994349529672165,0.2799499342365645,-0.9604982383951329,0.8406663502285772,0.318,Sin_clasificar
50,587205.651,517563,Suelo_T,Residual_ajustado,0.2804914096314616,0.9437084816373607,1.149257058766,1.084563633939081,-1.0212410331601525,0.9731879126788495,0.044,Alto-Alto
51,587207.621,517565,Suelo_T,Residual_ajustado,0.24706846004951413,0.8312575476024675,1.2294408367822343,1.0219819749059256,-0.9166065880989861,1.1360226525479273,0.05,Sin_clasificar
52,587209.552,517567,Suelo_T,Residual_ajustado,0.022509832614605898,0.07573394132302214,1.121980110806476,0.08497197587741552,-1.005251795201837,1.002257762730308,0.712,Sin_clasificar
53,587211.663,517569,Suelo_T,Residual_ajustado,0.1506196448418067,0.5067571820655022,0.9278141298559006,0.47017647392633216,-1.4086573887463318,0.8149772172635321,0.206,Sin_clasificar
54,587213.632,517570,Suelo_T,Residual_ajustado,-0.02810211131751456,-0.09454906600205944,1.0516806552113054,-0.09943542368266282,-1.0771478293046042,0.8517354823547804,0.608,Sin_clasificar
55,587215.742,517572,Suelo_T,Residual_ajustado,-0.008948242104414184,-0.030106205322920594,-0.048438172934937594,0.0014582895798463664,-1.1531805275938107,1.064389168251159,0.98,Sin_clasificar
56,587217.533,517574,Suelo_T,Residual_ajustado,1.5271009779311076e-4,5.13790474754228e-4,-0.009522217458579767,-4.892424628756697e-6,-0.9897201360471,0.9766469077030169,0.976,Sin_clasificar
