Nodo,X,Y,Variable,Escenario,Valor,Gi_estrella,Perm_Q025,Perm_Q975,p_Monte_Carlo_informativo,Clase_Gi
1,587212.895,517579,Altura,Original,28.53333333333333,-2.1875968064265914,-1.8903672606253457,2.04617455188218,0.026,Coldspot
2,587211.104,517578,Altura,Original,39.13333333333333,-2.1875968064265914,-1.8903672606253457,2.04617455188218,0.026,Coldspot
3,587208.994,517576,Altura,Original,39.9,-0.7792915101265938,-1.8827972625823555,2.0584579449330755,0.408,Sin_clasificar
4,587207.025,517574,Altura,Original,48.333333333333336,-0.5250538400034704,-1.8996512204893918,1.9184843962136031,0.694,Sin_clasificar
5,587204.915,517572,Altura,Original,46.5,-0.053714339213412884,-1.9473564911754182,1.9630474035610277,0.944,Sin_clasificar
6,587202.983,517570,Altura,Original,44.43333333333334,0.2605119946466263,-1.953498187700864,2.1360147173358026,0.692,Sin_clasificar
7,587201.014,517569,Altura,Original,44.699999999999996,-0.07085395742396199,-1.862515381033206,2.274274304234221,0.99,Sin_clasificar
8,587198.948,517567,Altura,Original,42.63333333333333,0.20623653697989516,-2.003631570966713,1.9434796727706514,0.77,Sin_clasificar
9,587197.023,517566,Altura,Original,46.46666666666667,0.5575987102961212,-2.0013462885386426,1.8604953546012486,0.52,Sin_clasificar
10,587194.69,517564,Altura,Original,48.800000000000004,0.6404401983137683,-2.0651913663729307,1.9776160790399901,0.486,Sin_clasificar
11,587193.167,517562,Altura,Original,41.13333333333333,0.10625543075169902,-2.0066310041535598,1.9121998695364022,0.88,Sin_clasificar
12,587191.101,517561,Altura,Original,47.86666666666667,-0.2765293759505316,-1.9554978098254265,1.9457649551987242,0.856,Sin_clasificar
13,587189.132,517559,Altura,Original,44.333333333333336,1.1803381719460173,-1.9149340467271316,1.9467647662610061,0.212,Sin_clasificar
14,587187.054,517557,Altura,Original,62.333333333333336,2.968571671913157,-1.876369905753398,2.0174656913795173,0.008,Hotspot
15,587188.6,517555,Altura,Original,56.666666666666664,3.511326248580497,-2.043766843609747,2.0727409601085323,0.004,Hotspot
16,587190.678,517557,Altura,Original,45.333333333333336,0.9346703109281672,-1.9954902523167046,2.032177197010236,0.294,Sin_clasificar
17,587192.647,517559,Altura,Original,37.6,-0.11370300295032863,-2.047337597403612,2.1878620624227096,0.974,Sin_clasificar
18,587194.713,517560,Altura,Original,49.53333333333333,-0.5250538400034728,-1.9006510315516731,2.0921658607471523,0.686,Sin_clasificar
19,587196.236,517562,Altura,Original,48.36666666666667,0.14910447627807055,-2.100184753552801,2.0763117139023963,0.868,Sin_clasificar
20,587198.569,517564,Altura,Original,46.4,-0.1508388424065155,-1.966352901358775,1.9749023061566562,0.912,Sin_clasificar
21,587200.494,517565,Altura,Original,45.9,0.4061987494362826,-1.7652480476883476,2.0031826762040597,0.644,Sin_clasificar
22,587202.56,517567,Altura,Original,46.03333333333333,-0.002295484581770468,-1.8492321769200313,1.9956126781610664,0.994,Sin_clasificar
23,587204.529,517569,Altura,Original,45.06666666666666,-0.6307481523018512,-1.9530696972456005,2.1007356698524253,0.57,Sin_clasificar
24,587206.461,517570,Altura,Original,38.733333333333334,-0.9164084558109744,-2.0364825058702642,2.2064299821508024,0.386,Sin_clasificar
25,587208.571,517572,Altura,Original,41.9,-0.7964311283371429,-2.0094876071886536,1.9319104304785308,0.444,Sin_clasificar
26,587210.54,517574,Altura,Original,40.93333333333333,-0.8621329981442433,-2.089186831867699,1.9871856992075463,0.426,Sin_clasificar
27,587212.65,517576,Altura,Original,46.300000000000004,-0.824997158688054,-1.7592491813146562,2.2694180790745664,0.444,Sin_clasificar
28,587214.441,517577,Altura,Original,44.300000000000004,-0.90498204367061,-1.6875484451338658,2.3159807085465536,0.334,Sin_clasificar
29,587215.987,517575,Altura,Original,50.6,0.24622897947117073,-1.9577830922534996,2.0917373702918876,0.786,Sin_clasificar
30,587214.196,517574,Altura,Original,43.4,-0.016578499757226018,-1.9874917638184506,2.101735480914709,0.946,Sin_clasificar
31,587212.086,517572,Altura,Original,44.6,-0.42792933681036777,-1.8389484059937033,1.9274826957741398,0.706,Sin_clasificar
32,587210.117,517570,Altura,Original,44.5,-0.5650462824947484,-2.0684764598632848,1.7080955826791313,0.54,Sin_clasificar
33,587208.007,517569,Altura,Original,40.800000000000004,-1.313476277688663,-1.9157910276376588,2.0480313438549906,0.162,Sin_clasificar
34,587206.075,517567,Altura,Original,42.06666666666666,-1.1820725380744646,-2.0356255249597384,2.206144321847294,0.24,Sin_clasificar
35,587204.105,517565,Altura,Original,41.96666666666667,-0.5993255189158465,-1.6159905391048288,2.0714554887427408,0.514,Sin_clasificar
36,587202.04,517564,Altura,Original,47.46666666666666,-0.962114104372437,-1.8648006634612788,2.0390330442944533,0.342,Sin_clasificar
37,587200.115,517562,Altura,Original,40.53333333333334,-0.033718117967775116,-1.8118106771603353,2.000611733472475,0.99,Sin_clasificar
38,587197.782,517560,Altura,Original,37.800000000000004,-0.2908123911259896,-1.6989748572742303,2.1892903639402546,0.728,Sin_clasificar
39,587196.259,517559,Altura,Original,40.93333333333333,-0.5479066642842016,-1.9326449855446977,2.4375291676896853,0.612,Sin_clasificar
40,587194.193,517557,Altura,Original,42.03333333333333,-0.41650292467000577,-1.8739417931735718,2.1217317021603455,0.71,Sin_clasificar
41,587192.224,517555,Altura,Original,50.666666666666664,1.6002588181044324,-1.9236466859841581,1.8906325166214621,0.102,Sin_clasificar
42,587190.146,517554,Altura,Original,49.666666666666664,2.868590565684956,-1.942785926319271,2.118446608669993,0.008,Hotspot
43,587191.692,517552,Altura,Original,54.833333333333336,3.6684394155105156,-1.8295216159779013,2.1148758548761286,0.004,Hotspot
44,587193.77,517553,Altura,Original,54.666666666666664,2.891443389965685,-1.95992554452982,1.8176463090748818,0.002,Hotspot
45,587195.739,517555,Altura,Original,47.599999999999994,1.5659795816833366,-1.9733515787947473,1.9906136228496583,0.106,Sin_clasificar
46,587197.805,517557,Altura,Original,47,-0.35651426093309,-1.7853870990857426,2.25199280056051,0.738,Sin_clasificar
47,587199.328,517558,Altura,Original,46.199999999999996,-0.7507254797756827,-1.619418462746938,2.0446034202128813,0.448,Sin_clasificar
48,587201.661,517560,Altura,Original,43,-1.676264863145256,-1.8565165146595146,2.1610099938928506,0.096,Sin_clasificar
49,587203.586,517562,Altura,Original,36.6,-1.327759292864121,-1.6621246781215526,2.0258926703330347,0.14,Sin_clasificar
50,587205.651,517563,Altura,Original,39.166666666666664,-1.5848535660223355,-1.6568399625066326,2.0664564334313313,0.108,Sin_clasificar
51,587207.621,517565,Altura,Original,40,-1.5620007417416066,-1.8380914250831744,2.021607765780397,0.124,Sin_clasificar
52,587209.552,517567,Altura,Original,42.266666666666666,-0.9278348679513413,-1.787672381513814,2.03446247943831,0.342,Sin_clasificar
53,587211.663,517569,Altura,Original,45.300000000000004,-0.15083884240651305,-1.7105440995663506,1.9013447780030541,0.96,Sin_clasificar
54,587213.632,517570,Altura,Original,45.26666666666667,-0.46506517626655464,-1.9766366722851032,1.8265017784836624,0.66,Sin_clasificar
55,587215.742,517572,Altura,Original,38.6,0.3290704674888178,-1.9133629150578302,1.9259115641048397,0.68,Sin_clasificar
56,587217.533,517574,Altura,Original,49.666666666666664,0.24622897947117073,-1.9577830922534996,2.0917373702918876,0.786,Sin_clasificar
1,587212.895,517579,Altura,Residual_ajustado,-9.631944444444507,-0.610245044407468,-2.0419495281602718,1.7075997370269518,0.56,Sin_clasificar
2,587211.104,517578,Altura,Residual_ajustado,-0.6486111111111105,-0.610245044407468,-2.0419495281602718,1.7075997370269518,0.56,Sin_clasificar
3,587208.994,517576,Altura,Residual_ajustado,-1.6940277777777522,0.5638274423645044,-2.0306455461399118,1.8343502532074654,0.562,Sin_clasificar
4,587207.025,517574,Altura,Residual_ajustado,5.121527777777783,0.4142577435407877,-1.7687538337576658,1.9008698073461914,0.62,Sin_clasificar
5,587204.915,517572,Altura,Residual_ajustado,2.7948611111111097,0.6834057826528439,-1.8036520276359043,1.8061731867316402,0.498,Sin_clasificar
6,587202.983,517570,Altura,Residual_ajustado,2.588194444444447,1.2351828250671038,-1.93158907062716,1.6161740594715177,0.218,Sin_clasificar
7,587201.014,517569,Altura,Residual_ajustado,2.0809722222222167,1.3137292169215327,-2.0525601072784667,1.8427552388710808,0.216,Sin_clasificar
8,587198.948,517567,Altura,Residual_ajustado,3.4430555555555804,1.2581055132406087,-2.0100445795769337,2.018068361946035,0.214,Sin_clasificar
9,587197.023,517566,Altura,Residual_ajustado,3.347638888888895,1.558894267305813,-1.9988079182266865,1.814886164461024,0.106,Sin_clasificar
10,587194.69,517564,Altura,Residual_ajustado,4.5631944444444485,0.7876855006579918,-2.264623584168154,1.89657895613486,0.474,Sin_clasificar
11,587193.167,517562,Altura,Residual_ajustado,-4.443472222222228,-0.42879900828520967,-2.020013087803932,1.8944583550262948,0.602,Sin_clasificar
12,587191.101,517561,Altura,Residual_ajustado,0.7152777777777792,-1.8362554281716652,-2.0726132518884066,1.8588920034971865,0.062,Sin_clasificar
13,587189.132,517559,Altura,Residual_ajustado,-7.051666666666664,-1.4682469849985584,-1.9928895898153693,1.8746189535439752,0.124,Sin_clasificar
14,587187.054,517557,Altura,Residual_ajustado,6.901666666666671,-0.4635028137284961,-2.0831329481019476,1.6101581160885363,0.606,Sin_clasificar
15,587188.6,517555,Altura,Residual_ajustado,3.7683333333333326,0.4485576249633945,-2.0380230500759327,1.7678828725880757,0.734,Sin_clasificar
16,587190.678,517557,Altura,Residual_ajustado,-5.551666666666668,-1.8770517542601852,-1.989319911282632,1.7795083108082275,0.052,Sin_clasificar
17,587192.647,517559,Altura,Residual_ajustado,-7.1301388888888955,-1.0818768290521155,-1.8058996965093024,1.9416021787981035,0.258,Sin_clasificar
18,587194.713,517560,Altura,Residual_ajustado,2.756527777777774,-0.9405707424847768,-1.9232606622257973,1.8674871700538707,0.29,Sin_clasificar
19,587196.236,517562,Altura,Residual_ajustado,0.25652777777777636,0.40045700616760704,-2.0635064482388525,1.7951426949336122,0.762,Sin_clasificar
20,587198.569,517564,Altura,Residual_ajustado,2.7763888888888895,0.8372166836936881,-1.8200025353896194,1.8103689474964373,0.368,Sin_clasificar
21,587200.494,517565,Altura,Residual_ajustado,-1.2656944444444465,0.7772844571255243,-1.925915621153381,1.7539819957181022,0.468,Sin_clasificar
22,587202.56,517567,Altura,Residual_ajustado,0.20097222222222166,0.20908117120366898,-1.9823000484065845,1.821856378342856,0.856,Sin_clasificar
23,587204.529,517569,Altura,Residual_ajustado,2.5281944444444377,-0.8596512970088663,-1.9908573470863322,1.8901346849882845,0.378,Sin_clasificar
24,587206.461,517570,Altura,Residual_ajustado,-7.393055555555555,-0.8434270155116155,-2.1620487621336215,1.628908605731783,0.338,Sin_clasificar
25,587208.571,517572,Altura,Residual_ajustado,-1.1384722222222237,0.038170819954114504,-1.9463339803986792,1.7391369464497939,0.97,Sin_clasificar
26,587210.54,517574,Altura,Residual_ajustado,-1.6652777777777792,-0.14127242623227756,-1.9472091491101513,1.834563996335076,0.87,Sin_clasificar
27,587212.65,517576,Altura,Residual_ajustado,3.539305555555555,0.7186649836245651,-2.0634913010880784,1.7178619316773114,0.446,Sin_clasificar
28,587214.441,517577,Altura,Residual_ajustado,3.399305555555558,0.48842829183785397,-1.9859774400115104,1.7717563356447066,0.614,Sin_clasificar
29,587215.987,517575,Altura,Residual_ajustado,5.418055555555559,1.5165663959722158,-2.1637763788303914,1.7728948964779967,0.142,Sin_clasificar
30,587214.196,517574,Altura,Residual_ajustado,1.3059722222222223,0.7741540459652646,-1.7908535267390346,1.7774996303137252,0.474,Sin_clasificar
31,587212.086,517572,Altura,Residual_ajustado,-0.20736111111110955,0.47859947400135605,-1.842696333284735,1.8589753128264521,0.64,Sin_clasificar
32,587210.117,517570,Altura,Residual_ajustado,5.3902777777778015,0.5896785796879245,-1.9839199520311848,1.8592067276299635,0.682,Sin_clasificar
33,587208.007,517569,Altura,Residual_ajustado,-3.751805555555551,-1.7277681682844461,-1.8953360482628994,1.7042379110631782,0.062,Sin_clasificar
34,587206.075,517567,Altura,Residual_ajustado,-5.018472222222227,-1.4061604969867796,-2.1097549070981643,1.8105094793952965,0.126,Sin_clasificar
35,587204.105,517565,Altura,Residual_ajustado,-1.819027777777781,-1.1514864019490312,-1.848322658289431,1.8287962979231356,0.216,Sin_clasificar
36,587202.04,517564,Altura,Residual_ajustado,1.2597222222222186,-0.8996566052235578,-1.6162716744431784,1.77907156796087,0.278,Sin_clasificar
37,587200.115,517562,Altura,Residual_ajustado,-1.3923611111111058,-0.030816036744258424,-1.964585455574706,1.8663511337457117,0.992,Sin_clasificar
38,587197.782,517560,Altura,Residual_ajustado,-5.070138888888889,0.12765682070191264,-2.1241312362008027,1.9270642800871856,0.89,Sin_clasificar
39,587196.259,517559,Altura,Residual_ajustado,0.7986111111111303,0.1452780061040096,-2.0150035884391415,2.001844921957162,0.932,Sin_clasificar
40,587194.193,517557,Altura,Residual_ajustado,0.2819444444444421,-0.24696587830980227,-1.922739768540796,1.813186317540668,0.676,Sin_clasificar
41,587192.224,517555,Altura,Residual_ajustado,0.4749999999999994,-0.49335953092364493,-1.9841530498514504,1.721655451438182,0.656,Sin_clasificar
42,587190.146,517554,Altura,Residual_ajustado,-1.891666666666667,-0.2987018132916978,-2.049886635166601,1.8533759160897945,0.732,Sin_clasificar
43,587191.692,517552,Altura,Residual_ajustado,0.7350000000000041,0.6909120373704509,-1.841572919602223,1.8811254963104045,0.506,Sin_clasificar
44,587193.77,517553,Altura,Residual_ajustado,2.614999999999994,0.662822487765771,-1.85698009646598,1.8560931466372366,0.564,Sin_clasificar
45,587195.739,517555,Altura,Residual_ajustado,3.5365277777777706,1.1318455964435388,-1.8811019340758675,1.9578104716362024,0.274,Sin_clasificar
46,587197.805,517557,Altura,Residual_ajustado,2.4319444444444462,0.5251180570494853,-2.136234651178757,1.9277391698050699,0.61,Sin_clasificar
47,587199.328,517558,Altura,Residual_ajustado,2.6365277777777685,-0.10123345768252966,-2.224704109807857,1.8579873819925405,0.932,Sin_clasificar
48,587201.661,517560,Altura,Residual_ajustado,-1.6323611111111092,-1.1712113582921595,-2.124671484578464,1.8295915233388471,0.294,Sin_clasificar
49,587203.586,517562,Altura,Residual_ajustado,-4.206944444444441,-1.2753059444544963,-1.7660273466180836,1.8265587271502532,0.154,Sin_clasificar
50,587205.651,517563,Altura,Residual_ajustado,-4.125694444444445,-1.506838559140877,-1.9789853469118923,1.8560956711623617,0.102,Sin_clasificar
51,587207.621,517565,Altura,Residual_ajustado,-3.543055555555555,-2.180146241276762,-1.91531009108544,1.9132534446134923,0.02,Coldspot
52,587209.552,517567,Altura,Residual_ajustado,-3.4851388888888906,-0.09889406439609796,-2.0119598526416542,1.8315084794203154,0.862,Sin_clasificar
53,587211.663,517569,Altura,Residual_ajustado,4.573611111111118,0.6540371403160209,-1.9355811863648698,1.8151630207168616,0.554,Sin_clasificar
54,587213.632,517570,Altura,Residual_ajustado,-0.874027777777772,0.6319559605189339,-1.923578752392089,1.9421828195778283,0.592,Sin_clasificar
55,587215.742,517572,Altura,Residual_ajustado,-3.6673611111111093,0.9987358014624714,-2.1315482910305175,1.89460309446704,0.286,Sin_clasificar
56,587217.533,517574,Altura,Residual_ajustado,6.059305555555555,1.5165663959722158,-2.1637763788303914,1.7728948964779967,0.142,Sin_clasificar
1,587212.895,517579,Calcio_savia,Original,1200,-2.918887025948762,-1.7859807118016566,1.962299038582199,0.004,Coldspot
2,587211.104,517578,Calcio_savia,Original,1000,-2.918887025948762,-1.7859807118016566,1.962299038582199,0.004,Coldspot
3,587208.994,517576,Calcio_savia,Original,940,-2.665582092657067,-1.7701491534709257,2.0332244199038723,0.004,Coldspot
4,587207.025,517574,Calcio_savia,Original,1400,-0.8291213262922794,-1.7448186601417564,2.10288327655909,0.372,Sin_clasificar
5,587204.915,517572,Calcio_savia,Original,1600,0.26008988686200846,-1.9461960821086537,1.7799194866121775,0.798,Sin_clasificar
6,587202.983,517570,Calcio_savia,Original,1500,-0.49982491301307613,-2.0038229544325143,1.7799194866121775,0.672,Sin_clasificar
7,587201.014,517569,Calcio_savia,Original,1200,-0.753129846304771,-1.906933817448441,1.7799194866121775,0.546,Sin_clasificar
8,587198.948,517567,Calcio_savia,Original,1400,-0.753129846304771,-2.002556429766056,1.8077830292742645,0.49,Sin_clasificar
9,587197.023,517566,Calcio_savia,Original,1600,-0.11986751307553384,-2.077281385087106,1.906571953258025,0.968,Sin_clasificar
10,587194.69,517564,Calcio_savia,Original,1700,1.273309620028788,-1.8068783687982215,1.7799194866121775,0.238,Sin_clasificar
11,587193.167,517562,Calcio_savia,Original,2000,2.793139219778957,-1.9531619677741752,1.7799194866121775,0.004,Hotspot
12,587191.101,517561,Calcio_savia,Original,1800,1.906571953258025,-1.9347973601105273,1.7799194866121775,0.052,Hotspot
13,587189.132,517559,Calcio_savia,Original,1000,2.0332244199038723,-1.7606502184724873,1.9762308099132424,0.044,Hotspot
14,587187.054,517557,Calcio_savia,Original,2000,0.8933522200912456,-1.9563282794403216,1.906571953258025,0.434,Sin_clasificar
15,587188.6,517555,Calcio_savia,Original,1700,1.5266145533204827,-1.8784370124531253,1.906571953258025,0.122,Sin_clasificar
16,587190.678,517557,Calcio_savia,Original,1900,1.273309620028788,-1.8423410594590588,1.906571953258025,0.216,Sin_clasificar
17,587192.647,517559,Calcio_savia,Original,2300,2.793139219778957,-1.8474071581248925,1.9762308099132424,0.008,Hotspot
18,587194.713,517560,Calcio_savia,Original,1800,3.5530540196540414,-1.9512621807744877,1.906571953258025,0.002,Hotspot
19,587196.236,517562,Calcio_savia,Original,1800,2.793139219778957,-2.091213156418149,1.906571953258025,0.002,Hotspot
20,587198.569,517564,Calcio_savia,Original,1300,0.133437420216161,-2.0152216764306408,1.7799194866121775,0.93,Sin_clasificar
21,587200.494,517565,Calcio_savia,Original,1300,-0.753129846304771,-1.95759480410678,2.0332244199038723,0.496,Sin_clasificar
22,587202.56,517567,Calcio_savia,Original,1200,-0.6264773796589236,-1.7790148261361352,1.7799194866121775,0.584,Sin_clasificar
23,587204.529,517569,Calcio_savia,Original,1500,-0.11986751307553384,-2.077281385087106,1.906571953258025,0.918,Sin_clasificar
24,587206.461,517570,Calcio_savia,Original,1600,0.38674235350785585,-1.9335308354440688,1.7799194866121775,0.732,Sin_clasificar
25,587208.571,517572,Calcio_savia,Original,1600,-0.3731724463672287,-1.823976451795411,2.0458896665684603,0.696,Sin_clasificar
26,587210.54,517574,Calcio_savia,Original,1200,-2.4122771593653725,-1.7802813508025936,2.0332244199038723,0.018,Coldspot
27,587212.65,517576,Calcio_savia,Original,750,-3.121530972582118,-1.6973239851495636,1.87807514826271,0.002,Coldspot
28,587214.441,517577,Calcio_savia,Original,1200,-3.1848572059050415,-1.823976451795411,2.0332244199038723,0.004,Coldspot
29,587215.987,517575,Calcio_savia,Original,950,-3.0455394925946093,-1.8771704877866666,2.10288327655909,0.006,Coldspot
30,587214.196,517574,Calcio_savia,Original,780,-3.8687805257926176,-1.9056672927819827,1.906571953258025,0.002,Coldspot
31,587212.086,517572,Calcio_savia,Original,1000,-2.7542388193091605,-1.9056672927819827,2.0332244199038723,0.014,Coldspot
32,587210.117,517570,Calcio_savia,Original,1300,-1.1330872462423132,-1.7378527744762347,1.7799194866121775,0.286,Sin_clasificar
33,587208.007,517569,Calcio_savia,Original,1400,-0.3731724463672287,-1.7296203641442545,2.0332244199038723,0.748,Sin_clasificar
34,587206.075,517567,Calcio_savia,Original,1500,0.26008988686200846,-1.9335308354440688,2.0332244199038723,0.834,Sin_clasificar
35,587204.105,517565,Calcio_savia,Original,1700,-0.11986751307553384,-1.829675812794474,1.906571953258025,0.868,Sin_clasificar
36,587202.04,517564,Calcio_savia,Original,1600,0.6400472867995507,-2.082980746086169,1.906571953258025,0.546,Sin_clasificar
37,587200.115,517562,Calcio_savia,Original,1900,0.133437420216161,-1.9886246584350127,1.906571953258025,0.846,Sin_clasificar
38,587197.782,517560,Calcio_savia,Original,2000,2.793139219778957,-2.0715820240880425,1.7799194866121775,0.002,Hotspot
39,587196.259,517559,Calcio_savia,Original,2300,2.793139219778957,-2.032953021761059,2.0332244199038723,0.004,Hotspot
40,587194.193,517557,Calcio_savia,Original,1800,3.046444153070652,-1.7606502184724873,1.7799194866121775,0.002,Hotspot
41,587192.224,517555,Calcio_savia,Original,1500,1.273309620028788,-1.8619721917891654,1.906571953258025,0.216,Sin_clasificar
42,587190.146,517554,Calcio_savia,Original,1500,1.3999620866746354,-1.8632387164556237,1.8495783432673951,0.198,Sin_clasificar
43,587191.692,517552,Calcio_savia,Original,1900,1.1466571533829404,-1.95759480410678,1.8495783432673951,0.252,Sin_clasificar
44,587193.77,517553,Calcio_savia,Original,1700,1.3999620866746354,-1.9689935261049063,1.906571953258025,0.198,Sin_clasificar
45,587195.739,517555,Calcio_savia,Original,1900,1.5266145533204827,-1.7999124831327,1.906571953258025,0.132,Sin_clasificar
46,587197.805,517557,Calcio_savia,Original,1700,2.9197916864248046,-1.9322643107776103,2.0332244199038723,0.002,Hotspot
47,587199.328,517558,Calcio_savia,Original,1800,2.2865293531955673,-1.9126331784475044,1.8495783432673951,0.014,Hotspot
48,587201.661,517560,Calcio_savia,Original,1400,1.3999620866746354,-2.0291534477616837,1.7799194866121775,0.108,Sin_clasificar
49,587203.586,517562,Calcio_savia,Original,1400,0.006784953570313584,-1.9886246584350127,1.7799194866121775,0.928,Sin_clasificar
50,587205.651,517563,Calcio_savia,Original,1300,0.133437420216161,-1.9183325394465673,1.7799194866121775,0.854,Sin_clasificar
51,587207.621,517565,Calcio_savia,Original,1500,-0.11986751307553384,-1.7733154651370722,1.906571953258025,0.834,Sin_clasificar
52,587209.552,517567,Calcio_savia,Original,1300,-0.8797823129506184,-1.8550063061236437,1.7799194866121775,0.424,Sin_clasificar
53,587211.663,517569,Calcio_savia,Original,1200,-2.095645992750754,-1.823976451795411,1.906571953258025,0.038,Coldspot
54,587213.632,517570,Calcio_savia,Original,940,-2.6529168459924826,-1.735319725143318,1.906571953258025,0.01,Coldspot
55,587215.742,517572,Calcio_savia,Original,860,-3.374835905873813,-1.9221321134459426,2.15987688654972,0.002,Coldspot
56,587217.533,517574,Calcio_savia,Original,1200,-3.0455394925946093,-1.8771704877866666,2.10288327655909,0.006,Coldspot
1,587212.895,517579,Calcio_savia,Residual_ajustado,103.33333333333528,-0.31393242980271846,-1.96833521468927,1.90650455197972,0.724,Sin_clasificar
2,587211.104,517578,Calcio_savia,Residual_ajustado,103.3333333333324,-0.31393242980271846,-1.96833521468927,1.90650455197972,0.724,Sin_clasificar
3,587208.994,517576,Calcio_savia,Residual_ajustado,-34.47916666666492,0.03828708433164393,-1.892678961272693,2.0397511870546925,0.966,Sin_clasificar
4,587207.025,517574,Calcio_savia,Residual_ajustado,84.02083333333354,1.4658483715542867,-2.0588676520745937,2.1428420047179606,0.154,Sin_clasificar
5,587204.915,517572,Calcio_savia,Residual_ajustado,26.020833333333233,0.5261630995279071,-1.7000683914815342,1.8431819385299486,0.636,Sin_clasificar
6,587202.983,517570,Calcio_savia,Residual_ajustado,-83.97916666666654,-1.0637527546342846,-2.1898993766132637,1.8222052735853054,0.254,Sin_clasificar
7,587201.014,517569,Calcio_savia,Residual_ajustado,-223.64583333333377,-1.5104715080313338,-1.9857728966620987,1.9341909336834717,0.142,Sin_clasificar
8,587198.948,517567,Calcio_savia,Residual_ajustado,-145.8333333333341,-1.002341787686504,-1.8760996248255486,1.7781994960352465,0.264,Sin_clasificar
9,587197.023,517566,Calcio_savia,Residual_ajustado,268.35416666666663,-0.5903359353595858,-1.8658482173800324,1.8565066020374468,0.482,Sin_clasificar
10,587194.69,517564,Calcio_savia,Residual_ajustado,-65.14583333333314,0.021011865234338744,-1.8520334575313713,1.9578969749369017,0.956,Sin_clasificar
11,587193.167,517562,Calcio_savia,Residual_ajustado,46.85416666666676,0.16787830470734155,-2.0708465814298394,1.810047635066983,0.902,Sin_clasificar
12,587191.101,517561,Calcio_savia,Residual_ajustado,-140.8333333333332,-1.0580123996991273,-1.9093557754451544,1.6804239221161825,0.27,Sin_clasificar
13,587189.132,517559,Calcio_savia,Residual_ajustado,-536.7500000000001,0.5244843164808346,-2.012961058880913,2.0145423642026694,0.586,Sin_clasificar
14,587187.054,517557,Calcio_savia,Residual_ajustado,331.2500000000003,0.1358189639374216,-2.021474113558328,1.8752954335917067,0.898,Sin_clasificar
15,587188.6,517555,Calcio_savia,Residual_ajustado,-0.749999999999968,0.8012669020805808,-2.0844690935424612,1.6757937301637735,0.396,Sin_clasificar
16,587190.678,517557,Calcio_savia,Residual_ajustado,271.24999999999966,-0.7022187023032509,-2.0377122779668753,1.8580960305029794,0.466,Sin_clasificar
17,587192.647,517559,Calcio_savia,Residual_ajustado,276.8541666666668,0.9118499660200615,-1.951528430216391,1.9365493530931508,0.368,Sin_clasificar
18,587194.713,517560,Calcio_savia,Residual_ajustado,-53.14583333333319,1.1595516969011483,-2.164939663503711,1.908164381024648,0.286,Sin_clasificar
19,587196.236,517562,Calcio_savia,Residual_ajustado,-121.14583333333329,0.0626023613682855,-2.0599696919135577,1.833301487983543,0.928,Sin_clasificar
20,587198.569,517564,Calcio_savia,Residual_ajustado,-120.83333333333331,0.4221327049011959,-1.9372262817411632,1.9974296079808918,0.72,Sin_clasificar
21,587200.494,517565,Calcio_savia,Residual_ajustado,-163.64583333333331,-1.323855818346979,-1.9618610690996707,1.782642855680809,0.144,Sin_clasificar
22,587202.56,517567,Calcio_savia,Residual_ajustado,-195.64583333333331,-0.9892364490609621,-1.8759263310916547,1.9878822063293078,0.254,Sin_clasificar
23,587204.529,517569,Calcio_savia,Residual_ajustado,68.02083333333297,-0.19560530212997257,-1.903647913085104,1.8699016661243364,0.774,Sin_clasificar
24,587206.461,517570,Calcio_savia,Residual_ajustado,108.33333333333323,0.9316704368338936,-1.6727962901103681,1.9321059934475904,0.346,Sin_clasificar
25,587208.571,517572,Calcio_savia,Residual_ajustado,260.0208333333334,1.1087549711542164,-1.901110784512352,1.9950062034210008,0.306,Sin_clasificar
26,587210.54,517574,Calcio_savia,Residual_ajustado,228.33333333333317,0.3662996300130513,-1.9404755392516273,1.8393423992384157,0.806,Sin_clasificar
27,587212.65,517576,Calcio_savia,Residual_ajustado,-366.47916666666663,-0.16576628732554088,-2.055843134875268,1.652082273481158,0.91,Sin_clasificar
28,587214.441,517577,Calcio_savia,Residual_ajustado,73.52083333333324,-0.9780806649416939,-1.882302998955939,1.6062352500085,0.362,Sin_clasificar
29,587215.987,517575,Calcio_savia,Residual_ajustado,-84.16666666666687,0.10895843518424582,-1.793018817997559,1.7753591034281864,0.836,Sin_clasificar
30,587214.196,517574,Calcio_savia,Residual_ajustado,-102.47916666666673,-1.2947208093364793,-2.088804144604339,1.811328384069026,0.226,Sin_clasificar
31,587212.086,517572,Calcio_savia,Residual_ajustado,53.52083333333313,-0.38801550104132265,-2.1849063509055147,1.8738955451476142,0.682,Sin_clasificar
32,587210.117,517570,Calcio_savia,Residual_ajustado,-254.16666666666728,-0.5166860984557207,-2.2127551954847893,1.762004655060177,0.568,Sin_clasificar
33,587208.007,517569,Calcio_savia,Residual_ajustado,-103.97916666666671,-0.846810661518929,-1.9118468728698432,1.9467032828133515,0.338,Sin_clasificar
34,587206.075,517567,Calcio_savia,Residual_ajustado,28.02083333333326,0.5127328351513192,-1.9217950162810506,1.9161467236420249,0.632,Sin_clasificar
35,587204.105,517565,Calcio_savia,Residual_ajustado,134.35416666666669,0.19690500513415674,-1.9311339239090435,1.6943117902588254,0.852,Sin_clasificar
36,587202.04,517564,Calcio_savia,Residual_ajustado,116.66666666666664,1.2110524284420134,-1.8606494053632887,1.8043722652820413,0.27,Sin_clasificar
37,587200.115,517562,Calcio_savia,Residual_ajustado,324.35416666666663,0.15829299505146893,-1.8374632453115332,1.8993886780318023,0.874,Sin_clasificar
38,587197.782,517560,Calcio_savia,Residual_ajustado,-33.1458333333332,-0.3044012744386969,-1.9470336239935828,1.885890720790414,0.668,Sin_clasificar
39,587196.259,517559,Calcio_savia,Residual_ajustado,296.6666666666662,0.07462461415700511,-1.932958923544088,2.0470999244575285,0.964,Sin_clasificar
40,587194.193,517557,Calcio_savia,Residual_ajustado,-3.3333333333330533,1.040520563434461,-2.1952633592201223,1.7845897024724966,0.284,Sin_clasificar
41,587192.224,517555,Calcio_savia,Residual_ajustado,-280.74999999999994,-0.2504094454731417,-1.9758626612551802,1.8208405854309164,0.914,Sin_clasificar
42,587190.146,517554,Calcio_savia,Residual_ajustado,-12.750000000000007,0.7180859098126853,-1.9867124736255422,1.6592441785771377,0.508,Sin_clasificar
43,587191.692,517552,Calcio_savia,Residual_ajustado,299.25,-0.17091094505043986,-1.8743396103407106,1.9159246910454757,0.92,Sin_clasificar
44,587193.77,517553,Calcio_savia,Residual_ajustado,-70.74999999999999,0.11919359634221188,-1.9816355087654407,1.8192701109675191,0.876,Sin_clasificar
45,587195.739,517555,Calcio_savia,Residual_ajustado,110.85416666666684,-1.0977616499104774,-1.868772549139452,1.9079937950053525,0.274,Sin_clasificar
46,587197.805,517557,Calcio_savia,Residual_ajustado,-178.33333333333317,0.29866091950354096,-1.99169737618951,1.714635895986786,0.748,Sin_clasificar
47,587199.328,517558,Calcio_savia,Residual_ajustado,-81.14583333333357,-0.2381164212252184,-2.11886248429073,1.884355446616719,0.834,Sin_clasificar
48,587201.661,517560,Calcio_savia,Residual_ajustado,-95.64583333333336,0.4382165295779981,-2.0019514913496192,1.7758708614860828,0.682,Sin_clasificar
49,587203.586,517562,Calcio_savia,Residual_ajustado,54.166666666666856,0.5248092422318806,-2.0231014500281526,1.7416047333236393,0.534,Sin_clasificar
50,587205.651,517563,Calcio_savia,Residual_ajustado,-7.645833333333474,0.9575561883339297,-2.0966375629191525,1.7443286942032465,0.32,Sin_clasificar
51,587207.621,517565,Calcio_savia,Residual_ajustado,70.83333333333327,0.31604444718452657,-2.1807527167213046,1.9850878448703084,0.782,Sin_clasificar
52,587209.552,517567,Calcio_savia,Residual_ajustado,-103.97916666666671,-1.4178676689830891,-2.0521281504549704,1.8936158305215463,0.182,Sin_clasificar
53,587211.663,517569,Calcio_savia,Residual_ajustado,-154.16666666666652,-1.3861874082560597,-2.0528592333948272,1.8866082651573106,0.17,Sin_clasificar
54,587213.632,517570,Calcio_savia,Residual_ajustado,-74.4791666666669,-1.1119500743728445,-1.98087464096507,1.786918337021665,0.274,Sin_clasificar
55,587215.742,517572,Calcio_savia,Residual_ajustado,1.5208333333331048,-0.2757536540547682,-1.9586849198831917,1.787939145422866,0.82,Sin_clasificar
56,587217.533,517574,Calcio_savia,Residual_ajustado,153.52083333333323,0.10895843518424582,-1.793018817997559,1.7753591034281864,0.836,Sin_clasificar
1,587212.895,517579,Diametro,Original,3.3555555555555556,0.549321462797158,-1.5951798483958846,2.592393657920255,0.368,Sin_clasificar
2,587211.104,517578,Diametro,Original,3.2999999999999994,0.549321462797158,-1.5951798483958846,2.592393657920255,0.368,Sin_clasificar
3,587208.994,517576,Diametro,Original,3.3444444444444446,0.3319733569329971,-1.6031492789442359,2.629342835917161,0.508,Sin_clasificar
4,587207.025,517574,Diametro,Original,3.3000000000000003,-0.6968076774906936,-1.5951798483958834,2.5728323283924803,0.43,Sin_clasificar
5,587204.915,517572,Diametro,Original,3.077777777777778,-1.3198722476346123,-1.5162100365985733,2.716282078262827,0.144,Sin_clasificar
6,587202.983,517570,Diametro,Original,3.3333333333333335,1.5925923709451235,-1.4227503510769832,2.65180214018979,0.102,Sin_clasificar
7,587201.014,517569,Diametro,Original,3.1333333333333337,1.3462645176324082,-1.4727404154257373,2.635863279093087,0.118,Sin_clasificar
8,587198.948,517567,Diametro,Original,2.888888888888889,-0.2766013394866514,-1.6821190907415469,2.6981697361074772,0.928,Sin_clasificar
9,587197.023,517566,Diametro,Original,3.333333333333334,-0.08823298107104502,-1.6900885212898993,2.6032610632134627,0.9,Sin_clasificar
10,587194.69,517564,Diametro,Original,3.2777777777777786,0.3464632306572767,-1.5886594052199583,2.6003630884686064,0.49,Sin_clasificar
11,587193.167,517562,Diametro,Original,3.222222222222222,-0.37803045555659437,-1.496648707070798,2.5293627072196485,0.766,Sin_clasificar
12,587191.101,517561,Diametro,Original,3.2222222222222223,-0.33456083438376033,-1.3727602867282265,2.8532113849572456,0.73,Sin_clasificar
13,587189.132,517559,Diametro,Original,3.3111111111111113,-0.015783612449656526,-1.3647908561798716,2.4714032123225373,0.872,Sin_clasificar
14,587187.054,517557,Diametro,Original,3.533333333333333,1.2158556541139107,-1.5372203534987745,2.7032411919109753,0.138,Sin_clasificar
15,587188.6,517555,Diametro,Original,4.022222222222222,1.6215721183936735,-1.4292707942529077,2.6003630884686064,0.078,Sin_clasificar
16,587190.678,517557,Diametro,Original,3.2777777777777777,1.1434062854925224,-1.5082406060502187,2.5583424546682005,0.138,Sin_clasificar
17,587192.647,517559,Diametro,Original,3.255555555555555,-0.2041519708652629,-1.429270794252909,2.620648911682596,0.958,Sin_clasificar
18,587194.713,517560,Diametro,Original,3.3444444444444446,-0.0737431073467701,-1.5741695314956814,2.7242515088111783,0.96,Sin_clasificar
19,587196.236,517562,Diametro,Original,3.6222222222222222,-0.5229291927993621,-1.4727404154257409,2.7416393572803095,0.714,Sin_clasificar
20,587198.569,517564,Diametro,Original,3.4222222222222225,-0.8851760359062953,-1.6611087738413435,2.7452618257113794,0.382,Sin_clasificar
21,587200.494,517565,Diametro,Original,3.622222222222222,2.3025961834347104,-1.5741695314956825,2.68730233081427,0.066,Sin_clasificar
22,587202.56,517567,Diametro,Original,5.233333333333333,1.9693290877763316,-1.6096697221201608,2.788731446884213,0.082,Sin_clasificar
23,587204.529,517569,Diametro,Original,3.055555555555556,1.3897341388052378,-1.3778317425317237,2.640210241210371,0.094,Sin_clasificar
24,587206.461,517570,Diametro,Original,2.833333333333333,-2.290693787161194,-1.4437606679771837,2.8836401197782253,0.062,Coldspot
25,587208.571,517572,Diametro,Original,2.844444444444444,-1.3633418688074463,-1.638649469568715,2.7206290403801088,0.148,Sin_clasificar
26,587210.54,517574,Diametro,Original,3.511111111111111,-0.015783612449656526,-1.429270794252909,2.6822308750107746,0.87,Sin_clasificar
27,587212.65,517576,Diametro,Original,3.411111111111111,0.7376898212127597,-1.4662199722498146,2.404025299504649,0.22,Sin_clasificar
28,587214.441,517577,Diametro,Original,3.6222222222222222,0.8970784321798116,-1.5096895934226475,2.650353152817364,0.21,Sin_clasificar
29,587215.987,517575,Diametro,Original,3.577777777777778,1.070956916871143,-1.4307197816253363,2.5648628978441264,0.162,Sin_clasificar
30,587214.196,517574,Diametro,Original,3.333333333333334,0.940548053352641,-1.6669047233310565,2.688751318186698,0.214,Sin_clasificar
31,587212.086,517572,Diametro,Original,3.488888888888889,0.2305442408630588,-1.5227304797744963,2.6662920139140693,0.628,Sin_clasificar
32,587210.117,517570,Diametro,Original,3.077777777777778,-1.4357912374288326,-1.4836078207189474,2.664843026541639,0.148,Sin_clasificar
33,587208.007,517569,Diametro,Original,3.0444444444444443,-1.609669722120157,-1.4872302891500166,2.5098013776918737,0.104,Coldspot
34,587206.075,517567,Diametro,Original,3.2222222222222228,-0.9431355308034043,-1.4872302891500166,2.5583424546682028,0.296,Sin_clasificar
35,587204.105,517565,Diametro,Original,3.077777777777778,1.6215721183936735,-1.4792608586016645,2.730771951987102,0.09,Sin_clasificar
36,587202.04,517564,Diametro,Original,3.211111111111111,-1.319872247634617,-1.6031492789442359,2.8466909417813198,0.196,Sin_clasificar
37,587200.115,517562,Diametro,Original,2.6666666666666665,-0.37803045555659437,-1.6835680781139755,2.640210241210371,0.822,Sin_clasificar
38,587197.782,517560,Diametro,Original,2.8555555555555556,-0.8996659096305749,-1.4068114899802793,2.68730233081427,0.356,Sin_clasificar
39,587196.259,517559,Diametro,Original,3.1111111111111116,-0.9141557833548498,-1.5662001009473276,2.803221320608488,0.348,Sin_clasificar
40,587194.193,517557,Diametro,Original,3.355555555555556,0.05666575617172734,-1.6625577612137723,2.6228223927412353,0.76,Sin_clasificar
41,587192.224,517555,Diametro,Original,3.6222222222222222,0.9695278008012002,-1.58358794941646,2.527913719847218,0.176,Sin_clasificar
42,587190.146,517554,Diametro,Original,3.4,1.4476936337023467,-1.5886594052199574,2.4699542249501114,0.092,Sin_clasificar
43,587191.692,517552,Diametro,Original,3.4000000000000004,1.9983088352248861,-1.4372402248012601,2.521393276671297,0.058,Sin_clasificar
44,587193.77,517553,Diametro,Original,3.6999999999999997,1.0709569168711384,-1.4792608586016656,2.397504856328723,0.148,Sin_clasificar
45,587195.739,517555,Diametro,Original,3.3111111111111113,0.8101391898341482,-1.4727404154257395,2.563413910471701,0.22,Sin_clasificar
46,587197.805,517557,Diametro,Original,3.2444444444444445,-1.3053823739103374,-1.4147809205286315,2.738741382535453,0.18,Sin_clasificar
47,587199.328,517558,Diametro,Original,3.088888888888889,-1.1894633841161173,-1.4002910468043523,2.6242713801136657,0.2,Sin_clasificar
48,587201.661,517560,Diametro,Original,3.4,-2.058855807572756,-1.5401183282436286,2.5981896074099673,0.074,Coldspot
49,587203.586,517562,Diametro,Original,3.0222222222222226,-1.03007477314907,-1.806007511084116,2.498933972398666,0.254,Sin_clasificar
50,587205.651,517563,Diametro,Original,3.1111111111111107,-0.9141557833548498,-1.6176391526685154,2.592393657920255,0.324,Sin_clasificar
51,587207.621,517565,Diametro,Original,3.488888888888889,-0.6678279300421345,-1.5756185188681089,2.645281697013864,0.53,Sin_clasificar
52,587209.552,517567,Diametro,Original,3.2000000000000006,-0.9721152782519588,-1.6125676968650149,2.6438327096414387,0.304,Sin_clasificar
53,587211.663,517569,Diametro,Original,3.0555555555555554,-0.537419066523637,-1.5401183282436286,2.6691899886589234,0.672,Sin_clasificar
54,587213.632,517570,Diametro,Original,3.377777777777778,-0.11721272851959949,-1.5386693408711984,2.691649292931552,1,Sin_clasificar
55,587215.742,517572,Diametro,Original,3.5222222222222217,0.7521796949370393,-1.5082406060502187,2.7177310656352525,0.314,Sin_clasificar
56,587217.533,517574,Diametro,Original,3.377777777777778,1.070956916871143,-1.4307197816253363,2.5648628978441264,0.162,Sin_clasificar
1,587212.895,517579,Diametro,Residual_ajustado,0.15092592592592663,1.099347344325805,-1.734681989472627,2.6604339247644337,0.202,Sin_clasificar
2,587211.104,517578,Diametro,Residual_ajustado,0.02037037037036949,1.099347344325805,-1.734681989472627,2.6604339247644337,0.202,Sin_clasificar
3,587208.994,517576,Diametro,Residual_ajustado,0.11162037037037037,0.5016453741093986,-1.5771232106149484,2.639186502405476,0.502,Sin_clasificar
4,587207.025,517574,Diametro,Residual_ajustado,0.12912037037037036,-0.10785041755952579,-1.8662350211526082,2.3979435137192855,0.936,Sin_clasificar
5,587204.915,517572,Diametro,Residual_ajustado,-0.07532407407407386,0.12090521363275507,-1.574397280184885,2.299976911936794,0.808,Sin_clasificar
6,587202.983,517570,Diametro,Residual_ajustado,0.264675925925926,2.46861743246118,-1.5064159131330914,2.5202024206948614,0.028,Sin_clasificar
7,587201.014,517569,Diametro,Residual_ajustado,-0.11106481481481462,2.064883028901003,-1.582960781359057,2.521122190418202,0.054,Sin_clasificar
8,587198.948,517567,Diametro,Residual_ajustado,-0.32731481481481545,-0.6667588744446846,-1.6581185775022407,2.196543614298637,0.526,Sin_clasificar
9,587197.023,517566,Diametro,Residual_ajustado,0.04226851851851901,-0.3360868239079832,-1.5990752952619505,2.4394407049872884,0.832,Sin_clasificar
10,587194.69,517564,Diametro,Residual_ajustado,0.09532407407407466,0.4331818697026331,-1.6623576774771553,2.4392255975519914,0.52,Sin_clasificar
11,587193.167,517562,Diametro,Residual_ajustado,-0.05134259259259291,-0.010977896697943584,-1.7316259803918497,2.431400137405822,0.928,Sin_clasificar
12,587191.101,517561,Diametro,Residual_ajustado,0.10740740740740759,-0.30701023265397254,-1.578721681384142,2.3205790119898593,0.806,Sin_clasificar
13,587189.132,517559,Diametro,Residual_ajustado,-0.08944444444444449,-0.13358913481754192,-1.6790581737037915,2.5936208136112406,0.962,Sin_clasificar
14,587187.054,517557,Diametro,Residual_ajustado,-0.11611111111111119,0.09168027242336471,-1.6860788353420375,2.5438345685865142,0.81,Sin_clasificar
15,587188.6,517555,Diametro,Residual_ajustado,0.43500000000000005,0.600817319279335,-1.7679160882260971,2.668170374937378,0.458,Sin_clasificar
16,587190.678,517557,Diametro,Residual_ajustado,-0.0761111111111113,0.9431348413131778,-1.8121095399330878,2.6355408022520708,0.266,Sin_clasificar
17,587192.647,517559,Diametro,Residual_ajustado,0.09087962962962921,0.22682708177237101,-1.5396017981510646,2.572132322574794,0.654,Sin_clasificar
18,587194.713,517560,Diametro,Residual_ajustado,-0.24912037037037052,0.2818649152174644,-1.8042136135581146,2.334112236669182,0.648,Sin_clasificar
19,587196.236,517562,Diametro,Residual_ajustado,0.286435185185185,0.011274596608699354,-1.601393263314726,2.5795720728369824,0.88,Sin_clasificar
20,587198.569,517564,Diametro,Residual_ajustado,-0.10231481481481455,-1.478529830270987,-1.5998059187921845,2.442652481521212,0.144,Sin_clasificar
21,587200.494,517565,Diametro,Residual_ajustado,0.08226851851851803,1.5707293275381717,-1.5511397159305578,2.7157870018647063,0.086,Sin_clasificar
22,587202.56,517567,Diametro,Residual_ajustado,1.435601851851852,1.8307126243374408,-1.6643678193725235,2.797190331129288,0.078,Sin_clasificar
23,587204.529,517569,Diametro,Residual_ajustado,0.026898148148148136,2.171398296862131,-1.7143024143526275,2.5728592373561447,0.048,Sin_clasificar
24,587206.461,517570,Diametro,Residual_ajustado,-0.26990740740740765,-1.2284859804820192,-1.7251134173507707,2.38512607757466,0.184,Sin_clasificar
25,587208.571,517572,Diametro,Residual_ajustado,-0.23087962962963018,-0.47457150725298763,-1.6059809856847782,2.3570211785283712,0.594,Sin_clasificar
26,587210.54,517574,Diametro,Residual_ajustado,-0.0018518518518519551,-0.584053774321666,-1.701384841988121,2.239253566451851,0.542,Sin_clasificar
27,587212.65,517576,Diametro,Residual_ajustado,0.05384259259259251,0.761999545797111,-1.5335565374694273,2.6531796119464692,0.306,Sin_clasificar
28,587214.441,517577,Diametro,Residual_ajustado,0.3493981481481481,1.4073218516897334,-1.6590568909700045,2.3756836029148727,0.114,Sin_clasificar
29,587215.987,517575,Diametro,Residual_ajustado,0.27037037037037065,1.1734481470369242,-1.653315747696892,2.5335724604232674,0.138,Sin_clasificar
30,587214.196,517574,Diametro,Residual_ajustado,0.05384259259259293,0.3652375901396844,-1.5836839873915223,2.243804201333059,0.544,Sin_clasificar
31,587212.086,517572,Diametro,Residual_ajustado,-0.29726851851851865,-0.5103980214766792,-1.821952559472393,2.230567676564492,0.588,Sin_clasificar
32,587210.117,517570,Diametro,Residual_ajustado,0.0773148148148146,-1.1027593932994928,-1.641162177602579,2.2124244770218104,0.264,Sin_clasificar
33,587208.007,517569,Diametro,Residual_ajustado,-0.21754629629629638,-1.4325413441039254,-1.7185266793320049,2.5715352140044008,0.162,Sin_clasificar
34,587206.075,517567,Diametro,Residual_ajustado,-0.10199074074074034,-0.6466574554910166,-1.7398371504219985,2.710839530852863,0.488,Sin_clasificar
35,587204.105,517565,Diametro,Residual_ajustado,-0.29106481481481444,1.0561033323332318,-1.7353124767829828,2.342494009148016,0.226,Sin_clasificar
36,587202.04,517564,Diametro,Residual_ajustado,-0.10787037037037048,-1.9280301950651553,-1.6986440765625201,2.3415445694336015,0.064,Coldspot
37,587200.115,517562,Diametro,Residual_ajustado,-0.6177314814814818,-1.31920197819543,-1.5770379093906066,2.4120404682290415,0.178,Sin_clasificar
38,587197.782,517560,Diametro,Residual_ajustado,-0.2246759259259259,0.2139948106322074,-1.6074125627541735,2.5340879765182054,0.736,Sin_clasificar
39,587196.259,517559,Diametro,Residual_ajustado,0.09907407407407423,-0.29180436222776523,-1.5626590899656314,2.7148264359036363,0.816,Sin_clasificar
40,587194.193,517557,Diametro,Residual_ajustado,0.268518518518519,1.4596152109603409,-1.6291717924591844,2.573919939537096,0.102,Sin_clasificar
41,587192.224,517555,Diametro,Residual_ajustado,0.22833333333333355,0.8752647367279209,-1.7560110043070445,2.8909104154390954,0.262,Sin_clasificar
42,587190.146,517554,Diametro,Residual_ajustado,-0.09611111111111116,-0.025812892235704342,-1.702697739093215,2.6459809303617687,0.982,Sin_clasificar
43,587191.692,517552,Diametro,Residual_ajustado,-0.507222222222222,0.4512805642587012,-1.5836839873915243,2.701393347444193,0.524,Sin_clasificar
44,587193.77,517553,Diametro,Residual_ajustado,0.22166666666666668,0.11356189084156373,-1.5246444139001174,2.7666895803036504,0.798,Sin_clasificar
45,587195.739,517555,Diametro,Residual_ajustado,0.2242129629629629,1.3887781072675307,-1.7779593802051616,2.7796850363947296,0.166,Sin_clasificar
46,587197.805,517557,Diametro,Residual_ajustado,-0.075925925925926,0.11430364061845126,-1.7477849992813548,2.540541199577131,0.816,Sin_clasificar
47,587199.328,517558,Diametro,Residual_ajustado,0.048657407407407344,-0.36946556386794654,-1.6851664831164626,2.6083297116869306,0.788,Sin_clasificar
48,587201.661,517560,Diametro,Residual_ajustado,-0.07773148148148148,-1.8272264003860668,-1.485854609317756,2.360856024874881,0.076,Coldspot
49,587203.586,517562,Diametro,Residual_ajustado,-0.2689814814814811,-1.6360774828820108,-1.6690185904736103,2.336267019771041,0.11,Sin_clasificar
50,587205.651,517563,Diametro,Residual_ajustado,-0.2755092592592596,-1.2229970321330463,-1.815792327575338,2.409644616449693,0.214,Sin_clasificar
51,587207.621,517565,Diametro,Residual_ajustado,0.18009259259259244,-1.3946379305049443,-1.7045595310332025,2.411977419498008,0.158,Sin_clasificar
52,587209.552,517567,Diametro,Residual_ajustado,-0.3819907407407404,-0.58004832552647,-1.6313599543010044,2.458896801635061,0.626,Sin_clasificar
53,587211.663,517569,Diametro,Residual_ajustado,-0.01990740740740778,-1.2376095027377414,-1.8343471982441928,2.5460264391772194,0.222,Sin_clasificar
54,587213.632,517570,Diametro,Residual_ajustado,-0.15060185185185151,-0.38978950775468124,-1.7374820948803786,2.4289152756532455,0.73,Sin_clasificar
55,587215.742,517572,Diametro,Residual_ajustado,0.14717592592592535,0.37235838799781146,-1.6048386910283712,2.736734015564025,0.574,Sin_clasificar
56,587217.533,517574,Diametro,Residual_ajustado,-0.08837962962962921,1.1734481470369242,-1.653315747696892,2.5335724604232674,0.138,Sin_clasificar
1,587212.895,517579,Macollas,Original,8.666666666666666,2.070816297335084,-1.9317316206484003,2.1303136312510564,0.056,Sin_clasificar
2,587211.104,517578,Macollas,Original,8.333333333333334,2.070816297335084,-1.9317316206484003,2.1303136312510564,0.056,Sin_clasificar
3,587208.994,517576,Macollas,Original,7.333333333333333,1.2054005312846017,-1.8235546498920885,2.070816297335084,0.216,Sin_clasificar
4,587207.025,517574,Macollas,Original,7.666666666666667,0.8808696190156705,-1.9317316206483983,2.130313631251055,0.448,Sin_clasificar
5,587204.915,517572,Macollas,Original,8,-0.09272311779112284,-1.8235546498920885,1.962639326578775,0.956,Sin_clasificar
6,587202.983,517570,Macollas,Original,5.666666666666667,-0.2009000885474317,-1.7748750130517488,2.178993268091395,0.912,Sin_clasificar
7,587201.014,517569,Macollas,Original,6.666666666666667,-0.9581388838416062,-1.8235546498920892,1.746285385066154,0.37,Sin_clasificar
8,587198.948,517567,Macollas,Original,5.666666666666667,-1.6072007083794673,-1.9317316206483983,2.022136660494746,0.124,Sin_clasificar
9,587197.023,517566,Macollas,Original,4.666666666666667,-1.7153776791357773,-1.9317316206483994,1.697605748225815,0.072,Sin_clasificar
10,587194.69,517564,Macollas,Original,6.333333333333333,-1.8235546498920885,-1.7153776791357784,1.8544623558224638,0.056,Coldspot
11,587193.167,517562,Macollas,Original,6,-1.6072007083794684,-1.9317316206483983,1.746285385066154,0.078,Sin_clasificar
12,587191.101,517561,Macollas,Original,5.666666666666667,-1.1744928253542262,-1.8235546498920885,1.913959689738435,0.302,Sin_clasificar
13,587189.132,517559,Macollas,Original,7.666666666666667,-0.5254310008163627,-1.8235546498920885,1.8544623558224629,0.694,Sin_clasificar
14,587187.054,517557,Macollas,Original,7.333333333333333,0.6645156775030505,-1.8235546498920892,2.070816297335084,0.488,Sin_clasificar
15,587188.6,517555,Macollas,Original,7.333333333333333,0.6645156775030505,-1.7748750130517488,2.238490602007367,0.532,Sin_clasificar
16,587190.678,517557,Macollas,Original,6.666666666666667,0.12363082372149713,-1.7748750130517492,1.962639326578774,0.894,Sin_clasificar
17,587192.647,517559,Macollas,Original,5.333333333333333,-1.8235546498920885,-1.8830519838080588,2.178993268091394,0.06,Sin_clasificar
18,587194.713,517560,Macollas,Original,6,-1.6072007083794684,-1.8235546498920896,1.9626393265787727,0.106,Sin_clasificar
19,587196.236,517562,Macollas,Original,6,-1.7153776791357784,-1.7748750130517488,1.9626393265787727,0.074,Sin_clasificar
20,587198.569,517564,Macollas,Original,5.666666666666667,-2.1480855621610195,-1.8235546498920885,1.962639326578775,0.034,Coldspot
21,587200.494,517565,Macollas,Original,6.666666666666667,-1.2826697961105373,-1.7153776791357784,1.8544623558224638,0.206,Sin_clasificar
22,587202.56,517567,Macollas,Original,7,-0.2009000885474317,-1.8235546498920885,2.022136660494746,0.948,Sin_clasificar
23,587204.529,517569,Macollas,Original,6.333333333333333,-0.6336079715726762,-1.7153776791357784,1.8544623558224638,0.582,Sin_clasificar
24,587206.461,517570,Macollas,Original,6.333333333333333,-0.200900088547434,-1.8235546498920892,2.070816297335084,0.88,Sin_clasificar
25,587208.571,517572,Macollas,Original,6.333333333333333,0.23180779447780828,-1.7153776791357784,2.022136660494746,0.858,Sin_clasificar
26,587210.54,517574,Macollas,Original,7.666666666666667,1.0972235605282905,-1.7153776791357784,2.070816297335084,0.248,Sin_clasificar
27,587212.65,517576,Macollas,Original,7,2.178993268091395,-1.9317316206483983,1.962639326578775,0.022,Hotspot
28,587214.441,517577,Macollas,Original,9.333333333333334,2.828055092629257,-1.9317316206483983,2.022136660494746,0.006,Hotspot
29,587215.987,517575,Macollas,Original,9.333333333333334,3.9098248001923617,-1.8235546498920896,1.913959689738435,0.002,Hotspot
30,587214.196,517574,Macollas,Original,8.666666666666666,3.4771169171671192,-1.931731620648399,1.962639326578775,0.002,Hotspot
31,587212.086,517572,Macollas,Original,9.333333333333334,2.611701151116635,-1.8830519838080595,2.130313631251055,0.012,Hotspot
32,587210.117,517570,Macollas,Original,7,1.2054005312846017,-1.8235546498920885,2.022136660494746,0.268,Sin_clasificar
33,587208.007,517569,Macollas,Original,6.666666666666667,0.12363082372149713,-1.931731620648399,1.962639326578775,0.842,Sin_clasificar
34,587206.075,517567,Macollas,Original,7,-0.41725403006005396,-1.8235546498920896,2.070816297335085,0.672,Sin_clasificar
35,587204.105,517565,Macollas,Original,7,-1.2826697961105373,-1.9912289545643693,1.8544623558224629,0.244,Sin_clasificar
36,587202.04,517564,Macollas,Original,5.333333333333333,-1.0663158545979161,-1.8235546498920896,2.070816297335084,0.31,Sin_clasificar
37,587200.115,517562,Macollas,Original,5,-1.7153776791357784,-1.9317316206483983,1.9626393265787727,0.104,Sin_clasificar
38,587197.782,517560,Macollas,Original,4.666666666666667,-2.472616474429951,-1.8235546498920885,2.070816297335084,0.016,Coldspot
39,587196.259,517559,Macollas,Original,6,-2.5807934451862606,-2.039908591404709,2.287170238847706,0.016,Coldspot
40,587194.193,517557,Macollas,Original,5,-1.7153776791357784,-1.8235546498920885,1.962639326578775,0.096,Sin_clasificar
41,587192.224,517555,Macollas,Original,7.666666666666667,0.015453852965188294,-1.8235546498920896,1.913959689738436,1,Sin_clasificar
42,587190.146,517554,Macollas,Original,7.333333333333333,0.7726926482593593,-1.8830519838080595,2.070816297335085,0.47,Sin_clasificar
43,587191.692,517552,Macollas,Original,7.666666666666667,1.0972235605282905,-1.9317316206483994,2.070816297335084,0.308,Sin_clasificar
44,587193.77,517553,Macollas,Original,7.666666666666667,0.3399847652341194,-1.9317316206483983,2.022136660494746,0.752,Sin_clasificar
45,587195.739,517555,Macollas,Original,5,-1.390846766866846,-1.8235546498920892,1.8544623558224638,0.172,Sin_clasificar
46,587197.805,517557,Macollas,Original,4.666666666666667,-2.7971473866988816,-1.715377679135779,2.178993268091395,0.014,Coldspot
47,587199.328,517558,Macollas,Original,5.333333333333333,-2.3644395036736405,-1.7748750130517497,2.238490602007367,0.036,Coldspot
48,587201.661,517560,Macollas,Original,6.333333333333333,-1.9317316206483994,-1.8235546498920885,1.962639326578774,0.052,Coldspot
49,587203.586,517562,Macollas,Original,7,-1.4990237376231583,-1.8235546498920885,1.913959689738436,0.152,Sin_clasificar
50,587205.651,517563,Macollas,Original,4,-1.6072007083794684,-1.8235546498920885,2.022136660494746,0.13,Sin_clasificar
51,587207.621,517565,Macollas,Original,6,-0.849961913085295,-1.8830519838080588,1.8544623558224638,0.504,Sin_clasificar
52,587209.552,517567,Macollas,Original,7.666666666666667,0.5563387067467394,-1.9912289545643698,2.070816297335085,0.652,Sin_clasificar
53,587211.663,517569,Macollas,Original,8.666666666666666,2.611701151116637,-1.7153776791357784,2.070816297335084,0.018,Hotspot
54,587213.632,517570,Macollas,Original,9.666666666666666,3.585293887923428,-1.9317316206483983,2.070816297335085,0.002,Hotspot
55,587215.742,517572,Macollas,Original,10.666666666666666,4.01800177094867,-1.8235546498920896,1.9734570236544073,0.002,Hotspot
56,587217.533,517574,Macollas,Original,8.333333333333334,3.9098248001923617,-1.8235546498920896,1.913959689738435,0.002,Hotspot
1,587212.895,517579,Macollas,Residual_ajustado,0.2361111111111197,-0.5842293748557039,-1.9588040802547324,1.8556936769465726,0.552,Sin_clasificar
2,587211.104,517578,Macollas,Residual_ajustado,-0.5138888888888848,-0.5842293748557039,-1.9588040802547324,1.8556936769465726,0.552,Sin_clasificar
3,587208.994,517576,Macollas,Residual_ajustado,-0.6076388888888917,-1.4800757098821233,-1.9979344468549085,1.9201140875552118,0.138,Sin_clasificar
4,587207.025,517574,Macollas,Residual_ajustado,0.07569444444444559,-0.22815562090560468,-1.9064834668209616,1.89893419995276,0.814,Sin_clasificar
5,587204.915,517572,Macollas,Residual_ajustado,0.609027777777779,-1.1340676450896172,-2.16900922216262,1.7636345615260172,0.268,Sin_clasificar
6,587202.983,517570,Macollas,Residual_ajustado,-1.1909722222222225,-0.10023748786110027,-1.8860794760910775,1.6616775184338275,0.886,Sin_clasificar
7,587201.014,517569,Macollas,Residual_ajustado,0.8368055555555567,-0.862294037834415,-1.9069448109073521,1.726538302943112,0.352,Sin_clasificar
8,587198.948,517567,Macollas,Residual_ajustado,-0.6527777777777807,-0.5003486318757082,-1.7482214750034433,1.9691843221985152,0.554,Sin_clasificar
9,587197.023,517566,Macollas,Residual_ajustado,-1.163194444444444,-0.49028294271810846,-1.948969063140333,1.9115792219569974,0.58,Sin_clasificar
10,587194.69,517564,Macollas,Residual_ajustado,0.8534722222222226,0.6307831872096118,-1.8527368807565239,1.919841475140526,0.524,Sin_clasificar
11,587193.167,517562,Macollas,Residual_ajustado,0.7868055555555562,1.4964324547632253,-1.9104258617410206,1.7641797863553896,0.124,Sin_clasificar
12,587191.101,517561,Macollas,Residual_ajustado,0.5972222222222225,1.4087770783491238,-1.8154728606876593,1.8870860450068352,0.158,Sin_clasificar
13,587189.132,517559,Macollas,Residual_ajustado,0.7083333333333339,0.347685679652106,-1.9458445054643279,1.9396792708552955,0.834,Sin_clasificar
14,587187.054,517557,Macollas,Residual_ajustado,-0.4916666666666677,-0.31706920846440567,-1.9996330319002507,1.7218409813362336,0.754,Sin_clasificar
15,587188.6,517555,Macollas,Residual_ajustado,-0.09166666666666747,-0.31706920846440617,-2.0910001311912194,1.839525663737175,0.814,Sin_clasificar
16,587190.678,517557,Macollas,Residual_ajustado,-0.29166666666666596,0.6563668138185109,-2.0641163530661264,1.8470329902338838,0.574,Sin_clasificar
17,587192.647,517559,Macollas,Residual_ajustado,0.0534722222222223,-0.06458817209460033,-2.0312351018179697,1.9152280342766264,0.904,Sin_clasificar
18,587194.713,517560,Macollas,Residual_ajustado,0.1868055555555561,1.3152500499264208,-2.1107750163487546,1.9316476897149597,0.2,Sin_clasificar
19,587196.236,517562,Macollas,Residual_ajustado,0.3868055555555564,1.2749872932960207,-2.198598154248816,2.0292639043579364,0.204,Sin_clasificar
20,587198.569,517564,Macollas,Residual_ajustado,0.1805555555555559,-1.5069175476357253,-1.800667909551691,1.960292963442632,0.112,Sin_clasificar
21,587200.494,517565,Macollas,Residual_ajustado,-0.02986111111111045,-0.7356341159346135,-1.9313960474860203,1.8633058543720025,0.412,Sin_clasificar
22,587202.56,517567,Macollas,Residual_ajustado,0.10347222222222212,0.6177816720477111,-2.040315192245552,2.072147934206466,0.504,Sin_clasificar
23,587204.529,517569,Macollas,Residual_ajustado,-0.5243055555555552,-1.9225466291016315,-2.223196182127701,1.7846676578282523,0.06,Sin_clasificar
24,587206.461,517570,Macollas,Residual_ajustado,-0.8472222222222227,-1.1743304017200187,-2.0949844664827673,1.7800332467786069,0.206,Sin_clasificar
25,587208.571,517572,Macollas,Residual_ajustado,-0.5243055555555561,-0.9503688179634177,-2.0187578412996974,1.7170597789863726,0.32,Sin_clasificar
26,587210.54,517574,Macollas,Residual_ajustado,0.06944444444444381,-1.3353814282416243,-1.9099854878403768,1.8398402165233492,0.188,Sin_clasificar
27,587212.65,517576,Macollas,Residual_ajustado,-1.4743055555555564,0.12036886617630267,-2.0399796692736336,2.070805842318783,0.952,Sin_clasificar
28,587214.441,517577,Macollas,Residual_ajustado,1.3923611111111112,1.1772662277243227,-1.8762863993481607,1.7173533615868015,0.246,Sin_clasificar
29,587215.987,517575,Macollas,Residual_ajustado,1.0694444444444442,3.083456111944847,-2.047948339856732,1.937750013766756,0.002,Hotspot
30,587214.196,517574,Macollas,Residual_ajustado,0.7256944444444431,1.5937341166200227,-1.9109710865703908,2.056378354526222,0.116,Sin_clasificar
31,587212.086,517572,Macollas,Residual_ajustado,0.3256944444444445,0.9860181337299122,-2.105763141955702,1.791420057638144,0.33,Sin_clasificar
32,587210.117,517570,Macollas,Residual_ajustado,-0.34722222222222543,-0.18160180855170616,-1.6780762036864196,1.8939223255597069,0.808,Sin_clasificar
33,587208.007,517569,Macollas,Residual_ajustado,-0.6576388888888888,-1.7115865605069298,-2.2732310453152724,1.9661226750797418,0.086,Sin_clasificar
34,587206.075,517567,Macollas,Residual_ajustado,-0.7243055555555554,-1.0770287398632175,-2.0500034180597444,1.8032262722125774,0.258,Sin_clasificar
35,587204.105,517565,Macollas,Residual_ajustado,0.6368055555555554,-2.033269209835233,-2.2042181640284735,1.7215683689215473,0.05,Sin_clasificar
36,587202.04,517564,Macollas,Residual_ajustado,-0.819444444444445,-0.470151564402908,-2.22462215475836,2.0505276727033674,0.596,Sin_clasificar
37,587200.115,517562,Macollas,Residual_ajustado,-0.8298611111111112,-0.882844819864514,-2.2682820814794473,1.8180312233485503,0.348,Sin_clasificar
38,587197.782,517560,Macollas,Residual_ajustado,-0.07986111111111047,1.160490079128319,-2.108950610188937,1.8776284912358423,0.308,Sin_clasificar
39,587196.259,517559,Macollas,Residual_ajustado,0.7638888888888863,0.2910661781406041,-1.9651370763497278,1.9486545103541535,0.744,Sin_clasificar
40,587194.193,517557,Macollas,Residual_ajustado,-0.6527777777777782,0.6802728255678095,-1.986820248410058,1.9086224257669506,0.578,Sin_clasificar
41,587192.224,517555,Macollas,Residual_ajustado,0.7083333333333331,-0.2533198437996043,-2.4210708548175246,1.7312146543642448,0.762,Sin_clasificar
42,587190.146,517554,Macollas,Residual_ajustado,-0.3583333333333337,-0.2365436952036043,-2.266730287734322,1.7988435033918746,0.826,Sin_clasificar
43,587191.692,517552,Macollas,Residual_ajustado,-0.3583333333333335,0.04529560120919976,-2.2965918322352015,1.858902115365555,0.91,Sin_clasificar
44,587193.77,517553,Macollas,Residual_ajustado,0.17499999999999988,0.25373924751450405,-2.2929849602870616,1.7915249085668667,0.832,Sin_clasificar
45,587195.739,517555,Macollas,Residual_ajustado,0.25347222222222293,0.45169780094730777,-2.114780321826051,1.9527646667601741,0.766,Sin_clasificar
46,587197.805,517557,Macollas,Residual_ajustado,0.26388888888888967,1.0799645658675179,-2.06780710575725,1.6813475526626356,0.298,Sin_clasificar
47,587199.328,517558,Macollas,Residual_ajustado,0.5868055555555566,0.9491106068187152,-2.1510797133506454,1.7870582590031834,0.328,Sin_clasificar
48,587201.661,517560,Macollas,Residual_ajustado,0.03680555555555545,-0.013420918876799777,-2.2352750091168225,1.8866037307347003,0.986,Sin_clasificar
49,587203.586,517562,Macollas,Residual_ajustado,0.2638888888888881,-1.4767204801629246,-2.0705332299041,1.7533591705109683,0.146,Sin_clasificar
50,587205.651,517563,Macollas,Residual_ajustado,-2.563194444444444,-1.8093076260786303,-2.0910840119341954,1.6855625599973818,0.066,Sin_clasificar
51,587207.621,517565,Macollas,Residual_ajustado,-0.5138888888888892,-2.066821507027233,-2.1438030588971313,1.6861916655697309,0.04,Sin_clasificar
52,587209.552,517567,Macollas,Residual_ajustado,-0.25763888888888875,-0.5276098733442115,-1.8742942317023874,1.978893518198448,0.614,Sin_clasificar
53,587211.663,517569,Macollas,Residual_ajustado,0.902777777777776,0.895426931311511,-1.9452992806349556,2.0055046839088555,0.41,Sin_clasificar
54,587213.632,517570,Macollas,Residual_ajustado,0.8590277777777768,2.2542949675875312,-1.9859814409802565,1.807399339175836,0.028,Hotspot
55,587215.742,517572,Macollas,Residual_ajustado,1.9923611111111086,2.761354058901641,-1.822309141240527,1.9540438480906208,0.012,Hotspot
56,587217.533,517574,Macollas,Residual_ajustado,-0.07430555555555564,3.083456111944847,-2.047948339856732,1.937750013766756,0.002,Hotspot
1,587212.895,517579,NDVI,Original,0.7,0.810674958195406,-1.8038578912725116,1.7614141761837416,0.472,Sin_clasificar
2,587211.104,517578,NDVI,Original,0.69,0.810674958195406,-1.8038578912725116,1.7614141761837416,0.472,Sin_clasificar
3,587208.994,517576,NDVI,Original,0.7,0.097620544704149,-2.041542695769596,1.9990989806808201,1,Sin_clasificar
4,587207.025,517574,NDVI,Original,0.66,-1.5661730867754224,-2.041542695769601,1.892140818657142,0.198,Sin_clasificar
5,587204.915,517572,NDVI,Original,0.68,-2.754597109260837,-2.04154269576959,1.7614141761837416,0.002,Coldspot
6,587202.983,517570,NDVI,Original,0.65,-1.090803477781244,-1.9345845337459093,1.7614141761837416,0.27,Sin_clasificar
7,587201.014,517569,NDVI,Original,0.7,-0.8531186732841655,-2.041542695769596,1.7614141761837416,0.34,Sin_clasificar
8,587198.948,517567,NDVI,Original,0.69,0.097620544704149,-1.8038578912725223,1.9990989806808201,1,Sin_clasificar
9,587197.023,517566,NDVI,Original,0.66,-0.14006425979292964,-1.9345845337459093,1.7614141761837416,0.874,Sin_clasificar
10,587194.69,517564,NDVI,Original,0.69,-0.37774906429000826,-2.0415426957695857,1.9990989806808201,0.816,Sin_clasificar
11,587193.167,517562,NDVI,Original,0.7,0.3353053492012487,-2.1722693382429883,1.8921408186571376,0.792,Sin_clasificar
12,587191.101,517561,NDVI,Original,0.69,-0.14006425979292964,-2.041542695769596,1.9990989806808201,0.876,Sin_clasificar
13,587189.132,517559,NDVI,Original,0.67,0.3353053492012487,-1.8038578912725116,1.7614141761837416,0.672,Sin_clasificar
14,587187.054,517557,NDVI,Original,0.72,1.0483597626925056,-1.9345845337458998,1.7614141761837416,0.266,Sin_clasificar
15,587188.6,517555,NDVI,Original,0.72,1.7614141761837416,-2.041542695769596,1.7614141761837416,0.096,Sin_clasificar
16,587190.678,517557,NDVI,Original,0.71,0.5729901536983274,-2.04154269576959,1.761414176183752,0.63,Sin_clasificar
17,587192.647,517559,NDVI,Original,0.7,1.0483597626924845,-2.04154269576959,1.7614141761837416,0.342,Sin_clasificar
18,587194.713,517560,NDVI,Original,0.71,0.5729901536983169,-2.041542695769596,1.9990989806808201,0.584,Sin_clasificar
19,587196.236,517562,NDVI,Original,0.7,-0.3777490642900188,-2.041542695769601,1.7614141761837416,0.818,Sin_clasificar
20,587198.569,517564,NDVI,Original,0.71,-0.6154338687870868,-1.8038578912725174,1.7614141761837416,0.572,Sin_clasificar
21,587200.494,517565,NDVI,Original,0.72,1.0483597626925056,-2.04154269576959,1.7614141761837416,0.288,Sin_clasificar
22,587202.56,517567,NDVI,Original,0.7,1.0483597626925056,-2.0415426957695857,1.7614141761837416,0.33,Sin_clasificar
23,587204.529,517569,NDVI,Original,0.7,-1.566173086775433,-2.1722693382429883,1.7614141761837416,0.076,Sin_clasificar
24,587206.461,517570,NDVI,Original,0.67,-2.04154269576959,-2.04154269576959,1.7614141761837416,0.044,Sin_clasificar
25,587208.571,517572,NDVI,Original,0.66,-2.5169123047637583,-2.041542695769596,1.9990989806808201,0.016,Coldspot
26,587210.54,517574,NDVI,Original,0.71,0.09762054470415955,-1.9345845337459093,1.8921408186571376,0.96,Sin_clasificar
27,587212.65,517576,NDVI,Original,0.72,0.3353053492012487,-2.041542695769601,1.7614141761837416,0.74,Sin_clasificar
28,587214.441,517577,NDVI,Original,0.7,1.0483597626924952,-2.04154269576959,1.7614141761837416,0.298,Sin_clasificar
29,587215.987,517575,NDVI,Original,0.73,1.2860445671895844,-2.04154269576959,1.7614141761837416,0.124,Sin_clasificar
30,587214.196,517574,NDVI,Original,0.67,1.0483597626924952,-1.9345845337459044,1.892140818657142,0.3,Sin_clasificar
31,587212.086,517572,NDVI,Original,0.69,-0.37774906429000826,-1.8038578912725174,1.7614141761837416,0.728,Sin_clasificar
32,587210.117,517570,NDVI,Original,0.67,-2.04154269576959,-2.041542695769601,1.7614141761837416,0.05,Sin_clasificar
33,587208.007,517569,NDVI,Original,0.68,-2.2792275002666793,-1.8038578912725116,1.8921408186571376,0.018,Coldspot
34,587206.075,517567,NDVI,Original,0.69,-0.6154338687870975,-2.04154269576959,1.7614141761837416,0.422,Sin_clasificar
35,587204.105,517565,NDVI,Original,0.7,-0.14006425979291906,-1.8038578912725116,1.9990989806808201,0.892,Sin_clasificar
36,587202.04,517564,NDVI,Original,0.7,0.810674958195406,-2.04154269576959,1.9990989806808201,0.544,Sin_clasificar
37,587200.115,517562,NDVI,Original,0.67,1.0483597626924845,-1.8038578912725116,1.7614141761837416,0.308,Sin_clasificar
38,587197.782,517560,NDVI,Original,0.67,0.09762054470415955,-2.04154269576959,1.7614141761837416,0.878,Sin_clasificar
39,587196.259,517559,NDVI,Original,0.69,0.33530534920123817,-2.1722693382429883,1.7614141761837416,0.672,Sin_clasificar
40,587194.193,517557,NDVI,Original,0.71,-0.14006425979292964,-2.041542695769596,1.7614141761837416,0.976,Sin_clasificar
41,587192.224,517555,NDVI,Original,0.7,1.2860445671895844,-1.9345845337459093,1.7614141761837416,0.144,Sin_clasificar
42,587190.146,517554,NDVI,Original,0.7,1.7614141761837416,-1.9345845337459044,1.8921408186571376,0.082,Sin_clasificar
43,587191.692,517552,NDVI,Original,0.72,1.7614141761837416,-1.8038578912725116,1.7614141761837416,0.07,Sin_clasificar
44,587193.77,517553,NDVI,Original,0.71,0.5729901536983274,-1.8038578912725116,1.7614141761837416,0.628,Sin_clasificar
45,587195.739,517555,NDVI,Original,0.67,0.5729901536983274,-2.041542695769601,1.7614141761837416,0.666,Sin_clasificar
46,587197.805,517557,NDVI,Original,0.71,-0.6154338687870975,-2.04154269576959,1.7614141761837474,0.6,Sin_clasificar
47,587199.328,517558,NDVI,Original,0.71,0.5729901536983274,-1.8038578912725174,1.8921408186571376,0.562,Sin_clasificar
48,587201.661,517560,NDVI,Original,0.72,0.3353053492012276,-2.041542695769601,1.7614141761837416,0.876,Sin_clasificar
49,587203.586,517562,NDVI,Original,0.72,1.0483597626924952,-1.8038578912725174,1.7614141761837416,0.322,Sin_clasificar
50,587205.651,517563,NDVI,Original,0.68,0.09762054470417011,-1.6968997292488202,1.9990989806808308,0.92,Sin_clasificar
51,587207.621,517565,NDVI,Original,0.68,-1.328488282278344,-1.8038578912725116,1.7614141761837474,0.164,Sin_clasificar
52,587209.552,517567,NDVI,Original,0.67,-2.04154269576959,-1.8038578912725116,1.892140818657142,0.034,Coldspot
53,587211.663,517569,NDVI,Original,0.69,-0.8531186732841867,-1.8038578912725174,1.9990989806808201,0.304,Sin_clasificar
54,587213.632,517570,NDVI,Original,0.72,0.097620544704149,-2.041542695769601,1.999098980680826,0.956,Sin_clasificar
55,587215.742,517572,NDVI,Original,0.71,1.7614141761837416,-2.04154269576959,1.7614141761837416,0.074,Sin_clasificar
56,587217.533,517574,NDVI,Original,0.72,1.2860445671895844,-2.04154269576959,1.7614141761837416,0.124,Sin_clasificar
1,587212.895,517579,NDVI,Residual_ajustado,0.007916666666666088,0.9252038324810689,-1.9848240708132165,1.8355694902903132,0.314,Sin_clasificar
2,587211.104,517578,NDVI,Residual_ajustado,-0.017083333333333336,0.9252038324810689,-1.9848240708132165,1.8355694902903132,0.314,Sin_clasificar
3,587208.994,517576,NDVI,Residual_ajustado,-0.005583333333333284,-0.7157237194665013,-1.8437741280500517,2.0256726928510504,0.534,Sin_clasificar
4,587207.025,517574,NDVI,Residual_ajustado,-0.013750000000000017,-0.666845026429764,-1.8617545044171337,1.9865697384216614,0.482,Sin_clasificar
5,587204.915,517572,NDVI,Residual_ajustado,-0.007749999999999934,-1.7282109323703372,-1.7589346822791416,1.9225037371913651,0.074,Sin_clasificar
6,587202.983,517570,NDVI,Residual_ajustado,-0.01375000000000003,-1.2464066724367897,-1.781977494710747,2.064775647280449,0.242,Sin_clasificar
7,587201.014,517569,NDVI,Residual_ajustado,-0.012250000000000006,-1.2883026950397025,-1.7634734180611247,2.0035027142236745,0.246,Sin_clasificar
8,587198.948,517567,NDVI,Residual_ajustado,-0.008749999999999812,-1.56062684195866,-1.8854955838921186,1.9729535310757047,0.144,Sin_clasificar
9,587197.023,517566,NDVI,Residual_ajustado,-0.014249999999999987,-0.6458970151283019,-1.7187843272846752,2.0113582184617114,0.544,Sin_clasificar
10,587194.69,517564,NDVI,Residual_ajustado,0.009583333333333265,-0.4713302542828265,-1.9331523096029408,2.1473457251603607,0.668,Sin_clasificar
11,587193.167,517562,NDVI,Residual_ajustado,-4.166666666667294e-4,1.3162333767749719,-2.0151986872003134,1.8154943127930905,0.198,Sin_clasificar
12,587191.101,517561,NDVI,Residual_ajustado,-0.002916666666666742,0.579561646007013,-1.9361199445373098,1.8771163793715457,0.514,Sin_clasificar
13,587189.132,517559,NDVI,Residual_ajustado,-0.00799999999999998,-0.5586136347055682,-1.8387116919855315,1.7028987520477408,0.558,Sin_clasificar
14,587187.054,517557,NDVI,Residual_ajustado,-0.001999999999999988,-0.6703363616466764,-1.837140591137922,2.0574438433249185,0.542,Sin_clasificar
15,587188.6,517555,NDVI,Residual_ajustado,-3.469446951953614e-18,0.08379204520583328,-1.9345488436897074,2.00786688324481,0.864,Sin_clasificar
16,587190.678,517557,NDVI,Residual_ajustado,-0.005999999999999996,0.0663353691212829,-1.6342940150354632,2.0151986872003267,0.792,Sin_clasificar
17,587192.647,517559,NDVI,Residual_ajustado,0.00558333333333327,1.1870539737493155,-1.7365901368909222,2.1489168260079414,0.224,Sin_clasificar
18,587194.713,517560,NDVI,Residual_ajustado,0.019583333333333286,1.2324413315691474,-1.992505008290403,2.1063225363616684,0.19,Sin_clasificar
19,587196.236,517562,NDVI,Residual_ajustado,-0.0024166666666667084,1.4000254219808197,-1.8635001720255877,1.9750483322058558,0.176,Sin_clasificar
20,587198.569,517564,NDVI,Residual_ajustado,-0.0037500000000000033,-1.7282109323703267,-1.8847973168487462,2.0717583177142593,0.096,Sin_clasificar
21,587200.494,517565,NDVI,Residual_ajustado,0.0017500000000000276,-1.078822582025112,-1.7428745402813572,1.8156688795539286,0.294,Sin_clasificar
22,587202.56,517567,NDVI,Residual_ajustado,-0.006250000000000002,-0.7017583785988658,-1.7976885031868415,2.042256535131374,0.504,Sin_clasificar
23,587204.529,517569,NDVI,Residual_ajustado,0.01024999999999997,-1.3301987176426266,-1.71651495939369,2.009263417331559,0.21,Sin_clasificar
24,587206.461,517570,NDVI,Residual_ajustado,-0.01624999999999996,-0.8064984351061545,-1.6990582833091348,2.012056485505105,0.42,Sin_clasificar
25,587208.571,517572,NDVI,Residual_ajustado,0.008249999999999967,-1.0508919002898323,-1.8329509888776292,1.9635269259900652,0.31,Sin_clasificar
26,587210.54,517574,NDVI,Residual_ajustado,0.002916666666666676,0.5202089473195587,-1.7797081268197568,2.0178171886129945,0.584,Sin_clasificar
27,587212.65,517576,NDVI,Residual_ajustado,0.016416666666666694,1.0508919002898445,-1.8345220897252479,2.1894163145241228,0.286,Sin_clasificar
28,587214.441,517577,NDVI,Residual_ajustado,0.020416666666666663,3.1456930304356865,-1.9298355411468688,2.1159237082081512,0.006,Hotspot
29,587215.987,517575,NDVI,Residual_ajustado,0.027916666666666704,3.4180171773546735,-1.7221010957407445,1.814272345467165,0.002,Hotspot
30,587214.196,517574,NDVI,Residual_ajustado,0.0024166666666666967,2.412512634884659,-1.8648967061123467,1.9633523592292113,0.014,Hotspot
31,587212.086,517572,NDVI,Residual_ajustado,-0.009583333333333333,-0.08728338042273064,-1.806416841229117,2.1400139212048357,0.9,Sin_clasificar
32,587210.117,517570,NDVI,Residual_ajustado,-0.006249999999999753,-0.9461518437825389,-1.8669915072425023,2.0307351289155697,0.346,Sin_clasificar
33,587208.007,517569,NDVI,Residual_ajustado,-0.013749999999999955,-2.335703260112625,-1.8837499162836555,2.128143381467352,0.026,Coldspot
34,587206.075,517567,NDVI,Residual_ajustado,-0.0057500000000000355,-1.2883026950397065,-1.6344685817963116,2.081883189843297,0.16,Sin_clasificar
35,587204.105,517565,NDVI,Residual_ajustado,-0.010250000000000009,-1.9795870679878416,-1.8584377359610653,1.8139232119454585,0.042,Coldspot
36,587202.04,517564,NDVI,Residual_ajustado,-0.008750000000000008,-1.1416666159294915,-1.857041201874304,1.920583502822072,0.254,Sin_clasificar
37,587200.115,517562,NDVI,Residual_ajustado,-0.01624999999999995,-0.9740825255178243,-1.818461947727453,1.9982657113983064,0.356,Sin_clasificar
38,587197.782,517560,NDVI,Residual_ajustado,-4.166666666666496e-4,1.2533893428706104,-1.8818296819143652,1.7612040501701387,0.208,Sin_clasificar
39,587196.259,517559,NDVI,Residual_ajustado,0.007083333333333473,2.1122578062304163,-1.820905882379285,2.0268946601769753,0.028,Hotspot
40,587194.193,517557,NDVI,Residual_ajustado,0.01208333333333333,1.9411823806018353,-1.7013276512001272,2.0349247311758636,0.054,Sin_clasificar
41,587192.224,517555,NDVI,Residual_ajustado,0.009999999999999976,0.506243606451915,-1.7886110316228696,1.9272170397341928,0.668,Sin_clasificar
42,587190.146,517554,NDVI,Residual_ajustado,-1.929879867024198e-17,0.5865443164408406,-1.8127012446195525,1.8689117416118002,0.548,Sin_clasificar
43,587191.692,517552,NDVI,Residual_ajustado,0.010000000000000005,0.6703363616466743,-1.8415047601590617,2.0015824798543744,0.508,Sin_clasificar
44,587193.77,517553,NDVI,Residual_ajustado,-0.004000000000000012,1.155631956797132,-1.81531974603223,2.107544503687586,0.232,Sin_clasificar
45,587195.739,517555,NDVI,Residual_ajustado,0.011583333333333298,1.7491589436717918,-1.8692608751334898,2.0284657610245724,0.09,Sin_clasificar
46,587197.805,517557,NDVI,Residual_ajustado,0.01208333333333328,1.8399336593114528,-1.9715569969889466,2.06599761460636,0.074,Sin_clasificar
47,587199.328,517558,NDVI,Residual_ajustado,0.013583333333333305,1.5117481489219362,-1.8844481833270503,1.7510791780411048,0.106,Sin_clasificar
48,587201.661,517560,NDVI,Residual_ajustado,0.0037500000000000077,0.2897808230035155,-1.8800840143059059,1.9740009316407892,0.768,Sin_clasificar
49,587203.586,517562,NDVI,Residual_ajustado,0.006250000000000052,-1.0578745707236572,-1.8643730058298162,2.0766461870179374,0.26,Sin_clasificar
50,587205.651,517563,NDVI,Residual_ajustado,-0.016249999999999924,-1.6863149097674146,-1.9694621958587977,2.0050738150712837,0.124,Sin_clasificar
51,587207.621,517565,NDVI,Residual_ajustado,-0.011249999999999953,-2.3985472940170105,-1.7954191352958473,1.9221546036696737,0.014,Coldspot
52,587209.552,517567,NDVI,Residual_ajustado,-0.013749999999999958,-1.9376910453849097,-1.801528971925435,2.0007096460501397,0.048,Coldspot
53,587211.663,517569,NDVI,Residual_ajustado,-0.0012500000000000148,-0.9391691733487163,-1.8329509888776236,2.2122845601948793,0.37,Sin_clasificar
54,587213.632,517570,NDVI,Residual_ajustado,0.008416666666666711,0.49227826558429044,-1.7238467633491956,2.210364325825579,0.614,Sin_clasificar
55,587215.742,517572,NDVI,Residual_ajustado,0.02041666666666668,2.9152649061196683,-1.9219800369088278,1.9912830409644804,0.004,Hotspot
56,587217.533,517574,NDVI,Residual_ajustado,0.010416666666666689,3.4180171773546735,-1.7221010957407445,1.814272345467165,0.002,Hotspot
1,587212.895,517579,Nitratos,Original,4900,-0.33641466732910824,-1.8373677840893787,1.8519797342865,0.782,Sin_clasificar
2,587211.104,517578,Nitratos,Original,5500,-0.33641466732910824,-1.8373677840893787,1.8519797342865,0.782,Sin_clasificar
3,587208.994,517576,Nitratos,Original,5400,0.7102087421392261,-1.8373677840893787,1.8995535256259697,0.492,Sin_clasificar
4,587207.025,517574,Nitratos,Original,6100,1.3286680295523328,-1.9063497815316097,1.9732929022021484,0.226,Sin_clasificar
5,587204.915,517572,Nitratos,Original,5800,1.5665369862496816,-2.0014973642105494,1.8305715281837391,0.132,Sin_clasificar
6,587202.983,517570,Nitratos,Original,4100,-0.19369329331069898,-2.0752367407867274,1.7568321516075605,0.902,Sin_clasificar
7,587201.014,517569,Nitratos,Original,3400,-1.145169120100094,-2.122810532126197,1.6664419480625692,0.212,Sin_clasificar
8,587198.948,517567,Nitratos,Original,3800,-1.478185659476382,-2.1703843234656666,1.8995535256259697,0.13,Sin_clasificar
9,587197.023,517566,Nitratos,Original,3600,-0.5267098326869872,-1.9539235728710795,1.8044059429470303,0.498,Sin_clasificar
10,587194.69,517564,Nitratos,Original,5400,0.9956514901760446,-1.8849415754288483,1.8044059429470303,0.358,Sin_clasificar
11,587193.167,517562,Nitratos,Original,5900,1.7568321516075605,-1.8373677840893787,2.020866693541618,0.122,Sin_clasificar
12,587191.101,517561,Nitratos,Original,5400,0.5199135767813472,-1.8112021988526703,1.856737113420448,0.696,Sin_clasificar
13,587189.132,517559,Nitratos,Original,2800,-0.0985457106317595,-1.9539235728710795,1.8305715281837391,0.908,Sin_clasificar
14,587187.054,517557,Nitratos,Original,4500,-0.5742836240264569,-2.0014973642105494,1.7568321516075605,0.572,Sin_clasificar
15,587188.6,517555,Nitratos,Original,4900,-0.5267098326869872,-1.9800891581077877,1.7092583602680909,0.542,Sin_clasificar
16,587190.678,517557,Nitratos,Original,5300,-1.0975953287606242,-2.122810532126197,1.7092583602680909,0.276,Sin_clasificar
17,587192.647,517559,Nitratos,Original,5900,2.0898486909838487,-1.8112021988526703,2.068440484881088,0.05,Hotspot
18,587194.713,517560,Nitratos,Original,5200,1.8995535256259697,-1.9063497815316097,1.9257191108626788,0.092,Sin_clasificar
19,587196.236,517562,Nitratos,Original,5600,0.757782533478696,-1.8587759901921401,1.8781453195232087,0.458,Sin_clasificar
20,587198.569,517564,Nitratos,Original,5700,-1.3354642854579728,-2.122810532126197,1.661684568928621,0.13,Sin_clasificar
21,587200.494,517565,Nitratos,Original,4500,-0.47913604134751747,-2.0276629494472576,1.7568321516075605,0.688,Sin_clasificar
22,587202.56,517567,Nitratos,Original,4600,-0.0985457106317595,-1.8373677840893787,1.9257191108626788,0.848,Sin_clasificar
23,587204.529,517569,Nitratos,Original,5800,0.8529301161576354,-2.313105697484076,1.8519797342865,0.424,Sin_clasificar
24,587206.461,517570,Nitratos,Original,5600,1.5665369862496816,-2.0276629494472576,1.8995535256259697,0.152,Sin_clasificar
25,587208.571,517572,Nitratos,Original,5000,1.138372864194454,-2.053828534683966,1.7615895307415086,0.25,Sin_clasificar
26,587210.54,517574,Nitratos,Original,4600,0.3296184114234682,-1.9325153667683181,1.7615895307415086,0.848,Sin_clasificar
27,587212.65,517576,Nitratos,Original,4000,-2.0014973642105494,-2.122810532126197,1.8305715281837391,0.054,Sin_clasificar
28,587214.441,517577,Nitratos,Original,3600,-2.762678025642065,-1.9063497815316097,1.7354239455047997,0.008,Coldspot
29,587215.987,517575,Nitratos,Original,3600,-3.0005469823394137,-2.0014973642105494,1.7829977368442695,0.006,Coldspot
30,587214.196,517574,Nitratos,Original,2200,-1.7636284075132005,-1.863533369326087,1.7829977368442695,0.06,Sin_clasificar
31,587212.086,517572,Nitratos,Original,5800,-0.14611950197122925,-1.9800891581077877,1.6141107775891512,0.83,Sin_clasificar
32,587210.117,517570,Nitratos,Original,5200,1.3286680295523328,-2.0276629494472576,1.7354239455047997,0.214,Sin_clasificar
33,587208.007,517569,Nitratos,Original,5200,1.7092583602680909,-2.1442187382289584,1.661684568928621,0.064,Hotspot
34,587206.075,517567,Nitratos,Original,5800,1.471389403570742,-2.079994119920674,1.8305715281837391,0.17,Sin_clasificar
35,587204.105,517565,Nitratos,Original,5600,-0.003398127952820009,-2.096644946889489,1.7829977368442695,0.962,Sin_clasificar
36,587202.04,517564,Nitratos,Original,4500,-0.7170049980448662,-2.1442187382289584,1.882902698657157,0.468,Sin_clasificar
37,587200.115,517562,Nitratos,Original,3700,-0.2888408759896385,-1.8849415754288483,1.9043109047599178,0.772,Sin_clasificar
38,587197.782,517560,Nitratos,Original,4000,0.757782533478696,-2.049071155550019,1.8519797342865,0.442,Sin_clasificar
39,587196.259,517559,Nitratos,Original,5500,1.471389403570742,-2.1442187382289584,1.7092583602680909,0.184,Sin_clasificar
40,587194.193,517557,Nitratos,Original,6700,0.6150611594602867,-1.9063497815316097,1.8044059429470303,0.522,Sin_clasificar
41,587192.224,517555,Nitratos,Original,2900,0.47233978544187744,-2.0062547433444964,1.9471273169654395,0.688,Sin_clasificar
42,587190.146,517554,Nitratos,Original,5400,-1.0500215374211543,-2.3654368679574924,1.8519797342865,0.27,Sin_clasificar
43,587191.692,517552,Nitratos,Original,3400,-1.2878904941185032,-2.3345139035868376,1.8305715281837391,0.238,Sin_clasificar
44,587193.77,517553,Nitratos,Original,4800,-1.5257594508158518,-2.191792529568428,1.856737113420448,0.154,Sin_clasificar
45,587195.739,517555,Nitratos,Original,4400,0.2344708287445287,-2.0014973642105494,1.7354239455047997,0.842,Sin_clasificar
46,587197.805,517557,Nitratos,Original,5800,0.18689703740505897,-2.0752367407867274,1.661684568928621,0.82,Sin_clasificar
47,587199.328,517558,Nitratos,Original,4800,0.5199135767813472,-2.1442187382289584,1.8519797342865,0.65,Sin_clasificar
48,587201.661,517560,Nitratos,Original,5100,-1.0500215374211543,-2.122810532126197,1.7092583602680909,0.282,Sin_clasificar
49,587203.586,517562,Nitratos,Original,4300,-0.47913604134751747,-1.6209070334947913,1.8044059429470303,0.604,Sin_clasificar
50,587205.651,517563,Nitratos,Original,3600,-0.6218574153659266,-2.0062547433444964,1.7354239455047997,0.554,Sin_clasificar
51,587207.621,517565,Nitratos,Original,4800,0.757782533478696,-1.9063497815316097,1.8519797342865,0.52,Sin_clasificar
52,587209.552,517567,Nitratos,Original,5900,1.2810942382128632,-2.1703843234656666,1.8044059429470303,0.21,Sin_clasificar
53,587211.663,517569,Nitratos,Original,5700,2.1374224823233186,-2.0276629494472576,1.8519797342865,0.042,Hotspot
54,587213.632,517570,Nitratos,Original,6000,1.6141107775891512,-2.0752367407867274,1.7568321516075605,0.152,Sin_clasificar
55,587215.742,517572,Nitratos,Original,4800,-1.8587759901921401,-2.0014973642105494,1.7568321516075605,0.056,Sin_clasificar
56,587217.533,517574,Nitratos,Original,3600,-3.0005469823394137,-2.0014973642105494,1.7829977368442695,0.006,Coldspot
1,587212.895,517579,Nitratos,Residual_ajustado,491.6666666666782,0.8113886088372336,-1.8743595323314972,1.8954867437117606,0.432,Sin_clasificar
2,587211.104,517578,Nitratos,Residual_ajustado,391.66666666666526,0.8113886088372336,-1.8743595323314972,1.8954867437117606,0.432,Sin_clasificar
3,587208.994,517576,Nitratos,Residual_ajustado,786.6666666666653,0.3901405291693346,-2.0298324774273846,1.8577688387322657,0.796,Sin_clasificar
4,587207.025,517574,Nitratos,Residual_ajustado,399.9999999999998,1.3246631920633332,-2.118424188951384,1.931001197197609,0.22,Sin_clasificar
5,587204.915,517572,Nitratos,Residual_ajustado,-59.99999999999825,0.5132745832261078,-2.1048146356082666,1.892570410852525,0.628,Sin_clasificar
6,587202.983,517570,Nitratos,Residual_ajustado,-199.99999999999963,-0.8865651892087264,-1.9477863129874535,1.779546310707785,0.326,Sin_clasificar
7,587201.014,517569,Nitratos,Residual_ajustado,-1130,-1.2481904637543964,-1.8503159880919888,1.979606744851599,0.204,Sin_clasificar
8,587198.948,517567,Nitratos,Residual_ajustado,-525.0000000000041,-0.47827858891523867,-1.897430965617919,1.7667144461271365,0.652,Sin_clasificar
9,587197.023,517566,Nitratos,Residual_ajustado,409.99999999999955,0.23201048080169615,-1.864119963625721,1.7978868040225544,0.72,Sin_clasificar
10,587194.69,517564,Nitratos,Residual_ajustado,-216.66666666666615,1.0576567169507647,-1.941305573300252,1.8584169127009853,0.296,Sin_clasificar
11,587193.167,517562,Nitratos,Residual_ajustado,403.33333333333394,0.12183790611933086,-1.8858304415778377,2.0709203670442222,0.98,Sin_clasificar
12,587191.101,517561,Nitratos,Residual_ajustado,183.3333333333342,0.02592295874879686,-1.9453236319063163,1.9552391636277289,0.998,Sin_clasificar
13,587189.132,517559,Nitratos,Residual_ajustado,-339.9999999999983,0.36292142248310744,-2.002094911566176,1.8289295471242326,0.784,Sin_clasificar
14,587187.054,517557,Nitratos,Residual_ajustado,-320,1.0732104922000407,-1.8248466811212958,1.7904987607791532,0.286,Sin_clasificar
15,587188.6,517555,Nitratos,Residual_ajustado,419.9999999999998,1.1043180426985917,-1.869304555375479,1.806506187806527,0.306,Sin_clasificar
16,587190.678,517557,Nitratos,Residual_ajustado,819.9999999999995,0.5625282048488149,-1.9217337394449159,1.8277630139805385,0.552,Sin_clasificar
17,587192.647,517559,Nitratos,Residual_ajustado,123.33333333333414,1.1652369957582573,-2.04545106007353,2.0169358054498616,0.272,Sin_clasificar
18,587194.713,517560,Nitratos,Residual_ajustado,-336.66666666666595,0.12572634993164666,-1.952063601181004,2.0491450816952312,0.906,Sin_clasificar
19,587196.236,517562,Nitratos,Residual_ajustado,-236.6666666666662,-0.6208548620335989,-1.8346325980489682,1.7982108410069126,0.51,Sin_clasificar
20,587198.569,517564,Nitratos,Residual_ajustado,1000,0.7504696557775601,-1.7919893309072044,1.7661959869521533,0.422,Sin_clasificar
21,587200.494,517565,Nitratos,Residual_ajustado,-370.0000000000001,0.29941017354855853,-1.8310033838241395,1.7991181445631286,0.766,Sin_clasificar
22,587202.56,517567,Nitratos,Residual_ajustado,30.00000000000005,-0.3577368307333455,-1.9941236017509174,1.6036590355972211,0.782,Sin_clasificar
23,587204.529,517569,Nitratos,Residual_ajustado,220.00000000000037,0.17886841536667394,-1.7919245235103323,1.849214262345165,0.896,Sin_clasificar
24,587206.461,517570,Nitratos,Residual_ajustado,300.0000000000001,0.6532585604695905,-1.905143045845685,1.8874506264996345,0.514,Sin_clasificar
25,587208.571,517572,Nitratos,Residual_ajustado,759.9999999999994,0.8567537866476118,-1.9380652034566546,1.9487584239405304,0.408,Sin_clasificar
26,587210.54,517574,Nitratos,Residual_ajustado,-183.3333333333342,1.2572634993164682,-1.9659971915084817,2.0762345735877266,0.294,Sin_clasificar
27,587212.65,517576,Nitratos,Residual_ajustado,-893.3333333333339,-1.1600524040085003,-1.8356695163989216,2.0579588876698223,0.254,Sin_clasificar
28,587214.441,517577,Nitratos,Residual_ajustado,266.66666666666583,-1.5100123471171991,-2.026786529774398,1.8766277912220175,0.122,Sin_clasificar
29,587215.987,517575,Nitratos,Residual_ajustado,-733.3333333333342,-1.9338527226599778,-2.0012524154068387,1.8160328751467083,0.046,Sin_clasificar
30,587214.196,517574,Nitratos,Residual_ajustado,-1073.3333333333342,-1.1561639601961808,-1.8879042782777384,1.8376137383050788,0.224,Sin_clasificar
31,587212.086,517572,Nitratos,Residual_ajustado,1146.6666666666658,0.5923396074099198,-1.9299642788476559,1.870471088519174,0.562,Sin_clasificar
32,587210.117,517570,Nitratos,Residual_ajustado,-175.000000000004,0.7595426913396373,-2.0544592882387356,1.8405948785611894,0.37,Sin_clasificar
33,587208.007,517569,Nitratos,Residual_ajustado,-380.0000000000001,-0.07388043243406377,-1.8831733383060851,1.933723107866228,0.934,Sin_clasificar
34,587206.075,517567,Nitratos,Residual_ajustado,-120.00000000000003,-0.3421830554840693,-1.8328827983334253,1.8794793166843797,0.71,Sin_clasificar
35,587204.105,517565,Nitratos,Residual_ajustado,790.0000000000009,-0.077768876246379,-1.9054022754331759,2.0253607670432254,0.948,Sin_clasificar
36,587202.04,517564,Nitratos,Residual_ajustado,250,0.3071870611732001,-1.8604907494008922,1.8082559875220752,0.648,Sin_clasificar
37,587200.115,517562,Nitratos,Residual_ajustado,449.99999999999966,1.4776086486812139,-1.9436386395876446,1.7991829519599956,0.116,Sin_clasificar
38,587197.782,517560,Nitratos,Residual_ajustado,-216.66666666666654,-0.6286317496582369,-2.023870196915161,1.8385210418612874,0.54,Sin_clasificar
39,587196.259,517559,Nitratos,Residual_ajustado,208.3333333333301,0.3862520853570177,-1.924390842716667,2.0506356518232884,0.732,Sin_clasificar
40,587194.193,517557,Nitratos,Residual_ajustado,708.3333333333336,0.764727283089399,-2.103129643289595,1.7705380825425778,0.444,Sin_clasificar
41,587192.224,517555,Nitratos,Residual_ajustado,-299.99999999999943,1.6085195903626202,-1.8335956796990174,1.7210900387292551,0.096,Sin_clasificar
42,587190.146,517554,Nitratos,Residual_ajustado,800.0000000000003,0.48216703272755385,-1.9580258816932234,1.9488880387342757,0.624,Sin_clasificar
43,587191.692,517552,Nitratos,Residual_ajustado,-1120.0000000000005,-0.12443020199420729,-1.9275015977665202,1.8908206111369759,0.878,Sin_clasificar
44,587193.77,517553,Nitratos,Residual_ajustado,40.00000000000007,-0.26182188336281115,-1.8789608575094068,1.9612014441399563,0.746,Sin_clasificar
45,587195.739,517555,Nitratos,Residual_ajustado,243.3333333333334,0.6415932290326335,-1.7383288062972055,1.7393009172502807,0.516,Sin_clasificar
46,587197.805,517557,Nitratos,Residual_ajustado,133.3333333333337,-0.2553411436756147,-1.9691727539552055,1.9680062208115099,0.81,Sin_clasificar
47,587199.328,517558,Nitratos,Residual_ajustado,-696.6666666666658,-0.0012961479374409793,-1.9000232614928008,1.8680084074380394,0.996,Sin_clasificar
48,587201.661,517560,Nitratos,Residual_ajustado,570.0000000000002,-0.4808708847901137,-1.977273678564205,1.8758501024595544,0.668,Sin_clasificar
49,587203.586,517562,Nitratos,Residual_ajustado,-725,-0.1283186458065256,-1.9454532467000605,1.9659323841116125,0.996,Sin_clasificar
50,587205.651,517563,Nitratos,Residual_ajustado,-1050,-1.3104055647514965,-2.035989180130222,1.8798681610656174,0.22,Sin_clasificar
51,587207.621,517565,Nitratos,Residual_ajustado,-949.9999999999994,-0.8165732005869856,-2.0342393804146783,2.0391647425769532,0.426,Sin_clasificar
52,587209.552,517567,Nitratos,Residual_ajustado,280.0000000000001,-1.2443020199420778,-2.0136306282093868,1.98077327799529,0.256,Sin_clasificar
53,587211.663,517569,Nitratos,Residual_ajustado,-375,1.4957547198053651,-1.8188195932122047,1.6891399920713654,0.124,Sin_clasificar
54,587213.632,517570,Nitratos,Residual_ajustado,1046.666666666666,1.329847783813088,-1.7606225508211644,1.817329023084149,0.146,Sin_clasificar
55,587215.742,517572,Nitratos,Residual_ajustado,66.66666666666598,-1.3272554879382163,-2.041238579276846,2.022444434183982,0.2,Sin_clasificar
56,587217.533,517574,Nitratos,Residual_ajustado,-1013.3333333333342,-1.9338527226599778,-2.0012524154068387,1.8160328751467083,0.046,Sin_clasificar
1,587212.895,517579,Potasio_savia,Original,4100,-2.805190435077317,-2.0421513853416533,2.0591835069875404,0.006,Coldspot
2,587211.104,517578,Potasio_savia,Original,4100,-2.805190435077317,-2.0421513853416533,2.0591835069875404,0.006,Coldspot
3,587208.994,517576,Potasio_savia,Original,4200,-1.3744922168229472,-2.0421513853416533,1.8255027980059944,0.184,Sin_clasificar
4,587207.025,517574,Potasio_savia,Original,4400,-0.9929726919551153,-1.999230438794022,1.7301229167890364,0.338,Sin_clasificar
5,587204.915,517572,Potasio_savia,Original,4400,-0.9929726919551153,-1.713090795143148,1.9638036257705824,0.318,Sin_clasificar
6,587202.983,517570,Potasio_savia,Original,4100,-0.7068330483042412,-1.7560117416907792,1.9638036257705824,0.476,Sin_clasificar
7,587201.014,517569,Potasio_savia,Original,4400,-0.7068330483042412,-1.9467715041246951,2.0162625604399103,0.452,Sin_clasificar
8,587198.948,517567,Potasio_savia,Original,4400,0.8192450511670866,-1.8513916229077372,1.9638036257705824,0.43,Sin_clasificar
9,587197.023,517566,Potasio_savia,Original,4200,1.1053846948179606,-1.808470676360106,2.0162625604399103,0.256,Sin_clasificar
10,587194.69,517564,Potasio_savia,Original,4700,1.2007645760349186,-1.8513916229077372,2.1545633882044983,0.262,Sin_clasificar
11,587193.167,517562,Potasio_savia,Original,4500,1.5822841009027506,-1.8513916229077372,1.8255027980059944,0.096,Sin_clasificar
12,587191.101,517561,Potasio_savia,Original,4900,1.2007645760349186,-1.7560117416907792,2.0162625604399103,0.214,Sin_clasificar
13,587189.132,517559,Potasio_savia,Original,4300,1.5822841009027506,-1.9467715041246951,1.8684237445536245,0.092,Sin_clasificar
14,587187.054,517557,Potasio_savia,Original,4800,1.8684237445536245,-1.713090795143148,1.9638036257705824,0.048,Sin_clasificar
15,587188.6,517555,Potasio_savia,Original,4800,2.7268426755062465,-1.808470676360106,1.9638036257705824,0.01,Hotspot
16,587190.678,517557,Potasio_savia,Original,5700,1.8684237445536245,-2.0421513853416533,2.1545633882044983,0.092,Sin_clasificar
17,587192.647,517559,Potasio_savia,Original,4700,2.5360829130723306,-1.9467715041246951,2.0591835069875404,0.01,Hotspot
18,587194.713,517560,Potasio_savia,Original,5600,1.5822841009027506,-1.713090795143148,1.6776639821197086,0.12,Sin_clasificar
19,587196.236,517562,Potasio_savia,Original,5600,1.3915243384688345,-1.808470676360106,2.0162625604399103,0.186,Sin_clasificar
20,587198.569,517564,Potasio_savia,Original,5000,1.4869042196857924,-1.9467715041246951,2.111642441656868,0.14,Sin_clasificar
21,587200.494,517565,Potasio_savia,Original,5600,1.8684237445536245,-1.8513916229077372,1.9638036257705824,0.066,Sin_clasificar
22,587202.56,517567,Potasio_savia,Original,4700,0.6284852887331706,-1.9467715041246951,1.9208826792229525,0.584,Sin_clasificar
23,587204.529,517569,Potasio_savia,Original,4400,-0.7068330483042412,-1.8513916229077372,2.1545633882044983,0.524,Sin_clasificar
24,587206.461,517570,Potasio_savia,Original,4400,-0.5160732858703253,-1.7560117416907792,1.8684237445536245,0.632,Sin_clasificar
25,587208.571,517572,Potasio_savia,Original,4300,-0.9929726919551153,-1.808470676360106,1.8684237445536245,0.36,Sin_clasificar
26,587210.54,517574,Potasio_savia,Original,4400,-0.9929726919551153,-1.999230438794022,1.7730438633366665,0.338,Sin_clasificar
27,587212.65,517576,Potasio_savia,Original,4200,-2.9959501975112333,-1.8513916229077372,1.9208826792229525,0.006,Coldspot
28,587214.441,517577,Potasio_savia,Original,3200,-3.282089841162107,-1.9467715041246951,2.111642441656868,0.002,Coldspot
29,587215.987,517575,Potasio_savia,Original,4100,-2.900570316294275,-1.8513916229077372,2.0591835069875404,0.01,Coldspot
30,587214.196,517574,Potasio_savia,Original,3700,-1.1837324543890313,-1.7560117416907792,1.9208826792229525,0.274,Sin_clasificar
31,587212.086,517572,Potasio_savia,Original,4600,-0.9929726919551153,-1.9467715041246951,1.8684237445536245,0.486,Sin_clasificar
32,587210.117,517570,Potasio_savia,Original,4200,-0.1345537610024933,-1.6606318604738213,2.0162625604399103,0.956,Sin_clasificar
33,587208.007,517569,Potasio_savia,Original,4700,-0.7068330483042412,-1.8513916229077372,1.5822841009027506,0.52,Sin_clasificar
34,587206.075,517567,Potasio_savia,Original,4400,-1.0883525731720731,-1.8513916229077372,1.7730438633366665,0.286,Sin_clasificar
35,587204.105,517565,Potasio_savia,Original,4300,0.24696576386533864,-1.8513916229077372,1.9638036257705824,0.754,Sin_clasificar
36,587202.04,517564,Potasio_savia,Original,5000,1.9638036257705824,-1.999230438794022,2.0162625604399103,0.058,Sin_clasificar
37,587200.115,517562,Potasio_savia,Original,5100,2.1545633882044983,-1.903850557577064,1.8255027980059944,0.032,Hotspot
38,587197.782,517560,Potasio_savia,Original,4300,0.15158588264838066,-1.9467715041246951,2.111642441656868,0.882,Sin_clasificar
39,587196.259,517559,Potasio_savia,Original,4000,0.05620600143142267,-1.7560117416907792,2.0591835069875404,1,Sin_clasificar
40,587194.193,517557,Potasio_savia,Original,4500,-0.039173879785535326,-2.0421513853416533,1.9208826792229525,0.966,Sin_clasificar
41,587192.224,517555,Potasio_savia,Original,5200,2.6314627942892885,-1.808470676360106,1.8684237445536245,0.012,Hotspot
42,587190.146,517554,Potasio_savia,Original,5100,2.9176024379401624,-1.903850557577064,2.2499432694214563,0.004,Hotspot
43,587191.692,517552,Potasio_savia,Original,5000,2.2499432694214563,-1.7560117416907792,2.111642441656868,0.036,Hotspot
44,587193.77,517553,Potasio_savia,Original,5000,1.7730438633366665,-1.9467715041246951,2.0591835069875404,0.114,Sin_clasificar
45,587195.739,517555,Potasio_savia,Original,4300,0.6284852887331706,-1.8513916229077372,2.0591835069875404,0.546,Sin_clasificar
46,587197.805,517557,Potasio_savia,Original,4400,-1.0883525731720731,-1.8513916229077372,1.9638036257705824,0.304,Sin_clasificar
47,587199.328,517558,Potasio_savia,Original,4600,-1.0883525731720731,-1.903850557577064,2.111642441656868,0.33,Sin_clasificar
48,587201.661,517560,Potasio_savia,Original,4300,0.34234564508229665,-1.8513916229077372,1.8684237445536245,0.732,Sin_clasificar
49,587203.586,517562,Potasio_savia,Original,4800,0.24696576386533864,-1.9467715041246951,1.9638036257705824,0.716,Sin_clasificar
50,587205.651,517563,Potasio_savia,Original,4600,-0.2299336422194513,-2.232911147775569,1.8684237445536245,0.898,Sin_clasificar
51,587207.621,517565,Potasio_savia,Original,3800,-1.2791123356059892,-1.8513916229077372,1.8684237445536245,0.222,Sin_clasificar
52,587209.552,517567,Potasio_savia,Original,4300,-0.8975928107381572,-1.9467715041246951,1.8684237445536245,0.372,Sin_clasificar
53,587211.663,517569,Potasio_savia,Original,4800,-0.039173879785535326,-1.903850557577064,1.8255027980059944,1,Sin_clasificar
54,587213.632,517570,Potasio_savia,Original,4800,0.5331054075162126,-1.9467715041246951,1.9638036257705824,0.578,Sin_clasificar
55,587215.742,517572,Potasio_savia,Original,4900,-1.3744922168229472,-1.8513916229077372,1.9638036257705824,0.206,Sin_clasificar
56,587217.533,517574,Potasio_savia,Original,3800,-2.900570316294275,-1.8513916229077372,2.0591835069875404,0.01,Coldspot
1,587212.895,517579,Potasio_savia,Residual_ajustado,175.00000000001125,-1.3515392659580006,-1.9229125935100329,1.8269577957906835,0.162,Sin_clasificar
2,587211.104,517578,Potasio_savia,Residual_ajustado,-200.00000000000182,-1.3515392659580006,-1.9229125935100329,1.8269577957906835,0.162,Sin_clasificar
3,587208.994,517576,Potasio_savia,Residual_ajustado,-111.87499999999952,-0.14458327031179097,-1.8223778288429258,1.875631170019872,0.894,Sin_clasificar
4,587207.025,517574,Potasio_savia,Residual_ajustado,-66.87499999999966,0.9159933895529384,-1.7924733387722234,2.0947062556879485,0.3,Sin_clasificar
5,587204.915,517572,Potasio_savia,Residual_ajustado,153.12499999999974,0.09698753536442781,-1.8004209284756958,1.9795784590794314,0.87,Sin_clasificar
6,587202.983,517570,Potasio_savia,Residual_ajustado,-6.875000000000373,-0.5666586556940256,-1.9447347889670268,1.8598257938864062,0.622,Sin_clasificar
7,587201.014,517569,Potasio_savia,Residual_ajustado,-336.87500000000017,-0.7148340569452417,-1.9127648236061587,1.873430989819471,0.51,Sin_clasificar
8,587198.948,517567,Potasio_savia,Residual_ajustado,49.999999999996035,0.8396606070901883,-1.669936772101145,1.9141567743451877,0.418,Sin_clasificar
9,587197.023,517566,Potasio_savia,Residual_ajustado,-36.874999999999744,1.0480042015767401,-1.7512087346055991,2.067136650727877,0.342,Sin_clasificar
10,587194.69,517564,Potasio_savia,Residual_ajustado,-191.87499999999935,0.7651238900971642,-1.9582950832633501,1.775455618446696,0.486,Sin_clasificar
11,587193.167,517562,Potasio_savia,Residual_ajustado,-71.87499999999922,0.6070701287625402,-1.8690755310554255,1.9644017058603684,0.546,Sin_clasificar
12,587191.101,517561,Potasio_savia,Residual_ajustado,50.00000000000057,0.5199609534815246,-1.8402486802665545,1.874059612733879,0.572,Sin_clasificar
13,587189.132,517559,Potasio_savia,Residual_ajustado,-252.49999999999991,-0.22899834738823382,-1.871769629259989,1.9033803815269124,0.852,Sin_clasificar
14,587187.054,517557,Potasio_savia,Residual_ajustado,-632.5000000000005,-0.40591079615483233,-1.9645364107705974,2.2188143796450244,0.768,Sin_clasificar
15,587188.6,517555,Potasio_savia,Residual_ajustado,-12.500000000000053,0.5711488193683025,-1.9430285267708007,1.9965512777682086,0.568,Sin_clasificar
16,587190.678,517557,Potasio_savia,Residual_ajustado,647.5,1.2042618974416588,-1.8511148763583067,2.0041396543777372,0.202,Sin_clasificar
17,587192.647,517559,Potasio_savia,Residual_ajustado,28.12500000000046,1.4853461434515343,-1.8368361558740984,2.1782233000295417,0.132,Sin_clasificar
18,587194.713,517560,Potasio_savia,Residual_ajustado,608.1250000000006,0.7866766757336993,-1.8587481546045805,1.9699246071797334,0.498,Sin_clasificar
19,587196.236,517562,Potasio_savia,Residual_ajustado,408.12500000000085,0.2406727729413596,-1.800510731749183,1.8803009402411366,0.86,Sin_clasificar
20,587198.569,517564,Potasio_savia,Residual_ajustado,424.99999999999994,2.2477759353441185,-1.6964736394161353,2.129864237257552,0.022,Hotspot
21,587200.494,517565,Potasio_savia,Residual_ajustado,483.12500000000006,1.3883586080870958,-1.6235982829825852,2.027713013667705,0.166,Sin_clasificar
22,587202.56,517567,Potasio_savia,Residual_ajustado,-216.87500000000003,-0.5091845606632521,-1.849049401068137,1.9765700494176626,0.62,Sin_clasificar
23,587204.529,517569,Potasio_savia,Residual_ajustado,13.124999999999709,-0.8657035564010138,-2.0657446999888514,1.933374674871101,0.388,Sin_clasificar
24,587206.461,517570,Potasio_savia,Residual_ajustado,-25.00000000000009,1.5913140061645161,-1.8555152367590995,2.120659401725282,0.12,Sin_clasificar
25,587208.571,517572,Potasio_savia,Residual_ajustado,413.1249999999998,1.1081723948120783,-1.9534008048583869,1.9349013305203622,0.304,Sin_clasificar
26,587210.54,517574,Potasio_savia,Residual_ajustado,249.99999999999943,0.9878360083414021,-1.7855135850770916,1.7385464730441376,0.276,Sin_clasificar
27,587212.65,517576,Potasio_savia,Residual_ajustado,28.124999999999176,-1.2437753377753202,-1.870242973610737,1.9166712660027838,0.202,Sin_clasificar
28,587214.441,517577,Potasio_savia,Residual_ajustado,-831.8750000000005,-1.4233818847464663,-2.3127486037109457,1.901090398053035,0.152,Sin_clasificar
29,587215.987,517575,Potasio_savia,Residual_ajustado,-250.00000000000077,-1.3757861497991248,-1.912046397418277,1.9457226249753736,0.22,Sin_clasificar
30,587214.196,517574,Potasio_savia,Residual_ajustado,-111.8750000000006,0.4059107961548266,-1.9594625258186658,1.9044580208087427,0.682,Sin_clasificar
31,587212.086,517572,Potasio_savia,Residual_ajustado,108.1249999999994,0.7965550358171052,-1.9593278209084364,1.821614501018294,0.462,Sin_clasificar
32,587210.117,517570,Potasio_savia,Residual_ajustado,199.999999999996,2.441751006072975,-2.0770150108112913,1.8717247276232434,0.014,Hotspot
33,587208.007,517569,Potasio_savia,Residual_ajustado,553.1249999999999,0.1356029429632233,-1.8593767775189816,1.9142914792554149,0.846,Sin_clasificar
34,587206.075,517567,Potasio_savia,Residual_ajustado,-366.87499999999983,-0.750755366339468,-1.901359807873491,1.7248065722008423,0.438,Sin_clasificar
35,587204.105,517565,Potasio_savia,Residual_ajustado,-296.87500000000006,-1.253653697858728,-2.1269456308692796,1.7115156877249695,0.19,Sin_clasificar
36,587202.04,517564,Potasio_savia,Residual_ajustado,225.00000000000009,1.6227451518844722,-1.902212938971604,1.945992034795828,0.1,Sin_clasificar
37,587200.115,517562,Potasio_savia,Residual_ajustado,643.1250000000001,2.2693287209806634,-1.7294314407853442,2.018777587955892,0.022,Hotspot
38,587197.782,517560,Potasio_savia,Residual_ajustado,-231.87499999999923,-1.0210632195310712,-1.734235915916821,2.0289253578597606,0.246,Sin_clasificar
39,587196.259,517559,Potasio_savia,Residual_ajustado,-425.00000000000335,-0.8603153599918782,-1.842852975197633,1.9497637722822185,0.372,Sin_clasificar
40,587194.193,517557,Potasio_savia,Residual_ajustado,-299.99999999999886,-0.4041147306851218,-1.9375505270881843,1.9554213785118126,0.67,Sin_clasificar
41,587192.224,517555,Potasio_savia,Residual_ajustado,427.5000000000001,1.1925874718885336,-1.7439795710900063,2.0248842105529112,0.202,Sin_clasificar
42,587190.146,517554,Potasio_savia,Residual_ajustado,-32.5,1.1458897696760293,-1.8607238266212671,2.024659702369192,0.234,Sin_clasificar
43,587191.692,517552,Potasio_savia,Residual_ajustado,-232.49999999999997,0.3412524392452125,-1.7543967508143394,2.067226454001358,0.796,Sin_clasificar
44,587193.77,517553,Potasio_savia,Residual_ajustado,87.49999999999994,0.34215047198006926,-1.783537913060413,2.043608193074655,0.802,Sin_clasificar
45,587195.739,517555,Potasio_savia,Residual_ajustado,-11.874999999999407,-0.06735245511418317,-1.9633689682152866,1.98779545860336,0.906,Sin_clasificar
46,587197.805,517557,Potasio_savia,Residual_ajustado,-249.9999999999993,-1.624541217354184,-1.7129525401007393,2.0529028318804112,0.094,Sin_clasificar
47,587199.328,517558,Potasio_savia,Residual_ajustado,-211.87499999999963,-1.8903589068715085,-1.6620340840344157,1.9862239013173655,0.046,Coldspot
48,587201.661,517560,Potasio_savia,Residual_ajustado,-196.87499999999991,0.11135605912212464,-1.8754964651096415,2.092101960756867,0.856,Sin_clasificar
49,587203.586,517562,Potasio_savia,Residual_ajustado,75.00000000000054,-0.5900075068002744,-2.00113124471597,1.987436245509417,0.596,Sin_clasificar
50,587205.651,517563,Potasio_savia,Residual_ajustado,-216.87499999999991,-0.9177894550226495,-1.93207252740556,1.818875501176986,0.374,Sin_clasificar
51,587207.621,517565,Potasio_savia,Residual_ajustado,-424.99999999999983,-2.2594503608972487,-1.9641771976766558,1.8719492358069665,0.022,Coldspot
52,587209.552,517567,Potasio_savia,Residual_ajustado,-266.875,0.698669467717825,-1.979713163989663,1.8471186306882,0.408,Sin_clasificar
53,587211.663,517569,Potasio_savia,Residual_ajustado,425.0000000000006,0.8252920833324942,-1.9820031474635416,1.9205328067626626,0.48,Sin_clasificar
54,587213.632,517570,Potasio_savia,Residual_ajustado,108.12499999999937,1.938852674553713,-1.9979881301439746,1.9989310645155758,0.06,Sin_clasificar
55,587215.742,517572,Potasio_savia,Residual_ajustado,508.1249999999992,-0.025144916575968096,-1.82911307435434,1.942848920223829,0.97,Sin_clasificar
56,587217.533,517574,Potasio_savia,Residual_ajustado,-271.8750000000007,-1.3757861497991248,-1.912046397418277,1.9457226249753736,0.22,Sin_clasificar
1,587212.895,517579,Suelo_CE,Original,324.6402235809403,3.872763774030701,-2.0140516572267324,1.910376389543943,0.002,Hotspot
2,587211.104,517578,Suelo_CE,Original,337.15086656957567,3.872763774030701,-2.0140516572267324,1.910376389543943,0.002,Hotspot
3,587208.994,517576,Suelo_CE,Original,298.9352269157599,3.100674240854279,-1.9326725408865943,1.9312746596697887,0.004,Hotspot
4,587207.025,517574,Suelo_CE,Original,271.87702244030226,2.091980817614005,-1.8909768414097594,1.954362723206368,0.032,Hotspot
5,587204.915,517572,Suelo_CE,Original,305.8781793251412,0.10548618986893829,-1.79842832938548,1.860126391930133,0.892,Sin_clasificar
6,587202.983,517570,Suelo_CE,Original,148.85795091202448,-0.7645856170956509,-1.9895992090256862,1.9624970864647087,0.424,Sin_clasificar
7,587201.014,517569,Suelo_CE,Original,200.9358476625796,-1.7262370034267502,-1.8786246355996779,1.7476296224508867,0.1,Sin_clasificar
8,587198.948,517567,Suelo_CE,Original,185.1994995630996,-2.4821833804712647,-1.87951339889384,1.9566895491941518,0.014,Coldspot
9,587197.023,517566,Suelo_CE,Original,134.24655651633088,-2.8319148514721486,-1.9315673950017853,2.0347521795991437,0.004,Coldspot
10,587194.69,517564,Suelo_CE,Original,157.04766448983474,-3.5286490498821688,-1.7028165127293762,2.002276678620696,0.002,Coldspot
11,587193.167,517562,Suelo_CE,Original,131.81644067334886,-2.8185779101335675,-1.6042994907163042,2.047991697915056,0.004,Coldspot
12,587191.101,517561,Suelo_CE,Original,159.69332848488125,-2.910408760546168,-1.9529567809259822,1.8628365591346312,0.004,Coldspot
13,587189.132,517559,Suelo_CE,Original,145.5237110627009,-2.285793519359829,-1.8596727080052458,1.7750425545842858,0.022,Coldspot
14,587187.054,517557,Suelo_CE,Original,213.67980437274474,-1.3659169967136446,-1.8484265972248477,1.8651256615963028,0.168,Sin_clasificar
15,587188.6,517555,Suelo_CE,Original,221.56053182485203,-0.5533508835894944,-1.89128204645329,1.9605993625334242,0.594,Sin_clasificar
16,587190.678,517557,Suelo_CE,Original,178.32928128728045,-1.5233416415764163,-1.834941760949019,1.960036630761033,0.166,Sin_clasificar
17,587192.647,517559,Suelo_CE,Original,175.6150853678236,-1.990274612245097,-1.9242777788458534,1.8452458972253707,0.044,Coldspot
18,587194.713,517560,Suelo_CE,Original,181.8089981297853,-2.0847498110103255,-1.9256722503867505,2.0627872567212515,0.058,Coldspot
19,587196.236,517562,Suelo_CE,Original,166.27803468695151,-1.5574811548311753,-1.921521949731431,1.8821525686867222,0.11,Sin_clasificar
20,587198.569,517564,Suelo_CE,Original,127.48522014555596,-3.071517955840768,-2.039801028439324,1.9470836327545311,0.002,Coldspot
21,587200.494,517565,Suelo_CE,Original,200.32890913760988,-1.2456527627417573,-1.8244175756335923,1.9588678926667553,0.242,Sin_clasificar
22,587202.56,517567,Suelo_CE,Original,228.71581992531452,-0.3156243585817323,-1.843398884255095,1.8599515205342922,0.786,Sin_clasificar
23,587204.529,517569,Suelo_CE,Original,179.35144908473524,-1.0166897361857234,-1.9017503398075015,1.9912024010739615,0.332,Sin_clasificar
24,587206.461,517570,Suelo_CE,Original,266.9609037597214,0.725490194725233,-1.830810005858647,1.9076398387210776,0.494,Sin_clasificar
25,587208.571,517572,Suelo_CE,Original,256.1258580393511,0.9385148308062421,-1.8539386365953017,2.0128196748446894,0.36,Sin_clasificar
26,587210.54,517574,Suelo_CE,Original,289.3965930392144,2.3982932742670386,-1.8323576227580771,1.839752355314245,0.016,Hotspot
27,587212.65,517576,Suelo_CE,Original,351.43520700006127,3.502986694316334,-2.106611072377717,1.9312871062457089,0.002,Hotspot
28,587214.441,517577,Suelo_CE,Original,333.52374826493326,3.733490133887451,-1.8128087857220008,1.7370521272254642,0.002,Hotspot
29,587215.987,517575,Suelo_CE,Original,330.833363690577,2.909970710102869,-1.833092014808346,1.8947723441119675,0.002,Hotspot
30,587214.196,517574,Suelo_CE,Original,287.7751290165133,2.6945486349252397,-1.8406038375956564,1.9360752325996233,0.004,Hotspot
31,587212.086,517572,Suelo_CE,Original,264.7594785419162,0.9242393178425358,-1.8750918160372971,1.9236311050813764,0.392,Sin_clasificar
32,587210.117,517570,Suelo_CE,Original,193.102799608652,-0.002929128020008228,-1.8936059494655408,2.0081919428484403,0.986,Sin_clasificar
33,587208.007,517569,Suelo_CE,Original,242.41409310091885,-0.17814234961761052,-1.7460660666430767,1.9418661605130718,0.884,Sin_clasificar
34,587206.075,517567,Suelo_CE,Original,208.2163027681082,0.12293341197502339,-1.9078420826466482,1.9400635300080697,0.938,Sin_clasificar
35,587204.105,517565,Suelo_CE,Original,310.7478583740179,1.0519971974731144,-1.91996695164099,1.7096834848842506,0.274,Sin_clasificar
36,587202.04,517564,Suelo_CE,Original,261.6401581224542,0.06198991831153348,-1.8215187770851307,1.7837333732310952,0.966,Sin_clasificar
37,587200.115,517562,Suelo_CE,Original,126.97960998163278,-2.0326319166808315,-1.9660713216352335,1.8859075263795533,0.034,Coldspot
38,587197.782,517560,Suelo_CE,Original,216.55137943988112,-0.3406700962709494,-1.8122846905458263,1.9857532632682524,0.77,Sin_clasificar
39,587196.259,517559,Suelo_CE,Original,242.55184562597793,-0.37728955254903646,-1.7636298006194644,2.0644319463105036,0.686,Sin_clasificar
40,587194.193,517557,Suelo_CE,Original,214.47950679586268,-0.2909005914202619,-1.912296509386739,2.0104746696774147,0.802,Sin_clasificar
41,587192.224,517555,Suelo_CE,Original,247.49351752792455,-0.33488736428828736,-1.7254618390836627,2.0286832374818813,0.676,Sin_clasificar
42,587190.146,517554,Suelo_CE,Original,229.1841886509458,-0.33595401732285696,-1.9379585506967036,1.9208229560855217,0.732,Sin_clasificar
43,587191.692,517552,Suelo_CE,Original,240.96117387771207,0.22063349495622078,-2.0016150853015864,1.9885294731748573,0.852,Sin_clasificar
44,587193.77,517553,Suelo_CE,Original,248.17605435765364,0.39181704010037904,-1.9997383023957318,2.039388295946866,0.738,Sin_clasificar
45,587195.739,517555,Suelo_CE,Original,243.04254133330625,0.40204777538103054,-1.735070899113873,1.8892348558147434,0.746,Sin_clasificar
46,587197.805,517557,Suelo_CE,Original,256.94972184499886,0.27104271317519407,-1.935675953905624,2.198451096320536,0.83,Sin_clasificar
47,587199.328,517558,Suelo_CE,Original,234.60588568763936,-0.16616524582110093,-2.027518339105516,1.9580233402387694,0.87,Sin_clasificar
48,587201.661,517560,Suelo_CE,Original,188.17683841530146,-1.0008968818236488,-1.7754762863392548,1.9799112433218786,0.314,Sin_clasificar
49,587203.586,517562,Suelo_CE,Original,267.7705754186346,1.2035242204967451,-1.901074523824452,2.018895916493498,0.284,Sin_clasificar
50,587205.651,517563,Suelo_CE,Original,282.38406347892305,1.5717450641427095,-1.8617585617074834,1.9310684967420726,0.144,Sin_clasificar
51,587207.621,517565,Suelo_CE,Original,234.38527309722323,0.8182582667318484,-2.1921932063745335,1.925379278326668,0.454,Sin_clasificar
52,587209.552,517567,Suelo_CE,Original,226.6385519772481,-0.4799471534234673,-1.9208831689981167,1.8986211614225117,0.694,Sin_clasificar
53,587211.663,517569,Suelo_CE,Original,202.91811991894707,-0.2520597426804961,-1.981356646411946,1.97419812939581,0.802,Sin_clasificar
54,587213.632,517570,Suelo_CE,Original,240.6377270123093,0.03790539692729642,-1.9951647297279582,1.8891460436305125,0.89,Sin_clasificar
55,587215.742,517572,Suelo_CE,Original,263.02659313464585,2.1697904953002394,-1.912657869144068,1.8475798659079226,0.03,Hotspot
56,587217.533,517574,Suelo_CE,Original,309.70448809759563,2.909970710102869,-1.833092014808346,1.8947723441119675,0.002,Hotspot
1,587212.895,517579,Suelo_CE,Residual_ajustado,36.12587264028343,1.9406030484649552,-2.0585317720470435,1.8803762884909951,0.042,Hotspot
2,587211.104,517578,Suelo_CE,Residual_ajustado,29.430340547831165,1.9406030484649552,-2.0585317720470435,1.8803762884909951,0.042,Hotspot
3,587208.994,517576,Suelo_CE,Residual_ajustado,25.432895647892593,1.1463236118407383,-2.002922733806425,1.729876323395041,0.282,Sin_clasificar
4,587207.025,517574,Suelo_CE,Residual_ajustado,18.98826723663825,1.1294380360219902,-2.011787331922866,2.048922705869644,0.308,Sin_clasificar
5,587204.915,517572,Suelo_CE,Residual_ajustado,15.322853675468108,-1.0338866821501225,-1.9342534025071596,1.8961322846925324,0.288,Sin_clasificar
6,587202.983,517570,Suelo_CE,Residual_ajustado,-78.00813907798843,-1.3329114173996892,-2.0033902287868983,1.9252978520344877,0.156,Sin_clasificar
7,587201.014,517569,Suelo_CE,Residual_ajustado,-11.170910288843041,-1.9759284638472563,-1.82060403180124,1.921403956775034,0.028,Coldspot
8,587198.948,517567,Suelo_CE,Residual_ajustado,-41.91927806111296,-2.419090170132493,-2.1172046726982865,1.692111527635852,0.014,Coldspot
9,587197.023,517566,Suelo_CE,Residual_ajustado,-72.77142250113339,-2.6805404108229154,-1.8592330472408967,1.7761554001492268,0.01,Coldspot
10,587194.69,517564,Suelo_CE,Residual_ajustado,-34.445517397384634,-2.53397938103282,-1.9156260419344964,1.8028653260534304,0.01,Coldspot
11,587193.167,517562,Suelo_CE,Residual_ajustado,-37.70731319734352,-1.8669988828879238,-1.756832293520685,1.8348218634800117,0.038,Coldspot
12,587191.101,517561,Suelo_CE,Residual_ajustado,-42.94785118353757,-2.11023757347867,-1.672506598945351,1.8579876681886913,0.014,Coldspot
13,587189.132,517559,Suelo_CE,Residual_ajustado,-56.09891095382487,-1.813071625148054,-1.9709806521666144,1.9136044925426847,0.056,Sin_clasificar
14,587187.054,517557,Suelo_CE,Residual_ajustado,19.57178595431475,-0.5634910550049291,-2.0503311774349275,1.9546317482553852,0.546,Sin_clasificar
15,587188.6,517555,Suelo_CE,Residual_ajustado,14.546190579563376,0.5669290578441991,-2.032080187836287,1.8843752697167861,0.666,Sin_clasificar
16,587190.678,517557,Suelo_CE,Residual_ajustado,-28.38211966320374,-0.8868350175437087,-1.9908779641193952,1.8990016564922736,0.332,Sin_clasificar
17,587192.647,517559,Suelo_CE,Residual_ajustado,-53.544666965404936,-1.2512890742234353,-1.8891020329857158,1.7742160244383416,0.166,Sin_clasificar
18,587194.713,517560,Suelo_CE,Residual_ajustado,2.4429181911009907,-0.23398305423589963,-1.9993318135568203,1.993308941583365,0.762,Sin_clasificar
19,587196.236,517562,Suelo_CE,Residual_ajustado,9.660603643117716,0.977945770004101,-2.1433100172021513,1.8637209424174683,0.334,Sin_clasificar
20,587198.569,517564,Suelo_CE,Residual_ajustado,-90.3141674157372,-3.207733348033156,-1.9493664059533493,1.8092347811021074,0.002,Coldspot
21,587200.494,517565,Suelo_CE,Residual_ajustado,0.8255337182414157,-1.2225303081958383,-1.8565293521424033,1.8086094809673154,0.174,Sin_clasificar
22,587202.56,517567,Suelo_CE,Residual_ajustado,6.46379561109554,-0.1847241116564222,-1.8243924919729353,1.8494534425340428,0.752,Sin_clasificar
23,587204.529,517569,Suelo_CE,Residual_ajustado,-51.264937807597256,-1.4567526770896007,-1.9116149991174745,1.9262421071291203,0.152,Sin_clasificar
24,587206.461,517570,Suelo_CE,Residual_ajustado,2.924150774857984,0.10194296852323102,-2.0069788041746026,2.0150946173329247,0.986,Sin_clasificar
25,587208.571,517572,Suelo_CE,Residual_ajustado,30.598250080977017,0.11443000528623772,-1.9207659624695812,1.7562206128228115,0.932,Sin_clasificar
26,587210.54,517574,Suelo_CE,Residual_ajustado,10.201632161476681,0.7339669156373614,-1.9328624911871986,1.8950573389783902,0.376,Sin_clasificar
27,587212.65,517576,Suelo_CE,Residual_ajustado,17.993936974853476,1.581187885035051,-2.0094936212804595,1.9960264102992384,0.146,Sin_clasificar
28,587214.441,517577,Suelo_CE,Residual_ajustado,63.77171389938574,1.8103981456114662,-2.1698089399099567,1.8187291354644475,0.068,Sin_clasificar
29,587215.987,517575,Suelo_CE,Residual_ajustado,23.910666330178927,1.2378523365121863,-2.137155875790807,1.8789214887573844,0.244,Sin_clasificar
30,587214.196,517574,Suelo_CE,Residual_ajustado,19.36157668260453,0.10817600048768031,-2.0610436194558384,1.7231964653487348,0.872,Sin_clasificar
31,587212.086,517572,Suelo_CE,Residual_ajustado,-18.888119088747317,-0.6977187204843607,-1.8433602340899542,1.784786270979012,0.46,Sin_clasificar
32,587210.117,517570,Suelo_CE,Residual_ajustado,-52.52560695647043,-1.024892940617869,-2.0006979318033293,1.7469607349801124,0.294,Sin_clasificar
33,587208.007,517569,Suelo_CE,Residual_ajustado,11.49476591378184,-0.6967611304652481,-1.9831205769995757,1.9210378618624406,0.548,Sin_clasificar
34,587206.075,517567,Suelo_CE,Residual_ajustado,-9.796701592170182,-0.14365633246688433,-1.8270226433201753,1.9031542782645086,0.868,Sin_clasificar
35,587204.105,517565,Suelo_CE,Residual_ajustado,38.70216166525465,1.1175681427377167,-1.819816566520593,1.7526098450910923,0.268,Sin_clasificar
36,587202.04,517564,Suelo_CE,Residual_ajustado,16.113034078500657,-0.048196386852006515,-2.170986234482209,1.8930067725832243,0.93,Sin_clasificar
37,587200.115,517562,Suelo_CE,Residual_ajustado,-81.3768510674702,-2.0105925868732766,-2.132589342425363,1.8597948634107704,0.046,Sin_clasificar
38,587197.782,517560,Suelo_CE,Residual_ajustado,51.08086276631284,2.993465717920607,-1.9296320667619669,1.7157301144907957,0.004,Hotspot
39,587196.259,517559,Suelo_CE,Residual_ajustado,58.31901237730006,2.30191945965422,-2.1267400114278114,1.8072615353557187,0.014,Hotspot
40,587194.193,517557,Suelo_CE,Residual_ajustado,11.040498466097196,1.564321827597811,-2.2363787367769117,1.8144949979126521,0.114,Sin_clasificar
41,587192.224,517555,Suelo_CE,Residual_ajustado,44.53241347976002,0.10016635392091144,-2.050176986918477,1.8984644730650755,0.966,Sin_clasificar
42,587190.146,517554,Suelo_CE,Residual_ajustado,0.2004193891301771,0.6178463897231357,-2.004166937996659,1.9867527178185664,0.614,Sin_clasificar
43,587191.692,517552,Suelo_CE,Residual_ajustado,24.104506564431524,0.7291438932119284,-2.1956444725431288,1.9223826697929782,0.566,Sin_clasificar
44,587193.77,517553,Suelo_CE,Residual_ajustado,-18.474285350171172,1.4521664499764737,-2.205158035943196,1.803181961317688,0.168,Sin_clasificar
45,587195.739,517555,Suelo_CE,Residual_ajustado,78.91050669137672,2.224700093948836,-2.043675997723094,1.8300165780598798,0.032,Hotspot
46,587197.805,517557,Suelo_CE,Residual_ajustado,82.03627865924037,3.7713694537525724,-1.98004848106129,1.7608543718494518,0.002,Hotspot
47,587199.328,517558,Suelo_CE,Residual_ajustado,65.38507211175143,2.6127308620411887,-1.8974416805969674,1.7612688008979138,0.006,Hotspot
48,587201.661,517560,Suelo_CE,Residual_ajustado,-24.232859830925655,0.3628557746751973,-1.9944642628541227,1.9416482331629163,0.604,Sin_clasificar
49,587203.586,517562,Suelo_CE,Residual_ajustado,21.44562271333448,1.123697795325608,-1.9626890451897463,1.9628980226246253,0.26,Sin_clasificar
50,587205.651,517563,Suelo_CE,Residual_ajustado,48.00493721616901,1.374302406262891,-1.9166928781589478,2.0196034739826403,0.202,Sin_clasificar
51,587207.621,517565,Suelo_CE,Residual_ajustado,-1.923743404979791,0.6836974907462874,-1.9396532673055187,1.757036672820452,0.528,Sin_clasificar
52,587209.552,517567,Suelo_CE,Residual_ajustado,-14.123101277880755,-1.3366948944487995,-1.9832742012256708,1.897574082124323,0.16,Sin_clasificar
53,587211.663,517569,Suelo_CE,Residual_ajustado,-61.916461727262934,-1.8839845074339054,-1.8673441009399123,1.8511373518340193,0.052,Coldspot
54,587213.632,517570,Suelo_CE,Residual_ajustado,-20.261221723503702,-2.093204455206931,-2.0446698533871137,1.8859568785837602,0.044,Coldspot
55,587215.742,517572,Suelo_CE,Residual_ajustado,-32.74810644455278,0.29388661704514496,-2.2863305312649542,1.83768702281391,0.752,Sin_clasificar
56,587217.533,517574,Suelo_CE,Residual_ajustado,35.89921653492395,1.2378523365121863,-2.137155875790807,1.8789214887573844,0.244,Sin_clasificar
1,587212.895,517579,Suelo_CE_corregida_OLS,Original,568.7059999973585,3.8727637740307626,-1.9408663910587092,1.9726077556748176,0.002,Hotspot
2,587211.104,517578,Suelo_CE_corregida_OLS,Original,580.3446511696878,3.8727637740307626,-1.9408663910587092,1.9726077556748176,0.002,Hotspot
3,587208.994,517576,Suelo_CE_corregida_OLS,Original,544.7926415997391,3.1006742408543033,-1.8716491754488653,1.8012559523952767,0.002,Hotspot
4,587207.025,517574,Suelo_CE_corregida_OLS,Original,519.6203939762178,2.0919808176139854,-1.8777422112148456,1.7059451100605785,0.022,Hotspot
5,587204.915,517572,Suelo_CE_corregida_OLS,Original,551.2516702261818,0.10548618986894207,-1.7242215955736362,1.8016670329914584,0.922,Sin_clasificar
6,587202.983,517570,Suelo_CE_corregida_OLS,Original,405.1757517334531,-0.7645856170956602,-1.8069652305864783,2.047473498190979,0.462,Sin_clasificar
7,587201.014,517569,Suelo_CE_corregida_OLS,Original,453.62381908049406,-1.726237003426761,-1.8713649002688235,1.9573213844381647,0.078,Sin_clasificar
8,587198.948,517567,Suelo_CE_corregida_OLS,Original,438.98429444354707,-2.482183380471313,-2.1524649292696165,2.040918099961192,0.022,Coldspot
9,587197.023,517566,Suelo_CE_corregida_OLS,Original,391.58277152713356,-2.8319148514722126,-1.92227230366284,1.9361417021502723,0.006,Coldspot
10,587194.69,517564,Suelo_CE_corregida_OLS,Original,412.7946422748846,-3.528649049882205,-1.92783359471795,1.9249690800765784,0.002,Coldspot
11,587193.167,517562,Suelo_CE_corregida_OLS,Original,389.32203475841084,-2.8185779101336146,-1.9690471823870883,1.9455993441488744,0.002,Coldspot
12,587191.101,517561,Suelo_CE_corregida_OLS,Original,415.25590348947674,-2.910408760546188,-1.9778463809705553,2.017728416546672,0.002,Coldspot
13,587189.132,517559,Suelo_CE_corregida_OLS,Original,402.07390840162464,-2.2857935193598653,-1.8308580567896078,2.0643367514695408,0.028,Coldspot
14,587187.054,517557,Suelo_CE_corregida_OLS,Original,465.479522007962,-1.365916996713661,-1.901403742667319,2.0728084087400265,0.22,Sin_clasificar
15,587188.6,517555,Suelo_CE_corregida_OLS,Original,472.8109627566596,-0.5533508835895167,-1.8521385183099124,2.003546679546479,0.672,Sin_clasificar
16,587190.678,517557,Suelo_CE_corregida_OLS,Original,432.5929303815548,-1.5233416415764196,-1.9004291530606294,1.9894111571232633,0.122,Sin_clasificar
17,587192.647,517559,Suelo_CE_corregida_OLS,Original,430.0679139176843,-1.9902746122451092,-1.926032373776517,2.0392916965926036,0.042,Coldspot
18,587194.713,517560,Suelo_CE_corregida_OLS,Original,435.8301109601372,-2.0847498110103064,-1.6995642828594897,1.8742610945556861,0.018,Coldspot
19,587196.236,517562,Suelo_CE_corregida_OLS,Original,421.3816556692683,-1.5574811548312064,-1.8256947290592855,2.011159552229128,0.118,Sin_clasificar
20,587198.569,517564,Suelo_CE_corregida_OLS,Original,385.2927003014059,-3.0715179558407746,-2.0648187210559295,1.9422391528517453,0.002,Coldspot
21,587200.494,517565,Suelo_CE_corregida_OLS,Original,453.059184170717,-1.245652762741762,-1.816233614970433,1.8523826271098645,0.202,Sin_clasificar
22,587202.56,517567,Suelo_CE_corregida_OLS,Original,479.46752727652085,-0.31562435858176807,-1.7689511058700378,2.0476415406919526,0.796,Sin_clasificar
23,587204.529,517569,Suelo_CE_corregida_OLS,Original,433.543853083527,-1.0166897361857066,-1.7494612332512602,1.94784095479119,0.282,Sin_clasificar
24,587206.461,517570,Suelo_CE_corregida_OLS,Original,515.0469287676699,0.7254901947251885,-1.8267571128438984,1.902395026007521,0.482,Sin_clasificar
25,587208.571,517572,Suelo_CE_corregida_OLS,Original,504.9670857340086,0.9385148308062168,-1.9905152502535328,1.8247682717980358,0.368,Sin_clasificar
26,587210.54,517574,Suelo_CE_corregida_OLS,Original,535.9188505043825,2.3982932742669787,-1.9321586294337616,1.995707905390788,0.024,Hotspot
27,587212.65,517576,Suelo_CE_corregida_OLS,Original,593.6333730721611,3.502986694316303,-2.0054290714057275,1.8445581873690688,0.002,Hotspot
28,587214.441,517577,Suelo_CE_corregida_OLS,Original,576.9703430108742,3.733490133887409,-1.793246649155027,2.04509714774091,0.002,Hotspot
29,587215.987,517575,Suelo_CE_corregida_OLS,Original,574.4674782413472,2.9099707101028516,-1.706873560648983,1.935426633344372,0.004,Hotspot
30,587214.196,517574,Suelo_CE_corregida_OLS,Original,534.410402524065,2.6945486349251557,-1.6415171383764946,2.0524442104933778,0.008,Hotspot
31,587212.086,517572,Suelo_CE_corregida_OLS,Original,512.9989428875452,0.9242393178424846,-1.8617199346795592,1.9554573771688661,0.36,Sin_clasificar
32,587210.117,517570,Suelo_CE_corregida_OLS,Original,446.33673447592827,-0.0029291280200389558,-1.9402803902283328,1.9287579935725057,0.998,Sin_clasificar
33,587208.007,517569,Suelo_CE_corregida_OLS,Original,492.2110308117851,-0.17814234961762318,-2.0720336774185535,1.7835488308939005,0.882,Sin_clasificar
34,587206.075,517567,Suelo_CE_corregida_OLS,Original,460.3968264651701,0.12293341197500174,-1.8294239157274392,1.8124114727647935,0.914,Sin_clasificar
35,587204.105,517565,Suelo_CE_corregida_OLS,Original,555.7819326453505,1.0519971974731035,-1.7070426055836871,1.87841512666577,0.244,Sin_clasificar
36,587202.04,517564,Suelo_CE_corregida_OLS,Original,510.09703910132,0.06198991831152854,-1.8714168377992257,1.7807711174391923,0.926,Sin_clasificar
37,587200.115,517562,Suelo_CE_corregida_OLS,Original,384.8223311659092,-2.0326319166807933,-1.7720337298583106,1.9473023629733128,0.048,Coldspot
38,587197.782,517560,Suelo_CE_corregida_OLS,Original,468.1509482929206,-0.3406700962709198,-2.0387229493527608,2.0190794009235615,0.666,Sin_clasificar
39,587196.259,517559,Suelo_CE_corregida_OLS,Original,492.339181985847,-0.37728955254902596,-1.786752866478165,1.9051882440515686,0.708,Sin_clasificar
40,587194.193,517557,Suelo_CE_corregida_OLS,Original,466.2234851721901,-0.29090059142025265,-1.8759311151578695,1.9920679759012314,0.804,Sin_clasificar
41,587192.224,517555,Suelo_CE_corregida_OLS,Original,496.936419356228,-0.3348873642882735,-2.001109233025149,1.9382249821190536,0.83,Sin_clasificar
42,587190.146,517554,Suelo_CE_corregida_OLS,Original,479.9032507019746,-0.33595401732285063,-1.8353796653414405,2.0256403640208536,0.788,Sin_clasificar
43,587191.692,517552,Suelo_CE_corregida_OLS,Original,490.85938005843815,0.22063349495624282,-1.9637508669495967,1.8733494970086235,0.79,Sin_clasificar
44,587193.77,517553,Suelo_CE_corregida_OLS,Original,497.5713833689292,0.3918170401004247,-2.04991092007177,1.9346622670349696,0.628,Sin_clasificar
45,587195.739,517555,Suelo_CE_corregida_OLS,Original,492.79567620237873,0.4020477753810821,-2.0234240242149357,2.0430274108445667,0.668,Sin_clasificar
46,587197.805,517557,Suelo_CE_corregida_OLS,Original,505.73352623240646,0.2710427131752354,-2.1069134661325317,1.8513392539613363,0.804,Sin_clasificar
47,587199.328,517558,Suelo_CE_corregida_OLS,Original,484.9470554552132,-0.16616524582106978,-2.2259598010917916,2.133869786228012,0.862,Sin_clasificar
48,587201.661,517560,Suelo_CE_corregida_OLS,Original,441.7541127777539,-1.0008968818235866,-1.995704941776109,1.9743124753551677,0.372,Sin_clasificar
49,587203.586,517562,Suelo_CE_corregida_OLS,Original,515.8001663119599,1.203524220496751,-1.8300096588029966,1.7611434329128306,0.194,Sin_clasificar
50,587205.651,517563,Suelo_CE_corregida_OLS,Original,529.3950942544487,1.571745064142714,-1.744803172571614,1.731650987550061,0.1,Sin_clasificar
51,587207.621,517565,Suelo_CE_corregida_OLS,Original,484.74181956234855,0.8182582667318472,-1.7893754187975532,1.8549681121940345,0.378,Sin_clasificar
52,587209.552,517567,Suelo_CE_corregida_OLS,Original,477.53504490443294,-0.47994715342346467,-1.881638084128862,1.8685284366677184,0.668,Sin_clasificar
53,587211.663,517569,Suelo_CE_corregida_OLS,Original,455.4679269605941,-0.25205974268052866,-1.8181686029183128,1.9623712600644687,0.856,Sin_clasificar
54,587213.632,517570,Suelo_CE_corregida_OLS,Original,490.55847743955104,0.03790539692728204,-1.818149089094812,2.035704702430177,0.96,Sin_clasificar
55,587215.742,517572,Suelo_CE_corregida_OLS,Original,511.386839593164,2.16979049530021,-1.844225651089718,2.0774101816711075,0.04,Hotspot
56,587217.533,517574,Suelo_CE_corregida_OLS,Original,554.8112852772005,2.9099707101028516,-1.706873560648983,1.935426633344372,0.004,Hotspot
1,587212.895,517579,Suelo_CE_corregida_OLS,Residual_ajustado,33.60789931726244,1.9406030484650212,-2.012321667887583,1.8254874595726576,0.054,Hotspot
2,587211.104,517578,Suelo_CE_corregida_OLS,Residual_ajustado,27.37904581165253,1.9406030484650212,-2.012321667887583,1.8254874595726576,0.054,Hotspot
3,587208.994,517576,Suelo_CE_corregida_OLS,Residual_ajustado,23.66022282123821,1.146323611840742,-2.0294626133440286,1.9887610226119823,0.308,Sin_clasificar
4,587207.025,517574,Suelo_CE_corregida_OLS,Residual_ajustado,17.664785010247307,1.1294380360219642,-1.9826939129796208,1.911374358342944,0.262,Sin_clasificar
5,587204.915,517572,Suelo_CE_corregida_OLS,Residual_ajustado,14.254850774287963,-1.033886682150082,-2.101493160353529,1.8140479429534884,0.29,Sin_clasificar
6,587202.983,517570,Suelo_CE_corregida_OLS,Residual_ajustado,-72.57097178425634,-1.332911417399705,-1.8940427923820509,2.008724038152217,0.138,Sin_clasificar
7,587201.014,517569,Suelo_CE_corregida_OLS,Residual_ajustado,-10.392297841714322,-1.9759284638472885,-1.897759094247385,2.0499039765356346,0.036,Coldspot
8,587198.948,517567,Suelo_CE_corregida_OLS,Residual_ajustado,-38.99750438025883,-2.4190901701325545,-1.9823786469233449,1.9159540285917513,0.018,Coldspot
9,587197.023,517566,Suelo_CE_corregida_OLS,Residual_ajustado,-67.69925435281131,-2.680540410822991,-1.809990841996854,1.8369749542980087,0.006,Coldspot
10,587194.69,517564,Suelo_CE_corregida_OLS,Residual_ajustado,-32.04466483479342,-2.5339793810328533,-1.8771148246688938,2.0018690667795487,0.008,Coldspot
11,587193.167,517562,Suelo_CE_corregida_OLS,Residual_ajustado,-35.07911346749124,-1.8669988828879427,-2.0557469752122852,1.7900714482566227,0.058,Sin_clasificar
12,587191.101,517561,Suelo_CE_corregida_OLS,Residual_ajustado,-39.95438595604921,-2.110237573478637,-2.0219566929277493,1.6531455403950277,0.032,Coldspot
13,587189.132,517559,Suelo_CE_corregida_OLS,Residual_ajustado,-52.188816860347,-1.8130716251480503,-1.874653919564915,1.8332243700097575,0.068,Sin_clasificar
14,587187.054,517557,Suelo_CE_corregida_OLS,Residual_ajustado,18.20763247329875,-0.5634910550049622,-1.9487618378099238,1.79140182117075,0.61,Sin_clasificar
15,587188.6,517555,Suelo_CE_corregida_OLS,Residual_ajustado,13.53232109616806,0.5669290578441334,-1.8705769854124419,1.7582605187445641,0.588,Sin_clasificar
16,587190.678,517557,Suelo_CE_corregida_OLS,Residual_ajustado,-26.40388592268034,-0.8868350175437102,-1.9045719644009313,1.971320481675262,0.43,Sin_clasificar
17,587192.647,517559,Suelo_CE_corregida_OLS,Residual_ajustado,-49.81260367791718,-1.2512890742234226,-1.854368319709876,1.7195960241732613,0.232,Sin_clasificar
18,587194.713,517560,Suelo_CE_corregida_OLS,Residual_ajustado,2.27264679318221,-0.2339830542358694,-1.9894987713560253,1.7663789679503086,0.79,Sin_clasificar
19,587196.236,517562,Suelo_CE_corregida_OLS,Residual_ajustado,8.98725956919451,0.9779457700040354,-1.876315300661185,1.9052077315668856,0.364,Sin_clasificar
20,587198.569,517564,Suelo_CE_corregida_OLS,Residual_ajustado,-84.0192699468651,-3.207733348033149,-1.9760868721308373,1.8446195126996803,0.002,Coldspot
21,587200.494,517565,Suelo_CE_corregida_OLS,Residual_ajustado,0.7679940180805733,-1.2225303081958228,-2.033774767276306,1.894654392125069,0.234,Sin_clasificar
22,587202.56,517567,Suelo_CE_corregida_OLS,Residual_ajustado,6.013269057003225,-0.1847241116564727,-2.006487014366915,1.7777066327643771,0.806,Sin_clasificar
23,587204.529,517569,Suelo_CE_corregida_OLS,Residual_ajustado,-47.69177164241107,-1.4567526770895503,-1.8588777045931455,1.8750739392776181,0.116,Sin_clasificar
24,587206.461,517570,Suelo_CE_corregida_OLS,Residual_ajustado,2.7203374658515913,0.10194296852320363,-1.9213430958735418,1.8550787102932462,0.91,Sin_clasificar
25,587208.571,517572,Suelo_CE_corregida_OLS,Residual_ajustado,28.465552050334022,0.1144300052862232,-2.029517690573889,1.884910321166,0.92,Sin_clasificar
26,587210.54,517574,Suelo_CE_corregida_OLS,Residual_ajustado,9.490578399819114,0.733966915637276,-1.926765434690946,1.8736122975445413,0.498,Sin_clasificar
27,587212.65,517576,Suelo_CE_corregida_OLS,Residual_ajustado,16.73975956770465,1.5811878850349952,-2.0462541730606447,1.867283153884653,0.126,Sin_clasificar
28,587214.441,517577,Suelo_CE_corregida_OLS,Residual_ajustado,59.326825440602036,1.8103981456114533,-1.9366087094699442,2.058161604093068,0.078,Sin_clasificar
29,587215.987,517575,Suelo_CE_corregida_OLS,Residual_ajustado,22.24409288696621,1.2378523365121774,-2.1966820855781926,2.0945264590708326,0.268,Sin_clasificar
30,587214.196,517574,Suelo_CE_corregida_OLS,Residual_ajustado,18.01207478782779,0.10817600048761522,-2.0736844644880668,1.9558268750168413,0.92,Sin_clasificar
31,587212.086,517572,Suelo_CE_corregida_OLS,Residual_ajustado,-17.57161718826476,-0.6977187204844304,-2.075334541904884,1.8453880845563688,0.488,Sin_clasificar
32,587210.117,517570,Suelo_CE_corregida_OLS,Residual_ajustado,-48.86457215160735,-1.0248929406179317,-1.9368013038407774,1.8627114354216947,0.292,Sin_clasificar
33,587208.007,517569,Suelo_CE_corregida_OLS,Residual_ajustado,10.693580729590668,-0.696761130465248,-1.791896040863446,1.8400689074828613,0.502,Sin_clasificar
34,587206.075,517567,Suelo_CE_corregida_OLS,Residual_ajustado,-9.113871491196075,-0.14365633246691586,-1.9001466931668765,1.939751829541958,0.854,Sin_clasificar
35,587204.105,517565,Suelo_CE_corregida_OLS,Residual_ajustado,36.00462099718641,1.1175681427377424,-2.015870450357835,1.9053980595068236,0.284,Sin_clasificar
36,587202.04,517564,Suelo_CE_corregida_OLS,Residual_ajustado,14.989955603231367,-0.04819638685198659,-2.0147811056551657,1.8122132609615416,0.966,Sin_clasificar
37,587200.115,517562,Suelo_CE_corregida_OLS,Residual_ajustado,-75.70488454807055,-2.0105925868731935,-1.8616416381085352,1.8777252172327712,0.036,Coldspot
38,587197.782,517560,Suelo_CE_corregida_OLS,Residual_ajustado,47.52052663150346,2.993465717920601,-2.018841199131049,2.1694537950048596,0.002,Hotspot
39,587196.259,517559,Suelo_CE_corregida_OLS,Residual_ajustado,54.25417721460376,2.3019194596541817,-2.1169370085277386,1.8779404481593591,0.034,Hotspot
40,587194.193,517557,Suelo_CE_corregida_OLS,Residual_ajustado,10.270975723009565,1.5643218275978044,-1.856353572696461,1.7870210658537298,0.11,Sin_clasificar
41,587192.224,517555,Suelo_CE_corregida_OLS,Residual_ajustado,41.4285042602214,0.10016635392090378,-1.9267695315906044,1.833846976329529,0.926,Sin_clasificar
42,587190.146,517554,Suelo_CE_corregida_OLS,Residual_ajustado,0.18645015770715512,0.6178463897231063,-1.718818347055667,1.980424610577654,0.522,Sin_clasificar
43,587191.692,517552,Suelo_CE_corregida_OLS,Residual_ajustado,22.42442245689373,0.7291438932119444,-1.8912281339769121,1.776129846857241,0.496,Sin_clasificar
44,587193.77,517553,Suelo_CE_corregida_OLS,Residual_ajustado,-17.186627661261703,1.452166449976537,-2.022121025284006,1.8389625226327282,0.146,Sin_clasificar
45,587195.739,517555,Suelo_CE_corregida_OLS,Residual_ajustado,73.41044437499649,2.224700093948886,-1.9699277953874932,1.7643042761877936,0.036,Hotspot
46,587197.805,517557,Suelo_CE_corregida_OLS,Residual_ajustado,76.31835003669813,3.771369453752586,-1.990528298762495,1.854957983861897,0.002,Hotspot
47,587199.328,517558,Suelo_CE_corregida_OLS,Residual_ajustado,60.82773258556752,2.612730862041177,-2.1667604605158193,1.9196520783580129,0.008,Hotspot
48,587201.661,517560,Suelo_CE_corregida_OLS,Residual_ajustado,-22.54382950071084,0.36285577467523805,-2.013817345678083,2.0031363785828473,0.782,Sin_clasificar
49,587203.586,517562,Suelo_CE_corregida_OLS,Residual_ajustado,19.95086281021665,1.1236977953256329,-1.8389535595744562,1.764186120880691,0.258,Sin_clasificar
50,587205.651,517563,Suelo_CE_corregida_OLS,Residual_ajustado,44.658993092208064,1.3743024062629123,-1.982818193357928,1.7649640298923197,0.168,Sin_clasificar
51,587207.621,517565,Suelo_CE_corregida_OLS,Residual_ajustado,-1.7896584896521368,0.68369749074629,-1.9724505144905784,1.8439686185499349,0.516,Sin_clasificar
52,587209.552,517567,Suelo_CE_corregida_OLS,Residual_ajustado,-13.138721118814406,-1.3366948944488306,-1.8484425683967562,1.8602348925544596,0.212,Sin_clasificar
53,587211.663,517569,Suelo_CE_corregida_OLS,Residual_ajustado,-57.60088434487881,-1.8839845074339603,-2.1277275501297743,1.7825574535165134,0.064,Sin_clasificar
54,587213.632,517570,Suelo_CE_corregida_OLS,Residual_ajustado,-18.849014569377765,-2.0932044552069655,-2.0201921912686247,1.905986948880234,0.036,Coldspot
55,587215.742,517572,Suelo_CE_corregida_OLS,Residual_ajustado,-30.46556342536905,0.29388661704513824,-2.0692818840161853,1.8627787310949278,0.804,Sin_clasificar
56,587217.533,517574,Suelo_CE_corregida_OLS,Residual_ajustado,33.39704114244335,1.2378523365121774,-2.1966820855781926,2.0945264590708326,0.268,Sin_clasificar
1,587212.895,517579,Suelo_Hv,Original,14.840328765734377,0.10920200756404812,-2.267659369136286,2.2578773377600188,0.702,Sin_clasificar
2,587211.104,517578,Suelo_Hv,Original,14.772671519790729,0.10920200756404812,-2.267659369136286,2.2578773377600188,0.702,Sin_clasificar
3,587208.994,517576,Suelo_Hv,Original,14.759608853712594,0.028799148463697574,-2.3443651171956406,2.104327983714105,0.788,Sin_clasificar
4,587207.025,517574,Suelo_Hv,Original,14.826978230382531,-0.09438308935130335,-2.2729069244777786,2.2501049742016632,0.886,Sin_clasificar
5,587204.915,517572,Suelo_Hv,Original,14.726391360087236,0.3570238299182657,-2.3378363745889974,2.1716967824710265,0.472,Sin_clasificar
6,587202.983,517570,Suelo_Hv,Original,15.03269131416882,0.22751871115285482,-2.314069072963811,2.115614509937101,0.596,Sin_clasificar
7,587201.014,517569,Suelo_Hv,Original,14.733609465511103,-0.02411089182824682,-2.242557479743385,2.1160582986624314,0.974,Sin_clasificar
8,587198.948,517567,Suelo_Hv,Original,14.541577600093,-0.5026144569619347,-2.2404707305991503,2.273982966812633,0.396,Sin_clasificar
9,587197.023,517566,Suelo_Hv,Original,14.745240864528704,-0.5576718165825434,-2.2247825718534386,2.2736799202324844,0.376,Sin_clasificar
10,587194.69,517564,Suelo_Hv,Original,14.693171625422769,-0.5550134307301352,-2.2516779272214533,2.2564420179626126,0.364,Sin_clasificar
11,587193.167,517562,Suelo_Hv,Original,14.586305647917328,-0.3951224594578131,-2.3072053874900673,2.1126250343004576,0.45,Sin_clasificar
12,587191.101,517561,Suelo_Hv,Original,14.779971419273359,0.06355063137332433,-2.2975530208895574,2.1785326663562503,0.716,Sin_clasificar
13,587189.132,517559,Suelo_Hv,Original,15.030052093858945,0.21118778041151073,-2.327406235895192,2.129724154261959,0.562,Sin_clasificar
14,587187.054,517557,Suelo_Hv,Original,14.691481955342187,0.2842312149313122,-2.2038445384281653,2.126380537543915,0.504,Sin_clasificar
15,587188.6,517555,Suelo_Hv,Original,14.771259660054069,2.0137384364655353,-2.228219653664932,2.1878181827429657,0.09,Sin_clasificar
16,587190.678,517557,Suelo_Hv,Original,14.774624934352808,2.389807303027643,-2.322772832130659,2.277611044752413,0.04,Hotspot
17,587192.647,517559,Suelo_Hv,Original,14.776197480845244,0.28195444739094566,-2.263846897941686,2.3274685621706945,0.538,Sin_clasificar
18,587194.713,517560,Suelo_Hv,Original,14.771366557204301,-0.27830754410803715,-2.318093957968072,2.297295725024883,0.642,Sin_clasificar
19,587196.236,517562,Suelo_Hv,Original,14.728083828448181,-0.15256480940524364,-2.264835241496734,2.3140555243133676,0.738,Sin_clasificar
20,587198.569,517564,Suelo_Hv,Original,14.736776045855486,-1.1769470059370146,-2.2029131822787034,2.160232018460748,0.166,Sin_clasificar
21,587200.494,517565,Suelo_Hv,Original,14.770859378318859,-0.42377733711150967,-2.1915273615107504,2.1386335432025407,0.41,Sin_clasificar
22,587202.56,517567,Suelo_Hv,Original,14.769496169007805,0.5323361733508464,-2.2330717613270465,2.299407078025637,0.36,Sin_clasificar
23,587204.529,517569,Suelo_Hv,Original,14.80213411241923,0.32008024370105653,-2.3474388022268746,2.335997581661868,0.492,Sin_clasificar
24,587206.461,517570,Suelo_Hv,Original,14.771244702156883,0.19066208826900602,-2.4818011143481398,2.297357410625659,0.646,Sin_clasificar
25,587208.571,517572,Suelo_Hv,Original,14.774673330269287,-2.166959914628421,-2.470767288472733,2.260484904879214,0.112,Sin_clasificar
26,587210.54,517574,Suelo_Hv,Original,14.740244243031377,0.9116018821018194,-2.2614421591284186,2.257800854239037,0.214,Sin_clasificar
27,587212.65,517576,Suelo_Hv,Original,14.818866518158394,-0.028109480481430638,-2.259661478479261,2.2296640277181776,0.902,Sin_clasificar
28,587214.441,517577,Suelo_Hv,Original,14.785946992859733,-0.5653000241704781,-2.2590112516044583,2.3706151757531586,0.388,Sin_clasificar
29,587215.987,517575,Suelo_Hv,Original,14.278038013040021,-0.7906307084624209,-2.3573131763494697,2.3819151387030506,0.3,Sin_clasificar
30,587214.196,517574,Suelo_Hv,Original,14.758842554034423,0.27641990477731504,-2.261508544645624,2.366538953830683,0.502,Sin_clasificar
31,587212.086,517572,Suelo_Hv,Original,15.473366317610523,-1.3065952914443335,-2.2347797825874176,2.055240807205381,0.162,Sin_clasificar
32,587210.117,517570,Suelo_Hv,Original,13.192515236975582,-1.0494558430171308,-2.2668269730381683,2.078189738848655,0.2,Sin_clasificar
33,587208.007,517569,Suelo_Hv,Original,14.962808925389428,-1.9410035079419299,-2.328666822197673,2.126776133631155,0.134,Sin_clasificar
34,587206.075,517567,Suelo_Hv,Original,14.756739558849672,0.8277757754049471,-2.4130563601141137,2.203966233262644,0.288,Sin_clasificar
35,587204.105,517565,Suelo_Hv,Original,15.21210180877236,0.5171370230408676,-2.3138136315246793,2.3156413376726634,0.376,Sin_clasificar
36,587202.04,517564,Suelo_Hv,Original,14.767257461653461,-0.18715351506331848,-2.2506901994292017,2.3112460352468363,0.69,Sin_clasificar
37,587200.115,517562,Suelo_Hv,Original,14.238334138657187,-0.8346215356473343,-2.1935114078454583,2.2489609455407815,0.24,Sin_clasificar
38,587197.782,517560,Suelo_Hv,Original,14.76168545262504,-0.04535385678792167,-2.4180425822172076,2.311820970124797,0.956,Sin_clasificar
39,587196.259,517559,Suelo_Hv,Original,14.830855972565306,0.3277068081814982,-2.2702097185069423,2.335362869072604,0.476,Sin_clasificar
40,587194.193,517557,Suelo_Hv,Original,15.00214330744854,2.4287094349620095,-2.354289385180198,2.273030172547205,0.032,Hotspot
41,587192.224,517555,Suelo_Hv,Original,16.300318901746977,2.4369594847174163,-2.2401910690821527,2.10441614549502,0.024,Hotspot
42,587190.146,517554,Suelo_Hv,Original,14.838557267230524,2.126738983660596,-2.2388833040074907,2.23706126770673,0.064,Sin_clasificar
43,587191.692,517552,Suelo_Hv,Original,14.77447718229922,2.122403147997174,-2.221270876709947,2.0139494738642734,0.058,Hotspot
44,587193.77,517553,Suelo_Hv,Original,14.771440404066292,2.1227436653812086,-2.2387483854605428,2.026944093039666,0.06,Hotspot
45,587195.739,517555,Suelo_Hv,Original,14.771509758998496,2.3419022979865276,-2.264043195293203,2.107534296368083,0.032,Hotspot
46,587197.805,517557,Suelo_Hv,Original,14.77185603034208,0.013771879649671945,-2.380334178608722,2.2242485300658315,0.802,Sin_clasificar
47,587199.328,517558,Suelo_Hv,Original,14.771425110311512,0.013061390639307282,-2.4462008999395284,2.2733364544736228,0.894,Sin_clasificar
48,587201.661,517560,Suelo_Hv,Original,14.77098792792661,-0.7945597937575654,-2.299208507976581,2.2592639468374944,0.318,Sin_clasificar
49,587203.586,517562,Suelo_Hv,Original,14.77120636943765,0.5388651049177918,-2.3026958414722256,2.381970621247523,0.408,Sin_clasificar
50,587205.651,517563,Suelo_Hv,Original,14.771442654143952,0.5394361039433779,-2.2450358477544228,2.3176579077796906,0.42,Sin_clasificar
51,587207.621,517565,Suelo_Hv,Original,14.771407308141105,0.5483959008645396,-2.2584225130249735,2.2696335626395188,0.372,Sin_clasificar
52,587209.552,517567,Suelo_Hv,Original,14.78830495169316,-1.9866346947450375,-2.2693178677726467,2.308776964192189,0.114,Sin_clasificar
53,587211.663,517569,Suelo_Hv,Original,14.723062330157436,-1.2898750347334158,-2.301785189437438,2.187183047296963,0.172,Sin_clasificar
54,587213.632,517570,Suelo_Hv,Original,14.7725972264649,-1.313265582953604,-2.248834702267719,2.1231795983238144,0.158,Sin_clasificar
55,587215.742,517572,Suelo_Hv,Original,14.77112535472331,-0.8088068248832159,-2.3068346128226507,2.350166294450021,0.282,Sin_clasificar
56,587217.533,517574,Suelo_Hv,Original,14.722571869669686,-0.7906307084624209,-2.3573131763494697,2.3819151387030506,0.3,Sin_clasificar
1,587212.895,517579,Suelo_Hv,Residual_ajustado,0.4786078703328182,0.3492558600803037,-2.2943429489480334,2.0638572248088716,0.646,Sin_clasificar
2,587211.104,517578,Suelo_Hv,Residual_ajustado,-0.05500086347735663,0.3492558600803037,-2.2943429489480334,2.0638572248088716,0.646,Sin_clasificar
3,587208.994,517576,Suelo_Hv,Residual_ajustado,0.020948008495846833,0.06883920600385451,-2.1266381662948497,2.225243415516002,0.972,Sin_clasificar
4,587207.025,517574,Suelo_Hv,Residual_ajustado,0.11590846074010397,0.11547602024722992,-1.911725939878469,2.3063823053436545,0.886,Sin_clasificar
5,587204.915,517572,Suelo_Hv,Residual_ajustado,-0.06542289756047917,0.5974871975817001,-1.9095272501734293,2.1564789794518204,0.472,Sin_clasificar
6,587202.983,517570,Suelo_Hv,Residual_ajustado,0.07808121089545894,-0.06735943608784818,-2.0863034805165945,2.0275181174313364,0.992,Sin_clasificar
7,587201.014,517569,Suelo_Hv,Residual_ajustado,-0.02381398328014018,0.2861160373699787,-2.0088043776404074,2.1586947524823366,0.59,Sin_clasificar
8,587198.948,517567,Suelo_Hv,Residual_ajustado,0.1610941011169401,0.1055187543552196,-2.004518665668035,1.8410262495102785,0.818,Sin_clasificar
9,587197.023,517566,Suelo_Hv,Residual_ajustado,-0.05996580933906113,0.08547162237172207,-2.029458987730039,2.1136235626697757,0.942,Sin_clasificar
10,587194.69,517564,Suelo_Hv,Residual_ajustado,-0.03666074779415319,-0.36763362016838075,-2.223825190872658,2.2017372714923433,0.676,Sin_clasificar
11,587193.167,517562,Suelo_Hv,Residual_ajustado,-0.12605850511040137,-0.23323984722198687,-2.0998922226378807,1.8761974744898948,0.754,Sin_clasificar
12,587191.101,517561,Suelo_Hv,Residual_ajustado,0.14124502180192422,-0.09191564211120079,-2.1492380527080504,1.7842262565101574,0.93,Sin_clasificar
13,587189.132,517559,Suelo_Hv,Residual_ajustado,0.053903767104181495,-0.3207191056707319,-2.1508410338346504,1.986769309623016,0.692,Sin_clasificar
14,587187.054,517557,Suelo_Hv,Residual_ajustado,-0.2125550405593651,-0.8828976168502409,-2.2707825820908853,1.9926163976804832,0.338,Sin_clasificar
15,587188.6,517555,Suelo_Hv,Residual_ajustado,-0.1516117525541479,0.7751683289424408,-2.157194070430707,2.2132539771490904,0.402,Sin_clasificar
16,587190.678,517557,Suelo_Hv,Residual_ajustado,-0.15374016732543436,1.296153314561192,-2.072433363907706,1.8599953087459888,0.186,Sin_clasificar
17,587192.647,517559,Suelo_Hv,Residual_ajustado,-0.03437938037696623,0.08549309932943984,-2.063745181564642,1.847195328059349,0.926,Sin_clasificar
18,587194.713,517560,Suelo_Hv,Residual_ajustado,-0.0936130251950063,0.42201845155023887,-2.0787312224369936,2.056360243572578,0.512,Sin_clasificar
19,587196.236,517562,Suelo_Hv,Residual_ajustado,0.03455409212711599,0.2848363846701884,-2.121905378979484,1.9202703946463635,0.638,Sin_clasificar
20,587198.569,517564,Suelo_Hv,Residual_ajustado,-0.04745896612101833,-1.0660750774289296,-2.1272769276568537,2.0891205650529976,0.292,Sin_clasificar
21,587200.494,517565,Suelo_Hv,Residual_ajustado,0.03776403530430542,0.16434300521792003,-2.093671531255079,2.0273370579935843,0.806,Sin_clasificar
22,587202.56,517567,Suelo_Hv,Residual_ajustado,-0.1350490200849902,0.5366482416592879,-1.9911290828853028,1.9191392496480115,0.442,Sin_clasificar
23,587204.529,517569,Suelo_Hv,Residual_ajustado,0.1030388738959706,0.4358804186259589,-1.9733516791126475,2.10411414028653,0.584,Sin_clasificar
24,587206.461,517570,Suelo_Hv,Residual_ajustado,0.15128090825994386,0.7582363577258876,-1.8291065688928017,1.9998577990035353,0.352,Sin_clasificar
25,587208.571,517572,Suelo_Hv,Residual_ajustado,0.027794866669506244,-1.3418326184379743,-2.021407693381884,2.2132182610810447,0.154,Sin_clasificar
26,587210.54,517574,Suelo_Hv,Residual_ajustado,-0.025228165370631654,0.9340806709616267,-2.034205515550709,2.2969030902091903,0.286,Sin_clasificar
27,587212.65,517576,Suelo_Hv,Residual_ajustado,-0.0125133461828092,-0.5127313137488425,-2.1352317613954894,1.9829431105215192,0.532,Sin_clasificar
28,587214.441,517577,Suelo_Hv,Residual_ajustado,-0.20822871710711663,-0.23598701175299705,-1.9649227359916677,2.107607759134636,0.788,Sin_clasificar
29,587215.987,517575,Suelo_Hv,Residual_ajustado,-0.3814913875504063,-0.9478781838673436,-2.0947516344896417,1.954876054647222,0.3,Sin_clasificar
30,587214.196,517574,Suelo_Hv,Residual_ajustado,-0.02760151625884618,0.29097892990442437,-1.9229438986640228,2.069862205088506,0.756,Sin_clasificar
31,587212.086,517572,Suelo_Hv,Residual_ajustado,0.5875837320922229,-0.8373876791714846,-2.0395343526382916,2.288493503240354,0.326,Sin_clasificar
32,587210.117,517570,Suelo_Hv,Residual_ajustado,-1.1296400517324932,-0.48390285513084746,-1.931155034813722,1.9626244330755696,0.474,Sin_clasificar
33,587208.007,517569,Suelo_Hv,Residual_ajustado,0.2692073759361937,-1.0690720664642595,-1.8168318743824803,2.167425448928854,0.25,Sin_clasificar
34,587206.075,517567,Suelo_Hv,Residual_ajustado,0.0819724261031022,1.3446329668131367,-1.8187464512069333,2.0404300519006986,0.178,Sin_clasificar
35,587204.105,517565,Suelo_Hv,Residual_ajustado,0.361959340856661,0.6240252405769077,-2.014657889113106,2.098997506692175,0.438,Sin_clasificar
36,587202.04,517564,Suelo_Hv,Residual_ajustado,0.08896545748853832,-0.5635582870685734,-2.1373808227096944,2.201807489480049,0.524,Sin_clasificar
37,587200.115,517562,Suelo_Hv,Residual_ajustado,-0.7746041748841579,-1.0553150398385627,-2.2596829232371265,1.9452320695494387,0.248,Sin_clasificar
38,587197.782,517560,Suelo_Hv,Residual_ajustado,-0.21168725422281712,0.61414104913328,-2.133826933119761,2.014139276219381,0.436,Sin_clasificar
39,587196.259,517559,Suelo_Hv,Residual_ajustado,0.489938080282735,0.6352692468545247,-2.0527254055968145,2.0436419654165032,0.404,Sin_clasificar
40,587194.193,517557,Suelo_Hv,Residual_ajustado,0.19527392729944792,2.766951683857424,-2.2514850533588606,2.0696271151256616,0.016,Hotspot
41,587192.224,517555,Suelo_Hv,Residual_ajustado,1.1164389353186326,1.258600668191877,-2.0306936833356364,2.094601451529028,0.218,Sin_clasificar
42,587190.146,517554,Suelo_Hv,Residual_ajustado,-0.10178236556688605,0.6371365761117073,-2.039578527831848,1.8758984134532506,0.488,Sin_clasificar
43,587191.692,517552,Suelo_Hv,Residual_ajustado,-0.3010096596805743,0.48748090906569713,-2.004467620853517,1.9341561399999856,0.528,Sin_clasificar
44,587193.77,517553,Suelo_Hv,Residual_ajustado,-0.2496437167364062,0.7332261509769459,-2.2111219144424075,1.9370972605338928,0.382,Sin_clasificar
45,587195.739,517555,Suelo_Hv,Residual_ajustado,0.0058686918242196046,1.7089209208636789,-2.379014429537121,1.9067110167871575,0.124,Sin_clasificar
46,587197.805,517557,Suelo_Hv,Residual_ajustado,0.027186625059064835,0.5693780268762473,-2.1304812990095017,2.1286084432386496,0.456,Sin_clasificar
47,587199.328,517558,Suelo_Hv,Residual_ajustado,0.053567268213757006,0.5899599542181999,-2.0161464591792178,1.9286758138600066,0.422,Sin_clasificar
48,587201.661,517560,Suelo_Hv,Residual_ajustado,0.01905816820539224,-1.5431512537397734,-2.2016908188241153,2.075910129229684,0.17,Sin_clasificar
49,587203.586,517562,Suelo_Hv,Residual_ajustado,-0.07522861740493045,0.6191973382814767,-2.1034540037776166,2.0563174286955244,0.448,Sin_clasificar
50,587205.651,517563,Suelo_Hv,Residual_ajustado,0.002044674233541155,0.660460104779189,-2.017041970304404,2.092512460612232,0.494,Sin_clasificar
51,587207.621,517565,Suelo_Hv,Residual_ajustado,0.04550050643258515,0.676569822314545,-1.9260405419952666,2.3418138806754154,0.408,Sin_clasificar
52,587209.552,517567,Suelo_Hv,Residual_ajustado,-0.05791202713165205,-1.4635574108781988,-2.03720068387198,2.3490038146832397,0.158,Sin_clasificar
53,587211.663,517569,Suelo_Hv,Residual_ajustado,-0.06504444641716042,-0.9468192058140648,-1.9692103037772164,2.0746275468069664,0.26,Sin_clasificar
54,587213.632,517570,Suelo_Hv,Residual_ajustado,0.05826448702484154,-0.824474365547334,-1.8592238146416,2.159076246219826,0.318,Sin_clasificar
55,587215.742,517572,Suelo_Hv,Residual_ajustado,0.02048997838739451,-0.5320206011965397,-2.007252079395098,2.0820368712159594,0.466,Sin_clasificar
56,587217.533,517574,Suelo_Hv,Residual_ajustado,-0.010595286477036635,-0.9478781838673436,-2.0947516344896417,1.954876054647222,0.3,Sin_clasificar
1,587212.895,517579,Suelo_K,Original,64.70673585216969,3.9132098712808476,-1.9488488150424956,2.017685019035043,0.002,Hotspot
2,587211.104,517578,Suelo_K,Original,67.21999493961627,3.9132098712808476,-1.9488488150424956,2.017685019035043,0.002,Hotspot
3,587208.994,517576,Suelo_K,Original,59.09602907016894,3.0975255679712337,-1.8674341238674652,1.8722439220578462,0.004,Hotspot
4,587207.025,517574,Suelo_K,Original,53.581284404288716,2.0176090248924066,-1.8810595426114616,1.8427035047391236,0.022,Hotspot
5,587204.915,517572,Suelo_K,Original,60.05966081203442,0.03701030139263846,-2.0011094132357323,1.8811778127203898,0.962,Sin_clasificar
6,587202.983,517570,Suelo_K,Original,29.460809057147817,-0.7977796808814751,-2.036923131049233,1.8672724163938241,0.47,Sin_clasificar
7,587201.014,517569,Suelo_K,Original,39.99255671661046,-1.7344741531489372,-1.970516783196411,1.849934296930837,0.128,Sin_clasificar
8,587198.948,517567,Suelo_K,Original,36.68296721220198,-2.492751244421237,-1.9409012181911467,1.9202644123739332,0.012,Coldspot
9,587197.023,517566,Suelo_K,Original,26.446414214170325,-2.839717145450727,-1.8128736327611668,1.8125299351489903,0.002,Coldspot
10,587194.69,517564,Suelo_K,Original,31.333473314183614,-3.5172592451777147,-2.1349063805840576,1.9424504276910874,0.002,Coldspot
11,587193.167,517562,Suelo_K,Original,26.27119483133049,-2.826997635347359,-1.710796793181439,1.8441003405397152,0.002,Coldspot
12,587191.101,517561,Suelo_K,Original,31.321462867702863,-2.928215311712362,-1.8911479340342838,2.0581826438617883,0.002,Coldspot
13,587189.132,517559,Suelo_K,Original,28.80742594513706,-2.3039009886165065,-1.980681525324822,2.0675375887662275,0.026,Coldspot
14,587187.054,517557,Suelo_K,Original,42.67746640007951,-1.3610486480388644,-2.2125685507041184,2.004625351896574,0.166,Sin_clasificar
15,587188.6,517555,Suelo_K,Original,44.04155765452988,-0.5301918243149929,-2.0205508450065386,1.9492957162383409,0.646,Sin_clasificar
16,587190.678,517557,Suelo_K,Original,35.39507101505339,-1.519122013589739,-1.7546776466954193,1.9554463020698432,0.112,Sin_clasificar
17,587192.647,517559,Suelo_K,Original,34.49482236840592,-2.0061767729799564,-1.8623152837354873,2.044681442703814,0.03,Coldspot
18,587194.713,517560,Suelo_K,Original,36.220590190047126,-2.06392256665208,-1.811915345093516,1.8858504742968014,0.022,Coldspot
19,587196.236,517562,Suelo_K,Original,33.216993375202875,-1.5031067033343684,-1.9351766171699476,1.943082994414315,0.144,Sin_clasificar
20,587198.569,517564,Suelo_K,Original,25.14689648991577,-3.0715022036004784,-1.7440315201390275,1.7779873242058093,0.002,Coldspot
21,587200.494,517565,Suelo_K,Original,39.7143568280938,-1.2559274898652144,-1.8751582354919678,1.6979545696743419,0.194,Sin_clasificar
22,587202.56,517567,Suelo_K,Original,45.32212661886285,-0.3433093298060053,-1.9306910055301132,1.7798690254153193,0.712,Sin_clasificar
23,587204.529,517569,Suelo_K,Original,35.44873722959188,-1.040300766839716,-1.9508465486452713,2.0515494010741437,0.418,Sin_clasificar
24,587206.461,517570,Suelo_K,Original,52.566904640460635,0.6541228763910193,-2.0113170383087073,2.0420790229374464,0.482,Sin_clasificar
25,587208.571,517572,Suelo_K,Original,50.507535519646744,0.8680016348942982,-1.9074852565289557,1.9394964034545161,0.332,Sin_clasificar
26,587210.54,517574,Suelo_K,Original,57.3018633136179,2.393367984842164,-2.0187082340423936,1.9329469368941223,0.01,Hotspot
27,587212.65,517576,Suelo_K,Original,70.29822852883609,3.5334904025390714,-1.7467139850006017,1.9304618840194134,0.002,Hotspot
28,587214.441,517577,Suelo_K,Original,66.53310510692116,3.7803799127234696,-1.8320044513394196,2.0016641765408942,0.002,Hotspot
29,587215.987,517575,Suelo_K,Original,65.97664102156239,2.925495387267103,-1.9404614632784787,1.9623104354545926,0.006,Hotspot
30,587214.196,517574,Suelo_K,Original,57.024401066147774,2.7200466545537907,-1.9189312161850136,1.8596414882454997,0.006,Hotspot
31,587212.086,517572,Suelo_K,Original,52.72037646258289,0.9046119058582915,-1.8595613709419934,1.8775616761493725,0.4,Sin_clasificar
32,587210.117,517570,Suelo_K,Original,37.89851268036552,-0.04114958672169951,-2.0954617780468343,1.9995590446707607,0.994,Sin_clasificar
33,587208.007,517569,Suelo_K,Original,47.93557930942905,-0.2155096805732481,-1.957877973414171,1.8035735447578984,0.828,Sin_clasificar
34,587206.075,517567,Suelo_K,Original,41.43281521066445,0.0917001965327815,-1.881610197860645,1.9013035207553368,0.888,Sin_clasificar
35,587204.105,517565,Suelo_K,Original,61.14814020345857,1.0189325710401482,-1.7589605622185887,1.969661357307523,0.324,Sin_clasificar
36,587202.04,517564,Suelo_K,Original,51.98373933827696,0.055106041493559924,-1.7705854578837323,1.9256631050378201,0.948,Sin_clasificar
37,587200.115,517562,Suelo_K,Original,25.5489102087029,-2.0081749865360994,-1.9900864694274794,2.064944403509978,0.05,Coldspot
38,587197.782,517560,Suelo_K,Original,43.42859168005735,-0.2766760968514563,-1.8590515175640854,1.9025280385441383,0.768,Sin_clasificar
39,587196.259,517559,Suelo_K,Original,48.48168930321162,-0.3248646882515089,-1.8982673287501233,1.965949101143762,0.716,Sin_clasificar
40,587194.193,517557,Suelo_K,Original,42.694481335514574,-0.2639928588712044,-2.0862031796126814,1.8256656235636255,0.808,Sin_clasificar
41,587192.224,517555,Suelo_K,Original,49.5427734555225,-0.31728122004195797,-1.9479289888352216,1.7002717715049078,0.788,Sin_clasificar
42,587190.146,517554,Suelo_K,Original,45.30510053468727,-0.33293833154364183,-1.9240582441430327,1.7367344184185698,0.83,Sin_clasificar
43,587191.692,517552,Suelo_K,Original,47.60023961859808,0.2257516452161016,-1.8813044371283354,1.8420501418064,0.81,Sin_clasificar
44,587193.77,517553,Suelo_K,Original,49.33806394464203,0.4000568192664753,-1.978911293718579,1.9341426242646347,0.61,Sin_clasificar
45,587195.739,517555,Suelo_K,Original,48.39161924588045,0.4421307478724781,-1.8905046532949512,1.8461606019413375,0.68,Sin_clasificar
46,587197.805,517557,Suelo_K,Original,51.26088032070851,0.3313649039465507,-1.8979664211604055,1.8332130054006377,0.746,Sin_clasificar
47,587199.328,517558,Suelo_K,Original,46.90070074451129,-0.09773882389171167,-1.6191059866633941,1.8008529498833368,0.926,Sin_clasificar
48,587201.661,517560,Suelo_K,Original,37.6826563287205,-0.939993621928482,-1.8899857852784105,1.875120640383341,0.274,Sin_clasificar
49,587203.586,517562,Suelo_K,Original,53.17385740973218,1.1832808659900136,-1.827267418396472,2.2288031345975767,0.354,Sin_clasificar
50,587205.651,517563,Suelo_K,Original,55.73599966372686,1.5372692580247573,-1.7503214596887724,2.112432416516015,0.18,Sin_clasificar
51,587207.621,517565,Suelo_K,Original,46.51699711271385,0.7862356334685207,-1.9099012316136388,2.124315003485062,0.532,Sin_clasificar
52,587209.552,517567,Suelo_K,Original,44.98154834421699,-0.5111404663354502,-2.14081118151233,1.9039289350394983,0.632,Sin_clasificar
53,587211.663,517569,Suelo_K,Original,40.1047884150544,-0.26701993568725674,-1.7696876706925355,2.0691256194878385,0.754,Sin_clasificar
54,587213.632,517570,Suelo_K,Original,47.82461431167745,0.016497275716989543,-1.9349864389842373,2.1406147232998007,0.992,Sin_clasificar
55,587215.742,517572,Suelo_K,Original,52.057169240358554,2.1758538762667143,-1.8056998595565985,2.156063403608402,0.044,Hotspot
56,587217.533,517574,Suelo_K,Original,61.612798291081795,2.925495387267103,-1.9404614632784787,1.9623104354545926,0.006,Hotspot
1,587212.895,517579,Suelo_K,Residual_ajustado,7.416115522349795,1.9792545232397163,-2.0340347792556743,1.7663888943376476,0.052,Hotspot
2,587211.104,517578,Suelo_K,Residual_ajustado,6.073570346804284,1.9792545232397163,-2.0340347792556743,1.7663888943376476,0.052,Hotspot
3,587208.994,517576,Suelo_K,Residual_ajustado,4.808809520750543,1.1627927016668966,-1.9817104281987907,1.8845101382528315,0.288,Sin_clasificar
4,587207.025,517574,Suelo_K,Residual_ajustado,3.65969946714365,1.064304091936213,-1.9257899106440326,1.717040024553965,0.318,Sin_clasificar
5,587204.915,517572,Suelo_K,Residual_ajustado,2.6728981348629617,-1.0819868828623502,-1.8558484238053377,1.91995736033827,0.268,Sin_clasificar
6,587202.983,517570,Suelo_K,Residual_ajustado,-15.761008350218596,-1.367273022324596,-1.8407069782167558,1.9689680509500471,0.146,Sin_clasificar
7,587201.014,517569,Suelo_K,Residual_ajustado,-2.199995785677682,-1.9941405592663877,-1.9611427049108148,2.084712144483432,0.046,Coldspot
8,587198.948,517567,Suelo_K,Residual_ajustado,-8.512986070487663,-2.442042866857504,-1.976815584226015,1.9455036677855881,0.01,Coldspot
9,587197.023,517566,Suelo_K,Residual_ajustado,-14.614998531127103,-2.682651800282888,-1.924419608925557,1.8169700869996377,0.008,Coldspot
10,587194.69,517564,Suelo_K,Residual_ajustado,-6.4934445758312185,-2.505821946790484,-1.9904418500584322,1.9933223558237168,0.012,Coldspot
11,587193.167,517562,Suelo_K,Residual_ajustado,-7.46187491025368,-1.8447486600943663,-1.9965020535888758,1.9229343069583629,0.048,Sin_clasificar
12,587191.101,517561,Suelo_K,Residual_ajustado,-8.792580031465178,-2.105046671128461,-2.043816768911931,2.027719508128644,0.038,Coldspot
13,587189.132,517559,Suelo_K,Residual_ajustado,-11.138227147465376,-1.816609811614929,-2.1595264745182585,1.8431854414825979,0.078,Sin_clasificar
14,587187.054,517557,Suelo_K,Residual_ajustado,3.994043280529928,-0.5610235613404404,-2.034358118033906,1.73828707367284,0.598,Sin_clasificar
15,587188.6,517555,Suelo_K,Residual_ajustado,2.8226264771055676,0.5636055233005958,-2.0807497094272196,1.7316262010882277,0.578,Sin_clasificar
16,587190.678,517557,Suelo_K,Residual_ajustado,-5.681721834539772,-0.8890803174901182,-2.2012606885714683,1.9912426573328665,0.428,Sin_clasificar
17,587192.647,517559,Suelo_K,Residual_ajustado,-10.797273261635315,-1.2553132067693598,-1.9447421750912253,1.8702665288202316,0.18,Sin_clasificar
18,587194.713,517560,Suelo_K,Residual_ajustado,0.6273014846197039,-0.20875576928429282,-1.8077474450407416,1.9950547166911317,0.762,Sin_clasificar
19,587196.236,517562,Suelo_K,Residual_ajustado,2.019431691493424,1.0279079156604964,-1.8476083083479178,1.875344534621611,0.334,Sin_clasificar
20,587198.569,517564,Suelo_K,Residual_ajustado,-18.163239840025685,-3.2254877571576936,-2.0553811539454268,1.7691750193977311,0.002,Coldspot
21,587200.494,517565,Suelo_K,Residual_ajustado,-0.08482594415077205,-1.2533983388831627,-1.9984522407245209,1.9347624464585822,0.262,Sin_clasificar
22,587202.56,517567,Suelo_K,Residual_ajustado,1.1272168249003118,-0.23201190822593773,-1.9332137648774286,1.8823330062749584,0.822,Sin_clasificar
23,587204.529,517569,Suelo_K,Residual_ajustado,-10.236861231291366,-1.4779046412474122,-1.8580494548561264,1.8526390772418297,0.126,Sin_clasificar
24,587206.461,517570,Suelo_K,Residual_ajustado,0.35819469416236405,0.04792346764869717,-1.9561851559167027,1.7257217234047655,0.96,Sin_clasificar
25,587208.571,517572,Suelo_K,Residual_ajustado,5.953076815754215,0.06038660528878611,-2.0642559834336205,2.0384122057709093,0.976,Sin_clasificar
26,587210.54,517574,Suelo_K,Residual_ajustado,1.8970599365462202,0.7509257415327341,-2.0547848421512582,2.0147186931332213,0.514,Sin_clasificar
27,587212.65,517576,Suelo_K,Residual_ajustado,4.309844763129509,1.6172555736779761,-1.8021100850645944,1.8987117656633237,0.108,Sin_clasificar
28,587214.441,517577,Suelo_K,Residual_ajustado,12.709666611019632,1.87570494262901,-2.0667169757729535,1.8090589013948488,0.078,Hotspot
29,587215.987,517575,Suelo_K,Residual_ajustado,5.166309986728996,1.2587750093174215,-1.9629488651078144,1.8876223594208807,0.212,Sin_clasificar
30,587214.196,517574,Suelo_K,Residual_ajustado,3.868321273720122,0.18545287749085135,-1.8496551888576669,1.8458438618335404,0.832,Sin_clasificar
31,587212.086,517572,Suelo_K,Residual_ajustado,-3.5692003785098825,-0.7096768354095868,-1.9592779682312127,1.9128987111193445,0.49,Sin_clasificar
32,587210.117,517570,Suelo_K,Residual_ajustado,-10.79048656091923,-1.0501391160403037,-1.9416331258128818,1.7938555623502312,0.2,Sin_clasificar
33,587208.007,517569,Suelo_K,Residual_ajustado,2.1078425207146436,-0.7223829452535402,-1.8394163313475131,1.6531373109315335,0.462,Sin_clasificar
34,587206.075,517567,Suelo_K,Residual_ajustado,-1.8594135201752295,-0.16925452561651746,-1.9062577046621731,2.0127680493157993,0.852,Sin_clasificar
35,587204.105,517565,Suelo_K,Residual_ajustado,7.254423484882212,1.0702567024343181,-1.9416608418149812,1.9339416578578659,0.25,Sin_clasificar
36,587202.04,517564,Suelo_K,Residual_ajustado,3.2680753505738043,-0.09079129189929205,-2.0215357979581103,1.8526914804230699,0.944,Sin_clasificar
37,587200.115,517562,Suelo_K,Residual_ajustado,-16.179861240068398,-2.0069319928296325,-1.8605960893452647,1.7154745290704145,0.028,Coldspot
38,587197.782,517560,Suelo_K,Residual_ajustado,10.301441319821176,3.0301543992850917,-1.6736167698555,1.707548358330731,0.002,Hotspot
39,587196.259,517559,Suelo_K,Residual_ajustado,11.887357109057099,2.3320212466251355,-1.8669981186361233,1.7759820344977364,0.02,Hotspot
40,587194.193,517557,Suelo_K,Residual_ajustado,2.24434487836787,1.5801315313719306,-1.893984558474156,1.8554237997405167,0.116,Sin_clasificar
41,587192.224,517555,Suelo_K,Residual_ajustado,8.929761659446184,0.11459324396589676,-1.97616782168011,1.8506660975416396,0.914,Sin_clasificar
42,587190.146,517554,Suelo_K,Residual_ajustado,-0.007678791167702648,0.5931416909541899,-1.922640579132338,1.8387517981857848,0.546,Sin_clasificar
43,587191.692,517552,Suelo_K,Residual_ajustado,4.521089477330524,0.7187758936647637,-1.962682791960523,1.8124266177765906,0.498,Sin_clasificar
44,587193.77,517553,Suelo_K,Residual_ajustado,-3.4398931212393444,1.453427930240565,-1.908845059660664,1.825643356444715,0.134,Sin_clasificar
45,587195.739,517555,Suelo_K,Residual_ajustado,15.93182758911815,2.2538775388150323,-1.9311435636498455,1.8409137335174433,0.018,Hotspot
46,587197.805,517557,Suelo_K,Residual_ajustado,16.552365079302174,3.8098182317724167,-1.8701825142452155,1.665870295858315,0.002,Hotspot
47,587199.328,517558,Suelo_K,Residual_ajustado,13.309769330758272,2.656279120107044,-1.888386494889787,1.8422118678459902,0.006,Hotspot
48,587201.661,517560,Suelo_K,Residual_ajustado,-4.652034501398802,0.38676181523466163,-1.82827382879988,1.7712296934360179,0.672,Sin_clasificar
49,587203.586,517562,Suelo_K,Residual_ajustado,4.122099864050359,1.0815916595768655,-1.8500274085057797,1.9733856749273653,0.26,Sin_clasificar
50,587205.651,517563,Suelo_K,Residual_ajustado,9.307460685176903,1.3262579875255986,-2.0391594369549506,1.8697842864016565,0.202,Sin_clasificar
51,587207.621,517565,Suelo_K,Residual_ajustado,-0.28618517582270797,0.6562326487731454,-1.9009737513303833,1.757981059140616,0.476,Sin_clasificar
52,587209.552,517567,Suelo_K,Residual_ajustado,-2.706407408340664,-1.3514415281716161,-1.9698112657478353,1.893837113633937,0.16,Sin_clasificar
53,587211.663,517569,Suelo_K,Residual_ajustado,-12.440015089222529,-1.8815941056658658,-2.0192557120829004,1.9552536593442722,0.05,Sin_clasificar
54,587213.632,517570,Suelo_K,Residual_ajustado,-4.069235507697347,-2.0922872939821477,-2.020770231811183,1.7293451966885987,0.024,Coldspot
55,587215.742,517572,Suelo_K,Residual_ajustado,-6.46603678532163,0.3184694554018622,-1.8769589900164254,1.8674642771657073,0.71,Sin_clasificar
56,587217.533,517574,Suelo_K,Residual_ajustado,7.18344041383227,1.2587750093174215,-1.9629488651078144,1.8876223594208807,0.212,Sin_clasificar
1,587212.895,517579,Suelo_N,Original,22.427024753216713,3.833249647074244,-1.8312066089296692,1.7258304765865495,0.002,Hotspot
2,587211.104,517578,Suelo_N,Original,23.560660362417142,3.833249647074244,-1.8312066089296692,1.7258304765865495,0.002,Hotspot
3,587208.994,517576,Suelo_N,Original,20.902369398335367,3.107179112569597,-1.9487300840336026,1.8970118952937085,0.004,Hotspot
4,587207.025,517574,Suelo_N,Original,18.73628086611692,2.0598042073063096,-1.8785846037398293,2.0090363845039625,0.04,Hotspot
5,587204.915,517572,Suelo_N,Original,21.150811636635034,0.11476280507089809,-1.9056773448692343,1.952698597049932,0.872,Sin_clasificar
6,587202.983,517570,Suelo_N,Original,10.55382148641013,-0.6741414591517703,-1.8527549870622795,1.8051224469084102,0.452,Sin_clasificar
7,587201.014,517569,Suelo_N,Original,14.123732236809962,-1.6461605367172827,-1.9167503825205539,1.7827555737676253,0.1,Sin_clasificar
8,587198.948,517567,Suelo_N,Original,12.466164086525746,-2.5899639349899144,-2.0094692910458827,1.9445324729158693,0.006,Coldspot
9,587197.023,517566,Suelo_N,Original,8.709670951393623,-2.995048305363687,-1.947984536222337,1.7619753166532242,0.004,Coldspot
10,587194.69,517564,Suelo_N,Original,10.5044462927879,-3.648268825031702,-1.855542849449043,1.931946271687726,0.002,Coldspot
11,587193.167,517562,Suelo_N,Original,9.041590553866788,-2.8608865989249708,-1.7402010010138966,2.01314404448817,0.008,Coldspot
12,587191.101,517561,Suelo_N,Original,10.742533285444937,-2.9213027627388573,-1.7796277140861192,1.8932438552354358,0.004,Coldspot
13,587189.132,517559,Suelo_N,Original,9.964649182665944,-2.3094574242715016,-1.948529213558892,1.8482720338001457,0.018,Coldspot
14,587187.054,517557,Suelo_N,Original,14.866279584705195,-1.3687929672543202,-1.9327149328043924,1.6489628971631918,0.158,Sin_clasificar
15,587188.6,517555,Suelo_N,Original,15.339998739322306,-0.5634056668988592,-1.9786051580602217,1.8162862354276794,0.554,Sin_clasificar
16,587190.678,517557,Suelo_N,Original,12.275055004772081,-1.538113432022003,-1.8114821871383575,1.8773690317821916,0.124,Sin_clasificar
17,587192.647,517559,Suelo_N,Original,11.948453872332482,-2.0074328913028094,-2.0286360022494034,1.7911524785651642,0.046,Sin_clasificar
18,587194.713,517560,Suelo_N,Original,12.633121782604167,-2.0619602700843473,-1.8635666425053798,1.9184222048621762,0.028,Coldspot
19,587196.236,517562,Suelo_N,Original,11.259529776952602,-1.5610476897013301,-1.825019892315349,1.9444311931564142,0.114,Sin_clasificar
20,587198.569,517564,Suelo_N,Original,8.319925793702573,-3.1866279606033405,-1.8455078248506558,1.7817703982100124,0.002,Coldspot
21,587200.494,517565,Suelo_N,Original,13.671251145031947,-1.3185920224128098,-1.8493256530594433,2.0575106527102855,0.202,Sin_clasificar
22,587202.56,517567,Suelo_N,Original,16.016362224247217,-0.2740458912330996,-1.7672852654583977,2.065224468373538,0.774,Sin_clasificar
23,587204.529,517569,Suelo_N,Original,12.563214588997907,-0.9518261781819546,-1.9240516496190214,1.9091312537996066,0.302,Sin_clasificar
24,587206.461,517570,Suelo_N,Original,18.452394886895814,0.6932308392324098,-1.9039460160768025,1.9305822849355576,0.476,Sin_clasificar
25,587208.571,517572,Suelo_N,Original,17.726247836111167,0.9388258764102342,-1.9019334571017055,1.8504663918602706,0.35,Sin_clasificar
26,587210.54,517574,Suelo_N,Original,20.31907248702906,2.4428778453168416,-1.8698380095923341,1.8610258255860441,0.012,Hotspot
27,587212.65,517576,Suelo_N,Original,24.674324396962845,3.5261976737933307,-1.8836809008734745,2.0934672973689383,0.002,Hotspot
28,587214.441,517577,Suelo_N,Original,23.115512683275966,3.7051931837305583,-1.8716696249250178,1.8380785618973061,0.002,Hotspot
29,587215.987,517575,Suelo_N,Original,23.051969831657853,2.915521464716902,-1.899524674430627,1.897421610270528,0.004,Hotspot
30,587214.196,517574,Suelo_N,Original,20.266920604752585,2.762168460479034,-2.0115595077048867,1.7695472889451012,0.004,Hotspot
31,587212.086,517572,Suelo_N,Original,18.63539592107022,1.038928610599307,-1.846749989448146,2.1167453728811796,0.276,Sin_clasificar
32,587210.117,517570,Suelo_N,Original,13.585240219156278,0.057793497074938624,-1.856476755233176,1.9326825679213875,0.926,Sin_clasificar
33,587208.007,517569,Suelo_N,Original,16.732262330262238,-0.18528265041871309,-1.95076644403186,1.841604651136502,0.884,Sin_clasificar
34,587206.075,517567,Suelo_N,Original,14.341133983357802,0.1097984643081106,-1.9319944316133824,2.0631413290558083,0.902,Sin_clasificar
35,587204.105,517565,Suelo_N,Original,21.60809473204378,1.0434659679080216,-1.8516806870383742,1.797634620530014,0.25,Sin_clasificar
36,587202.04,517564,Suelo_N,Original,18.17630048949416,0.05484365973664849,-1.8000519227507736,1.9057567482919362,0.884,Sin_clasificar
37,587200.115,517562,Suelo_N,Original,8.792749658504807,-2.052250174259587,-1.9650513554345814,1.8316907709403993,0.03,Coldspot
38,587197.782,517560,Suelo_N,Original,14.96107532768393,-0.2928209099686559,-2.0318846010390317,1.8798266259798169,0.804,Sin_clasificar
39,587196.259,517559,Suelo_N,Original,17.125574705023062,-0.3040930024606038,-1.9063795796222736,2.012430770723679,0.762,Sin_clasificar
40,587194.193,517557,Suelo_N,Original,14.896289638923177,-0.2621643032016265,-2.1262525317089613,1.9979338403394373,0.686,Sin_clasificar
41,587192.224,517555,Suelo_N,Original,17.160500587598666,-0.3525964259235384,-1.7957692998210781,1.8129147441407931,0.782,Sin_clasificar
42,587190.146,517554,Suelo_N,Original,15.755493495217394,-0.3713772726329144,-1.9036014454049885,1.843763861577332,0.732,Sin_clasificar
43,587191.692,517552,Suelo_N,Original,16.58198554388247,0.17911339115293018,-2.0302064637377835,1.9091855085065896,0.848,Sin_clasificar
44,587193.77,517553,Suelo_N,Original,17.193494884141167,0.360205620247125,-1.8703734491978543,1.7673760808815975,0.764,Sin_clasificar
45,587195.739,517555,Suelo_N,Original,16.957993920739654,0.4337332836953241,-1.8084575759498283,2.086211962083997,0.692,Sin_clasificar
46,587197.805,517557,Suelo_N,Original,18.098133134069215,0.3449730625126259,-1.9470330350315355,1.970340771966829,0.776,Sin_clasificar
47,587199.328,517558,Suelo_N,Original,16.370593814432546,-0.08293348393062243,-2.0664838397223515,1.9278294952969766,0.926,Sin_clasificar
48,587201.661,517560,Suelo_N,Original,13.134799884721755,-0.9512595603910122,-2.0599547170197883,1.8691658732496501,0.328,Sin_clasificar
49,587203.586,517562,Suelo_N,Original,18.67277101463703,1.2057638914733662,-1.7190698991477336,1.8266832475947417,0.19,Sin_clasificar
50,587205.651,517563,Suelo_N,Original,19.612267168869977,1.5451912059789956,-1.6963436935849203,1.980418785981532,0.122,Sin_clasificar
51,587207.621,517565,Suelo_N,Original,16.167463196993857,0.7792688812140016,-1.8547909208532136,1.8655319218673112,0.48,Sin_clasificar
52,587209.552,517567,Suelo_N,Original,15.664691750326035,-0.4491642705721171,-1.925342650975172,2.0816323751530503,0.604,Sin_clasificar
53,587211.663,517569,Suelo_N,Original,14.268376489088714,-0.15338761508818036,-1.782592118992699,1.9011363813242537,0.914,Sin_clasificar
54,587213.632,517570,Suelo_N,Original,16.906989679135897,0.16188577763946607,-1.8693258424926027,1.9869638591270729,0.852,Sin_clasificar
55,587215.742,517572,Suelo_N,Original,18.48154829250872,2.2206397474441544,-1.8518336280866605,1.7829277267140542,0.014,Hotspot
56,587217.533,517574,Suelo_N,Original,21.564362627899754,2.915521464716902,-1.899524674430627,1.897421610270528,0.004,Hotspot
1,587212.895,517579,Suelo_N,Residual_ajustado,2.3024065233445397,1.8413247118666842,-1.9477468573617605,1.774285191756436,0.094,Hotspot
2,587211.104,517578,Suelo_N,Residual_ajustado,1.9875186972589138,1.8413247118666842,-1.9477468573617605,1.774285191756436,0.094,Hotspot
3,587208.994,517576,Suelo_N,Residual_ajustado,1.7141853924242925,1.1345411879055982,-1.9535886436935086,1.9698830541963526,0.288,Sin_clasificar
4,587207.025,517574,Suelo_N,Residual_ajustado,1.2074561894849292,1.07300645140043,-1.9704243316325059,1.7821183259762359,0.276,Sin_clasificar
5,587204.915,517572,Suelo_N,Residual_ajustado,0.924958278680166,-1.0377428196291942,-2.030524933992282,1.816946164110922,0.252,Sin_clasificar
6,587202.983,517570,Suelo_N,Residual_ajustado,-5.273727915816377,-1.2620285054566014,-1.86232875933104,1.7829441241444073,0.162,Sin_clasificar
7,587201.014,517569,Suelo_N,Residual_ajustado,-0.6475907350273116,-1.918886966131664,-1.94767839846907,1.8465011445113673,0.042,Sin_clasificar
8,587198.948,517567,Suelo_N,Residual_ajustado,-3.2415931092726553,-2.5545723353806093,-1.9626687632559912,1.7739744276831084,0.012,Coldspot
9,587197.023,517566,Suelo_N,Residual_ajustado,-5.539755510906672,-2.863555534992294,-1.923792195834202,1.727204921418286,0.004,Coldspot
10,587194.69,517564,Suelo_N,Residual_ajustado,-2.6075173497703004,-2.667237191778111,-1.944123168136327,1.6793965517199267,0.006,Coldspot
11,587193.167,517562,Suelo_N,Residual_ajustado,-2.614968692805794,-1.8901997668992168,-2.3284110083462783,1.8587711744022024,0.086,Sin_clasificar
12,587191.101,517561,Suelo_N,Residual_ajustado,-3.139649049036518,-2.0924076987877975,-2.2252787117634765,1.916356309879442,0.048,Sin_clasificar
13,587189.132,517559,Suelo_N,Residual_ajustado,-3.8901524830676264,-1.8073743411159169,-2.0507699804174084,1.75636266763619,0.07,Sin_clasificar
14,587187.054,517557,Suelo_N,Residual_ajustado,1.5275375842675285,-0.5373964844357796,-1.8920638957956462,1.889776070050984,0.546,Sin_clasificar
15,587188.6,517555,Suelo_N,Residual_ajustado,1.0476907455067583,0.5668209083901341,-2.0738320043411576,1.8078137703991226,0.564,Sin_clasificar
16,587190.678,517557,Suelo_N,Residual_ajustado,-2.101643170498468,-0.8971221514107307,-1.9378443342681257,1.951312979162941,0.386,Sin_clasificar
17,587192.647,517559,Suelo_N,Residual_ajustado,-3.860538451548596,-1.2767465524991655,-2.084406391497978,1.81336571357026,0.242,Sin_clasificar
18,587194.713,517560,Suelo_N,Residual_ajustado,0.23285391872012703,-0.19515946415806665,-2.155121917066981,1.7978722478038307,0.894,Sin_clasificar
19,587196.236,517562,Suelo_N,Residual_ajustado,0.5565365236578949,0.9743505410479518,-2.1002351007176716,1.7884522762846533,0.32,Sin_clasificar
20,587198.569,517564,Suelo_N,Residual_ajustado,-6.712979114064046,-3.3429380443198236,-1.848844135549447,1.9140919354959278,0.002,Coldspot
21,587200.494,517565,Suelo_N,Residual_ajustado,-0.06211565197244168,-1.2875658224858095,-1.9601478269106796,1.8323745189282326,0.17,Sin_clasificar
22,587202.56,517567,Suelo_N,Residual_ajustado,0.5857208166534948,-0.1497446316821396,-1.7778400971252981,1.8138280388004997,0.788,Sin_clasificar
23,587204.529,517569,Suelo_N,Residual_ajustado,-3.594595873203471,-1.4043452418801738,-2.0479554800788238,1.815043821385527,0.148,Sin_clasificar
24,587206.461,517570,Suelo_N,Residual_ajustado,0.15335151834056734,0.03671517727432378,-1.8576892068476683,1.7366686177995845,0.972,Sin_clasificar
25,587208.571,517572,Suelo_N,Residual_ajustado,2.0903338834467613,0.12792441278503117,-2.1438617590244125,1.99535200340182,0.926,Sin_clasificar
26,587210.54,517574,Suelo_N,Residual_ajustado,0.8693065451886468,0.7693050320002401,-1.8049617347855247,1.72399294182387,0.39,Sin_clasificar
27,587212.65,517576,Suelo_N,Residual_ajustado,1.418097495298292,1.5974943760434246,-1.9596588191496704,1.9225290516475417,0.146,Sin_clasificar
28,587214.441,517577,Suelo_N,Residual_ajustado,4.257589737339775,1.7816511909294457,-1.749772905088579,1.8380741073689109,0.08,Sin_clasificar
29,587215.987,517575,Suelo_N,Residual_ajustado,1.7225529193929245,1.2554795839350135,-1.9125974934054075,1.8956376510634052,0.224,Sin_clasificar
30,587214.196,517574,Suelo_N,Residual_ajustado,1.600633108378498,0.22883381269043238,-1.8389893581154473,2.0553000587153534,0.894,Sin_clasificar
31,587212.086,517572,Suelo_N,Residual_ajustado,-1.212106520597294,-0.5508950261756075,-2.091313353042046,2.007688084927456,0.49,Sin_clasificar
32,587210.117,517570,Suelo_N,Residual_ajustado,-3.5090044670062293,-0.9847358523790636,-1.9617398438058804,1.8952572742402842,0.288,Sin_clasificar
33,587208.007,517569,Suelo_N,Residual_ajustado,0.6588420495158585,-0.729601025861333,-2.0036158684120036,1.8569570732485152,0.418,Sin_clasificar
34,587206.075,517567,Suelo_N,Residual_ajustado,-0.7787203040106971,-0.18881384910757945,-1.8488953465520308,2.0071082581039743,0.784,Sin_clasificar
35,587204.105,517565,Suelo_N,Residual_ajustado,2.7687288644530224,1.1523304032025619,-1.9774183565765693,1.899246844308303,0.296,Sin_clasificar
36,587202.04,517564,Suelo_N,Residual_ajustado,1.263744611303024,-0.02545487019088846,-1.891413810256823,1.9862300131318038,0.946,Sin_clasificar
37,587200.115,517562,Suelo_N,Residual_ajustado,-5.648312253357593,-2.004019517519961,-1.921226976512065,1.8736717529973,0.034,Coldspot
38,587197.782,517560,Suelo_N,Residual_ajustado,3.5503869595312123,3.0395564260444883,-2.0606600578075454,1.6996658417127248,0.004,Hotspot
39,587196.259,517559,Suelo_N,Residual_ajustado,4.448191052934347,2.380113594332065,-2.189184458587641,1.78606716144205,0.022,Hotspot
40,587194.193,517557,Suelo_N,Residual_ajustado,0.7703825515483882,1.6097744026223184,-2.007240415435415,1.86506015603292,0.13,Sin_clasificar
41,587192.224,517555,Suelo_N,Residual_ajustado,3.1140634723029863,0.08502681131334397,-1.9569265711579698,1.7687576685276234,0.886,Sin_clasificar
42,587190.146,517554,Suelo_N,Residual_ajustado,0.0077811055162334,0.5697266177248721,-2.0257711687853694,1.9348026141236314,0.586,Sin_clasificar
43,587191.692,517552,Suelo_N,Residual_ajustado,1.5459689328554698,0.7037920357671329,-2.0295098371930007,1.9573621266248207,0.49,Sin_clasificar
44,587193.77,517553,Suelo_N,Residual_ajustado,-1.251246186882873,1.4433694789085678,-2.1507835800514816,1.935110416672208,0.134,Sin_clasificar
45,587195.739,517555,Suelo_N,Residual_ajustado,5.73894100214904,2.280845297421215,-2.0723623794540726,1.965392075723377,0.026,Hotspot
46,587197.805,517557,Suelo_N,Residual_ajustado,6.095601770012275,3.8565645249197082,-2.219824774602628,1.7285622364341056,0.002,Hotspot
47,587199.328,517558,Suelo_N,Residual_ajustado,4.6296443863049594,2.7071238633693877,-2.1236626004485117,1.7664606409748025,0.004,Hotspot
48,587201.661,517560,Suelo_N,Residual_ajustado,-1.5521329056605144,0.39350745042564245,-1.8487874200982815,1.838416711302472,0.634,Sin_clasificar
49,587203.586,517562,Suelo_N,Residual_ajustado,1.516490383552559,1.1771377904986788,-1.9774448436475758,1.8481656961182158,0.29,Sin_clasificar
50,587205.651,517563,Suelo_N,Residual_ajustado,3.469929982602095,1.3821154145325052,-2.080559964448821,1.9297803480209488,0.164,Sin_clasificar
51,587207.621,517565,Suelo_N,Residual_ajustado,-0.25192920113687584,0.639362547259364,-2.0340780058692247,1.8925080092295314,0.564,Sin_clasificar
52,587209.552,517567,Suelo_N,Residual_ajustado,-1.152437147631796,-1.3445876463819573,-1.826286107489393,1.8900798339584002,0.138,Sin_clasificar
53,587211.663,517569,Suelo_N,Residual_ajustado,-4.274391632359865,-1.7958236672989938,-1.8990605820553461,1.912235675404868,0.072,Sin_clasificar
54,587213.632,517570,Suelo_N,Residual_ajustado,-1.243238151942283,-1.9416838250200845,-2.021606733680242,1.9093740148365752,0.042,Sin_clasificar
55,587215.742,517572,Suelo_N,Residual_ajustado,-2.0776499278329523,0.38827190944438444,-1.9911109257780195,1.9030188481265942,0.724,Sin_clasificar
56,587217.533,517574,Suelo_N,Residual_ajustado,2.460568803443695,1.2554795839350135,-1.9125974934054075,1.8956376510634052,0.224,Sin_clasificar
1,587212.895,517579,Suelo_P,Original,31.98278557698091,3.8644025451714183,-1.8153885384547364,1.884898991674799,0.002,Hotspot
2,587211.104,517578,Suelo_P,Original,33.26813010971999,3.8644025451714183,-1.8153885384547364,1.884898991674799,0.002,Hotspot
3,587208.994,517576,Suelo_P,Original,29.280772308596628,3.11472066151827,-1.9155181714398661,2.0557990979424234,0.004,Hotspot
4,587207.025,517574,Suelo_P,Original,27.05917647910598,2.111510797668094,-1.9703014402172476,1.978787712506553,0.03,Hotspot
5,587204.915,517572,Suelo_P,Original,30.062505935158978,0.1718779523148376,-1.860568282578539,1.9437008554881792,0.872,Sin_clasificar
6,587202.983,517570,Suelo_P,Original,14.678825809389854,-0.6923093756479127,-1.8829985810525236,1.8508816787781774,0.478,Sin_clasificar
7,587201.014,517569,Suelo_P,Original,19.85889325347906,-1.6542986364250332,-1.8500396286885206,1.764290694620289,0.1,Sin_clasificar
8,587198.948,517567,Suelo_P,Original,17.940420264903995,-2.4607535228514896,-1.9919737446943206,2.0171023099316194,0.012,Coldspot
9,587197.023,517566,Suelo_P,Original,12.961889519778692,-2.832931966141342,-1.7524519931883111,2.0401809475259354,0.006,Coldspot
10,587194.69,517564,Suelo_P,Original,15.16904986527205,-3.5249378460970537,-2.091414845501728,1.9297005952989579,0.002,Coldspot
11,587193.167,517562,Suelo_P,Original,12.667347528310373,-2.819344751452182,-1.839823686107342,1.843514350706193,0.004,Coldspot
12,587191.101,517561,Suelo_P,Original,15.39784089115294,-2.918432378623827,-1.9887520357871051,1.7920910760971376,0.002,Coldspot
13,587189.132,517559,Suelo_P,Original,13.920440598608678,-2.3131564941993275,-1.9646311325309205,1.9461974252597676,0.02,Coldspot
14,587187.054,517557,Suelo_P,Original,20.866984207334028,-1.3838745011925238,-1.862401608511095,1.8449889484478255,0.174,Sin_clasificar
15,587188.6,517555,Suelo_P,Original,21.65602791257174,-0.5897130751024997,-1.9234174854989086,1.7429454706837568,0.532,Sin_clasificar
16,587190.678,517557,Suelo_P,Original,17.16568873879705,-1.5736219419482644,-2.196118563302093,1.819931385653476,0.102,Sin_clasificar
17,587192.647,517559,Suelo_P,Original,16.984244434043607,-2.0101226608463216,-1.8603048535146047,1.821449768611196,0.034,Coldspot
18,587194.713,517560,Suelo_P,Original,17.738206878881982,-2.0659703311783293,-1.9709539395820395,1.9878704719243339,0.044,Coldspot
19,587196.236,517562,Suelo_P,Original,16.05217296569518,-1.5499713045419776,-1.982953590552772,1.9561890343701522,0.138,Sin_clasificar
20,587198.569,517564,Suelo_P,Original,12.215007861599805,-3.0915613702740377,-2.0276015934673133,2.0571218144287156,0.004,Coldspot
21,587200.494,517565,Suelo_P,Original,19.499108760555256,-1.2313306839413343,-1.7443386801711402,1.8576853856715339,0.218,Sin_clasificar
22,587202.56,517567,Suelo_P,Original,22.510711138719692,-0.298415233689737,-1.7841888879055112,1.8999885572483328,0.716,Sin_clasificar
23,587204.529,517569,Suelo_P,Original,17.648656674545162,-0.9380324097437328,-1.9657812986805592,2.0278053555181637,0.326,Sin_clasificar
24,587206.461,517570,Suelo_P,Original,26.200105430127255,0.7463911633485754,-1.905591706641121,1.8896456042955827,0.432,Sin_clasificar
25,587208.571,517572,Suelo_P,Original,25.326578967775372,0.9512750231441733,-1.8964536084165784,1.9576629670977108,0.364,Sin_clasificar
26,587210.54,517574,Suelo_P,Original,28.36166907241274,2.4228545179624983,-2.156672394460638,1.7829381925349943,0.014,Hotspot
27,587212.65,517576,Suelo_P,Original,34.762463810698314,3.505428665804729,-1.8831202680345043,2.185168185555403,0.002,Hotspot
28,587214.441,517577,Suelo_P,Original,32.88484736563646,3.7397726106916416,-1.7193577140906213,1.857756453984035,0.002,Hotspot
29,587215.987,517575,Suelo_P,Original,32.599996026109245,2.917920610365725,-1.8876047435043166,2.0829213807252174,0.006,Hotspot
30,587214.196,517574,Suelo_P,Original,28.378436944740066,2.733906651287896,-1.925664848489709,1.8816451004107848,0.004,Hotspot
31,587212.086,517572,Suelo_P,Original,26.282479916542062,0.9363295911097583,-2.0229728491262486,1.9040547754382255,0.352,Sin_clasificar
32,587210.117,517570,Suelo_P,Original,18.522970665932903,-0.005041639065381183,-2.054077846778762,1.9692209647991281,0.926,Sin_clasificar
33,587208.007,517569,Suelo_P,Original,23.650899525702513,-0.19195971808279005,-1.8691962202079764,2.0417987513200235,0.854,Sin_clasificar
34,587206.075,517567,Suelo_P,Original,20.624922736594954,0.1329742670817191,-1.7369217000033836,1.755613785457163,0.854,Sin_clasificar
35,587204.105,517565,Suelo_P,Original,30.20570722286271,1.0521802049551758,-1.9078951835931137,2.0303776150741237,0.264,Sin_clasificar
36,587202.04,517564,Suelo_P,Original,25.802104223548298,0.02127819594627429,-1.7867939025044413,1.9846650760181164,0.978,Sin_clasificar
37,587200.115,517562,Suelo_P,Original,11.910044883022156,-2.0582623602194876,-1.853396630469584,2.120531436611426,0.028,Coldspot
38,587197.782,517560,Suelo_P,Original,20.9846774760165,-0.3348147095720243,-1.808117451326789,1.8951126659479536,0.76,Sin_clasificar
39,587196.259,517559,Suelo_P,Original,24.008035062235408,-0.3602217018483243,-1.9551650700359806,1.9485733524917954,0.736,Sin_clasificar
40,587194.193,517557,Suelo_P,Original,20.867765845073283,-0.31222843850651205,-2.046014850933039,2.019619486412823,0.702,Sin_clasificar
41,587192.224,517555,Suelo_P,Original,23.927717431718307,-0.3885946751463764,-1.8744818936441456,2.0931899406531933,0.676,Sin_clasificar
42,587190.146,517554,Suelo_P,Original,22.435996795891672,-0.37198423085194937,-1.933911040675448,1.9752752973549161,0.67,Sin_clasificar
43,587191.692,517552,Suelo_P,Original,23.610598726230702,0.18541824865863252,-2.063153338104539,1.8624550423151023,0.812,Sin_clasificar
44,587193.77,517553,Suelo_P,Original,24.189551566518677,0.3524855510868957,-2.0010957328994214,1.8743276151362094,0.742,Sin_clasificar
45,587195.739,517555,Suelo_P,Original,23.76125323608293,0.3657173742613715,-2.1443362561532675,2.0703317944646678,0.746,Sin_clasificar
46,587197.805,517557,Suelo_P,Original,25.34556469232888,0.2769655262977154,-1.8739765447735626,1.889907152008202,0.846,Sin_clasificar
47,587199.328,517558,Suelo_P,Original,22.87395482604952,-0.17064625296842542,-1.9356396845382695,1.9568851879326474,0.88,Sin_clasificar
48,587201.661,517560,Suelo_P,Original,18.120869755194413,-1.052235994601827,-1.8936132686322598,1.6371563415349526,0.278,Sin_clasificar
49,587203.586,517562,Suelo_P,Original,26.334588472618876,1.1569193470263524,-2.1035764370987495,1.8988089396685675,0.258,Sin_clasificar
50,587205.651,517563,Suelo_P,Original,27.598567677766354,1.546409292588309,-1.9892676709720294,1.8076643792000318,0.108,Sin_clasificar
51,587207.621,517565,Suelo_P,Original,23.028856445181873,0.7967788811084586,-1.981995286511522,1.9699309781518877,0.482,Sin_clasificar
52,587209.552,517567,Suelo_P,Original,22.065631172485908,-0.5220275577890807,-1.8664622109789586,2.0692044735965895,0.538,Sin_clasificar
53,587211.663,517569,Suelo_P,Original,19.63696663157556,-0.25702292291659445,-2.085375810022314,2.0011028348859417,0.808,Sin_clasificar
54,587213.632,517570,Suelo_P,Original,23.73661571011339,0.04807385533136324,-1.9445353694719458,2.20209478644163,0.938,Sin_clasificar
55,587215.742,517572,Suelo_P,Original,25.910174385632427,2.1919316306549947,-1.840160259248851,2.0085110308830316,0.038,Hotspot
56,587217.533,517574,Suelo_P,Original,30.478867544831353,2.917920610365725,-1.8876047435043166,2.0829213807252174,0.006,Hotspot
1,587212.895,517579,Suelo_P,Residual_ajustado,3.616019139848009,1.9418655501644535,-1.8375980300108243,1.918639794921381,0.05,Hotspot
2,587211.104,517578,Suelo_P,Residual_ajustado,2.9880538003534642,1.9418655501644535,-1.8375980300108243,1.918639794921381,0.05,Hotspot
3,587208.994,517576,Suelo_P,Residual_ajustado,2.3454872861922778,1.151614023533709,-1.9622110709915501,1.9104198078326489,0.33,Sin_clasificar
4,587207.025,517574,Suelo_P,Residual_ajustado,2.12693081090076,1.12285836822052,-1.9435138242185523,1.9843426213576265,0.26,Sin_clasificar
5,587204.915,517572,Suelo_P,Residual_ajustado,1.5239587138310033,-0.9677011736070124,-1.9347839260197506,1.8350376928789156,0.28,Sin_clasificar
6,587202.983,517570,Suelo_P,Residual_ajustado,-7.496049411238319,-1.2425257371123555,-2.0517170731695034,1.9024522765040845,0.196,Sin_clasificar
7,587201.014,517569,Suelo_P,Residual_ajustado,-0.8420039143253579,-1.8826609932588045,-2.0112082882455224,2.0680252081467234,0.062,Sin_clasificar
8,587198.948,517567,Suelo_P,Residual_ajustado,-4.191958317629023,-2.3866377301891375,-1.953421128894557,1.733222821717599,0.012,Coldspot
9,587197.023,517566,Suelo_P,Residual_ajustado,-7.243134341129392,-2.68753747716913,-1.9526947240941948,1.9240461937692919,0.002,Coldspot
10,587194.69,517564,Suelo_P,Residual_ajustado,-3.5288079483332484,-2.541238011259056,-2.0494111161251616,1.926711944239848,0.016,Coldspot
11,587193.167,517562,Suelo_P,Residual_ajustado,-3.7107196978833072,-1.8674596942078407,-2.299413978955046,1.8055275569256826,0.086,Sin_clasificar
12,587191.101,517561,Suelo_P,Residual_ajustado,-4.348957206961871,-2.108752307970434,-2.1637320080375044,1.7054703952496313,0.044,Sin_clasificar
13,587189.132,517559,Suelo_P,Residual_ajustado,-5.683365984823557,-1.8265053860060656,-2.1756014064355997,1.5887060838334932,0.076,Sin_clasificar
14,587187.054,517557,Suelo_P,Residual_ajustado,1.9769366012403784,-0.5561468298893566,-1.9234044287447076,1.8014217596032247,0.62,Sin_clasificar
15,587188.6,517555,Suelo_P,Residual_ajustado,1.6071387292145745,0.5637448542308775,-2.002759826816707,1.7782350589552571,0.596,Sin_clasificar
16,587190.678,517557,Suelo_P,Residual_ajustado,-2.9339911515315173,-0.8974706989954541,-2.046370927789507,1.8880712796339174,0.412,Sin_clasificar
17,587192.647,517559,Suelo_P,Residual_ajustado,-5.319914932684455,-1.2627433706830986,-2.153529668417905,1.6170544360858214,0.278,Sin_clasificar
18,587194.713,517560,Suelo_P,Residual_ajustado,0.23341653943830892,-0.20344132620481087,-2.012178138104093,1.8833847709316998,0.898,Sin_clasificar
19,587196.236,517562,Suelo_P,Residual_ajustado,0.8329473167650152,0.9776250054892779,-1.8255348025824627,1.8575695156537364,0.308,Sin_clasificar
20,587198.569,517564,Suelo_P,Residual_ajustado,-9.04159234630073,-3.222149310101508,-1.9532972241686863,1.9787868657808025,0.002,Coldspot
21,587200.494,517565,Suelo_P,Residual_ajustado,0.007843876985756781,-1.1992696347363518,-2.0276308636755336,1.9522581022190457,0.274,Sin_clasificar
22,587202.56,517567,Suelo_P,Residual_ajustado,0.7338815646366859,-0.16634787312864577,-2.0095645647330307,1.9549216949126933,0.866,Sin_clasificar
23,587204.529,517569,Suelo_P,Residual_ajustado,-5.014589113219836,-1.3871883356630443,-1.999921851116956,2.0113130004301545,0.164,Sin_clasificar
24,587206.461,517570,Suelo_P,Residual_ajustado,0.21891947741252737,0.10369759429893868,-1.9716659582431584,1.690343375926364,0.972,Sin_clasificar
25,587208.571,517572,Suelo_P,Residual_ajustado,3.1592064869067062,0.09003922549237064,-1.8165322224589229,1.9428933017887964,0.926,Sin_clasificar
26,587210.54,517574,Suelo_P,Residual_ajustado,0.8706810099122909,0.7389788596995298,-1.9405925364462768,1.9018948635978088,0.45,Sin_clasificar
27,587212.65,517576,Suelo_P,Residual_ajustado,1.9518773547310075,1.5888900942828466,-1.958277034780386,1.8353618962900693,0.106,Sin_clasificar
28,587214.441,517577,Suelo_P,Residual_ajustado,6.437932910368955,1.8245268060679907,-1.8825269143247905,1.8581752541289136,0.06,Sin_clasificar
29,587215.987,517575,Suelo_P,Residual_ajustado,2.346770838755185,1.2345955523394307,-1.8906508284428494,1.7757690098120102,0.224,Sin_clasificar
30,587214.196,517574,Suelo_P,Residual_ajustado,1.9390252292320669,0.13605035903686957,-1.7777062186957602,1.7256961370476307,0.912,Sin_clasificar
31,587212.086,517572,Suelo_P,Residual_ajustado,-1.7287375121408601,-0.725686588762493,-2.112370935460209,1.8887104553806975,0.41,Sin_clasificar
32,587210.117,517570,Suelo_P,Residual_ajustado,-5.571756536560703,-1.0609996698840989,-1.8107852002127287,1.9589799537565287,0.276,Sin_clasificar
33,587208.007,517569,Suelo_P,Residual_ajustado,1.0384444449089145,-0.7634060160236383,-2.0445670843597146,1.710139325169075,0.452,Sin_clasificar
34,587206.075,517567,Suelo_P,Residual_ajustado,-0.8286907669351271,-0.1529156148074316,-1.9270879987012124,2.037081816208441,0.82,Sin_clasificar
35,587204.105,517565,Suelo_P,Residual_ajustado,3.629508621495318,1.113940764014963,-1.871111399701209,1.8993116323564427,0.302,Sin_clasificar
36,587202.04,517564,Suelo_P,Residual_ajustado,1.783266890794153,-0.06640685622962268,-1.8341763704908614,1.9064689947049889,0.922,Sin_clasificar
37,587200.115,517562,Suelo_P,Residual_ajustado,-8.302481717645438,-2.0250562886302133,-2.0454243710684143,1.7968765312303028,0.04,Sin_clasificar
38,587197.782,517560,Suelo_P,Residual_ajustado,5.04419010998824,3.0048418400971846,-1.9761676561701471,1.6987670725518584,0.006,Hotspot
39,587196.259,517559,Suelo_P,Residual_ajustado,6.147695714341718,2.3384340019151604,-1.9554278627452122,1.7535185934997264,0.016,Hotspot
40,587194.193,517557,Suelo_P,Residual_ajustado,1.094116624945969,1.5753395266260497,-1.993696142701702,1.9827474234659963,0.126,Sin_clasificar
41,587192.224,517555,Suelo_P,Residual_ajustado,4.316408108526564,0.08493683904291535,-1.8649375347167703,1.840769577328031,0.864,Sin_clasificar
42,587190.146,517554,Suelo_P,Residual_ajustado,0.06731702512288795,0.6150426324537006,-1.937974492997662,1.8618163492845454,0.538,Sin_clasificar
43,587191.692,517552,Suelo_P,Residual_ajustado,2.4349864296235437,0.7436719736780375,-1.971511172726609,1.8425881140511593,0.466,Sin_clasificar
44,587193.77,517553,Suelo_P,Residual_ajustado,-1.7854297573728672,1.4403868748425015,-2.0637828927603996,1.6829558647822211,0.126,Sin_clasificar
45,587195.739,517555,Suelo_P,Residual_ajustado,7.828268609814176,2.2190446467894747,-1.8488329388401117,1.852272409542444,0.022,Hotspot
46,587197.805,517557,Suelo_P,Residual_ajustado,8.361003719067678,3.7882597524122827,-2.091882902781743,1.9477186064834413,0.002,Hotspot
47,587199.328,517558,Suelo_P,Residual_ajustado,6.4450968928844325,2.6283051411655904,-1.9497256800637075,1.9416353325266504,0.01,Hotspot
48,587201.661,517560,Suelo_P,Residual_ajustado,-2.5292367056386036,0.32998002244768276,-1.935885120087731,1.916524323155147,0.858,Sin_clasificar
49,587203.586,517562,Suelo_P,Residual_ajustado,2.288900017852229,1.0976428937543494,-1.695762571130698,2.019011712568795,0.302,Sin_clasificar
50,587205.651,517563,Suelo_P,Residual_ajustado,4.6286706295217215,1.3596076392360774,-1.826314632178506,1.9040581886125731,0.196,Sin_clasificar
51,587207.621,517565,Suelo_P,Residual_ajustado,-0.19009238267924428,0.6233288913728281,-1.9158501767135938,1.891805598320826,0.594,Sin_clasificar
52,587209.552,517567,Suelo_P,Residual_ajustado,-1.673547021557681,-1.4299124618929917,-1.987468472444181,1.8840150700692335,0.124,Sin_clasificar
53,587211.663,517569,Suelo_P,Residual_ajustado,-6.371070443151669,-1.9412807351121053,-1.9728203487433347,1.9743594655292158,0.05,Sin_clasificar
54,587213.632,517570,Suelo_P,Residual_ajustado,-1.989037028056024,-2.1227703933213946,-1.8557289574704425,1.9145038981100337,0.022,Coldspot
55,587215.742,517572,Suelo_P,Residual_ajustado,-3.294110517212119,0.29084487674675247,-1.7252276901191705,1.852317116910166,0.83,Sin_clasificar
56,587217.533,517574,Suelo_P,Residual_ajustado,3.594373229398422,1.2345955523394307,-1.8906508284428494,1.7757690098120102,0.224,Sin_clasificar
1,587212.895,517579,Suelo_pH,Original,8.360371652669484,2.0280551765496257,-1.9341476943125309,1.6963236979870624,0.03,Hotspot
2,587211.104,517578,Suelo_pH,Original,8.217142527949312,2.0280551765496257,-1.9341476943125309,1.6963236979870624,0.03,Hotspot
3,587208.994,517576,Suelo_pH,Original,8.231251924454888,1.5101776197495553,-1.872298403425503,1.8992120390820104,0.11,Sin_clasificar
4,587207.025,517574,Suelo_pH,Original,7.42520932324566,0.06323039713097338,-1.8542504035095977,1.9416624760154821,0.968,Sin_clasificar
5,587204.915,517572,Suelo_pH,Original,7.0918728539374545,0.19908591099732456,-1.6408395781092864,2.0825501547581675,0.958,Sin_clasificar
6,587202.983,517570,Suelo_pH,Original,8.352391409188108,-0.11237231155256969,-1.725809578934858,1.7406243162875796,0.946,Sin_clasificar
7,587201.014,517569,Suelo_pH,Original,7.1257731622419325,0.7570011285824175,-1.8943604424068146,1.7392063730706386,0.45,Sin_clasificar
8,587198.948,517567,Suelo_pH,Original,8.676340309296256,1.9721019321839977,-1.7772766296267026,2.0823342575275516,0.054,Sin_clasificar
9,587197.023,517566,Suelo_pH,Original,8.355867033529973,1.91387545190544,-1.8808775950703445,1.9191308928536173,0.05,Sin_clasificar
10,587194.69,517564,Suelo_pH,Original,7.019653100617845,-0.7782177362323971,-1.9484437078958166,1.7155978159239322,0.414,Sin_clasificar
11,587193.167,517562,Suelo_pH,Original,6.212117508429258,-2.422703340267362,-1.903498277210068,1.9193165164618553,0.01,Coldspot
12,587191.101,517561,Suelo_pH,Original,6.534018154170608,-2.5301039617882948,-2.040924768549087,1.9132408759806268,0.01,Coldspot
13,587189.132,517559,Suelo_pH,Original,6.823911223043582,-2.2772899311810164,-1.7808747761034198,1.9334290407408687,0.026,Coldspot
14,587187.054,517557,Suelo_pH,Original,7.041364067333705,-2.405469245365084,-1.9033248137974192,1.7860355065793052,0.016,Coldspot
15,587188.6,517555,Suelo_pH,Original,6.8348240819865955,-2.5867895486571837,-2.032442910937535,1.6752371402142425,0.004,Coldspot
16,587190.678,517557,Suelo_pH,Original,6.543405977416025,-2.4128756523422794,-1.8968009473368679,1.9336509027105309,0.008,Coldspot
17,587192.647,517559,Suelo_pH,Original,7.150641894744437,-1.5286483010230545,-2.0212420144014396,1.7827226882405964,0.158,Sin_clasificar
18,587194.713,517560,Suelo_pH,Original,6.911888973434174,-2.1257738624229017,-2.0786533208527507,1.740672534159643,0.03,Coldspot
19,587196.236,517562,Suelo_pH,Original,6.619416589371271,-1.967608770789557,-2.0898936869285962,1.7714573015619184,0.052,Sin_clasificar
20,587198.569,517564,Suelo_pH,Original,8.618405408688286,2.76303886756439,-1.8302565228793382,2.104787726821377,0.002,Hotspot
21,587200.494,517565,Suelo_pH,Original,9.06164002492853,1.963727411789638,-2.0036228598548687,1.94659578453202,0.056,Hotspot
22,587202.56,517567,Suelo_pH,Original,6.798711077414722,0.05103774266035116,-2.0814476300147193,1.7854216948959538,0.928,Sin_clasificar
23,587204.529,517569,Suelo_pH,Original,8.670240740899265,0.7037013943285033,-1.6549274552750695,1.866924008489774,0.398,Sin_clasificar
24,587206.461,517570,Suelo_pH,Original,7.066919836938569,-0.9834750397855514,-1.8588358559298443,2.2112733492987524,0.32,Sin_clasificar
25,587208.571,517572,Suelo_pH,Original,7.020968261576204,-0.7942817785352241,-1.7953470591521186,2.053081949695012,0.394,Sin_clasificar
26,587210.54,517574,Suelo_pH,Original,8.589729757483079,1.5499351921936444,-1.9815789385713258,1.8763189932355697,0.098,Sin_clasificar
27,587212.65,517576,Suelo_pH,Original,8.532817089257899,2.396342706288226,-2.0143688470390275,1.7096429964166941,0.014,Hotspot
28,587214.441,517577,Suelo_pH,Original,8.598419743679832,2.4527906535544077,-1.7455687040859877,1.6896272445601959,0.01,Hotspot
29,587215.987,517575,Suelo_pH,Original,8.54937924767802,2.373260854691597,-2.009983210390369,2.017960234172328,0.012,Hotspot
30,587214.196,517574,Suelo_pH,Original,8.67311239861547,2.5539013278907934,-1.8128948439688362,2.088658335361993,0.008,Hotspot
31,587212.086,517572,Suelo_pH,Original,8.693843336757977,1.5118495853514158,-1.9089102208336195,1.753066898081122,0.146,Sin_clasificar
32,587210.117,517570,Suelo_pH,Original,6.6933551093884605,-1.1631467855246589,-1.7397600483660598,2.145521294771706,0.224,Sin_clasificar
33,587208.007,517569,Suelo_pH,Original,6.6013683990650165,-1.229738841846742,-1.807938502923318,1.9529645608197777,0.204,Sin_clasificar
34,587206.075,517567,Suelo_pH,Original,8.638052762327872,0.33344540217476376,-2.0196267860952384,1.764692846906157,0.686,Sin_clasificar
35,587204.105,517565,Suelo_pH,Original,6.680445520543301,-0.25267117157881946,-1.9770065113590258,2.0481749655365746,0.928,Sin_clasificar
36,587202.04,517564,Suelo_pH,Original,8.667666223947801,1.7605887551991812,-1.9147851919575654,2.061944402836237,0.072,Sin_clasificar
37,587200.115,517562,Suelo_pH,Original,8.567286987597425,2.6553902629921704,-1.9049880708081042,2.0109081598943788,0.008,Hotspot
38,587197.782,517560,Suelo_pH,Original,6.631368433301368,-1.2712160500391165,-2.0016832130546023,1.695307710990864,0.218,Sin_clasificar
39,587196.259,517559,Suelo_pH,Original,7.475420374491737,-0.42481910108681403,-1.9575200355572084,1.7555931940478995,0.742,Sin_clasificar
40,587194.193,517557,Suelo_pH,Original,8.317815276870693,-0.19504882302915347,-1.9823824683424809,1.842976666572922,0.878,Sin_clasificar
41,587192.224,517555,Suelo_pH,Original,6.493447803874131,-1.8826690249467761,-1.9359870752048376,1.7855436976763137,0.072,Sin_clasificar
42,587190.146,517554,Suelo_pH,Original,6.616224100728196,-2.6453137201511994,-1.9353297121648438,2.0603490251132643,0.002,Coldspot
43,587191.692,517552,Suelo_pH,Original,6.934701451703636,-2.4816660324180946,-1.9683676432105974,1.930096348815142,0.008,Coldspot
44,587193.77,517553,Suelo_pH,Original,6.841660356244952,-1.5949041372665524,-1.859086186791024,2.2102167622041033,0.106,Sin_clasificar
45,587195.739,517555,Suelo_pH,Original,8.450982683866304,-0.0037511062106011838,-1.7228886571174242,2.020489640599428,0.94,Sin_clasificar
46,587197.805,517557,Suelo_pH,Original,8.133049562655302,-0.2662633064403702,-1.9987061721854895,1.8019916547847514,0.848,Sin_clasificar
47,587199.328,517558,Suelo_pH,Original,7.067695768867427,-0.4213410964275346,-2.0760715251849313,1.8193434188410242,0.68,Sin_clasificar
48,587201.661,517560,Suelo_pH,Original,8.168347282392022,0.3656449133637111,-1.9938589043517938,1.87593628131476,0.644,Sin_clasificar
49,587203.586,517562,Suelo_pH,Original,8.475496056864344,0.40963517839355956,-1.8910018981322754,1.990190348948248,0.696,Sin_clasificar
50,587205.651,517563,Suelo_pH,Original,6.998413441942849,0.4606930242251475,-1.8756013872205726,1.763682193190865,0.6,Sin_clasificar
51,587207.621,517565,Suelo_pH,Original,8.261402224406721,-0.3635749967753643,-1.8976953044134517,2.0414913029062847,0.834,Sin_clasificar
52,587209.552,517567,Suelo_pH,Original,7.002848472223735,-1.4103627695322243,-2.0090192694933786,1.8606439380539586,0.152,Sin_clasificar
53,587211.663,517569,Suelo_pH,Original,7.114376127756552,-0.2141034134700596,-2.060030884047132,1.9068945210601997,0.812,Sin_clasificar
54,587213.632,517570,Suelo_pH,Original,8.349157243537224,0.5795023047700583,-1.8016721458028255,1.8636685788944551,0.586,Sin_clasificar
55,587215.742,517572,Suelo_pH,Original,8.449226259820819,2.2364942732684696,-2.1385163961449876,1.9223716219509268,0.032,Hotspot
56,587217.533,517574,Suelo_pH,Original,8.299016280380203,2.373260854691597,-2.009983210390369,2.017960234172328,0.012,Hotspot
1,587212.895,517579,Suelo_pH,Residual_ajustado,-0.06680850635297453,-0.08471484011026433,-1.795147049544192,2.0276436505425686,0.812,Sin_clasificar
2,587211.104,517578,Suelo_pH,Residual_ajustado,-0.43987326697190465,-0.08471484011026433,-1.795147049544192,2.0276436505425686,0.812,Sin_clasificar
3,587208.994,517576,Suelo_pH,Residual_ajustado,-0.10930419871243616,-0.28221867149500396,-1.9516808338869325,2.114162608594615,0.748,Sin_clasificar
4,587207.025,517574,Suelo_pH,Residual_ajustado,0.19703089249557576,-1.0427547225030231,-1.7599772169995223,1.7953711773287457,0.268,Sin_clasificar
5,587204.915,517572,Suelo_pH,Residual_ajustado,-0.09404787448716531,1.4088874540977931,-2.0253141829444288,2.0684115878383817,0.174,Sin_clasificar
6,587202.983,517570,Suelo_pH,Residual_ajustado,0.6973753481809251,0.04506451792151655,-2.0837557836894423,1.7417864310349822,0.996,Sin_clasificar
7,587201.014,517569,Suelo_pH,Residual_ajustado,-0.8496157887158036,0.6537781041860423,-2.0717567844583282,1.9628444127621556,0.498,Sin_clasificar
8,587198.948,517567,Suelo_pH,Residual_ajustado,0.6143273224833564,0.37552756909647,-2.2129420694684576,2.012996577078363,0.688,Sin_clasificar
9,587197.023,517566,Suelo_pH,Residual_ajustado,0.04318327722183816,1.240214381629844,-2.1294298913384018,2.0455308518596,0.24,Sin_clasificar
10,587194.69,517564,Suelo_pH,Residual_ajustado,0.15664184207734305,-1.1163429085479026,-1.8655157278229906,2.1287482844838017,0.262,Sin_clasificar
11,587193.167,517562,Suelo_pH,Residual_ajustado,-0.572283215290789,-0.47107191749646377,-1.8360996304439414,1.8382754136424755,0.612,Sin_clasificar
12,587191.101,517561,Suelo_pH,Residual_ajustado,-0.5446694139521497,-0.8572470957311831,-1.8678375687708337,2.0383600436595133,0.402,Sin_clasificar
13,587189.132,517559,Suelo_pH,Residual_ajustado,-0.29275985376104624,-0.7697489328503976,-1.812167485684072,1.8088217447730037,0.432,Sin_clasificar
14,587187.054,517557,Suelo_pH,Residual_ajustado,-0.15226482684433626,-0.22190145329634664,-1.9283938704581867,1.907690978766186,0.746,Sin_clasificar
15,587188.6,517555,Suelo_pH,Residual_ajustado,0.3599866148576562,-0.3886745142695387,-1.8901305255626482,1.8275372148919296,0.67,Sin_clasificar
16,587190.678,517557,Suelo_pH,Residual_ajustado,-0.23597029403820163,-0.27987113149081866,-1.7708782016924278,2.015008237058946,0.756,Sin_clasificar
17,587192.647,517559,Suelo_pH,Residual_ajustado,0.32988833852940036,0.4673690276909808,-1.8281406469194903,2.2937029132287092,0.666,Sin_clasificar
18,587194.713,517560,Suelo_pH,Residual_ajustado,0.0822242978578974,-0.6394030823299267,-1.8430096612517888,2.0601109201036136,0.486,Sin_clasificar
19,587196.236,517562,Suelo_pH,Residual_ajustado,-0.8837755613978774,-0.8623455682470738,-1.7275367114634719,1.8354566690984464,0.372,Sin_clasificar
20,587198.569,517564,Suelo_pH,Residual_ajustado,-0.04288245497147037,1.4415908587401896,-2.127931022191121,1.9931741342611597,0.126,Sin_clasificar
21,587200.494,517565,Suelo_pH,Residual_ajustado,0.67199845124698,0.8838596415714292,-2.0444818152313182,1.8093345010507758,0.408,Sin_clasificar
22,587202.56,517567,Suelo_pH,Residual_ajustado,-0.917403021073956,-0.7782283645989853,-2.024659309907798,1.8403548496674873,0.464,Sin_clasificar
23,587204.529,517569,Suelo_pH,Residual_ajustado,1.216134040644348,1.193464903892469,-1.9798348519476983,2.068544212986953,0.214,Sin_clasificar
24,587206.461,517570,Suelo_pH,Residual_ajustado,-0.37693490339377195,-0.4927981226642409,-1.936708542969677,1.7615341598747802,0.646,Sin_clasificar
25,587208.571,517572,Suelo_pH,Residual_ajustado,-0.7704332440291126,-1.9200740956179028,-1.8036471095796829,1.886644767376765,0.034,Coldspot
26,587210.54,517574,Suelo_pH,Residual_ajustado,-0.43672527838625963,-0.20920210911940823,-1.8297682623375213,1.844071402052196,0.878,Sin_clasificar
27,587212.65,517576,Suelo_pH,Residual_ajustado,0.4604469379208786,-0.3127335826537045,-1.8575217947517007,1.8678461271700049,0.738,Sin_clasificar
28,587214.441,517577,Suelo_pH,Residual_ajustado,0.05695425976024784,0.5713800646748964,-1.8192076939899802,2.031147540983226,0.578,Sin_clasificar
29,587215.987,517575,Suelo_pH,Residual_ajustado,0.21907508443327883,0.7466439304800468,-1.7322930091819853,2.0583131059078488,0.49,Sin_clasificar
30,587214.196,517574,Suelo_pH,Residual_ajustado,-0.004738529902248628,1.393751971662327,-1.8672945734667015,1.8738761947520388,0.168,Sin_clasificar
31,587212.086,517572,Suelo_pH,Residual_ajustado,0.6125620660597169,-0.9297118337165454,-1.8851569758705347,1.9275803748597422,0.33,Sin_clasificar
32,587210.117,517570,Suelo_pH,Residual_ajustado,-0.8473756267216206,-1.8987618311484353,-1.825330612125989,1.9235467068789558,0.064,Coldspot
33,587208.007,517569,Suelo_pH,Residual_ajustado,-0.5481994968646127,-1.0267030432097308,-1.9406818493773237,1.8534318357016997,0.364,Sin_clasificar
34,587206.075,517567,Suelo_pH,Residual_ajustado,0.7696934393491417,0.45738224402492295,-1.9507048557337219,1.943937205762753,0.598,Sin_clasificar
35,587204.105,517565,Suelo_pH,Residual_ajustado,-1.0267574585841375,-1.0509227553900944,-2.0420979381605213,1.780236589036272,0.3,Sin_clasificar
36,587202.04,517564,Suelo_pH,Residual_ajustado,0.7025292329126422,0.792632592088156,-1.9545765854521049,1.8855925316826698,0.436,Sin_clasificar
37,587200.115,517562,Suelo_pH,Residual_ajustado,0.3909886758874235,1.9077798511629651,-1.9085423286768624,1.9895911684460068,0.04,Sin_clasificar
38,587197.782,517560,Suelo_pH,Residual_ajustado,-0.6584804554962329,-0.7780462486213443,-1.8431341110833928,1.9503939608967733,0.406,Sin_clasificar
39,587196.259,517559,Suelo_pH,Residual_ajustado,0.29985681059123825,0.8543495084272076,-1.936433632800271,1.9775175261529412,0.468,Sin_clasificar
40,587194.193,517557,Suelo_pH,Residual_ajustado,0.9124160770714597,1.787425560675513,-1.8092757033781501,1.832982398921214,0.066,Sin_clasificar
41,587192.224,517555,Suelo_pH,Residual_ajustado,-0.4868378283323631,0.5008521150172229,-1.9809940963853183,1.8501272259671648,0.556,Sin_clasificar
42,587190.146,517554,Suelo_pH,Residual_ajustado,0.06277609877880205,0.09843788473526355,-1.7385257377392143,1.93113537708256,0.964,Sin_clasificar
43,587191.692,517552,Suelo_pH,Residual_ajustado,0.41460003271846607,0.5851854991764568,-1.889787190787891,1.7712894054784467,0.546,Sin_clasificar
44,587193.77,517553,Suelo_pH,Residual_ajustado,0.3304700566210226,1.156421620693577,-2.069926163349352,1.8718340105764635,0.232,Sin_clasificar
45,587195.739,517555,Suelo_pH,Residual_ajustado,1.0247483504705692,1.8380698547936045,-1.916671427062941,1.857989179560576,0.054,Sin_clasificar
46,587197.805,517557,Suelo_pH,Residual_ajustado,0.35821112190794635,0.8619666143832148,-2.0720624253990234,1.7809561314107776,0.404,Sin_clasificar
47,587199.328,517558,Suelo_pH,Residual_ajustado,-0.02124375917790749,0.40889459952212226,-2.0952775483734563,1.7867063295378034,0.74,Sin_clasificar
48,587201.661,517560,Suelo_pH,Residual_ajustado,0.49749713575957377,0.3372008359984571,-1.9882209735511767,1.8451782012534066,0.726,Sin_clasificar
49,587203.586,517562,Suelo_pH,Residual_ajustado,0.18364743415270987,-0.3386804503362453,-2.0326624299869778,1.8141836021943676,0.72,Sin_clasificar
50,587205.651,517563,Suelo_pH,Residual_ajustado,-0.7510472395100539,-0.6618672303472739,-1.9411679744599932,2.1211076933892405,0.5,Sin_clasificar
51,587207.621,517565,Suelo_pH,Residual_ajustado,0.12139661144978325,-0.9269355347252515,-2.1091084161368903,1.9119741082122794,0.394,Sin_clasificar
52,587209.552,517567,Suelo_pH,Residual_ajustado,-0.1919833755621245,-1.8237574989652239,-1.8666603993633006,1.9513127012180984,0.084,Sin_clasificar
53,587211.663,517569,Suelo_pH,Residual_ajustado,-0.6561902442522636,-1.2792014671786698,-1.9113180784823025,1.8864242011383823,0.234,Sin_clasificar
54,587213.632,517570,Suelo_pH,Residual_ajustado,-0.40565150235390746,-0.8267047024931573,-1.7314379484917684,1.9188769646127368,0.476,Sin_clasificar
55,587215.742,517572,Suelo_pH,Residual_ajustado,0.3345984061583335,0.34912237172499105,-1.8883194729093677,2.040550674144705,0.756,Sin_clasificar
56,587217.533,517574,Suelo_pH,Residual_ajustado,0.26299896153817226,0.7466439304800468,-1.7322930091819853,2.0583131059078488,0.49,Sin_clasificar
1,587212.895,517579,Suelo_T,Original,16.390856305908574,-0.7655077603398313,-1.7944011820027987,2.12408904668154,0.44,Sin_clasificar
2,587211.104,517578,Suelo_T,Original,16.36011865982005,-0.7655077603398313,-1.7944011820027987,2.12408904668154,0.44,Sin_clasificar
3,587208.994,517576,Suelo_T,Original,16.304335526651716,-1.199426216002914,-1.8257679800454807,1.8316304616222014,0.242,Sin_clasificar
4,587207.025,517574,Suelo_T,Original,16.333889117557277,-0.9967081989002745,-1.6849267537066646,1.8192670093742112,0.336,Sin_clasificar
5,587204.915,517572,Suelo_T,Original,16.457688607156356,-1.0605287498238511,-1.9931487763378493,1.7747185093664646,0.306,Sin_clasificar
6,587202.983,517570,Suelo_T,Original,16.006800261883832,-2.004848317224457,-1.919699306942133,1.8756088551201626,0.052,Coldspot
7,587201.014,517569,Suelo_T,Original,15.935461193644215,-3.1851654195201773,-2.0877102681383937,1.958471270465549,0.004,Coldspot
8,587198.948,517567,Suelo_T,Original,15.629953510551685,-3.4732470078856332,-1.9064733166091963,2.078995764847191,0.002,Coldspot
9,587197.023,517566,Suelo_T,Original,16.219063677723863,-2.9567441746857113,-1.8354619988362892,2.0770239650764943,0.002,Coldspot
10,587194.69,517564,Suelo_T,Original,16.297675315344055,-2.461567548533567,-1.8345750620346566,1.9004719674859532,0.01,Coldspot
11,587193.167,517562,Suelo_T,Original,15.845158233713603,-2.184167214970556,-1.9652359710789962,1.891946526405705,0.038,Coldspot
12,587191.101,517561,Suelo_T,Original,16.24488757423928,-1.7709053358104732,-2.0036790867547114,2.0084096350195555,0.1,Sin_clasificar
13,587189.132,517559,Suelo_T,Original,16.587488417945256,-1.06304338313623,-2.0947800524789084,1.8516455795262488,0.3,Sin_clasificar
14,587187.054,517557,Suelo_T,Original,16.34828161043097,-0.26757230799068177,-1.9261607440579245,1.805878408333693,0.774,Sin_clasificar
15,587188.6,517555,Suelo_T,Original,16.45210968892871,-0.6499403956708555,-2.0966216993776117,1.9070364175038046,0.504,Sin_clasificar
16,587190.678,517557,Suelo_T,Original,16.404440793303923,-0.8088217043586549,-1.910504678691067,1.8453171527825645,0.49,Sin_clasificar
17,587192.647,517559,Suelo_T,Original,16.108180467084274,-0.6011462621629229,-2.06298371033461,1.9103281925047801,0.576,Sin_clasificar
18,587194.713,517560,Suelo_T,Original,16.411153349030926,-1.6408478685037575,-1.9463295587081355,1.9218061966084363,0.092,Sin_clasificar
19,587196.236,517562,Suelo_T,Original,16.35445327649193,-0.7701814789458628,-1.974600116587336,1.8741419333170946,0.438,Sin_clasificar
20,587198.569,517564,Suelo_T,Original,15.996168585176823,-1.8197413492727148,-1.9432093752927075,2.067592457090851,0.08,Sin_clasificar
21,587200.494,517565,Suelo_T,Original,16.222399562334573,-1.9820030938666906,-1.835542710656624,2.0388850893309924,0.054,Coldspot
22,587202.56,517567,Suelo_T,Original,16.249920116280524,-1.0244281202942196,-2.0936858924662003,2.0001872976315127,0.33,Sin_clasificar
23,587204.529,517569,Suelo_T,Original,16.38293786938734,-0.026884937670749252,-1.984230875136515,1.8445443159369026,0.964,Sin_clasificar
24,587206.461,517570,Suelo_T,Original,16.513726474009,0.20396400209788634,-1.6766555335744293,1.854079280246442,0.822,Sin_clasificar
25,587208.571,517572,Suelo_T,Original,16.337856589118964,0.38485437790269333,-1.7570223992107492,2.1188564686481857,0.644,Sin_clasificar
26,587210.54,517574,Suelo_T,Original,16.306028690856877,-0.09325978141032436,-1.9982641367726477,1.9061532690922403,0.892,Sin_clasificar
27,587212.65,517576,Suelo_T,Original,16.29326404711778,-0.4683522165301185,-1.6851601231634539,1.8956102033907227,0.672,Sin_clasificar
28,587214.441,517577,Suelo_T,Original,16.553360689663215,-0.0682260260375821,-1.8467849597096213,1.9967185570341737,0.962,Sin_clasificar
29,587215.987,517575,Suelo_T,Original,16.555892325811563,0.5088391459488311,-1.765721999015308,1.8176513286579283,0.58,Sin_clasificar
30,587214.196,517574,Suelo_T,Original,16.59755296532245,0.9338801971883569,-2.1862770169729417,1.8810294368627525,0.322,Sin_clasificar
31,587212.086,517572,Suelo_T,Original,17.13188575892372,2.030667514358456,-1.8228837272231413,2.0525052700223716,0.038,Sin_clasificar
32,587210.117,517570,Suelo_T,Original,17.217162578176637,3.0029986249306084,-1.821810687573037,1.8954790385075333,0.006,Hotspot
33,587208.007,517569,Suelo_T,Original,16.88959875188627,3.1201553877001635,-1.8033485042743522,1.9537744099284882,0.002,Hotspot
34,587206.075,517567,Suelo_T,Original,17.266533371940447,2.4874587850019085,-1.9177980547919589,1.8693466044669647,0.012,Hotspot
35,587204.105,517565,Suelo_T,Original,16.929640308754806,2.256932553145185,-1.7911681812905171,1.9861234566095358,0.02,Hotspot
36,587202.04,517564,Suelo_T,Original,16.95038721713169,2.0238412140130224,-1.8144007202801316,2.1233663898814696,0.052,Sin_clasificar
37,587200.115,517562,Suelo_T,Original,17.095034890751798,0.7739499547637576,-1.8277356203139852,2.3299265603944876,0.478,Sin_clasificar
38,587197.782,517560,Suelo_T,Original,16.26624602182283,-0.4401533529285137,-1.867707461647388,2.006686754387724,0.708,Sin_clasificar
39,587196.259,517559,Suelo_T,Original,16.569129671904555,0.1088205402815603,-1.8432977573537035,2.0630477199479587,0.936,Sin_clasificar
40,587194.193,517557,Suelo_T,Original,16.84853679988465,0.003925121426173372,-1.7260395061292855,1.9151920648502432,0.946,Sin_clasificar
41,587192.224,517555,Suelo_T,Original,16.319340574133697,0.1746195168596066,-1.8142578901970436,2.0701177030336213,0.896,Sin_clasificar
42,587190.146,517554,Suelo_T,Original,16.458807870927757,-0.46298338078262063,-1.807400950124572,2.000068936212997,0.67,Sin_clasificar
43,587191.692,517552,Suelo_T,Original,16.47939119316805,-0.28379340008435366,-1.8151379013629994,2.051372000596745,0.798,Sin_clasificar
44,587193.77,517553,Suelo_T,Original,16.530103495043477,-0.07813085979279163,-1.8051703691432055,1.9292394570445648,0.962,Sin_clasificar
45,587195.739,517555,Suelo_T,Original,16.596337119273574,0.3929461212731198,-1.7611732909082045,1.78434080151625,0.642,Sin_clasificar
46,587197.805,517557,Suelo_T,Original,16.42002005507297,-0.09523667901281749,-1.83658089105458,1.7849128603182138,0.916,Sin_clasificar
47,587199.328,517558,Suelo_T,Original,16.520251381960204,0.07759221403391478,-1.886531668220957,1.8770487190067806,0.948,Sin_clasificar
48,587201.661,517560,Suelo_T,Original,16.717538904966478,1.1705599241854938,-1.9335783196994707,1.9021930488201002,0.266,Sin_clasificar
49,587203.586,517562,Suelo_T,Original,16.660593379482005,2.059692055439458,-1.9402962500245615,2.1179783669274688,0.052,Sin_clasificar
50,587205.651,517563,Suelo_T,Original,16.62503709663575,2.0553183405462656,-2.0295343869179616,2.0927462342315364,0.046,Sin_clasificar
51,587207.621,517565,Suelo_T,Original,16.71447169759264,2.6191604688010997,-1.8967719102163936,2.047171439954366,0.016,Hotspot
52,587209.552,517567,Suelo_T,Original,16.739859540222213,2.9810229988614863,-1.9325134764039444,1.9559508474653633,0.004,Hotspot
53,587211.663,517569,Suelo_T,Original,16.968217113342373,3.17784516578368,-1.8218705923692835,1.8864410230625142,0.002,Hotspot
54,587213.632,517570,Suelo_T,Original,16.61021252649387,2.857333169650997,-1.8378283642980269,2.0276710198291834,0.01,Hotspot
55,587215.742,517572,Suelo_T,Original,16.515090257826976,0.589907588719259,-1.9535370615455394,1.8303737054492608,0.512,Sin_clasificar
56,587217.533,517574,Suelo_T,Original,16.57371549283729,0.5088391459488311,-1.765721999015308,1.8176513286579283,0.58,Sin_clasificar
1,587212.895,517579,Suelo_T,Residual_ajustado,-0.1321810432855444,-1.3390346251914698,-1.794782043741347,1.977069316005973,0.164,Sin_clasificar
2,587211.104,517578,Suelo_T,Residual_ajustado,-0.4205096608710239,-1.3390346251914698,-1.794782043741347,1.977069316005973,0.164,Sin_clasificar
3,587208.994,517576,Suelo_T,Residual_ajustado,-0.08308839461079151,-1.7243688851940215,-1.8200643677630861,2.1373698663920826,0.08,Sin_clasificar
4,587207.025,517574,Suelo_T,Residual_ajustado,-0.22711853018360734,-1.250523820970793,-1.8183403756104315,2.125040950967882,0.234,Sin_clasificar
5,587204.915,517572,Suelo_T,Residual_ajustado,-0.12099449395750353,-1.7290380174123463,-1.9954501519373378,1.8381153727851678,0.108,Sin_clasificar
6,587202.983,517570,Suelo_T,Residual_ajustado,-0.5562639418497634,-1.9409037733088317,-1.986862212918551,1.8510094136625486,0.054,Sin_clasificar
7,587201.014,517569,Suelo_T,Residual_ajustado,-0.2724699146911905,-2.8668561552260643,-1.796071634251362,1.7609830881774933,0.004,Coldspot
8,587198.948,517567,Suelo_T,Residual_ajustado,-0.7135910257153972,-2.5380208418525125,-1.9271403093715584,2.06449000730662,0.012,Coldspot
9,587197.023,517566,Suelo_T,Residual_ajustado,-0.1470418314988843,-2.243279387259152,-1.8380302823934371,2.0948899788394693,0.03,Coldspot
10,587194.69,517564,Suelo_T,Residual_ajustado,-0.08383951946972783,-1.895155023313436,-1.7770419817584178,2.0225274492000325,0.062,Coldspot
11,587193.167,517562,Suelo_T,Residual_ajustado,-0.5858808839082866,-2.08990169682089,-1.8418191840967753,1.9439537728246041,0.032,Coldspot
12,587191.101,517561,Suelo_T,Residual_ajustado,-0.2500739909998006,-1.7299326696866972,-1.9275643369154496,1.8641243991188086,0.082,Sin_clasificar
13,587189.132,517559,Suelo_T,Residual_ajustado,0.14653560692532833,-0.7160677904554028,-1.9327892898844863,1.9840384812062295,0.596,Sin_clasificar
14,587187.054,517557,Suelo_T,Residual_ajustado,-0.1853875162504944,0.16471888214769703,-2.0083544446443113,2.0177451614876043,0.788,Sin_clasificar
15,587188.6,517555,Suelo_T,Residual_ajustado,-0.016807582680864772,-0.2237967883430109,-2.067993933976208,1.63712991799241,0.874,Sin_clasificar
16,587190.678,517557,Suelo_T,Residual_ajustado,0.12166238317133737,-0.22145545584319307,-1.875238020818258,1.8361222087108449,0.892,Sin_clasificar
17,587192.647,517559,Suelo_T,Residual_ajustado,-0.29100982110248413,-0.5245315473891913,-1.8499061885093082,1.9300269037221054,0.654,Sin_clasificar
18,587194.713,517560,Suelo_T,Residual_ajustado,-0.12670354564957992,-1.4942764472590095,-1.883624027970735,1.8353116994825238,0.124,Sin_clasificar
19,587196.236,517562,Suelo_T,Residual_ajustado,-0.1413376962018469,-0.4384317100172819,-1.7836443543712968,2.001618216192559,0.704,Sin_clasificar
20,587198.569,517564,Suelo_T,Residual_ajustado,-0.2547726916297065,-0.9428256141685356,-1.736532394688619,1.9393159721730042,0.358,Sin_clasificar
21,587200.494,517565,Suelo_T,Residual_ajustado,-0.23642226254971163,-1.505281144389304,-1.8521275846875995,1.9381801935118865,0.13,Sin_clasificar
22,587202.56,517567,Suelo_T,Residual_ajustado,-0.25096763059048793,-0.36547026140766437,-1.7963080831934888,1.9514295286165475,0.698,Sin_clasificar
23,587204.529,517569,Suelo_T,Residual_ajustado,-0.041455199684659896,-0.6533972784768572,-1.8537633954092803,1.9188322367290478,0.538,Sin_clasificar
24,587206.461,517570,Suelo_T,Residual_ajustado,-0.16072790415717997,-0.4512937339257708,-1.9813691540155352,1.93631476709244,0.684,Sin_clasificar
25,587208.571,517572,Suelo_T,Residual_ajustado,-0.2447108808403785,-0.15595128303707964,-1.8842073880951895,2.0657833060889867,0.842,Sin_clasificar
26,587210.54,517574,Suelo_T,Residual_ajustado,-0.12440539887675486,-0.389304443726503,-1.8765002420639205,1.971973433817688,0.712,Sin_clasificar
27,587212.65,517576,Suelo_T,Residual_ajustado,-0.24844990618658602,-1.1158755416142485,-1.8994548440441883,1.999935525221853,0.24,Sin_clasificar
28,587214.441,517577,Suelo_T,Residual_ajustado,0.027265633739112973,-0.5984562100822194,-1.6928732411824714,1.9633380047325768,0.594,Sin_clasificar
29,587215.987,517575,Suelo_T,Residual_ajustado,-0.081592904545125,-0.017450632033979837,-1.848965117205984,1.990853621499759,0.938,Sin_clasificar
30,587214.196,517574,Suelo_T,Residual_ajustado,0.051954643172600956,0.2569881178711937,-1.902675317691061,1.9779404039777884,0.696,Sin_clasificar
31,587212.086,517572,Suelo_T,Residual_ajustado,0.4515051991256057,1.5752039313080433,-2.0949114428595377,2.008783366977627,0.128,Sin_clasificar
32,587210.117,517570,Suelo_T,Residual_ajustado,0.6571560811729612,2.021351919693916,-1.8651036976608677,1.9963879195124854,0.032,Hotspot
33,587208.007,517569,Suelo_T,Residual_ajustado,0.27906682133727706,2.170757619792658,-1.878105884698177,2.0874691630296898,0.044,Hotspot
34,587206.075,517567,Suelo_T,Residual_ajustado,0.591249586319568,2.567788854367556,-1.9075015021661899,2.0385001145390267,0.008,Hotspot
35,587204.105,517565,Suelo_T,Residual_ajustado,0.5674191683775406,2.6259752817025213,-1.748040205478874,2.079493376494565,0.006,Hotspot
36,587202.04,517564,Suelo_T,Residual_ajustado,0.4923947997021053,2.5489343606851658,-1.6763221023809227,1.8943981105114225,0.006,Hotspot
37,587200.115,517562,Suelo_T,Residual_ajustado,0.748432647754797,1.6767577440040549,-1.849677194498467,1.9727768851459664,0.108,Sin_clasificar
38,587197.782,517560,Suelo_T,Residual_ajustado,-0.11732536898366365,0.5272204323500603,-1.7125410755176484,1.8717890483101636,0.552,Sin_clasificar
39,587196.259,517559,Suelo_T,Residual_ajustado,0.1886159878279803,0.4486486613407805,-1.8102482792468948,2.002526975945834,0.624,Sin_clasificar
40,587194.193,517557,Suelo_T,Residual_ajustado,0.2104321443111836,0.31124401546015706,-1.9184380069267997,2.0436086914812828,0.678,Sin_clasificar
41,587192.224,517555,Suelo_T,Residual_ajustado,-0.10210897066048302,0.5663178722023555,-1.8888693371477725,2.0076802231794586,0.534,Sin_clasificar
42,587190.146,517554,Suelo_T,Residual_ajustado,0.03941488212628769,-0.08466301798185982,-2.045328731998676,1.6768970864886388,0.962,Sin_clasificar
43,587191.692,517552,Suelo_T,Residual_ajustado,-0.09634385550014357,-0.12939420228818438,-2.133871635587578,1.919052011476528,0.934,Sin_clasificar
44,587193.77,517553,Suelo_T,Residual_ajustado,0.09303505286903196,0.1988474394375199,-2.098879871825699,1.9382937256252841,0.816,Sin_clasificar
45,587195.739,517555,Suelo_T,Residual_ajustado,0.19326246224133345,0.8230341683930165,-1.8483210108436032,2.121714113673991,0.388,Sin_clasificar
46,587197.805,517557,Suelo_T,Residual_ajustado,0.13210963045694743,1.0500446425783534,-1.8767456889430154,2.0303910240144893,0.248,Sin_clasificar
47,587199.328,517558,Suelo_T,Residual_ajustado,0.27535112581530463,1.2534967170900853,-1.860299972818399,1.9755473466148576,0.234,Sin_clasificar
48,587201.661,517560,Suelo_T,Residual_ajustado,0.32346893515408165,2.0147085643874068,-1.90502702164792,2.0316988148271196,0.056,Sin_clasificar
49,587203.586,517562,Suelo_T,Residual_ajustado,0.05945787171803378,2.692609322531724,-1.6589313236447079,1.913641410226293,0.002,Hotspot
50,587205.651,517563,Suelo_T,Residual_ajustado,0.2804914096314616,2.5732309628696655,-1.7714861172054177,2.0957646892702018,0.008,Hotspot
51,587207.621,517565,Suelo_T,Residual_ajustado,0.24706846004951413,2.6699623766484897,-1.8325031695759832,2.0021063476000287,0.006,Hotspot
52,587209.552,517567,Suelo_T,Residual_ajustado,0.022509832614605898,2.1194540305009317,-1.8807657207626705,2.123312023310752,0.04,Sin_clasificar
53,587211.663,517569,Suelo_T,Residual_ajustado,0.1506196448418067,1.9589314586566489,-1.8065217467863177,2.231464467082241,0.048,Sin_clasificar
54,587213.632,517570,Suelo_T,Residual_ajustado,-0.02810211131751456,1.9097771392241694,-1.7760612297676799,1.847336635343754,0.028,Hotspot
55,587215.742,517572,Suelo_T,Residual_ajustado,-0.008948242104414184,-0.10396463046135491,-1.9984297458948164,2.055759220864175,0.998,Sin_clasificar
56,587217.533,517574,Suelo_T,Residual_ajustado,1.5271009779311076e-4,-0.017450632033979837,-1.848965117205984,1.990853621499759,0.938,Sin_clasificar
