Nodo,Respuesta,Modelo_ID,Familia,Escenario,Observado,Predicho_LOOCV,Residuo_LOOCV
1,Macollas,M0_Repeticion,M0,Diseño_reducido,8.666666666666666,7.782608695652174,0.8840579710144922
2,Macollas,M0_Repeticion,M0,Diseño_reducido,8.333333333333334,7.797101449275363,0.5362318840579707
3,Macollas,M0_Repeticion,M0,Diseño_reducido,7.333333333333333,7.840579710144928,-0.5072463768115947
4,Macollas,M0_Repeticion,M0,Diseño_reducido,7.666666666666667,7.826086956521739,-0.15942028985507228
5,Macollas,M0_Repeticion,M0,Diseño_reducido,8,7.811594202898551,0.18840579710144922
6,Macollas,M0_Repeticion,M0,Diseño_reducido,5.666666666666667,7.91304347826087,-2.246376811594203
7,Macollas,M0_Repeticion,M0,Diseño_reducido,6.666666666666667,5.666666666666666,1.0000000000000009
8,Macollas,M0_Repeticion,M0,Diseño_reducido,5.666666666666667,5.710144927536231,-0.043478260869563634
9,Macollas,M0_Repeticion,M0,Diseño_reducido,4.666666666666667,5.753623188405797,-1.08695652173913
10,Macollas,M0_Repeticion,M0,Diseño_reducido,6.333333333333333,5.681159420289854,0.6521739130434794
11,Macollas,M0_Repeticion,M0,Diseño_reducido,6,5.695652173913043,0.304347826086957
12,Macollas,M0_Repeticion,M0,Diseño_reducido,5.666666666666667,5.710144927536231,-0.043478260869563634
13,Macollas,M0_Repeticion,M0,Diseño_reducido,7.666666666666667,7.380952380952381,0.2857142857142856
14,Macollas,M0_Repeticion,M0,Diseño_reducido,7.333333333333333,7.42857142857143,-0.09523809523809668
15,Macollas,M0_Repeticion,M0,Diseño_reducido,7.333333333333333,7.42857142857143,-0.09523809523809668
16,Macollas,M0_Repeticion,M0,Diseño_reducido,6.666666666666667,7.523809523809524,-0.8571428571428568
17,Macollas,M0_Repeticion,M0,Diseño_reducido,5.333333333333333,5.72463768115942,-0.3913043478260869
18,Macollas,M0_Repeticion,M0,Diseño_reducido,6,5.695652173913043,0.304347826086957
19,Macollas,M0_Repeticion,M0,Diseño_reducido,6,5.695652173913043,0.304347826086957
20,Macollas,M0_Repeticion,M0,Diseño_reducido,5.666666666666667,5.710144927536231,-0.043478260869563634
21,Macollas,M0_Repeticion,M0,Diseño_reducido,6.666666666666667,5.666666666666666,1.0000000000000009
22,Macollas,M0_Repeticion,M0,Diseño_reducido,7,5.6521739130434785,1.3478260869565215
23,Macollas,M0_Repeticion,M0,Diseño_reducido,6.333333333333333,7.884057971014492,-1.5507246376811592
24,Macollas,M0_Repeticion,M0,Diseño_reducido,6.333333333333333,7.884057971014492,-1.5507246376811592
25,Macollas,M0_Repeticion,M0,Diseño_reducido,6.333333333333333,7.884057971014492,-1.5507246376811592
26,Macollas,M0_Repeticion,M0,Diseño_reducido,7.666666666666667,7.826086956521739,-0.15942028985507228
27,Macollas,M0_Repeticion,M0,Diseño_reducido,7,7.855072463768116,-0.8550724637681162
28,Macollas,M0_Repeticion,M0,Diseño_reducido,9.333333333333334,7.753623188405798,1.5797101449275361
29,Macollas,M0_Repeticion,M0,Diseño_reducido,9.333333333333334,7.753623188405798,1.5797101449275361
30,Macollas,M0_Repeticion,M0,Diseño_reducido,8.666666666666666,7.782608695652175,0.8840579710144914
31,Macollas,M0_Repeticion,M0,Diseño_reducido,9.333333333333334,7.753623188405798,1.5797101449275361
32,Macollas,M0_Repeticion,M0,Diseño_reducido,7,7.855072463768116,-0.8550724637681162
33,Macollas,M0_Repeticion,M0,Diseño_reducido,6.666666666666667,7.869565217391305,-1.2028985507246377
34,Macollas,M0_Repeticion,M0,Diseño_reducido,7,7.855072463768116,-0.8550724637681162
35,Macollas,M0_Repeticion,M0,Diseño_reducido,7,5.6521739130434785,1.3478260869565215
36,Macollas,M0_Repeticion,M0,Diseño_reducido,5.333333333333333,5.72463768115942,-0.3913043478260869
37,Macollas,M0_Repeticion,M0,Diseño_reducido,5,5.7391304347826075,-0.7391304347826075
38,Macollas,M0_Repeticion,M0,Diseño_reducido,4.666666666666667,5.753623188405796,-1.086956521739129
39,Macollas,M0_Repeticion,M0,Diseño_reducido,6,5.695652173913043,0.304347826086957
40,Macollas,M0_Repeticion,M0,Diseño_reducido,5,5.7391304347826075,-0.7391304347826075
41,Macollas,M0_Repeticion,M0,Diseño_reducido,7.666666666666667,7.380952380952381,0.2857142857142856
42,Macollas,M0_Repeticion,M0,Diseño_reducido,7.333333333333333,7.42857142857143,-0.09523809523809668
43,Macollas,M0_Repeticion,M0,Diseño_reducido,7.666666666666667,7.380952380952381,0.2857142857142856
44,Macollas,M0_Repeticion,M0,Diseño_reducido,7.666666666666667,7.380952380952381,0.2857142857142856
45,Macollas,M0_Repeticion,M0,Diseño_reducido,5,5.7391304347826075,-0.7391304347826075
46,Macollas,M0_Repeticion,M0,Diseño_reducido,4.666666666666667,5.753623188405796,-1.086956521739129
47,Macollas,M0_Repeticion,M0,Diseño_reducido,5.333333333333333,5.72463768115942,-0.3913043478260869
48,Macollas,M0_Repeticion,M0,Diseño_reducido,6.333333333333333,5.681159420289855,0.6521739130434776
49,Macollas,M0_Repeticion,M0,Diseño_reducido,7,5.6521739130434785,1.3478260869565215
50,Macollas,M0_Repeticion,M0,Diseño_reducido,4,5.782608695652174,-1.7826086956521738
51,Macollas,M0_Repeticion,M0,Diseño_reducido,6,7.898550724637682,-1.8985507246376816
52,Macollas,M0_Repeticion,M0,Diseño_reducido,7.666666666666667,7.826086956521739,-0.15942028985507228
53,Macollas,M0_Repeticion,M0,Diseño_reducido,8.666666666666666,7.782608695652175,0.8840579710144914
54,Macollas,M0_Repeticion,M0,Diseño_reducido,9.666666666666666,7.739130434782609,1.9275362318840568
55,Macollas,M0_Repeticion,M0,Diseño_reducido,10.666666666666666,7.695652173913045,2.9710144927536213
56,Macollas,M0_Repeticion,M0,Diseño_reducido,8.333333333333334,7.797101449275363,0.5362318840579707
1,Macollas,M1_Tratamientos,M1,Diseño_completo,8.666666666666666,8.333333333333334,0.33333333333333215
2,Macollas,M1_Tratamientos,M1,Diseño_completo,8.333333333333334,9.058823529411766,-0.7254901960784323
3,Macollas,M1_Tratamientos,M1,Diseño_completo,7.333333333333333,8.141274238227147,-0.8079409048938144
4,Macollas,M1_Tratamientos,M1,Diseño_completo,7.666666666666667,7.56602031394275,0.10064635272391698
5,Macollas,M1_Tratamientos,M1,Diseño_completo,8,7.190212373037859,0.8097876269621409
6,Macollas,M1_Tratamientos,M1,Diseño_completo,5.666666666666667,7.250230840258542,-1.583564173591875
7,Macollas,M1_Tratamientos,M1,Diseño_completo,6.666666666666667,5.554016620498615,1.112650046168052
8,Macollas,M1_Tratamientos,M1,Diseño_completo,5.666666666666667,6.588235294117647,-0.9215686274509798
9,Macollas,M1_Tratamientos,M1,Diseño_completo,4.666666666666667,6.213296398891966,-1.5466297322252993
10,Macollas,M1_Tratamientos,M1,Diseño_completo,6.333333333333333,5.198522622345336,1.1348107109879972
11,Macollas,M1_Tratamientos,M1,Diseño_completo,6,4.953831948291781,1.0461680517082188
12,Macollas,M1_Tratamientos,M1,Diseño_completo,5.666666666666667,4.823529411764706,0.8431372549019613
13,Macollas,M1_Tratamientos,M1,Diseño_completo,7.666666666666667,6.654761904761905,1.0119047619047619
14,Macollas,M1_Tratamientos,M1,Diseño_completo,7.333333333333333,8.035714285714286,-0.7023809523809534
15,Macollas,M1_Tratamientos,M1,Diseño_completo,7.333333333333333,7.464285714285715,-0.13095238095238226
16,Macollas,M1_Tratamientos,M1,Diseño_completo,6.666666666666667,7.083333333333331,-0.4166666666666643
17,Macollas,M1_Tratamientos,M1,Diseño_completo,5.333333333333333,5.262234533702678,0.07109879963065513
18,Macollas,M1_Tratamientos,M1,Diseño_completo,6,5.751615881809787,0.2483841181902129
19,Macollas,M1_Tratamientos,M1,Diseño_completo,6,5.485687903970449,0.5143120960295509
20,Macollas,M1_Tratamientos,M1,Diseño_completo,5.666666666666667,5.411764705882351,0.2549019607843164
21,Macollas,M1_Tratamientos,M1,Diseño_completo,6.666666666666667,6.706371191135733,-0.039704524469065916
22,Macollas,M1_Tratamientos,M1,Diseño_completo,7,6.862419205909509,0.13758079409049095
23,Macollas,M1_Tratamientos,M1,Diseño_completo,6.333333333333333,7.030470914127422,-0.6971375807940889
24,Macollas,M1_Tratamientos,M1,Diseño_completo,6.333333333333333,7.529411764705882,-1.1960784313725492
25,Macollas,M1_Tratamientos,M1,Diseño_completo,6.333333333333333,7.030470914127424,-0.6971375807940907
26,Macollas,M1_Tratamientos,M1,Diseño_completo,7.666666666666667,7.568627450980391,0.09803921568627594
27,Macollas,M1_Tratamientos,M1,Diseño_completo,7,8.960295475530932,-1.9602954755309323
28,Macollas,M1_Tratamientos,M1,Diseño_completo,9.333333333333334,7.481994459833795,1.8513388734995386
29,Macollas,M1_Tratamientos,M1,Diseño_completo,9.333333333333334,7.823529411764706,1.5098039215686283
30,Macollas,M1_Tratamientos,M1,Diseño_completo,8.666666666666666,7.701754385964913,0.9649122807017534
31,Macollas,M1_Tratamientos,M1,Diseño_completo,9.333333333333334,8.90027700831025,0.43305632502308455
32,Macollas,M1_Tratamientos,M1,Diseño_completo,7,7.490196078431374,-0.49019607843137436
33,Macollas,M1_Tratamientos,M1,Diseño_completo,6.666666666666667,7.541089566020312,-0.8744228993536449
34,Macollas,M1_Tratamientos,M1,Diseño_completo,7,7.963065558633423,-0.9630655586334234
35,Macollas,M1_Tratamientos,M1,Diseño_completo,7,6.153277931671283,0.8467220683287167
36,Macollas,M1_Tratamientos,M1,Diseño_completo,5.333333333333333,6.49019607843137,-1.1568627450980369
37,Macollas,M1_Tratamientos,M1,Diseño_completo,5,6.103416435826408,-1.103416435826408
38,Macollas,M1_Tratamientos,M1,Diseño_completo,4.666666666666667,4.772853185595567,-0.10618651892889996
39,Macollas,M1_Tratamientos,M1,Diseño_completo,6,4.921568627450985,1.0784313725490149
40,Macollas,M1_Tratamientos,M1,Diseño_completo,5,5.921568627450979,-0.9215686274509789
41,Macollas,M1_Tratamientos,M1,Diseño_completo,7.666666666666667,6.654761904761908,1.0119047619047592
42,Macollas,M1_Tratamientos,M1,Diseño_completo,7.333333333333333,7.845238095238095,-0.5119047619047619
43,Macollas,M1_Tratamientos,M1,Diseño_completo,7.666666666666667,8.178571428571429,-0.5119047619047619
44,Macollas,M1_Tratamientos,M1,Diseño_completo,7.666666666666667,7.416666666666666,0.2500000000000009
45,Macollas,M1_Tratamientos,M1,Diseño_completo,5,4.662973222530009,0.3370267774699913
46,Macollas,M1_Tratamientos,M1,Diseño_completo,4.666666666666667,4.2941176470588225,0.3725490196078445
47,Macollas,M1_Tratamientos,M1,Diseño_completo,5.333333333333333,4.553093259464451,0.7802400738688817
48,Macollas,M1_Tratamientos,M1,Diseño_completo,6.333333333333333,6.284395198522623,0.048938134810709855
49,Macollas,M1_Tratamientos,M1,Diseño_completo,7,6.6274509803921555,0.3725490196078445
50,Macollas,M1_Tratamientos,M1,Diseño_completo,4,7.408125577100645,-3.4081255771006447
51,Macollas,M1_Tratamientos,M1,Diseño_completo,6,6.72549019607843,-0.7254901960784297
52,Macollas,M1_Tratamientos,M1,Diseño_completo,7.666666666666667,8.009233610341642,-0.3425669436749752
53,Macollas,M1_Tratamientos,M1,Diseño_completo,8.666666666666666,7.3921568627451,1.2745098039215659
54,Macollas,M1_Tratamientos,M1,Diseño_completo,9.666666666666666,8.524469067405356,1.1421975992613103
55,Macollas,M1_Tratamientos,M1,Diseño_completo,10.666666666666666,8.017543859649123,2.6491228070175428
56,Macollas,M1_Tratamientos,M1,Diseño_completo,8.333333333333334,8.43213296398892,-0.09879963065558606
1,Macollas,M2_CE_original,M2,M2_CE_original,8.666666666666666,8.429917845853582,0.23674882081308368
2,Macollas,M2_CE_original,M2,M2_CE_original,8.333333333333334,9.281510401221839,-0.9481770678885049
3,Macollas,M2_CE_original,M2,M2_CE_original,7.333333333333333,8.218039712600065,-0.8847063792667322
4,Macollas,M2_CE_original,M2,M2_CE_original,7.666666666666667,7.650813083177459,0.015853583489207956
5,Macollas,M2_CE_original,M2,M2_CE_original,8,7.239201441634293,0.7607985583657069
6,Macollas,M2_CE_original,M2,M2_CE_original,5.666666666666667,7.508023403972499,-1.8413567373058317
7,Macollas,M2_CE_original,M2,M2_CE_original,6.666666666666667,5.568769800010051,1.0978968666566162
8,Macollas,M2_CE_original,M2,M2_CE_original,5.666666666666667,6.863388677668763,-1.1967220110020964
9,Macollas,M2_CE_original,M2,M2_CE_original,4.666666666666667,6.228123617381195,-1.5614569507145282
10,Macollas,M2_CE_original,M2,M2_CE_original,6.333333333333333,5.130184817766661,1.2031485155666717
11,Macollas,M2_CE_original,M2,M2_CE_original,6,4.891707240166121,1.108292759833879
12,Macollas,M2_CE_original,M2,M2_CE_original,5.666666666666667,4.756841873308261,0.909824793358406
13,Macollas,M2_CE_original,M2,M2_CE_original,7.666666666666667,6.434707626732941,1.2319590399337264
14,Macollas,M2_CE_original,M2,M2_CE_original,7.333333333333333,8.132804771585366,-0.7994714382520334
15,Macollas,M2_CE_original,M2,M2_CE_original,7.333333333333333,7.498339021142291,-0.16500568780895808
16,Macollas,M2_CE_original,M2,M2_CE_original,6.666666666666667,7.003478989557054,-0.33681232289038743
17,Macollas,M2_CE_original,M2,M2_CE_original,5.333333333333333,5.217215224871387,0.11611810846194626
18,Macollas,M2_CE_original,M2,M2_CE_original,6,5.782673292085528,0.21732670791447184
19,Macollas,M2_CE_original,M2,M2_CE_original,6,5.531104273365436,0.4688957266345639
20,Macollas,M2_CE_original,M2,M2_CE_original,5.666666666666667,5.231044918266511,0.43562174840015633
21,Macollas,M2_CE_original,M2,M2_CE_original,6.666666666666667,6.760607232005357,-0.09394056533869044
22,Macollas,M2_CE_original,M2,M2_CE_original,7,6.927662394316143,0.07233760568385694
23,Macollas,M2_CE_original,M2,M2_CE_original,6.333333333333333,6.965959964513632,-0.6326266311802993
24,Macollas,M2_CE_original,M2,M2_CE_original,6.333333333333333,7.582147630110974,-1.248814296777641
25,Macollas,M2_CE_original,M2,M2_CE_original,6.333333333333333,7.1689846066385075,-0.8356512733051744
26,Macollas,M2_CE_original,M2,M2_CE_original,7.666666666666667,7.617407839182267,0.049258827484400136
27,Macollas,M2_CE_original,M2,M2_CE_original,7,9.097550312875068,-2.097550312875068
28,Macollas,M2_CE_original,M2,M2_CE_original,9.333333333333334,7.49055853279915,1.8427748005341842
29,Macollas,M2_CE_original,M2,M2_CE_original,9.333333333333334,7.873567685184155,1.4597656481491788
30,Macollas,M2_CE_original,M2,M2_CE_original,8.666666666666666,7.721759447980567,0.9449072186860992
31,Macollas,M2_CE_original,M2,M2_CE_original,9.333333333333334,8.727340237139291,0.6059930961940427
32,Macollas,M2_CE_original,M2,M2_CE_original,7,7.286110382340593,-0.28611038234059283
33,Macollas,M2_CE_original,M2,M2_CE_original,6.666666666666667,7.521287157260935,-0.854620490594268
34,Macollas,M2_CE_original,M2,M2_CE_original,7,7.907631632548633,-0.9076316325486333
35,Macollas,M2_CE_original,M2,M2_CE_original,7,6.002410635061217,0.9975893649387828
36,Macollas,M2_CE_original,M2,M2_CE_original,5.333333333333333,6.49240689986915,-1.1590735665358167
37,Macollas,M2_CE_original,M2,M2_CE_original,5,6.085496142979908,-1.085496142979908
38,Macollas,M2_CE_original,M2,M2_CE_original,4.666666666666667,4.905328273786003,-0.2386616071193357
39,Macollas,M2_CE_original,M2,M2_CE_original,6,4.934330886290021,1.065669113709979
40,Macollas,M2_CE_original,M2,M2_CE_original,5,5.907918404971509,-0.9079184049715092
41,Macollas,M2_CE_original,M2,M2_CE_original,7.666666666666667,6.73595645418442,0.9307102124822473
42,Macollas,M2_CE_original,M2,M2_CE_original,7.333333333333333,7.836703362097696,-0.5033700287643628
43,Macollas,M2_CE_original,M2,M2_CE_original,7.666666666666667,8.257510573769677,-0.59084390710301
44,Macollas,M2_CE_original,M2,M2_CE_original,7.666666666666667,7.354779970735733,0.31188669593093366
45,Macollas,M2_CE_original,M2,M2_CE_original,5,4.746870136614049,0.25312986338595067
46,Macollas,M2_CE_original,M2,M2_CE_original,4.666666666666667,4.4013496139541495,0.2653170527125175
47,Macollas,M2_CE_original,M2,M2_CE_original,5.333333333333333,4.559374145330728,0.7739591880026051
48,Macollas,M2_CE_original,M2,M2_CE_original,6.333333333333333,6.1615002908435175,0.17183304248981557
49,Macollas,M2_CE_original,M2,M2_CE_original,7,6.654283865684373,0.3457161343156274
50,Macollas,M2_CE_original,M2,M2_CE_original,4,7.615989624518992,-3.615989624518992
51,Macollas,M2_CE_original,M2,M2_CE_original,6,6.677119067215452,-0.6771190672154521
52,Macollas,M2_CE_original,M2,M2_CE_original,7.666666666666667,7.97860674612941,-0.31194007946274294
53,Macollas,M2_CE_original,M2,M2_CE_original,8.666666666666666,7.126976515609019,1.5396901510576475
54,Macollas,M2_CE_original,M2,M2_CE_original,9.666666666666666,8.485301687573898,1.181364979092768
55,Macollas,M2_CE_original,M2,M2_CE_original,10.666666666666666,7.915603565952594,2.751063100714072
56,Macollas,M2_CE_original,M2,M2_CE_original,8.333333333333334,8.503160253505428,-0.16982692017209366
1,Macollas,M2_CE_corregida,M2,M2_CE_corregida,8.666666666666666,8.429917845853574,0.23674882081309256
2,Macollas,M2_CE_corregida,M2,M2_CE_corregida,8.333333333333334,9.281510401221844,-0.9481770678885102
3,Macollas,M2_CE_corregida,M2,M2_CE_corregida,7.333333333333333,8.21803971260006,-0.8847063792667269
4,Macollas,M2_CE_corregida,M2,M2_CE_corregida,7.666666666666667,7.650813083177459,0.015853583489207956
5,Macollas,M2_CE_corregida,M2,M2_CE_corregida,8,7.239201441634288,0.7607985583657122
6,Macollas,M2_CE_corregida,M2,M2_CE_corregida,5.666666666666667,7.5080234039725156,-1.8413567373058486
7,Macollas,M2_CE_corregida,M2,M2_CE_corregida,6.666666666666667,5.568769800010045,1.0978968666566216
8,Macollas,M2_CE_corregida,M2,M2_CE_corregida,5.666666666666667,6.863388677668775,-1.196722011002108
9,Macollas,M2_CE_corregida,M2,M2_CE_corregida,4.666666666666667,6.228123617381218,-1.5614569507145513
10,Macollas,M2_CE_corregida,M2,M2_CE_corregida,6.333333333333333,5.130184817766651,1.2031485155666823
11,Macollas,M2_CE_corregida,M2,M2_CE_corregida,6,4.89170724016613,1.10829275983387
12,Macollas,M2_CE_corregida,M2,M2_CE_corregida,5.666666666666667,4.756841873308266,0.9098247933584007
13,Macollas,M2_CE_corregida,M2,M2_CE_corregida,7.666666666666667,6.434707626732958,1.2319590399337086
14,Macollas,M2_CE_corregida,M2,M2_CE_corregida,7.333333333333333,8.132804771585347,-0.7994714382520138
15,Macollas,M2_CE_corregida,M2,M2_CE_corregida,7.333333333333333,7.498339021142288,-0.16500568780895453
16,Macollas,M2_CE_corregida,M2,M2_CE_corregida,6.666666666666667,7.00347898955706,-0.33681232289039276
17,Macollas,M2_CE_corregida,M2,M2_CE_corregida,5.333333333333333,5.217215224871405,0.1161181084619276
18,Macollas,M2_CE_corregida,M2,M2_CE_corregida,6,5.782673292085532,0.2173267079144683
19,Macollas,M2_CE_corregida,M2,M2_CE_corregida,6,5.531104273365431,0.46889572663456924
20,Macollas,M2_CE_corregida,M2,M2_CE_corregida,5.666666666666667,5.231044918266546,0.4356217484001208
21,Macollas,M2_CE_corregida,M2,M2_CE_corregida,6.666666666666667,6.760607232005359,-0.09394056533869222
22,Macollas,M2_CE_corregida,M2,M2_CE_corregida,7,6.927662394316142,0.07233760568385783
23,Macollas,M2_CE_corregida,M2,M2_CE_corregida,6.333333333333333,6.965959964513647,-0.6326266311803144
24,Macollas,M2_CE_corregida,M2,M2_CE_corregida,6.333333333333333,7.582147630110981,-1.248814296777648
25,Macollas,M2_CE_corregida,M2,M2_CE_corregida,6.333333333333333,7.168984606638494,-0.8356512733051611
26,Macollas,M2_CE_corregida,M2,M2_CE_corregida,7.666666666666667,7.617407839182259,0.04925882748440813
27,Macollas,M2_CE_corregida,M2,M2_CE_corregida,7,9.097550312875054,-2.097550312875054
28,Macollas,M2_CE_corregida,M2,M2_CE_corregida,9.333333333333334,7.490558532799138,1.8427748005341957
29,Macollas,M2_CE_corregida,M2,M2_CE_corregida,9.333333333333334,7.873567685184149,1.459765648149185
30,Macollas,M2_CE_corregida,M2,M2_CE_corregida,8.666666666666666,7.72175944798056,0.9449072186861063
31,Macollas,M2_CE_corregida,M2,M2_CE_corregida,9.333333333333334,8.72734023713929,0.6059930961940445
32,Macollas,M2_CE_corregida,M2,M2_CE_corregida,7,7.286110382340617,-0.2861103823406168
33,Macollas,M2_CE_corregida,M2,M2_CE_corregida,6.666666666666667,7.521287157260927,-0.85462049059426
34,Macollas,M2_CE_corregida,M2,M2_CE_corregida,7,7.907631632548637,-0.9076316325486369
35,Macollas,M2_CE_corregida,M2,M2_CE_corregida,7,6.002410635061206,0.9975893649387944
36,Macollas,M2_CE_corregida,M2,M2_CE_corregida,5.333333333333333,6.492406899869151,-1.1590735665358176
37,Macollas,M2_CE_corregida,M2,M2_CE_corregida,5,6.085496142979937,-1.0854961429799372
38,Macollas,M2_CE_corregida,M2,M2_CE_corregida,4.666666666666667,4.90532827378598,-0.2386616071193126
39,Macollas,M2_CE_corregida,M2,M2_CE_corregida,6,4.934330886290004,1.0656691137099958
40,Macollas,M2_CE_corregida,M2,M2_CE_corregida,5,5.907918404971505,-0.9079184049715048
41,Macollas,M2_CE_corregida,M2,M2_CE_corregida,7.666666666666667,6.735956454184402,0.930710212482265
42,Macollas,M2_CE_corregida,M2,M2_CE_corregida,7.333333333333333,7.836703362097694,-0.503370028764361
43,Macollas,M2_CE_corregida,M2,M2_CE_corregida,7.666666666666667,8.257510573769682,-0.5908439071030154
44,Macollas,M2_CE_corregida,M2,M2_CE_corregida,7.666666666666667,7.354779970735746,0.3118866959309212
45,Macollas,M2_CE_corregida,M2,M2_CE_corregida,5,4.7468701366140245,0.25312986338597554
46,Macollas,M2_CE_corregida,M2,M2_CE_corregida,4.666666666666667,4.401349613954121,0.2653170527125459
47,Macollas,M2_CE_corregida,M2,M2_CE_corregida,5.333333333333333,4.5593741453307075,0.7739591880026255
48,Macollas,M2_CE_corregida,M2,M2_CE_corregida,6.333333333333333,6.161500290843531,0.17183304248980225
49,Macollas,M2_CE_corregida,M2,M2_CE_corregida,7,6.654283865684363,0.3457161343156372
50,Macollas,M2_CE_corregida,M2,M2_CE_corregida,4,7.615989624518998,-3.615989624518998
51,Macollas,M2_CE_corregida,M2,M2_CE_corregida,6,6.677119067215459,-0.6771190672154592
52,Macollas,M2_CE_corregida,M2,M2_CE_corregida,7.666666666666667,7.978606746129411,-0.3119400794627438
53,Macollas,M2_CE_corregida,M2,M2_CE_corregida,8.666666666666666,7.126976515609024,1.5396901510576422
54,Macollas,M2_CE_corregida,M2,M2_CE_corregida,9.666666666666666,8.485301687573909,1.1813649790927574
55,Macollas,M2_CE_corregida,M2,M2_CE_corregida,10.666666666666666,7.91560356595261,2.751063100714056
56,Macollas,M2_CE_corregida,M2,M2_CE_corregida,8.333333333333334,8.503160253505424,-0.1698269201720901
1,Macollas,M2_Indice_N,M2,M2_Indice_N,8.666666666666666,8.430936672736426,0.2357299939302404
2,Macollas,M2_Indice_N,M2,M2_Indice_N,8.333333333333334,9.287189408927205,-0.9538560755938708
3,Macollas,M2_Indice_N,M2,M2_Indice_N,7.333333333333333,8.220015641543917,-0.8866823082105837
4,Macollas,M2_Indice_N,M2,M2_Indice_N,7.666666666666667,7.651933226319617,0.014733440347050042
5,Macollas,M2_Indice_N,M2,M2_Indice_N,8,7.238903408539697,0.7610965914603032
6,Macollas,M2_Indice_N,M2,M2_Indice_N,5.666666666666667,7.483569425002469,-1.816902758335802
7,Macollas,M2_Indice_N,M2,M2_Indice_N,6.666666666666667,5.57344377266628,1.0932228940003865
8,Macollas,M2_Indice_N,M2,M2_Indice_N,5.666666666666667,6.8529394727783695,-1.1862728061117025
9,Macollas,M2_Indice_N,M2,M2_Indice_N,4.666666666666667,6.219340881888774,-1.5526742152221074
10,Macollas,M2_Indice_N,M2,M2_Indice_N,6.333333333333333,5.1168511691185135,1.2164821642148196
11,Macollas,M2_Indice_N,M2,M2_Indice_N,6,4.892576332595243,1.107423667404757
12,Macollas,M2_Indice_N,M2,M2_Indice_N,5.666666666666667,4.746091898202238,0.9205747684644292
13,Macollas,M2_Indice_N,M2,M2_Indice_N,7.666666666666667,6.42709757893888,1.2395690877277872
14,Macollas,M2_Indice_N,M2,M2_Indice_N,7.333333333333333,8.144075958706788,-0.8107426253734547
15,Macollas,M2_Indice_N,M2,M2_Indice_N,7.333333333333333,7.501924673780377,-0.16859134044704405
16,Macollas,M2_Indice_N,M2,M2_Indice_N,6.666666666666667,6.994323856504718,-0.32765718983805137
17,Macollas,M2_Indice_N,M2,M2_Indice_N,5.333333333333333,5.206793379734138,0.12653995359919534
18,Macollas,M2_Indice_N,M2,M2_Indice_N,6,5.785759525148622,0.21424047485137798
19,Macollas,M2_Indice_N,M2,M2_Indice_N,6,5.530365268248202,0.46963473175179793
20,Macollas,M2_Indice_N,M2,M2_Indice_N,5.666666666666667,5.196402031816066,0.47026463485060077
21,Macollas,M2_Indice_N,M2,M2_Indice_N,6.666666666666667,6.7588645001710574,-0.09219783350439048
22,Macollas,M2_Indice_N,M2,M2_Indice_N,7,6.9344648596232545,0.06553514037674546
23,Macollas,M2_Indice_N,M2,M2_Indice_N,6.333333333333333,6.9567996236139305,-0.6234662902805974
24,Macollas,M2_Indice_N,M2,M2_Indice_N,6.333333333333333,7.582175615654354,-1.2488422823210206
25,Macollas,M2_Indice_N,M2,M2_Indice_N,6.333333333333333,7.173688823267473,-0.8403554899341401
26,Macollas,M2_Indice_N,M2,M2_Indice_N,7.666666666666667,7.624922336959264,0.04174432970740316
27,Macollas,M2_Indice_N,M2,M2_Indice_N,7,9.110525104304717,-2.110525104304717
28,Macollas,M2_Indice_N,M2,M2_Indice_N,9.333333333333334,7.5082799217861185,1.8250534115472155
29,Macollas,M2_Indice_N,M2,M2_Indice_N,9.333333333333334,7.879301390767813,1.4540319425655213
30,Macollas,M2_Indice_N,M2,M2_Indice_N,8.666666666666666,7.730093841480379,0.9365728251862873
31,Macollas,M2_Indice_N,M2,M2_Indice_N,9.333333333333334,8.72455387751886,0.6087794558144743
32,Macollas,M2_Indice_N,M2,M2_Indice_N,7,7.274360507338921,-0.2743605073389208
33,Macollas,M2_Indice_N,M2,M2_Indice_N,6.666666666666667,7.516345935515784,-0.8496792688491173
34,Macollas,M2_Indice_N,M2,M2_Indice_N,7,7.899515028865631,-0.8995150288656308
35,Macollas,M2_Indice_N,M2,M2_Indice_N,7,6.0076678165639485,0.9923321834360515
36,Macollas,M2_Indice_N,M2,M2_Indice_N,5.333333333333333,6.496134874166976,-1.1628015408336427
37,Macollas,M2_Indice_N,M2,M2_Indice_N,5,6.060519318428708,-1.0605193184287076
38,Macollas,M2_Indice_N,M2,M2_Indice_N,4.666666666666667,4.913611143667545,-0.24694447700087796
39,Macollas,M2_Indice_N,M2,M2_Indice_N,6,4.947967504504284,1.052032495495716
40,Macollas,M2_Indice_N,M2,M2_Indice_N,5,5.907994677171315,-0.907994677171315
41,Macollas,M2_Indice_N,M2,M2_Indice_N,7.666666666666667,6.745329026134073,0.9213376405325944
42,Macollas,M2_Indice_N,M2,M2_Indice_N,7.333333333333333,7.836241217522089,-0.5029078841887555
43,Macollas,M2_Indice_N,M2,M2_Indice_N,7.666666666666667,8.256968385967014,-0.5903017193003466
44,Macollas,M2_Indice_N,M2,M2_Indice_N,7.666666666666667,7.352324984367426,0.31434168229924087
45,Macollas,M2_Indice_N,M2,M2_Indice_N,5,4.7654598513748265,0.23454014862517347
46,Macollas,M2_Indice_N,M2,M2_Indice_N,4.666666666666667,4.42576141059581,0.24090525607085667
47,Macollas,M2_Indice_N,M2,M2_Indice_N,5.333333333333333,4.57149107611068,0.7618422572226526
48,Macollas,M2_Indice_N,M2,M2_Indice_N,6.333333333333333,6.159722972492282,0.1736103608410513
49,Macollas,M2_Indice_N,M2,M2_Indice_N,7,6.65803602980818,0.34196397019182
50,Macollas,M2_Indice_N,M2,M2_Indice_N,4,7.626275458367146,-3.6262754583671457
51,Macollas,M2_Indice_N,M2,M2_Indice_N,6,6.671459836456216,-0.6714598364562159
52,Macollas,M2_Indice_N,M2,M2_Indice_N,7.666666666666667,7.971649854282218,-0.30498318761555065
53,Macollas,M2_Indice_N,M2,M2_Indice_N,8.666666666666666,7.121301181589958,1.545365485076708
54,Macollas,M2_Indice_N,M2,M2_Indice_N,9.666666666666666,8.489178870759511,1.1774877959071546
55,Macollas,M2_Indice_N,M2,M2_Indice_N,10.666666666666666,7.925479208412839,2.741187458253827
56,Macollas,M2_Indice_N,M2,M2_Indice_N,8.333333333333334,8.507212266677644,-0.17387893334431048
1,Macollas,M2_Indice_P,M2,M2_Indice_P,8.666666666666666,8.428510781579464,0.23815588508720253
2,Macollas,M2_Indice_P,M2,M2_Indice_P,8.333333333333334,9.279788802161782,-0.9464554688284483
3,Macollas,M2_Indice_P,M2,M2_Indice_P,7.333333333333333,8.211897032483694,-0.8785636991503614
4,Macollas,M2_Indice_P,M2,M2_Indice_P,7.666666666666667,7.653895006438122,0.01277166022854459
5,Macollas,M2_Indice_P,M2,M2_Indice_P,8,7.238357006606218,0.7616429933937816
6,Macollas,M2_Indice_P,M2,M2_Indice_P,5.666666666666667,7.50450728440184,-1.8378406177351732
7,Macollas,M2_Indice_P,M2,M2_Indice_P,6.666666666666667,5.57397424735213,1.0926924193145373
8,Macollas,M2_Indice_P,M2,M2_Indice_P,5.666666666666667,6.863412976623681,-1.196746309957014
9,Macollas,M2_Indice_P,M2,M2_Indice_P,4.666666666666667,6.229161872524621,-1.562495205857954
10,Macollas,M2_Indice_P,M2,M2_Indice_P,6.333333333333333,5.128376234390826,1.204957098942507
11,Macollas,M2_Indice_P,M2,M2_Indice_P,6,4.892148927499234,1.1078510725007664
12,Macollas,M2_Indice_P,M2,M2_Indice_P,5.666666666666667,4.755446618745626,0.9112200479210406
13,Macollas,M2_Indice_P,M2,M2_Indice_P,7.666666666666667,6.434783949827227,1.23188271683944
14,Macollas,M2_Indice_P,M2,M2_Indice_P,7.333333333333333,8.131911286111537,-0.7985779527782038
15,Macollas,M2_Indice_P,M2,M2_Indice_P,7.333333333333333,7.501013580638195,-0.16768024730486175
16,Macollas,M2_Indice_P,M2,M2_Indice_P,6.666666666666667,7.003027111502065,-0.33636044483539784
17,Macollas,M2_Indice_P,M2,M2_Indice_P,5.333333333333333,5.218645528814262,0.1146878045190709
18,Macollas,M2_Indice_P,M2,M2_Indice_P,6,5.782030121268042,0.2179698787319584
19,Macollas,M2_Indice_P,M2,M2_Indice_P,6,5.5281359972622806,0.47186400273771945
20,Macollas,M2_Indice_P,M2,M2_Indice_P,5.666666666666667,5.232942500522798,0.4337241661438691
21,Macollas,M2_Indice_P,M2,M2_Indice_P,6.666666666666667,6.758447698615514,-0.09178103194884724
22,Macollas,M2_Indice_P,M2,M2_Indice_P,7,6.928367327188617,0.07163267281138275
23,Macollas,M2_Indice_P,M2,M2_Indice_P,6.333333333333333,6.9683388926284415,-0.6350055592951085
24,Macollas,M2_Indice_P,M2,M2_Indice_P,6.333333333333333,7.579906657056423,-1.2465733237230898
25,Macollas,M2_Indice_P,M2,M2_Indice_P,6.333333333333333,7.169682193513642,-0.8363488601803093
26,Macollas,M2_Indice_P,M2,M2_Indice_P,7.666666666666667,7.613753827562651,0.052912839104015674
27,Macollas,M2_Indice_P,M2,M2_Indice_P,7,9.100665510792862,-2.1006655107928616
28,Macollas,M2_Indice_P,M2,M2_Indice_P,9.333333333333334,7.488523806883876,1.844809526449458
29,Macollas,M2_Indice_P,M2,M2_Indice_P,9.333333333333334,7.872408690995215,1.460924642338119
30,Macollas,M2_Indice_P,M2,M2_Indice_P,8.666666666666666,7.72139534170913,0.9452713249575364
31,Macollas,M2_Indice_P,M2,M2_Indice_P,9.333333333333334,8.733567733477221,0.5997655998561129
32,Macollas,M2_Indice_P,M2,M2_Indice_P,7,7.284223361577261,-0.28422336157726136
33,Macollas,M2_Indice_P,M2,M2_Indice_P,6.666666666666667,7.519543477201704,-0.8528768105350366
34,Macollas,M2_Indice_P,M2,M2_Indice_P,7,7.911835586112155,-0.9118355861121552
35,Macollas,M2_Indice_P,M2,M2_Indice_P,7,5.999698819889563,1.0003011801104371
36,Macollas,M2_Indice_P,M2,M2_Indice_P,5.333333333333333,6.4981192056110135,-1.1647858722776805
37,Macollas,M2_Indice_P,M2,M2_Indice_P,5,6.088539164430302,-1.0885391644303022
38,Macollas,M2_Indice_P,M2,M2_Indice_P,4.666666666666667,4.901812944197743,-0.23514627753107575
39,Macollas,M2_Indice_P,M2,M2_Indice_P,6,4.933456345777968,1.0665436542220323
40,Macollas,M2_Indice_P,M2,M2_Indice_P,5,5.908082439001591,-0.9080824390015909
41,Macollas,M2_Indice_P,M2,M2_Indice_P,7.666666666666667,6.733616643374399,0.9330500232922683
42,Macollas,M2_Indice_P,M2,M2_Indice_P,7.333333333333333,7.837768625639342,-0.5044352923060087
43,Macollas,M2_Indice_P,M2,M2_Indice_P,7.666666666666667,8.25694809338654,-0.5902814267198737
44,Macollas,M2_Indice_P,M2,M2_Indice_P,7.666666666666667,7.357059740183207,0.3096069264834602
45,Macollas,M2_Indice_P,M2,M2_Indice_P,5,4.744116731475064,0.25588326852493637
46,Macollas,M2_Indice_P,M2,M2_Indice_P,4.666666666666667,4.401456678762971,0.2652099879036962
47,Macollas,M2_Indice_P,M2,M2_Indice_P,5.333333333333333,4.557516208611499,0.7758171247218337
48,Macollas,M2_Indice_P,M2,M2_Indice_P,6.333333333333333,6.1610920133820155,0.17224131995131753
49,Macollas,M2_Indice_P,M2,M2_Indice_P,7,6.65636789177262,0.34363210822738033
50,Macollas,M2_Indice_P,M2,M2_Indice_P,4,7.604980691784996,-3.604980691784996
51,Macollas,M2_Indice_P,M2,M2_Indice_P,6,6.677973190965414,-0.6779731909654139
52,Macollas,M2_Indice_P,M2,M2_Indice_P,7.666666666666667,7.9745462245331,-0.30787955786643284
53,Macollas,M2_Indice_P,M2,M2_Indice_P,8.666666666666666,7.121385629723362,1.5452810369433037
54,Macollas,M2_Indice_P,M2,M2_Indice_P,9.666666666666666,8.486773898535441,1.179892768131225
55,Macollas,M2_Indice_P,M2,M2_Indice_P,10.666666666666666,7.915978699759153,2.7506879669075133
56,Macollas,M2_Indice_P,M2,M2_Indice_P,8.333333333333334,8.502175237911697,-0.1688419045783629
1,Macollas,M2_Indice_K,M2,M2_Indice_K,8.666666666666666,8.434984643920078,0.2316820227465879
2,Macollas,M2_Indice_K,M2,M2_Indice_K,8.333333333333334,9.287849796038328,-0.9545164627049942
3,Macollas,M2_Indice_K,M2,M2_Indice_K,7.333333333333333,8.21643251852144,-0.8830991851881071
4,Macollas,M2_Indice_K,M2,M2_Indice_K,7.666666666666667,7.651240123147068,0.015426543519598823
5,Macollas,M2_Indice_K,M2,M2_Indice_K,8,7.237371978458441,0.7626280215415591
6,Macollas,M2_Indice_K,M2,M2_Indice_K,5.666666666666667,7.502419838633509,-1.835753171966842
7,Macollas,M2_Indice_K,M2,M2_Indice_K,6.666666666666667,5.568625375859631,1.0980412908070356
8,Macollas,M2_Indice_K,M2,M2_Indice_K,5.666666666666667,6.859497024354264,-1.1928303576875967
9,Macollas,M2_Indice_K,M2,M2_Indice_K,4.666666666666667,6.22199107049294,-1.5553244038262735
10,Macollas,M2_Indice_K,M2,M2_Indice_K,6.333333333333333,5.133835900484328,1.1994974328490047
11,Macollas,M2_Indice_K,M2,M2_Indice_K,6,4.890648818177502,1.1093511818224977
12,Macollas,M2_Indice_K,M2,M2_Indice_K,5.666666666666667,4.750218730003079,0.9164479366635883
13,Macollas,M2_Indice_K,M2,M2_Indice_K,7.666666666666667,6.4316422601461625,1.2350244065205045
14,Macollas,M2_Indice_K,M2,M2_Indice_K,7.333333333333333,8.135795215611587,-0.8024618822782541
15,Macollas,M2_Indice_K,M2,M2_Indice_K,7.333333333333333,7.49863103193428,-0.16529769860094667
16,Macollas,M2_Indice_K,M2,M2_Indice_K,6.666666666666667,7.0008199201829715,-0.33415325351630454
17,Macollas,M2_Indice_K,M2,M2_Indice_K,5.333333333333333,5.212194402805773,0.12113893052756008
18,Macollas,M2_Indice_K,M2,M2_Indice_K,6,5.78437988570075,0.21562011429925043
19,Macollas,M2_Indice_K,M2,M2_Indice_K,6,5.532843811979108,0.4671561880208923
20,Macollas,M2_Indice_K,M2,M2_Indice_K,5.666666666666667,5.221211763599523,0.4454549030671435
21,Macollas,M2_Indice_K,M2,M2_Indice_K,6.666666666666667,6.758465215498518,-0.0917985488318509
22,Macollas,M2_Indice_K,M2,M2_Indice_K,7,6.926856785290319,0.0731432147096811
23,Macollas,M2_Indice_K,M2,M2_Indice_K,6.333333333333333,6.961842550628498,-0.6285092172951652
24,Macollas,M2_Indice_K,M2,M2_Indice_K,6.333333333333333,7.580019607522624,-1.2466862741892912
25,Macollas,M2_Indice_K,M2,M2_Indice_K,6.333333333333333,7.169338746850563,-0.8360054135172303
26,Macollas,M2_Indice_K,M2,M2_Indice_K,7.666666666666667,7.616931901154846,0.04973476551182099
27,Macollas,M2_Indice_K,M2,M2_Indice_K,7,9.111561566590353,-2.1115615665903533
28,Macollas,M2_Indice_K,M2,M2_Indice_K,9.333333333333334,7.496616676291724,1.8367166570416096
29,Macollas,M2_Indice_K,M2,M2_Indice_K,9.333333333333334,7.877574930692127,1.455758402641207
30,Macollas,M2_Indice_K,M2,M2_Indice_K,8.666666666666666,7.72320490733269,0.9434617593339762
31,Macollas,M2_Indice_K,M2,M2_Indice_K,9.333333333333334,8.727834763564488,0.6054985697688462
32,Macollas,M2_Indice_K,M2,M2_Indice_K,7,7.276898590814854,-0.276898590814854
33,Macollas,M2_Indice_K,M2,M2_Indice_K,6.666666666666667,7.519743037986295,-0.8530763713196281
34,Macollas,M2_Indice_K,M2,M2_Indice_K,7,7.906782873989624,-0.9067828739896244
35,Macollas,M2_Indice_K,M2,M2_Indice_K,7,6.001994031030095,0.9980059689699052
36,Macollas,M2_Indice_K,M2,M2_Indice_K,5.333333333333333,6.493698749258201,-1.1603654159248675
37,Macollas,M2_Indice_K,M2,M2_Indice_K,5,6.0743064999186185,-1.0743064999186185
38,Macollas,M2_Indice_K,M2,M2_Indice_K,4.666666666666667,4.910651315015302,-0.24398464834863542
39,Macollas,M2_Indice_K,M2,M2_Indice_K,6,4.939789901501805,1.060210098498195
40,Macollas,M2_Indice_K,M2,M2_Indice_K,5,5.908975046125781,-0.9089750461257813
41,Macollas,M2_Indice_K,M2,M2_Indice_K,7.666666666666667,6.740195603803005,0.9264710628636621
42,Macollas,M2_Indice_K,M2,M2_Indice_K,7.333333333333333,7.836162293594967,-0.5028289602616338
43,Macollas,M2_Indice_K,M2,M2_Indice_K,7.666666666666667,8.255775917363028,-0.5891092506963611
44,Macollas,M2_Indice_K,M2,M2_Indice_K,7.666666666666667,7.356053395681277,0.3106132709853897
45,Macollas,M2_Indice_K,M2,M2_Indice_K,5,4.754678253121299,0.24532174687870079
46,Macollas,M2_Indice_K,M2,M2_Indice_K,4.666666666666667,4.410037103049341,0.25662956361732636
47,Macollas,M2_Indice_K,M2,M2_Indice_K,5.333333333333333,4.565508277875649,0.767825055457684
48,Macollas,M2_Indice_K,M2,M2_Indice_K,6.333333333333333,6.161245712528595,0.17208762080473772
49,Macollas,M2_Indice_K,M2,M2_Indice_K,7,6.6544202314795395,0.34557976852046046
50,Macollas,M2_Indice_K,M2,M2_Indice_K,4,7.609096121057092,-3.6090961210570924
51,Macollas,M2_Indice_K,M2,M2_Indice_K,6,6.677613622867178,-0.6776136228671783
52,Macollas,M2_Indice_K,M2,M2_Indice_K,7.666666666666667,7.978562784025369,-0.31189611735870226
53,Macollas,M2_Indice_K,M2,M2_Indice_K,8.666666666666666,7.1201172495543466,1.5465494171123195
54,Macollas,M2_Indice_K,M2,M2_Indice_K,9.666666666666666,8.483553278114044,1.1831133885526217
55,Macollas,M2_Indice_K,M2,M2_Indice_K,10.666666666666666,7.915123498748472,2.751543167918194
56,Macollas,M2_Indice_K,M2,M2_Indice_K,8.333333333333334,8.506037813620779,-0.1727044802874449
1,Macollas,M2_Exploratorio_pH_T_Hv,M2,M2_Exploratorio_pH_T_Hv,8.666666666666666,8.581658932303387,0.08500773436327869
2,Macollas,M2_Exploratorio_pH_T_Hv,M2,M2_Exploratorio_pH_T_Hv,8.333333333333334,9.262546923314403,-0.9292135899810692
3,Macollas,M2_Exploratorio_pH_T_Hv,M2,M2_Exploratorio_pH_T_Hv,7.333333333333333,8.190250147369637,-0.8569168140363042
4,Macollas,M2_Exploratorio_pH_T_Hv,M2,M2_Exploratorio_pH_T_Hv,7.666666666666667,7.578020299526475,0.0886463671401918
5,Macollas,M2_Exploratorio_pH_T_Hv,M2,M2_Exploratorio_pH_T_Hv,8,7.19272709972581,0.8072729002741896
6,Macollas,M2_Exploratorio_pH_T_Hv,M2,M2_Exploratorio_pH_T_Hv,5.666666666666667,7.36564163184906,-1.6989749651823933
7,Macollas,M2_Exploratorio_pH_T_Hv,M2,M2_Exploratorio_pH_T_Hv,6.666666666666667,5.735049443649578,0.9316172230170894
8,Macollas,M2_Exploratorio_pH_T_Hv,M2,M2_Exploratorio_pH_T_Hv,5.666666666666667,6.75322680343888,-1.0865601367722126
9,Macollas,M2_Exploratorio_pH_T_Hv,M2,M2_Exploratorio_pH_T_Hv,4.666666666666667,6.199437408079573,-1.5327707414129064
10,Macollas,M2_Exploratorio_pH_T_Hv,M2,M2_Exploratorio_pH_T_Hv,6.333333333333333,5.138914897598653,1.19441843573468
11,Macollas,M2_Exploratorio_pH_T_Hv,M2,M2_Exploratorio_pH_T_Hv,6,4.981706818913604,1.0182931810863964
12,Macollas,M2_Exploratorio_pH_T_Hv,M2,M2_Exploratorio_pH_T_Hv,5.666666666666667,5.0451153128675434,0.6215513537991235
13,Macollas,M2_Exploratorio_pH_T_Hv,M2,M2_Exploratorio_pH_T_Hv,7.666666666666667,6.739495702195558,0.9271709644711086
14,Macollas,M2_Exploratorio_pH_T_Hv,M2,M2_Exploratorio_pH_T_Hv,7.333333333333333,8.016771250599556,-0.6834379172662226
15,Macollas,M2_Exploratorio_pH_T_Hv,M2,M2_Exploratorio_pH_T_Hv,7.333333333333333,7.28450475804173,0.048828575291603116
16,Macollas,M2_Exploratorio_pH_T_Hv,M2,M2_Exploratorio_pH_T_Hv,6.666666666666667,7.077751444001168,-0.41108477733450144
17,Macollas,M2_Exploratorio_pH_T_Hv,M2,M2_Exploratorio_pH_T_Hv,5.333333333333333,5.171858255952706,0.1614750773806266
18,Macollas,M2_Exploratorio_pH_T_Hv,M2,M2_Exploratorio_pH_T_Hv,6,5.694912867740118,0.3050871322598816
19,Macollas,M2_Exploratorio_pH_T_Hv,M2,M2_Exploratorio_pH_T_Hv,6,5.743401738474412,0.2565982615255882
20,Macollas,M2_Exploratorio_pH_T_Hv,M2,M2_Exploratorio_pH_T_Hv,5.666666666666667,5.419171979099887,0.24749468756678006
21,Macollas,M2_Exploratorio_pH_T_Hv,M2,M2_Exploratorio_pH_T_Hv,6.666666666666667,6.546089996074611,0.12057667059205635
22,Macollas,M2_Exploratorio_pH_T_Hv,M2,M2_Exploratorio_pH_T_Hv,7,7.089254776513412,-0.08925477651341218
23,Macollas,M2_Exploratorio_pH_T_Hv,M2,M2_Exploratorio_pH_T_Hv,6.333333333333333,6.794941182264147,-0.4616078489308135
24,Macollas,M2_Exploratorio_pH_T_Hv,M2,M2_Exploratorio_pH_T_Hv,6.333333333333333,7.761385851457431,-1.4280525181240984
25,Macollas,M2_Exploratorio_pH_T_Hv,M2,M2_Exploratorio_pH_T_Hv,6.333333333333333,7.340787474471499,-1.0074541411381661
26,Macollas,M2_Exploratorio_pH_T_Hv,M2,M2_Exploratorio_pH_T_Hv,7.666666666666667,7.698644612071229,-0.031977945404562114
27,Macollas,M2_Exploratorio_pH_T_Hv,M2,M2_Exploratorio_pH_T_Hv,7,8.920687269403542,-1.9206872694035422
28,Macollas,M2_Exploratorio_pH_T_Hv,M2,M2_Exploratorio_pH_T_Hv,9.333333333333334,7.347778793286016,1.9855545400473176
29,Macollas,M2_Exploratorio_pH_T_Hv,M2,M2_Exploratorio_pH_T_Hv,9.333333333333334,7.485272730441727,1.8480606028916071
30,Macollas,M2_Exploratorio_pH_T_Hv,M2,M2_Exploratorio_pH_T_Hv,8.666666666666666,7.685935192042438,0.9807314746242284
31,Macollas,M2_Exploratorio_pH_T_Hv,M2,M2_Exploratorio_pH_T_Hv,9.333333333333334,8.858540866454586,0.474792466878748
32,Macollas,M2_Exploratorio_pH_T_Hv,M2,M2_Exploratorio_pH_T_Hv,7,7.32096579630809,-0.32096579630808986
33,Macollas,M2_Exploratorio_pH_T_Hv,M2,M2_Exploratorio_pH_T_Hv,6.666666666666667,7.891745207566213,-1.2250785408995464
34,Macollas,M2_Exploratorio_pH_T_Hv,M2,M2_Exploratorio_pH_T_Hv,7,7.8531040927184605,-0.8531040927184605
35,Macollas,M2_Exploratorio_pH_T_Hv,M2,M2_Exploratorio_pH_T_Hv,7,6.3976999671715635,0.6023000328284365
36,Macollas,M2_Exploratorio_pH_T_Hv,M2,M2_Exploratorio_pH_T_Hv,5.333333333333333,6.396439877640154,-1.0631065443068213
37,Macollas,M2_Exploratorio_pH_T_Hv,M2,M2_Exploratorio_pH_T_Hv,5,5.834080310590966,-0.8340803105909664
38,Macollas,M2_Exploratorio_pH_T_Hv,M2,M2_Exploratorio_pH_T_Hv,4.666666666666667,4.885469285036588,-0.21880261836992076
39,Macollas,M2_Exploratorio_pH_T_Hv,M2,M2_Exploratorio_pH_T_Hv,6,4.946252617373301,1.0537473826266988
40,Macollas,M2_Exploratorio_pH_T_Hv,M2,M2_Exploratorio_pH_T_Hv,5,5.79460795814421,-0.7946079581442103
41,Macollas,M2_Exploratorio_pH_T_Hv,M2,M2_Exploratorio_pH_T_Hv,7.666666666666667,7.113932893199127,0.5527337734675397
42,Macollas,M2_Exploratorio_pH_T_Hv,M2,M2_Exploratorio_pH_T_Hv,7.333333333333333,7.776510490379102,-0.44317715704576877
43,Macollas,M2_Exploratorio_pH_T_Hv,M2,M2_Exploratorio_pH_T_Hv,7.666666666666667,7.93399126987353,-0.26732460320686346
44,Macollas,M2_Exploratorio_pH_T_Hv,M2,M2_Exploratorio_pH_T_Hv,7.666666666666667,7.176161144808083,0.49050552185858365
45,Macollas,M2_Exploratorio_pH_T_Hv,M2,M2_Exploratorio_pH_T_Hv,5,4.296498358459044,0.7035016415409556
46,Macollas,M2_Exploratorio_pH_T_Hv,M2,M2_Exploratorio_pH_T_Hv,4.666666666666667,4.180956521583877,0.4857101450827903
47,Macollas,M2_Exploratorio_pH_T_Hv,M2,M2_Exploratorio_pH_T_Hv,5.333333333333333,4.541512389582507,0.7918209437508263
48,Macollas,M2_Exploratorio_pH_T_Hv,M2,M2_Exploratorio_pH_T_Hv,6.333333333333333,6.11672600926803,0.21660732406530325
49,Macollas,M2_Exploratorio_pH_T_Hv,M2,M2_Exploratorio_pH_T_Hv,7,6.529939815843046,0.47006018415695383
50,Macollas,M2_Exploratorio_pH_T_Hv,M2,M2_Exploratorio_pH_T_Hv,4,7.894145360636033,-3.894145360636033
51,Macollas,M2_Exploratorio_pH_T_Hv,M2,M2_Exploratorio_pH_T_Hv,6,6.7033381428335215,-0.7033381428335215
52,Macollas,M2_Exploratorio_pH_T_Hv,M2,M2_Exploratorio_pH_T_Hv,7.666666666666667,8.03747112338251,-0.3708044567158426
53,Macollas,M2_Exploratorio_pH_T_Hv,M2,M2_Exploratorio_pH_T_Hv,8.666666666666666,7.488788669605745,1.1778779970609214
54,Macollas,M2_Exploratorio_pH_T_Hv,M2,M2_Exploratorio_pH_T_Hv,9.666666666666666,8.651053954757103,1.0156127119095633
55,Macollas,M2_Exploratorio_pH_T_Hv,M2,M2_Exploratorio_pH_T_Hv,10.666666666666666,7.907065790344521,2.7596008763221453
56,Macollas,M2_Exploratorio_pH_T_Hv,M2,M2_Exploratorio_pH_T_Hv,8.333333333333334,8.353613926326243,-0.02028059299290952
1,Altura,M0_Repeticion,M0,Diseño_reducido,28.53333333333333,43.59130434782611,-15.057971014492779
2,Altura,M0_Repeticion,M0,Diseño_reducido,39.13333333333333,43.130434782608724,-3.997101449275391
3,Altura,M0_Repeticion,M0,Diseño_reducido,39.9,43.097101449275385,-3.1971014492753866
4,Altura,M0_Repeticion,M0,Diseño_reducido,48.333333333333336,42.73043478260872,5.602898550724618
5,Altura,M0_Repeticion,M0,Diseño_reducido,46.5,42.810144927536264,3.689855072463736
6,Altura,M0_Repeticion,M0,Diseño_reducido,44.43333333333334,42.90000000000003,1.5333333333333101
7,Altura,M0_Repeticion,M0,Diseño_reducido,44.699999999999996,43.95797101449276,0.7420289855072326
8,Altura,M0_Repeticion,M0,Diseño_reducido,42.63333333333333,44.04782608695654,-1.4144927536232075
9,Altura,M0_Repeticion,M0,Diseño_reducido,46.46666666666667,43.88115942028986,2.5855072463768067
10,Altura,M0_Repeticion,M0,Diseño_reducido,48.800000000000004,43.77971014492755,5.0202898550724555
11,Altura,M0_Repeticion,M0,Diseño_reducido,41.13333333333333,44.113043478260884,-2.9797101449275516
12,Altura,M0_Repeticion,M0,Diseño_reducido,47.86666666666667,43.820289855072474,4.046376811594193
13,Altura,M0_Repeticion,M0,Diseño_reducido,44.333333333333336,53.45238095238098,-9.119047619047642
14,Altura,M0_Repeticion,M0,Diseño_reducido,62.333333333333336,50.880952380952394,11.452380952380942
15,Altura,M0_Repeticion,M0,Diseño_reducido,56.666666666666664,51.690476190476204,4.97619047619046
16,Altura,M0_Repeticion,M0,Diseño_reducido,45.333333333333336,53.30952380952382,-7.976190476190482
17,Altura,M0_Repeticion,M0,Diseño_reducido,37.6,44.26666666666669,-6.666666666666686
18,Altura,M0_Repeticion,M0,Diseño_reducido,49.53333333333333,43.747826086956536,5.785507246376795
19,Altura,M0_Repeticion,M0,Diseño_reducido,48.36666666666667,43.7985507246377,4.568115942028967
20,Altura,M0_Repeticion,M0,Diseño_reducido,46.4,43.8840579710145,2.5159420289854992
21,Altura,M0_Repeticion,M0,Diseño_reducido,45.9,43.90579710144929,1.9942028985507108
22,Altura,M0_Repeticion,M0,Diseño_reducido,46.03333333333333,43.90000000000001,2.1333333333333186
23,Altura,M0_Repeticion,M0,Diseño_reducido,45.06666666666666,42.87246376811597,2.1942028985506923
24,Altura,M0_Repeticion,M0,Diseño_reducido,38.733333333333334,43.14782608695654,-4.4144927536232075
25,Altura,M0_Repeticion,M0,Diseño_reducido,41.9,43.01014492753627,-1.1101449275362683
26,Altura,M0_Repeticion,M0,Diseño_reducido,40.93333333333333,43.0521739130435,-2.1188405797101666
27,Altura,M0_Repeticion,M0,Diseño_reducido,46.300000000000004,42.818840579710155,3.481159420289849
28,Altura,M0_Repeticion,M0,Diseño_reducido,44.300000000000004,42.9057971014493,1.3942028985507022
29,Altura,M0_Repeticion,M0,Diseño_reducido,50.6,42.631884057971035,7.968115942028966
30,Altura,M0_Repeticion,M0,Diseño_reducido,43.4,42.944927536231916,0.45507246376808297
31,Altura,M0_Repeticion,M0,Diseño_reducido,44.6,42.89275362318843,1.7072463768115682
32,Altura,M0_Repeticion,M0,Diseño_reducido,44.5,42.8971014492754,1.6028985507246034
33,Altura,M0_Repeticion,M0,Diseño_reducido,40.800000000000004,43.057971014492786,-2.2579710144927816
34,Altura,M0_Repeticion,M0,Diseño_reducido,42.06666666666666,43.00289855072467,-0.9362318840580102
35,Altura,M0_Repeticion,M0,Diseño_reducido,41.96666666666667,44.07681159420291,-2.11014492753624
36,Altura,M0_Repeticion,M0,Diseño_reducido,47.46666666666666,43.8376811594203,3.6289855072463624
37,Altura,M0_Repeticion,M0,Diseño_reducido,40.53333333333334,44.139130434782615,-3.6057971014492765
38,Altura,M0_Repeticion,M0,Diseño_reducido,37.800000000000004,44.257971014492774,-6.45797101449277
39,Altura,M0_Repeticion,M0,Diseño_reducido,40.93333333333333,44.1217391304348,-3.188405797101467
40,Altura,M0_Repeticion,M0,Diseño_reducido,42.03333333333333,44.07391304347827,-2.0405797101449394
41,Altura,M0_Repeticion,M0,Diseño_reducido,50.666666666666664,52.547619047619065,-1.880952380952401
42,Altura,M0_Repeticion,M0,Diseño_reducido,49.666666666666664,52.690476190476204,-3.0238095238095397
43,Altura,M0_Repeticion,M0,Diseño_reducido,54.833333333333336,51.95238095238098,2.8809523809523583
44,Altura,M0_Repeticion,M0,Diseño_reducido,54.666666666666664,51.976190476190496,2.6904761904761685
45,Altura,M0_Repeticion,M0,Diseño_reducido,47.599999999999994,43.83188405797103,3.768115942028963
46,Altura,M0_Repeticion,M0,Diseño_reducido,47,43.85797101449276,3.1420289855072383
47,Altura,M0_Repeticion,M0,Diseño_reducido,46.199999999999996,43.89275362318841,2.307246376811584
48,Altura,M0_Repeticion,M0,Diseño_reducido,43,44.031884057971034,-1.031884057971034
49,Altura,M0_Repeticion,M0,Diseño_reducido,36.6,44.31014492753624,-7.710144927536241
50,Altura,M0_Repeticion,M0,Diseño_reducido,39.166666666666664,44.1985507246377,-5.031884057971034
51,Altura,M0_Repeticion,M0,Diseño_reducido,40,43.092753623188436,-3.092753623188436
52,Altura,M0_Repeticion,M0,Diseño_reducido,42.266666666666666,42.994202898550746,-0.7275362318840806
53,Altura,M0_Repeticion,M0,Diseño_reducido,45.300000000000004,42.86231884057974,2.437681159420265
54,Altura,M0_Repeticion,M0,Diseño_reducido,45.26666666666667,42.86376811594205,2.402898550724622
55,Altura,M0_Repeticion,M0,Diseño_reducido,38.6,43.153623188405824,-4.5536231884058225
56,Altura,M0_Repeticion,M0,Diseño_reducido,49.666666666666664,42.67246376811597,6.9942028985506965
1,Altura,M1_Tratamientos,M1,Diseño_completo,28.53333333333333,42.13137254901963,-13.598039215686299
2,Altura,M1_Tratamientos,M1,Diseño_completo,39.13333333333333,40.04901960784317,-0.915686274509838
3,Altura,M1_Tratamientos,M1,Diseño_completo,39.9,42.15244690674055,-2.252446906740552
4,Altura,M1_Tratamientos,M1,Diseño_completo,48.333333333333336,41.52354570637121,6.809787626962127
5,Altura,M1_Tratamientos,M1,Diseño_completo,46.5,42.78384118190215,3.7161588180978526
6,Altura,M1_Tratamientos,M1,Diseño_completo,44.43333333333334,40.99196675900278,3.4413665743305586
7,Altura,M1_Tratamientos,M1,Diseño_completo,44.699999999999996,41.933056325023095,2.7669436749769005
8,Altura,M1_Tratamientos,M1,Diseño_completo,42.63333333333333,37.77254901960794,4.860784313725389
9,Altura,M1_Tratamientos,M1,Diseño_completo,46.46666666666667,42.015512465373966,4.451154201292702
10,Altura,M1_Tratamientos,M1,Diseño_completo,48.800000000000004,42.73259464450601,6.067405355493996
11,Altura,M1_Tratamientos,M1,Diseño_completo,41.13333333333333,47.04155124653739,-5.908217913204055
12,Altura,M1_Tratamientos,M1,Diseño_completo,47.86666666666667,46.85686274509804,1.0098039215686256
13,Altura,M1_Tratamientos,M1,Diseño_completo,44.333333333333336,54.40714285714289,-10.073809523809551
14,Altura,M1_Tratamientos,M1,Diseño_completo,62.333333333333336,52.47380952380953,9.859523809523807
15,Altura,M1_Tratamientos,M1,Diseño_completo,56.666666666666664,51.28333333333335,5.3833333333333115
16,Altura,M1_Tratamientos,M1,Diseño_completo,45.333333333333336,53.26428571428572,-7.930952380952384
17,Altura,M1_Tratamientos,M1,Diseño_completo,37.6,47.080517082179135,-9.480517082179134
18,Altura,M1_Tratamientos,M1,Diseño_completo,49.53333333333333,45.86814404432133,3.665189289011998
19,Altura,M1_Tratamientos,M1,Diseño_completo,48.36666666666667,48.025577100646345,0.34108956602032237
20,Altura,M1_Tratamientos,M1,Diseño_completo,46.4,42.480392156862735,3.919607843137264
21,Altura,M1_Tratamientos,M1,Diseño_completo,45.9,47.58291782086797,-1.6829178208679707
22,Altura,M1_Tratamientos,M1,Diseño_completo,46.03333333333333,45.76611265004618,0.26722068328714954
23,Altura,M1_Tratamientos,M1,Diseño_completo,45.06666666666666,41.705078485687935,3.3615881809787282
24,Altura,M1_Tratamientos,M1,Diseño_completo,38.733333333333334,49.17058823529414,-10.437254901960806
25,Altura,M1_Tratamientos,M1,Diseño_completo,41.9,43.41375807940908,-1.5137580794090795
26,Altura,M1_Tratamientos,M1,Diseño_completo,40.93333333333333,43.284313725490215,-2.3509803921568846
27,Altura,M1_Tratamientos,M1,Diseño_completo,46.300000000000004,41.59399815327795,4.706001846722053
28,Altura,M1_Tratamientos,M1,Diseño_completo,44.300000000000004,39.78014773776549,4.519852262234515
29,Altura,M1_Tratamientos,M1,Diseño_completo,50.6,42.9509803921569,7.649019607843101
30,Altura,M1_Tratamientos,M1,Diseño_completo,43.4,41.66352723915055,1.736472760849452
31,Altura,M1_Tratamientos,M1,Diseño_completo,44.6,44.87571560480149,-0.2757156048014906
32,Altura,M1_Tratamientos,M1,Diseño_completo,44.5,36.89019607843147,7.609803921568528
33,Altura,M1_Tratamientos,M1,Diseño_completo,40.800000000000004,45.78855032317637,-4.988550323176369
34,Altura,M1_Tratamientos,M1,Diseño_completo,42.06666666666666,48.73942751615885,-6.672760849492185
35,Altura,M1_Tratamientos,M1,Diseño_completo,41.96666666666667,44.385318559556794,-2.418651892890125
36,Altura,M1_Tratamientos,M1,Diseño_completo,47.46666666666666,45.68823529411766,1.7784313725490009
37,Altura,M1_Tratamientos,M1,Diseño_completo,40.53333333333334,42.384672206832896,-1.8513388734995573
38,Altura,M1_Tratamientos,M1,Diseño_completo,37.800000000000004,44.54145891043399,-6.741458910433984
39,Altura,M1_Tratamientos,M1,Diseño_completo,40.93333333333333,39.80588235294122,1.127450980392112
40,Altura,M1_Tratamientos,M1,Diseño_completo,42.03333333333333,41.63529411764707,0.39803921568626066
41,Altura,M1_Tratamientos,M1,Diseño_completo,50.666666666666664,49.98809523809526,0.6785714285714022
42,Altura,M1_Tratamientos,M1,Diseño_completo,49.666666666666664,52.369047619047635,-2.7023809523809703
43,Altura,M1_Tratamientos,M1,Diseño_completo,54.833333333333336,53.78333333333335,1.049999999999983
44,Altura,M1_Tratamientos,M1,Diseño_completo,54.666666666666664,50.93095238095239,3.7357142857142733
45,Altura,M1_Tratamientos,M1,Diseño_completo,47.599999999999994,42.8976915974146,4.702308402585395
46,Altura,M1_Tratamientos,M1,Diseño_completo,47,43.56666666666667,3.43333333333333
47,Altura,M1_Tratamientos,M1,Diseño_completo,46.199999999999996,42.6943674976916,3.5056325023083943
48,Altura,M1_Tratamientos,M1,Diseño_completo,43,45.17045244690676,-2.170452446906758
49,Altura,M1_Tratamientos,M1,Diseño_completo,36.6,42.539215686274524,-5.9392156862745225
50,Altura,M1_Tratamientos,M1,Diseño_completo,39.166666666666664,44.652354570637144,-5.485687903970479
51,Altura,M1_Tratamientos,M1,Diseño_completo,40,45.00196078431376,-5.001960784313759
52,Altura,M1_Tratamientos,M1,Diseño_completo,42.266666666666666,46.900646352723925,-4.633979686057259
53,Altura,M1_Tratamientos,M1,Diseño_completo,45.300000000000004,38.843137254901976,6.456862745098029
54,Altura,M1_Tratamientos,M1,Diseño_completo,45.26666666666667,46.428808864265946,-1.1621421975992732
55,Altura,M1_Tratamientos,M1,Diseño_completo,38.6,43.476269621422006,-4.876269621422004
56,Altura,M1_Tratamientos,M1,Diseño_completo,49.666666666666664,41.609972299168994,8.05669436749767
1,Altura,M2_CE_original,M2,M2_CE_original,28.53333333333333,42.969779948814775,-14.436446615481444
2,Altura,M2_CE_original,M2,M2_CE_original,39.13333333333333,41.099525270449156,-1.9661919371158234
3,Altura,M2_CE_original,M2,M2_CE_original,39.9,42.46404904905499,-2.5640490490549936
4,Altura,M2_CE_original,M2,M2_CE_original,48.333333333333336,41.86786006655916,6.4654732667741754
5,Altura,M2_CE_original,M2,M2_CE_original,46.5,43.0415135728193,3.458486427180702
6,Altura,M2_CE_original,M2,M2_CE_original,44.43333333333334,40.922887641965374,3.5104456913679627
7,Altura,M2_CE_original,M2,M2_CE_original,44.699999999999996,42.26709695573357,2.432903044266425
8,Altura,M2_CE_original,M2,M2_CE_original,42.63333333333333,38.014190043229874,4.619143290103459
9,Altura,M2_CE_original,M2,M2_CE_original,46.46666666666667,41.45852571082334,5.008140955843331
10,Altura,M2_CE_original,M2,M2_CE_original,48.800000000000004,42.565130924899734,6.234869075100271
11,Altura,M2_CE_original,M2,M2_CE_original,41.13333333333333,48.58365454565506,-7.450321212321725
12,Altura,M2_CE_original,M2,M2_CE_original,47.86666666666667,46.99967028085066,0.8669963858160088
13,Altura,M2_CE_original,M2,M2_CE_original,44.333333333333336,54.393874828486496,-10.06054149515316
14,Altura,M2_CE_original,M2,M2_CE_original,62.333333333333336,52.75110635561383,9.582226977719507
15,Altura,M2_CE_original,M2,M2_CE_original,56.666666666666664,51.38335162810546,5.283315038561206
16,Altura,M2_CE_original,M2,M2_CE_original,45.333333333333336,53.017084619811385,-7.683751286478049
17,Altura,M2_CE_original,M2,M2_CE_original,37.6,47.8509994322568,-10.250999432256798
18,Altura,M2_CE_original,M2,M2_CE_original,49.53333333333333,46.07445607171178,3.458877261621552
19,Altura,M2_CE_original,M2,M2_CE_original,48.36666666666667,48.31253581730496,0.0541308493617052
20,Altura,M2_CE_original,M2,M2_CE_original,46.4,41.7675270545339,4.632472945466098
21,Altura,M2_CE_original,M2,M2_CE_original,45.9,48.00959599460198,-2.1095959946019818
22,Altura,M2_CE_original,M2,M2_CE_original,46.03333333333333,46.21932253960563,-0.18598920627229631
23,Altura,M2_CE_original,M2,M2_CE_original,45.06666666666666,41.344735699695704,3.721930966970959
24,Altura,M2_CE_original,M2,M2_CE_original,38.733333333333334,49.55483237081153,-10.821499037478198
25,Altura,M2_CE_original,M2,M2_CE_original,41.9,44.06121813152022,-2.161218131520222
26,Altura,M2_CE_original,M2,M2_CE_original,40.93333333333333,43.58076530728178,-2.64743197394845
27,Altura,M2_CE_original,M2,M2_CE_original,46.300000000000004,42.003707185164984,4.29629281483502
28,Altura,M2_CE_original,M2,M2_CE_original,44.300000000000004,39.83920756325989,4.460792436740114
29,Altura,M2_CE_original,M2,M2_CE_original,50.6,43.15176341563212,7.4482365843678835
30,Altura,M2_CE_original,M2,M2_CE_original,43.4,41.67780940267416,1.7221905973258416
31,Altura,M2_CE_original,M2,M2_CE_original,44.6,43.98558117544982,0.614418824550178
32,Altura,M2_CE_original,M2,M2_CE_original,44.5,33.38230197550114,11.117698024498857
33,Altura,M2_CE_original,M2,M2_CE_original,40.800000000000004,45.498109238828874,-4.69810923882887
34,Altura,M2_CE_original,M2,M2_CE_original,42.06666666666666,48.340956634754455,-6.274289968087793
35,Altura,M2_CE_original,M2,M2_CE_original,41.96666666666667,43.86266491682846,-1.8959982501617887
36,Altura,M2_CE_original,M2,M2_CE_original,47.46666666666666,44.72814502638779,2.7385216402788686
37,Altura,M2_CE_original,M2,M2_CE_original,40.53333333333334,40.751969824723076,-0.21863649138973784
38,Altura,M2_CE_original,M2,M2_CE_original,37.800000000000004,45.352938188449585,-7.5529381884495805
39,Altura,M2_CE_original,M2,M2_CE_original,40.93333333333333,39.75954017834164,1.1737931549916922
40,Altura,M2_CE_original,M2,M2_CE_original,42.03333333333333,41.324034026855045,0.709299306478286
41,Altura,M2_CE_original,M2,M2_CE_original,50.666666666666664,50.43118671869499,0.23547994797167604
42,Altura,M2_CE_original,M2,M2_CE_original,49.666666666666664,52.301763663697805,-2.635096997031141
43,Altura,M2_CE_original,M2,M2_CE_original,54.833333333333336,54.09091420177302,0.7424191315603181
44,Altura,M2_CE_original,M2,M2_CE_original,54.666666666666664,50.619325396735114,4.04734126993155
45,Altura,M2_CE_original,M2,M2_CE_original,47.599999999999994,42.556881577740086,5.043118422259909
46,Altura,M2_CE_original,M2,M2_CE_original,47,43.46652403623844,3.5334759637615605
47,Altura,M2_CE_original,M2,M2_CE_original,46.199999999999996,42.3216060323386,3.8783939676613954
48,Altura,M2_CE_original,M2,M2_CE_original,43,44.564226591534535,-1.5642265915345348
49,Altura,M2_CE_original,M2,M2_CE_original,36.6,42.609042247032484,-6.0090422470324825
50,Altura,M2_CE_original,M2,M2_CE_original,39.166666666666664,44.736216340715,-5.569549674048339
51,Altura,M2_CE_original,M2,M2_CE_original,40,44.64302371927724,-4.643023719277238
52,Altura,M2_CE_original,M2,M2_CE_original,42.266666666666666,46.7977850370835,-4.531118370416834
53,Altura,M2_CE_original,M2,M2_CE_original,45.300000000000004,37.682591000150765,7.617408999849239
54,Altura,M2_CE_original,M2,M2_CE_original,45.26666666666667,46.366804292736006,-1.1001376260693334
55,Altura,M2_CE_original,M2,M2_CE_original,38.6,43.378396882614425,-4.778396882614423
56,Altura,M2_CE_original,M2,M2_CE_original,49.666666666666664,41.66555395294422,8.001112713722442
1,Altura,M2_CE_corregida,M2,M2_CE_corregida,28.53333333333333,42.96977994881483,-14.4364466154815
2,Altura,M2_CE_corregida,M2,M2_CE_corregida,39.13333333333333,41.09952527044916,-1.9661919371158305
3,Altura,M2_CE_corregida,M2,M2_CE_corregida,39.9,42.46404904905498,-2.5640490490549794
4,Altura,M2_CE_corregida,M2,M2_CE_corregida,48.333333333333336,41.86786006655912,6.465473266774218
5,Altura,M2_CE_corregida,M2,M2_CE_corregida,46.5,43.04151357281926,3.4584864271807376
6,Altura,M2_CE_corregida,M2,M2_CE_corregida,44.43333333333334,40.92288764196552,3.5104456913678206
7,Altura,M2_CE_corregida,M2,M2_CE_corregida,44.699999999999996,42.267096955733564,2.432903044266432
8,Altura,M2_CE_corregida,M2,M2_CE_corregida,42.63333333333333,38.0141900432299,4.61914329010343
9,Altura,M2_CE_corregida,M2,M2_CE_corregida,46.46666666666667,41.458525710823395,5.008140955843274
10,Altura,M2_CE_corregida,M2,M2_CE_corregida,48.800000000000004,42.56513092489972,6.234869075100285
11,Altura,M2_CE_corregida,M2,M2_CE_corregida,41.13333333333333,48.58365454565509,-7.450321212321754
12,Altura,M2_CE_corregida,M2,M2_CE_corregida,47.86666666666667,46.99967028085071,0.8669963858159591
13,Altura,M2_CE_corregida,M2,M2_CE_corregida,44.333333333333336,54.39387482848659,-10.060541495153252
14,Altura,M2_CE_corregida,M2,M2_CE_corregida,62.333333333333336,52.75110635561381,9.582226977719529
15,Altura,M2_CE_corregida,M2,M2_CE_corregida,56.666666666666664,51.3833516281054,5.283315038561263
16,Altura,M2_CE_corregida,M2,M2_CE_corregida,45.333333333333336,53.0170846198114,-7.6837512864780635
17,Altura,M2_CE_corregida,M2,M2_CE_corregida,37.6,47.850999432256856,-10.250999432256855
18,Altura,M2_CE_corregida,M2,M2_CE_corregida,49.53333333333333,46.07445607171178,3.458877261621552
19,Altura,M2_CE_corregida,M2,M2_CE_corregida,48.36666666666667,48.31253581730496,0.0541308493617052
20,Altura,M2_CE_corregida,M2,M2_CE_corregida,46.4,41.76752705453407,4.632472945465928
21,Altura,M2_CE_corregida,M2,M2_CE_corregida,45.9,48.009595994602016,-2.1095959946020173
22,Altura,M2_CE_corregida,M2,M2_CE_corregida,46.03333333333333,46.21932253960558,-0.18598920627224658
23,Altura,M2_CE_corregida,M2,M2_CE_corregida,45.06666666666666,41.344735699695796,3.7219309669708665
24,Altura,M2_CE_corregida,M2,M2_CE_corregida,38.733333333333334,49.55483237081154,-10.821499037478205
25,Altura,M2_CE_corregida,M2,M2_CE_corregida,41.9,44.06121813152015,-2.161218131520151
26,Altura,M2_CE_corregida,M2,M2_CE_corregida,40.93333333333333,43.58076530728175,-2.6474319739484216
27,Altura,M2_CE_corregida,M2,M2_CE_corregida,46.300000000000004,42.00370718516493,4.296292814835077
28,Altura,M2_CE_corregida,M2,M2_CE_corregida,44.300000000000004,39.83920756325979,4.460792436740213
29,Altura,M2_CE_corregida,M2,M2_CE_corregida,50.6,43.15176341563206,7.44823658436794
30,Altura,M2_CE_corregida,M2,M2_CE_corregida,43.4,41.67780940267413,1.72219059732587
31,Altura,M2_CE_corregida,M2,M2_CE_corregida,44.6,43.98558117544982,0.614418824550178
32,Altura,M2_CE_corregida,M2,M2_CE_corregida,44.5,33.38230197550133,11.117698024498672
33,Altura,M2_CE_corregida,M2,M2_CE_corregida,40.800000000000004,45.498109238828846,-4.698109238828842
34,Altura,M2_CE_corregida,M2,M2_CE_corregida,42.06666666666666,48.340956634754505,-6.274289968087842
35,Altura,M2_CE_corregida,M2,M2_CE_corregida,41.96666666666667,43.86266491682836,-1.8959982501616892
36,Altura,M2_CE_corregida,M2,M2_CE_corregida,47.46666666666666,44.72814502638778,2.738521640278883
37,Altura,M2_CE_corregida,M2,M2_CE_corregida,40.53333333333334,40.75196982472323,-0.21863649138989416
38,Altura,M2_CE_corregida,M2,M2_CE_corregida,37.800000000000004,45.35293818844954,-7.552938188449538
39,Altura,M2_CE_corregida,M2,M2_CE_corregida,40.93333333333333,39.75954017834153,1.1737931549917988
40,Altura,M2_CE_corregida,M2,M2_CE_corregida,42.03333333333333,41.32403402685503,0.7092993064783002
41,Altura,M2_CE_corregida,M2,M2_CE_corregida,50.666666666666664,50.431186718694875,0.23547994797178973
42,Altura,M2_CE_corregida,M2,M2_CE_corregida,49.666666666666664,52.3017636636978,-2.635096997031134
43,Altura,M2_CE_corregida,M2,M2_CE_corregida,54.833333333333336,54.09091420177302,0.7424191315603181
44,Altura,M2_CE_corregida,M2,M2_CE_corregida,54.666666666666664,50.619325396735206,4.047341269931458
45,Altura,M2_CE_corregida,M2,M2_CE_corregida,47.599999999999994,42.55688157773996,5.0431184222600365
46,Altura,M2_CE_corregida,M2,M2_CE_corregida,47,43.4665240362383,3.5334759637617026
47,Altura,M2_CE_corregida,M2,M2_CE_corregida,46.199999999999996,42.32160603233852,3.8783939676614736
48,Altura,M2_CE_corregida,M2,M2_CE_corregida,43,44.56422659153456,-1.5642265915345632
49,Altura,M2_CE_corregida,M2,M2_CE_corregida,36.6,42.609042247032455,-6.009042247032454
50,Altura,M2_CE_corregida,M2,M2_CE_corregida,39.166666666666664,44.736216340714975,-5.569549674048311
51,Altura,M2_CE_corregida,M2,M2_CE_corregida,40,44.64302371927726,-4.643023719277259
52,Altura,M2_CE_corregida,M2,M2_CE_corregida,42.266666666666666,46.7977850370835,-4.531118370416834
53,Altura,M2_CE_corregida,M2,M2_CE_corregida,45.300000000000004,37.68259100015081,7.6174089998491965
54,Altura,M2_CE_corregida,M2,M2_CE_corregida,45.26666666666667,46.36680429273603,-1.1001376260693547
55,Altura,M2_CE_corregida,M2,M2_CE_corregida,38.6,43.37839688261451,-4.7783968826145085
56,Altura,M2_CE_corregida,M2,M2_CE_corregida,49.666666666666664,41.66555395294418,8.001112713722485
1,Altura,M2_Indice_N,M2,M2_Indice_N,28.53333333333333,42.92519810875547,-14.391864775422135
2,Altura,M2_Indice_N,M2,M2_Indice_N,39.13333333333333,41.12976742022423,-1.9964340868909005
3,Altura,M2_Indice_N,M2,M2_Indice_N,39.9,42.47820712994651,-2.578207129946513
4,Altura,M2_Indice_N,M2,M2_Indice_N,48.333333333333336,41.8841371687442,6.449196164589132
5,Altura,M2_Indice_N,M2,M2_Indice_N,46.5,43.04654592829394,3.4534540717060622
6,Altura,M2_Indice_N,M2,M2_Indice_N,44.43333333333334,40.92790194995467,3.5054313833786637
7,Altura,M2_Indice_N,M2,M2_Indice_N,44.699999999999996,42.279196425774884,2.4208035742251113
8,Altura,M2_Indice_N,M2,M2_Indice_N,42.63333333333333,37.94807988134454,4.6852534519887925
9,Altura,M2_Indice_N,M2,M2_Indice_N,46.46666666666667,41.299702807322014,5.166963859344655
10,Altura,M2_Indice_N,M2,M2_Indice_N,48.800000000000004,42.508457851058125,6.291542148941879
11,Altura,M2_Indice_N,M2,M2_Indice_N,41.13333333333333,48.555707234904766,-7.422373901571433
12,Altura,M2_Indice_N,M2,M2_Indice_N,47.86666666666667,46.95498751697486,0.9116791496918069
13,Altura,M2_Indice_N,M2,M2_Indice_N,44.333333333333336,54.32182837937264,-9.988495046039304
14,Altura,M2_Indice_N,M2,M2_Indice_N,62.333333333333336,52.773310462230214,9.560022871103122
15,Altura,M2_Indice_N,M2,M2_Indice_N,56.666666666666664,51.398639952550994,5.2680267141156705
16,Altura,M2_Indice_N,M2,M2_Indice_N,45.333333333333336,52.987840247897424,-7.654506914564088
17,Altura,M2_Indice_N,M2,M2_Indice_N,37.6,47.80508298272579,-10.205082982725791
18,Altura,M2_Indice_N,M2,M2_Indice_N,49.53333333333333,46.084974447018105,3.4483588863152264
19,Altura,M2_Indice_N,M2,M2_Indice_N,48.36666666666667,48.312914235292254,0.05375243137441288
20,Altura,M2_Indice_N,M2,M2_Indice_N,46.4,41.591728298435086,4.808271701564912
21,Altura,M2_Indice_N,M2,M2_Indice_N,45.9,48.005123151631494,-2.1051231516314957
22,Altura,M2_Indice_N,M2,M2_Indice_N,46.03333333333333,46.24397867706831,-0.21064534373498134
23,Altura,M2_Indice_N,M2,M2_Indice_N,45.06666666666666,41.30778207084924,3.7588845958174204
24,Altura,M2_Indice_N,M2,M2_Indice_N,38.733333333333334,49.556073343849434,-10.8227400105161
25,Altura,M2_Indice_N,M2,M2_Indice_N,41.9,44.08649168527825,-2.1864916852782486
26,Altura,M2_Indice_N,M2,M2_Indice_N,40.93333333333333,43.61064801855607,-2.67731468522274
27,Altura,M2_Indice_N,M2,M2_Indice_N,46.300000000000004,42.03298990263454,4.267010097365464
28,Altura,M2_Indice_N,M2,M2_Indice_N,44.300000000000004,39.90434598997144,4.395654010028565
29,Altura,M2_Indice_N,M2,M2_Indice_N,50.6,43.17650053758352,7.42349946241648
30,Altura,M2_Indice_N,M2,M2_Indice_N,43.4,41.71160781513693,1.6883921848630692
31,Altura,M2_Indice_N,M2,M2_Indice_N,44.6,43.968107308500336,0.6318926914996652
32,Altura,M2_Indice_N,M2,M2_Indice_N,44.5,33.372184984353574,11.127815015646426
33,Altura,M2_Indice_N,M2,M2_Indice_N,40.800000000000004,45.483771694001625,-4.683771694001621
34,Altura,M2_Indice_N,M2,M2_Indice_N,42.06666666666666,48.314608998417896,-6.247942331751233
35,Altura,M2_Indice_N,M2,M2_Indice_N,41.96666666666667,43.88437244656481,-1.9177057798981423
36,Altura,M2_Indice_N,M2,M2_Indice_N,47.46666666666666,44.74160520692124,2.725061459745419
37,Altura,M2_Indice_N,M2,M2_Indice_N,40.53333333333334,40.641841302333674,-0.10850796900033544
38,Altura,M2_Indice_N,M2,M2_Indice_N,37.800000000000004,45.38497982090294,-7.584979820902937
39,Altura,M2_Indice_N,M2,M2_Indice_N,40.93333333333333,39.836087510350914,1.0972458229824156
40,Altura,M2_Indice_N,M2,M2_Indice_N,42.03333333333333,41.327302380867096,0.7060309524662358
41,Altura,M2_Indice_N,M2,M2_Indice_N,50.666666666666664,50.47326461030137,0.19340205636529362
42,Altura,M2_Indice_N,M2,M2_Indice_N,49.666666666666664,52.30019957769339,-2.6335329110267267
43,Altura,M2_Indice_N,M2,M2_Indice_N,54.833333333333336,54.10146824207647,0.7318650912568643
44,Altura,M2_Indice_N,M2,M2_Indice_N,54.666666666666664,50.606706423978764,4.0599602426879
45,Altura,M2_Indice_N,M2,M2_Indice_N,47.599999999999994,42.625506014929314,4.97449398507068
46,Altura,M2_Indice_N,M2,M2_Indice_N,47,43.545352850156405,3.454647149843595
47,Altura,M2_Indice_N,M2,M2_Indice_N,46.199999999999996,42.381162622870214,3.818837377129782
48,Altura,M2_Indice_N,M2,M2_Indice_N,43,44.54691920243849,-1.5469192024384881
49,Altura,M2_Indice_N,M2,M2_Indice_N,36.6,42.62606674688912,-6.026066746889121
50,Altura,M2_Indice_N,M2,M2_Indice_N,39.166666666666664,44.780395176619315,-5.613728509952651
51,Altura,M2_Indice_N,M2,M2_Indice_N,40,44.624607571992925,-4.624607571992925
52,Altura,M2_Indice_N,M2,M2_Indice_N,42.266666666666666,46.77509277493061,-4.508426108263947
53,Altura,M2_Indice_N,M2,M2_Indice_N,45.300000000000004,37.65244318553212,7.647556814467883
54,Altura,M2_Indice_N,M2,M2_Indice_N,45.26666666666667,46.36600501569097,-1.0993383490243005
55,Altura,M2_Indice_N,M2,M2_Indice_N,38.6,43.35726474310064,-4.757264743100642
56,Altura,M2_Indice_N,M2,M2_Indice_N,49.666666666666664,41.70027697452031,7.9663896921463575
1,Altura,M2_Indice_P,M2,M2_Indice_P,28.53333333333333,42.98622897807223,-14.452895644738902
2,Altura,M2_Indice_P,M2,M2_Indice_P,39.13333333333333,41.12005892259374,-1.9867255892604092
3,Altura,M2_Indice_P,M2,M2_Indice_P,39.9,42.46141254699568,-2.561412546995683
4,Altura,M2_Indice_P,M2,M2_Indice_P,48.333333333333336,41.88452477132341,6.448808562009923
5,Altura,M2_Indice_P,M2,M2_Indice_P,46.5,43.04983970195046,3.450160298049539
6,Altura,M2_Indice_P,M2,M2_Indice_P,44.43333333333334,40.9156354768659,3.5176978564674357
7,Altura,M2_Indice_P,M2,M2_Indice_P,44.699999999999996,42.27917784758485,2.4208221524151483
8,Altura,M2_Indice_P,M2,M2_Indice_P,42.63333333333333,37.98014093038666,4.653192402946672
9,Altura,M2_Indice_P,M2,M2_Indice_P,46.46666666666667,41.422527257006124,5.044139409660545
10,Altura,M2_Indice_P,M2,M2_Indice_P,48.800000000000004,42.5356756045472,6.264324395452803
11,Altura,M2_Indice_P,M2,M2_Indice_P,41.13333333333333,48.56503761886915,-7.431704285535815
12,Altura,M2_Indice_P,M2,M2_Indice_P,47.86666666666667,46.969099472922714,0.8975671937439529
13,Altura,M2_Indice_P,M2,M2_Indice_P,44.333333333333336,54.35968258000606,-10.026349246672723
14,Altura,M2_Indice_P,M2,M2_Indice_P,62.333333333333336,52.76490976273133,9.568423570602008
15,Altura,M2_Indice_P,M2,M2_Indice_P,56.666666666666664,51.398445741288846,5.268220925377818
16,Altura,M2_Indice_P,M2,M2_Indice_P,45.333333333333336,52.9986630865877,-7.665329753254362
17,Altura,M2_Indice_P,M2,M2_Indice_P,37.6,47.81993378533353,-10.21993378533353
18,Altura,M2_Indice_P,M2,M2_Indice_P,49.53333333333333,46.07515110184009,3.4581822314932396
19,Altura,M2_Indice_P,M2,M2_Indice_P,48.36666666666667,48.30943898955601,0.057227677110660125
20,Altura,M2_Indice_P,M2,M2_Indice_P,46.4,41.70507439368155,4.694925606318449
21,Altura,M2_Indice_P,M2,M2_Indice_P,45.9,48.00494325392829,-2.1049432539282904
22,Altura,M2_Indice_P,M2,M2_Indice_P,46.03333333333333,46.22829711110161,-0.19496377776827956
23,Altura,M2_Indice_P,M2,M2_Indice_P,45.06666666666666,41.330001243396794,3.7366654232698693
24,Altura,M2_Indice_P,M2,M2_Indice_P,38.733333333333334,49.55001218587178,-10.816678852538445
25,Altura,M2_Indice_P,M2,M2_Indice_P,41.9,44.085778138239924,-2.1857781382399253
26,Altura,M2_Indice_P,M2,M2_Indice_P,40.93333333333333,43.575155221213024,-2.6418218878796935
27,Altura,M2_Indice_P,M2,M2_Indice_P,46.300000000000004,42.02021224387734,4.279787756122666
28,Altura,M2_Indice_P,M2,M2_Indice_P,44.300000000000004,39.87669891808784,4.4233010819121645
29,Altura,M2_Indice_P,M2,M2_Indice_P,50.6,43.1664022202594,7.433597779740602
30,Altura,M2_Indice_P,M2,M2_Indice_P,43.4,41.68858014528584,1.7114198547141584
31,Altura,M2_Indice_P,M2,M2_Indice_P,44.6,43.98659090801764,0.613409091982362
32,Altura,M2_Indice_P,M2,M2_Indice_P,44.5,33.26638490766066,11.233615092339342
33,Altura,M2_Indice_P,M2,M2_Indice_P,40.800000000000004,45.49689831558468,-4.696898315584676
34,Altura,M2_Indice_P,M2,M2_Indice_P,42.06666666666666,48.33775117370968,-6.271084507043014
35,Altura,M2_Indice_P,M2,M2_Indice_P,41.96666666666667,43.86671850910182,-1.900051842435154
36,Altura,M2_Indice_P,M2,M2_Indice_P,47.46666666666666,44.74860047247205,2.7180661941946127
37,Altura,M2_Indice_P,M2,M2_Indice_P,40.53333333333334,40.67771124819869,-0.1443779148653519
38,Altura,M2_Indice_P,M2,M2_Indice_P,37.800000000000004,45.36580375124778,-7.565803751247778
39,Altura,M2_Indice_P,M2,M2_Indice_P,40.93333333333333,39.810864884432334,1.122468448900996
40,Altura,M2_Indice_P,M2,M2_Indice_P,42.03333333333333,41.32994860995877,0.7033847233745618
41,Altura,M2_Indice_P,M2,M2_Indice_P,50.666666666666664,50.449138018340065,0.21752864832659924
42,Altura,M2_Indice_P,M2,M2_Indice_P,49.666666666666664,52.305056654950334,-2.63838998828367
43,Altura,M2_Indice_P,M2,M2_Indice_P,54.833333333333336,54.10674940320355,0.7265839301297845
44,Altura,M2_Indice_P,M2,M2_Indice_P,54.666666666666664,50.61468895399585,4.051977712670812
45,Altura,M2_Indice_P,M2,M2_Indice_P,47.599999999999994,42.60799000672189,4.992009993278103
46,Altura,M2_Indice_P,M2,M2_Indice_P,47,43.517352974184085,3.482647025815915
47,Altura,M2_Indice_P,M2,M2_Indice_P,46.199999999999996,42.359749326406536,3.8402506735934594
48,Altura,M2_Indice_P,M2,M2_Indice_P,43,44.544538803009914,-1.5445388030099139
49,Altura,M2_Indice_P,M2,M2_Indice_P,36.6,42.636775534117874,-6.036775534117872
50,Altura,M2_Indice_P,M2,M2_Indice_P,39.166666666666664,44.74170586668011,-5.5750392000134426
51,Altura,M2_Indice_P,M2,M2_Indice_P,40,44.64193026184459,-4.641930261844593
52,Altura,M2_Indice_P,M2,M2_Indice_P,42.266666666666666,46.778949842383525,-4.51228317571686
53,Altura,M2_Indice_P,M2,M2_Indice_P,45.300000000000004,37.6101568965524,7.689843103447608
54,Altura,M2_Indice_P,M2,M2_Indice_P,45.26666666666667,46.35777346711349,-1.0911068004468163
55,Altura,M2_Indice_P,M2,M2_Indice_P,38.6,43.35943459624656,-4.759434596246557
56,Altura,M2_Indice_P,M2,M2_Indice_P,49.666666666666664,41.68654337239354,7.9801232942731275
1,Altura,M2_Indice_K,M2,M2_Indice_K,28.53333333333333,43.008010958508265,-14.474677625174934
2,Altura,M2_Indice_K,M2,M2_Indice_K,39.13333333333333,41.12450861251227,-1.9911752791789397
3,Altura,M2_Indice_K,M2,M2_Indice_K,39.9,42.463571417225346,-2.563571417225347
4,Altura,M2_Indice_K,M2,M2_Indice_K,48.333333333333336,41.87575561085548,6.457577722477858
5,Altura,M2_Indice_K,M2,M2_Indice_K,46.5,43.039655462019226,3.460344537980774
6,Altura,M2_Indice_K,M2,M2_Indice_K,44.43333333333334,40.87932849722965,3.5540048361036867
7,Altura,M2_Indice_K,M2,M2_Indice_K,44.699999999999996,42.265430478938924,2.4345695210610714
8,Altura,M2_Indice_K,M2,M2_Indice_K,42.63333333333333,37.99080306800127,4.642530265332063
9,Altura,M2_Indice_K,M2,M2_Indice_K,46.46666666666667,41.424507102294385,5.042159564372284
10,Altura,M2_Indice_K,M2,M2_Indice_K,48.800000000000004,42.5758418838439,6.224158116156104
11,Altura,M2_Indice_K,M2,M2_Indice_K,41.13333333333333,48.57007873675854,-7.436745403425206
12,Altura,M2_Indice_K,M2,M2_Indice_K,47.86666666666667,46.974544323854644,0.8921223428120229
13,Altura,M2_Indice_K,M2,M2_Indice_K,44.333333333333336,54.3601518032304,-10.026818469897066
14,Altura,M2_Indice_K,M2,M2_Indice_K,62.333333333333336,52.76112569760095,9.572207635732383
15,Altura,M2_Indice_K,M2,M2_Indice_K,56.666666666666664,51.387997574068294,5.278669092598371
16,Altura,M2_Indice_K,M2,M2_Indice_K,45.333333333333336,53.00344977368877,-7.670116440355436
17,Altura,M2_Indice_K,M2,M2_Indice_K,37.6,47.83213563984948,-10.232135639849481
18,Altura,M2_Indice_K,M2,M2_Indice_K,49.53333333333333,46.080133983853415,3.4531993494799167
19,Altura,M2_Indice_K,M2,M2_Indice_K,48.36666666666667,48.319967805703065,0.046698860963601874
20,Altura,M2_Indice_K,M2,M2_Indice_K,46.4,41.71742097322965,4.682579026770348
21,Altura,M2_Indice_K,M2,M2_Indice_K,45.9,48.00345608531225,-2.103456085312253
22,Altura,M2_Indice_K,M2,M2_Indice_K,46.03333333333333,46.21838752832308,-0.18505419498974618
23,Altura,M2_Indice_K,M2,M2_Indice_K,45.06666666666666,41.32533495946131,3.7413317072053545
24,Altura,M2_Indice_K,M2,M2_Indice_K,38.733333333333334,49.5480529405917,-10.814719607258368
25,Altura,M2_Indice_K,M2,M2_Indice_K,41.9,44.06829541816734,-2.1682954181673395
26,Altura,M2_Indice_K,M2,M2_Indice_K,40.93333333333333,43.58061884147989,-2.6472855081465596
27,Altura,M2_Indice_K,M2,M2_Indice_K,46.300000000000004,42.02443908513011,4.275560914869892
28,Altura,M2_Indice_K,M2,M2_Indice_K,44.300000000000004,39.867724957015255,4.432275042984749
29,Altura,M2_Indice_K,M2,M2_Indice_K,50.6,43.16397550492536,7.436024495074641
30,Altura,M2_Indice_K,M2,M2_Indice_K,43.4,41.68520208063096,1.7147979193690404
31,Altura,M2_Indice_K,M2,M2_Indice_K,44.6,43.98176467615619,0.6182353238438125
32,Altura,M2_Indice_K,M2,M2_Indice_K,44.5,33.303555697927195,11.196444302072805
33,Altura,M2_Indice_K,M2,M2_Indice_K,40.800000000000004,45.49416068241802,-4.6941606824180155
34,Altura,M2_Indice_K,M2,M2_Indice_K,42.06666666666666,48.33411051598487,-6.267443849318205
35,Altura,M2_Indice_K,M2,M2_Indice_K,41.96666666666667,43.85510150555386,-1.8884348388871928
36,Altura,M2_Indice_K,M2,M2_Indice_K,47.46666666666666,44.73344707235775,2.7332195943089133
37,Altura,M2_Indice_K,M2,M2_Indice_K,40.53333333333334,40.70433897527831,-0.1710056419449728
38,Altura,M2_Indice_K,M2,M2_Indice_K,37.800000000000004,45.3815561858256,-7.5815561858255975
39,Altura,M2_Indice_K,M2,M2_Indice_K,40.93333333333333,39.790070911377526,1.1432624219558036
40,Altura,M2_Indice_K,M2,M2_Indice_K,42.03333333333333,41.32853236912254,0.70480096421079
41,Altura,M2_Indice_K,M2,M2_Indice_K,50.666666666666664,50.452492590574195,0.21417407609246908
42,Altura,M2_Indice_K,M2,M2_Indice_K,49.666666666666664,52.30004020722667,-2.633373540560008
43,Altura,M2_Indice_K,M2,M2_Indice_K,54.833333333333336,54.093037785332676,0.7402955480006597
44,Altura,M2_Indice_K,M2,M2_Indice_K,54.666666666666664,50.62221582900459,4.044450837662076
45,Altura,M2_Indice_K,M2,M2_Indice_K,47.599999999999994,42.58850370017276,5.011496299827236
46,Altura,M2_Indice_K,M2,M2_Indice_K,47,43.50442034493374,3.4955796550662583
47,Altura,M2_Indice_K,M2,M2_Indice_K,46.199999999999996,42.348202361109955,3.851797638890041
48,Altura,M2_Indice_K,M2,M2_Indice_K,43,44.556856048277226,-1.5568560482772256
49,Altura,M2_Indice_K,M2,M2_Indice_K,36.6,42.6091276523842,-6.009127652384201
50,Altura,M2_Indice_K,M2,M2_Indice_K,39.166666666666664,44.73376168255331,-5.567095015886643
51,Altura,M2_Indice_K,M2,M2_Indice_K,40,44.6433979242154,-4.6433979242153995
52,Altura,M2_Indice_K,M2,M2_Indice_K,42.266666666666666,46.79444010838777,-4.527773441721102
53,Altura,M2_Indice_K,M2,M2_Indice_K,45.300000000000004,37.648900306109866,7.6510996938901386
54,Altura,M2_Indice_K,M2,M2_Indice_K,45.26666666666667,46.35834384858998,-1.091677181923309
55,Altura,M2_Indice_K,M2,M2_Indice_K,38.6,43.36554681500529,-4.765546815005287
56,Altura,M2_Indice_K,M2,M2_Indice_K,49.666666666666664,41.68078531775794,7.985881348908727
1,Altura,M2_Exploratorio_pH_T_Hv,M2,M2_Exploratorio_pH_T_Hv,28.53333333333333,40.87712983899363,-12.3437965056603
2,Altura,M2_Exploratorio_pH_T_Hv,M2,M2_Exploratorio_pH_T_Hv,39.13333333333333,40.565759308605834,-1.4324259752725013
3,Altura,M2_Exploratorio_pH_T_Hv,M2,M2_Exploratorio_pH_T_Hv,39.9,42.044559274751734,-2.1445592747517352
4,Altura,M2_Exploratorio_pH_T_Hv,M2,M2_Exploratorio_pH_T_Hv,48.333333333333336,41.86388332636795,6.469450006965388
5,Altura,M2_Exploratorio_pH_T_Hv,M2,M2_Exploratorio_pH_T_Hv,46.5,43.17171950537578,3.3282804946242166
6,Altura,M2_Exploratorio_pH_T_Hv,M2,M2_Exploratorio_pH_T_Hv,44.43333333333334,43.39322014944699,1.0401131838863478
7,Altura,M2_Exploratorio_pH_T_Hv,M2,M2_Exploratorio_pH_T_Hv,44.699999999999996,40.639462523415325,4.0605374765846705
8,Altura,M2_Exploratorio_pH_T_Hv,M2,M2_Exploratorio_pH_T_Hv,42.63333333333333,39.750416872380676,2.882916460952657
9,Altura,M2_Exploratorio_pH_T_Hv,M2,M2_Exploratorio_pH_T_Hv,46.46666666666667,42.72520910633124,3.7414575603354265
10,Altura,M2_Exploratorio_pH_T_Hv,M2,M2_Exploratorio_pH_T_Hv,48.800000000000004,43.417112703558516,5.3828872964414884
11,Altura,M2_Exploratorio_pH_T_Hv,M2,M2_Exploratorio_pH_T_Hv,41.13333333333333,48.85482381335182,-7.721490480018488
12,Altura,M2_Exploratorio_pH_T_Hv,M2,M2_Exploratorio_pH_T_Hv,47.86666666666667,45.524709480345834,2.3419571863208333
13,Altura,M2_Exploratorio_pH_T_Hv,M2,M2_Exploratorio_pH_T_Hv,44.333333333333336,53.23289630201576,-8.899562968682424
14,Altura,M2_Exploratorio_pH_T_Hv,M2,M2_Exploratorio_pH_T_Hv,62.333333333333336,53.42854318761648,8.90479014571686
15,Altura,M2_Exploratorio_pH_T_Hv,M2,M2_Exploratorio_pH_T_Hv,56.666666666666664,52.80896036866512,3.8577062980015455
16,Altura,M2_Exploratorio_pH_T_Hv,M2,M2_Exploratorio_pH_T_Hv,45.333333333333336,53.26324337477733,-7.929910041443996
17,Altura,M2_Exploratorio_pH_T_Hv,M2,M2_Exploratorio_pH_T_Hv,37.6,49.11085016616421,-11.51085016616421
18,Altura,M2_Exploratorio_pH_T_Hv,M2,M2_Exploratorio_pH_T_Hv,49.53333333333333,46.76727577055258,2.7660575627807518
19,Altura,M2_Exploratorio_pH_T_Hv,M2,M2_Exploratorio_pH_T_Hv,48.36666666666667,46.21504186706903,2.1516247995976343
20,Altura,M2_Exploratorio_pH_T_Hv,M2,M2_Exploratorio_pH_T_Hv,46.4,43.2397854181466,3.1602145818533955
21,Altura,M2_Exploratorio_pH_T_Hv,M2,M2_Exploratorio_pH_T_Hv,45.9,49.653426099833474,-3.753426099833476
22,Altura,M2_Exploratorio_pH_T_Hv,M2,M2_Exploratorio_pH_T_Hv,46.03333333333333,44.99386644213324,1.0394668912000924
23,Altura,M2_Exploratorio_pH_T_Hv,M2,M2_Exploratorio_pH_T_Hv,45.06666666666666,43.747970462137175,1.3186962045294877
24,Altura,M2_Exploratorio_pH_T_Hv,M2,M2_Exploratorio_pH_T_Hv,38.733333333333334,48.2649805176545,-9.531647184321166
25,Altura,M2_Exploratorio_pH_T_Hv,M2,M2_Exploratorio_pH_T_Hv,41.9,42.30992165720247,-0.4099216572024744
26,Altura,M2_Exploratorio_pH_T_Hv,M2,M2_Exploratorio_pH_T_Hv,40.93333333333333,42.801427819904426,-1.8680944865710956
27,Altura,M2_Exploratorio_pH_T_Hv,M2,M2_Exploratorio_pH_T_Hv,46.300000000000004,43.13662342099722,3.1633765790027866
28,Altura,M2_Exploratorio_pH_T_Hv,M2,M2_Exploratorio_pH_T_Hv,44.300000000000004,40.73399994300484,3.566000056995165
29,Altura,M2_Exploratorio_pH_T_Hv,M2,M2_Exploratorio_pH_T_Hv,50.6,45.20973666193419,5.3902633380658145
30,Altura,M2_Exploratorio_pH_T_Hv,M2,M2_Exploratorio_pH_T_Hv,43.4,41.64457292008643,1.7554270799135665
31,Altura,M2_Exploratorio_pH_T_Hv,M2,M2_Exploratorio_pH_T_Hv,44.6,41.808475538988546,2.7915244610114556
32,Altura,M2_Exploratorio_pH_T_Hv,M2,M2_Exploratorio_pH_T_Hv,44.5,32.842317367501444,11.657682632498556
33,Altura,M2_Exploratorio_pH_T_Hv,M2,M2_Exploratorio_pH_T_Hv,40.800000000000004,42.85963906441114,-2.0596390644111366
34,Altura,M2_Exploratorio_pH_T_Hv,M2,M2_Exploratorio_pH_T_Hv,42.06666666666666,49.513899771207406,-7.447233104540743
35,Altura,M2_Exploratorio_pH_T_Hv,M2,M2_Exploratorio_pH_T_Hv,41.96666666666667,38.10684545762178,3.8598212090448882
36,Altura,M2_Exploratorio_pH_T_Hv,M2,M2_Exploratorio_pH_T_Hv,47.46666666666666,45.253492114326136,2.2131745523405257
37,Altura,M2_Exploratorio_pH_T_Hv,M2,M2_Exploratorio_pH_T_Hv,40.53333333333334,46.56087650327811,-6.027543169944771
38,Altura,M2_Exploratorio_pH_T_Hv,M2,M2_Exploratorio_pH_T_Hv,37.800000000000004,44.754013043993794,-6.95401304399379
39,Altura,M2_Exploratorio_pH_T_Hv,M2,M2_Exploratorio_pH_T_Hv,40.93333333333333,37.25842433165403,3.6749090016793033
40,Altura,M2_Exploratorio_pH_T_Hv,M2,M2_Exploratorio_pH_T_Hv,42.03333333333333,42.181662772708954,-0.14832943937562248
41,Altura,M2_Exploratorio_pH_T_Hv,M2,M2_Exploratorio_pH_T_Hv,50.666666666666664,39.00004085027486,11.666625816391807
42,Altura,M2_Exploratorio_pH_T_Hv,M2,M2_Exploratorio_pH_T_Hv,49.666666666666664,52.9127893474046,-3.2461226807379333
43,Altura,M2_Exploratorio_pH_T_Hv,M2,M2_Exploratorio_pH_T_Hv,54.833333333333336,56.5530900454257,-1.7197567120923622
44,Altura,M2_Exploratorio_pH_T_Hv,M2,M2_Exploratorio_pH_T_Hv,54.666666666666664,52.582924291267084,2.0837423753995807
45,Altura,M2_Exploratorio_pH_T_Hv,M2,M2_Exploratorio_pH_T_Hv,47.599999999999994,44.23081582641805,3.3691841735819423
46,Altura,M2_Exploratorio_pH_T_Hv,M2,M2_Exploratorio_pH_T_Hv,47,43.83151131244796,3.168488687552042
47,Altura,M2_Exploratorio_pH_T_Hv,M2,M2_Exploratorio_pH_T_Hv,46.199999999999996,41.59143236797431,4.608567632025682
48,Altura,M2_Exploratorio_pH_T_Hv,M2,M2_Exploratorio_pH_T_Hv,43,45.418054827832854,-2.4180548278328544
49,Altura,M2_Exploratorio_pH_T_Hv,M2,M2_Exploratorio_pH_T_Hv,36.6,43.18870379137821,-6.588703791378208
50,Altura,M2_Exploratorio_pH_T_Hv,M2,M2_Exploratorio_pH_T_Hv,39.166666666666664,42.59819578765051,-3.4315291209838463
51,Altura,M2_Exploratorio_pH_T_Hv,M2,M2_Exploratorio_pH_T_Hv,40,44.472929378573895,-4.472929378573895
52,Altura,M2_Exploratorio_pH_T_Hv,M2,M2_Exploratorio_pH_T_Hv,42.266666666666666,46.718056698228416,-4.4513900315617505
53,Altura,M2_Exploratorio_pH_T_Hv,M2,M2_Exploratorio_pH_T_Hv,45.300000000000004,36.87328670912791,8.426713290872094
54,Altura,M2_Exploratorio_pH_T_Hv,M2,M2_Exploratorio_pH_T_Hv,45.26666666666667,45.379635603305154,-0.11296893663848095
55,Altura,M2_Exploratorio_pH_T_Hv,M2,M2_Exploratorio_pH_T_Hv,38.6,44.16598717310967,-5.565987173109669
56,Altura,M2_Exploratorio_pH_T_Hv,M2,M2_Exploratorio_pH_T_Hv,49.666666666666664,42.16955537348796,7.497111293178705
1,Diametro,M0_Repeticion,M0,Diseño_reducido,3.3555555555555556,3.2782608695652184,0.07729468599033718
2,Diametro,M0_Repeticion,M0,Diseño_reducido,3.2999999999999994,3.2806763285024165,0.01932367149758285
3,Diametro,M0_Repeticion,M0,Diseño_reducido,3.3444444444444446,3.2787439613526583,0.06570048309178622
4,Diametro,M0_Repeticion,M0,Diseño_reducido,3.3000000000000003,3.2806763285024165,0.01932367149758374
5,Diametro,M0_Repeticion,M0,Diseño_reducido,3.077777777777778,3.290338164251209,-0.2125603864734309
6,Diametro,M0_Repeticion,M0,Diseño_reducido,3.3333333333333335,3.2792270531400973,0.054106280193236156
7,Diametro,M0_Repeticion,M0,Diseño_reducido,3.1333333333333337,3.3000000000000007,-0.16666666666666696
8,Diametro,M0_Repeticion,M0,Diseño_reducido,2.888888888888889,3.310628019323673,-0.42173913043478395
9,Diametro,M0_Repeticion,M0,Diseño_reducido,3.333333333333334,3.291304347826088,0.042028985507245764
10,Diametro,M0_Repeticion,M0,Diseño_reducido,3.2777777777777786,3.293719806763286,-0.01594202898550723
11,Diametro,M0_Repeticion,M0,Diseño_reducido,3.222222222222222,3.296135265700484,-0.073913043478262
12,Diametro,M0_Repeticion,M0,Diseño_reducido,3.2222222222222223,3.296135265700484,-0.07391304347826155
13,Diametro,M0_Repeticion,M0,Diseño_reducido,3.3111111111111113,3.5650793650793657,-0.2539682539682544
14,Diametro,M0_Repeticion,M0,Diseño_reducido,3.533333333333333,3.533333333333334,-8.881784197001252e-16
15,Diametro,M0_Repeticion,M0,Diseño_reducido,4.022222222222222,3.463492063492064,0.5587301587301581
16,Diametro,M0_Repeticion,M0,Diseño_reducido,3.2777777777777777,3.56984126984127,-0.29206349206349236
17,Diametro,M0_Repeticion,M0,Diseño_reducido,3.255555555555555,3.2946859903381656,-0.03913043478261047
18,Diametro,M0_Repeticion,M0,Diseño_reducido,3.3444444444444446,3.2908212560386483,0.053623188405796274
19,Diametro,M0_Repeticion,M0,Diseño_reducido,3.6222222222222222,3.2787439613526583,0.3434782608695639
20,Diametro,M0_Repeticion,M0,Diseño_reducido,3.4222222222222225,3.2874396135265704,0.13478260869565206
21,Diametro,M0_Repeticion,M0,Diseño_reducido,3.622222222222222,3.278743961352658,0.3434782608695639
22,Diametro,M0_Repeticion,M0,Diseño_reducido,5.233333333333333,3.2086956521739136,2.0246376811594198
23,Diametro,M0_Repeticion,M0,Diseño_reducido,3.055555555555556,3.291304347826088,-0.23574879227053236
24,Diametro,M0_Repeticion,M0,Diseño_reducido,2.833333333333333,3.3009661835748796,-0.46763285024154655
25,Diametro,M0_Repeticion,M0,Diseño_reducido,2.844444444444444,3.3004830917874406,-0.4560386473429965
26,Diametro,M0_Repeticion,M0,Diseño_reducido,3.511111111111111,3.2714975845410637,0.23961352657004742
27,Diametro,M0_Repeticion,M0,Diseño_reducido,3.411111111111111,3.27584541062802,0.13526570048309106
28,Diametro,M0_Repeticion,M0,Diseño_reducido,3.6222222222222222,3.266666666666667,0.3555555555555552
29,Diametro,M0_Repeticion,M0,Diseño_reducido,3.577777777777778,3.268599033816426,0.3091787439613518
30,Diametro,M0_Repeticion,M0,Diseño_reducido,3.333333333333334,3.279227053140097,0.054106280193237044
31,Diametro,M0_Repeticion,M0,Diseño_reducido,3.488888888888889,3.272463768115943,0.21642512077294596
32,Diametro,M0_Repeticion,M0,Diseño_reducido,3.077777777777778,3.290338164251209,-0.2125603864734309
33,Diametro,M0_Repeticion,M0,Diseño_reducido,3.0444444444444443,3.291787439613527,-0.24734299516908287
34,Diametro,M0_Repeticion,M0,Diseño_reducido,3.2222222222222228,3.284057971014494,-0.06183574879227116
35,Diametro,M0_Repeticion,M0,Diseño_reducido,3.077777777777778,3.302415458937199,-0.22463768115942084
36,Diametro,M0_Repeticion,M0,Diseño_reducido,3.211111111111111,3.2966183574879238,-0.08550724637681295
37,Diametro,M0_Repeticion,M0,Diseño_reducido,2.6666666666666665,3.320289855072464,-0.6536231884057977
38,Diametro,M0_Repeticion,M0,Diseño_reducido,2.8555555555555556,3.312077294685991,-0.4565217391304355
39,Diametro,M0_Repeticion,M0,Diseño_reducido,3.1111111111111116,3.3009661835748796,-0.18985507246376798
40,Diametro,M0_Repeticion,M0,Diseño_reducido,3.355555555555556,3.2903381642512084,0.06521739130434767
41,Diametro,M0_Repeticion,M0,Diseño_reducido,3.6222222222222222,3.520634920634921,0.10158730158730123
42,Diametro,M0_Repeticion,M0,Diseño_reducido,3.4,3.5523809523809526,-0.15238095238095273
43,Diametro,M0_Repeticion,M0,Diseño_reducido,3.4000000000000004,3.5523809523809526,-0.15238095238095228
44,Diametro,M0_Repeticion,M0,Diseño_reducido,3.6999999999999997,3.50952380952381,0.1904761904761898
45,Diametro,M0_Repeticion,M0,Diseño_reducido,3.3111111111111113,3.292270531400967,0.0188405797101443
46,Diametro,M0_Repeticion,M0,Diseño_reducido,3.2444444444444445,3.2951690821256046,-0.05072463768116009
47,Diametro,M0_Repeticion,M0,Diseño_reducido,3.088888888888889,3.3019323671497594,-0.21304347826087033
48,Diametro,M0_Repeticion,M0,Diseño_reducido,3.4,3.2884057971014498,0.11159420289855015
49,Diametro,M0_Repeticion,M0,Diseño_reducido,3.0222222222222226,3.3048309178743964,-0.28260869565217384
50,Diametro,M0_Repeticion,M0,Diseño_reducido,3.1111111111111107,3.3009661835748796,-0.18985507246376887
51,Diametro,M0_Repeticion,M0,Diseño_reducido,3.488888888888889,3.2724637681159425,0.2164251207729464
52,Diametro,M0_Repeticion,M0,Diseño_reducido,3.2000000000000006,3.285024154589373,-0.08502415458937218
53,Diametro,M0_Repeticion,M0,Diseño_reducido,3.0555555555555554,3.2913043478260873,-0.23574879227053191
54,Diametro,M0_Repeticion,M0,Diseño_reducido,3.377777777777778,3.2772946859903396,0.10048309178743864
55,Diametro,M0_Repeticion,M0,Diseño_reducido,3.5222222222222217,3.271014492753624,0.2512077294685975
56,Diametro,M0_Repeticion,M0,Diseño_reducido,3.377777777777778,3.2772946859903396,0.10048309178743864
1,Diametro,M1_Tratamientos,M1,Diseño_completo,3.3555555555555556,3.1424836601307193,0.2130718954248363
2,Diametro,M1_Tratamientos,M1,Diseño_completo,3.2999999999999994,3.2712418300653594,0.028758169934639977
3,Diametro,M1_Tratamientos,M1,Diseño_completo,3.3444444444444446,3.1960295475530955,0.148414896891349
4,Diametro,M1_Tratamientos,M1,Diseño_completo,3.3000000000000003,3.1283164050477064,0.1716835949522939
5,Diametro,M1_Tratamientos,M1,Diseño_completo,3.077777777777778,3.177931671283472,-0.10015389350569404
6,Diametro,M1_Tratamientos,M1,Diseño_completo,3.3333333333333335,2.981409664512158,0.35192366882117554
7,Diametro,M1_Tratamientos,M1,Diseño_completo,3.1333333333333337,3.281009541397354,-0.14767620806402038
8,Diametro,M1_Tratamientos,M1,Diseño_completo,2.888888888888889,3.3509803921568677,-0.4620915032679789
9,Diametro,M1_Tratamientos,M1,Diseño_completo,3.333333333333334,3.277131425053864,0.056201908279470025
10,Diametro,M1_Tratamientos,M1,Diseño_completo,3.2777777777777786,3.1510310864881497,0.1267466912896289
11,Diametro,M1_Tratamientos,M1,Diseño_completo,3.222222222222222,3.2904893813481073,-0.06826715912588543
12,Diametro,M1_Tratamientos,M1,Diseño_completo,3.2222222222222223,3.0705882352941187,0.1516339869281036
13,Diametro,M1_Tratamientos,M1,Diseño_completo,3.3111111111111113,3.4388888888888904,-0.1277777777777791
14,Diametro,M1_Tratamientos,M1,Diseño_completo,3.533333333333333,3.6992063492063507,-0.1658730158730175
15,Diametro,M1_Tratamientos,M1,Diseño_completo,4.022222222222222,3.4007936507936503,0.6214285714285719
16,Diametro,M1_Tratamientos,M1,Diseño_completo,3.2777777777777777,3.386507936507937,-0.10873015873015923
17,Diametro,M1_Tratamientos,M1,Diseño_completo,3.255555555555555,3.1347183748845797,0.12083718067097537
18,Diametro,M1_Tratamientos,M1,Diseño_completo,3.3444444444444446,3.6756848261003388,-0.3312403816558942
19,Diametro,M1_Tratamientos,M1,Diseño_completo,3.6222222222222222,3.2413665743305646,0.3808556478916576
20,Diametro,M1_Tratamientos,M1,Diseño_completo,3.4222222222222225,3.5666666666666664,-0.14444444444444393
21,Diametro,M1_Tratamientos,M1,Diseño_completo,3.622222222222222,3.5128347183748847,0.10938750384733709
22,Diametro,M1_Tratamientos,M1,Diseño_completo,5.233333333333333,3.3244998461064945,1.9088334872268389
23,Diametro,M1_Tratamientos,M1,Diseño_completo,3.055555555555556,3.0197907048322565,0.03576485072329927
24,Diametro,M1_Tratamientos,M1,Diseño_completo,2.833333333333333,3.2143790849673213,-0.38104575163398824
25,Diametro,M1_Tratamientos,M1,Diseño_completo,2.844444444444444,3.1514312096029564,-0.3069867651585123
26,Diametro,M1_Tratamientos,M1,Diseño_completo,3.511111111111111,3.5137254901960793,-0.002614379084968199
27,Diametro,M1_Tratamientos,M1,Diseño_completo,3.411111111111111,3.3395198522622342,0.07159125884887674
28,Diametro,M1_Tratamientos,M1,Diseño_completo,3.6222222222222222,3.157648507232995,0.46457371498922706
29,Diametro,M1_Tratamientos,M1,Diseño_completo,3.577777777777778,3.19607843137255,0.38169934640522785
30,Diametro,M1_Tratamientos,M1,Diseño_completo,3.333333333333334,3.261742074484457,0.07159125884887674
31,Diametro,M1_Tratamientos,M1,Diseño_completo,3.488888888888889,3.8841489689135127,-0.39526008002462376
32,Diametro,M1_Tratamientos,M1,Diseño_completo,3.077777777777778,2.9686274509803954,0.10915032679738257
33,Diametro,M1_Tratamientos,M1,Diseño_completo,3.0444444444444443,3.3337026777469996,-0.2892582333025553
34,Diametro,M1_Tratamientos,M1,Diseño_completo,3.2222222222222228,3.3578331794398277,-0.13561095721760497
35,Diametro,M1_Tratamientos,M1,Diseño_completo,3.077777777777778,3.4647891658971997,-0.3870113881194217
36,Diametro,M1_Tratamientos,M1,Diseño_completo,3.211111111111111,3.3633986928104584,-0.15228758169934764
37,Diametro,M1_Tratamientos,M1,Diseño_completo,2.6666666666666665,3.4880270852570026,-0.821360418590336
38,Diametro,M1_Tratamientos,M1,Diseño_completo,2.8555555555555556,3.1542936288088645,-0.2987380732533089
39,Diametro,M1_Tratamientos,M1,Diseño_completo,3.1111111111111116,2.9712418300653622,0.13986928104574936
40,Diametro,M1_Tratamientos,M1,Diseño_completo,3.355555555555556,2.9764705882352955,0.37908496732026054
41,Diametro,M1_Tratamientos,M1,Diseño_completo,3.6222222222222222,3.2960317460317445,0.3261904761904777
42,Diametro,M1_Tratamientos,M1,Diseño_completo,3.4,3.537301587301588,-0.13730158730158815
43,Diametro,M1_Tratamientos,M1,Diseño_completo,3.4000000000000004,4.124603174603175,-0.7246031746031747
44,Diametro,M1_Tratamientos,M1,Diseño_completo,3.6999999999999997,3.3833333333333324,0.3166666666666673
45,Diametro,M1_Tratamientos,M1,Diseño_completo,3.3111111111111113,3.0129886118805795,0.2981224992305318
46,Diametro,M1_Tratamientos,M1,Diseño_completo,3.2444444444444445,3.3516339869281055,-0.10718954248366108
47,Diametro,M1_Tratamientos,M1,Diseño_completo,3.088888888888889,3.024192059095107,0.06469682979378222
48,Diametro,M1_Tratamientos,M1,Diseño_completo,3.4,3.5033548784241306,-0.10335487842413071
49,Diametro,M1_Tratamientos,M1,Diseño_completo,3.0222222222222226,3.401960784313726,-0.37973856209150325
50,Diametro,M1_Tratamientos,M1,Diseño_completo,3.1111111111111107,3.4774392120652506,-0.3663281009541399
51,Diametro,M1_Tratamientos,M1,Diseño_completo,3.488888888888889,3.2346405228758175,0.25424836601307144
52,Diametro,M1_Tratamientos,M1,Diseño_completo,3.2000000000000006,3.7079101261926763,-0.5079101261926757
53,Diametro,M1_Tratamientos,M1,Diseño_completo,3.0555555555555554,3.0836601307189544,-0.028104575163399037
54,Diametro,M1_Tratamientos,M1,Diseño_completo,3.377777777777778,3.5780240073868894,-0.2002462296091112
55,Diametro,M1_Tratamientos,M1,Diseño_completo,3.5222222222222217,3.326531240381658,0.19569098184056388
56,Diametro,M1_Tratamientos,M1,Diseño_completo,3.377777777777778,3.4952908587257627,-0.11751308094798452
1,Diametro,M2_CE_original,M2,M2_CE_original,3.3555555555555556,3.2293625737763727,0.12619298177918292
2,Diametro,M2_CE_original,M2,M2_CE_original,3.2999999999999994,3.4573047712854192,-0.15730477128541986
3,Diametro,M2_CE_original,M2,M2_CE_original,3.3444444444444446,3.251738010332611,0.09270643411183377
4,Diametro,M2_CE_original,M2,M2_CE_original,3.3000000000000003,3.2194400028470653,0.08055999715293494
5,Diametro,M2_CE_original,M2,M2_CE_original,3.077777777777778,3.2351115190404385,-0.15733374126266053
6,Diametro,M2_CE_original,M2,M2_CE_original,3.3333333333333335,3.0037963179786304,0.32953701535470303
7,Diametro,M2_CE_original,M2,M2_CE_original,3.1333333333333337,3.355061371882841,-0.2217280385495073
8,Diametro,M2_CE_original,M2,M2_CE_original,2.888888888888889,3.6517470142393487,-0.7628581253504598
9,Diametro,M2_CE_original,M2,M2_CE_original,3.333333333333334,3.2235463730447504,0.10978696028858348
10,Diametro,M2_CE_original,M2,M2_CE_original,3.2777777777777786,3.1314383408725543,0.14633943690522422
11,Diametro,M2_CE_original,M2,M2_CE_original,3.222222222222222,3.4465710600186252,-0.22434883779640336
12,Diametro,M2_CE_original,M2,M2_CE_original,3.2222222222222223,3.08974649661016,0.13247572561206233
13,Diametro,M2_CE_original,M2,M2_CE_original,3.3111111111111113,3.316596166894851,-0.00548505578373959
14,Diametro,M2_CE_original,M2,M2_CE_original,3.533333333333333,3.790584268250981,-0.2572509349176477
15,Diametro,M2_CE_original,M2,M2_CE_original,4.022222222222222,3.4235748279939227,0.5986473942282995
16,Diametro,M2_CE_original,M2,M2_CE_original,3.2777777777777777,3.3094631031957644,-0.03168532541798674
17,Diametro,M2_CE_original,M2,M2_CE_original,3.255555555555555,3.151309331265105,0.10424622429045005
18,Diametro,M2_CE_original,M2,M2_CE_original,3.3444444444444446,3.7191373233529785,-0.374692878908534
19,Diametro,M2_CE_original,M2,M2_CE_original,3.6222222222222222,3.29403407974614,0.3281881424760824
20,Diametro,M2_CE_original,M2,M2_CE_original,3.4222222222222225,3.5472827628597123,-0.12506054063748984
21,Diametro,M2_CE_original,M2,M2_CE_original,3.622222222222222,3.5854732555657023,0.0367489666565195
22,Diametro,M2_CE_original,M2,M2_CE_original,5.233333333333333,3.3743835733392245,1.858949759994109
23,Diametro,M2_CE_original,M2,M2_CE_original,3.055555555555556,2.965708418058988,0.0898471374965677
24,Diametro,M2_CE_original,M2,M2_CE_original,2.833333333333333,3.273816453462085,-0.4404831201287518
25,Diametro,M2_CE_original,M2,M2_CE_original,2.844444444444444,3.2783252124873385,-0.43388076804289444
26,Diametro,M2_CE_original,M2,M2_CE_original,3.511111111111111,3.5678322941598593,-0.05672118304874818
27,Diametro,M2_CE_original,M2,M2_CE_original,3.411111111111111,3.438274450751471,-0.027163339640360107
28,Diametro,M2_CE_original,M2,M2_CE_original,3.6222222222222222,3.204092858475261,0.4181293637469614
29,Diametro,M2_CE_original,M2,M2_CE_original,3.577777777777778,3.2501646633723973,0.32761311440538066
30,Diametro,M2_CE_original,M2,M2_CE_original,3.333333333333334,3.2694594865460713,0.0638738467872626
31,Diametro,M2_CE_original,M2,M2_CE_original,3.488888888888889,3.739198187346441,-0.2503092984575521
32,Diametro,M2_CE_original,M2,M2_CE_original,3.077777777777778,2.59851306937367,0.47926470840410795
33,Diametro,M2_CE_original,M2,M2_CE_original,3.0444444444444443,3.267643448698954,-0.22319900425450978
34,Diametro,M2_CE_original,M2,M2_CE_original,3.2222222222222228,3.158815782230505,0.0634064399917178
35,Diametro,M2_CE_original,M2,M2_CE_original,3.077777777777778,3.3689303038740515,-0.2911525260962735
36,Diametro,M2_CE_original,M2,M2_CE_original,3.211111111111111,3.225989411473194,-0.014878300362083152
37,Diametro,M2_CE_original,M2,M2_CE_original,2.6666666666666665,3.345278600176943,-0.6786119335102763
38,Diametro,M2_CE_original,M2,M2_CE_original,2.8555555555555556,3.271413239155106,-0.4158576835995502
39,Diametro,M2_CE_original,M2,M2_CE_original,3.1111111111111116,2.9791121889425725,0.13199892216853915
40,Diametro,M2_CE_original,M2,M2_CE_original,3.355555555555556,2.916671639392133,0.43888391616342304
41,Diametro,M2_CE_original,M2,M2_CE_original,3.6222222222222222,3.3800878918492296,0.2421343303729926
42,Diametro,M2_CE_original,M2,M2_CE_original,3.4,3.524694721339376,-0.12469472133937609
43,Diametro,M2_CE_original,M2,M2_CE_original,3.4000000000000004,4.198386383399741,-0.7983863833997402
44,Diametro,M2_CE_original,M2,M2_CE_original,3.6999999999999997,3.325049625417996,0.37495037458200375
45,Diametro,M2_CE_original,M2,M2_CE_original,3.3111111111111113,3.024930965064456,0.28618014604665554
46,Diametro,M2_CE_original,M2,M2_CE_original,3.2444444444444445,3.4361893566862096,-0.19174491224176515
47,Diametro,M2_CE_original,M2,M2_CE_original,3.088888888888889,3.01549830565078,0.07339058323810921
48,Diametro,M2_CE_original,M2,M2_CE_original,3.4,3.3735445577234273,0.026455442276572594
49,Diametro,M2_CE_original,M2,M2_CE_original,3.0222222222222226,3.4137667558507085,-0.39154453362848596
50,Diametro,M2_CE_original,M2,M2_CE_original,3.1111111111111107,3.4687460763200235,-0.3576349652089128
51,Diametro,M2_CE_original,M2,M2_CE_original,3.488888888888889,3.145772902225233,0.3431159866636557
52,Diametro,M2_CE_original,M2,M2_CE_original,3.2000000000000006,3.6850854957842865,-0.48508549578428584
53,Diametro,M2_CE_original,M2,M2_CE_original,3.0555555555555554,2.945972656071065,0.10958289948449051
54,Diametro,M2_CE_original,M2,M2_CE_original,3.377777777777778,3.5626292550051852,-0.18485147722740702
55,Diametro,M2_CE_original,M2,M2_CE_original,3.5222222222222217,3.2851518063735,0.2370704158487218
56,Diametro,M2_CE_original,M2,M2_CE_original,3.377777777777778,3.5426793822328957,-0.16490160445511748
1,Diametro,M2_CE_corregida,M2,M2_CE_corregida,3.3555555555555556,3.22936257377638,0.12619298177917582
2,Diametro,M2_CE_corregida,M2,M2_CE_corregida,3.2999999999999994,3.4573047712854272,-0.15730477128542786
3,Diametro,M2_CE_corregida,M2,M2_CE_corregida,3.3444444444444446,3.2517380103326134,0.0927064341118311
4,Diametro,M2_CE_corregida,M2,M2_CE_corregida,3.3000000000000003,3.2194400028470684,0.08055999715293183
5,Diametro,M2_CE_corregida,M2,M2_CE_corregida,3.077777777777778,3.23511151904044,-0.15733374126266186
6,Diametro,M2_CE_corregida,M2,M2_CE_corregida,3.3333333333333335,3.0037963179786304,0.32953701535470303
7,Diametro,M2_CE_corregida,M2,M2_CE_corregida,3.1333333333333337,3.355061371882839,-0.22172803854950507
8,Diametro,M2_CE_corregida,M2,M2_CE_corregida,2.888888888888889,3.6517470142393433,-0.7628581253504545
9,Diametro,M2_CE_corregida,M2,M2_CE_corregida,3.333333333333334,3.223546373044746,0.10978696028858792
10,Diametro,M2_CE_corregida,M2,M2_CE_corregida,3.2777777777777786,3.131438340872547,0.14633943690523177
11,Diametro,M2_CE_corregida,M2,M2_CE_corregida,3.222222222222222,3.446571060018626,-0.22434883779640424
12,Diametro,M2_CE_corregida,M2,M2_CE_corregida,3.2222222222222223,3.0897464966101578,0.13247572561206455
13,Diametro,M2_CE_corregida,M2,M2_CE_corregida,3.3111111111111113,3.316596166894849,-0.005485055783737813
14,Diametro,M2_CE_corregida,M2,M2_CE_corregida,3.533333333333333,3.790584268250981,-0.2572509349176477
15,Diametro,M2_CE_corregida,M2,M2_CE_corregida,4.022222222222222,3.4235748279939218,0.5986473942283004
16,Diametro,M2_CE_corregida,M2,M2_CE_corregida,3.2777777777777777,3.309463103195765,-0.03168532541798719
17,Diametro,M2_CE_corregida,M2,M2_CE_corregida,3.255555555555555,3.1513093312651086,0.1042462242904465
18,Diametro,M2_CE_corregida,M2,M2_CE_corregida,3.3444444444444446,3.7191373233529785,-0.374692878908534
19,Diametro,M2_CE_corregida,M2,M2_CE_corregida,3.6222222222222222,3.2940340797461403,0.32818814247608197
20,Diametro,M2_CE_corregida,M2,M2_CE_corregida,3.4222222222222225,3.5472827628597106,-0.12506054063748806
21,Diametro,M2_CE_corregida,M2,M2_CE_corregida,3.622222222222222,3.5854732555657036,0.03674896665651817
22,Diametro,M2_CE_corregida,M2,M2_CE_corregida,5.233333333333333,3.3743835733392236,1.8589497599941098
23,Diametro,M2_CE_corregida,M2,M2_CE_corregida,3.055555555555556,2.965708418058989,0.08984713749656681
24,Diametro,M2_CE_corregida,M2,M2_CE_corregida,2.833333333333333,3.2738164534620857,-0.4404831201287527
25,Diametro,M2_CE_corregida,M2,M2_CE_corregida,2.844444444444444,3.2783252124873403,-0.4338807680428962
26,Diametro,M2_CE_corregida,M2,M2_CE_corregida,3.511111111111111,3.567832294159852,-0.056721183048741075
27,Diametro,M2_CE_corregida,M2,M2_CE_corregida,3.411111111111111,3.43827445075147,-0.02716333964035922
28,Diametro,M2_CE_corregida,M2,M2_CE_corregida,3.6222222222222222,3.2040928584752626,0.41812936374695964
29,Diametro,M2_CE_corregida,M2,M2_CE_corregida,3.577777777777778,3.250164663372398,0.32761311440537977
30,Diametro,M2_CE_corregida,M2,M2_CE_corregida,3.333333333333334,3.2694594865460718,0.06387384678726216
31,Diametro,M2_CE_corregida,M2,M2_CE_corregida,3.488888888888889,3.7391981873464357,-0.2503092984575468
32,Diametro,M2_CE_corregida,M2,M2_CE_corregida,3.077777777777778,2.59851306937367,0.47926470840410795
33,Diametro,M2_CE_corregida,M2,M2_CE_corregida,3.0444444444444443,3.2676434486989527,-0.22319900425450845
34,Diametro,M2_CE_corregida,M2,M2_CE_corregida,3.2222222222222228,3.158815782230504,0.06340643999171869
35,Diametro,M2_CE_corregida,M2,M2_CE_corregida,3.077777777777778,3.3689303038740452,-0.2911525260962673
36,Diametro,M2_CE_corregida,M2,M2_CE_corregida,3.211111111111111,3.2259894114731953,-0.014878300362084484
37,Diametro,M2_CE_corregida,M2,M2_CE_corregida,2.6666666666666665,3.345278600176939,-0.6786119335102723
38,Diametro,M2_CE_corregida,M2,M2_CE_corregida,2.8555555555555556,3.271413239155105,-0.41585768359954933
39,Diametro,M2_CE_corregida,M2,M2_CE_corregida,3.1111111111111116,2.9791121889425765,0.13199892216853515
40,Diametro,M2_CE_corregida,M2,M2_CE_corregida,3.355555555555556,2.9166716393921313,0.4388839161634248
41,Diametro,M2_CE_corregida,M2,M2_CE_corregida,3.6222222222222222,3.3800878918492305,0.2421343303729917
42,Diametro,M2_CE_corregida,M2,M2_CE_corregida,3.4,3.524694721339377,-0.12469472133937698
43,Diametro,M2_CE_corregida,M2,M2_CE_corregida,3.4000000000000004,4.198386383399746,-0.7983863833997455
44,Diametro,M2_CE_corregida,M2,M2_CE_corregida,3.6999999999999997,3.325049625418003,0.37495037458199665
45,Diametro,M2_CE_corregida,M2,M2_CE_corregida,3.3111111111111113,3.0249309650644616,0.28618014604664976
46,Diametro,M2_CE_corregida,M2,M2_CE_corregida,3.2444444444444445,3.4361893566862145,-0.19174491224177004
47,Diametro,M2_CE_corregida,M2,M2_CE_corregida,3.088888888888889,3.0154983056507816,0.07339058323810743
48,Diametro,M2_CE_corregida,M2,M2_CE_corregida,3.4,3.3735445577234295,0.026455442276570373
49,Diametro,M2_CE_corregida,M2,M2_CE_corregida,3.0222222222222226,3.4137667558507094,-0.39154453362848685
50,Diametro,M2_CE_corregida,M2,M2_CE_corregida,3.1111111111111107,3.4687460763200297,-0.357634965208919
51,Diametro,M2_CE_corregida,M2,M2_CE_corregida,3.488888888888889,3.145772902225233,0.3431159866636557
52,Diametro,M2_CE_corregida,M2,M2_CE_corregida,3.2000000000000006,3.685085495784283,-0.4850854957842823
53,Diametro,M2_CE_corregida,M2,M2_CE_corregida,3.0555555555555554,2.9459726560710595,0.10958289948449584
54,Diametro,M2_CE_corregida,M2,M2_CE_corregida,3.377777777777778,3.5626292550051835,-0.18485147722740525
55,Diametro,M2_CE_corregida,M2,M2_CE_corregida,3.5222222222222217,3.2851518063734995,0.23707041584872224
56,Diametro,M2_CE_corregida,M2,M2_CE_corregida,3.377777777777778,3.5426793822328984,-0.16490160445512014
1,Diametro,M2_Indice_N,M2,M2_Indice_N,3.3555555555555556,3.2279499669288514,0.12760558862670424
2,Diametro,M2_Indice_N,M2,M2_Indice_N,3.2999999999999994,3.4592614651256914,-0.15926146512569206
3,Diametro,M2_Indice_N,M2,M2_Indice_N,3.3444444444444446,3.2522689084772773,0.09217553596716721
4,Diametro,M2_Indice_N,M2,M2_Indice_N,3.3000000000000003,3.219132864838401,0.08086713516159927
5,Diametro,M2_Indice_N,M2,M2_Indice_N,3.077777777777778,3.233500232022536,-0.15572245424475817
6,Diametro,M2_Indice_N,M2,M2_Indice_N,3.3333333333333335,3.009180516022997,0.3241528173103365
7,Diametro,M2_Indice_N,M2,M2_Indice_N,3.1333333333333337,3.3579348171109973,-0.22460148377766354
8,Diametro,M2_Indice_N,M2,M2_Indice_N,2.888888888888889,3.6471206492323835,-0.7582317603434947
9,Diametro,M2_Indice_N,M2,M2_Indice_N,3.333333333333334,3.2097222541649675,0.12361107916836644
10,Diametro,M2_Indice_N,M2,M2_Indice_N,3.2777777777777786,3.1259102469763844,0.15186753080139415
11,Diametro,M2_Indice_N,M2,M2_Indice_N,3.222222222222222,3.446879196087222,-0.22465697386500016
12,Diametro,M2_Indice_N,M2,M2_Indice_N,3.2222222222222223,3.0854338362105365,0.13678838601168586
13,Diametro,M2_Indice_N,M2,M2_Indice_N,3.3111111111111113,3.3133380518116113,-0.002226940700500002
14,Diametro,M2_Indice_N,M2,M2_Indice_N,3.533333333333333,3.7960993745529463,-0.2627660412196131
15,Diametro,M2_Indice_N,M2,M2_Indice_N,4.022222222222222,3.4250008118322346,0.5972214103899876
16,Diametro,M2_Indice_N,M2,M2_Indice_N,3.2777777777777777,3.305032855138603,-0.02725507736082511
17,Diametro,M2_Indice_N,M2,M2_Indice_N,3.255555555555555,3.1472438720860016,0.10831168346955344
18,Diametro,M2_Indice_N,M2,M2_Indice_N,3.3444444444444446,3.7209503915972215,-0.37650594715277697
19,Diametro,M2_Indice_N,M2,M2_Indice_N,3.6222222222222222,3.2930263368295365,0.32919588539268574
20,Diametro,M2_Indice_N,M2,M2_Indice_N,3.4222222222222225,3.535007419742479,-0.11278519752025629
21,Diametro,M2_Indice_N,M2,M2_Indice_N,3.622222222222222,3.584186103378107,0.03803611884411495
22,Diametro,M2_Indice_N,M2,M2_Indice_N,5.233333333333333,3.376811466681999,1.8565218666513346
23,Diametro,M2_Indice_N,M2,M2_Indice_N,3.055555555555556,2.963044870967206,0.09251068458834988
24,Diametro,M2_Indice_N,M2,M2_Indice_N,2.833333333333333,3.2735907135790896,-0.44025738024575656
25,Diametro,M2_Indice_N,M2,M2_Indice_N,2.844444444444444,3.279670485592952,-0.4352260411485078
26,Diametro,M2_Indice_N,M2,M2_Indice_N,3.511111111111111,3.572025272898577,-0.060914161787466004
27,Diametro,M2_Indice_N,M2,M2_Indice_N,3.411111111111111,3.443257266378192,-0.03214615526708098
28,Diametro,M2_Indice_N,M2,M2_Indice_N,3.6222222222222222,3.206615611530741,0.4156066106914813
29,Diametro,M2_Indice_N,M2,M2_Indice_N,3.577777777777778,3.252704267413477,0.32507351036430077
30,Diametro,M2_Indice_N,M2,M2_Indice_N,3.333333333333334,3.274737821969457,0.05859551136387697
31,Diametro,M2_Indice_N,M2,M2_Indice_N,3.488888888888889,3.7382968251437463,-0.24940793625485735
32,Diametro,M2_Indice_N,M2,M2_Indice_N,3.077777777777778,2.5976839070749485,0.4800938707028295
33,Diametro,M2_Indice_N,M2,M2_Indice_N,3.0444444444444443,3.264331621995463,-0.21988717755101872
34,Diametro,M2_Indice_N,M2,M2_Indice_N,3.2222222222222228,3.153749445533048,0.06847277668917462
35,Diametro,M2_Indice_N,M2,M2_Indice_N,3.077777777777778,3.369782598478978,-0.29200482070120026
36,Diametro,M2_Indice_N,M2,M2_Indice_N,3.211111111111111,3.2277040035884936,-0.016592892477382826
37,Diametro,M2_Indice_N,M2,M2_Indice_N,2.6666666666666665,3.33561513432196,-0.6689484676552935
38,Diametro,M2_Indice_N,M2,M2_Indice_N,2.8555555555555556,3.2736152466808104,-0.41805969112525476
39,Diametro,M2_Indice_N,M2,M2_Indice_N,3.1111111111111116,2.9885173756638914,0.12259373544722019
40,Diametro,M2_Indice_N,M2,M2_Indice_N,3.355555555555556,2.916464316898338,0.4390912386572179
41,Diametro,M2_Indice_N,M2,M2_Indice_N,3.6222222222222222,3.3832728805917998,0.23894934163042247
42,Diametro,M2_Indice_N,M2,M2_Indice_N,3.4,3.5244225778659892,-0.12442257786598931
43,Diametro,M2_Indice_N,M2,M2_Indice_N,3.4000000000000004,4.1960262181378365,-0.7960262181378361
44,Diametro,M2_Indice_N,M2,M2_Indice_N,3.6999999999999997,3.3246013124883875,0.3753986875116122
45,Diametro,M2_Indice_N,M2,M2_Indice_N,3.3111111111111113,3.032190909893494,0.2789202012176175
46,Diametro,M2_Indice_N,M2,M2_Indice_N,3.2444444444444445,3.4503677553297756,-0.2059233108853311
47,Diametro,M2_Indice_N,M2,M2_Indice_N,3.088888888888889,3.0192849988937205,0.06960388999516853
48,Diametro,M2_Indice_N,M2,M2_Indice_N,3.4,3.373737702317269,0.026262297682730917
49,Diametro,M2_Indice_N,M2,M2_Indice_N,3.0222222222222226,3.414982864445564,-0.3927606422233416
50,Diametro,M2_Indice_N,M2,M2_Indice_N,3.1111111111111107,3.4725243315741974,-0.36141322046308666
51,Diametro,M2_Indice_N,M2,M2_Indice_N,3.488888888888889,3.142166701520857,0.34672218736803195
52,Diametro,M2_Indice_N,M2,M2_Indice_N,3.2000000000000006,3.6816760383536846,-0.481676038353684
53,Diametro,M2_Indice_N,M2,M2_Indice_N,3.0555555555555554,2.943186732519563,0.11236882303599227
54,Diametro,M2_Indice_N,M2,M2_Indice_N,3.377777777777778,3.5646178480141057,-0.18684007023632754
55,Diametro,M2_Indice_N,M2,M2_Indice_N,3.5222222222222217,3.2881860274551746,0.23403619476704707
56,Diametro,M2_Indice_N,M2,M2_Indice_N,3.377777777777778,3.5434124288093316,-0.1656346510315534
1,Diametro,M2_Indice_P,M2,M2_Indice_P,3.3555555555555556,3.230345207869254,0.12521034768630157
2,Diametro,M2_Indice_P,M2,M2_Indice_P,3.2999999999999994,3.4581905573506693,-0.1581905573506699
3,Diametro,M2_Indice_P,M2,M2_Indice_P,3.3444444444444446,3.249955187288007,0.09448925715643774
4,Diametro,M2_Indice_P,M2,M2_Indice_P,3.3000000000000003,3.222511949856617,0.07748805014338345
5,Diametro,M2_Indice_P,M2,M2_Indice_P,3.077777777777778,3.2352431820098086,-0.1574654042320307
6,Diametro,M2_Indice_P,M2,M2_Indice_P,3.3333333333333335,3.0068874732182107,0.3264458601151228
7,Diametro,M2_Indice_P,M2,M2_Indice_P,3.1333333333333337,3.357834915896414,-0.22450158256308006
8,Diametro,M2_Indice_P,M2,M2_Indice_P,2.888888888888889,3.6498270401979385,-0.7609381513090496
9,Diametro,M2_Indice_P,M2,M2_Indice_P,3.333333333333334,3.2217371202100575,0.11159621312327639
10,Diametro,M2_Indice_P,M2,M2_Indice_P,3.2777777777777786,3.1291579153920526,0.148619862385726
11,Diametro,M2_Indice_P,M2,M2_Indice_P,3.222222222222222,3.4454057833079075,-0.2231835610856856
12,Diametro,M2_Indice_P,M2,M2_Indice_P,3.2222222222222223,3.0871895789433563,0.135032643278866
13,Diametro,M2_Indice_P,M2,M2_Indice_P,3.3111111111111113,3.314002132134328,-0.002891021023216478
14,Diametro,M2_Indice_P,M2,M2_Indice_P,3.533333333333333,3.79114979108264,-0.25781645774930695
15,Diametro,M2_Indice_P,M2,M2_Indice_P,4.022222222222222,3.425650618790314,0.596571603431908
16,Diametro,M2_Indice_P,M2,M2_Indice_P,3.2777777777777777,3.3074806956113734,-0.029702917833595688
17,Diametro,M2_Indice_P,M2,M2_Indice_P,3.255555555555555,3.1498239299272224,0.10573162562833271
18,Diametro,M2_Indice_P,M2,M2_Indice_P,3.3444444444444446,3.7188840567208867,-0.3744396122764422
19,Diametro,M2_Indice_P,M2,M2_Indice_P,3.6222222222222222,3.2925788101903097,0.3296434120319125
20,Diametro,M2_Indice_P,M2,M2_Indice_P,3.4222222222222225,3.543708732752332,-0.12148651053010928
21,Diametro,M2_Indice_P,M2,M2_Indice_P,3.622222222222222,3.584221784737201,0.03800043748502091
22,Diametro,M2_Indice_P,M2,M2_Indice_P,5.233333333333333,3.3750778944554622,1.8582554388778711
23,Diametro,M2_Indice_P,M2,M2_Indice_P,3.055555555555556,2.965826193947936,0.08972936160762002
24,Diametro,M2_Indice_P,M2,M2_Indice_P,2.833333333333333,3.2726170830464323,-0.43928374971309925
25,Diametro,M2_Indice_P,M2,M2_Indice_P,2.844444444444444,3.280387184772083,-0.435942740327639
26,Diametro,M2_Indice_P,M2,M2_Indice_P,3.511111111111111,3.5659031352237776,-0.05479202411266648
27,Diametro,M2_Indice_P,M2,M2_Indice_P,3.411111111111111,3.4404370652845624,-0.029325954173451407
28,Diametro,M2_Indice_P,M2,M2_Indice_P,3.6222222222222222,3.2064955928863013,0.41572662933592097
29,Diametro,M2_Indice_P,M2,M2_Indice_P,3.577777777777778,3.2503147798131216,0.3274629979646564
30,Diametro,M2_Indice_P,M2,M2_Indice_P,3.333333333333334,3.27009955532239,0.06323377801094399
31,Diametro,M2_Indice_P,M2,M2_Indice_P,3.488888888888889,3.741018286004242,-0.2521293971153531
32,Diametro,M2_Indice_P,M2,M2_Indice_P,3.077777777777778,2.5901985180161367,0.4875792597616413
33,Diametro,M2_Indice_P,M2,M2_Indice_P,3.0444444444444443,3.266875719816383,-0.22243127537193885
34,Diametro,M2_Indice_P,M2,M2_Indice_P,3.2222222222222228,3.1615915098512053,0.06063071237101747
35,Diametro,M2_Indice_P,M2,M2_Indice_P,3.077777777777778,3.367089577915977,-0.2893118001381989
36,Diametro,M2_Indice_P,M2,M2_Indice_P,3.211111111111111,3.2297459867380374,-0.01863487562692656
37,Diametro,M2_Indice_P,M2,M2_Indice_P,2.6666666666666665,3.341314319257597,-0.6746476525909304
38,Diametro,M2_Indice_P,M2,M2_Indice_P,2.8555555555555556,3.271217232423416,-0.4156616768678605
39,Diametro,M2_Indice_P,M2,M2_Indice_P,3.1111111111111116,2.984957206029461,0.12615390508165047
40,Diametro,M2_Indice_P,M2,M2_Indice_P,3.355555555555556,2.9171475052347837,0.43840805032077235
41,Diametro,M2_Indice_P,M2,M2_Indice_P,3.6222222222222222,3.3799603082699643,0.24226191395225793
42,Diametro,M2_Indice_P,M2,M2_Indice_P,3.4,3.525399204673882,-0.1253992046738821
43,Diametro,M2_Indice_P,M2,M2_Indice_P,3.4000000000000004,4.199311623652321,-0.7993116236523203
44,Diametro,M2_Indice_P,M2,M2_Indice_P,3.6999999999999997,3.32566862966194,0.3743313703380595
45,Diametro,M2_Indice_P,M2,M2_Indice_P,3.3111111111111113,3.0271839544472097,0.28392715666390167
46,Diametro,M2_Indice_P,M2,M2_Indice_P,3.2444444444444445,3.4421870570036766,-0.1977426125592321
47,Diametro,M2_Indice_P,M2,M2_Indice_P,3.088888888888889,3.0166685861952534,0.07222030269363566
48,Diametro,M2_Indice_P,M2,M2_Indice_P,3.4,3.3718910841446412,0.028108915855358685
49,Diametro,M2_Indice_P,M2,M2_Indice_P,3.0222222222222226,3.4168026472271347,-0.3945804250049121
50,Diametro,M2_Indice_P,M2,M2_Indice_P,3.1111111111111107,3.467542762068938,-0.35643165095782736
51,Diametro,M2_Indice_P,M2,M2_Indice_P,3.488888888888889,3.146123800552594,0.3427650883362947
52,Diametro,M2_Indice_P,M2,M2_Indice_P,3.2000000000000006,3.681959018809858,-0.4819590188098575
53,Diametro,M2_Indice_P,M2,M2_Indice_P,3.0555555555555554,2.941355839206434,0.11419971634912152
54,Diametro,M2_Indice_P,M2,M2_Indice_P,3.377777777777778,3.56246044793929,-0.18468267016151163
55,Diametro,M2_Indice_P,M2,M2_Indice_P,3.5222222222222217,3.283962033581684,0.23826018864053777
56,Diametro,M2_Indice_P,M2,M2_Indice_P,3.377777777777778,3.54372417920491,-0.1659464014271319
1,Diametro,M2_Indice_K,M2,M2_Indice_K,3.3555555555555556,3.2313046541226367,0.12425090143291895
2,Diametro,M2_Indice_K,M2,M2_Indice_K,3.2999999999999994,3.4595954130829654,-0.159595413082966
3,Diametro,M2_Indice_K,M2,M2_Indice_K,3.3444444444444446,3.250571728980467,0.09387271546397757
4,Diametro,M2_Indice_K,M2,M2_Indice_K,3.3000000000000003,3.2190272041915167,0.0809727958084836
5,Diametro,M2_Indice_K,M2,M2_Indice_K,3.077777777777778,3.232814836677091,-0.15503705889931307
6,Diametro,M2_Indice_K,M2,M2_Indice_K,3.3333333333333335,3.00070121174007,0.3326321215932633
7,Diametro,M2_Indice_K,M2,M2_Indice_K,3.1333333333333337,3.3551631819601146,-0.2218298486267809
8,Diametro,M2_Indice_K,M2,M2_Indice_K,2.888888888888889,3.6505364887939686,-0.7616475999050798
9,Diametro,M2_Indice_K,M2,M2_Indice_K,3.333333333333334,3.2217276193718116,0.1116057139615223
10,Diametro,M2_Indice_K,M2,M2_Indice_K,3.2777777777777786,3.1336379589103833,0.14413981886739524
11,Diametro,M2_Indice_K,M2,M2_Indice_K,3.222222222222222,3.4464932491191522,-0.22427102689693035
12,Diametro,M2_Indice_K,M2,M2_Indice_K,3.2222222222222223,3.0874173579218986,0.13480486430032368
13,Diametro,M2_Indice_K,M2,M2_Indice_K,3.3111111111111113,3.3159556343978625,-0.004844523286751112
14,Diametro,M2_Indice_K,M2,M2_Indice_K,3.533333333333333,3.7916569649407386,-0.25832363160740535
15,Diametro,M2_Indice_K,M2,M2_Indice_K,4.022222222222222,3.4234041470232435,0.5988180751989787
16,Diametro,M2_Indice_K,M2,M2_Indice_K,3.2777777777777777,3.3088154668837895,-0.03103768910601179
17,Diametro,M2_Indice_K,M2,M2_Indice_K,3.255555555555555,3.149751475695423,0.1058040798601323
18,Diametro,M2_Indice_K,M2,M2_Indice_K,3.3444444444444446,3.7201360090235123,-0.3756915645790677
19,Diametro,M2_Indice_K,M2,M2_Indice_K,3.6222222222222222,3.294765841291808,0.32745638093041407
20,Diametro,M2_Indice_K,M2,M2_Indice_K,3.4222222222222225,3.5447267287943403,-0.12250450657211776
21,Diametro,M2_Indice_K,M2,M2_Indice_K,3.622222222222222,3.583986024802433,0.0382361974197889
22,Diametro,M2_Indice_K,M2,M2_Indice_K,5.233333333333333,3.373969645634312,1.8593636876990214
23,Diametro,M2_Indice_K,M2,M2_Indice_K,3.055555555555556,2.9648904425057214,0.09066511304983438
24,Diametro,M2_Indice_K,M2,M2_Indice_K,2.833333333333333,3.2723416221786072,-0.4390082888452742
25,Diametro,M2_Indice_K,M2,M2_Indice_K,2.844444444444444,3.277525145090827,-0.43308070064638304
26,Diametro,M2_Indice_K,M2,M2_Indice_K,3.511111111111111,3.5671018858522676,-0.055990774741156546
27,Diametro,M2_Indice_K,M2,M2_Indice_K,3.411111111111111,3.443345400823565,-0.0322342897124539
28,Diametro,M2_Indice_K,M2,M2_Indice_K,3.6222222222222222,3.205302914345991,0.4169193078762312
29,Diametro,M2_Indice_K,M2,M2_Indice_K,3.577777777777778,3.252765273423898,0.32501250435388007
30,Diametro,M2_Indice_K,M2,M2_Indice_K,3.333333333333334,3.2697707850003512,0.0635625483329827
31,Diametro,M2_Indice_K,M2,M2_Indice_K,3.488888888888889,3.7398562054834903,-0.25096731659460136
32,Diametro,M2_Indice_K,M2,M2_Indice_K,3.077777777777778,2.5931310885009333,0.4846466892768446
33,Diametro,M2_Indice_K,M2,M2_Indice_K,3.0444444444444443,3.2664837808294074,-0.2220393363849631
34,Diametro,M2_Indice_K,M2,M2_Indice_K,3.2222222222222228,3.1590992728442746,0.06312294937794816
35,Diametro,M2_Indice_K,M2,M2_Indice_K,3.077777777777778,3.3654135607680904,-0.28763578299031245
36,Diametro,M2_Indice_K,M2,M2_Indice_K,3.211111111111111,3.2264499580703108,-0.015338846959199959
37,Diametro,M2_Indice_K,M2,M2_Indice_K,2.6666666666666665,3.3421807946185416,-0.675514127951875
38,Diametro,M2_Indice_K,M2,M2_Indice_K,2.8555555555555556,3.273194457267152,-0.41763890171159623
39,Diametro,M2_Indice_K,M2,M2_Indice_K,3.1111111111111116,2.9815776697805934,0.12953344133051825
40,Diametro,M2_Indice_K,M2,M2_Indice_K,3.355555555555556,2.9170351721383607,0.43852038341719535
41,Diametro,M2_Indice_K,M2,M2_Indice_K,3.6222222222222222,3.3811822284009527,0.2410399938212695
42,Diametro,M2_Indice_K,M2,M2_Indice_K,3.4,3.5243618714862697,-0.12436187148626976
43,Diametro,M2_Indice_K,M2,M2_Indice_K,3.4000000000000004,4.19590644323992,-0.7959064432399199
44,Diametro,M2_Indice_K,M2,M2_Indice_K,3.6999999999999997,3.3266745192745613,0.3733254807254385
45,Diametro,M2_Indice_K,M2,M2_Indice_K,3.3111111111111113,3.0270813411893527,0.28402976992175866
46,Diametro,M2_Indice_K,M2,M2_Indice_K,3.2444444444444445,3.4392546648993423,-0.19481022045489782
47,Diametro,M2_Indice_K,M2,M2_Indice_K,3.088888888888889,3.018115073045898,0.07077381584299092
48,Diametro,M2_Indice_K,M2,M2_Indice_K,3.4,3.37426093168986,0.025739068310139945
49,Diametro,M2_Indice_K,M2,M2_Indice_K,3.0222222222222226,3.4128262608547337,-0.39060403863251114
50,Diametro,M2_Indice_K,M2,M2_Indice_K,3.1111111111111107,3.4668882147446953,-0.3557771036335846
51,Diametro,M2_Indice_K,M2,M2_Indice_K,3.488888888888889,3.1463357579779077,0.3425531309109813
52,Diametro,M2_Indice_K,M2,M2_Indice_K,3.2000000000000006,3.685442692580741,-0.48544269258074024
53,Diametro,M2_Indice_K,M2,M2_Indice_K,3.0555555555555554,2.94419028224025,0.11136527331530521
54,Diametro,M2_Indice_K,M2,M2_Indice_K,3.377777777777778,3.5621668286625416,-0.18438905088476343
55,Diametro,M2_Indice_K,M2,M2_Indice_K,3.5222222222222217,3.2851939593483928,0.23702826287382894
56,Diametro,M2_Indice_K,M2,M2_Indice_K,3.377777777777778,3.5433545748300044,-0.16557679705222617
1,Diametro,M2_Exploratorio_pH_T_Hv,M2,M2_Exploratorio_pH_T_Hv,3.3555555555555556,3.187866060277823,0.1676894952777328
2,Diametro,M2_Exploratorio_pH_T_Hv,M2,M2_Exploratorio_pH_T_Hv,3.2999999999999994,3.409123665734435,-0.10912366573443544
3,Diametro,M2_Exploratorio_pH_T_Hv,M2,M2_Exploratorio_pH_T_Hv,3.3444444444444446,3.2213866973877248,0.12305774705671979
4,Diametro,M2_Exploratorio_pH_T_Hv,M2,M2_Exploratorio_pH_T_Hv,3.3000000000000003,3.190432034713945,0.10956796528605528
5,Diametro,M2_Exploratorio_pH_T_Hv,M2,M2_Exploratorio_pH_T_Hv,3.077777777777778,3.2120498071482886,-0.13427202937051064
6,Diametro,M2_Exploratorio_pH_T_Hv,M2,M2_Exploratorio_pH_T_Hv,3.3333333333333335,3.0965266690986564,0.2368066642346771
7,Diametro,M2_Exploratorio_pH_T_Hv,M2,M2_Exploratorio_pH_T_Hv,3.1333333333333337,3.389081791026522,-0.2557484576931883
8,Diametro,M2_Exploratorio_pH_T_Hv,M2,M2_Exploratorio_pH_T_Hv,2.888888888888889,3.7211623953996216,-0.8322735065107327
9,Diametro,M2_Exploratorio_pH_T_Hv,M2,M2_Exploratorio_pH_T_Hv,3.333333333333334,3.3155846289935345,0.01774870433979947
10,Diametro,M2_Exploratorio_pH_T_Hv,M2,M2_Exploratorio_pH_T_Hv,3.2777777777777786,3.170320886333322,0.10745689144445647
11,Diametro,M2_Exploratorio_pH_T_Hv,M2,M2_Exploratorio_pH_T_Hv,3.222222222222222,3.492945419405986,-0.27072319718376425
12,Diametro,M2_Exploratorio_pH_T_Hv,M2,M2_Exploratorio_pH_T_Hv,3.2222222222222223,3.1559535172618496,0.06626870496037274
13,Diametro,M2_Exploratorio_pH_T_Hv,M2,M2_Exploratorio_pH_T_Hv,3.3111111111111113,3.4032057036800882,-0.0920945925689769
14,Diametro,M2_Exploratorio_pH_T_Hv,M2,M2_Exploratorio_pH_T_Hv,3.533333333333333,3.7564505551392147,-0.22311722180588145
15,Diametro,M2_Exploratorio_pH_T_Hv,M2,M2_Exploratorio_pH_T_Hv,4.022222222222222,3.381266898911157,0.640955323311065
16,Diametro,M2_Exploratorio_pH_T_Hv,M2,M2_Exploratorio_pH_T_Hv,3.2777777777777777,3.3495723892445133,-0.0717946114667356
17,Diametro,M2_Exploratorio_pH_T_Hv,M2,M2_Exploratorio_pH_T_Hv,3.255555555555555,3.2082230951328325,0.047332460422722544
18,Diametro,M2_Exploratorio_pH_T_Hv,M2,M2_Exploratorio_pH_T_Hv,3.3444444444444446,3.710201898000334,-0.3657574535558896
19,Diametro,M2_Exploratorio_pH_T_Hv,M2,M2_Exploratorio_pH_T_Hv,3.6222222222222222,3.272167240457738,0.350054981764484
20,Diametro,M2_Exploratorio_pH_T_Hv,M2,M2_Exploratorio_pH_T_Hv,3.4222222222222225,3.6462820057038647,-0.22405978348164224
21,Diametro,M2_Exploratorio_pH_T_Hv,M2,M2_Exploratorio_pH_T_Hv,3.622222222222222,3.5665590675071415,0.05566315471508032
22,Diametro,M2_Exploratorio_pH_T_Hv,M2,M2_Exploratorio_pH_T_Hv,5.233333333333333,3.2323710853889445,2.000962247944389
23,Diametro,M2_Exploratorio_pH_T_Hv,M2,M2_Exploratorio_pH_T_Hv,3.055555555555556,3.0098775969030718,0.04567795865248403
24,Diametro,M2_Exploratorio_pH_T_Hv,M2,M2_Exploratorio_pH_T_Hv,2.833333333333333,3.2848272497837145,-0.4514939164503815
25,Diametro,M2_Exploratorio_pH_T_Hv,M2,M2_Exploratorio_pH_T_Hv,2.844444444444444,3.2583634651058695,-0.4139190206614254
26,Diametro,M2_Exploratorio_pH_T_Hv,M2,M2_Exploratorio_pH_T_Hv,3.511111111111111,3.558124002795434,-0.04701289168432288
27,Diametro,M2_Exploratorio_pH_T_Hv,M2,M2_Exploratorio_pH_T_Hv,3.411111111111111,3.4011299286218137,0.009981182489297247
28,Diametro,M2_Exploratorio_pH_T_Hv,M2,M2_Exploratorio_pH_T_Hv,3.6222222222222222,3.13633022861255,0.4858919936096724
29,Diametro,M2_Exploratorio_pH_T_Hv,M2,M2_Exploratorio_pH_T_Hv,3.577777777777778,3.181687072655976,0.3960907051218019
30,Diametro,M2_Exploratorio_pH_T_Hv,M2,M2_Exploratorio_pH_T_Hv,3.333333333333334,3.2462833098767936,0.08705002345654034
31,Diametro,M2_Exploratorio_pH_T_Hv,M2,M2_Exploratorio_pH_T_Hv,3.488888888888889,3.832527228366802,-0.3436383394779132
32,Diametro,M2_Exploratorio_pH_T_Hv,M2,M2_Exploratorio_pH_T_Hv,3.077777777777778,2.4202479900658607,0.6575297877119173
33,Diametro,M2_Exploratorio_pH_T_Hv,M2,M2_Exploratorio_pH_T_Hv,3.0444444444444443,3.293321917593462,-0.24887747314901754
34,Diametro,M2_Exploratorio_pH_T_Hv,M2,M2_Exploratorio_pH_T_Hv,3.2222222222222228,3.1762494568851904,0.04597276533703232
35,Diametro,M2_Exploratorio_pH_T_Hv,M2,M2_Exploratorio_pH_T_Hv,3.077777777777778,3.423961432481814,-0.3461836547040362
36,Diametro,M2_Exploratorio_pH_T_Hv,M2,M2_Exploratorio_pH_T_Hv,3.211111111111111,3.2077980956013747,0.0033130155097360614
37,Diametro,M2_Exploratorio_pH_T_Hv,M2,M2_Exploratorio_pH_T_Hv,2.6666666666666665,3.482678608573883,-0.8160119419072163
38,Diametro,M2_Exploratorio_pH_T_Hv,M2,M2_Exploratorio_pH_T_Hv,2.8555555555555556,3.207976578823536,-0.3524210232679805
39,Diametro,M2_Exploratorio_pH_T_Hv,M2,M2_Exploratorio_pH_T_Hv,3.1111111111111116,2.908116207158176,0.2029949039529355
40,Diametro,M2_Exploratorio_pH_T_Hv,M2,M2_Exploratorio_pH_T_Hv,3.355555555555556,2.8599691251769475,0.4955864303786086
41,Diametro,M2_Exploratorio_pH_T_Hv,M2,M2_Exploratorio_pH_T_Hv,3.6222222222222222,3.206014202010695,0.41620802021152725
42,Diametro,M2_Exploratorio_pH_T_Hv,M2,M2_Exploratorio_pH_T_Hv,3.4,3.5212743705498983,-0.12127437054989842
43,Diametro,M2_Exploratorio_pH_T_Hv,M2,M2_Exploratorio_pH_T_Hv,3.4000000000000004,4.177374178265758,-0.7773741782657577
44,Diametro,M2_Exploratorio_pH_T_Hv,M2,M2_Exploratorio_pH_T_Hv,3.6999999999999997,3.3297867489661126,0.37021325103388714
45,Diametro,M2_Exploratorio_pH_T_Hv,M2,M2_Exploratorio_pH_T_Hv,3.3111111111111113,2.9052958312116752,0.4058152798994361
46,Diametro,M2_Exploratorio_pH_T_Hv,M2,M2_Exploratorio_pH_T_Hv,3.2444444444444445,3.308246721228289,-0.06380227678384465
47,Diametro,M2_Exploratorio_pH_T_Hv,M2,M2_Exploratorio_pH_T_Hv,3.088888888888889,2.9456752192404396,0.1432136696484494
48,Diametro,M2_Exploratorio_pH_T_Hv,M2,M2_Exploratorio_pH_T_Hv,3.4,3.405728723760533,-0.005728723760533239
49,Diametro,M2_Exploratorio_pH_T_Hv,M2,M2_Exploratorio_pH_T_Hv,3.0222222222222226,3.3805333867857286,-0.358311164563506
50,Diametro,M2_Exploratorio_pH_T_Hv,M2,M2_Exploratorio_pH_T_Hv,3.1111111111111107,3.4353820530862027,-0.324270941975092
51,Diametro,M2_Exploratorio_pH_T_Hv,M2,M2_Exploratorio_pH_T_Hv,3.488888888888889,3.153900822221655,0.334988066667234
52,Diametro,M2_Exploratorio_pH_T_Hv,M2,M2_Exploratorio_pH_T_Hv,3.2000000000000006,3.704722290943294,-0.5047222909432936
53,Diametro,M2_Exploratorio_pH_T_Hv,M2,M2_Exploratorio_pH_T_Hv,3.0555555555555554,3.0471508418798985,0.008404713675656872
54,Diametro,M2_Exploratorio_pH_T_Hv,M2,M2_Exploratorio_pH_T_Hv,3.377777777777778,3.5974898279436798,-0.21971205016590156
55,Diametro,M2_Exploratorio_pH_T_Hv,M2,M2_Exploratorio_pH_T_Hv,3.5222222222222217,3.3225538935651957,0.199668328657026
56,Diametro,M2_Exploratorio_pH_T_Hv,M2,M2_Exploratorio_pH_T_Hv,3.377777777777778,3.4914399625732755,-0.11366218479549728
1,NDVI,M0_Repeticion,M0,Diseño_reducido,0.7,0.6895652173913043,0.01043478260869568
2,NDVI,M0_Repeticion,M0,Diseño_reducido,0.69,0.6900000000000002,-2.220446049250313e-16
3,NDVI,M0_Repeticion,M0,Diseño_reducido,0.7,0.6895652173913043,0.01043478260869568
4,NDVI,M0_Repeticion,M0,Diseño_reducido,0.66,0.691304347826087,-0.03130434782608693
5,NDVI,M0_Repeticion,M0,Diseño_reducido,0.68,0.6904347826086955,-0.010434782608695459
6,NDVI,M0_Repeticion,M0,Diseño_reducido,0.65,0.6917391304347826,-0.04173913043478261
7,NDVI,M0_Repeticion,M0,Diseño_reducido,0.7,0.6965217391304347,0.003478260869565264
8,NDVI,M0_Repeticion,M0,Diseño_reducido,0.69,0.6969565217391306,-0.006956521739130639
9,NDVI,M0_Repeticion,M0,Diseño_reducido,0.66,0.6982608695652175,-0.03826086956521746
10,NDVI,M0_Repeticion,M0,Diseño_reducido,0.69,0.6969565217391306,-0.006956521739130639
11,NDVI,M0_Repeticion,M0,Diseño_reducido,0.7,0.6965217391304347,0.003478260869565264
12,NDVI,M0_Repeticion,M0,Diseño_reducido,0.69,0.6969565217391306,-0.006956521739130639
13,NDVI,M0_Repeticion,M0,Diseño_reducido,0.67,0.7114285714285713,-0.04142857142857126
14,NDVI,M0_Repeticion,M0,Diseño_reducido,0.72,0.7042857142857144,0.01571428571428557
15,NDVI,M0_Repeticion,M0,Diseño_reducido,0.72,0.7042857142857144,0.01571428571428557
16,NDVI,M0_Repeticion,M0,Diseño_reducido,0.71,0.7057142857142855,0.004285714285714448
17,NDVI,M0_Repeticion,M0,Diseño_reducido,0.7,0.6965217391304347,0.003478260869565264
18,NDVI,M0_Repeticion,M0,Diseño_reducido,0.71,0.696086956521739,0.013913043478260945
19,NDVI,M0_Repeticion,M0,Diseño_reducido,0.7,0.6965217391304347,0.003478260869565264
20,NDVI,M0_Repeticion,M0,Diseño_reducido,0.71,0.696086956521739,0.013913043478260945
21,NDVI,M0_Repeticion,M0,Diseño_reducido,0.72,0.6956521739130436,0.024347826086956403
22,NDVI,M0_Repeticion,M0,Diseño_reducido,0.7,0.6965217391304347,0.003478260869565264
23,NDVI,M0_Repeticion,M0,Diseño_reducido,0.7,0.6895652173913043,0.01043478260869568
24,NDVI,M0_Repeticion,M0,Diseño_reducido,0.67,0.6908695652173913,-0.02086956521739125
25,NDVI,M0_Repeticion,M0,Diseño_reducido,0.66,0.691304347826087,-0.03130434782608693
26,NDVI,M0_Repeticion,M0,Diseño_reducido,0.71,0.6891304347826086,0.02086956521739136
27,NDVI,M0_Repeticion,M0,Diseño_reducido,0.72,0.688695652173913,0.03130434782608693
28,NDVI,M0_Repeticion,M0,Diseño_reducido,0.7,0.6895652173913043,0.01043478260869568
29,NDVI,M0_Repeticion,M0,Diseño_reducido,0.73,0.6882608695652173,0.04173913043478272
30,NDVI,M0_Repeticion,M0,Diseño_reducido,0.67,0.6908695652173913,-0.02086956521739125
31,NDVI,M0_Repeticion,M0,Diseño_reducido,0.69,0.6900000000000002,-2.220446049250313e-16
32,NDVI,M0_Repeticion,M0,Diseño_reducido,0.67,0.6908695652173913,-0.02086956521739125
33,NDVI,M0_Repeticion,M0,Diseño_reducido,0.68,0.6904347826086955,-0.010434782608695459
34,NDVI,M0_Repeticion,M0,Diseño_reducido,0.69,0.6900000000000002,-2.220446049250313e-16
35,NDVI,M0_Repeticion,M0,Diseño_reducido,0.7,0.6965217391304347,0.003478260869565264
36,NDVI,M0_Repeticion,M0,Diseño_reducido,0.7,0.6965217391304347,0.003478260869565264
37,NDVI,M0_Repeticion,M0,Diseño_reducido,0.67,0.6978260869565217,-0.027826086956521667
38,NDVI,M0_Repeticion,M0,Diseño_reducido,0.67,0.6978260869565217,-0.027826086956521667
39,NDVI,M0_Repeticion,M0,Diseño_reducido,0.69,0.6969565217391301,-0.006956521739130195
40,NDVI,M0_Repeticion,M0,Diseño_reducido,0.71,0.6960869565217389,0.013913043478261056
41,NDVI,M0_Repeticion,M0,Diseño_reducido,0.7,0.7071428571428571,-0.0071428571428571175
42,NDVI,M0_Repeticion,M0,Diseño_reducido,0.7,0.7071428571428571,-0.0071428571428571175
43,NDVI,M0_Repeticion,M0,Diseño_reducido,0.72,0.7042857142857141,0.015714285714285903
44,NDVI,M0_Repeticion,M0,Diseño_reducido,0.71,0.7057142857142855,0.004285714285714448
45,NDVI,M0_Repeticion,M0,Diseño_reducido,0.67,0.6978260869565217,-0.027826086956521667
46,NDVI,M0_Repeticion,M0,Diseño_reducido,0.71,0.6960869565217389,0.013913043478261056
47,NDVI,M0_Repeticion,M0,Diseño_reducido,0.71,0.6960869565217389,0.013913043478261056
48,NDVI,M0_Repeticion,M0,Diseño_reducido,0.72,0.6956521739130432,0.024347826086956736
49,NDVI,M0_Repeticion,M0,Diseño_reducido,0.72,0.6956521739130432,0.024347826086956736
50,NDVI,M0_Repeticion,M0,Diseño_reducido,0.68,0.6973913043478258,-0.017391304347825765
51,NDVI,M0_Repeticion,M0,Diseño_reducido,0.68,0.6904347826086954,-0.010434782608695348
52,NDVI,M0_Repeticion,M0,Diseño_reducido,0.67,0.6908695652173913,-0.02086956521739125
53,NDVI,M0_Repeticion,M0,Diseño_reducido,0.69,0.6899999999999997,2.220446049250313e-16
54,NDVI,M0_Repeticion,M0,Diseño_reducido,0.72,0.6886956521739129,0.03130434782608704
55,NDVI,M0_Repeticion,M0,Diseño_reducido,0.71,0.6891304347826085,0.020869565217391473
56,NDVI,M0_Repeticion,M0,Diseño_reducido,0.72,0.6886956521739129,0.03130434782608704
1,NDVI,M1_Tratamientos,M1,Diseño_completo,0.7,0.6888235294117647,0.011176470588235232
2,NDVI,M1_Tratamientos,M1,Diseño_completo,0.69,0.7141176470588236,-0.024117647058823688
3,NDVI,M1_Tratamientos,M1,Diseño_completo,0.7,0.7074238227146813,-0.0074238227146813385
4,NDVI,M1_Tratamientos,M1,Diseño_completo,0.66,0.6782825484764542,-0.018282548476454163
5,NDVI,M1_Tratamientos,M1,Diseño_completo,0.68,0.6903047091412744,-0.010304709141274349
6,NDVI,M1_Tratamientos,M1,Diseño_completo,0.65,0.6682825484764542,-0.018282548476454163
7,NDVI,M1_Tratamientos,M1,Diseño_completo,0.7,0.7162880886426591,-0.016288088642659182
8,NDVI,M1_Tratamientos,M1,Diseño_completo,0.69,0.7023529411764707,-0.012352941176470789
9,NDVI,M1_Tratamientos,M1,Diseño_completo,0.66,0.6789473684210527,-0.018947368421052713
10,NDVI,M1_Tratamientos,M1,Diseño_completo,0.69,0.6772576177285319,0.012742382271468067
11,NDVI,M1_Tratamientos,M1,Diseño_completo,0.7,0.7005540166204984,-5.540166204984764e-4
12,NDVI,M1_Tratamientos,M1,Diseño_completo,0.69,0.6941176470588236,-0.00411764705882367
13,NDVI,M1_Tratamientos,M1,Diseño_completo,0.67,0.6814285714285715,-0.011428571428571455
14,NDVI,M1_Tratamientos,M1,Diseño_completo,0.72,0.722857142857143,-0.0028571428571430024
15,NDVI,M1_Tratamientos,M1,Diseño_completo,0.72,0.7200000000000001,-1.1102230246251565e-16
16,NDVI,M1_Tratamientos,M1,Diseño_completo,0.71,0.7185714285714283,-0.008571428571428341
17,NDVI,M1_Tratamientos,M1,Diseño_completo,0.7,0.6925761772853185,0.0074238227146814495
18,NDVI,M1_Tratamientos,M1,Diseño_completo,0.71,0.683961218836565,0.026038781163434943
19,NDVI,M1_Tratamientos,M1,Diseño_completo,0.7,0.7032132963988919,-0.003213296398891896
20,NDVI,M1_Tratamientos,M1,Diseño_completo,0.71,0.7152941176470586,-0.0052941176470586715
21,NDVI,M1_Tratamientos,M1,Diseño_completo,0.72,0.7176731301939056,0.0023268698060944226
22,NDVI,M1_Tratamientos,M1,Diseño_completo,0.7,0.7083102493074793,-0.008310249307479367
23,NDVI,M1_Tratamientos,M1,Diseño_completo,0.7,0.686371191135734,0.013628808864265984
24,NDVI,M1_Tratamientos,M1,Diseño_completo,0.67,0.6929411764705881,-0.02294117647058802
25,NDVI,M1_Tratamientos,M1,Diseño_completo,0.66,0.6490304709141277,0.010969529085872343
26,NDVI,M1_Tratamientos,M1,Diseño_completo,0.71,0.7058823529411764,0.004117647058823559
27,NDVI,M1_Tratamientos,M1,Diseño_completo,0.72,0.6981717451523544,0.021828254847645612
28,NDVI,M1_Tratamientos,M1,Diseño_completo,0.7,0.672853185595568,0.027146814404432007
29,NDVI,M1_Tratamientos,M1,Diseño_completo,0.73,0.6905882352941175,0.03941176470588248
30,NDVI,M1_Tratamientos,M1,Diseño_completo,0.67,0.666786703601108,0.003213296398892007
31,NDVI,M1_Tratamientos,M1,Diseño_completo,0.69,0.7027423822714681,-0.012742382271468178
32,NDVI,M1_Tratamientos,M1,Diseño_completo,0.67,0.6788235294117646,-0.008823529411764564
33,NDVI,M1_Tratamientos,M1,Diseño_completo,0.68,0.6982825484764542,-0.018282548476454163
34,NDVI,M1_Tratamientos,M1,Diseño_completo,0.69,0.697645429362881,-0.00764542936288104
35,NDVI,M1_Tratamientos,M1,Diseño_completo,0.7,0.7136288088642658,-0.013628808864265873
36,NDVI,M1_Tratamientos,M1,Diseño_completo,0.7,0.7123529411764705,-0.012352941176470567
37,NDVI,M1_Tratamientos,M1,Diseño_completo,0.67,0.6916066481994457,-0.021606648199445688
38,NDVI,M1_Tratamientos,M1,Diseño_completo,0.67,0.6705540166204984,-5.540166204983654e-4
39,NDVI,M1_Tratamientos,M1,Diseño_completo,0.69,0.6799999999999997,0.010000000000000231
40,NDVI,M1_Tratamientos,M1,Diseño_completo,0.71,0.6929411764705881,0.017058823529411904
41,NDVI,M1_Tratamientos,M1,Diseño_completo,0.7,0.6857142857142856,0.014285714285714346
42,NDVI,M1_Tratamientos,M1,Diseño_completo,0.7,0.7000000000000001,-1.1102230246251565e-16
43,NDVI,M1_Tratamientos,M1,Diseño_completo,0.72,0.7057142857142854,0.014285714285714568
44,NDVI,M1_Tratamientos,M1,Diseño_completo,0.71,0.7157142857142855,-0.005714285714285561
45,NDVI,M1_Tratamientos,M1,Diseño_completo,0.67,0.6545983379501386,0.015401662049861486
46,NDVI,M1_Tratamientos,M1,Diseño_completo,0.71,0.6929411764705882,0.017058823529411793
47,NDVI,M1_Tratamientos,M1,Diseño_completo,0.71,0.6919390581717451,0.018060941828254906
48,NDVI,M1_Tratamientos,M1,Diseño_completo,0.72,0.7150138504155126,0.004986149584487398
49,NDVI,M1_Tratamientos,M1,Diseño_completo,0.72,0.7111764705882352,0.008823529411764786
50,NDVI,M1_Tratamientos,M1,Diseño_completo,0.68,0.7016066481994457,-0.021606648199445688
51,NDVI,M1_Tratamientos,M1,Diseño_completo,0.68,0.6958823529411762,-0.015882352941176126
52,NDVI,M1_Tratamientos,M1,Diseño_completo,0.67,0.6882825484764543,-0.018282548476454274
53,NDVI,M1_Tratamientos,M1,Diseño_completo,0.69,0.6917647058823527,-0.0017647058823527795
54,NDVI,M1_Tratamientos,M1,Diseño_completo,0.72,0.7088088642659276,0.011191135734072377
55,NDVI,M1_Tratamientos,M1,Diseño_completo,0.71,0.682853185595568,0.027146814404432007
56,NDVI,M1_Tratamientos,M1,Diseño_completo,0.72,0.7061495844875346,0.013850415512465353
1,NDVI,M2_CE_original,M2,M2_CE_original,0.7,0.6943498053956261,0.0056501946043738815
2,NDVI,M2_CE_original,M2,M2_CE_original,0.69,0.722983346541335,-0.03298334654133506
3,NDVI,M2_CE_original,M2,M2_CE_original,0.7,0.7112673846642719,-0.011267384664271907
4,NDVI,M2_CE_original,M2,M2_CE_original,0.66,0.6824788692990269,-0.02247886929902687
5,NDVI,M2_CE_original,M2,M2_CE_original,0.68,0.6930541716006449,-0.013054171600644815
6,NDVI,M2_CE_original,M2,M2_CE_original,0.65,0.6637038296356923,-0.013703829635692277
7,NDVI,M2_CE_original,M2,M2_CE_original,0.7,0.7167936955167372,-0.01679369551673726
8,NDVI,M2_CE_original,M2,M2_CE_original,0.69,0.7032258397393004,-0.013225839739300471
9,NDVI,M2_CE_original,M2,M2_CE_original,0.66,0.6714390106933688,-0.011439010693368723
10,NDVI,M2_CE_original,M2,M2_CE_original,0.69,0.6730671834686066,0.016932816531393335
11,NDVI,M2_CE_original,M2,M2_CE_original,0.7,0.6990407518135612,9.59248186438777e-4
12,NDVI,M2_CE_original,M2,M2_CE_original,0.69,0.6898516856635348,1.4831433646511627e-4
13,NDVI,M2_CE_original,M2,M2_CE_original,0.67,0.6730461870004425,-0.0030461870004424574
14,NDVI,M2_CE_original,M2,M2_CE_original,0.72,0.7267952148384675,-0.006795214838467567
15,NDVI,M2_CE_original,M2,M2_CE_original,0.72,0.7220956344222853,-0.0020956344222853307
16,NDVI,M2_CE_original,M2,M2_CE_original,0.71,0.7140198957040618,-0.004019895704061804
17,NDVI,M2_CE_original,M2,M2_CE_original,0.7,0.6866821844783826,0.013317815521617371
18,NDVI,M2_CE_original,M2,M2_CE_original,0.71,0.6848846848086947,0.025115315191305276
19,NDVI,M2_CE_original,M2,M2_CE_original,0.7,0.705293696428123,-0.005293696428123051
20,NDVI,M2_CE_original,M2,M2_CE_original,0.71,0.703862282828309,0.006137717171690982
21,NDVI,M2_CE_original,M2,M2_CE_original,0.72,0.7191268181039933,8.731818960067139e-4
22,NDVI,M2_CE_original,M2,M2_CE_original,0.7,0.7107786653212613,-0.010778665321261371
23,NDVI,M2_CE_original,M2,M2_CE_original,0.7,0.6793326763963691,0.020667323603630883
24,NDVI,M2_CE_original,M2,M2_CE_original,0.67,0.6945130483190386,-0.024513048319038555
25,NDVI,M2_CE_original,M2,M2_CE_original,0.66,0.6541319115959531,0.005868088404046956
26,NDVI,M2_CE_original,M2,M2_CE_original,0.71,0.7080055394658258,0.0019944605341741806
27,NDVI,M2_CE_original,M2,M2_CE_original,0.72,0.701451478606036,0.018548521393964013
28,NDVI,M2_CE_original,M2,M2_CE_original,0.7,0.6796185358582874,0.020381464141712602
29,NDVI,M2_CE_original,M2,M2_CE_original,0.73,0.6938962177774175,0.03610378222258248
30,NDVI,M2_CE_original,M2,M2_CE_original,0.67,0.6689396106953911,0.001060389304608944
31,NDVI,M2_CE_original,M2,M2_CE_original,0.69,0.698280486101923,-0.008280486101923001
32,NDVI,M2_CE_original,M2,M2_CE_original,0.67,0.6672083259568709,0.0027916740431291887
33,NDVI,M2_CE_original,M2,M2_CE_original,0.68,0.6985438679027823,-0.018543867902782285
34,NDVI,M2_CE_original,M2,M2_CE_original,0.69,0.6933286903421747,-0.003328690342174756
35,NDVI,M2_CE_original,M2,M2_CE_original,0.7,0.7169970199714294,-0.01699701997142944
36,NDVI,M2_CE_original,M2,M2_CE_original,0.7,0.7124013197841575,-0.012401319784157594
37,NDVI,M2_CE_original,M2,M2_CE_original,0.67,0.6795976762002301,-0.00959767620023011
38,NDVI,M2_CE_original,M2,M2_CE_original,0.67,0.678067468735315,-0.008067468735314942
39,NDVI,M2_CE_original,M2,M2_CE_original,0.69,0.6865080737094151,0.0034919262905848125
40,NDVI,M2_CE_original,M2,M2_CE_original,0.71,0.6929054024512907,0.017094597548709234
41,NDVI,M2_CE_original,M2,M2_CE_original,0.7,0.6921419712488798,0.007858028751120183
42,NDVI,M2_CE_original,M2,M2_CE_original,0.7,0.6997832017229979,2.1679827700205045e-4
43,NDVI,M2_CE_original,M2,M2_CE_original,0.72,0.7094651734714751,0.010534826528524888
44,NDVI,M2_CE_original,M2,M2_CE_original,0.71,0.7126406821596835,-0.002640682159683494
45,NDVI,M2_CE_original,M2,M2_CE_original,0.67,0.6628372081106191,0.0071627918893809595
46,NDVI,M2_CE_original,M2,M2_CE_original,0.71,0.7024144793983289,0.007585520601671059
47,NDVI,M2_CE_original,M2,M2_CE_original,0.71,0.697738521227962,0.012261478772037981
48,NDVI,M2_CE_original,M2,M2_CE_original,0.72,0.7096531794838954,0.010346820516104582
49,NDVI,M2_CE_original,M2,M2_CE_original,0.72,0.7136564677857469,0.0063435322142531
50,NDVI,M2_CE_original,M2,M2_CE_original,0.68,0.7074342759808844,-0.027434275980884326
51,NDVI,M2_CE_original,M2,M2_CE_original,0.68,0.694372745769859,-0.014372745769858919
52,NDVI,M2_CE_original,M2,M2_CE_original,0.67,0.686410861277105,-0.016410861277105004
53,NDVI,M2_CE_original,M2,M2_CE_original,0.69,0.6819403999629121,0.008059600037087833
54,NDVI,M2_CE_original,M2,M2_CE_original,0.72,0.7063181546645299,0.013681845335470122
55,NDVI,M2_CE_original,M2,M2_CE_original,0.71,0.6782632353346155,0.03173676466538444
56,NDVI,M2_CE_original,M2,M2_CE_original,0.72,0.7105324196645497,0.009467580335450254
1,NDVI,M2_CE_corregida,M2,M2_CE_corregida,0.7,0.6943498053956262,0.0056501946043737705
2,NDVI,M2_CE_corregida,M2,M2_CE_corregida,0.69,0.7229833465413357,-0.03298334654133572
3,NDVI,M2_CE_corregida,M2,M2_CE_corregida,0.7,0.7112673846642716,-0.011267384664271685
4,NDVI,M2_CE_corregida,M2,M2_CE_corregida,0.66,0.682478869299027,-0.022478869299026982
5,NDVI,M2_CE_corregida,M2,M2_CE_corregida,0.68,0.6930541716006445,-0.013054171600644482
6,NDVI,M2_CE_corregida,M2,M2_CE_corregida,0.65,0.6637038296356926,-0.01370382963569261
7,NDVI,M2_CE_corregida,M2,M2_CE_corregida,0.7,0.7167936955167369,-0.01679369551673693
8,NDVI,M2_CE_corregida,M2,M2_CE_corregida,0.69,0.7032258397393003,-0.01322583973930036
9,NDVI,M2_CE_corregida,M2,M2_CE_corregida,0.66,0.6714390106933688,-0.011439010693368723
10,NDVI,M2_CE_corregida,M2,M2_CE_corregida,0.69,0.673067183468606,0.016932816531394
11,NDVI,M2_CE_corregida,M2,M2_CE_corregida,0.7,0.6990407518135612,9.59248186438777e-4
12,NDVI,M2_CE_corregida,M2,M2_CE_corregida,0.69,0.6898516856635349,1.4831433646500525e-4
13,NDVI,M2_CE_corregida,M2,M2_CE_corregida,0.67,0.6730461870004425,-0.0030461870004424574
14,NDVI,M2_CE_corregida,M2,M2_CE_corregida,0.72,0.7267952148384673,-0.006795214838467345
15,NDVI,M2_CE_corregida,M2,M2_CE_corregida,0.72,0.7220956344222855,-0.0020956344222855527
16,NDVI,M2_CE_corregida,M2,M2_CE_corregida,0.71,0.7140198957040621,-0.0040198957040621375
17,NDVI,M2_CE_corregida,M2,M2_CE_corregida,0.7,0.6866821844783833,0.013317815521616705
18,NDVI,M2_CE_corregida,M2,M2_CE_corregida,0.71,0.6848846848086947,0.025115315191305276
19,NDVI,M2_CE_corregida,M2,M2_CE_corregida,0.7,0.7052936964281233,-0.0052936964281233845
20,NDVI,M2_CE_corregida,M2,M2_CE_corregida,0.71,0.7038622828283096,0.006137717171690316
21,NDVI,M2_CE_corregida,M2,M2_CE_corregida,0.72,0.7191268181039936,8.731818960063809e-4
22,NDVI,M2_CE_corregida,M2,M2_CE_corregida,0.7,0.7107786653212615,-0.010778665321261593
23,NDVI,M2_CE_corregida,M2,M2_CE_corregida,0.7,0.679332676396369,0.020667323603630994
24,NDVI,M2_CE_corregida,M2,M2_CE_corregida,0.67,0.6945130483190389,-0.024513048319038888
25,NDVI,M2_CE_corregida,M2,M2_CE_corregida,0.66,0.6541319115959529,0.005868088404047178
26,NDVI,M2_CE_corregida,M2,M2_CE_corregida,0.71,0.7080055394658253,0.0019944605341746247
27,NDVI,M2_CE_corregida,M2,M2_CE_corregida,0.72,0.7014514786060358,0.018548521393964124
28,NDVI,M2_CE_corregida,M2,M2_CE_corregida,0.7,0.6796185358582874,0.020381464141712602
29,NDVI,M2_CE_corregida,M2,M2_CE_corregida,0.73,0.6938962177774174,0.03610378222258259
30,NDVI,M2_CE_corregida,M2,M2_CE_corregida,0.67,0.668939610695391,0.0010603893046090551
31,NDVI,M2_CE_corregida,M2,M2_CE_corregida,0.69,0.6982804861019228,-0.00828048610192289
32,NDVI,M2_CE_corregida,M2,M2_CE_corregida,0.67,0.6672083259568712,0.0027916740431288556
33,NDVI,M2_CE_corregida,M2,M2_CE_corregida,0.68,0.6985438679027819,-0.01854386790278184
34,NDVI,M2_CE_corregida,M2,M2_CE_corregida,0.69,0.6933286903421751,-0.0033286903421752
35,NDVI,M2_CE_corregida,M2,M2_CE_corregida,0.7,0.7169970199714291,-0.016997019971429106
36,NDVI,M2_CE_corregida,M2,M2_CE_corregida,0.7,0.7124013197841572,-0.012401319784157261
37,NDVI,M2_CE_corregida,M2,M2_CE_corregida,0.67,0.6795976762002308,-0.009597676200230776
38,NDVI,M2_CE_corregida,M2,M2_CE_corregida,0.67,0.6780674687353143,-0.008067468735314276
39,NDVI,M2_CE_corregida,M2,M2_CE_corregida,0.69,0.6865080737094146,0.0034919262905853676
40,NDVI,M2_CE_corregida,M2,M2_CE_corregida,0.71,0.6929054024512903,0.017094597548709678
41,NDVI,M2_CE_corregida,M2,M2_CE_corregida,0.7,0.6921419712488793,0.007858028751120627
42,NDVI,M2_CE_corregida,M2,M2_CE_corregida,0.7,0.69978320172299735,2.1679827700260557e-4
43,NDVI,M2_CE_corregida,M2,M2_CE_corregida,0.72,0.7094651734714752,0.010534826528524777
44,NDVI,M2_CE_corregida,M2,M2_CE_corregida,0.71,0.7126406821596837,-0.002640682159683716
45,NDVI,M2_CE_corregida,M2,M2_CE_corregida,0.67,0.6628372081106197,0.007162791889380293
46,NDVI,M2_CE_corregida,M2,M2_CE_corregida,0.71,0.70241447939832935,0.0075855206016706145
47,NDVI,M2_CE_corregida,M2,M2_CE_corregida,0.71,0.697738521227962,0.012261478772037981
48,NDVI,M2_CE_corregida,M2,M2_CE_corregida,0.72,0.7096531794838957,0.01034682051610425
49,NDVI,M2_CE_corregida,M2,M2_CE_corregida,0.72,0.7136564677857469,0.0063435322142531
50,NDVI,M2_CE_corregida,M2,M2_CE_corregida,0.68,0.7074342759808847,-0.02743427598088466
51,NDVI,M2_CE_corregida,M2,M2_CE_corregida,0.68,0.6943727457698591,-0.01437274576985903
52,NDVI,M2_CE_corregida,M2,M2_CE_corregida,0.67,0.6864108612771047,-0.01641086127710467
53,NDVI,M2_CE_corregida,M2,M2_CE_corregida,0.69,0.6819403999629118,0.008059600037088166
54,NDVI,M2_CE_corregida,M2,M2_CE_corregida,0.72,0.7063181546645297,0.013681845335470233
55,NDVI,M2_CE_corregida,M2,M2_CE_corregida,0.71,0.6782632353346157,0.03173676466538422
56,NDVI,M2_CE_corregida,M2,M2_CE_corregida,0.72,0.7105324196645497,0.009467580335450254
1,NDVI,M2_Indice_N,M2,M2_Indice_N,0.7,0.6940016793570734,0.005998320642926602
2,NDVI,M2_Indice_N,M2,M2_Indice_N,0.69,0.722987421716573,-0.032987421716573095
3,NDVI,M2_Indice_N,M2,M2_Indice_N,0.7,0.711184070521425,-0.011184070521425005
4,NDVI,M2_Indice_N,M2,M2_Indice_N,0.66,0.6823193699796712,-0.02231936997967121
5,NDVI,M2_Indice_N,M2,M2_Indice_N,0.68,0.6928215602657621,-0.012821560265762089
6,NDVI,M2_Indice_N,M2,M2_Indice_N,0.65,0.6640703875571198,-0.014070387557119757
7,NDVI,M2_Indice_N,M2,M2_Indice_N,0.7,0.717113312272111,-0.017113312272110992
8,NDVI,M2_Indice_N,M2,M2_Indice_N,0.69,0.7027823580420385,-0.012782358042038533
9,NDVI,M2_Indice_N,M2,M2_Indice_N,0.66,0.6706530757098655,-0.010653075709865512
10,NDVI,M2_Indice_N,M2,M2_Indice_N,0.69,0.6726628570248907,0.017337142975109243
11,NDVI,M2_Indice_N,M2,M2_Indice_N,0.7,0.6992596346001028,7.403653998971915e-4
12,NDVI,M2_Indice_N,M2,M2_Indice_N,0.69,0.6896263218900185,3.736781099814568e-4
13,NDVI,M2_Indice_N,M2,M2_Indice_N,0.67,0.6730084409971335,-0.003008440997133488
14,NDVI,M2_Indice_N,M2,M2_Indice_N,0.72,0.7272038032234187,-0.007203803223418737
15,NDVI,M2_Indice_N,M2,M2_Indice_N,0.72,0.7221732193292111,-0.002173219329211107
16,NDVI,M2_Indice_N,M2,M2_Indice_N,0.71,0.7137266656927277,-0.0037266656927277264
17,NDVI,M2_Indice_N,M2,M2_Indice_N,0.7,0.6865082800770317,0.01349171992296827
18,NDVI,M2_Indice_N,M2,M2_Indice_N,0.71,0.6850362040156082,0.0249637959843918
19,NDVI,M2_Indice_N,M2,M2_Indice_N,0.7,0.7051238210773438,-0.005123821077343882
20,NDVI,M2_Indice_N,M2,M2_Indice_N,0.71,0.7029110424048254,0.007088957595174583
21,NDVI,M2_Indice_N,M2,M2_Indice_N,0.72,0.7189800517798987,0.0010199482201013188
22,NDVI,M2_Indice_N,M2,M2_Indice_N,0.7,0.7111204337611317,-0.011120433761131698
23,NDVI,M2_Indice_N,M2,M2_Indice_N,0.7,0.679313349843487,0.020686650156512942
24,NDVI,M2_Indice_N,M2,M2_Indice_N,0.67,0.6944673874622492,-0.02446738746224919
25,NDVI,M2_Indice_N,M2,M2_Indice_N,0.66,0.6541452164219557,0.005854783578044365
26,NDVI,M2_Indice_N,M2,M2_Indice_N,0.71,0.7083579742471319,0.0016420257528680926
27,NDVI,M2_Indice_N,M2,M2_Indice_N,0.72,0.7018135552176428,0.018186444782357203
28,NDVI,M2_Indice_N,M2,M2_Indice_N,0.7,0.6794211311066811,0.020578868893318836
29,NDVI,M2_Indice_N,M2,M2_Indice_N,0.73,0.6940285051078404,0.03597149489215956
30,NDVI,M2_Indice_N,M2,M2_Indice_N,0.67,0.6693899122925304,6.100877074696198e-4
31,NDVI,M2_Indice_N,M2,M2_Indice_N,0.69,0.6983215627327222,-0.00832156273272222
32,NDVI,M2_Indice_N,M2,M2_Indice_N,0.67,0.6672921670504417,0.002707832949558342
33,NDVI,M2_Indice_N,M2,M2_Indice_N,0.68,0.6981838874832196,-0.01818388748321953
34,NDVI,M2_Indice_N,M2,M2_Indice_N,0.69,0.6929299913705576,-0.0029299913705576053
35,NDVI,M2_Indice_N,M2,M2_Indice_N,0.7,0.7169435852789547,-0.016943585278954787
36,NDVI,M2_Indice_N,M2,M2_Indice_N,0.7,0.7125281586657563,-0.012528158665756295
37,NDVI,M2_Indice_N,M2,M2_Indice_N,0.67,0.6792847241967948,-0.009284724196794714
38,NDVI,M2_Indice_N,M2,M2_Indice_N,0.67,0.6780923992544537,-0.008092399254453708
39,NDVI,M2_Indice_N,M2,M2_Indice_N,0.69,0.6872323422958482,0.0027676577041517714
40,NDVI,M2_Indice_N,M2,M2_Indice_N,0.71,0.6928430247991357,0.017156975200864233
41,NDVI,M2_Indice_N,M2,M2_Indice_N,0.7,0.692220473908476,0.007779526091523992
42,NDVI,M2_Indice_N,M2,M2_Indice_N,0.7,0.699757924844055,2.420751559449874e-4
43,NDVI,M2_Indice_N,M2,M2_Indice_N,0.72,0.7092575837062021,0.010742416293797907
44,NDVI,M2_Indice_N,M2,M2_Indice_N,0.71,0.7126736754878414,-0.002673675487841476
45,NDVI,M2_Indice_N,M2,M2_Indice_N,0.67,0.6632580652130554,0.0067419347869446256
46,NDVI,M2_Indice_N,M2,M2_Indice_N,0.71,0.7031495244153102,0.006850475584689764
47,NDVI,M2_Indice_N,M2,M2_Indice_N,0.71,0.697831694441253,0.012168305558746928
48,NDVI,M2_Indice_N,M2,M2_Indice_N,0.72,0.7098153174092636,0.01018468259073635
49,NDVI,M2_Indice_N,M2,M2_Indice_N,0.72,0.7136876028442077,0.006312397155792238
50,NDVI,M2_Indice_N,M2,M2_Indice_N,0.68,0.7076040773570554,-0.02760407735705539
51,NDVI,M2_Indice_N,M2,M2_Indice_N,0.68,0.6940621353330299,-0.014062135333029802
52,NDVI,M2_Indice_N,M2,M2_Indice_N,0.67,0.6861065161552469,-0.01610651615524683
53,NDVI,M2_Indice_N,M2,M2_Indice_N,0.69,0.6819747306465346,0.00802526935346537
54,NDVI,M2_Indice_N,M2,M2_Indice_N,0.72,0.7066508323191872,0.013349167680812735
55,NDVI,M2_Indice_N,M2,M2_Indice_N,0.71,0.6787348635387028,0.03126513646129714
56,NDVI,M2_Indice_N,M2,M2_Indice_N,0.72,0.7104797242286275,0.009520275771372488
1,NDVI,M2_Indice_P,M2,M2_Indice_P,0.7,0.6943192974383194,0.005680702561680517
2,NDVI,M2_Indice_P,M2,M2_Indice_P,0.69,0.7229432400266278,-0.03294324002662785
3,NDVI,M2_Indice_P,M2,M2_Indice_P,0.7,0.7109734645578387,-0.010973464557838764
4,NDVI,M2_Indice_P,M2,M2_Indice_P,0.66,0.6827560793825318,-0.02275607938253177
5,NDVI,M2_Indice_P,M2,M2_Indice_P,0.68,0.6930153264529977,-0.013015326452997633
6,NDVI,M2_Indice_P,M2,M2_Indice_P,0.65,0.663988014712958,-0.013988014712957964
7,NDVI,M2_Indice_P,M2,M2_Indice_P,0.7,0.7170964712986692,-0.017096471298669202
8,NDVI,M2_Indice_P,M2,M2_Indice_P,0.69,0.703093952738957,-0.013093952738957082
9,NDVI,M2_Indice_P,M2,M2_Indice_P,0.66,0.6714702383339045,-0.011470238333904481
10,NDVI,M2_Indice_P,M2,M2_Indice_P,0.69,0.6729401209330121,0.017059879066987804
11,NDVI,M2_Indice_P,M2,M2_Indice_P,0.7,0.6990220761167015,9.77923883298426e-4
12,NDVI,M2_Indice_P,M2,M2_Indice_P,0.69,0.689740436730006,2.595632699939898e-4
13,NDVI,M2_Indice_P,M2,M2_Indice_P,0.67,0.6729903072573692,-0.0029903072573691514
14,NDVI,M2_Indice_P,M2,M2_Indice_P,0.72,0.7267796202153467,-0.006779620215346727
15,NDVI,M2_Indice_P,M2,M2_Indice_P,0.72,0.7222976421845992,-0.002297642184599269
16,NDVI,M2_Indice_P,M2,M2_Indice_P,0.71,0.7139224190808184,-0.003922419080818473
17,NDVI,M2_Indice_P,M2,M2_Indice_P,0.7,0.6866937014748334,0.013306298525166516
18,NDVI,M2_Indice_P,M2,M2_Indice_P,0.71,0.6848484423349107,0.025151557665089253
19,NDVI,M2_Indice_P,M2,M2_Indice_P,0.7,0.7050931865366904,-0.005093186536690442
20,NDVI,M2_Indice_P,M2,M2_Indice_P,0.71,0.7038221886922702,0.006177811307729764
21,NDVI,M2_Indice_P,M2,M2_Indice_P,0.72,0.7189879924526787,0.0010120075473212253
22,NDVI,M2_Indice_P,M2,M2_Indice_P,0.7,0.710845935953077,-0.010845935953077035
23,NDVI,M2_Indice_P,M2,M2_Indice_P,0.7,0.679526486222068,0.02047351377793194
24,NDVI,M2_Indice_P,M2,M2_Indice_P,0.67,0.6943785491727359,-0.024378549172735853
25,NDVI,M2_Indice_P,M2,M2_Indice_P,0.66,0.6542048038529598,0.005795196147040271
26,NDVI,M2_Indice_P,M2,M2_Indice_P,0.71,0.7077776261919305,0.0022223738080694444
27,NDVI,M2_Indice_P,M2,M2_Indice_P,0.72,0.7015856870103333,0.01841431298966667
28,NDVI,M2_Indice_P,M2,M2_Indice_P,0.7,0.6796701111440887,0.02032988885591125
29,NDVI,M2_Indice_P,M2,M2_Indice_P,0.73,0.6938307678622853,0.036169232137714724
30,NDVI,M2_Indice_P,M2,M2_Indice_P,0.67,0.6689467333475306,0.001053266652469409
31,NDVI,M2_Indice_P,M2,M2_Indice_P,0.69,0.6985742462897733,-0.008574246289773324
32,NDVI,M2_Indice_P,M2,M2_Indice_P,0.67,0.6668390352004815,0.003160964799518551
33,NDVI,M2_Indice_P,M2,M2_Indice_P,0.68,0.6984442315861075,-0.018444231586107418
34,NDVI,M2_Indice_P,M2,M2_Indice_P,0.69,0.6936562785677753,-0.003656278567775395
35,NDVI,M2_Indice_P,M2,M2_Indice_P,0.7,0.7167292070114764,-0.0167292070114764
36,NDVI,M2_Indice_P,M2,M2_Indice_P,0.7,0.7127547841198295,-0.012754784119829554
37,NDVI,M2_Indice_P,M2,M2_Indice_P,0.67,0.6795347484946682,-0.009534748494668177
38,NDVI,M2_Indice_P,M2,M2_Indice_P,0.67,0.6779327475945423,-0.007932747594542211
39,NDVI,M2_Indice_P,M2,M2_Indice_P,0.69,0.6869589764902353,0.003041023509764651
40,NDVI,M2_Indice_P,M2,M2_Indice_P,0.71,0.6929278229278613,0.017072177072138706
41,NDVI,M2_Indice_P,M2,M2_Indice_P,0.7,0.6919335747754812,0.008066425224518725
42,NDVI,M2_Indice_P,M2,M2_Indice_P,0.7,0.6998550168958627,1.449831041372418e-4
43,NDVI,M2_Indice_P,M2,M2_Indice_P,0.72,0.7094725451872947,0.010527454812705228
44,NDVI,M2_Indice_P,M2,M2_Indice_P,0.71,0.712748238340685,-0.0027482383406850497
45,NDVI,M2_Indice_P,M2,M2_Indice_P,0.67,0.6627730367864482,0.0072269632135518735
46,NDVI,M2_Indice_P,M2,M2_Indice_P,0.71,0.7026205063670315,0.007379493632968415
47,NDVI,M2_Indice_P,M2,M2_Indice_P,0.71,0.6976611203764006,0.012338879623599364
48,NDVI,M2_Indice_P,M2,M2_Indice_P,0.72,0.7095760229323487,0.010423977067651302
49,NDVI,M2_Indice_P,M2,M2_Indice_P,0.72,0.7138507717558575,0.006149228244142435
50,NDVI,M2_Indice_P,M2,M2_Indice_P,0.68,0.7071894084416328,-0.027189408441632756
51,NDVI,M2_Indice_P,M2,M2_Indice_P,0.68,0.6944229431408815,-0.014422943140881439
52,NDVI,M2_Indice_P,M2,M2_Indice_P,0.67,0.6861053410215778,-0.01610534102157779
53,NDVI,M2_Indice_P,M2,M2_Indice_P,0.69,0.6817094368506889,0.008290563149311092
54,NDVI,M2_Indice_P,M2,M2_Indice_P,0.72,0.7063696141710512,0.013630385828948821
55,NDVI,M2_Indice_P,M2,M2_Indice_P,0.71,0.6782444768933472,0.03175552310665275
56,NDVI,M2_Indice_P,M2,M2_Indice_P,0.72,0.7105283339036744,0.009471666096325548
1,NDVI,M2_Indice_K,M2,M2_Indice_K,0.7,0.6946114525023649,0.005388547497635066
2,NDVI,M2_Indice_K,M2,M2_Indice_K,0.69,0.7232894794229476,-0.03328947942294769
3,NDVI,M2_Indice_K,M2,M2_Indice_K,0.7,0.7111579395609247,-0.011157939560924701
4,NDVI,M2_Indice_K,M2,M2_Indice_K,0.66,0.6824505553790078,-0.022450555379007753
5,NDVI,M2_Indice_K,M2,M2_Indice_K,0.68,0.6928407184202701,-0.012840718420270014
6,NDVI,M2_Indice_K,M2,M2_Indice_K,0.65,0.6633465436226318,-0.013346543622631768
7,NDVI,M2_Indice_K,M2,M2_Indice_K,0.7,0.7167951775216531,-0.01679517752165316
8,NDVI,M2_Indice_K,M2,M2_Indice_K,0.69,0.7030099079748412,-0.01300990797484125
9,NDVI,M2_Indice_K,M2,M2_Indice_K,0.66,0.6711605872734174,-0.0111605872734174
10,NDVI,M2_Indice_K,M2,M2_Indice_K,0.69,0.6732560179698357,0.01674398203016425
11,NDVI,M2_Indice_K,M2,M2_Indice_K,0.7,0.6990027440141839,9.972559858160146e-4
12,NDVI,M2_Indice_K,M2,M2_Indice_K,0.69,0.6895706690127472,4.2933098725272956e-4
13,NDVI,M2_Indice_K,M2,M2_Indice_K,0.67,0.6728935895638052,-0.0028935895638051434
14,NDVI,M2_Indice_K,M2,M2_Indice_K,0.72,0.7269320911228905,-0.006932091122890505
15,NDVI,M2_Indice_K,M2,M2_Indice_K,0.72,0.7220847121771936,-0.0020847121771936372
16,NDVI,M2_Indice_K,M2,M2_Indice_K,0.71,0.713911105132417,-0.003911105132416992
17,NDVI,M2_Indice_K,M2,M2_Indice_K,0.7,0.6864533364991342,0.013546663500865752
18,NDVI,M2_Indice_K,M2,M2_Indice_K,0.71,0.6849877778138632,0.025012222186136746
19,NDVI,M2_Indice_K,M2,M2_Indice_K,0.7,0.7053901157444024,-0.005390115744402402
20,NDVI,M2_Indice_K,M2,M2_Indice_K,0.71,0.7034463532596409,0.006553646740359076
21,NDVI,M2_Indice_K,M2,M2_Indice_K,0.72,0.7189776508896001,0.0010223491103998894
22,NDVI,M2_Indice_K,M2,M2_Indice_K,0.7,0.7107012005334981,-0.0107012005334981
23,NDVI,M2_Indice_K,M2,M2_Indice_K,0.7,0.6791847982277222,0.020815201772277803
24,NDVI,M2_Indice_K,M2,M2_Indice_K,0.67,0.6943706199987867,-0.024370619998786647
25,NDVI,M2_Indice_K,M2,M2_Indice_K,0.66,0.654138363104481,0.005861636895518996
26,NDVI,M2_Indice_K,M2,M2_Indice_K,0.71,0.7079480259253917,0.0020519740746082205
27,NDVI,M2_Indice_K,M2,M2_Indice_K,0.72,0.7019537330364582,0.018046266963541724
28,NDVI,M2_Indice_K,M2,M2_Indice_K,0.7,0.679812772712703,0.02018722728729694
29,NDVI,M2_Indice_K,M2,M2_Indice_K,0.73,0.6941967320650919,0.03580326793490807
30,NDVI,M2_Indice_K,M2,M2_Indice_K,0.67,0.6689953186423541,0.0010046813576459757
31,NDVI,M2_Indice_K,M2,M2_Indice_K,0.69,0.6983287257803897,-0.00832872578038979
32,NDVI,M2_Indice_K,M2,M2_Indice_K,0.67,0.6666947988842155,0.003305201115784584
33,NDVI,M2_Indice_K,M2,M2_Indice_K,0.68,0.6984342008138679,-0.018434200813867818
34,NDVI,M2_Indice_K,M2,M2_Indice_K,0.69,0.6933295955162382,-0.0033295955162382374
35,NDVI,M2_Indice_K,M2,M2_Indice_K,0.7,0.7167062204028786,-0.016706220402878613
36,NDVI,M2_Indice_K,M2,M2_Indice_K,0.7,0.7124626453251266,-0.012462645325126642
37,NDVI,M2_Indice_K,M2,M2_Indice_K,0.67,0.6792532051679661,-0.009253205167966017
38,NDVI,M2_Indice_K,M2,M2_Indice_K,0.67,0.6783041681059282,-0.008304168105928156
39,NDVI,M2_Indice_K,M2,M2_Indice_K,0.69,0.6868609360144793,0.0031390639855206626
40,NDVI,M2_Indice_K,M2,M2_Indice_K,0.71,0.6929550217678256,0.017044978232174324
41,NDVI,M2_Indice_K,M2,M2_Indice_K,0.7,0.6923206869464409,0.007679313053559067
42,NDVI,M2_Indice_K,M2,M2_Indice_K,0.7,0.6997481439295676,2.518560704323214e-4
43,NDVI,M2_Indice_K,M2,M2_Indice_K,0.72,0.709353738717345,0.010646261282655
44,NDVI,M2_Indice_K,M2,M2_Indice_K,0.71,0.7127498563782093,-0.0027498563782093477
45,NDVI,M2_Indice_K,M2,M2_Indice_K,0.67,0.663196919139624,0.006803080860376065
46,NDVI,M2_Indice_K,M2,M2_Indice_K,0.71,0.7028119084630721,0.007188091536927899
47,NDVI,M2_Indice_K,M2,M2_Indice_K,0.71,0.6980848089076426,0.011915191092357391
48,NDVI,M2_Indice_K,M2,M2_Indice_K,0.72,0.7096959802183704,0.010304019781629536
49,NDVI,M2_Indice_K,M2,M2_Indice_K,0.72,0.7136122638771764,0.006387736122823617
50,NDVI,M2_Indice_K,M2,M2_Indice_K,0.68,0.7073196520163203,-0.02731965201632025
51,NDVI,M2_Indice_K,M2,M2_Indice_K,0.68,0.6944197015999902,-0.014419701599990176
52,NDVI,M2_Indice_K,M2,M2_Indice_K,0.67,0.6864381294882124,-0.016438129488212327
53,NDVI,M2_Indice_K,M2,M2_Indice_K,0.69,0.6816643950628555,0.00833560493714447
54,NDVI,M2_Indice_K,M2,M2_Indice_K,0.72,0.7062442695620884,0.013755730437911562
55,NDVI,M2_Indice_K,M2,M2_Indice_K,0.71,0.6782291156485556,0.03177088435144437
56,NDVI,M2_Indice_K,M2,M2_Indice_K,0.72,0.7106502715022408,0.009349728497759169
1,NDVI,M2_Exploratorio_pH_T_Hv,M2,M2_Exploratorio_pH_T_Hv,0.7,0.688249952360708,0.011750047639291994
2,NDVI,M2_Exploratorio_pH_T_Hv,M2,M2_Exploratorio_pH_T_Hv,0.69,0.7141712705014783,-0.02417127050147838
3,NDVI,M2_Exploratorio_pH_T_Hv,M2,M2_Exploratorio_pH_T_Hv,0.7,0.7069724351498692,-0.006972435149869227
4,NDVI,M2_Exploratorio_pH_T_Hv,M2,M2_Exploratorio_pH_T_Hv,0.66,0.6815704736097511,-0.021570473609751062
5,NDVI,M2_Exploratorio_pH_T_Hv,M2,M2_Exploratorio_pH_T_Hv,0.68,0.6902092627024249,-0.010209262702424837
6,NDVI,M2_Exploratorio_pH_T_Hv,M2,M2_Exploratorio_pH_T_Hv,0.65,0.6813047381143165,-0.031304738114316444
7,NDVI,M2_Exploratorio_pH_T_Hv,M2,M2_Exploratorio_pH_T_Hv,0.7,0.7114984485192034,-0.011498448519203452
8,NDVI,M2_Exploratorio_pH_T_Hv,M2,M2_Exploratorio_pH_T_Hv,0.69,0.7170798432838972,-0.02707984328389723
9,NDVI,M2_Exploratorio_pH_T_Hv,M2,M2_Exploratorio_pH_T_Hv,0.66,0.6802361680004246,-0.020236168000424604
10,NDVI,M2_Exploratorio_pH_T_Hv,M2,M2_Exploratorio_pH_T_Hv,0.69,0.6789379452618884,0.011062054738111504
11,NDVI,M2_Exploratorio_pH_T_Hv,M2,M2_Exploratorio_pH_T_Hv,0.7,0.698680873391939,0.0013191266080609942
12,NDVI,M2_Exploratorio_pH_T_Hv,M2,M2_Exploratorio_pH_T_Hv,0.69,0.6907567738699629,-7.567738699629789e-4
13,NDVI,M2_Exploratorio_pH_T_Hv,M2,M2_Exploratorio_pH_T_Hv,0.67,0.6781367096209062,-0.00813670962090618
14,NDVI,M2_Exploratorio_pH_T_Hv,M2,M2_Exploratorio_pH_T_Hv,0.72,0.7225729562467811,-0.0025729562467811107
15,NDVI,M2_Exploratorio_pH_T_Hv,M2,M2_Exploratorio_pH_T_Hv,0.72,0.7233564927313644,-0.003356492731364402
16,NDVI,M2_Exploratorio_pH_T_Hv,M2,M2_Exploratorio_pH_T_Hv,0.71,0.7158321089889799,-0.0058321089889799005
17,NDVI,M2_Exploratorio_pH_T_Hv,M2,M2_Exploratorio_pH_T_Hv,0.7,0.696722434198917,0.00327756580108296
18,NDVI,M2_Exploratorio_pH_T_Hv,M2,M2_Exploratorio_pH_T_Hv,0.71,0.6850685127079772,0.02493148729202277
19,NDVI,M2_Exploratorio_pH_T_Hv,M2,M2_Exploratorio_pH_T_Hv,0.7,0.6963538956040579,0.0036461043959420403
20,NDVI,M2_Exploratorio_pH_T_Hv,M2,M2_Exploratorio_pH_T_Hv,0.71,0.7164621113605173,-0.006462111360517331
21,NDVI,M2_Exploratorio_pH_T_Hv,M2,M2_Exploratorio_pH_T_Hv,0.72,0.7247928316480685,-0.004792831648068541
22,NDVI,M2_Exploratorio_pH_T_Hv,M2,M2_Exploratorio_pH_T_Hv,0.7,0.7021508534020783,-0.002150853402078323
23,NDVI,M2_Exploratorio_pH_T_Hv,M2,M2_Exploratorio_pH_T_Hv,0.7,0.696263915401086,0.003736084598913947
24,NDVI,M2_Exploratorio_pH_T_Hv,M2,M2_Exploratorio_pH_T_Hv,0.67,0.6910505736842709,-0.02105057368427088
25,NDVI,M2_Exploratorio_pH_T_Hv,M2,M2_Exploratorio_pH_T_Hv,0.66,0.6428564472731964,0.01714355272680368
26,NDVI,M2_Exploratorio_pH_T_Hv,M2,M2_Exploratorio_pH_T_Hv,0.71,0.7025609041643854,0.007439095835614529
27,NDVI,M2_Exploratorio_pH_T_Hv,M2,M2_Exploratorio_pH_T_Hv,0.72,0.7026272082109614,0.01737279178903861
28,NDVI,M2_Exploratorio_pH_T_Hv,M2,M2_Exploratorio_pH_T_Hv,0.7,0.6728103528510349,0.0271896471489651
29,NDVI,M2_Exploratorio_pH_T_Hv,M2,M2_Exploratorio_pH_T_Hv,0.73,0.6907386564522244,0.03926134354777555
30,NDVI,M2_Exploratorio_pH_T_Hv,M2,M2_Exploratorio_pH_T_Hv,0.67,0.6664666144147705,0.0035333855852295315
31,NDVI,M2_Exploratorio_pH_T_Hv,M2,M2_Exploratorio_pH_T_Hv,0.69,0.7092462730092992,-0.019246273009299264
32,NDVI,M2_Exploratorio_pH_T_Hv,M2,M2_Exploratorio_pH_T_Hv,0.67,0.6649299525039095,0.005070047496090524
33,NDVI,M2_Exploratorio_pH_T_Hv,M2,M2_Exploratorio_pH_T_Hv,0.68,0.6934037664645196,-0.013403766464519573
34,NDVI,M2_Exploratorio_pH_T_Hv,M2,M2_Exploratorio_pH_T_Hv,0.69,0.7027319542058317,-0.01273195420583173
35,NDVI,M2_Exploratorio_pH_T_Hv,M2,M2_Exploratorio_pH_T_Hv,0.7,0.702926263782608,-0.002926263782608074
36,NDVI,M2_Exploratorio_pH_T_Hv,M2,M2_Exploratorio_pH_T_Hv,0.7,0.717792643355944,-0.017792643355943993
37,NDVI,M2_Exploratorio_pH_T_Hv,M2,M2_Exploratorio_pH_T_Hv,0.67,0.6992452803569474,-0.0292452803569474
38,NDVI,M2_Exploratorio_pH_T_Hv,M2,M2_Exploratorio_pH_T_Hv,0.67,0.6654257764262324,0.004574223573767688
39,NDVI,M2_Exploratorio_pH_T_Hv,M2,M2_Exploratorio_pH_T_Hv,0.69,0.6808406636560611,0.00915933634393884
40,NDVI,M2_Exploratorio_pH_T_Hv,M2,M2_Exploratorio_pH_T_Hv,0.71,0.6988508955594204,0.011149104440579594
41,NDVI,M2_Exploratorio_pH_T_Hv,M2,M2_Exploratorio_pH_T_Hv,0.7,0.6700757495228135,0.029924250477186498
42,NDVI,M2_Exploratorio_pH_T_Hv,M2,M2_Exploratorio_pH_T_Hv,0.7,0.7003214824099627,-3.2148240996277e-4
43,NDVI,M2_Exploratorio_pH_T_Hv,M2,M2_Exploratorio_pH_T_Hv,0.72,0.7093458654838938,0.010654134516106195
44,NDVI,M2_Exploratorio_pH_T_Hv,M2,M2_Exploratorio_pH_T_Hv,0.71,0.7183534335392348,-0.00835343353923479
45,NDVI,M2_Exploratorio_pH_T_Hv,M2,M2_Exploratorio_pH_T_Hv,0.67,0.6613131005977617,0.008686899402238324
46,NDVI,M2_Exploratorio_pH_T_Hv,M2,M2_Exploratorio_pH_T_Hv,0.71,0.6951478419853924,0.014852158014607597
47,NDVI,M2_Exploratorio_pH_T_Hv,M2,M2_Exploratorio_pH_T_Hv,0.71,0.6898479474245744,0.020152052575425516
48,NDVI,M2_Exploratorio_pH_T_Hv,M2,M2_Exploratorio_pH_T_Hv,0.72,0.7173396043110707,0.0026603956889292846
49,NDVI,M2_Exploratorio_pH_T_Hv,M2,M2_Exploratorio_pH_T_Hv,0.72,0.7124140859099225,0.007585914090077472
50,NDVI,M2_Exploratorio_pH_T_Hv,M2,M2_Exploratorio_pH_T_Hv,0.68,0.6950243846942423,-0.015024384694242277
51,NDVI,M2_Exploratorio_pH_T_Hv,M2,M2_Exploratorio_pH_T_Hv,0.68,0.6959064737548036,-0.015906473754803585
52,NDVI,M2_Exploratorio_pH_T_Hv,M2,M2_Exploratorio_pH_T_Hv,0.67,0.6866207879968315,-0.01662078799683142
53,NDVI,M2_Exploratorio_pH_T_Hv,M2,M2_Exploratorio_pH_T_Hv,0.69,0.684866828760215,0.005133171239784962
54,NDVI,M2_Exploratorio_pH_T_Hv,M2,M2_Exploratorio_pH_T_Hv,0.72,0.7053675363636723,0.014632463636327642
55,NDVI,M2_Exploratorio_pH_T_Hv,M2,M2_Exploratorio_pH_T_Hv,0.71,0.6854580999297292,0.024541900070270795
56,NDVI,M2_Exploratorio_pH_T_Hv,M2,M2_Exploratorio_pH_T_Hv,0.72,0.7082675808091873,0.011732419190812693
1,Nitratos,M0_Repeticion,M0,Diseño_reducido,4900,4960.869565217394,-60.869565217393756
2,Nitratos,M0_Repeticion,M0,Diseño_reducido,5500,4934.782608695655,565.2173913043453
3,Nitratos,M0_Repeticion,M0,Diseño_reducido,5400,4939.130434782613,460.8695652173874
4,Nitratos,M0_Repeticion,M0,Diseño_reducido,6100,4908.695652173915,1191.3043478260852
5,Nitratos,M0_Repeticion,M0,Diseño_reducido,5800,4921.739130434785,878.2608695652152
6,Nitratos,M0_Repeticion,M0,Diseño_reducido,4100,4995.652173913046,-895.6521739130458
7,Nitratos,M0_Repeticion,M0,Diseño_reducido,3400,4939.130434782611,-1539.1304347826108
8,Nitratos,M0_Repeticion,M0,Diseño_reducido,3800,4921.739130434785,-1121.7391304347848
9,Nitratos,M0_Repeticion,M0,Diseño_reducido,3600,4930.434782608699,-1330.4347826086987
10,Nitratos,M0_Repeticion,M0,Diseño_reducido,5400,4852.173913043481,547.8260869565192
11,Nitratos,M0_Repeticion,M0,Diseño_reducido,5900,4830.434782608699,1069.5652173913013
12,Nitratos,M0_Repeticion,M0,Diseño_reducido,5400,4852.173913043481,547.8260869565192
13,Nitratos,M0_Repeticion,M0,Diseño_reducido,2800,4457.142857142859,-1657.1428571428587
14,Nitratos,M0_Repeticion,M0,Diseño_reducido,4500,4214.2857142857165,285.7142857142835
15,Nitratos,M0_Repeticion,M0,Diseño_reducido,4900,4157.142857142859,742.8571428571413
16,Nitratos,M0_Repeticion,M0,Diseño_reducido,5300,4100.000000000002,1199.9999999999982
17,Nitratos,M0_Repeticion,M0,Diseño_reducido,5900,4830.434782608699,1069.5652173913013
18,Nitratos,M0_Repeticion,M0,Diseño_reducido,5200,4860.869565217393,339.13043478260715
19,Nitratos,M0_Repeticion,M0,Diseño_reducido,5600,4843.478260869568,756.5217391304323
20,Nitratos,M0_Repeticion,M0,Diseño_reducido,5700,4839.130434782612,860.8695652173883
21,Nitratos,M0_Repeticion,M0,Diseño_reducido,4500,4891.30434782609,-391.3043478260897
22,Nitratos,M0_Repeticion,M0,Diseño_reducido,4600,4886.956521739133,-286.95652173913277
23,Nitratos,M0_Repeticion,M0,Diseño_reducido,5800,4921.739130434785,878.2608695652152
24,Nitratos,M0_Repeticion,M0,Diseño_reducido,5600,4930.434782608699,669.5652173913013
25,Nitratos,M0_Repeticion,M0,Diseño_reducido,5000,4956.521739130437,43.4782608695632
26,Nitratos,M0_Repeticion,M0,Diseño_reducido,4600,4973.913043478264,-373.9130434782637
27,Nitratos,M0_Repeticion,M0,Diseño_reducido,4000,5000.000000000002,-1000.0000000000018
28,Nitratos,M0_Repeticion,M0,Diseño_reducido,3600,5017.391304347827,-1417.391304347827
29,Nitratos,M0_Repeticion,M0,Diseño_reducido,3600,5017.391304347827,-1417.391304347827
30,Nitratos,M0_Repeticion,M0,Diseño_reducido,2200,5078.26086956522,-2878.2608695652198
31,Nitratos,M0_Repeticion,M0,Diseño_reducido,5800,4921.739130434785,878.2608695652152
32,Nitratos,M0_Repeticion,M0,Diseño_reducido,5200,4947.826086956525,252.1739130434753
33,Nitratos,M0_Repeticion,M0,Diseño_reducido,5200,4947.826086956525,252.1739130434753
34,Nitratos,M0_Repeticion,M0,Diseño_reducido,5800,4921.739130434785,878.2608695652152
35,Nitratos,M0_Repeticion,M0,Diseño_reducido,5600,4843.478260869568,756.5217391304323
36,Nitratos,M0_Repeticion,M0,Diseño_reducido,4500,4891.30434782609,-391.3043478260897
37,Nitratos,M0_Repeticion,M0,Diseño_reducido,3700,4926.086956521741,-1226.0869565217408
38,Nitratos,M0_Repeticion,M0,Diseño_reducido,4000,4913.043478260872,-913.0434782608718
39,Nitratos,M0_Repeticion,M0,Diseño_reducido,5500,4847.826086956524,652.1739130434762
40,Nitratos,M0_Repeticion,M0,Diseño_reducido,6700,4795.652173913046,1904.3478260869542
41,Nitratos,M0_Repeticion,M0,Diseño_reducido,2900,4442.857142857145,-1542.857142857145
42,Nitratos,M0_Repeticion,M0,Diseño_reducido,5400,4085.7142857142876,1314.2857142857124
43,Nitratos,M0_Repeticion,M0,Diseño_reducido,3400,4371.428571428573,-971.4285714285734
44,Nitratos,M0_Repeticion,M0,Diseño_reducido,4800,4171.428571428573,628.5714285714266
45,Nitratos,M0_Repeticion,M0,Diseño_reducido,4400,4895.652173913046,-495.6521739130458
46,Nitratos,M0_Repeticion,M0,Diseño_reducido,5800,4834.782608695654,965.2173913043462
47,Nitratos,M0_Repeticion,M0,Diseño_reducido,4800,4878.26086956522,-78.26086956521976
48,Nitratos,M0_Repeticion,M0,Diseño_reducido,5100,4865.217391304351,234.7826086956493
49,Nitratos,M0_Repeticion,M0,Diseño_reducido,4300,4900.000000000003,-600.0000000000027
50,Nitratos,M0_Repeticion,M0,Diseño_reducido,3600,4930.434782608699,-1330.4347826086987
51,Nitratos,M0_Repeticion,M0,Diseño_reducido,4800,4965.217391304351,-165.2173913043507
52,Nitratos,M0_Repeticion,M0,Diseño_reducido,5900,4917.391304347829,982.6086956521713
53,Nitratos,M0_Repeticion,M0,Diseño_reducido,5700,4926.086956521743,773.9130434782574
54,Nitratos,M0_Repeticion,M0,Diseño_reducido,6000,4913.043478260873,1086.9565217391273
55,Nitratos,M0_Repeticion,M0,Diseño_reducido,4800,4965.217391304351,-165.2173913043507
56,Nitratos,M0_Repeticion,M0,Diseño_reducido,3600,5017.391304347831,-1417.3913043478306
1,Nitratos,M1_Tratamientos,M1,Diseño_completo,4900,4205.8823529411775,694.1176470588225
2,Nitratos,M1_Tratamientos,M1,Diseño_completo,5500,4947.058823529412,552.9411764705883
3,Nitratos,M1_Tratamientos,M1,Diseño_completo,5400,4354.016620498616,1045.9833795013838
4,Nitratos,M1_Tratamientos,M1,Diseño_completo,6100,5568.14404432133,531.8559556786704
5,Nitratos,M1_Tratamientos,M1,Diseño_completo,5800,5879.778393351802,-79.77839335180215
6,Nitratos,M1_Tratamientos,M1,Diseño_completo,4100,4365.927977839336,-265.92797783933565
7,Nitratos,M1_Tratamientos,M1,Diseño_completo,3400,4902.493074792241,-1502.4930747922408
8,Nitratos,M1_Tratamientos,M1,Diseño_completo,3800,4541.1764705882415,-741.1764705882415
9,Nitratos,M1_Tratamientos,M1,Diseño_completo,3600,3054.847645429364,545.1523545706359
10,Nitratos,M1_Tratamientos,M1,Diseño_completo,5400,5688.08864265928,-288.0886426592797
11,Nitratos,M1_Tratamientos,M1,Diseño_completo,5900,5363.711911357338,536.2880886426619
12,Nitratos,M1_Tratamientos,M1,Diseño_completo,5400,5141.176470588232,258.8235294117676
13,Nitratos,M1_Tratamientos,M1,Diseño_completo,2800,3285.714285714287,-485.71428571428714
14,Nitratos,M1_Tratamientos,M1,Diseño_completo,4500,4957.14285714286,-457.1428571428596
15,Nitratos,M1_Tratamientos,M1,Diseño_completo,4900,4300,600
16,Nitratos,M1_Tratamientos,M1,Diseño_completo,5300,4128.57142857143,1171.4285714285697
17,Nitratos,M1_Tratamientos,M1,Diseño_completo,5900,5736.01108033241,163.98891966759038
18,Nitratos,M1_Tratamientos,M1,Diseño_completo,5200,5647.645429362881,-447.64542936288126
19,Nitratos,M1_Tratamientos,M1,Diseño_completo,5600,5914.681440443212,-314.6814404432116
20,Nitratos,M1_Tratamientos,M1,Diseño_completo,5700,4288.235294117649,1411.7647058823513
21,Nitratos,M1_Tratamientos,M1,Diseño_completo,4500,4991.966759002769,-491.9667590027693
22,Nitratos,M1_Tratamientos,M1,Diseño_completo,4600,4560.110803324099,39.889196675901076
23,Nitratos,M1_Tratamientos,M1,Diseño_completo,5800,5507.479224376729,292.5207756232712
24,Nitratos,M1_Tratamientos,M1,Diseño_completo,5600,5176.470588235295,423.5294117647054
25,Nitratos,M1_Tratamientos,M1,Diseño_completo,5000,3989.4736842105253,1010.5263157894747
26,Nitratos,M1_Tratamientos,M1,Diseño_completo,4600,4858.823529411767,-258.8235294117667
27,Nitratos,M1_Tratamientos,M1,Diseño_completo,4000,5187.811634349032,-1187.811634349032
28,Nitratos,M1_Tratamientos,M1,Diseño_completo,3600,3245.4293628808864,354.5706371191136
29,Nitratos,M1_Tratamientos,M1,Diseño_completo,3600,4635.2941176470595,-1035.2941176470595
30,Nitratos,M1_Tratamientos,M1,Diseño_completo,2200,3627.146814404432,-1427.146814404432
31,Nitratos,M1_Tratamientos,M1,Diseño_completo,5800,4275.3462603878115,1524.6537396121885
32,Nitratos,M1_Tratamientos,M1,Diseño_completo,5200,5447.05882352942,-247.0588235294199
33,Nitratos,M1_Tratamientos,M1,Diseño_completo,5200,5705.2631578947385,-505.26315789473847
34,Nitratos,M1_Tratamientos,M1,Diseño_completo,5800,5959.5567867036,-159.55678670359976
35,Nitratos,M1_Tratamientos,M1,Diseño_completo,5600,4549.584487534628,1050.4155124653716
36,Nitratos,M1_Tratamientos,M1,Diseño_completo,4500,4147.0588235294135,352.94117647058647
37,Nitratos,M1_Tratamientos,M1,Diseño_completo,3700,3101.662049861496,598.3379501385039
38,Nitratos,M1_Tratamientos,M1,Diseño_completo,4000,4288.088642659278,-288.08864265927787
39,Nitratos,M1_Tratamientos,M1,Diseño_completo,5500,5205.882352941181,294.1176470588189
40,Nitratos,M1_Tratamientos,M1,Diseño_completo,6700,5699.999999999999,1000.0000000000009
41,Nitratos,M1_Tratamientos,M1,Diseño_completo,2900,3328.5714285714294,-428.57142857142935
42,Nitratos,M1_Tratamientos,M1,Diseño_completo,5400,4257.142857142859,1142.8571428571413
43,Nitratos,M1_Tratamientos,M1,Diseño_completo,3400,4999.999999999999,-1599.999999999999
44,Nitratos,M1_Tratamientos,M1,Diseño_completo,4800,4742.857142857146,57.142857142854155
45,Nitratos,M1_Tratamientos,M1,Diseño_completo,4400,4076.4542936288058,323.5457063711942
46,Nitratos,M1_Tratamientos,M1,Diseño_completo,5800,5611.764705882351,188.23529411764866
47,Nitratos,M1_Tratamientos,M1,Diseño_completo,4800,5726.315789473684,-926.3157894736842
48,Nitratos,M1_Tratamientos,M1,Diseño_completo,5100,4342.105263157893,757.8947368421068
49,Nitratos,M1_Tratamientos,M1,Diseño_completo,4300,5323.529411764705,-1023.5294117647054
50,Nitratos,M1_Tratamientos,M1,Diseño_completo,3600,4996.121883656511,-1396.1218836565113
51,Nitratos,M1_Tratamientos,M1,Diseño_completo,4800,6141.176470588238,-1341.1764705882379
52,Nitratos,M1_Tratamientos,M1,Diseño_completo,5900,5527.700831024933,372.299168975067
53,Nitratos,M1_Tratamientos,M1,Diseño_completo,5700,6229.411764705884,-529.4117647058838
54,Nitratos,M1_Tratamientos,M1,Diseño_completo,6000,4608.310249307482,1391.689750692518
55,Nitratos,M1_Tratamientos,M1,Diseño_completo,4800,4711.357340720224,88.64265927977613
56,Nitratos,M1_Tratamientos,M1,Diseño_completo,3600,4947.368421052635,-1347.3684210526353
1,Nitratos,M2_CE_original,M2,M2_CE_original,4900,3988.187562952373,911.8124370476271
2,Nitratos,M2_CE_original,M2,M2_CE_original,5500,4618.692136729034,881.3078632709658
3,Nitratos,M2_CE_original,M2,M2_CE_original,5400,4215.03321382815,1184.96678617185
4,Nitratos,M2_CE_original,M2,M2_CE_original,6100,5406.149570163365,693.8504298366352
5,Nitratos,M2_CE_original,M2,M2_CE_original,5800,5781.2042814309925,18.795718569007477
6,Nitratos,M2_CE_original,M2,M2_CE_original,4100,4552.395477853114,-452.39547785311424
7,Nitratos,M2_CE_original,M2,M2_CE_original,3400,4887.246564738907,-1487.2465647389072
8,Nitratos,M2_CE_original,M2,M2_CE_original,3800,4592.480622888272,-792.4806228882717
9,Nitratos,M2_CE_original,M2,M2_CE_original,3600,3259.161177609568,340.83882239043214
10,Nitratos,M2_CE_original,M2,M2_CE_original,5400,5799.677146514426,-399.67714651442566
11,Nitratos,M2_CE_original,M2,M2_CE_original,5900,5246.633970262404,653.3660297375964
12,Nitratos,M2_CE_original,M2,M2_CE_original,5400,5221.386502163212,178.61349783678816
13,Nitratos,M2_CE_original,M2,M2_CE_original,2800,3615.983406909076,-815.9834069090762
14,Nitratos,M2_CE_original,M2,M2_CE_original,4500,4816.814633156451,-316.81463315645124
15,Nitratos,M2_CE_original,M2,M2_CE_original,4900,4231.87931918833,668.1206808116704
16,Nitratos,M2_CE_original,M2,M2_CE_original,5300,4269.464838542093,1030.5351614579067
17,Nitratos,M2_CE_original,M2,M2_CE_original,5900,5842.407198194513,57.5928018054874
18,Nitratos,M2_CE_original,M2,M2_CE_original,5200,5598.569097039579,-398.569097039579
19,Nitratos,M2_CE_original,M2,M2_CE_original,5600,5833.016894489755,-233.01689448975503
20,Nitratos,M2_CE_original,M2,M2_CE_original,5700,4393.457628941607,1306.5423710583927
21,Nitratos,M2_CE_original,M2,M2_CE_original,4500,4917.734642879181,-417.7346428791807
22,Nitratos,M2_CE_original,M2,M2_CE_original,4600,4450.201896731059,149.7981032689413
23,Nitratos,M2_CE_original,M2,M2_CE_original,5800,5686.118544052768,113.8814559472321
24,Nitratos,M2_CE_original,M2,M2_CE_original,5600,5104.658924657906,495.341075342094
25,Nitratos,M2_CE_original,M2,M2_CE_original,5000,3750.6509003327183,1249.3490996672817
26,Nitratos,M2_CE_original,M2,M2_CE_original,4600,4775.145305425276,-175.1453054252761
27,Nitratos,M2_CE_original,M2,M2_CE_original,4000,5062.351921069194,-1062.3519210691938
28,Nitratos,M2_CE_original,M2,M2_CE_original,3600,2973.884247220618,626.1157527793821
29,Nitratos,M2_CE_original,M2,M2_CE_original,3600,4520.1437506018465,-920.1437506018465
30,Nitratos,M2_CE_original,M2,M2_CE_original,2200,3577.8311753611606,-1377.8311753611606
31,Nitratos,M2_CE_original,M2,M2_CE_original,5800,4405.1970065024225,1394.8029934975775
32,Nitratos,M2_CE_original,M2,M2_CE_original,5200,6045.038090703592,-845.0380907035924
33,Nitratos,M2_CE_original,M2,M2_CE_original,5200,5765.263602689917,-565.2636026899172
34,Nitratos,M2_CE_original,M2,M2_CE_original,5800,6234.752812968154,-434.7528129681541
35,Nitratos,M2_CE_original,M2,M2_CE_original,5600,4473.109382798935,1126.8906172010647
36,Nitratos,M2_CE_original,M2,M2_CE_original,4500,4233.94092233719,266.0590776628096
37,Nitratos,M2_CE_original,M2,M2_CE_original,3700,3643.586494128829,56.413505871170855
38,Nitratos,M2_CE_original,M2,M2_CE_original,4000,4056.2817398024554,-56.28173980245538
39,Nitratos,M2_CE_original,M2,M2_CE_original,5500,5005.980305282677,494.01969471732264
40,Nitratos,M2_CE_original,M2,M2_CE_original,6700,5714.739472351828,985.2605276481718
41,Nitratos,M2_CE_original,M2,M2_CE_original,2900,3116.926299372942,-216.92629937294214
42,Nitratos,M2_CE_original,M2,M2_CE_original,5400,4269.692252075828,1130.307747924172
43,Nitratos,M2_CE_original,M2,M2_CE_original,3400,4885.6700056324025,-1485.6700056324025
44,Nitratos,M2_CE_original,M2,M2_CE_original,4800,4852.169189217332,-52.16918921733213
45,Nitratos,M2_CE_original,M2,M2_CE_original,4400,3779.698141910513,620.3018580894868
46,Nitratos,M2_CE_original,M2,M2_CE_original,5800,5269.564993893104,530.4350061068963
47,Nitratos,M2_CE_original,M2,M2_CE_original,4800,5627.89237865935,-827.8923786593496
48,Nitratos,M2_CE_original,M2,M2_CE_original,5100,4517.469504964624,582.5304950353757
49,Nitratos,M2_CE_original,M2,M2_CE_original,4300,5264.169030750952,-964.1690307509516
50,Nitratos,M2_CE_original,M2,M2_CE_original,3600,4971.6018138908885,-1371.6018138908885
51,Nitratos,M2_CE_original,M2,M2_CE_original,4800,6261.660362951747,-1461.6603629517467
52,Nitratos,M2_CE_original,M2,M2_CE_original,5900,5588.239149851614,311.76085014838645
53,Nitratos,M2_CE_original,M2,M2_CE_original,5700,6595.566222540401,-895.5662225404012
54,Nitratos,M2_CE_original,M2,M2_CE_original,6000,4668.9510523273475,1331.0489476726525
55,Nitratos,M2_CE_original,M2,M2_CE_original,4800,4834.453862142075,-34.453862142075195
56,Nitratos,M2_CE_original,M2,M2_CE_original,3600,4832.54151636779,-1232.5415163677899
1,Nitratos,M2_CE_corregida,M2,M2_CE_corregida,4900,3988.1875629523593,911.8124370476407
2,Nitratos,M2_CE_corregida,M2,M2_CE_corregida,5500,4618.692136729016,881.307863270984
3,Nitratos,M2_CE_corregida,M2,M2_CE_corregida,5400,4215.033213828141,1184.966786171859
4,Nitratos,M2_CE_corregida,M2,M2_CE_corregida,6100,5406.149570163359,693.8504298366406
5,Nitratos,M2_CE_corregida,M2,M2_CE_corregida,5800,5781.204281430997,18.79571856900293
6,Nitratos,M2_CE_corregida,M2,M2_CE_corregida,4100,4552.395477853095,-452.39547785309514
7,Nitratos,M2_CE_corregida,M2,M2_CE_corregida,3400,4887.246564738916,-1487.2465647389163
8,Nitratos,M2_CE_corregida,M2,M2_CE_corregida,3800,4592.480622888281,-792.4806228882808
9,Nitratos,M2_CE_corregida,M2,M2_CE_corregida,3600,3259.161177609571,340.83882239042896
10,Nitratos,M2_CE_corregida,M2,M2_CE_corregida,5400,5799.677146514445,-399.67714651444476
11,Nitratos,M2_CE_corregida,M2,M2_CE_corregida,5900,5246.633970262399,653.3660297376009
12,Nitratos,M2_CE_corregida,M2,M2_CE_corregida,5400,5221.386502163214,178.61349783678634
13,Nitratos,M2_CE_corregida,M2,M2_CE_corregida,2800,3615.983406909071,-815.9834069090712
14,Nitratos,M2_CE_corregida,M2,M2_CE_corregida,4500,4816.814633156459,-316.8146331564594
15,Nitratos,M2_CE_corregida,M2,M2_CE_corregida,4900,4231.879319188336,668.120680811664
16,Nitratos,M2_CE_corregida,M2,M2_CE_corregida,5300,4269.4648385420915,1030.5351614579085
17,Nitratos,M2_CE_corregida,M2,M2_CE_corregida,5900,5842.407198194496,57.59280180550377
18,Nitratos,M2_CE_corregida,M2,M2_CE_corregida,5200,5598.569097039577,-398.5690970395772
19,Nitratos,M2_CE_corregida,M2,M2_CE_corregida,5600,5833.0168944897505,-233.01689448975048
20,Nitratos,M2_CE_corregida,M2,M2_CE_corregida,5700,4393.4576289416,1306.5423710584
21,Nitratos,M2_CE_corregida,M2,M2_CE_corregida,4500,4917.734642879177,-417.73464287917704
22,Nitratos,M2_CE_corregida,M2,M2_CE_corregida,4600,4450.201896731057,149.79810326894312
23,Nitratos,M2_CE_corregida,M2,M2_CE_corregida,5800,5686.118544052765,113.88145594723483
24,Nitratos,M2_CE_corregida,M2,M2_CE_corregida,5600,5104.658924657901,495.34107534209943
25,Nitratos,M2_CE_corregida,M2,M2_CE_corregida,5000,3750.6509003327246,1249.3490996672754
26,Nitratos,M2_CE_corregida,M2,M2_CE_corregida,4600,4775.145305425291,-175.14530542529064
27,Nitratos,M2_CE_corregida,M2,M2_CE_corregida,4000,5062.351921069205,-1062.3519210692048
28,Nitratos,M2_CE_corregida,M2,M2_CE_corregida,3600,2973.884247220626,626.1157527793739
29,Nitratos,M2_CE_corregida,M2,M2_CE_corregida,3600,4520.143750601851,-920.143750601851
30,Nitratos,M2_CE_corregida,M2,M2_CE_corregida,2200,3577.8311753611633,-1377.8311753611633
31,Nitratos,M2_CE_corregida,M2,M2_CE_corregida,5800,4405.19700650243,1394.8029934975702
32,Nitratos,M2_CE_corregida,M2,M2_CE_corregida,5200,6045.038090703581,-845.0380907035806
33,Nitratos,M2_CE_corregida,M2,M2_CE_corregida,5200,5765.263602689924,-565.2636026899236
34,Nitratos,M2_CE_corregida,M2,M2_CE_corregida,5800,6234.752812968152,-434.7528129681523
35,Nitratos,M2_CE_corregida,M2,M2_CE_corregida,5600,4473.109382798955,1126.8906172010447
36,Nitratos,M2_CE_corregida,M2,M2_CE_corregida,4500,4233.940922337186,266.05907766281416
37,Nitratos,M2_CE_corregida,M2,M2_CE_corregida,3700,3643.586494128811,56.413505871189045
38,Nitratos,M2_CE_corregida,M2,M2_CE_corregida,4000,4056.2817398024617,-56.28173980246174
39,Nitratos,M2_CE_corregida,M2,M2_CE_corregida,5500,5005.980305282693,494.0196947173072
40,Nitratos,M2_CE_corregida,M2,M2_CE_corregida,6700,5714.7394723518355,985.2605276481645
41,Nitratos,M2_CE_corregida,M2,M2_CE_corregida,2900,3116.926299372957,-216.92629937295715
42,Nitratos,M2_CE_corregida,M2,M2_CE_corregida,5400,4269.692252075831,1130.3077479241692
43,Nitratos,M2_CE_corregida,M2,M2_CE_corregida,3400,4885.6700056324,-1485.6700056323998
44,Nitratos,M2_CE_corregida,M2,M2_CE_corregida,4800,4852.169189217313,-52.16918921731303
45,Nitratos,M2_CE_corregida,M2,M2_CE_corregida,4400,3779.6981419104995,620.3018580895005
46,Nitratos,M2_CE_corregida,M2,M2_CE_corregida,5800,5269.564993893104,530.4350061068963
47,Nitratos,M2_CE_corregida,M2,M2_CE_corregida,4800,5627.892378659354,-827.8923786593541
48,Nitratos,M2_CE_corregida,M2,M2_CE_corregida,5100,4517.469504964619,582.5304950353811
49,Nitratos,M2_CE_corregida,M2,M2_CE_corregida,4300,5264.169030750953,-964.1690307509534
50,Nitratos,M2_CE_corregida,M2,M2_CE_corregida,3600,4971.601813890886,-1371.6018138908858
51,Nitratos,M2_CE_corregida,M2,M2_CE_corregida,4800,6261.660362951745,-1461.660362951745
52,Nitratos,M2_CE_corregida,M2,M2_CE_corregida,5900,5588.239149851615,311.76085014838463
53,Nitratos,M2_CE_corregida,M2,M2_CE_corregida,5700,6595.5662225404085,-895.5662225404085
54,Nitratos,M2_CE_corregida,M2,M2_CE_corregida,6000,4668.951052327348,1331.0489476726516
55,Nitratos,M2_CE_corregida,M2,M2_CE_corregida,4800,4834.45386214207,-34.45386214206974
56,Nitratos,M2_CE_corregida,M2,M2_CE_corregida,3600,4832.54151636779,-1232.5415163677899
1,Nitratos,M2_Indice_N,M2,M2_Indice_N,4900,4002.2809209624356,897.7190790375644
2,Nitratos,M2_Indice_N,M2,M2_Indice_N,5500,4617.777288424105,882.2227115758951
3,Nitratos,M2_Indice_N,M2,M2_Indice_N,5400,4217.828895852273,1182.1711041477274
4,Nitratos,M2_Indice_N,M2,M2_Indice_N,6100,5410.601365154289,689.3986348457111
5,Nitratos,M2_Indice_N,M2,M2_Indice_N,5800,5787.597258000193,12.402741999807404
6,Nitratos,M2_Indice_N,M2,M2_Indice_N,4100,4532.86544742786,-432.8654474278601
7,Nitratos,M2_Indice_N,M2,M2_Indice_N,3400,4876.774475823294,-1476.7744758232939
8,Nitratos,M2_Indice_N,M2,M2_Indice_N,3800,4609.715204719867,-809.715204719867
9,Nitratos,M2_Indice_N,M2,M2_Indice_N,3600,3284.4086316090375,315.59136839096254
10,Nitratos,M2_Indice_N,M2,M2_Indice_N,5400,5812.297154189275,-412.2971541892748
11,Nitratos,M2_Indice_N,M2,M2_Indice_N,5900,5241.894618782271,658.1053812177288
12,Nitratos,M2_Indice_N,M2,M2_Indice_N,5400,5228.826835586256,171.17316441374442
13,Nitratos,M2_Indice_N,M2,M2_Indice_N,2800,3616.391473535114,-816.3914735351141
14,Nitratos,M2_Indice_N,M2,M2_Indice_N,4500,4804.875738476091,-304.8757384760911
15,Nitratos,M2_Indice_N,M2,M2_Indice_N,4900,4229.188546325945,670.811453674055
16,Nitratos,M2_Indice_N,M2,M2_Indice_N,5300,4277.691019622942,1022.3089803770581
17,Nitratos,M2_Indice_N,M2,M2_Indice_N,5900,5848.510169613086,51.489830386914036
18,Nitratos,M2_Indice_N,M2,M2_Indice_N,5200,5593.845110993231,-393.8451109932312
19,Nitratos,M2_Indice_N,M2,M2_Indice_N,5600,5837.771153131459,-237.77115313145896
20,Nitratos,M2_Indice_N,M2,M2_Indice_N,5700,4407.70592674341,1292.2940732565903
21,Nitratos,M2_Indice_N,M2,M2_Indice_N,4500,4922.0600792927535,-422.06007929275347
22,Nitratos,M2_Indice_N,M2,M2_Indice_N,4600,4439.792244777101,160.20775522289932
23,Nitratos,M2_Indice_N,M2,M2_Indice_N,5800,5688.526943671788,111.4730563282119
24,Nitratos,M2_Indice_N,M2,M2_Indice_N,5600,5105.929037471391,494.070962528609
25,Nitratos,M2_Indice_N,M2,M2_Indice_N,5000,3750.6390472595444,1249.3609527404556
26,Nitratos,M2_Indice_N,M2,M2_Indice_N,4600,4764.3398832532675,-164.33988325326754
27,Nitratos,M2_Indice_N,M2,M2_Indice_N,4000,5051.80794201608,-1051.8079420160802
28,Nitratos,M2_Indice_N,M2,M2_Indice_N,3600,2987.8552691023997,612.1447308976003
29,Nitratos,M2_Indice_N,M2,M2_Indice_N,3600,4515.598093942193,-915.5980939421934
30,Nitratos,M2_Indice_N,M2,M2_Indice_N,2200,3566.215742268767,-1366.215742268767
31,Nitratos,M2_Indice_N,M2,M2_Indice_N,5800,4405.221557744433,1394.778442255567
32,Nitratos,M2_Indice_N,M2,M2_Indice_N,5200,6040.73630551937,-840.73630551937
33,Nitratos,M2_Indice_N,M2,M2_Indice_N,5200,5775.483150748034,-575.483150748034
34,Nitratos,M2_Indice_N,M2,M2_Indice_N,5800,6247.987148596236,-447.9871485962358
35,Nitratos,M2_Indice_N,M2,M2_Indice_N,5600,4474.695951171436,1125.3040488285642
36,Nitratos,M2_Indice_N,M2,M2_Indice_N,4500,4229.936122252073,270.0638777479271
37,Nitratos,M2_Indice_N,M2,M2_Indice_N,3700,3654.926802477018,45.0731975229819
38,Nitratos,M2_Indice_N,M2,M2_Indice_N,4000,4054.1282220944963,-54.12822209449632
39,Nitratos,M2_Indice_N,M2,M2_Indice_N,5500,4978.6438210000115,521.3561789999885
40,Nitratos,M2_Indice_N,M2,M2_Indice_N,6700,5716.710495058293,983.2895049417066
41,Nitratos,M2_Indice_N,M2,M2_Indice_N,2900,3113.669521775706,-213.66952177570602
42,Nitratos,M2_Indice_N,M2,M2_Indice_N,5400,4270.4628388573565,1129.5371611426435
43,Nitratos,M2_Indice_N,M2,M2_Indice_N,3400,4889.560157380413,-1489.5601573804133
44,Nitratos,M2_Indice_N,M2,M2_Indice_N,4800,4851.488021390709,-51.48802139070904
45,Nitratos,M2_Indice_N,M2,M2_Indice_N,4400,3762.6925769289574,637.3074230710426
46,Nitratos,M2_Indice_N,M2,M2_Indice_N,5800,5238.429289928246,561.5707100717536
47,Nitratos,M2_Indice_N,M2,M2_Indice_N,4800,5623.160643697471,-823.1606436974707
48,Nitratos,M2_Indice_N,M2,M2_Indice_N,5100,4514.38121940461,585.6187805953896
49,Nitratos,M2_Indice_N,M2,M2_Indice_N,4300,5262.719588118418,-962.719588118418
50,Nitratos,M2_Indice_N,M2,M2_Indice_N,3600,4966.208134996452,-1366.208134996452
51,Nitratos,M2_Indice_N,M2,M2_Indice_N,4800,6272.0002650885335,-1472.0002650885335
52,Nitratos,M2_Indice_N,M2,M2_Indice_N,5900,5597.896228879123,302.10377112087735
53,Nitratos,M2_Indice_N,M2,M2_Indice_N,5700,6593.76173760623,-893.7617376062299
54,Nitratos,M2_Indice_N,M2,M2_Indice_N,6000,4661.839317956281,1338.1606820437191
55,Nitratos,M2_Indice_N,M2,M2_Indice_N,4800,4823.6780293090105,-23.678029309010526
56,Nitratos,M2_Indice_N,M2,M2_Indice_N,3600,4832.2319958552835,-1232.2319958552835
1,Nitratos,M2_Indice_P,M2,M2_Indice_P,4900,3991.127825279823,908.8721747201771
2,Nitratos,M2_Indice_P,M2,M2_Indice_P,5500,4621.466993941753,878.5330060582473
3,Nitratos,M2_Indice_P,M2,M2_Indice_P,5400,4226.252627292087,1173.7473727079132
4,Nitratos,M2_Indice_P,M2,M2_Indice_P,6100,5398.744438066918,701.2555619330824
5,Nitratos,M2_Indice_P,M2,M2_Indice_P,5800,5782.990420136197,17.009579863803083
6,Nitratos,M2_Indice_P,M2,M2_Indice_P,4100,4535.537228131738,-435.5372281317377
7,Nitratos,M2_Indice_P,M2,M2_Indice_P,3400,4877.065983737975,-1477.0659837379753
8,Nitratos,M2_Indice_P,M2,M2_Indice_P,3800,4595.990345347817,-795.9903453478173
9,Nitratos,M2_Indice_P,M2,M2_Indice_P,3600,3255.1903112754326,344.8096887245674
10,Nitratos,M2_Indice_P,M2,M2_Indice_P,5400,5802.042997701795,-402.0429977017948
11,Nitratos,M2_Indice_P,M2,M2_Indice_P,5900,5245.839892405342,654.1601075946583
12,Nitratos,M2_Indice_P,M2,M2_Indice_P,5400,5222.811256957362,177.18874304263773
13,Nitratos,M2_Indice_P,M2,M2_Indice_P,2800,3615.528297295572,-815.528297295572
14,Nitratos,M2_Indice_P,M2,M2_Indice_P,4500,4818.193904415983,-318.1939044159826
15,Nitratos,M2_Indice_P,M2,M2_Indice_P,4900,4226.062368054429,673.9376319455714
16,Nitratos,M2_Indice_P,M2,M2_Indice_P,5300,4270.4872160637615,1029.5127839362385
17,Nitratos,M2_Indice_P,M2,M2_Indice_P,5900,5840.084100498618,59.91589950138223
18,Nitratos,M2_Indice_P,M2,M2_Indice_P,5200,5599.834320722766,-399.8343207227663
19,Nitratos,M2_Indice_P,M2,M2_Indice_P,5600,5839.2816574380895,-239.2816574380895
20,Nitratos,M2_Indice_P,M2,M2_Indice_P,5700,4389.999059181104,1310.0009408188962
21,Nitratos,M2_Indice_P,M2,M2_Indice_P,4500,4922.006733594842,-422.00673359484244
22,Nitratos,M2_Indice_P,M2,M2_Indice_P,4600,4448.625555247356,151.3744447526442
23,Nitratos,M2_Indice_P,M2,M2_Indice_P,5800,5679.6132989683,120.38670103169989
24,Nitratos,M2_Indice_P,M2,M2_Indice_P,5600,5108.8657124676865,491.13428753231346
25,Nitratos,M2_Indice_P,M2,M2_Indice_P,5000,3749.122716081985,1250.877283918015
26,Nitratos,M2_Indice_P,M2,M2_Indice_P,4600,4782.394994045898,-182.39499404589787
27,Nitratos,M2_Indice_P,M2,M2_Indice_P,4000,5059.580935311891,-1059.5809353118912
28,Nitratos,M2_Indice_P,M2,M2_Indice_P,3600,2974.094764751404,625.905235248596
29,Nitratos,M2_Indice_P,M2,M2_Indice_P,3600,4523.246692413937,-923.2466924139371
30,Nitratos,M2_Indice_P,M2,M2_Indice_P,2200,3578.37898585577,-1378.3789858557702
31,Nitratos,M2_Indice_P,M2,M2_Indice_P,5800,4397.307397043335,1402.6926029566648
32,Nitratos,M2_Indice_P,M2,M2_Indice_P,5200,6056.502735701688,-856.5027357016879
33,Nitratos,M2_Indice_P,M2,M2_Indice_P,5200,5768.367676505675,-568.3676765056753
34,Nitratos,M2_Indice_P,M2,M2_Indice_P,5800,6223.46868798025,-423.46868798025025
35,Nitratos,M2_Indice_P,M2,M2_Indice_P,5600,4483.476466041968,1116.5235339580322
36,Nitratos,M2_Indice_P,M2,M2_Indice_P,4500,4223.8741263214615,276.1258736785385
37,Nitratos,M2_Indice_P,M2,M2_Indice_P,3700,3640.6280807228236,59.3719192771764
38,Nitratos,M2_Indice_P,M2,M2_Indice_P,4000,4062.0252315784974,-62.02523157849737
39,Nitratos,M2_Indice_P,M2,M2_Indice_P,5500,4991.490159362024,508.5098406379757
40,Nitratos,M2_Indice_P,M2,M2_Indice_P,6700,5714.354467932061,985.6455320679388
41,Nitratos,M2_Indice_P,M2,M2_Indice_P,2900,3125.224293394128,-225.22429339412793
42,Nitratos,M2_Indice_P,M2,M2_Indice_P,5400,4267.5332650044365,1132.4667349955635
43,Nitratos,M2_Indice_P,M2,M2_Indice_P,3400,4886.560879765822,-1486.5608797658224
44,Nitratos,M2_Indice_P,M2,M2_Indice_P,4800,4848.039352595486,-48.03935259548598
45,Nitratos,M2_Indice_P,M2,M2_Indice_P,4400,3786.2755860844672,613.7244139155328
46,Nitratos,M2_Indice_P,M2,M2_Indice_P,5800,5264.230557435152,535.76944256484785
47,Nitratos,M2_Indice_P,M2,M2_Indice_P,4800,5632.137125646733,-832.1371256467328
48,Nitratos,M2_Indice_P,M2,M2_Indice_P,5100,4518.19192132733,581.8080786726696
49,Nitratos,M2_Indice_P,M2,M2_Indice_P,4300,5259.96547098089,-959.9654709808901
50,Nitratos,M2_Indice_P,M2,M2_Indice_P,3600,4976.46496559462,-1376.4649655946196
51,Nitratos,M2_Indice_P,M2,M2_Indice_P,4800,6259.807734214118,-1459.8077342141178
52,Nitratos,M2_Indice_P,M2,M2_Indice_P,5900,5596.991715373516,303.00828462648406
53,Nitratos,M2_Indice_P,M2,M2_Indice_P,5700,6601.390590053567,-901.3905900535674
54,Nitratos,M2_Indice_P,M2,M2_Indice_P,6000,4667.02542653757,1332.9745734624303
55,Nitratos,M2_Indice_P,M2,M2_Indice_P,4800,4833.636066302941,-33.63606630294089
56,Nitratos,M2_Indice_P,M2,M2_Indice_P,3600,4834.015789804424,-1234.0157898044235
1,Nitratos,M2_Indice_K,M2,M2_Indice_K,4900,3981.860466799949,918.1395332000511
2,Nitratos,M2_Indice_K,M2,M2_Indice_K,5500,4612.226602413815,887.7733975861847
3,Nitratos,M2_Indice_K,M2,M2_Indice_K,5400,4220.873018754615,1179.1269812453847
4,Nitratos,M2_Indice_K,M2,M2_Indice_K,6100,5408.415511694577,691.5844883054233
5,Nitratos,M2_Indice_K,M2,M2_Indice_K,5800,5788.272781720609,11.727218279391309
6,Nitratos,M2_Indice_K,M2,M2_Indice_K,4100,4559.075481767988,-459.0754817679881
7,Nitratos,M2_Indice_K,M2,M2_Indice_K,3400,4886.656527007926,-1486.6565270079263
8,Nitratos,M2_Indice_K,M2,M2_Indice_K,3800,4597.109939539014,-797.1099395390138
9,Nitratos,M2_Indice_K,M2,M2_Indice_K,3600,3262.666986200332,337.33301379966815
10,Nitratos,M2_Indice_K,M2,M2_Indice_K,5400,5792.168480968598,-392.1684809685976
11,Nitratos,M2_Indice_K,M2,M2_Indice_K,5900,5246.04776070216,653.9522392978397
12,Nitratos,M2_Indice_K,M2,M2_Indice_K,5400,5226.808474751755,173.19152524824494
13,Nitratos,M2_Indice_K,M2,M2_Indice_K,2800,3615.493110303536,-815.493110303536
14,Nitratos,M2_Indice_K,M2,M2_Indice_K,4500,4814.394712108378,-314.39471210837837
15,Nitratos,M2_Indice_K,M2,M2_Indice_K,4900,4233.320533480349,666.6794665196512
16,Nitratos,M2_Indice_K,M2,M2_Indice_K,5300,4270.671575849116,1029.3284241508836
17,Nitratos,M2_Indice_K,M2,M2_Indice_K,5900,5845.732999761749,54.26700023825106
18,Nitratos,M2_Indice_K,M2,M2_Indice_K,5200,5595.742474960444,-395.74247496044427
19,Nitratos,M2_Indice_K,M2,M2_Indice_K,5600,5830.942662995092,-230.94266299509218
20,Nitratos,M2_Indice_K,M2,M2_Indice_K,5700,4397.890378867745,1302.1096211322547
21,Nitratos,M2_Indice_K,M2,M2_Indice_K,4500,4922.380312173111,-422.3803121731107
22,Nitratos,M2_Indice_K,M2,M2_Indice_K,4600,4453.100711773977,146.8992882260227
23,Nitratos,M2_Indice_K,M2,M2_Indice_K,5800,5687.452447767522,112.54755223247776
24,Nitratos,M2_Indice_K,M2,M2_Indice_K,5600,5109.199183145298,490.80081685470213
25,Nitratos,M2_Indice_K,M2,M2_Indice_K,5000,3753.90839353488,1246.09160646512
26,Nitratos,M2_Indice_K,M2,M2_Indice_K,4600,4777.619729963136,-177.6197299631358
27,Nitratos,M2_Indice_K,M2,M2_Indice_K,4000,5050.04706067989,-1050.04706067989
28,Nitratos,M2_Indice_K,M2,M2_Indice_K,3600,2973.154402819144,626.8455971808562
29,Nitratos,M2_Indice_K,M2,M2_Indice_K,3600,4512.670480089381,-912.6704800893813
30,Nitratos,M2_Indice_K,M2,M2_Indice_K,2200,3577.2940025851167,-1377.2940025851167
31,Nitratos,M2_Indice_K,M2,M2_Indice_K,5800,4403.004294256035,1396.9957057439651
32,Nitratos,M2_Indice_K,M2,M2_Indice_K,5200,6057.6406320386095,-857.6406320386095
33,Nitratos,M2_Indice_K,M2,M2_Indice_K,5200,5768.769620010545,-568.7696200105447
34,Nitratos,M2_Indice_K,M2,M2_Indice_K,5800,6233.309535898593,-433.3095358985929
35,Nitratos,M2_Indice_K,M2,M2_Indice_K,5600,4485.317007596184,1114.6829924038157
36,Nitratos,M2_Indice_K,M2,M2_Indice_K,4500,4232.766601868391,267.23339813160874
37,Nitratos,M2_Indice_K,M2,M2_Indice_K,3700,3645.420391674299,54.579608325700974
38,Nitratos,M2_Indice_K,M2,M2_Indice_K,4000,4052.8337102232845,-52.83371022328447
39,Nitratos,M2_Indice_K,M2,M2_Indice_K,5500,4998.34353849567,501.65646150432985
40,Nitratos,M2_Indice_K,M2,M2_Indice_K,6700,5713.747477079024,986.2525229209759
41,Nitratos,M2_Indice_K,M2,M2_Indice_K,2900,3114.804837871519,-214.80483787151888
42,Nitratos,M2_Indice_K,M2,M2_Indice_K,5400,4270.704653608331,1129.2953463916692
43,Nitratos,M2_Indice_K,M2,M2_Indice_K,3400,4889.309726768907,-1489.3097267689072
44,Nitratos,M2_Indice_K,M2,M2_Indice_K,4800,4847.492126140329,-47.492126140328764
45,Nitratos,M2_Indice_K,M2,M2_Indice_K,4400,3773.1069618121273,626.8930381878727
46,Nitratos,M2_Indice_K,M2,M2_Indice_K,5800,5262.5591457269275,537.4408542730725
47,Nitratos,M2_Indice_K,M2,M2_Indice_K,4800,5622.637587669258,-822.6375876692582
48,Nitratos,M2_Indice_K,M2,M2_Indice_K,5100,4515.087586055295,584.9124139447049
49,Nitratos,M2_Indice_K,M2,M2_Indice_K,4300,5266.428131300447,-966.4281313004467
50,Nitratos,M2_Indice_K,M2,M2_Indice_K,3600,4973.39164171272,-1373.3916417127202
51,Nitratos,M2_Indice_K,M2,M2_Indice_K,4800,6259.749142731016,-1459.749142731016
52,Nitratos,M2_Indice_K,M2,M2_Indice_K,5900,5586.484611311683,313.5153886883172
53,Nitratos,M2_Indice_K,M2,M2_Indice_K,5700,6599.428079240915,-899.4280792409154
54,Nitratos,M2_Indice_K,M2,M2_Indice_K,6000,4669.864692922746,1330.1353070772539
55,Nitratos,M2_Indice_K,M2,M2_Indice_K,4800,4833.826415145631,-33.82641514563056
56,Nitratos,M2_Indice_K,M2,M2_Indice_K,3600,4831.254513504621,-1231.2545135046212
1,Nitratos,M2_Exploratorio_pH_T_Hv,M2,M2_Exploratorio_pH_T_Hv,4900,4322.933055163029,577.0669448369708
2,Nitratos,M2_Exploratorio_pH_T_Hv,M2,M2_Exploratorio_pH_T_Hv,5500,4708.825318218901,791.174681781099
3,Nitratos,M2_Exploratorio_pH_T_Hv,M2,M2_Exploratorio_pH_T_Hv,5400,4328.600942190944,1071.399057809056
4,Nitratos,M2_Exploratorio_pH_T_Hv,M2,M2_Exploratorio_pH_T_Hv,6100,5536.813386610535,563.1866133894646
5,Nitratos,M2_Exploratorio_pH_T_Hv,M2,M2_Exploratorio_pH_T_Hv,5800,5810.726202635666,-10.726202635665686
6,Nitratos,M2_Exploratorio_pH_T_Hv,M2,M2_Exploratorio_pH_T_Hv,4100,4264.202699612773,-164.20269961277336
7,Nitratos,M2_Exploratorio_pH_T_Hv,M2,M2_Exploratorio_pH_T_Hv,3400,4884.448823902008,-1484.4488239020084
8,Nitratos,M2_Exploratorio_pH_T_Hv,M2,M2_Exploratorio_pH_T_Hv,3800,4529.886433357305,-729.8864333573047
9,Nitratos,M2_Exploratorio_pH_T_Hv,M2,M2_Exploratorio_pH_T_Hv,3600,2979.2790858283424,620.7209141716576
10,Nitratos,M2_Exploratorio_pH_T_Hv,M2,M2_Exploratorio_pH_T_Hv,5400,5653.0287676372045,-253.0287676372045
11,Nitratos,M2_Exploratorio_pH_T_Hv,M2,M2_Exploratorio_pH_T_Hv,5900,4989.7800610963905,910.2199389036095
12,Nitratos,M2_Exploratorio_pH_T_Hv,M2,M2_Exploratorio_pH_T_Hv,5400,5079.833537033392,320.1664629666084
13,Nitratos,M2_Exploratorio_pH_T_Hv,M2,M2_Exploratorio_pH_T_Hv,2800,3358.781423762307,-558.781423762307
14,Nitratos,M2_Exploratorio_pH_T_Hv,M2,M2_Exploratorio_pH_T_Hv,4500,4802.832656565136,-302.83265656513595
15,Nitratos,M2_Exploratorio_pH_T_Hv,M2,M2_Exploratorio_pH_T_Hv,4900,4228.551837475558,671.4481625244416
16,Nitratos,M2_Exploratorio_pH_T_Hv,M2,M2_Exploratorio_pH_T_Hv,5300,4077.0967191834884,1222.9032808165116
17,Nitratos,M2_Exploratorio_pH_T_Hv,M2,M2_Exploratorio_pH_T_Hv,5900,5629.305924518734,270.6940754812658
18,Nitratos,M2_Exploratorio_pH_T_Hv,M2,M2_Exploratorio_pH_T_Hv,5200,5575.076511182142,-375.076511182142
19,Nitratos,M2_Exploratorio_pH_T_Hv,M2,M2_Exploratorio_pH_T_Hv,5600,5869.0620417320215,-269.0620417320215
20,Nitratos,M2_Exploratorio_pH_T_Hv,M2,M2_Exploratorio_pH_T_Hv,5700,4145.732963003421,1554.267036996579
21,Nitratos,M2_Exploratorio_pH_T_Hv,M2,M2_Exploratorio_pH_T_Hv,4500,4982.382150901227,-482.38215090122685
22,Nitratos,M2_Exploratorio_pH_T_Hv,M2,M2_Exploratorio_pH_T_Hv,4600,4371.181527074952,228.8184729250479
23,Nitratos,M2_Exploratorio_pH_T_Hv,M2,M2_Exploratorio_pH_T_Hv,5800,5547.78467311812,252.21532688188017
24,Nitratos,M2_Exploratorio_pH_T_Hv,M2,M2_Exploratorio_pH_T_Hv,5600,5160.485195058575,439.5148049414247
25,Nitratos,M2_Exploratorio_pH_T_Hv,M2,M2_Exploratorio_pH_T_Hv,5000,3821.2007174003147,1178.7992825996853
26,Nitratos,M2_Exploratorio_pH_T_Hv,M2,M2_Exploratorio_pH_T_Hv,4600,4792.177398478587,-192.17739847858684
27,Nitratos,M2_Exploratorio_pH_T_Hv,M2,M2_Exploratorio_pH_T_Hv,4000,5164.263237394077,-1164.263237394077
28,Nitratos,M2_Exploratorio_pH_T_Hv,M2,M2_Exploratorio_pH_T_Hv,3600,3167.001315482268,432.9986845177318
29,Nitratos,M2_Exploratorio_pH_T_Hv,M2,M2_Exploratorio_pH_T_Hv,3600,4502.070251604058,-902.0702516040583
30,Nitratos,M2_Exploratorio_pH_T_Hv,M2,M2_Exploratorio_pH_T_Hv,2200,3633.9702569347883,-1433.9702569347883
31,Nitratos,M2_Exploratorio_pH_T_Hv,M2,M2_Exploratorio_pH_T_Hv,5800,4417.45361929534,1382.54638070466
32,Nitratos,M2_Exploratorio_pH_T_Hv,M2,M2_Exploratorio_pH_T_Hv,5200,5115.647312531484,84.3526874685158
33,Nitratos,M2_Exploratorio_pH_T_Hv,M2,M2_Exploratorio_pH_T_Hv,5200,5946.258933365908,-746.258933365908
34,Nitratos,M2_Exploratorio_pH_T_Hv,M2,M2_Exploratorio_pH_T_Hv,5800,6279.176901697467,-479.17690169746675
35,Nitratos,M2_Exploratorio_pH_T_Hv,M2,M2_Exploratorio_pH_T_Hv,5600,4575.505034768146,1024.4949652318537
36,Nitratos,M2_Exploratorio_pH_T_Hv,M2,M2_Exploratorio_pH_T_Hv,4500,4367.503560200455,132.49643979954544
37,Nitratos,M2_Exploratorio_pH_T_Hv,M2,M2_Exploratorio_pH_T_Hv,3700,2781.4420325764468,918.5579674235532
38,Nitratos,M2_Exploratorio_pH_T_Hv,M2,M2_Exploratorio_pH_T_Hv,4000,4148.052707148634,-148.052707148634
39,Nitratos,M2_Exploratorio_pH_T_Hv,M2,M2_Exploratorio_pH_T_Hv,5500,5491.483598718776,8.516401281223807
40,Nitratos,M2_Exploratorio_pH_T_Hv,M2,M2_Exploratorio_pH_T_Hv,6700,5809.80755211447,890.1924478855299
41,Nitratos,M2_Exploratorio_pH_T_Hv,M2,M2_Exploratorio_pH_T_Hv,2900,4337.341409773011,-1437.341409773011
42,Nitratos,M2_Exploratorio_pH_T_Hv,M2,M2_Exploratorio_pH_T_Hv,5400,4224.926884093861,1175.0731159061388
43,Nitratos,M2_Exploratorio_pH_T_Hv,M2,M2_Exploratorio_pH_T_Hv,3400,4933.346184619679,-1533.3461846196788
44,Nitratos,M2_Exploratorio_pH_T_Hv,M2,M2_Exploratorio_pH_T_Hv,4800,4676.258149550833,123.74185044916703
45,Nitratos,M2_Exploratorio_pH_T_Hv,M2,M2_Exploratorio_pH_T_Hv,4400,4156.084434185527,243.91556581447276
46,Nitratos,M2_Exploratorio_pH_T_Hv,M2,M2_Exploratorio_pH_T_Hv,5800,5680.915500628369,119.08449937163095
47,Nitratos,M2_Exploratorio_pH_T_Hv,M2,M2_Exploratorio_pH_T_Hv,4800,5861.845546514656,-1061.8455465146562
48,Nitratos,M2_Exploratorio_pH_T_Hv,M2,M2_Exploratorio_pH_T_Hv,5100,4442.862376581815,657.1376234181853
49,Nitratos,M2_Exploratorio_pH_T_Hv,M2,M2_Exploratorio_pH_T_Hv,4300,5324.38805696575,-1024.3880569657504
50,Nitratos,M2_Exploratorio_pH_T_Hv,M2,M2_Exploratorio_pH_T_Hv,3600,5181.444598088218,-1581.4445980882183
51,Nitratos,M2_Exploratorio_pH_T_Hv,M2,M2_Exploratorio_pH_T_Hv,4800,6280.375578662426,-1480.375578662426
52,Nitratos,M2_Exploratorio_pH_T_Hv,M2,M2_Exploratorio_pH_T_Hv,5900,5503.175465526952,396.8245344730476
53,Nitratos,M2_Exploratorio_pH_T_Hv,M2,M2_Exploratorio_pH_T_Hv,5700,6254.825097479532,-554.8250974795319
54,Nitratos,M2_Exploratorio_pH_T_Hv,M2,M2_Exploratorio_pH_T_Hv,6000,4586.6560941607095,1413.3439058392905
55,Nitratos,M2_Exploratorio_pH_T_Hv,M2,M2_Exploratorio_pH_T_Hv,4800,4728.119041690819,71.88095830918064
56,Nitratos,M2_Exploratorio_pH_T_Hv,M2,M2_Exploratorio_pH_T_Hv,3600,4960.689894999701,-1360.6898949997012
1,Potasio_savia,M0_Repeticion,M0,Diseño_reducido,4100,4269.565217391306,-169.56521739130585
2,Potasio_savia,M0_Repeticion,M0,Diseño_reducido,4100,4269.565217391306,-169.56521739130585
3,Potasio_savia,M0_Repeticion,M0,Diseño_reducido,4200,4265.217391304349,-65.2173913043489
4,Potasio_savia,M0_Repeticion,M0,Diseño_reducido,4400,4256.521739130436,143.4782608695641
5,Potasio_savia,M0_Repeticion,M0,Diseño_reducido,4400,4256.521739130436,143.4782608695641
6,Potasio_savia,M0_Repeticion,M0,Diseño_reducido,4100,4269.565217391306,-169.56521739130585
7,Potasio_savia,M0_Repeticion,M0,Diseño_reducido,4400,4700.000000000002,-300.0000000000018
8,Potasio_savia,M0_Repeticion,M0,Diseño_reducido,4400,4700.000000000002,-300.0000000000018
9,Potasio_savia,M0_Repeticion,M0,Diseño_reducido,4200,4708.695652173912,-508.6956521739121
10,Potasio_savia,M0_Repeticion,M0,Diseño_reducido,4700,4686.956521739132,13.043478260868142
11,Potasio_savia,M0_Repeticion,M0,Diseño_reducido,4500,4695.652173913042,-195.65217391304213
12,Potasio_savia,M0_Repeticion,M0,Diseño_reducido,4900,4678.260869565217,221.73913043478296
13,Potasio_savia,M0_Repeticion,M0,Diseño_reducido,4300,5085.714285714287,-785.7142857142871
14,Potasio_savia,M0_Repeticion,M0,Diseño_reducido,4800,5014.285714285714,-214.28571428571377
15,Potasio_savia,M0_Repeticion,M0,Diseño_reducido,4800,5014.285714285714,-214.28571428571377
16,Potasio_savia,M0_Repeticion,M0,Diseño_reducido,5700,4885.714285714286,814.2857142857138
17,Potasio_savia,M0_Repeticion,M0,Diseño_reducido,4700,4686.956521739132,13.043478260868142
18,Potasio_savia,M0_Repeticion,M0,Diseño_reducido,5600,4647.826086956523,952.1739130434771
19,Potasio_savia,M0_Repeticion,M0,Diseño_reducido,5600,4647.826086956523,952.1739130434771
20,Potasio_savia,M0_Repeticion,M0,Diseño_reducido,5000,4673.913043478262,326.0869565217381
21,Potasio_savia,M0_Repeticion,M0,Diseño_reducido,5600,4647.826086956523,952.1739130434771
22,Potasio_savia,M0_Repeticion,M0,Diseño_reducido,4700,4686.956521739132,13.043478260868142
23,Potasio_savia,M0_Repeticion,M0,Diseño_reducido,4400,4256.521739130436,143.4782608695641
24,Potasio_savia,M0_Repeticion,M0,Diseño_reducido,4400,4256.521739130436,143.4782608695641
25,Potasio_savia,M0_Repeticion,M0,Diseño_reducido,4300,4260.869565217392,39.13043478260806
26,Potasio_savia,M0_Repeticion,M0,Diseño_reducido,4400,4256.521739130436,143.4782608695641
27,Potasio_savia,M0_Repeticion,M0,Diseño_reducido,4200,4265.217391304349,-65.2173913043489
28,Potasio_savia,M0_Repeticion,M0,Diseño_reducido,3200,4308.695652173913,-1108.695652173913
29,Potasio_savia,M0_Repeticion,M0,Diseño_reducido,4100,4269.565217391305,-169.56521739130494
30,Potasio_savia,M0_Repeticion,M0,Diseño_reducido,3700,4286.956521739131,-586.956521739131
31,Potasio_savia,M0_Repeticion,M0,Diseño_reducido,4600,4247.826086956523,352.1739130434771
32,Potasio_savia,M0_Repeticion,M0,Diseño_reducido,4200,4265.217391304349,-65.2173913043489
33,Potasio_savia,M0_Repeticion,M0,Diseño_reducido,4700,4243.478260869564,456.5217391304359
34,Potasio_savia,M0_Repeticion,M0,Diseño_reducido,4400,4256.521739130434,143.47826086956593
35,Potasio_savia,M0_Repeticion,M0,Diseño_reducido,4300,4704.347826086956,-404.34782608695605
36,Potasio_savia,M0_Repeticion,M0,Diseño_reducido,5000,4673.91304347826,326.0869565217399
37,Potasio_savia,M0_Repeticion,M0,Diseño_reducido,5100,4669.565217391303,430.4347826086969
38,Potasio_savia,M0_Repeticion,M0,Diseño_reducido,4300,4704.347826086956,-404.34782608695605
39,Potasio_savia,M0_Repeticion,M0,Diseño_reducido,4000,4717.391304347826,-717.391304347826
40,Potasio_savia,M0_Repeticion,M0,Diseño_reducido,4500,4695.652173913042,-195.65217391304213
41,Potasio_savia,M0_Repeticion,M0,Diseño_reducido,5200,4957.142857142857,242.85714285714312
42,Potasio_savia,M0_Repeticion,M0,Diseño_reducido,5100,4971.428571428571,128.57142857142935
43,Potasio_savia,M0_Repeticion,M0,Diseño_reducido,5000,4985.714285714285,14.285714285714675
44,Potasio_savia,M0_Repeticion,M0,Diseño_reducido,5000,4985.714285714285,14.285714285714675
45,Potasio_savia,M0_Repeticion,M0,Diseño_reducido,4300,4704.347826086956,-404.34782608695605
46,Potasio_savia,M0_Repeticion,M0,Diseño_reducido,4400,4699.999999999999,-299.9999999999991
47,Potasio_savia,M0_Repeticion,M0,Diseño_reducido,4600,4691.304347826087,-91.304347826087
48,Potasio_savia,M0_Repeticion,M0,Diseño_reducido,4300,4704.347826086956,-404.34782608695605
49,Potasio_savia,M0_Repeticion,M0,Diseño_reducido,4800,4682.608695652173,117.39130434782692
50,Potasio_savia,M0_Repeticion,M0,Diseño_reducido,4600,4691.304347826087,-91.304347826087
51,Potasio_savia,M0_Repeticion,M0,Diseño_reducido,3800,4282.608695652174,-482.608695652174
52,Potasio_savia,M0_Repeticion,M0,Diseño_reducido,4300,4260.869565217392,39.13043478260806
53,Potasio_savia,M0_Repeticion,M0,Diseño_reducido,4800,4239.130434782608,560.8695652173919
54,Potasio_savia,M0_Repeticion,M0,Diseño_reducido,4800,4239.130434782608,560.8695652173919
55,Potasio_savia,M0_Repeticion,M0,Diseño_reducido,4900,4234.782608695652,665.217391304348
56,Potasio_savia,M0_Repeticion,M0,Diseño_reducido,3800,4282.608695652174,-482.608695652174
1,Potasio_savia,M1_Tratamientos,M1,Diseño_completo,4100,3852.9411764705897,247.05882352941035
2,Potasio_savia,M1_Tratamientos,M1,Diseño_completo,4100,4382.352941176472,-282.3529411764721
3,Potasio_savia,M1_Tratamientos,M1,Diseño_completo,4200,4348.753462603878,-148.75346260387778
4,Potasio_savia,M1_Tratamientos,M1,Diseño_completo,4400,4488.919667590027,-88.91966759002662
5,Potasio_savia,M1_Tratamientos,M1,Diseño_completo,4400,4196.398891966759,203.60110803324096
6,Potasio_savia,M1_Tratamientos,M1,Diseño_completo,4100,4109.141274238227,-9.141274238227197
7,Potasio_savia,M1_Tratamientos,M1,Diseño_completo,4400,4847.922437673131,-447.92243767313084
8,Potasio_savia,M1_Tratamientos,M1,Diseño_completo,4400,4329.411764705885,70.5882352941153
9,Potasio_savia,M1_Tratamientos,M1,Diseño_completo,4200,4249.0304709141255,-49.030470914125544
10,Potasio_savia,M1_Tratamientos,M1,Diseño_completo,4700,4955.124653739611,-255.12465373961095
11,Potasio_savia,M1_Tratamientos,M1,Diseño_completo,4500,4595.567867036009,-95.56786703600937
12,Potasio_savia,M1_Tratamientos,M1,Diseño_completo,4900,4829.411764705881,70.58823529411893
13,Potasio_savia,M1_Tratamientos,M1,Diseño_completo,4300,4660.714285714286,-360.71428571428623
14,Potasio_savia,M1_Tratamientos,M1,Diseño_completo,4800,5703.5714285714275,-903.5714285714275
15,Potasio_savia,M1_Tratamientos,M1,Diseño_completo,4800,4817.857142857142,-17.857142857142208
16,Potasio_savia,M1_Tratamientos,M1,Diseño_completo,5700,4775,925
17,Potasio_savia,M1_Tratamientos,M1,Diseño_completo,4700,4662.603878116343,37.39612188365663
18,Potasio_savia,M1_Tratamientos,M1,Diseño_completo,5600,4791.412742382271,808.5872576177289
19,Potasio_savia,M1_Tratamientos,M1,Diseño_completo,5600,5057.340720221606,542.6592797783942
20,Potasio_savia,M1_Tratamientos,M1,Diseño_completo,5000,4399.999999999999,600.0000000000009
21,Potasio_savia,M1_Tratamientos,M1,Diseño_completo,5600,4957.617728531857,642.3822714681428
22,Potasio_savia,M1_Tratamientos,M1,Diseño_completo,4700,4988.36565096953,-288.3656509695302
23,Potasio_savia,M1_Tratamientos,M1,Diseño_completo,4400,4382.548476454294,17.45152354570564
24,Potasio_savia,M1_Tratamientos,M1,Diseño_completo,4400,4435.2941176470595,-35.294117647059466
25,Potasio_savia,M1_Tratamientos,M1,Diseño_completo,4300,3750.692520775622,549.3074792243779
26,Potasio_savia,M1_Tratamientos,M1,Diseño_completo,4400,4047.0588235294117,352.9411764705883
27,Potasio_savia,M1_Tratamientos,M1,Diseño_completo,4200,4162.603878116344,37.396121883655724
28,Potasio_savia,M1_Tratamientos,M1,Diseño_completo,3200,4306.0941828254845,-1106.0941828254845
29,Potasio_savia,M1_Tratamientos,M1,Diseño_completo,4100,4452.941176470588,-352.9411764705883
30,Potasio_savia,M1_Tratamientos,M1,Diseño_completo,3700,3848.753462603878,-148.75346260387778
31,Potasio_savia,M1_Tratamientos,M1,Diseño_completo,4600,4456.232686980611,143.7673130193889
32,Potasio_savia,M1_Tratamientos,M1,Diseño_completo,4200,3917.6470588235316,282.35294117646845
33,Potasio_savia,M1_Tratamientos,M1,Diseño_completo,4700,3964.5429362880886,735.4570637119114
34,Potasio_savia,M1_Tratamientos,M1,Diseño_completo,4400,4887.811634349029,-487.8116343490292
35,Potasio_savia,M1_Tratamientos,M1,Diseño_completo,4300,4694.736842105263,-394.73684210526335
36,Potasio_savia,M1_Tratamientos,M1,Diseño_completo,5000,4682.352941176468,317.64705882353155
37,Potasio_savia,M1_Tratamientos,M1,Diseño_completo,5100,4244.875346260385,855.1246537396146
38,Potasio_savia,M1_Tratamientos,M1,Diseño_completo,4300,4608.3102493074775,-308.31024930747753
39,Potasio_savia,M1_Tratamientos,M1,Diseño_completo,4000,4600,-600
40,Potasio_savia,M1_Tratamientos,M1,Diseño_completo,4500,4923.5294117647045,-423.5294117647045
41,Potasio_savia,M1_Tratamientos,M1,Diseño_completo,5200,4589.285714285713,610.7142857142871
42,Potasio_savia,M1_Tratamientos,M1,Diseño_completo,5100,5146.42857142857,-46.42857142856974
43,Potasio_savia,M1_Tratamientos,M1,Diseño_completo,5000,5332.142857142857,-332.1428571428569
44,Potasio_savia,M1_Tratamientos,M1,Diseño_completo,5000,4875.000000000001,124.99999999999909
45,Potasio_savia,M1_Tratamientos,M1,Diseño_completo,4300,4315.789473684208,-15.789473684208133
46,Potasio_savia,M1_Tratamientos,M1,Diseño_completo,4400,4752.941176470587,-352.9411764705874
47,Potasio_savia,M1_Tratamientos,M1,Diseño_completo,4600,4881.717451523545,-281.7174515235447
48,Potasio_savia,M1_Tratamientos,M1,Diseño_completo,4300,4561.772853185594,-261.7728531855937
49,Potasio_savia,M1_Tratamientos,M1,Diseño_completo,4800,4694.117647058823,105.88235294117658
50,Potasio_savia,M1_Tratamientos,M1,Diseño_completo,4600,4888.365650969528,-288.36565096952836
51,Potasio_savia,M1_Tratamientos,M1,Diseño_completo,3800,4399.999999999999,-599.9999999999991
52,Potasio_savia,M1_Tratamientos,M1,Diseño_completo,4300,4654.847645429362,-354.8476454293623
53,Potasio_savia,M1_Tratamientos,M1,Diseño_completo,4800,4199.999999999998,600.0000000000018
54,Potasio_savia,M1_Tratamientos,M1,Diseño_completo,4800,4656.232686980608,143.76731301939162
55,Potasio_savia,M1_Tratamientos,M1,Diseño_completo,4900,4224.376731301939,675.6232686980611
56,Potasio_savia,M1_Tratamientos,M1,Diseño_completo,3800,4161.495844875346,-361.49584487534594
1,Potasio_savia,M2_CE_original,M2,M2_CE_original,4100,3685.672956871285,414.3270431287151
2,Potasio_savia,M2_CE_original,M2,M2_CE_original,4100,4244.772838345392,-144.7728383453923
3,Potasio_savia,M2_CE_original,M2,M2_CE_original,4200,4246.449481836992,-46.44948183699216
4,Potasio_savia,M2_CE_original,M2,M2_CE_original,4400,4401.90271797754,-1.9027179775403056
5,Potasio_savia,M2_CE_original,M2,M2_CE_original,4400,4127.793636928171,272.2063630718294
6,Potasio_savia,M2_CE_original,M2,M2_CE_original,4100,4424.432535729803,-324.432535729803
7,Potasio_savia,M2_CE_original,M2,M2_CE_original,4400,4884.099824051465,-484.09982405146457
8,Potasio_savia,M2_CE_original,M2,M2_CE_original,4400,4463.69192140882,-63.691921408820235
9,Potasio_savia,M2_CE_original,M2,M2_CE_original,4200,4546.19509364765,-346.1950936476496
10,Potasio_savia,M2_CE_original,M2,M2_CE_original,4700,5089.129169316466,-389.1291693164658
11,Potasio_savia,M2_CE_original,M2,M2_CE_original,4500,4728.242119731827,-228.2421197318272
12,Potasio_savia,M2_CE_original,M2,M2_CE_original,4900,4991.911675439305,-91.91167543930533
13,Potasio_savia,M2_CE_original,M2,M2_CE_original,4300,4939.345471923558,-639.3454719235579
14,Potasio_savia,M2_CE_original,M2,M2_CE_original,4800,5625.020642196849,-825.0206421968487
15,Potasio_savia,M2_CE_original,M2,M2_CE_original,4800,4756.549423006674,43.45057699332574
16,Potasio_savia,M2_CE_original,M2,M2_CE_original,5700,4885.355702161858,814.6442978381419
17,Potasio_savia,M2_CE_original,M2,M2_CE_original,4700,4859.454824459216,-159.45482445921607
18,Potasio_savia,M2_CE_original,M2,M2_CE_original,5600,4770.292861621297,829.7071383787033
19,Potasio_savia,M2_CE_original,M2,M2_CE_original,5600,5007.045057870736,592.954942129264
20,Potasio_savia,M2_CE_original,M2,M2_CE_original,5000,4713.498989527216,286.5010104727844
21,Potasio_savia,M2_CE_original,M2,M2_CE_original,5600,4929.322794805819,670.6772051941807
22,Potasio_savia,M2_CE_original,M2,M2_CE_original,4700,4952.659905251546,-252.65990525154575
23,Potasio_savia,M2_CE_original,M2,M2_CE_original,4400,4583.733135433978,-183.73313543397762
24,Potasio_savia,M2_CE_original,M2,M2_CE_original,4400,4412.863325906669,-12.86332590666916
25,Potasio_savia,M2_CE_original,M2,M2_CE_original,4300,3594.642356070892,705.3576439291078
26,Potasio_savia,M2_CE_original,M2,M2_CE_original,4400,3994.531617868801,405.4683821311992
27,Potasio_savia,M2_CE_original,M2,M2_CE_original,4200,4075.099758381595,124.90024161840483
28,Potasio_savia,M2_CE_original,M2,M2_CE_original,3200,4115.581244298477,-915.581244298477
29,Potasio_savia,M2_CE_original,M2,M2_CE_original,4100,4352.9381224698955,-252.93812246989546
30,Potasio_savia,M2_CE_original,M2,M2_CE_original,3700,3778.0503777444737,-78.05037774447374
31,Potasio_savia,M2_CE_original,M2,M2_CE_original,4600,4553.850698544723,46.149301455277055
32,Potasio_savia,M2_CE_original,M2,M2_CE_original,4200,4169.672654109391,30.32734589060874
33,Potasio_savia,M2_CE_original,M2,M2_CE_original,4700,3920.4943810852164,779.5056189147836
34,Potasio_savia,M2_CE_original,M2,M2_CE_original,4400,5024.973735723477,-624.9737357234771
35,Potasio_savia,M2_CE_original,M2,M2_CE_original,4300,4613.087313977004,-313.08731397700376
36,Potasio_savia,M2_CE_original,M2,M2_CE_original,5000,4622.030465338988,377.9695346610124
37,Potasio_savia,M2_CE_original,M2,M2_CE_original,5100,4416.1313178122555,683.8686821877445
38,Potasio_savia,M2_CE_original,M2,M2_CE_original,4300,4409.569819096598,-109.56981909659771
39,Potasio_savia,M2_CE_original,M2,M2_CE_original,4000,4397.335265097597,-397.3352650975967
40,Potasio_savia,M2_CE_original,M2,M2_CE_original,4500,4897.891352347496,-397.89135234749574
41,Potasio_savia,M2_CE_original,M2,M2_CE_original,5200,4369.114183010863,830.8858169891373
42,Potasio_savia,M2_CE_original,M2,M2_CE_original,5100,5148.255367297286,-48.255367297286284
43,Potasio_savia,M2_CE_original,M2,M2_CE_original,5000,5229.136793208597,-229.13679320859683
44,Potasio_savia,M2_CE_original,M2,M2_CE_original,5000,4957.092367206758,42.907632793241646
45,Potasio_savia,M2_CE_original,M2,M2_CE_original,4300,3996.41377370194,303.58622629805996
46,Potasio_savia,M2_CE_original,M2,M2_CE_original,4400,4430.149003826213,-30.14900382621272
47,Potasio_savia,M2_CE_original,M2,M2_CE_original,4600,4651.504002039585,-51.50400203958543
48,Potasio_savia,M2_CE_original,M2,M2_CE_original,4300,4690.819181991109,-390.81918199110896
49,Potasio_savia,M2_CE_original,M2,M2_CE_original,4800,4609.1466068282825,190.85339317171747
50,Potasio_savia,M2_CE_original,M2,M2_CE_original,4600,4727.66677059425,-127.66677059425001
51,Potasio_savia,M2_CE_original,M2,M2_CE_original,3800,4435.7150974978795,-635.7150974978795
52,Potasio_savia,M2_CE_original,M2,M2_CE_original,4300,4711.785484393848,-411.7854843938476
53,Potasio_savia,M2_CE_original,M2,M2_CE_original,4800,4437.488007667956,362.51199233204443
54,Potasio_savia,M2_CE_original,M2,M2_CE_original,4800,4731.919879144388,68.08012085561222
55,Potasio_savia,M2_CE_original,M2,M2_CE_original,4900,4341.106148389801,558.8938516101989
56,Potasio_savia,M2_CE_original,M2,M2_CE_original,3800,4027.7975023685467,-227.7975023685467
1,Potasio_savia,M2_CE_corregida,M2,M2_CE_corregida,4100,3685.6729568712744,414.32704312872556
2,Potasio_savia,M2_CE_corregida,M2,M2_CE_corregida,4100,4244.772838345377,-144.77283834537684
3,Potasio_savia,M2_CE_corregida,M2,M2_CE_corregida,4200,4246.449481836986,-46.4494818369858
4,Potasio_savia,M2_CE_corregida,M2,M2_CE_corregida,4400,4401.902717977534,-1.9027179775339391
5,Potasio_savia,M2_CE_corregida,M2,M2_CE_corregida,4400,4127.793636928177,272.20636307182303
6,Potasio_savia,M2_CE_corregida,M2,M2_CE_corregida,4100,4424.432535729786,-324.43253572978574
7,Potasio_savia,M2_CE_corregida,M2,M2_CE_corregida,4400,4884.099824051475,-484.09982405147457
8,Potasio_savia,M2_CE_corregida,M2,M2_CE_corregida,4400,4463.691921408828,-63.69192140882842
9,Potasio_savia,M2_CE_corregida,M2,M2_CE_corregida,4200,4546.195093647655,-346.1950936476551
10,Potasio_savia,M2_CE_corregida,M2,M2_CE_corregida,4700,5089.129169316481,-389.12916931648124
11,Potasio_savia,M2_CE_corregida,M2,M2_CE_corregida,4500,4728.242119731824,-228.24211973182355
12,Potasio_savia,M2_CE_corregida,M2,M2_CE_corregida,4900,4991.911675439307,-91.91167543930715
13,Potasio_savia,M2_CE_corregida,M2,M2_CE_corregida,4300,4939.345471923553,-639.3454719235533
14,Potasio_savia,M2_CE_corregida,M2,M2_CE_corregida,4800,5625.020642196853,-825.0206421968533
15,Potasio_savia,M2_CE_corregida,M2,M2_CE_corregida,4800,4756.549423006678,43.4505769933221
16,Potasio_savia,M2_CE_corregida,M2,M2_CE_corregida,5700,4885.355702161859,814.644297838141
17,Potasio_savia,M2_CE_corregida,M2,M2_CE_corregida,4700,4859.454824459197,-159.45482445919697
18,Potasio_savia,M2_CE_corregida,M2,M2_CE_corregida,5600,4770.292861621292,829.7071383787079
19,Potasio_savia,M2_CE_corregida,M2,M2_CE_corregida,5600,5007.04505787073,592.9549421292704
20,Potasio_savia,M2_CE_corregida,M2,M2_CE_corregida,5000,4713.498989527203,286.50101047279713
21,Potasio_savia,M2_CE_corregida,M2,M2_CE_corregida,5600,4929.3227948058175,670.6772051941825
22,Potasio_savia,M2_CE_corregida,M2,M2_CE_corregida,4700,4952.659905251545,-252.65990525154484
23,Potasio_savia,M2_CE_corregida,M2,M2_CE_corregida,4400,4583.733135433976,-183.7331354339758
24,Potasio_savia,M2_CE_corregida,M2,M2_CE_corregida,4400,4412.863325906664,-12.863325906663704
25,Potasio_savia,M2_CE_corregida,M2,M2_CE_corregida,4300,3594.6423560708995,705.3576439291005
26,Potasio_savia,M2_CE_corregida,M2,M2_CE_corregida,4400,3994.531617868816,405.46838213118417
27,Potasio_savia,M2_CE_corregida,M2,M2_CE_corregida,4200,4075.0997583816093,124.90024161839074
28,Potasio_savia,M2_CE_corregida,M2,M2_CE_corregida,3200,4115.581244298484,-915.5812442984843
29,Potasio_savia,M2_CE_corregida,M2,M2_CE_corregida,4100,4352.938122469898,-252.9381224698982
30,Potasio_savia,M2_CE_corregida,M2,M2_CE_corregida,3700,3778.0503777444765,-78.05037774447646
31,Potasio_savia,M2_CE_corregida,M2,M2_CE_corregida,4600,4553.850698544733,46.14930145526705
32,Potasio_savia,M2_CE_corregida,M2,M2_CE_corregida,4200,4169.672654109384,30.327345890616016
33,Potasio_savia,M2_CE_corregida,M2,M2_CE_corregida,4700,3920.494381085223,779.5056189147772
34,Potasio_savia,M2_CE_corregida,M2,M2_CE_corregida,4400,5024.973735723475,-624.9737357234753
35,Potasio_savia,M2_CE_corregida,M2,M2_CE_corregida,4300,4613.087313977019,-313.0873139770192
36,Potasio_savia,M2_CE_corregida,M2,M2_CE_corregida,5000,4622.030465338982,377.96953466101786
37,Potasio_savia,M2_CE_corregida,M2,M2_CE_corregida,5100,4416.131317812243,683.8686821877573
38,Potasio_savia,M2_CE_corregida,M2,M2_CE_corregida,4300,4409.569819096604,-109.56981909660408
39,Potasio_savia,M2_CE_corregida,M2,M2_CE_corregida,4000,4397.335265097609,-397.3352650976094
40,Potasio_savia,M2_CE_corregida,M2,M2_CE_corregida,4500,4897.891352347501,-397.8913523475012
41,Potasio_savia,M2_CE_corregida,M2,M2_CE_corregida,5200,4369.114183010883,830.8858169891173
42,Potasio_savia,M2_CE_corregida,M2,M2_CE_corregida,5100,5148.25536729729,-48.25536729728992
43,Potasio_savia,M2_CE_corregida,M2,M2_CE_corregida,5000,5229.136793208592,-229.13679320859228
44,Potasio_savia,M2_CE_corregida,M2,M2_CE_corregida,5000,4957.092367206739,42.907632793260746
45,Potasio_savia,M2_CE_corregida,M2,M2_CE_corregida,4300,3996.413773701929,303.58622629807087
46,Potasio_savia,M2_CE_corregida,M2,M2_CE_corregida,4400,4430.149003826212,-30.14900382621181
47,Potasio_savia,M2_CE_corregida,M2,M2_CE_corregida,4600,4651.504002039586,-51.50400203958634
48,Potasio_savia,M2_CE_corregida,M2,M2_CE_corregida,4300,4690.819181991101,-390.8191819911008
49,Potasio_savia,M2_CE_corregida,M2,M2_CE_corregida,4800,4609.146606828284,190.85339317171565
50,Potasio_savia,M2_CE_corregida,M2,M2_CE_corregida,4600,4727.666770594242,-127.66677059424183
51,Potasio_savia,M2_CE_corregida,M2,M2_CE_corregida,3800,4435.715097497878,-635.7150974978777
52,Potasio_savia,M2_CE_corregida,M2,M2_CE_corregida,4300,4711.78548439385,-411.7854843938503
53,Potasio_savia,M2_CE_corregida,M2,M2_CE_corregida,4800,4437.488007667959,362.5119923320408
54,Potasio_savia,M2_CE_corregida,M2,M2_CE_corregida,4800,4731.919879144389,68.08012085561131
55,Potasio_savia,M2_CE_corregida,M2,M2_CE_corregida,4900,4341.106148389798,558.8938516102016
56,Potasio_savia,M2_CE_corregida,M2,M2_CE_corregida,3800,4027.797502368545,-227.79750236854488
1,Potasio_savia,M2_Indice_N,M2,M2_Indice_N,4100,3701.818571849104,398.18142815089595
2,Potasio_savia,M2_Indice_N,M2,M2_Indice_N,4100,4247.346333542209,-147.34633354220932
3,Potasio_savia,M2_Indice_N,M2,M2_Indice_N,4200,4250.902192398108,-50.90219239810813
4,Potasio_savia,M2_Indice_N,M2,M2_Indice_N,4400,4407.932825038289,-7.932825038288684
5,Potasio_savia,M2_Indice_N,M2,M2_Indice_N,4400,4136.046242118682,263.95375788131787
6,Potasio_savia,M2_Indice_N,M2,M2_Indice_N,4100,4398.257116635204,-298.2571166352036
7,Potasio_savia,M2_Indice_N,M2,M2_Indice_N,4400,4873.562050007351,-473.562050007351
8,Potasio_savia,M2_Indice_N,M2,M2_Indice_N,4400,4474.514025600277,-74.51402560027691
9,Potasio_savia,M2_Indice_N,M2,M2_Indice_N,4200,4570.283914218009,-370.28391421800916
10,Potasio_savia,M2_Indice_N,M2,M2_Indice_N,4700,5097.937319556774,-397.9373195567741
11,Potasio_savia,M2_Indice_N,M2,M2_Indice_N,4500,4718.562234177639,-218.56223417763886
12,Potasio_savia,M2_Indice_N,M2,M2_Indice_N,4900,4994.88953846382,-94.88953846381992
13,Potasio_savia,M2_Indice_N,M2,M2_Indice_N,4300,4933.228426709975,-633.2284267099749
14,Potasio_savia,M2_Indice_N,M2,M2_Indice_N,4800,5616.754595399019,-816.7545953990193
15,Potasio_savia,M2_Indice_N,M2,M2_Indice_N,4800,4755.631176469894,44.368823530106056
16,Potasio_savia,M2_Indice_N,M2,M2_Indice_N,5700,4890.230882882777,809.7691171172228
17,Potasio_savia,M2_Indice_N,M2,M2_Indice_N,4700,4860.037963031832,-160.03796303183208
18,Potasio_savia,M2_Indice_N,M2,M2_Indice_N,5600,4765.943562936978,834.0564370630218
19,Potasio_savia,M2_Indice_N,M2,M2_Indice_N,5600,5013.296510638914,586.7034893610862
20,Potasio_savia,M2_Indice_N,M2,M2_Indice_N,5000,4727.223306959724,272.77669304027586
21,Potasio_savia,M2_Indice_N,M2,M2_Indice_N,5600,4934.122535523187,665.8774644768127
22,Potasio_savia,M2_Indice_N,M2,M2_Indice_N,4700,4943.865999583566,-243.865999583566
23,Potasio_savia,M2_Indice_N,M2,M2_Indice_N,4400,4580.2965039810415,-180.2965039810415
24,Potasio_savia,M2_Indice_N,M2,M2_Indice_N,4400,4414.647676918029,-14.647676918028992
25,Potasio_savia,M2_Indice_N,M2,M2_Indice_N,4300,3597.908652792138,702.0913472078619
26,Potasio_savia,M2_Indice_N,M2,M2_Indice_N,4400,3984.789563561916,415.2104364380839
27,Potasio_savia,M2_Indice_N,M2,M2_Indice_N,4200,4065.192841449358,134.80715855064182
28,Potasio_savia,M2_Indice_N,M2,M2_Indice_N,3200,4124.8742541969805,-924.8742541969805
29,Potasio_savia,M2_Indice_N,M2,M2_Indice_N,4100,4351.049457269287,-251.0494572692869
30,Potasio_savia,M2_Indice_N,M2,M2_Indice_N,3700,3766.4310809653825,-66.43108096538253
31,Potasio_savia,M2_Indice_N,M2,M2_Indice_N,4600,4550.158139670568,49.841860329432166
32,Potasio_savia,M2_Indice_N,M2,M2_Indice_N,4200,4160.739609715485,39.26039028451487
33,Potasio_savia,M2_Indice_N,M2,M2_Indice_N,4700,3931.9150063755174,768.0849936244826
34,Potasio_savia,M2_Indice_N,M2,M2_Indice_N,4400,5036.074330562632,-636.074330562632
35,Potasio_savia,M2_Indice_N,M2,M2_Indice_N,4300,4616.848890529282,-316.84889052928156
36,Potasio_savia,M2_Indice_N,M2,M2_Indice_N,5000,4619.166734391838,380.83326560816204
37,Potasio_savia,M2_Indice_N,M2,M2_Indice_N,5100,4415.068545704879,684.9314542951206
38,Potasio_savia,M2_Indice_N,M2,M2_Indice_N,4300,4413.076986081288,-113.07698608128794
39,Potasio_savia,M2_Indice_N,M2,M2_Indice_N,4000,4383.447053816433,-383.44705381643325
40,Potasio_savia,M2_Indice_N,M2,M2_Indice_N,4500,4900.496043608193,-400.49604360819285
41,Potasio_savia,M2_Indice_N,M2,M2_Indice_N,5200,4372.050865669776,827.9491343302243
42,Potasio_savia,M2_Indice_N,M2,M2_Indice_N,5100,5148.9690274620125,-48.96902746201249
43,Potasio_savia,M2_Indice_N,M2,M2_Indice_N,5000,5237.799680141548,-237.79968014154838
44,Potasio_savia,M2_Indice_N,M2,M2_Indice_N,5000,4954.251625511432,45.748374488567606
45,Potasio_savia,M2_Indice_N,M2,M2_Indice_N,4300,3989.518738575207,310.48126142479305
46,Potasio_savia,M2_Indice_N,M2,M2_Indice_N,4400,4414.826251278308,-14.826251278307609
47,Potasio_savia,M2_Indice_N,M2,M2_Indice_N,4600,4654.972890263996,-54.972890263996305
48,Potasio_savia,M2_Indice_N,M2,M2_Indice_N,4300,4683.308461708326,-383.3084617083259
49,Potasio_savia,M2_Indice_N,M2,M2_Indice_N,4800,4610.1835918482375,189.81640815176252
50,Potasio_savia,M2_Indice_N,M2,M2_Indice_N,4600,4726.871315729284,-126.8713157292841
51,Potasio_savia,M2_Indice_N,M2,M2_Indice_N,3800,4444.847796979527,-644.8477969795267
52,Potasio_savia,M2_Indice_N,M2,M2_Indice_N,4300,4720.384579720829,-420.3845797208287
53,Potasio_savia,M2_Indice_N,M2,M2_Indice_N,4800,4432.069727034393,367.9302729656074
54,Potasio_savia,M2_Indice_N,M2,M2_Indice_N,4800,4721.07298338583,78.92701661416959
55,Potasio_savia,M2_Indice_N,M2,M2_Indice_N,4900,4329.070127907571,570.9298720924289
56,Potasio_savia,M2_Indice_N,M2,M2_Indice_N,3800,4032.5744893873107,-232.57448938731068
1,Potasio_savia,M2_Indice_P,M2,M2_Indice_P,4100,3684.2399835455185,415.7600164544815
2,Potasio_savia,M2_Indice_P,M2,M2_Indice_P,4100,4243.130215085523,-143.13021508552265
3,Potasio_savia,M2_Indice_P,M2,M2_Indice_P,4200,4253.178139110156,-53.178139110155826
4,Potasio_savia,M2_Indice_P,M2,M2_Indice_P,4400,4392.845446985858,7.154553014142039
5,Potasio_savia,M2_Indice_P,M2,M2_Indice_P,4400,4127.898639678627,272.10136032137325
6,Potasio_savia,M2_Indice_P,M2,M2_Indice_P,4100,4416.398393379206,-316.398393379206
7,Potasio_savia,M2_Indice_P,M2,M2_Indice_P,4400,4874.827522112663,-474.82752211266325
8,Potasio_savia,M2_Indice_P,M2,M2_Indice_P,4400,4470.706389210251,-70.70638921025056
9,Potasio_savia,M2_Indice_P,M2,M2_Indice_P,4200,4549.34500459365,-349.3450045936497
10,Potasio_savia,M2_Indice_P,M2,M2_Indice_P,4700,5095.035124958825,-395.0351249588248
11,Potasio_savia,M2_Indice_P,M2,M2_Indice_P,4500,4730.86713429818,-230.86713429817974
12,Potasio_savia,M2_Indice_P,M2,M2_Indice_P,4900,4998.123455042281,-98.12345504228142
13,Potasio_savia,M2_Indice_P,M2,M2_Indice_P,4300,4945.609647834202,-645.6096478342024
14,Potasio_savia,M2_Indice_P,M2,M2_Indice_P,4800,5623.884055060625,-823.8840550606246
15,Potasio_savia,M2_Indice_P,M2,M2_Indice_P,4800,4749.361550418767,50.638449581232635
16,Potasio_savia,M2_Indice_P,M2,M2_Indice_P,5700,4889.964237299779,810.0357627002213
17,Potasio_savia,M2_Indice_P,M2,M2_Indice_P,4700,4862.411998556224,-162.4119985562238
18,Potasio_savia,M2_Indice_P,M2,M2_Indice_P,5600,4771.197055200748,828.8029447992521
19,Potasio_savia,M2_Indice_P,M2,M2_Indice_P,5600,5012.689056390838,587.3109436091618
20,Potasio_savia,M2_Indice_P,M2,M2_Indice_P,5000,4721.1867517208775,278.8132482791225
21,Potasio_savia,M2_Indice_P,M2,M2_Indice_P,5600,4933.4047112447015,666.5952887552985
22,Potasio_savia,M2_Indice_P,M2,M2_Indice_P,4700,4950.039275319089,-250.03927531908903
23,Potasio_savia,M2_Indice_P,M2,M2_Indice_P,4400,4581.885545039445,-181.88554503944488
24,Potasio_savia,M2_Indice_P,M2,M2_Indice_P,4400,4416.541616568925,-16.541616568924837
25,Potasio_savia,M2_Indice_P,M2,M2_Indice_P,4300,3589.73881639629,710.2611836037099
26,Potasio_savia,M2_Indice_P,M2,M2_Indice_P,4400,4001.013260383322,398.9867396166778
27,Potasio_savia,M2_Indice_P,M2,M2_Indice_P,4200,4069.106622979238,130.89337702076182
28,Potasio_savia,M2_Indice_P,M2,M2_Indice_P,3200,4110.027391053043,-910.0273910530432
29,Potasio_savia,M2_Indice_P,M2,M2_Indice_P,4100,4353.701893489116,-253.70189348911572
30,Potasio_savia,M2_Indice_P,M2,M2_Indice_P,3700,3776.668327313616,-76.66832731361592
31,Potasio_savia,M2_Indice_P,M2,M2_Indice_P,4600,4546.14802537731,53.85197462269025
32,Potasio_savia,M2_Indice_P,M2,M2_Indice_P,4200,4185.506117871334,14.493882128665973
33,Potasio_savia,M2_Indice_P,M2,M2_Indice_P,4700,3923.115329496464,776.8846705035362
34,Potasio_savia,M2_Indice_P,M2,M2_Indice_P,4400,5015.224564397462,-615.224564397462
35,Potasio_savia,M2_Indice_P,M2,M2_Indice_P,4300,4617.835337330962,-317.8353373309619
36,Potasio_savia,M2_Indice_P,M2,M2_Indice_P,5000,4610.524110898062,389.47588910193826
37,Potasio_savia,M2_Indice_P,M2,M2_Indice_P,5100,4425.615099852581,674.3849001474191
38,Potasio_savia,M2_Indice_P,M2,M2_Indice_P,4300,4409.724511212621,-109.72451121262111
39,Potasio_savia,M2_Indice_P,M2,M2_Indice_P,4000,4381.263890861634,-381.2638908616336
40,Potasio_savia,M2_Indice_P,M2,M2_Indice_P,4500,4896.6610125524085,-396.66101255240847
41,Potasio_savia,M2_Indice_P,M2,M2_Indice_P,5200,4374.940204771079,825.0597952289208
42,Potasio_savia,M2_Indice_P,M2,M2_Indice_P,5100,5146.07193183127,-46.071931831270376
43,Potasio_savia,M2_Indice_P,M2,M2_Indice_P,5000,5227.184956214978,-227.18495621497823
44,Potasio_savia,M2_Indice_P,M2,M2_Indice_P,5000,4955.10075885576,44.89924114423957
45,Potasio_savia,M2_Indice_P,M2,M2_Indice_P,4300,3994.01433520923,305.98566479077
46,Potasio_savia,M2_Indice_P,M2,M2_Indice_P,4400,4417.105058105804,-17.105058105804346
47,Potasio_savia,M2_Indice_P,M2,M2_Indice_P,4600,4650.256423250975,-50.256423250974876
48,Potasio_savia,M2_Indice_P,M2,M2_Indice_P,4300,4695.095406792872,-395.0954067928724
49,Potasio_savia,M2_Indice_P,M2,M2_Indice_P,4800,4601.441199463553,198.55880053644705
50,Potasio_savia,M2_Indice_P,M2,M2_Indice_P,4600,4730.427855845224,-130.42785584522426
51,Potasio_savia,M2_Indice_P,M2,M2_Indice_P,3800,4434.473140075841,-634.473140075841
52,Potasio_savia,M2_Indice_P,M2,M2_Indice_P,4300,4723.118676602685,-423.1186766026849
53,Potasio_savia,M2_Indice_P,M2,M2_Indice_P,4800,4447.43426028779,352.5657397122104
54,Potasio_savia,M2_Indice_P,M2,M2_Indice_P,4800,4731.6926566467055,68.30734335329453
55,Potasio_savia,M2_Indice_P,M2,M2_Indice_P,4900,4343.636221838135,556.3637781618654
56,Potasio_savia,M2_Indice_P,M2,M2_Indice_P,3800,4025.656735503436,-225.6567355034358
1,Potasio_savia,M2_Indice_K,M2,M2_Indice_K,4100,3680.4919086021537,419.50809139784633
2,Potasio_savia,M2_Indice_K,M2,M2_Indice_K,4100,4239.985769366068,-139.98576936606787
3,Potasio_savia,M2_Indice_K,M2,M2_Indice_K,4200,4251.352758199137,-51.35275819913659
4,Potasio_savia,M2_Indice_K,M2,M2_Indice_K,4400,4404.180487790259,-4.180487790258667
5,Potasio_savia,M2_Indice_K,M2,M2_Indice_K,4400,4135.337473606658,264.662526393342
6,Potasio_savia,M2_Indice_K,M2,M2_Indice_K,4100,4429.698131080395,-329.6981310803949
7,Potasio_savia,M2_Indice_K,M2,M2_Indice_K,4400,4883.444783957901,-483.44478395790065
8,Potasio_savia,M2_Indice_K,M2,M2_Indice_K,4400,4467.2831951181015,-67.2831951181015
9,Potasio_savia,M2_Indice_K,M2,M2_Indice_K,4200,4548.771344472291,-348.7713444722913
10,Potasio_savia,M2_Indice_K,M2,M2_Indice_K,4700,5081.153058009574,-381.1530580095741
11,Potasio_savia,M2_Indice_K,M2,M2_Indice_K,4500,4726.760917260563,-226.76091726056256
12,Potasio_savia,M2_Indice_K,M2,M2_Indice_K,4900,4996.991462405965,-96.99146240596474
13,Potasio_savia,M2_Indice_K,M2,M2_Indice_K,4300,4938.051213490953,-638.0512134909532
14,Potasio_savia,M2_Indice_K,M2,M2_Indice_K,4800,5623.092545569625,-823.0925455696251
15,Potasio_savia,M2_Indice_K,M2,M2_Indice_K,4800,4758.09381484846,41.90618515153983
16,Potasio_savia,M2_Indice_K,M2,M2_Indice_K,5700,4886.068167743053,813.931832256947
17,Potasio_savia,M2_Indice_K,M2,M2_Indice_K,4700,4862.10388978812,-162.1038897881199
18,Potasio_savia,M2_Indice_K,M2,M2_Indice_K,5600,4767.421101832277,832.5788981677233
19,Potasio_savia,M2_Indice_K,M2,M2_Indice_K,5600,5005.028629943293,594.9713700567072
20,Potasio_savia,M2_Indice_K,M2,M2_Indice_K,5000,4717.260273714057,282.7397262859431
21,Potasio_savia,M2_Indice_K,M2,M2_Indice_K,5600,4934.1660153074,665.8339846926001
22,Potasio_savia,M2_Indice_K,M2,M2_Indice_K,4700,4955.611823009161,-255.61182300916062
23,Potasio_savia,M2_Indice_K,M2,M2_Indice_K,4400,4584.202215718487,-184.20221571848742
24,Potasio_savia,M2_Indice_K,M2,M2_Indice_K,4400,4417.397341002174,-17.39734100217356
25,Potasio_savia,M2_Indice_K,M2,M2_Indice_K,4300,3597.935944424909,702.0640555750911
26,Potasio_savia,M2_Indice_K,M2,M2_Indice_K,4400,3997.3421250829524,402.6578749170476
27,Potasio_savia,M2_Indice_K,M2,M2_Indice_K,4200,4060.2828813682518,139.71711863174824
28,Potasio_savia,M2_Indice_K,M2,M2_Indice_K,3200,4114.767394030574,-914.767394030574
29,Potasio_savia,M2_Indice_K,M2,M2_Indice_K,4100,4344.878884123641,-244.878884123641
30,Potasio_savia,M2_Indice_K,M2,M2_Indice_K,3700,3777.8349674257624,-77.83496742576244
31,Potasio_savia,M2_Indice_K,M2,M2_Indice_K,4600,4550.175428713084,49.82457128691567
32,Potasio_savia,M2_Indice_K,M2,M2_Indice_K,4200,4178.331342490836,21.668657509164404
33,Potasio_savia,M2_Indice_K,M2,M2_Indice_K,4700,3924.3795719021077,775.6204280978923
34,Potasio_savia,M2_Indice_K,M2,M2_Indice_K,4400,5023.178469604127,-623.1784696041268
35,Potasio_savia,M2_Indice_K,M2,M2_Indice_K,4300,4622.389207308904,-322.3892073089037
36,Potasio_savia,M2_Indice_K,M2,M2_Indice_K,5000,4621.004407957368,378.99559204263187
37,Potasio_savia,M2_Indice_K,M2,M2_Indice_K,5100,4417.505162702396,682.4948372976041
38,Potasio_savia,M2_Indice_K,M2,M2_Indice_K,4300,4406.967810544075,-106.96781054407529
39,Potasio_savia,M2_Indice_K,M2,M2_Indice_K,4000,4392.212297246574,-392.21229724657405
40,Potasio_savia,M2_Indice_K,M2,M2_Indice_K,4500,4897.078672744046,-397.07867274404634
41,Potasio_savia,M2_Indice_K,M2,M2_Indice_K,5200,4367.716880490582,832.2831195094177
42,Potasio_savia,M2_Indice_K,M2,M2_Indice_K,5100,5149.264652789481,-49.26465278948126
43,Potasio_savia,M2_Indice_K,M2,M2_Indice_K,5000,5234.667946566083,-234.66794656608272
44,Potasio_savia,M2_Indice_K,M2,M2_Indice_K,5000,4952.179806953858,47.82019304614187
45,Potasio_savia,M2_Indice_K,M2,M2_Indice_K,4300,3991.5021454792386,308.4978545207614
46,Potasio_savia,M2_Indice_K,M2,M2_Indice_K,4400,4425.373333496728,-25.373333496728264
47,Potasio_savia,M2_Indice_K,M2,M2_Indice_K,4600,4645.743930849283,-45.74393084928306
48,Potasio_savia,M2_Indice_K,M2,M2_Indice_K,4300,4687.1673339783565,-387.1673339783565
49,Potasio_savia,M2_Indice_K,M2,M2_Indice_K,4800,4612.354321455914,187.64567854408597
50,Potasio_savia,M2_Indice_K,M2,M2_Indice_K,4600,4732.680407392111,-132.6804073921112
51,Potasio_savia,M2_Indice_K,M2,M2_Indice_K,3800,4433.784115073139,-633.7841150731392
52,Potasio_savia,M2_Indice_K,M2,M2_Indice_K,4300,4709.638280538998,-409.6382805389976
53,Potasio_savia,M2_Indice_K,M2,M2_Indice_K,4800,4439.862918262009,360.13708173799114
54,Potasio_savia,M2_Indice_K,M2,M2_Indice_K,4800,4732.565706090878,67.43429390912206
55,Potasio_savia,M2_Indice_K,M2,M2_Indice_K,4900,4340.26436550989,559.73563449011
56,Potasio_savia,M2_Indice_K,M2,M2_Indice_K,3800,4027.115615309813,-227.11561530981317
1,Potasio_savia,M2_Exploratorio_pH_T_Hv,M2,M2_Exploratorio_pH_T_Hv,4100,3847.2086452504846,252.79135474951545
2,Potasio_savia,M2_Exploratorio_pH_T_Hv,M2,M2_Exploratorio_pH_T_Hv,4100,4420.467390174639,-320.46739017463915
3,Potasio_savia,M2_Exploratorio_pH_T_Hv,M2,M2_Exploratorio_pH_T_Hv,4200,4354.204482264823,-154.20448226482313
4,Potasio_savia,M2_Exploratorio_pH_T_Hv,M2,M2_Exploratorio_pH_T_Hv,4400,4477.412999671298,-77.41299967129817
5,Potasio_savia,M2_Exploratorio_pH_T_Hv,M2,M2_Exploratorio_pH_T_Hv,4400,4196.8394268180855,203.16057318191451
6,Potasio_savia,M2_Exploratorio_pH_T_Hv,M2,M2_Exploratorio_pH_T_Hv,4100,4054.6323590895104,45.36764091048963
7,Potasio_savia,M2_Exploratorio_pH_T_Hv,M2,M2_Exploratorio_pH_T_Hv,4400,4929.871292855255,-529.871292855255
8,Potasio_savia,M2_Exploratorio_pH_T_Hv,M2,M2_Exploratorio_pH_T_Hv,4400,4253.048294953477,146.95170504652287
9,Potasio_savia,M2_Exploratorio_pH_T_Hv,M2,M2_Exploratorio_pH_T_Hv,4200,4242.960750240047,-42.960750240046764
10,Potasio_savia,M2_Exploratorio_pH_T_Hv,M2,M2_Exploratorio_pH_T_Hv,4700,4945.23552501916,-245.23552501916038
11,Potasio_savia,M2_Exploratorio_pH_T_Hv,M2,M2_Exploratorio_pH_T_Hv,4500,4630.334438821939,-130.33443882193933
12,Potasio_savia,M2_Exploratorio_pH_T_Hv,M2,M2_Exploratorio_pH_T_Hv,4900,4858.211877945703,41.788122054296764
13,Potasio_savia,M2_Exploratorio_pH_T_Hv,M2,M2_Exploratorio_pH_T_Hv,4300,4689.517703058343,-389.5177030583427
14,Potasio_savia,M2_Exploratorio_pH_T_Hv,M2,M2_Exploratorio_pH_T_Hv,4800,5730.406494255799,-930.4064942557989
15,Potasio_savia,M2_Exploratorio_pH_T_Hv,M2,M2_Exploratorio_pH_T_Hv,4800,4792.205746534783,7.7942534652165705
16,Potasio_savia,M2_Exploratorio_pH_T_Hv,M2,M2_Exploratorio_pH_T_Hv,5700,4774.66868471515,925.3313152848496
17,Potasio_savia,M2_Exploratorio_pH_T_Hv,M2,M2_Exploratorio_pH_T_Hv,4700,4635.362580222907,64.63741977709287
18,Potasio_savia,M2_Exploratorio_pH_T_Hv,M2,M2_Exploratorio_pH_T_Hv,5600,4774.990438635723,825.009561364277
19,Potasio_savia,M2_Exploratorio_pH_T_Hv,M2,M2_Exploratorio_pH_T_Hv,5600,5069.153678534494,530.8463214655058
20,Potasio_savia,M2_Exploratorio_pH_T_Hv,M2,M2_Exploratorio_pH_T_Hv,5000,4383.528901040867,616.4710989591331
21,Potasio_savia,M2_Exploratorio_pH_T_Hv,M2,M2_Exploratorio_pH_T_Hv,5600,4874.15931689717,725.8406831028296
22,Potasio_savia,M2_Exploratorio_pH_T_Hv,M2,M2_Exploratorio_pH_T_Hv,4700,5064.1327115984395,-364.1327115984395
23,Potasio_savia,M2_Exploratorio_pH_T_Hv,M2,M2_Exploratorio_pH_T_Hv,4400,4302.943787368509,97.05621263149078
24,Potasio_savia,M2_Exploratorio_pH_T_Hv,M2,M2_Exploratorio_pH_T_Hv,4400,4459.403288922905,-59.40328892290472
25,Potasio_savia,M2_Exploratorio_pH_T_Hv,M2,M2_Exploratorio_pH_T_Hv,4300,3756.963505578646,543.0364944213538
26,Potasio_savia,M2_Exploratorio_pH_T_Hv,M2,M2_Exploratorio_pH_T_Hv,4400,4063.478405255484,336.5215947445158
27,Potasio_savia,M2_Exploratorio_pH_T_Hv,M2,M2_Exploratorio_pH_T_Hv,4200,4128.863943135362,71.1360568646378
28,Potasio_savia,M2_Exploratorio_pH_T_Hv,M2,M2_Exploratorio_pH_T_Hv,3200,4313.002265820062,-1113.0022658200623
29,Potasio_savia,M2_Exploratorio_pH_T_Hv,M2,M2_Exploratorio_pH_T_Hv,4100,4449.280530417026,-349.28053041702606
30,Potasio_savia,M2_Exploratorio_pH_T_Hv,M2,M2_Exploratorio_pH_T_Hv,3700,3849.570275456537,-149.57027545653682
31,Potasio_savia,M2_Exploratorio_pH_T_Hv,M2,M2_Exploratorio_pH_T_Hv,4600,4404.785271731629,195.2147282683709
32,Potasio_savia,M2_Exploratorio_pH_T_Hv,M2,M2_Exploratorio_pH_T_Hv,4200,3715.687158254357,484.3128417456428
33,Potasio_savia,M2_Exploratorio_pH_T_Hv,M2,M2_Exploratorio_pH_T_Hv,4700,3943.911310963539,756.0886890364609
34,Potasio_savia,M2_Exploratorio_pH_T_Hv,M2,M2_Exploratorio_pH_T_Hv,4400,4930.823682233651,-530.8236822336512
35,Potasio_savia,M2_Exploratorio_pH_T_Hv,M2,M2_Exploratorio_pH_T_Hv,4300,4937.076096806624,-637.0760968066243
36,Potasio_savia,M2_Exploratorio_pH_T_Hv,M2,M2_Exploratorio_pH_T_Hv,5000,4608.961105347908,391.0388946520916
37,Potasio_savia,M2_Exploratorio_pH_T_Hv,M2,M2_Exploratorio_pH_T_Hv,5100,3864.2899324460786,1235.7100675539214
38,Potasio_savia,M2_Exploratorio_pH_T_Hv,M2,M2_Exploratorio_pH_T_Hv,4300,4656.506100456048,-356.50610045604844
39,Potasio_savia,M2_Exploratorio_pH_T_Hv,M2,M2_Exploratorio_pH_T_Hv,4000,4657.251605339839,-657.2516053398394
40,Potasio_savia,M2_Exploratorio_pH_T_Hv,M2,M2_Exploratorio_pH_T_Hv,4500,4915.188833680883,-415.18883368088336
41,Potasio_savia,M2_Exploratorio_pH_T_Hv,M2,M2_Exploratorio_pH_T_Hv,5200,4263.341136262035,936.6588637379646
42,Potasio_savia,M2_Exploratorio_pH_T_Hv,M2,M2_Exploratorio_pH_T_Hv,5100,5141.354202535229,-41.35420253522898
43,Potasio_savia,M2_Exploratorio_pH_T_Hv,M2,M2_Exploratorio_pH_T_Hv,5000,5315.194431331107,-315.1944313311069
44,Potasio_savia,M2_Exploratorio_pH_T_Hv,M2,M2_Exploratorio_pH_T_Hv,5000,4846.733626464885,153.26637353511524
45,Potasio_savia,M2_Exploratorio_pH_T_Hv,M2,M2_Exploratorio_pH_T_Hv,4300,4257.7394111413,42.26058885870043
46,Potasio_savia,M2_Exploratorio_pH_T_Hv,M2,M2_Exploratorio_pH_T_Hv,4400,4739.918904189228,-339.91890418922776
47,Potasio_savia,M2_Exploratorio_pH_T_Hv,M2,M2_Exploratorio_pH_T_Hv,4600,4896.213674964785,-296.21367496478524
48,Potasio_savia,M2_Exploratorio_pH_T_Hv,M2,M2_Exploratorio_pH_T_Hv,4300,4551.663240184799,-251.66324018479918
49,Potasio_savia,M2_Exploratorio_pH_T_Hv,M2,M2_Exploratorio_pH_T_Hv,4800,4682.040328164656,117.95967183534412
50,Potasio_savia,M2_Exploratorio_pH_T_Hv,M2,M2_Exploratorio_pH_T_Hv,4600,4963.8348852725285,-363.8348852725285
51,Potasio_savia,M2_Exploratorio_pH_T_Hv,M2,M2_Exploratorio_pH_T_Hv,3800,4410.925555656776,-610.9255556567759
52,Potasio_savia,M2_Exploratorio_pH_T_Hv,M2,M2_Exploratorio_pH_T_Hv,4300,4666.382033875144,-366.38203387514386
53,Potasio_savia,M2_Exploratorio_pH_T_Hv,M2,M2_Exploratorio_pH_T_Hv,4800,4213.011465840872,586.988534159128
54,Potasio_savia,M2_Exploratorio_pH_T_Hv,M2,M2_Exploratorio_pH_T_Hv,4800,4677.957237033906,122.04276296609441
55,Potasio_savia,M2_Exploratorio_pH_T_Hv,M2,M2_Exploratorio_pH_T_Hv,4900,4199.097459969196,700.9025400308037
56,Potasio_savia,M2_Exploratorio_pH_T_Hv,M2,M2_Exploratorio_pH_T_Hv,3800,4148.485055509011,-348.48505550901064
1,Calcio_savia,M0_Repeticion,M0,Diseño_reducido,1200,1226.956521739131,-26.95652173913095
2,Calcio_savia,M0_Repeticion,M0,Diseño_reducido,1000,1235.6521739130442,-235.65217391304418
3,Calcio_savia,M0_Repeticion,M0,Diseño_reducido,940,1238.2608695652182,-298.2608695652182
4,Calcio_savia,M0_Repeticion,M0,Diseño_reducido,1400,1218.260869565218,181.73913043478206
5,Calcio_savia,M0_Repeticion,M0,Diseño_reducido,1600,1209.5652173913052,390.43478260869483
6,Calcio_savia,M0_Repeticion,M0,Diseño_reducido,1500,1213.9130434782614,286.08695652173856
7,Calcio_savia,M0_Repeticion,M0,Diseño_reducido,1200,1695.6521739130442,-495.6521739130442
8,Calcio_savia,M0_Repeticion,M0,Diseño_reducido,1400,1686.9565217391312,-286.9565217391312
9,Calcio_savia,M0_Repeticion,M0,Diseño_reducido,1600,1678.260869565218,-78.26086956521794
10,Calcio_savia,M0_Repeticion,M0,Diseño_reducido,1700,1673.9130434782614,26.086956521738557
11,Calcio_savia,M0_Repeticion,M0,Diseño_reducido,2000,1660.8695652173917,339.1304347826083
12,Calcio_savia,M0_Repeticion,M0,Diseño_reducido,1800,1669.5652173913054,130.4347826086946
13,Calcio_savia,M0_Repeticion,M0,Diseño_reducido,1000,1742.8571428571433,-742.8571428571433
14,Calcio_savia,M0_Repeticion,M0,Diseño_reducido,2000,1600.0000000000005,399.99999999999955
15,Calcio_savia,M0_Repeticion,M0,Diseño_reducido,1700,1642.8571428571433,57.142857142856656
16,Calcio_savia,M0_Repeticion,M0,Diseño_reducido,1900,1614.2857142857151,285.71428571428487
17,Calcio_savia,M0_Repeticion,M0,Diseño_reducido,2300,1647.8260869565224,652.1739130434776
18,Calcio_savia,M0_Repeticion,M0,Diseño_reducido,1800,1669.5652173913054,130.4347826086946
19,Calcio_savia,M0_Repeticion,M0,Diseño_reducido,1800,1669.5652173913054,130.4347826086946
20,Calcio_savia,M0_Repeticion,M0,Diseño_reducido,1300,1691.304347826088,-391.3043478260879
21,Calcio_savia,M0_Repeticion,M0,Diseño_reducido,1300,1691.304347826088,-391.3043478260879
22,Calcio_savia,M0_Repeticion,M0,Diseño_reducido,1200,1695.6521739130442,-495.6521739130442
23,Calcio_savia,M0_Repeticion,M0,Diseño_reducido,1500,1213.913043478262,286.0869565217381
24,Calcio_savia,M0_Repeticion,M0,Diseño_reducido,1600,1209.5652173913054,390.4347826086946
25,Calcio_savia,M0_Repeticion,M0,Diseño_reducido,1600,1209.5652173913054,390.4347826086946
26,Calcio_savia,M0_Repeticion,M0,Diseño_reducido,1200,1226.9565217391312,-26.956521739131176
27,Calcio_savia,M0_Repeticion,M0,Diseño_reducido,750,1246.5217391304357,-496.52173913043566
28,Calcio_savia,M0_Repeticion,M0,Diseño_reducido,1200,1226.9565217391312,-26.956521739131176
29,Calcio_savia,M0_Repeticion,M0,Diseño_reducido,950,1237.8260869565227,-287.82608695652266
30,Calcio_savia,M0_Repeticion,M0,Diseño_reducido,780,1245.2173913043487,-465.21739130434867
31,Calcio_savia,M0_Repeticion,M0,Diseño_reducido,1000,1235.6521739130442,-235.65217391304418
32,Calcio_savia,M0_Repeticion,M0,Diseño_reducido,1300,1222.6086956521751,77.39130434782487
33,Calcio_savia,M0_Repeticion,M0,Diseño_reducido,1400,1218.260869565218,181.73913043478206
34,Calcio_savia,M0_Repeticion,M0,Diseño_reducido,1500,1213.913043478262,286.0869565217381
35,Calcio_savia,M0_Repeticion,M0,Diseño_reducido,1700,1673.9130434782614,26.086956521738557
36,Calcio_savia,M0_Repeticion,M0,Diseño_reducido,1600,1678.260869565218,-78.26086956521794
37,Calcio_savia,M0_Repeticion,M0,Diseño_reducido,1900,1665.2173913043484,234.78260869565156
38,Calcio_savia,M0_Repeticion,M0,Diseño_reducido,2000,1660.869565217392,339.13043478260806
39,Calcio_savia,M0_Repeticion,M0,Diseño_reducido,2300,1647.8260869565224,652.1739130434776
40,Calcio_savia,M0_Repeticion,M0,Diseño_reducido,1800,1669.5652173913054,130.4347826086946
41,Calcio_savia,M0_Repeticion,M0,Diseño_reducido,1500,1671.428571428572,-171.428571428572
42,Calcio_savia,M0_Repeticion,M0,Diseño_reducido,1500,1671.428571428572,-171.428571428572
43,Calcio_savia,M0_Repeticion,M0,Diseño_reducido,1900,1614.285714285715,285.7142857142851
44,Calcio_savia,M0_Repeticion,M0,Diseño_reducido,1700,1642.8571428571431,57.14285714285688
45,Calcio_savia,M0_Repeticion,M0,Diseño_reducido,1900,1665.2173913043484,234.78260869565156
46,Calcio_savia,M0_Repeticion,M0,Diseño_reducido,1700,1673.9130434782614,26.086956521738557
47,Calcio_savia,M0_Repeticion,M0,Diseño_reducido,1800,1669.5652173913054,130.4347826086946
48,Calcio_savia,M0_Repeticion,M0,Diseño_reducido,1400,1686.9565217391312,-286.9565217391312
49,Calcio_savia,M0_Repeticion,M0,Diseño_reducido,1400,1686.9565217391312,-286.9565217391312
50,Calcio_savia,M0_Repeticion,M0,Diseño_reducido,1300,1691.304347826088,-391.3043478260879
51,Calcio_savia,M0_Repeticion,M0,Diseño_reducido,1500,1213.913043478262,286.0869565217381
52,Calcio_savia,M0_Repeticion,M0,Diseño_reducido,1300,1222.6086956521747,77.39130434782533
53,Calcio_savia,M0_Repeticion,M0,Diseño_reducido,1200,1226.9565217391312,-26.956521739131176
54,Calcio_savia,M0_Repeticion,M0,Diseño_reducido,940,1238.2608695652182,-298.2608695652182
55,Calcio_savia,M0_Repeticion,M0,Diseño_reducido,860,1241.7391304347836,-381.73913043478365
56,Calcio_savia,M0_Repeticion,M0,Diseño_reducido,1200,1226.9565217391312,-26.956521739131176
1,Calcio_savia,M1_Tratamientos,M1,Diseño_completo,1200,1054.1176470588239,145.88235294117612
2,Calcio_savia,M1_Tratamientos,M1,Diseño_completo,1000,854.117647058824,145.882352941176
3,Calcio_savia,M1_Tratamientos,M1,Diseño_completo,940,985.8448753462613,-45.84487534626135
4,Calcio_savia,M1_Tratamientos,M1,Diseño_completo,1400,1288.2825484764553,111.7174515235447
5,Calcio_savia,M1_Tratamientos,M1,Diseño_completo,1600,1565.401662049862,34.5983379501381
6,Calcio_savia,M1_Tratamientos,M1,Diseño_completo,1500,1611.6620498614966,-111.6620498614966
7,Calcio_savia,M1_Tratamientos,M1,Diseño_completo,1200,1497.368421052632,-297.3684210526319
8,Calcio_savia,M1_Tratamientos,M1,Diseño_completo,1400,1605.8823529411789,-205.88235294117885
9,Calcio_savia,M1_Tratamientos,M1,Diseño_completo,1600,1243.1855955678668,356.8144044321332
10,Calcio_savia,M1_Tratamientos,M1,Diseño_completo,1700,1786.6204986149583,-86.62049861495825
11,Calcio_savia,M1_Tratamientos,M1,Diseño_completo,2000,1937.7008310249305,62.299168975069506
12,Calcio_savia,M1_Tratamientos,M1,Diseño_completo,1800,1998.823529411765,-198.8235294117651
13,Calcio_savia,M1_Tratamientos,M1,Diseño_completo,1000,1766.7857142857154,-766.7857142857154
14,Calcio_savia,M1_Tratamientos,M1,Diseño_completo,2000,1526.785714285715,473.2142857142851
15,Calcio_savia,M1_Tratamientos,M1,Diseño_completo,1700,1701.0714285714291,-1.0714285714291236
16,Calcio_savia,M1_Tratamientos,M1,Diseño_completo,1900,1512.5000000000007,387.4999999999993
17,Calcio_savia,M1_Tratamientos,M1,Diseño_completo,2300,1931.8836565096956,368.1163434903044
18,Calcio_savia,M1_Tratamientos,M1,Diseño_completo,1800,1870.6648199445985,-70.66481994459855
19,Calcio_savia,M1_Tratamientos,M1,Diseño_completo,1800,1961.0803324099725,-161.08033240997247
20,Calcio_savia,M1_Tratamientos,M1,Diseño_completo,1300,1470.5882352941182,-170.58823529411825
21,Calcio_savia,M1_Tratamientos,M1,Diseño_completo,1300,1517.5900277008311,-217.59002770083111
22,Calcio_savia,M1_Tratamientos,M1,Diseño_completo,1200,1460.1385041551243,-260.13850415512434
23,Calcio_savia,M1_Tratamientos,M1,Diseño_completo,1500,1409.556786703602,90.44321329639797
24,Calcio_savia,M1_Tratamientos,M1,Diseño_completo,1600,1447.0588235294122,152.94117647058783
25,Calcio_savia,M1_Tratamientos,M1,Diseño_completo,1600,1254.2659279778402,345.7340720221598
26,Calcio_savia,M1_Tratamientos,M1,Diseño_completo,1200,877.6470588235302,322.3529411764698
27,Calcio_savia,M1_Tratamientos,M1,Diseño_completo,750,1237.2853185595577,-487.2853185595577
28,Calcio_savia,M1_Tratamientos,M1,Diseño_completo,1200,1102.2437673130207,97.75623268697927
29,Calcio_savia,M1_Tratamientos,M1,Diseño_completo,950,1068.8235294117658,-118.82352941176578
30,Calcio_savia,M1_Tratamientos,M1,Diseño_completo,780,916.2603878116354,-136.26038781163538
31,Calcio_savia,M1_Tratamientos,M1,Diseño_completo,1000,928.8365650969529,71.16343490304712
32,Calcio_savia,M1_Tratamientos,M1,Diseño_completo,1300,1658.8235294117683,-358.8235294117683
33,Calcio_savia,M1_Tratamientos,M1,Diseño_completo,1400,1538.2548476454297,-138.25484764542966
34,Calcio_savia,M1_Tratamientos,M1,Diseño_completo,1500,1462.742382271469,37.25761772853093
35,Calcio_savia,M1_Tratamientos,M1,Diseño_completo,1700,1521.3573407202218,178.64265927977817
36,Calcio_savia,M1_Tratamientos,M1,Diseño_completo,1600,1435.2941176470588,164.70588235294122
37,Calcio_savia,M1_Tratamientos,M1,Diseño_completo,1900,1468.7257617728533,431.2742382271467
38,Calcio_savia,M1_Tratamientos,M1,Diseño_completo,2000,2044.072022160665,-44.07202216066503
39,Calcio_savia,M1_Tratamientos,M1,Diseño_completo,2300,1881.1764705882379,418.82352941176214
40,Calcio_savia,M1_Tratamientos,M1,Diseño_completo,1800,1804.7058823529414,-4.705882352941444
41,Calcio_savia,M1_Tratamientos,M1,Diseño_completo,1500,1901.0714285714298,-401.0714285714298
42,Calcio_savia,M1_Tratamientos,M1,Diseño_completo,1500,1518.2142857142865,-18.21428571428646
43,Calcio_savia,M1_Tratamientos,M1,Diseño_completo,1900,1472.5000000000002,427.4999999999998
44,Calcio_savia,M1_Tratamientos,M1,Diseño_completo,1700,1801.071428571429,-101.0714285714289
45,Calcio_savia,M1_Tratamientos,M1,Diseño_completo,1900,1752.6038781163436,147.3961218836564
46,Calcio_savia,M1_Tratamientos,M1,Diseño_completo,1700,1951.7647058823532,-251.76470588235316
47,Calcio_savia,M1_Tratamientos,M1,Diseño_completo,1800,1907.8947368421059,-107.89473684210589
48,Calcio_savia,M1_Tratamientos,M1,Diseño_completo,1400,1527.1745152354572,-127.17451523545719
49,Calcio_savia,M1_Tratamientos,M1,Diseño_completo,1400,1323.529411764706,76.47058823529392
50,Calcio_savia,M1_Tratamientos,M1,Diseño_completo,1300,1310.1662049861502,-10.166204986150206
51,Calcio_savia,M1_Tratamientos,M1,Diseño_completo,1500,1400.0000000000007,99.99999999999932
52,Calcio_savia,M1_Tratamientos,M1,Diseño_completo,1300,1438.2548476454297,-138.25484764542966
53,Calcio_savia,M1_Tratamientos,M1,Diseño_completo,1200,1417.6470588235288,-217.64705882352882
54,Calcio_savia,M1_Tratamientos,M1,Diseño_completo,940,1039.0304709141283,-99.03047091412827
55,Calcio_savia,M1_Tratamientos,M1,Diseño_completo,860,857.977839335181,2.022160664819012
56,Calcio_savia,M1_Tratamientos,M1,Diseño_completo,1200,995.8725761772857,204.12742382271426
1,Calcio_savia,M2_CE_original,M2,M2_CE_original,1200,1065.1946921764977,134.8053078235023
2,Calcio_savia,M2_CE_original,M2,M2_CE_original,1000,833.783536086183,166.21646391381705
3,Calcio_savia,M2_CE_original,M2,M2_CE_original,940,996.9085806135218,-56.90858061352185
4,Calcio_savia,M2_CE_original,M2,M2_CE_original,1400,1283.3148117952678,116.68518820473219
5,Calcio_savia,M2_CE_original,M2,M2_CE_original,1600,1566.9838036843757,33.016196315624256
6,Calcio_savia,M2_CE_original,M2,M2_CE_original,1500,1534.898075875124,-34.89807587512405
7,Calcio_savia,M2_CE_original,M2,M2_CE_original,1200,1479.5276267582392,-279.5276267582392
8,Calcio_savia,M2_CE_original,M2,M2_CE_original,1400,1557.3580893905578,-157.35808939055778
9,Calcio_savia,M2_CE_original,M2,M2_CE_original,1600,1155.2378926312358,444.7621073687642
10,Calcio_savia,M2_CE_original,M2,M2_CE_original,1700,1761.4677306042472,-61.46773060424721
11,Calcio_savia,M2_CE_original,M2,M2_CE_original,2000,1863.8597958408614,136.14020415913865
12,Calcio_savia,M2_CE_original,M2,M2_CE_original,1800,1961.2131127491625,-161.21311274916252
13,Calcio_savia,M2_CE_original,M2,M2_CE_original,1000,1785.5855719083452,-785.5855719083452
14,Calcio_savia,M2_CE_original,M2,M2_CE_original,2000,1518.751189576339,481.2488104236611
15,Calcio_savia,M2_CE_original,M2,M2_CE_original,1700,1709.5298421945977,-9.529842194597677
16,Calcio_savia,M2_CE_original,M2,M2_CE_original,1900,1494.5649579256665,405.4350420743335
17,Calcio_savia,M2_CE_original,M2,M2_CE_original,2300,1855.3303115492604,444.6696884507396
18,Calcio_savia,M2_CE_original,M2,M2_CE_original,1800,1864.5958305819377,-64.59583058193766
19,Calcio_savia,M2_CE_original,M2,M2_CE_original,1800,1959.394458303534,-159.39445830353407
20,Calcio_savia,M2_CE_original,M2,M2_CE_original,1300,1409.8174947210337,-109.81749472103365
21,Calcio_savia,M2_CE_original,M2,M2_CE_original,1300,1506.6382875930126,-206.6382875930126
22,Calcio_savia,M2_CE_original,M2,M2_CE_original,1200,1453.2472733876875,-253.24727338768753
23,Calcio_savia,M2_CE_original,M2,M2_CE_original,1500,1370.8710347062338,129.1289652937662
24,Calcio_savia,M2_CE_original,M2,M2_CE_original,1600,1437.0755476192262,162.9244523807738
25,Calcio_savia,M2_CE_original,M2,M2_CE_original,1600,1246.080554199015,353.91944580098493
26,Calcio_savia,M2_CE_original,M2,M2_CE_original,1200,873.8887682227669,326.1112317772331
27,Calcio_savia,M2_CE_original,M2,M2_CE_original,750,1244.5033978609813,-494.5033978609813
28,Calcio_savia,M2_CE_original,M2,M2_CE_original,1200,1139.395336944885,60.604663055115
29,Calcio_savia,M2_CE_original,M2,M2_CE_original,950,1080.4536451181411,-130.45364511814114
30,Calcio_savia,M2_CE_original,M2,M2_CE_original,780,932.176582651847,-152.17658265184696
31,Calcio_savia,M2_CE_original,M2,M2_CE_original,1000,941.512788735297,58.48721126470298
32,Calcio_savia,M2_CE_original,M2,M2_CE_original,1300,1750.9397464510866,-450.93974645108665
33,Calcio_savia,M2_CE_original,M2,M2_CE_original,1400,1566.2680376122823,-166.26803761228234
34,Calcio_savia,M2_CE_original,M2,M2_CE_original,1500,1492.712463164472,7.287536835528044
35,Calcio_savia,M2_CE_original,M2,M2_CE_original,1700,1566.6814098188802,133.31859018111982
36,Calcio_savia,M2_CE_original,M2,M2_CE_original,1600,1468.7770130897202,131.22298691027981
37,Calcio_savia,M2_CE_original,M2,M2_CE_original,1900,1300.8768689695812,599.1231310304188
38,Calcio_savia,M2_CE_original,M2,M2_CE_original,2000,2071.091147154573,-71.09114715457281
39,Calcio_savia,M2_CE_original,M2,M2_CE_original,2300,1909.0348122229698,390.9651877770302
40,Calcio_savia,M2_CE_original,M2,M2_CE_original,1800,1826.0906424090565,-26.0906424090565
41,Calcio_savia,M2_CE_original,M2,M2_CE_original,1500,1939.1094276657502,-439.1094276657502
42,Calcio_savia,M2_CE_original,M2,M2_CE_original,1500,1520.9830400854855,-20.983040085485527
43,Calcio_savia,M2_CE_original,M2,M2_CE_original,1900,1476.5131120789051,423.4868879210949
44,Calcio_savia,M2_CE_original,M2,M2_CE_original,1700,1795.9726852737094,-95.97268527370943
45,Calcio_savia,M2_CE_original,M2,M2_CE_original,1900,1803.8452359813855,96.15476401861451
46,Calcio_savia,M2_CE_original,M2,M2_CE_original,1700,2049.5140392966346,-349.51403929663456
47,Calcio_savia,M2_CE_original,M2,M2_CE_original,1800,1978.2283857827456,-178.2283857827456
48,Calcio_savia,M2_CE_original,M2,M2_CE_original,1400,1538.0434843447229,-138.04348434472286
49,Calcio_savia,M2_CE_original,M2,M2_CE_original,1400,1340.9139645085459,59.08603549145414
50,Calcio_savia,M2_CE_original,M2,M2_CE_original,1300,1359.8341105779432,-59.83411057794319
51,Calcio_savia,M2_CE_original,M2,M2_CE_original,1500,1413.4549681179756,86.54503188202443
52,Calcio_savia,M2_CE_original,M2,M2_CE_original,1300,1431.4354133415568,-131.4354133415568
53,Calcio_savia,M2_CE_original,M2,M2_CE_original,1200,1401.290642092329,-201.2906420923291
54,Calcio_savia,M2_CE_original,M2,M2_CE_original,940,1025.4108815768486,-85.41088157684862
55,Calcio_savia,M2_CE_original,M2,M2_CE_original,860,837.0703336463833,22.929666353616653
56,Calcio_savia,M2_CE_original,M2,M2_CE_original,1200,1014.3902871126146,185.6097128873854
1,Calcio_savia,M2_CE_corregida,M2,M2_CE_corregida,1200,1065.194692176501,134.8053078234991
2,Calcio_savia,M2_CE_corregida,M2,M2_CE_corregida,1000,833.7835360861862,166.21646391381375
3,Calcio_savia,M2_CE_corregida,M2,M2_CE_corregida,940,996.9085806135241,-56.90858061352412
4,Calcio_savia,M2_CE_corregida,M2,M2_CE_corregida,1400,1283.3148117952699,116.68518820473014
5,Calcio_savia,M2_CE_corregida,M2,M2_CE_corregida,1600,1566.9838036843757,33.016196315624256
6,Calcio_savia,M2_CE_corregida,M2,M2_CE_corregida,1500,1534.8980758751227,-34.898075875122686
7,Calcio_savia,M2_CE_corregida,M2,M2_CE_corregida,1200,1479.5276267582374,-279.5276267582374
8,Calcio_savia,M2_CE_corregida,M2,M2_CE_corregida,1400,1557.3580893905553,-157.35808939055528
9,Calcio_savia,M2_CE_corregida,M2,M2_CE_corregida,1600,1155.23789263123,444.7621073687701
10,Calcio_savia,M2_CE_corregida,M2,M2_CE_corregida,1700,1761.4677306042431,-61.467730604243116
11,Calcio_savia,M2_CE_corregida,M2,M2_CE_corregida,2000,1863.8597958408604,136.14020415913956
12,Calcio_savia,M2_CE_corregida,M2,M2_CE_corregida,1800,1961.2131127491607,-161.2131127491607
13,Calcio_savia,M2_CE_corregida,M2,M2_CE_corregida,1000,1785.5855719083427,-785.5855719083427
14,Calcio_savia,M2_CE_corregida,M2,M2_CE_corregida,2000,1518.7511895763391,481.24881042366087
15,Calcio_savia,M2_CE_corregida,M2,M2_CE_corregida,1700,1709.5298421945977,-9.529842194597677
16,Calcio_savia,M2_CE_corregida,M2,M2_CE_corregida,1900,1494.564957925665,405.4350420743349
17,Calcio_savia,M2_CE_corregida,M2,M2_CE_corregida,2300,1855.3303115492627,444.66968845073734
18,Calcio_savia,M2_CE_corregida,M2,M2_CE_corregida,1800,1864.5958305819381,-64.59583058193812
19,Calcio_savia,M2_CE_corregida,M2,M2_CE_corregida,1800,1959.3944583035359,-159.39445830353588
20,Calcio_savia,M2_CE_corregida,M2,M2_CE_corregida,1300,1409.8174947210305,-109.81749472103047
21,Calcio_savia,M2_CE_corregida,M2,M2_CE_corregida,1300,1506.6382875930135,-206.6382875930135
22,Calcio_savia,M2_CE_corregida,M2,M2_CE_corregida,1200,1453.247273387689,-253.2472733876889
23,Calcio_savia,M2_CE_corregida,M2,M2_CE_corregida,1500,1370.871034706232,129.12896529376803
24,Calcio_savia,M2_CE_corregida,M2,M2_CE_corregida,1600,1437.075547619227,162.9244523807729
25,Calcio_savia,M2_CE_corregida,M2,M2_CE_corregida,1600,1246.0805541990164,353.91944580098357
26,Calcio_savia,M2_CE_corregida,M2,M2_CE_corregida,1200,873.8887682227655,326.1112317772345
27,Calcio_savia,M2_CE_corregida,M2,M2_CE_corregida,750,1244.5033978609797,-494.5033978609797
28,Calcio_savia,M2_CE_corregida,M2,M2_CE_corregida,1200,1139.395336944887,60.60466305511295
29,Calcio_savia,M2_CE_corregida,M2,M2_CE_corregida,950,1080.4536451181414,-130.45364511814137
30,Calcio_savia,M2_CE_corregida,M2,M2_CE_corregida,780,932.1765826518473,-152.1765826518473
31,Calcio_savia,M2_CE_corregida,M2,M2_CE_corregida,1000,941.5127887352945,58.48721126470548
32,Calcio_savia,M2_CE_corregida,M2,M2_CE_corregida,1300,1750.9397464510835,-450.93974645108347
33,Calcio_savia,M2_CE_corregida,M2,M2_CE_corregida,1400,1566.2680376122817,-166.26803761228166
34,Calcio_savia,M2_CE_corregida,M2,M2_CE_corregida,1500,1492.7124631644715,7.287536835528499
35,Calcio_savia,M2_CE_corregida,M2,M2_CE_corregida,1700,1566.6814098188797,133.31859018112027
36,Calcio_savia,M2_CE_corregida,M2,M2_CE_corregida,1600,1468.7770130897213,131.22298691027868
37,Calcio_savia,M2_CE_corregida,M2,M2_CE_corregida,1900,1300.8768689695844,599.1231310304156
38,Calcio_savia,M2_CE_corregida,M2,M2_CE_corregida,2000,2071.091147154574,-71.09114715457417
39,Calcio_savia,M2_CE_corregida,M2,M2_CE_corregida,2300,1909.0348122229725,390.9651877770275
40,Calcio_savia,M2_CE_corregida,M2,M2_CE_corregida,1800,1826.0906424090554,-26.090642409055363
41,Calcio_savia,M2_CE_corregida,M2,M2_CE_corregida,1500,1939.1094276657482,-439.10942766574817
42,Calcio_savia,M2_CE_corregida,M2,M2_CE_corregida,1500,1520.9830400854848,-20.983040085484845
43,Calcio_savia,M2_CE_corregida,M2,M2_CE_corregida,1900,1476.5131120789067,423.4868879210933
44,Calcio_savia,M2_CE_corregida,M2,M2_CE_corregida,1700,1795.972685273711,-95.97268527371102
45,Calcio_savia,M2_CE_corregida,M2,M2_CE_corregida,1900,1803.8452359813896,96.15476401861042
46,Calcio_savia,M2_CE_corregida,M2,M2_CE_corregida,1700,2049.51403929664,-349.51403929664
47,Calcio_savia,M2_CE_corregida,M2,M2_CE_corregida,1800,1978.2283857827483,-178.22838578274832
48,Calcio_savia,M2_CE_corregida,M2,M2_CE_corregida,1400,1538.0434843447222,-138.04348434472217
49,Calcio_savia,M2_CE_corregida,M2,M2_CE_corregida,1400,1340.9139645085465,59.08603549145346
50,Calcio_savia,M2_CE_corregida,M2,M2_CE_corregida,1300,1359.8341105779468,-59.83411057794683
51,Calcio_savia,M2_CE_corregida,M2,M2_CE_corregida,1500,1413.454968117976,86.54503188202398
52,Calcio_savia,M2_CE_corregida,M2,M2_CE_corregida,1300,1431.4354133415557,-131.43541334155566
53,Calcio_savia,M2_CE_corregida,M2,M2_CE_corregida,1200,1401.2906420923262,-201.29064209232615
54,Calcio_savia,M2_CE_corregida,M2,M2_CE_corregida,940,1025.410881576847,-85.41088157684703
55,Calcio_savia,M2_CE_corregida,M2,M2_CE_corregida,860,837.0703336463828,22.929666353617222
56,Calcio_savia,M2_CE_corregida,M2,M2_CE_corregida,1200,1014.3902871126162,185.6097128873838
1,Calcio_savia,M2_Indice_N,M2,M2_Indice_N,1200,1061.2678541027544,138.73214589724557
2,Calcio_savia,M2_Indice_N,M2,M2_Indice_N,1000,831.1988504295973,168.80114957040269
3,Calcio_savia,M2_Indice_N,M2,M2_Indice_N,940,994.670485432818,-54.670485432818055
4,Calcio_savia,M2_Indice_N,M2,M2_Indice_N,1400,1281.258794703766,118.74120529623406
5,Calcio_savia,M2_Indice_N,M2,M2_Indice_N,1600,1564.8801420062669,35.11985799373315
6,Calcio_savia,M2_Indice_N,M2,M2_Indice_N,1500,1542.428065335549,-42.428065335549036
7,Calcio_savia,M2_Indice_N,M2,M2_Indice_N,1200,1481.3104240869388,-281.31042408693884
8,Calcio_savia,M2_Indice_N,M2,M2_Indice_N,1400,1558.5317863287964,-158.53178632879644
9,Calcio_savia,M2_Indice_N,M2,M2_Indice_N,1600,1151.8584348966183,448.1415651033817
10,Calcio_savia,M2_Indice_N,M2,M2_Indice_N,1700,1762.3772370809697,-62.377237080969735
11,Calcio_savia,M2_Indice_N,M2,M2_Indice_N,2000,1867.3254575769643,132.67454242303575
12,Calcio_savia,M2_Indice_N,M2,M2_Indice_N,1800,1963.4270020558747,-163.4270020558747
13,Calcio_savia,M2_Indice_N,M2,M2_Indice_N,1000,1788.4298834669112,-788.4298834669112
14,Calcio_savia,M2_Indice_N,M2,M2_Indice_N,2000,1517.9417729023726,482.0582270976274
15,Calcio_savia,M2_Indice_N,M2,M2_Indice_N,1700,1708.7502963801046,-8.7502963801046
16,Calcio_savia,M2_Indice_N,M2,M2_Indice_N,1900,1495.0375096208622,404.96249037913776
17,Calcio_savia,M2_Indice_N,M2,M2_Indice_N,2300,1858.167115988355,441.8328840116451
18,Calcio_savia,M2_Indice_N,M2,M2_Indice_N,1800,1864.9689997023688,-64.96899970236882
19,Calcio_savia,M2_Indice_N,M2,M2_Indice_N,1800,1957.7838303802566,-157.78383038025663
20,Calcio_savia,M2_Indice_N,M2,M2_Indice_N,1300,1414.7317810281766,-114.73178102817656
21,Calcio_savia,M2_Indice_N,M2,M2_Indice_N,1300,1505.6867904591668,-205.6867904591668
22,Calcio_savia,M2_Indice_N,M2,M2_Indice_N,1200,1454.143669406541,-254.143669406541
23,Calcio_savia,M2_Indice_N,M2,M2_Indice_N,1500,1374.498719569468,125.501280430532
24,Calcio_savia,M2_Indice_N,M2,M2_Indice_N,1600,1436.5084499980057,163.49155000199426
25,Calcio_savia,M2_Indice_N,M2,M2_Indice_N,1600,1243.9138236301073,356.08617636989266
26,Calcio_savia,M2_Indice_N,M2,M2_Indice_N,1200,874.2070628215758,325.79293717842415
27,Calcio_savia,M2_Indice_N,M2,M2_Indice_N,750,1245.4475716772413,-495.4475716772413
28,Calcio_savia,M2_Indice_N,M2,M2_Indice_N,1200,1133.7120525695648,66.28794743043522
29,Calcio_savia,M2_Indice_N,M2,M2_Indice_N,950,1079.2451876212808,-129.24518762128082
30,Calcio_savia,M2_Indice_N,M2,M2_Indice_N,780,933.0655349456946,-153.0655349456946
31,Calcio_savia,M2_Indice_N,M2,M2_Indice_N,1000,943.642739423277,56.35726057672298
32,Calcio_savia,M2_Indice_N,M2,M2_Indice_N,1300,1754.9650997548522,-454.9650997548522
33,Calcio_savia,M2_Indice_N,M2,M2_Indice_N,1400,1564.1581079906596,-164.15810799065957
34,Calcio_savia,M2_Indice_N,M2,M2_Indice_N,1500,1492.4009512272755,7.599048772724473
35,Calcio_savia,M2_Indice_N,M2,M2_Indice_N,1700,1564.2777994895166,135.7222005104834
36,Calcio_savia,M2_Indice_N,M2,M2_Indice_N,1600,1468.5633550495352,131.43664495046482
37,Calcio_savia,M2_Indice_N,M2,M2_Indice_N,1900,1309.3647427586939,590.6352572413061
38,Calcio_savia,M2_Indice_N,M2,M2_Indice_N,2000,2067.3077781588195,-67.30777815881947
39,Calcio_savia,M2_Indice_N,M2,M2_Indice_N,2300,1905.0500137346753,394.9499862653247
40,Calcio_savia,M2_Indice_N,M2,M2_Indice_N,1800,1825.2091826385931,-25.20918263859312
41,Calcio_savia,M2_Indice_N,M2,M2_Indice_N,1500,1935.5031145055088,-435.50311450550885
42,Calcio_savia,M2_Indice_N,M2,M2_Indice_N,1500,1520.9028367270835,-20.902836727083468
43,Calcio_savia,M2_Indice_N,M2,M2_Indice_N,1900,1474.3234426257295,425.6765573742705
44,Calcio_savia,M2_Indice_N,M2,M2_Indice_N,1700,1797.572494344046,-97.57249434404594
45,Calcio_savia,M2_Indice_N,M2,M2_Indice_N,1900,1799.557209600493,100.44279039950698
46,Calcio_savia,M2_Indice_N,M2,M2_Indice_N,1700,2049.5876039939712,-349.58760399397124
47,Calcio_savia,M2_Indice_N,M2,M2_Indice_N,1800,1973.631866554161,-173.63186655416098
48,Calcio_savia,M2_Indice_N,M2,M2_Indice_N,1400,1540.5634192734524,-140.56341927345238
49,Calcio_savia,M2_Indice_N,M2,M2_Indice_N,1400,1339.5182490128564,60.48175098714364
50,Calcio_savia,M2_Indice_N,M2,M2_Indice_N,1300,1357.322702753247,-57.322702753247086
51,Calcio_savia,M2_Indice_N,M2,M2_Indice_N,1500,1412.4802847096412,87.51971529035882
52,Calcio_savia,M2_Indice_N,M2,M2_Indice_N,1300,1431.206467422452,-131.20646742245208
53,Calcio_savia,M2_Indice_N,M2,M2_Indice_N,1200,1405.7736893987671,-205.77368939876715
54,Calcio_savia,M2_Indice_N,M2,M2_Indice_N,940,1028.0012358161334,-88.00123581613343
55,Calcio_savia,M2_Indice_N,M2,M2_Indice_N,860,841.0226951236546,18.977304876345443
56,Calcio_savia,M2_Indice_N,M2,M2_Indice_N,1200,1011.8177301588099,188.18226984119008
1,Calcio_savia,M2_Indice_P,M2,M2_Indice_P,1200,1066.1780416653223,133.82195833467767
2,Calcio_savia,M2_Indice_P,M2,M2_Indice_P,1000,834.7577306411172,165.24226935888282
3,Calcio_savia,M2_Indice_P,M2,M2_Indice_P,940,996.1455280172843,-56.14552801728428
4,Calcio_savia,M2_Indice_P,M2,M2_Indice_P,1400,1285.0176568851261,114.98234311487386
5,Calcio_savia,M2_Indice_P,M2,M2_Indice_P,1600,1567.259695341385,32.74030465861506
6,Calcio_savia,M2_Indice_P,M2,M2_Indice_P,1500,1534.344540407308,-34.34454040730793
7,Calcio_savia,M2_Indice_P,M2,M2_Indice_P,1200,1480.768639407569,-280.768639407569
8,Calcio_savia,M2_Indice_P,M2,M2_Indice_P,1400,1555.7209023127116,-155.7209023127116
9,Calcio_savia,M2_Indice_P,M2,M2_Indice_P,1600,1153.832662850724,446.1673371492759
10,Calcio_savia,M2_Indice_P,M2,M2_Indice_P,1700,1760.0505297744048,-60.05052977440482
11,Calcio_savia,M2_Indice_P,M2,M2_Indice_P,2000,1862.8886100275035,137.11138997249645
12,Calcio_savia,M2_Indice_P,M2,M2_Indice_P,1800,1959.6459335729228,-159.6459335729228
13,Calcio_savia,M2_Indice_P,M2,M2_Indice_P,1000,1783.9814262670461,-783.9814262670461
14,Calcio_savia,M2_Indice_P,M2,M2_Indice_P,2000,1519.369065764755,480.6309342352449
15,Calcio_savia,M2_Indice_P,M2,M2_Indice_P,1700,1710.965696965305,-10.965696965304915
16,Calcio_savia,M2_Indice_P,M2,M2_Indice_P,1900,1492.9308083736605,407.0691916263395
17,Calcio_savia,M2_Indice_P,M2,M2_Indice_P,2300,1854.084083854444,445.9159161455559
18,Calcio_savia,M2_Indice_P,M2,M2_Indice_P,1800,1864.520760911558,-64.520760911558
19,Calcio_savia,M2_Indice_P,M2,M2_Indice_P,1800,1958.634677135009,-158.63467713500904
20,Calcio_savia,M2_Indice_P,M2,M2_Indice_P,1300,1406.8471833790873,-106.84718337908726
21,Calcio_savia,M2_Indice_P,M2,M2_Indice_P,1300,1506.0308075060857,-206.0308075060857
22,Calcio_savia,M2_Indice_P,M2,M2_Indice_P,1200,1453.8863118561542,-253.88631185615418
23,Calcio_savia,M2_Indice_P,M2,M2_Indice_P,1500,1370.5000838309195,129.4999161690805
24,Calcio_savia,M2_Indice_P,M2,M2_Indice_P,1600,1436.5893529413834,163.41064705861663
25,Calcio_savia,M2_Indice_P,M2,M2_Indice_P,1600,1247.210229024317,352.78977097568304
26,Calcio_savia,M2_Indice_P,M2,M2_Indice_P,1200,873.2677126031966,326.7322873968034
27,Calcio_savia,M2_Indice_P,M2,M2_Indice_P,750,1246.1791689517308,-496.17916895173084
28,Calcio_savia,M2_Indice_P,M2,M2_Indice_P,1200,1141.4680855403028,58.53191445969719
29,Calcio_savia,M2_Indice_P,M2,M2_Indice_P,950,1080.683705117406,-130.6837051174059
30,Calcio_savia,M2_Indice_P,M2,M2_Indice_P,780,932.7102233557326,-152.71022335573264
31,Calcio_savia,M2_Indice_P,M2,M2_Indice_P,1000,942.4402570695534,57.559742930446646
32,Calcio_savia,M2_Indice_P,M2,M2_Indice_P,1300,1749.1682653301968,-449.16826533019685
33,Calcio_savia,M2_Indice_P,M2,M2_Indice_P,1400,1565.958919672143,-165.9589196721431
34,Calcio_savia,M2_Indice_P,M2,M2_Indice_P,1500,1493.8493049099752,6.150695090024783
35,Calcio_savia,M2_Indice_P,M2,M2_Indice_P,1700,1566.5959845630186,133.40401543698135
36,Calcio_savia,M2_Indice_P,M2,M2_Indice_P,1600,1470.6732656465258,129.3267343534742
37,Calcio_savia,M2_Indice_P,M2,M2_Indice_P,1900,1296.5996680266398,603.4003319733602
38,Calcio_savia,M2_Indice_P,M2,M2_Indice_P,2000,2071.825944858777,-71.8259448587769
39,Calcio_savia,M2_Indice_P,M2,M2_Indice_P,2300,1910.7684311406174,389.2315688593826
40,Calcio_savia,M2_Indice_P,M2,M2_Indice_P,1800,1826.435944493968,-26.43594449396801
41,Calcio_savia,M2_Indice_P,M2,M2_Indice_P,1500,1938.2588111918114,-438.25881119181145
42,Calcio_savia,M2_Indice_P,M2,M2_Indice_P,1500,1521.3330106781868,-21.333010678186838
43,Calcio_savia,M2_Indice_P,M2,M2_Indice_P,1900,1477.2818590387872,422.71814096121284
44,Calcio_savia,M2_Indice_P,M2,M2_Indice_P,1700,1795.9031055358498,-95.90310553584982
45,Calcio_savia,M2_Indice_P,M2,M2_Indice_P,1900,1805.8392127672855,94.16078723271448
46,Calcio_savia,M2_Indice_P,M2,M2_Indice_P,1700,2054.584014266633,-354.58401426663295
47,Calcio_savia,M2_Indice_P,M2,M2_Indice_P,1800,1979.2325336043118,-179.2325336043118
48,Calcio_savia,M2_Indice_P,M2,M2_Indice_P,1400,1536.9405711881554,-136.94057118815545
49,Calcio_savia,M2_Indice_P,M2,M2_Indice_P,1400,1342.4476786382706,57.552321361729355
50,Calcio_savia,M2_Indice_P,M2,M2_Indice_P,1300,1359.9796689335753,-59.97966893357534
51,Calcio_savia,M2_Indice_P,M2,M2_Indice_P,1500,1413.5598018559313,86.44019814406875
52,Calcio_savia,M2_Indice_P,M2,M2_Indice_P,1300,1429.5732053847673,-129.57320538476733
53,Calcio_savia,M2_Indice_P,M2,M2_Indice_P,1200,1398.8675189915755,-198.86751899157548
54,Calcio_savia,M2_Indice_P,M2,M2_Indice_P,940,1025.1044262987107,-85.10442629871068
55,Calcio_savia,M2_Indice_P,M2,M2_Indice_P,860,836.1081346498136,23.891865350186436
56,Calcio_savia,M2_Indice_P,M2,M2_Indice_P,1200,1015.3528374535144,184.64716254648556
1,Calcio_savia,M2_Indice_K,M2,M2_Indice_K,1200,1064.50726028292,135.49273971707998
2,Calcio_savia,M2_Indice_K,M2,M2_Indice_K,1000,833.1236414504107,166.87635854958933
3,Calcio_savia,M2_Indice_K,M2,M2_Indice_K,940,995.2810525720171,-55.281052572017074
4,Calcio_savia,M2_Indice_K,M2,M2_Indice_K,1400,1282.3338472253563,117.6661527746437
5,Calcio_savia,M2_Indice_K,M2,M2_Indice_K,1600,1565.3898766716852,34.610123328314785
6,Calcio_savia,M2_Indice_K,M2,M2_Indice_K,1500,1536.7409688863877,-36.74096888638769
7,Calcio_savia,M2_Indice_K,M2,M2_Indice_K,1200,1479.8362144280904,-279.83621442809044
8,Calcio_savia,M2_Indice_K,M2,M2_Indice_K,1400,1558.1363011289204,-158.13630112892042
9,Calcio_savia,M2_Indice_K,M2,M2_Indice_K,1600,1157.0578017935807,442.94219820641933
10,Calcio_savia,M2_Indice_K,M2,M2_Indice_K,1700,1763.46758015871,-63.46758015871001
11,Calcio_savia,M2_Indice_K,M2,M2_Indice_K,2000,1865.125497977294,134.8745020227061
12,Calcio_savia,M2_Indice_K,M2,M2_Indice_K,1800,1961.9716880469205,-161.97168804692046
13,Calcio_savia,M2_Indice_K,M2,M2_Indice_K,1000,1786.9234367728432,-786.9234367728432
14,Calcio_savia,M2_Indice_K,M2,M2_Indice_K,2000,1518.2127584748378,481.78724152516224
15,Calcio_savia,M2_Indice_K,M2,M2_Indice_K,1700,1708.8117207209225,-8.811720720922494
16,Calcio_savia,M2_Indice_K,M2,M2_Indice_K,1900,1495.4742605923266,404.5257394076734
17,Calcio_savia,M2_Indice_K,M2,M2_Indice_K,2300,1856.3260258325636,443.6739741674364
18,Calcio_savia,M2_Indice_K,M2,M2_Indice_K,1800,1864.893944056504,-64.8939440565041
19,Calcio_savia,M2_Indice_K,M2,M2_Indice_K,1800,1959.3512636472237,-159.35126364722373
20,Calcio_savia,M2_Indice_K,M2,M2_Indice_K,1300,1412.5330866670674,-112.53308666706744
21,Calcio_savia,M2_Indice_K,M2,M2_Indice_K,1300,1505.762314177974,-205.76231417797408
22,Calcio_savia,M2_Indice_K,M2,M2_Indice_K,1200,1452.4213768281925,-252.42137682819248
23,Calcio_savia,M2_Indice_K,M2,M2_Indice_K,1500,1372.4277373764285,127.57226262357153
24,Calcio_savia,M2_Indice_K,M2,M2_Indice_K,1600,1436.2462118584162,163.75378814158375
25,Calcio_savia,M2_Indice_K,M2,M2_Indice_K,1600,1244.9187645293928,355.0812354706072
26,Calcio_savia,M2_Indice_K,M2,M2_Indice_K,1200,873.1755474086024,326.82445259139763
27,Calcio_savia,M2_Indice_K,M2,M2_Indice_K,750,1247.2158080715312,-497.2158080715312
28,Calcio_savia,M2_Indice_K,M2,M2_Indice_K,1200,1137.4227052676233,62.577294732376686
29,Calcio_savia,M2_Indice_K,M2,M2_Indice_K,950,1081.1038983209714,-131.10389832097144
30,Calcio_savia,M2_Indice_K,M2,M2_Indice_K,780,931.634889794682,-151.63488979468195
31,Calcio_savia,M2_Indice_K,M2,M2_Indice_K,1000,942.945017356181,57.05498264381902
32,Calcio_savia,M2_Indice_K,M2,M2_Indice_K,1300,1753.483488507238,-453.483488507238
33,Calcio_savia,M2_Indice_K,M2,M2_Indice_K,1400,1565.4390176062868,-165.43901760628682
34,Calcio_savia,M2_Indice_K,M2,M2_Indice_K,1500,1493.5770896126269,6.422910387373122
35,Calcio_savia,M2_Indice_K,M2,M2_Indice_K,1700,1564.4488641198343,135.5511358801657
36,Calcio_savia,M2_Indice_K,M2,M2_Indice_K,1600,1468.6090735193088,131.39092648069118
37,Calcio_savia,M2_Indice_K,M2,M2_Indice_K,1900,1306.1001047117534,593.8998952882466
38,Calcio_savia,M2_Indice_K,M2,M2_Indice_K,2000,2069.8517864588957,-69.85178645889573
39,Calcio_savia,M2_Indice_K,M2,M2_Indice_K,2300,1907.317388487863,392.6826115121371
40,Calcio_savia,M2_Indice_K,M2,M2_Indice_K,1800,1825.9546396203755,-25.954639620375474
41,Calcio_savia,M2_Indice_K,M2,M2_Indice_K,1500,1937.7743214865418,-437.7743214865418
42,Calcio_savia,M2_Indice_K,M2,M2_Indice_K,1500,1520.8426258170539,-20.842625817053886
43,Calcio_savia,M2_Indice_K,M2,M2_Indice_K,1900,1475.2972312535421,424.7027687464579
44,Calcio_savia,M2_Indice_K,M2,M2_Indice_K,1700,1797.297173357019,-97.29717335701889
45,Calcio_savia,M2_Indice_K,M2,M2_Indice_K,1900,1801.8408742773481,98.15912572265188
46,Calcio_savia,M2_Indice_K,M2,M2_Indice_K,1700,2047.8703682915714,-347.87036829157137
47,Calcio_savia,M2_Indice_K,M2,M2_Indice_K,1800,1977.4372458245018,-177.43724582450182
48,Calcio_savia,M2_Indice_K,M2,M2_Indice_K,1400,1539.3408867927878,-139.34088679278784
49,Calcio_savia,M2_Indice_K,M2,M2_Indice_K,1400,1339.8084899201617,60.19151007983828
50,Calcio_savia,M2_Indice_K,M2,M2_Indice_K,1300,1357.5127776198538,-57.51277761985375
51,Calcio_savia,M2_Indice_K,M2,M2_Indice_K,1500,1413.9260256157513,86.07397438424869
52,Calcio_savia,M2_Indice_K,M2,M2_Indice_K,1300,1432.1512599722837,-132.1512599722837
53,Calcio_savia,M2_Indice_K,M2,M2_Indice_K,1200,1403.1992152486046,-203.19921524860456
54,Calcio_savia,M2_Indice_K,M2,M2_Indice_K,940,1025.921636048291,-85.92163604829102
55,Calcio_savia,M2_Indice_K,M2,M2_Indice_K,860,838.2525186439469,21.747481356053072
56,Calcio_savia,M2_Indice_K,M2,M2_Indice_K,1200,1013.3922771272526,186.60772287274744
1,Calcio_savia,M2_Exploratorio_pH_T_Hv,M2,M2_Exploratorio_pH_T_Hv,1200,996.1271375363393,203.87286246366068
2,Calcio_savia,M2_Exploratorio_pH_T_Hv,M2,M2_Exploratorio_pH_T_Hv,1000,786.8333620913596,213.16663790864038
3,Calcio_savia,M2_Exploratorio_pH_T_Hv,M2,M2_Exploratorio_pH_T_Hv,940,972.4140082081152,-32.414008208115206
4,Calcio_savia,M2_Exploratorio_pH_T_Hv,M2,M2_Exploratorio_pH_T_Hv,1400,1281.839247437922,118.16075256207796
5,Calcio_savia,M2_Exploratorio_pH_T_Hv,M2,M2_Exploratorio_pH_T_Hv,1600,1556.2326252063763,43.76737479362373
6,Calcio_savia,M2_Exploratorio_pH_T_Hv,M2,M2_Exploratorio_pH_T_Hv,1500,1651.0519678314427,-151.05196783144265
7,Calcio_savia,M2_Exploratorio_pH_T_Hv,M2,M2_Exploratorio_pH_T_Hv,1200,1440.565208034066,-240.56520803406602
8,Calcio_savia,M2_Exploratorio_pH_T_Hv,M2,M2_Exploratorio_pH_T_Hv,1400,1655.261998099094,-255.26199809909394
9,Calcio_savia,M2_Exploratorio_pH_T_Hv,M2,M2_Exploratorio_pH_T_Hv,1600,1239.7819047323526,360.2180952676474
10,Calcio_savia,M2_Exploratorio_pH_T_Hv,M2,M2_Exploratorio_pH_T_Hv,1700,1796.7734096849663,-96.77340968496628
11,Calcio_savia,M2_Exploratorio_pH_T_Hv,M2,M2_Exploratorio_pH_T_Hv,2000,1856.44631583386,143.5536841661401
12,Calcio_savia,M2_Exploratorio_pH_T_Hv,M2,M2_Exploratorio_pH_T_Hv,1800,1939.937391549014,-139.9373915490139
13,Calcio_savia,M2_Exploratorio_pH_T_Hv,M2,M2_Exploratorio_pH_T_Hv,1000,1761.3207474170292,-761.3207474170292
14,Calcio_savia,M2_Exploratorio_pH_T_Hv,M2,M2_Exploratorio_pH_T_Hv,2000,1505.2181752006932,494.78182479930683
15,Calcio_savia,M2_Exploratorio_pH_T_Hv,M2,M2_Exploratorio_pH_T_Hv,1700,1739.671100571296,-39.67110057129594
16,Calcio_savia,M2_Exploratorio_pH_T_Hv,M2,M2_Exploratorio_pH_T_Hv,1900,1504.77209529302,395.2279047069801
17,Calcio_savia,M2_Exploratorio_pH_T_Hv,M2,M2_Exploratorio_pH_T_Hv,2300,1929.940477418368,370.0595225816321
18,Calcio_savia,M2_Exploratorio_pH_T_Hv,M2,M2_Exploratorio_pH_T_Hv,1800,1876.9374069241082,-76.93740692410825
19,Calcio_savia,M2_Exploratorio_pH_T_Hv,M2,M2_Exploratorio_pH_T_Hv,1800,1893.0433069124533,-93.04330691245332
20,Calcio_savia,M2_Exploratorio_pH_T_Hv,M2,M2_Exploratorio_pH_T_Hv,1300,1460.2169253310915,-160.2169253310915
21,Calcio_savia,M2_Exploratorio_pH_T_Hv,M2,M2_Exploratorio_pH_T_Hv,1300,1568.4135608580868,-268.41356085808684
22,Calcio_savia,M2_Exploratorio_pH_T_Hv,M2,M2_Exploratorio_pH_T_Hv,1200,1406.1734893327293,-206.17348933272933
23,Calcio_savia,M2_Exploratorio_pH_T_Hv,M2,M2_Exploratorio_pH_T_Hv,1500,1489.3701037231194,10.629896276880572
24,Calcio_savia,M2_Exploratorio_pH_T_Hv,M2,M2_Exploratorio_pH_T_Hv,1600,1393.9251943084432,206.07480569155678
25,Calcio_savia,M2_Exploratorio_pH_T_Hv,M2,M2_Exploratorio_pH_T_Hv,1600,1156.374014847458,443.62598515254194
26,Calcio_savia,M2_Exploratorio_pH_T_Hv,M2,M2_Exploratorio_pH_T_Hv,1200,831.1378359472591,368.8621640527409
27,Calcio_savia,M2_Exploratorio_pH_T_Hv,M2,M2_Exploratorio_pH_T_Hv,750,1280.3867457015233,-530.3867457015233
28,Calcio_savia,M2_Exploratorio_pH_T_Hv,M2,M2_Exploratorio_pH_T_Hv,1200,1119.809677038661,80.190322961339
29,Calcio_savia,M2_Exploratorio_pH_T_Hv,M2,M2_Exploratorio_pH_T_Hv,950,1116.117236077604,-166.11723607760405
30,Calcio_savia,M2_Exploratorio_pH_T_Hv,M2,M2_Exploratorio_pH_T_Hv,780,920.351725395447,-140.35172539544703
31,Calcio_savia,M2_Exploratorio_pH_T_Hv,M2,M2_Exploratorio_pH_T_Hv,1000,950.41541943892355,49.58458056107645
32,Calcio_savia,M2_Exploratorio_pH_T_Hv,M2,M2_Exploratorio_pH_T_Hv,1300,2102.867997737677,-802.8679977376769
33,Calcio_savia,M2_Exploratorio_pH_T_Hv,M2,M2_Exploratorio_pH_T_Hv,1400,1503.5119358465402,-103.51193584654015
34,Calcio_savia,M2_Exploratorio_pH_T_Hv,M2,M2_Exploratorio_pH_T_Hv,1500,1550.9973561052784,-50.99735610527841
35,Calcio_savia,M2_Exploratorio_pH_T_Hv,M2,M2_Exploratorio_pH_T_Hv,1700,1363.6120874508183,336.3879125491817
36,Calcio_savia,M2_Exploratorio_pH_T_Hv,M2,M2_Exploratorio_pH_T_Hv,1600,1499.4562443115612,100.54375568843875
37,Calcio_savia,M2_Exploratorio_pH_T_Hv,M2,M2_Exploratorio_pH_T_Hv,1900,1454.6986850937944,445.30131490620556
38,Calcio_savia,M2_Exploratorio_pH_T_Hv,M2,M2_Exploratorio_pH_T_Hv,2000,2003.0296946541512,-3.0296946541511716
39,Calcio_savia,M2_Exploratorio_pH_T_Hv,M2,M2_Exploratorio_pH_T_Hv,2300,1839.4840544958618,460.51594550413824
40,Calcio_savia,M2_Exploratorio_pH_T_Hv,M2,M2_Exploratorio_pH_T_Hv,1800,1881.8334009178755,-81.83340091787545
41,Calcio_savia,M2_Exploratorio_pH_T_Hv,M2,M2_Exploratorio_pH_T_Hv,1500,1972.7941247902963,-472.79412479029634
42,Calcio_savia,M2_Exploratorio_pH_T_Hv,M2,M2_Exploratorio_pH_T_Hv,1500,1532.2492531640942,-32.24925316409417
43,Calcio_savia,M2_Exploratorio_pH_T_Hv,M2,M2_Exploratorio_pH_T_Hv,1900,1499.093447313404,400.9065526865959
44,Calcio_savia,M2_Exploratorio_pH_T_Hv,M2,M2_Exploratorio_pH_T_Hv,1700,1853.6602941243516,-153.6602941243516
45,Calcio_savia,M2_Exploratorio_pH_T_Hv,M2,M2_Exploratorio_pH_T_Hv,1900,1831.0566778803814,68.94332211961864
46,Calcio_savia,M2_Exploratorio_pH_T_Hv,M2,M2_Exploratorio_pH_T_Hv,1700,1989.472552390495,-289.4725523904949
47,Calcio_savia,M2_Exploratorio_pH_T_Hv,M2,M2_Exploratorio_pH_T_Hv,1800,1919.5806378768532,-119.58063787685319
48,Calcio_savia,M2_Exploratorio_pH_T_Hv,M2,M2_Exploratorio_pH_T_Hv,1400,1587.4027408039897,-187.40274080398967
49,Calcio_savia,M2_Exploratorio_pH_T_Hv,M2,M2_Exploratorio_pH_T_Hv,1400,1345.7552567325752,54.24474326742484
50,Calcio_savia,M2_Exploratorio_pH_T_Hv,M2,M2_Exploratorio_pH_T_Hv,1300,1266.1085258409196,33.89147415908042
51,Calcio_savia,M2_Exploratorio_pH_T_Hv,M2,M2_Exploratorio_pH_T_Hv,1500,1417.94694148263,82.05305851736989
52,Calcio_savia,M2_Exploratorio_pH_T_Hv,M2,M2_Exploratorio_pH_T_Hv,1300,1429.349271191733,-129.3492711917329
53,Calcio_savia,M2_Exploratorio_pH_T_Hv,M2,M2_Exploratorio_pH_T_Hv,1200,1387.5241240910364,-187.52412409103636
54,Calcio_savia,M2_Exploratorio_pH_T_Hv,M2,M2_Exploratorio_pH_T_Hv,940,1005.0665343666898,-65.06653436668978
55,Calcio_savia,M2_Exploratorio_pH_T_Hv,M2,M2_Exploratorio_pH_T_Hv,860,881.1176967383415,-21.117696738341465
56,Calcio_savia,M2_Exploratorio_pH_T_Hv,M2,M2_Exploratorio_pH_T_Hv,1200,1014.8356328368798,185.16436716312023
