grid_id,X,Y,I1,Var_I1,I2,Var_I2,Diferencia_I2_I1,Cambio_relativo_porcentaje,Variable
1,587191.2179033896,517556.49489339313,44.83165002545977,200.9493523014442,39.548597433369075,147.60426257070708,-5.283052592090698,-11.78420287696408,K
2,587190.9847579175,517556.7280388654,44.601029894432536,200.50656778345217,37.713003423032056,146.04308783776804,-6.8880264714004795,-15.443648919551741,K
3,587191.2179033896,517556.7280388654,44.662981021665665,200.62186952806144,38.322820384617096,147.5933601905209,-6.3401606370485695,-14.195560824686124,K
4,587191.451048862,517556.7280388654,44.73393867351446,200.74884270036443,38.964448255971504,148.1588224225519,-5.769490417542954,-12.897345032931083,K
5,587190.7516124453,517556.9611843376,44.295704042777864,199.784774347253,35.80554573940824,139.11282094680442,-8.490158303369626,-19.167001601713775,K
6,587190.9847579175,517556.9611843376,44.36336594310626,199.93694104609315,36.419484696676456,143.12463297953886,-7.943881246429804,-17.906398844076495,K
7,587191.2179033896,517556.9611843376,44.4493179894468,200.12557181374282,37.08926427761915,146.15577576394247,-7.360053711827646,-16.558305154592198,K
8,587191.451048862,517556.9611843376,44.54755801830401,200.3314841197802,37.780896383980476,148.12096289258952,-6.766661634323533,-15.189747621055233,K
9,587191.6841943341,517556.9611843376,44.651711421728876,200.5371361682688,38.46692706086665,149.02785599954979,-6.184784360862224,-13.851169784843949,K
10,587190.518466973,517557.19432980986,43.91959227175864,198.68331703773566,33.79928782132099,126.68065330111087,-10.12030445043765,-23.042801462765972,K
11,587190.7516124453,517557.19432980986,43.98040642226072,198.84250238356296,34.41879040893806,133.18303432192326,-9.561616013322663,-21.740626772568984,K
12,587190.9847579175,517557.19432980986,44.07233417568297,199.08804936267023,35.12571808681443,138.85091741969092,-8.946616088868538,-20.299846278177974,K
13,587191.2179033896,517557.19432980986,44.18867983474546,199.39062105240654,35.873952764503436,143.3954841534508,-8.314727070242022,-18.816418823411354,K
14,587191.451048862,517557.19432980986,44.32132201531133,199.71833083526778,36.62944755854021,146.71783890792324,-7.691874456771124,-17.35479472862717,K
15,587191.6841943341,517557.19432980986,44.4616432476521,200.04242433244343,37.36741202989321,148.8383394245043,-7.094231217758889,-15.955845757305688,K
16,587191.9173398062,517557.19432980986,44.60143842124165,200.34118849700783,38.06995616740372,149.82911343580793,-6.531482253837936,-14.64410674864532,K
17,587192.1504852786,517557.19432980986,44.73367203486752,200.60149370330384,38.72459269628834,149.75865641346203,-6.009079338579177,-13.433011566534084,K
18,587190.2853215009,517557.427475282,43.491467891281715,197.14405745335435,31.670977726323795,108.49001091977884,-11.82049016495792,-27.178871484646884,K
19,587190.518466973,517557.427475282,43.526349604704855,197.22658315370816,32.28964630107413,117.42652038973293,-11.236703303630726,-25.815864196468542,K
20,587190.7516124453,517557.427475282,43.607742567976004,197.47743193796597,33.04593488168761,125.99381971838403,-10.561807686288397,-24.220028518615905,K
21,587190.9847579175,517557.427475282,43.72971720695292,197.86285778292108,33.8680122534464,133.45825886525472,-9.861704953506518,-22.551494917827938,K
22,587191.2179033896,517557.427475282,43.88341615852584,198.33534883877928,34.70810644999891,139.50879192307414,-9.175309708526932,-20.908376128653597,K
23,587191.451048862,517557.427475282,44.05811355588789,198.8436432482973,35.53527774371313,144.10145264022412,-8.522835812174762,-19.344531856461604,K
24,587191.6841943341,517557.427475282,44.24244097654921,199.34205042678173,36.32958434280825,147.32631791735452,-7.912856633740958,-17.88521713332947,K
25,587191.9173398062,517557.427475282,44.42558700107673,199.7967544670442,37.07843360541251,149.31371452422076,-7.347153395664215,-16.53811213678762,K
26,587192.1504852786,517557.427475282,44.59829854988938,200.18814003846398,37.77456114793275,150.17318152732267,-6.8237374019566275,-15.30044334387181,K
27,587192.3836307507,517557.427475282,44.75356388020834,200.50958748449497,38.41502028529015,149.95832132692382,-6.3385435949181925,-14.163215273502113,K
28,587190.0521760285,517557.66062075424,43.04626294275764,195.21960124315186,29.416399942510484,84.31767158685757,-13.629863000247159,-31.663289838590572,K
29,587190.2853215009,517557.66062075424,43.03132319185214,195.0708090881747,29.999720903643137,95.21519164433388,-13.031602288209001,-30.283991570764663,K
30,587190.518466973,517557.66062075424,43.078655283099316,195.19698295621387,30.819619068668146,107.08554990597156,-12.25903621443117,-28.457332602117347,K
31,587190.7516124453,517557.66062075424,43.18523341213258,195.57882088634906,31.74280185534159,118.06502423257795,-11.442431556790993,-26.49616698280094,K
32,587190.9847579175,517557.66062075424,43.34336134321871,196.1635683613923,32.69297695155268,127.35506226323295,-10.65038439166603,-24.57212376153733,K
33,587191.2179033896,517557.66062075424,43.5415933567929,196.87729757469506,33.62837593254892,134.77714426400973,-9.913217424243982,-22.767236244691595,K
34,587191.451048862,517557.66062075424,43.76609637544715,197.64074651750443,34.52595068728978,140.4489092428777,-9.24014568815737,-21.112565326573442,K
35,587191.6841943341,517557.66062075424,44.002228385524525,198.38396077616105,35.37307880571942,144.59689951787206,-8.629149579805102,-19.61071040357548,K
36,587191.9173398062,517557.66062075424,44.23608520335205,199.05605057412598,36.163537209242016,147.45005411182225,-8.072547994110032,-18.248784803177664,K
37,587192.1504852786,517557.66062075424,44.45579383783206,199.62857756644172,36.89560786367245,149.18119934347527,-7.560185974159609,-17.006075747377295,K
38,587192.3836307507,517557.66062075424,44.65239629482577,200.0933446727417,37.57120859215874,149.8821756080063,-7.08118770266703,-15.858471863216854,K
39,587192.6167762228,517557.66062075424,44.82025459041226,200.4567964157399,38.19550707441769,149.56528584671253,-6.624747515994571,-14.780700325186697,K
40,587190.0521760285,517557.8937662265,42.54259943800478,192.53611143894193,27.521701322042027,65.5435926195201,-15.020898115962751,-35.307899174924565,K
41,587190.2853215009,517557.8937662265,42.52819100642709,192.31861301765056,28.416357055328444,81.25345527574456,-14.11183395109865,-33.182304765716445,K
42,587190.518466973,517557.8937662265,42.591260429457634,192.50364332221974,29.48571525101728,96.85181424443145,-13.105545178440355,-30.77050325887067,K
43,587190.7516124453,517557.8937662265,42.72787565709185,193.06206467248202,30.584986705945003,110.27757484713511,-12.142888951146848,-28.419126306672364,K
44,587190.9847579175,517557.8937662265,42.9282644291188,193.9149575298927,31.65618353754981,121.10815524547668,-11.272080891568987,-26.257946929536217,K
45,587191.2179033896,517557.8937662265,43.1779696773678,194.95222766573573,32.67462107579889,129.52640334590185,-10.50334860156891,-24.32571211673798,K
46,587191.451048862,517557.8937662265,43.45956006763308,196.05650467074634,33.62949596271113,135.91980582815563,-9.830064104921945,-22.618876237182572,K
47,587191.6841943341,517557.8937662265,43.754615088804265,197.12509677431066,34.51685636060101,140.70429187808125,-9.237758728203254,-21.112649967219046,K
48,587191.9173398062,517557.8937662265,44.04567379447943,198.08442597079434,35.3369847076166,144.23188788758063,-8.708689086862826,-19.77195110579589,K
49,587192.1504852786,517557.8937662265,44.31786757089301,198.89474938624593,36.09341318699208,146.74369394032425,-8.224454383900927,-18.557874813684776,K
50,587192.3836307507,517557.8937662265,44.56003829486373,199.5464257630855,36.7925222598797,148.35908497952855,-7.767516034984027,-17.431573966756126,K
51,587192.6167762228,517557.8937662265,44.76525176141014,200.05115859333975,37.44332292729874,149.09506515292415,-7.321928834111404,-16.356277572470326,K
52,587192.8499216952,517557.8937662265,44.93072656385053,200.43205302088808,38.05730598121446,148.90594863338657,-6.873420582636065,-15.297817570050482,K
53,587189.8190305564,517558.1269116986,42.118797252046456,190.00073508614489,24.895308780198523,27.981736106570718,-17.223488471847933,-40.89264080543298,K
54,587190.0521760285,517558.1269116986,42.0159377717381,189.17003016528216,25.818240848712325,47.26865502152908,-16.197696923025777,-38.55131595782473,K
55,587190.2853215009,517558.1269116986,42.00447124452591,188.86453161663536,27.123571152637552,69.72840500957425,-14.880900091888357,-35.426943015804916,K
56,587190.518466973,517558.1269116986,42.08700957783691,189.1233513883763,28.42534442311458,88.72670290362336,-13.661665154722328,-32.46052711218662,K
57,587190.7516124453,517558.1269116986,42.2585331055507,189.90444012039586,29.66041034764343,103.77472440715306,-12.598122757907266,-29.81202098624784,K
58,587190.9847579175,517558.1269116986,42.50689281026734,191.09510514980948,30.814400796346433,115.32373619917189,-11.692492013920905,-27.507284679948754,K
59,587191.2179033896,517558.1269116986,42.81422669483344,192.5388815037774,31.88422707767255,124.0338945261344,-10.929999617160888,-25.528896492903034,K
60,587191.451048862,517558.1269116986,43.15905885853409,194.06988011024754,32.87069890422649,130.5904161578571,-10.288359954307602,-23.83823981896961,K
61,587191.6841943341,517558.1269116986,43.51873965737432,195.54414228452197,33.776912628616245,135.6082900184576,-9.741827028758074,-22.385361123635633,K
62,587191.9173398062,517558.1269116986,43.8718462045991,196.85997824185057,34.60812326492039,139.5619429360871,-9.263722939678715,-21.115416243202446,K
63,587192.1504852786,517558.1269116986,44.200198431360775,197.96420990457045,35.37192614964628,142.7448743604161,-8.828272281714497,-19.97337703228656,K
64,587192.3836307507,517558.1269116986,44.49024325776491,198.84626131791185,36.07832038374501,145.2720300693035,-8.4119228740199,-18.907342954461733,K
65,587192.6167762228,517558.1269116986,44.73369161110724,199.52517176086627,36.73955669051519,147.1226822436409,-7.994134920592053,-17.870501254600534,K
66,587192.8499216952,517558.1269116986,44.92742886808283,200.03514304752903,37.369856949583976,148.20524314197428,-7.5575719184988515,-16.821732533792677,K
67,587193.0830671673,517558.1269116986,45.0728311248432,200.41373818215615,37.985135973133424,148.4219795189018,-7.087695151709774,-15.724983265591197,K
68,587189.5858850842,517558.36005717085,41.81967867502613,187.99270591566264,24.54622942200795,26.931605064324245,-17.273449253018182,-41.304595827355165,K
69,587189.8190305564,517558.36005717085,41.608921001459755,186.32395663413197,23.453646867567656,11.606902423776871,-18.1552741338921,-43.63312889862047,K
70,587190.0521760285,517558.36005717085,41.495285606178,185.208842443753,24.9380534966268,40.78189397223617,-16.5572321095512,-39.9014776442124,K
71,587190.2853215009,517558.36005717085,41.49010747086181,184.79693693369308,26.407983649263414,65.51261362978923,-15.082123821598394,-36.3511322119145,K
72,587190.518466973,517558.36005717085,41.59618910839254,185.14034867246252,27.776176582604897,84.84571580529064,-13.82001252578764,-33.224227560306204,K
73,587190.7516124453,517558.36005717085,41.80722846853574,186.18113740491458,29.042422601996034,99.52310098699083,-12.764805866539707,-30.532533090890112,K
74,587190.9847579175,517558.36005717085,42.1084230385721,187.7659879039603,30.210311906875173,110.40688586964242,-11.898111131696925,-28.255893413054284,K
75,587191.2179033896,517558.36005717085,42.47816770748258,189.68316915167392,31.283630700291138,118.39741913662932,-11.194537007191439,-26.353624959250556,K
76,587191.451048862,517558.36005717085,42.890573721463035,191.70950819068491,32.266397365365464,124.37798280803493,-10.624176356097571,-24.770422576047487,K
77,587191.6841943341,517558.36005717085,43.31840271584068,193.65296261932724,33.163659777058534,129.12916395057994,-10.15474293878215,-23.442099205261695,K
78,587191.9173398062,517558.36005717085,43.73596012386825,195.37982138202483,33.98246110671781,133.22965128079593,-9.753499017150446,-22.300868643392644,K
79,587192.1504852786,517558.36005717085,44.121531974073186,196.822442103084,34.73252756719742,136.99088006156396,-9.389004406875763,-21.279869457826067,K
80,587192.3836307507,517558.36005717085,44.45906290552973,197.97038860657784,35.42637292826677,140.46604339120668,-9.032689977262955,-20.316869917965562,K
81,587192.6167762228,517558.36005717085,44.738930395409135,198.85212423515665,36.07885302906255,143.52979168415413,-8.660077366346584,-19.356916425599735,K
82,587192.8499216952,517558.36005717085,44.957833831819876,199.51507490761867,36.70647800193045,145.9851148960463,-8.251355829889427,-18.353544035854664,K
83,587193.0830671673,517558.36005717085,45.1179538710365,200.00970593127252,37.3267834610483,147.65262220244156,-7.791170409988197,-17.268448015746,K
84,587193.3162126394,517558.36005717085,45.22562500890788,200.3799762079661,37.957871176098294,148.42246525876683,-7.267753832809589,-16.06999092080672,K
85,587193.5493581118,517558.36005717085,45.289794308463975,200.65973084308905,38.61805635557994,148.27079773637215,-6.671737952884037,-14.731217164387054,K
86,587189.3527396119,517558.5932026431,41.69408211939479,187.01191427738,26.604506523375083,66.00987607531108,-15.08957559601971,-36.19116869585794,K
87,587189.5858850842,517558.5932026431,41.36887423030068,184.4424792125018,25.17505930982127,46.94689587913883,-16.193814920479415,-39.144925313481785,K
88,587189.8190305564,517558.5932026431,41.13568281891662,182.30658996276628,24.607715775879562,40.54868668539062,-16.52796704303706,-40.17914839482504,K
89,587190.0521760285,517558.5932026431,41.015373148906505,180.87615913572688,25.250056065506936,52.96145234471281,-15.76531708339957,-38.43758052904581,K
90,587190.2853215009,517558.5932026431,41.02073288826944,180.3428088743342,26.376610350222187,70.44416169558993,-14.644122538047256,-35.69931960487958,K
91,587190.518466973,517558.5932026431,41.15459023328678,180.77220223764985,27.581322099078044,85.81996264375684,-13.573268134208739,-32.981176722372915,K
92,587190.7516124453,517558.5932026431,41.409155631935725,182.08815901867442,28.752510293267452,97.70610157458356,-12.656645338668273,-30.564847665976476,K
93,587190.9847579175,517558.5932026431,41.766734215150244,184.09223868508516,29.856250463523118,106.32614145358306,-11.910483751627126,-28.516674754299512,K
94,587191.2179033896,517558.5932026431,42.201717938611026,186.512151310905,30.880611296429166,112.43580849794107,-11.32110664218186,-26.826174845891757,K
95,587191.451048862,517558.5932026431,42.68354422574552,189.0628390266199,31.821645172613614,116.98960074966276,-10.861899053131907,-25.447509690585424,K
96,587191.6841943341,517558.5932026431,43.180149823046364,191.50134619569803,32.67997696408437,120.91652133241406,-10.500172858961996,-24.317129287397197,K
97,587191.9173398062,517558.5932026431,43.661386475051586,193.66122972812516,33.46063387429707,124.89829624807382,-10.200752600754512,-23.363327242444058,K
98,587192.1504852786,517558.5932026431,44.10190686783923,195.46138858582478,34.173406349825584,129.21886327150438,-9.92850051801365,-22.512633178802265,K
99,587192.3836307507,517558.5932026431,44.48315875785264,196.89336544494938,34.832412184955444,133.77563418472644,-9.650746572897198,-21.69528163553256,K
100,587192.6167762228,517558.5932026431,44.79430766018503,197.9967627985812,35.454766074206375,138.23459225913774,-9.339541585978651,-20.849840244947035,K
101,587192.8499216952,517558.5932026431,45.03210144056662,198.833146578918,36.059051392996295,142.21609863832848,-8.973050047570325,-19.92589677257891,K
102,587193.0830671673,517558.5932026431,45.19985441252053,199.46578242391422,36.66417038542518,145.41951065717873,-8.53568402709535,-18.88431752278152,K
103,587193.3162126394,517558.5932026431,45.30583668423583,199.94808706528025,37.28864648941871,147.66909998834473,-8.017190194817118,-17.695711593836872,K
104,587193.5493581118,517558.5932026431,45.36139539836438,200.3199259391715,37.950172864484,148.90603756854827,-7.411222533880377,-16.338171409399827,K
105,587193.7825035839,517558.5932026431,45.37911280402378,200.60894511588606,38.66519338541113,149.15352096298454,-6.713919418612647,-14.7951755857539,K
106,587189.1195941397,517558.82634811534,41.7696776874128,187.31864798623454,28.507114452944645,99.0789721397158,-13.262563234468157,-31.751653277575567,K
107,587189.3527396119,517558.82634811534,41.33940861534266,184.0206992539009,27.199543641140174,83.64556145112788,-14.139864974202489,-34.20432330266726,K
108,587189.5858850842,517558.82634811534,40.98475966821394,180.88948996327193,26.194206571834588,71.174565997874,-14.790553096379352,-36.08793418849857,K
109,587189.8190305564,517558.82634811534,40.73511249163845,178.28180983157114,25.783522762465946,66.57380998023582,-14.951589729172508,-36.70442724870728,K
110,587190.0521760285,517558.82634811534,40.61371793569678,176.52932884971153,26.06651989087015,71.24928396597376,-14.547198044826633,-35.81843471671083,K
111,587190.2853215009,517558.82634811534,40.6345773703394,175.86478194148236,26.80948985417296,80.64822423468742,-13.825087516166441,-34.02296371921381,K
112,587190.518466973,517558.82634811534,40.800315510742614,176.36616199842896,27.751674595478594,90.13655169901911,-13.04864091526402,-31.981715709596283,K
113,587190.7516124453,517558.82634811534,41.10144334857217,177.93791237570915,28.74785476648114,97.59426539984155,-12.353588582091028,-30.056337626206947,K
114,587190.9847579175,517558.82634811534,41.5171833684176,180.33597223041406,29.729181731167763,102.61272941359307,-11.788001637249835,-28.393066872202724,K
115,587191.2179033896,517558.82634811534,42.01776001793447,183.2281826312078,30.66200788645923,105.7151203646471,-11.355752131475242,-27.02607689374269,K
116,587191.451048862,517558.82634811534,42.56780454678305,186.2697696370552,31.52870772760253,107.9354719969055,-11.039096819180521,-25.932971964876145,K
117,587191.6841943341,517558.82634811534,43.130339603055006,189.17036731544923,32.320857397263325,110.44672162642857,-10.809482205791682,-25.06236284081108,K
118,587191.9173398062,517558.82634811534,43.67073253103293,191.73501462121257,33.038260727467275,114.11018209790466,-10.632471803565657,-24.346905094871257,K
119,587192.1504852786,517558.82634811534,44.160047959682736,193.87312937474573,33.68934614385735,119.12958406883176,-10.470701815825386,-23.710802636321713,K
120,587192.3836307507,517558.82634811534,44.577373450707,195.58100173578282,34.28979374457772,125.0794442937505,-10.287579706129279,-23.07803019732675,K
121,587192.6167762228,517558.82634811534,44.910898884249534,196.91026368957597,34.859353193109,131.24791676793163,-10.051545691140532,-22.381083302400025,K
122,587192.8499216952,517558.82634811534,45.15775320706736,197.93548506816708,35.418843445789946,136.97700459036,-9.738909761277412,-21.566417878720404,K
123,587193.0830671673,517558.82634811534,45.32279593373645,198.72996437109185,35.98842460449578,141.82152410742773,-9.334371329240668,-20.595312219678267,K
124,587193.3162126394,517558.82634811534,45.41669254418119,199.35294478379515,36.58683868035247,145.55774621402063,-8.829853863828717,-19.441868989555037,K
125,587193.5493581118,517558.82634811534,45.45365777275125,199.84667875903892,37.231006430249266,148.12639418725428,-8.222651342501983,-18.09018623674184,K
126,587193.7825035839,517558.82634811534,45.44923189019035,200.2393975202577,37.935637389895035,149.56266763252998,-7.513594500295312,-16.531840446608356,K
127,587194.0156490563,517558.82634811534,45.418379545999116,200.55022456099348,38.71276882386964,149.93317688729874,-6.705610722129478,-14.764090637223477,K
128,587188.8864486676,517559.05949358747,42.04791714469256,188.80898784244454,30.199127711728853,126.76206481256952,-11.84878943296371,-28.179254140437976,K
129,587189.1195941397,517559.05949358747,41.53719895964484,185.16225774448324,29.014167608885458,114.04067476605655,-12.523031350759382,-30.14895482703598,K
130,587189.3527396119,517559.05949358747,41.07644752487977,181.33960211464662,27.969571127989795,102.01891702771312,-13.106876396889973,-31.908495467995895,K
131,587189.5858850842,517559.05949358747,40.70082482568545,177.70392330645396,27.204908692155048,92.68983516973375,-13.495916133530404,-33.15882710321244,K
132,587189.8190305564,517559.05949358747,40.44251163169622,174.66873166689274,26.858959328560584,88.08694785872584,-13.583552303135637,-33.587311358995144,K
133,587190.0521760285,517559.05949358747,40.32675274481444,172.6175428374531,26.971543846178466,88.49221910709974,-13.355208898635976,-33.11749146564573,K
134,587190.2853215009,517559.05949358747,40.36840932893165,171.81782610950884,27.44835754201556,91.89459751386666,-12.920051786916087,-32.00535270448819,K
135,587190.518466973,517559.05949358747,40.56961144334252,172.35650341242678,28.145858331471747,95.68763231889406,-12.42375311187077,-30.623298251749734,K
136,587190.7516124453,517559.05949358747,40.918955923285246,174.11920960394173,28.948299978219076,98.13987030703602,-11.97065594506617,-29.254548839195028,K
137,587190.9847579175,517559.05949358747,41.39244722832605,176.82106865151857,29.781104841809864,98.6789170434235,-11.611342386516185,-28.051838352215636,K
138,587191.2179033896,517559.05949358747,41.9560815381981,180.07854846578743,30.59815990475865,97.74893180133948,-11.35792163343945,-27.07097807286615,K
139,587191.451048862,517559.05949358747,42.56969055940965,183.49808009198617,31.36935231723336,96.63194131489101,-11.20033824217629,-26.310593511468586,K
140,587191.6841943341,517559.05949358747,43.191451980056314,186.7534961779967,32.07491181326344,97.05237781106274,-11.116540166792873,-25.737824632350737,K
141,587191.9173398062,517559.05949358747,43.78238081249941,189.63174627860823,32.70679395485464,100.31687589001102,-11.075586857644772,-25.296904033329337,K
142,587192.1504852786,517559.05949358747,44.310154307644005,192.04038854290297,33.271853746401845,106.46925261348376,-11.03830056124216,-24.911446899064238,K
143,587192.3836307507,517559.05949358747,44.75177695122563,193.98422287067072,33.789173339321245,114.4111906818222,-10.962603611904385,-24.496465523262646,K
144,587192.6167762228,517559.05949358747,45.09482134880779,195.5265526776918,34.28273615559177,122.76822909988468,-10.81208519321602,-23.976334465513677,K
145,587192.8499216952,517559.05949358747,45.33723339245287,196.75103398093532,34.77608102529949,130.51171460232945,-10.561152367153383,-23.294655577531252,K
146,587193.0830671673,517559.05949358747,45.48591493077439,197.7347232353092,35.29048331717941,137.07993029841137,-10.195431613594984,-22.414480678494748,K
147,587193.3162126394,517559.05949358747,45.554455534903695,198.53555764827584,35.84468061179868,142.2655629212776,-9.709774923105016,-21.314654755703124,K
148,587193.5493581118,517559.05949358747,45.56045733708066,199.1915855806229,36.45472725345189,146.07139130196794,-9.105730083628771,-19.986037489175544,K
149,587193.7825035839,517559.05949358747,45.52288394463211,199.72655236517295,37.133623308014606,148.59606532556222,-8.389260636617507,-18.428666880641988,K
150,587194.0156490563,517559.05949358747,45.45978316797611,200.1567565489567,37.890814312672056,149.9547374091079,-7.568968855304057,-16.649812928795434,K
151,587194.2487945284,517559.05949358747,45.386610711652885,200.49608671596286,38.73173448447506,150.2281386889042,-6.654876227177823,-14.662641961650602,K
152,587188.6533031953,517559.2926390597,42.505728589394145,191.0540377491127,31.700522987764913,150.3422372937867,-10.805205601629233,-25.42058673080904,K
153,587188.8864486676,517559.2926390597,41.9500755201633,187.52213802792085,30.629001277205962,139.60727812266398,-11.32107424295734,-26.987017550220777,K
154,587189.1195941397,517559.2926390597,41.41343018681489,183.5053628360019,29.62700932390235,128.86901825697467,-11.786420862912543,-28.460383044206456,K
155,587189.3527396119,517559.2926390597,40.93292925173284,179.28741554334454,28.770538800514363,118.9739444772526,-12.162390451218474,-29.712973572990986,K
156,587189.5858850842,517559.2926390597,40.54644064014376,175.26733911776086,28.14842859353245,111.01228189927203,-12.398012046611306,-30.577312954904418,K
157,587189.8190305564,517559.2926390597,40.28839364248879,171.89928681981982,27.834298041459782,105.81595352555509,-12.45409560102901,-30.912365758595843,K
158,587190.0521760285,517559.2926390597,40.18549856752702,169.60295433227068,27.848427299059175,103.29009263176992,-12.337071268467845,-30.700306598751894,K
159,587190.2853215009,517559.2926390597,40.25302091624296,168.6685131796138,28.14632104624455,102.27808127989775,-12.106699869998408,-30.076500084775237,K
160,587190.518466973,517559.2926390597,40.49225187508345,169.18624773967935,28.647552506362764,101.18346793556076,-11.844699368720683,-29.251767486928074,K
161,587190.7516124453,517559.2926390597,40.88966158199027,171.02551362889972,29.27175926921428,98.71265252494399,-11.617902312775989,-28.412811119701367,K
162,587190.9847579175,517559.2926390597,41.41795764866991,173.87119508958165,29.95518384023937,94.30220422478526,-11.46277380843054,-27.675854772135665,K
163,587191.2179033896,517559.2926390597,42.03895045633378,177.3052872495089,30.650245715884523,88.37554865017239,-11.388704740449256,-27.090839844536088,K
164,587191.451048862,517559.2926390597,42.707815974159764,180.90571229454048,31.31867683163481,82.62899434237282,-11.389139142524954,-26.667575671431944,K
165,587191.6841943341,517559.2926390597,43.37811217877007,184.33073012876605,31.9271118078603,79.97765004920846,-11.451000370909767,-26.39810677725636,K
166,587191.9173398062,517559.2926390597,44.006794397229584,187.3661731369978,32.45495742135958,82.95103235687324,-11.551836975870003,-26.250121450784974,K
167,587192.1504852786,517559.2926390597,44.55850656281307,189.92910855679776,32.9090409543189,91.23041215023649,-11.649465608494175,-26.144201202237777,K
168,587192.3836307507,517559.2926390597,45.008585741094464,192.03748689136825,33.31781731177356,102.18146744038324,-11.690768429320904,-25.974529607685074,K
169,587192.6167762228,517559.2926390597,45.344465711290546,193.76439245875102,33.712593268141426,113.3287499717656,-11.63187244314912,-25.65224280557096,K
170,587192.8499216952,517559.2926390597,45.565446272903884,195.19549134790617,34.11969870500424,123.29428857178746,-11.445747567899645,-25.119357987515233,K
171,587193.0830671673,517559.2926390597,45.68105183242879,196.40143035697284,34.560903851548474,131.54902327176848,-11.120147980880319,-24.343020869292182,K
172,587193.3162126394,517559.2926390597,45.708390809178304,197.4278864172173,35.05462908384865,138.03074558294688,-10.653761725329652,-23.30810937931852,K
173,587193.5493581118,517559.2926390597,45.66902136805801,198.29894495005087,35.61611522505108,142.8908585373155,-10.052906143006929,-22.01252805920244,K
174,587193.7825035839,517559.2926390597,45.58582580509419,199.02658018641722,36.25686172639434,146.34628051919447,-9.328964078699848,-20.46461573074616,K
175,587194.0156490563,517559.2926390597,45.48031147417989,199.61989488994533,36.983879284753066,148.59417052762856,-8.496432189426827,-18.681561128380633,K
176,587194.2487945284,517559.2926390597,45.370618948466685,200.09067025966473,37.79915452806427,149.76690581442926,-7.571464420402414,-16.688034229822414,K
177,587194.4819400006,517559.2926390597,45.270361254931345,200.45474014083027,38.69949297893095,149.91694554295026,-6.570868276000397,-14.514724631857506,K
178,587188.4201577231,517559.52578453196,43.10291302336085,193.47545092371425,33.03710253606768,170.71498924468332,-10.06581048729317,-23.35297032439018,K
179,587188.6533031953,517559.52578453196,42.542323271517766,190.4507341027558,32.06810297121325,161.4806107228499,-10.474220300304516,-24.620705910805402,K
180,587188.8864486676,517559.52578453196,41.9691141680342,186.75868110821372,31.13135215763765,152.01470856568218,-10.837762010396553,-25.823185037941876,K
181,587189.1195941397,517559.52578453196,41.41848489131079,182.55140548292357,30.27275827953537,142.68560353131184,-11.14572661177542,-26.91002976333808,K
182,587189.3527396119,517559.52578453196,40.92987663551909,178.1239651269785,29.548129629221197,134.01897922792153,-11.381747006297896,-27.8079191580577,K
183,587189.5858850842,517559.52578453196,40.54323284214678,173.8918062847689,29.01482317286387,126.55727966946709,-11.528409669282908,-28.434855489122544,K
184,587189.8190305564,517559.52578453196,40.29456514293716,170.3267736091304,28.715846849444745,120.58118718886216,-11.578718293492415,-28.735186128499357,K
185,587190.0521760285,517559.52578453196,40.21141745513147,167.86260867219116,28.663363570203863,115.83295290881858,-11.548053884927604,-28.71834572310987,K
186,587190.2853215009,517559.52578453196,40.30892778508298,166.79551912215166,28.834233549393467,111.48024143502775,-11.474694235689512,-28.46688033199415,K
187,587190.518466973,517559.52578453196,40.58716680688157,167.2119493336833,29.18154000722862,106.38270267093542,-11.40562679965295,-28.10155942621529,K
188,587190.7516124453,517559.52578453196,41.03027358743392,168.96939187245647,29.651833980100545,99.47147044414048,-11.378439607333373,-27.73181510253974,K
189,587190.9847579175,517559.52578453196,41.607634149312176,171.73818426768975,30.196652969563353,90.0861495403754,-11.410981179748823,-27.425210332314606,K
190,587191.2179033896,517559.52578453196,42.27700978332141,175.09007397743986,30.774910855036595,78.3741064485504,-11.502098928284816,-27.206510080148757,K
191,587191.451048862,517559.52578453196,42.98918852195715,178.6028439121762,31.346801639120336,66.1575983604359,-11.642386882836817,-27.08212758398627,K
192,587191.6841943341,517559.52578453196,43.69347483316794,181.94677877721617,31.861548625608936,58.47350025612554,-11.831926207559004,-27.07938943454625,K
193,587191.9173398062,517559.52578453196,44.34320220034454,184.92907381411817,32.26955869923246,61.63754963262586,-12.07364350111208,-27.227721278591535,K
194,587192.1504852786,517559.52578453196,44.90047418481039,187.49070703835994,32.5834813509182,74.19653812164594,-12.316992833892193,-27.431765604958734,K
195,587192.3836307507,517559.52578453196,45.339501520779216,189.6679336696007,32.85792969172284,89.58941197706596,-12.481571829056378,-27.52913333935981,K
196,587192.6167762228,517559.52578453196,45.64816604041532,191.54014663471662,33.13378703904583,103.96890233894223,-12.514379001369491,-27.41485603230958,K
197,587192.8499216952,517559.52578453196,45.82774911625365,193.1849865072665,33.43761192040627,116.05850082066712,-12.39013719584738,-27.036320645852957,K
198,587193.0830671673,517559.52578453196,45.891051647806435,194.65299684141002,33.790189592172496,125.68891272818922,-12.10086205563394,-26.368674547933033,K
199,587193.3162126394,517559.52578453196,45.85935311708281,195.96327415527875,34.209469648242276,133.11028510169444,-11.649883468840535,-25.403505887004982,K
200,587193.5493581118,517559.52578453196,45.758777230868226,197.11349022941826,34.71039028095123,138.7049714560802,-11.048386949916996,-24.1448474336939,K
201,587193.7825035839,517559.52578453196,45.616642860200535,198.09478719129757,35.303574890283656,142.84943313063522,-10.31306796991688,-22.608125726224348,K
202,587194.0156490563,517559.52578453196,45.45829472096331,198.90382637156935,35.99397866910719,145.84040651071152,-9.464316051856116,-20.81977801840332,K
203,587194.2487945284,517559.52578453196,45.30475758140253,199.54837292270076,36.78013272161572,147.86192812467286,-8.524624859786805,-18.816180275261285,K
204,587194.4819400006,517559.52578453196,45.17137725028955,200.04671635614545,37.654221412251516,148.98594344780858,-7.517155838038036,-16.641413867871055,K
205,587194.7150854729,517559.52578453196,45.06743702568905,200.42345750465518,38.60280119934552,149.19901212593953,-6.464635826343532,-14.34436092440447,K
206,587188.187012251,517559.7589300042,43.79204370709253,195.5486224806402,34.233058928100775,188.47269482847383,-9.558984778991757,-21.82813125353999,K
207,587188.4201577231,517559.7589300042,43.26469380384024,193.2449567298467,33.35568123236975,180.42308411119637,-9.909012571470491,-22.90323055653049,K
208,587188.6533031953,517559.7589300042,42.696384597944686,190.25223579686877,32.489225162390795,172.0803414879175,-10.20715943555389,-23.90637879921393,K
209,587188.8864486676,517559.7589300042,42.11724677192427,186.58973206924372,31.663211685439016,163.6016079686033,-10.454035086485256,-24.82126892837166,K
210,587189.1195941397,517559.7589300042,41.56434902870294,182.40489110011976,30.91399170749054,155.22974374645833,-10.650357321212404,-25.62377992220599,K
211,587189.3527396119,517559.7589300042,41.078860174473306,177.98737763970684,30.281934700926893,147.2515591047461,-10.796925473546413,-26.283410561268926,K
212,587189.5858850842,517559.7589300042,40.702111419214546,173.74572856446872,29.805198248566192,139.8921057369098,-10.896913170648354,-26.77235354798859,K
213,587189.8190305564,517559.7589300042,40.47096775881712,170.14258005990712,29.510824758520304,133.16142568385357,-10.960143000296814,-27.08149472879607,K
214,587190.0521760285,517559.7589300042,40.41311699110887,167.59999490967212,29.406899125863674,126.72679694946699,-11.006217865245198,-27.234271159204653,K
215,587190.2853215009,517559.7589300042,40.54299599700363,166.4011296671497,29.480595904277944,119.89923705323348,-11.062400092725685,-27.285600929796267,K
216,587190.518466973,517559.7589300042,40.85905707578794,166.62078171208228,29.703472936981605,111.75230189021343,-11.155584138806333,-27.30259809499337,K
217,587190.7516124453,517559.7589300042,41.3429193637219,168.11047167091826,30.040374504700544,101.30323665237485,-11.302544859021353,-27.338526240938975,K
218,587190.9847579175,517559.7589300042,41.96067141092885,170.5450132770351,30.457016532303733,87.68831319274643,-11.50365487862512,-27.415326046544003,K
219,587191.2179033896,517559.7589300042,42.66624117428845,173.51466074629732,30.92344221148049,70.38239187751661,-11.74279896280796,-27.522459536192777,K
220,587191.451048862,517559.7589300042,43.40639866102965,176.63025940898052,31.410701535083405,49.92257584745912,-11.995697125946243,-27.635780659029898,K
221,587191.6841943341,517559.7589300042,44.12667666175131,179.6059603259567,31.861350291110625,32.21809245742911,-12.265326370640686,-27.795717462838493,K
222,587191.9173398062,517559.7589300042,44.77734376246944,182.29578785644856,32.12980569473729,37.33275785040436,-12.64753806773215,-28.24539600835547,K
223,587192.1504852786,517559.7589300042,45.31856992985142,184.68043677051415,32.2634849966361,58.468962162726214,-13.05508493321532,-28.807362971566125,K
224,587192.3836307507,517559.7589300042,45.724082977532746,186.81948216543964,32.384491179044666,79.14581876975123,-13.33959179848808,-29.174104607068227,K
225,587192.6167762228,517559.7589300042,45.98288714717479,188.7938033630074,32.52936156210373,96.255974369577,-13.453525585071063,-29.25767914922596,K
226,587192.8499216952,517559.7589300042,46.09894479316601,190.66092460522998,32.71824994101486,109.69586733928642,-13.380694852151152,-29.026032834779304,K
227,587193.0830671673,517559.7589300042,46.08904374385183,192.435375347051,32.96995362927453,119.96321368638215,-13.119090114577304,-28.464661118787824,K
228,587193.3162126394,517559.7589300042,45.97932862236541,194.09343064407165,33.302922532994835,127.70140140416423,-12.676406089370573,-27.569793794693375,K
229,587193.5493581118,517559.7589300042,45.80112511583312,195.59256070501172,33.7333303336143,133.5487252988962,-12.067794782218826,-26.348249637315295,K
230,587193.7825035839,517559.7589300042,45.586716928799376,196.89334351023447,34.272297648311344,138.05004111658027,-11.314419280488032,-24.819552805611576,K
231,587194.0156490563,517559.7589300042,45.36565514036908,197.97464931246023,34.92344837961151,141.5970488164523,-10.442206760757571,-23.017868315684193,K
232,587194.2487945284,517559.7589300042,45.16201732813974,198.8385692830117,35.68177082883936,144.40463974057207,-9.480246499300378,-20.99163646835897,K
233,587194.4819400006,517559.7589300042,44.992828563744055,199.50664610139003,36.53414971896567,146.5293631225492,-8.458678844778383,-18.80006017579993,K
234,587194.7150854729,517559.7589300042,44.867649734314384,200.01160749188648,37.46111526526926,147.9206276353893,-7.406534469045127,-16.507516023021537,K
235,587194.948230945,517559.7589300042,44.78916590915241,200.38884337984726,38.4388955800638,148.48465677113032,-6.350270329088609,-14.178139289240407,K
236,587195.1813764172,517559.7589300042,44.754492238357294,200.67029861192904,39.44100280260637,148.14303492850365,-5.313489435750924,-11.872527583268933,K
237,587188.4201577231,517559.99207547633,43.539289778610566,193.2165214214839,33.715733762298335,189.5794715100898,-9.823556016312232,-22.56250863590849,K
238,587188.6533031953,517559.99207547633,42.973135963757656,190.42037995629863,32.93613230877461,181.97850424459745,-10.037003654983046,-23.35646079785281,K
239,587188.8864486676,517559.99207547633,42.39824510420165,186.9841888847992,32.19893005540022,174.25095149833618,-10.19931504880143,-24.05598397701296,K
240,587189.1195941397,517559.99207547633,41.853157845889584,183.04061183648534,31.532245221138893,166.53401362188959,-10.32091262475069,-24.659818173706363,K
241,587189.3527396119,517559.99207547633,41.380206937443994,178.85663743616104,30.965315429553225,158.9554809866597,-10.414891507890768,-25.168775795721245,K
242,587189.5858850842,517559.99207547633,41.02142755396093,174.8103375340629,30.524243246221523,151.56217047773995,-10.49718430773941,-25.589514879585966,K
243,587189.8190305564,517559.99207547633,40.81380586628579,171.32829547469606,30.226886414540584,144.23380174119208,-10.586919451745207,-25.939554587068105,K
244,587190.0521760285,517559.99207547633,40.78447817553646,168.795508739143,30.078818924153698,136.6188494065919,-10.705659251382759,-26.249347129821263,K
245,587190.2853215009,517559.99207547633,40.94660482676227,167.46357852915588,30.072392154795235,128.12804998618492,-10.874212671967033,-26.557055750956337,K
246,587190.518466973,517559.99207547633,41.29663049289849,167.3886052360349,30.189434864990726,117.99027583092544,-11.10719562790776,-26.896130496210322,K
247,587190.7516124453,517559.99207547633,41.81348978976251,168.42284607120467,30.406166230177085,105.33908033965955,-11.407323559585421,-27.281443421587728,K
248,587190.9847579175,517559.99207547633,42.46004063811951,170.26534000014016,30.698160628563823,89.28871496698439,-11.761880009555686,-27.701056882635623,K
249,587191.2179033896,517559.99207547633,43.18665425090674,172.55407390849595,31.04394257192735,68.97742253540972,-12.142711678979392,-28.116814996670982,K
250,587191.451048862,517559.99207547633,43.93652800210864,174.96624216318125,31.426890989557307,43.586046740426696,-12.50963701255133,-28.472065457586808,K
251,587191.6841943341,517559.99207547633,44.65198913477489,177.2913454636134,31.834449695817927,12.553531642127007,-12.81753943895696,-28.7054164603267,K
252,587191.9173398062,517559.99207547633,45.280884450119395,179.45494742397884,31.936453912611285,23.020984747641954,-13.34443053750811,-29.470339856563744,K
253,587192.1504852786,517559.99207547633,45.78213847480647,181.492256579247,31.89027757560015,51.63460594129359,-13.891860899206321,-30.343407630141385,K
254,587192.3836307507,517559.99207547633,46.12971092677999,183.49013449289868,31.869660038928117,74.29616998003434,-14.260050887851875,-30.912942226077103,K
255,587192.6167762228,517559.99207547633,46.31446121475906,185.52526748333602,31.885651230870614,91.7766675398202,-14.42880998388845,-31.154005909692867,K
256,587192.8499216952,517559.99207547633,46.34377649329923,187.62250084515165,31.954093706753163,104.93491392905739,-14.389682786546068,-31.04987093278134,K
257,587193.0830671673,517559.99207547633,46.239172795526684,189.74446419030014,32.09507061564048,114.6586071881672,-14.144102179886204,-30.589003489384538,K
258,587193.3162126394,517559.99207547633,46.03237205026287,191.8088945444212,32.33073802011483,121.8385494387386,-13.701634030148043,-29.765213956793694,K
259,587193.5493581118,517559.99207547633,45.76054395068288,193.7201877075904,32.68161315026143,127.31009314308797,-13.078930800421453,-28.58123980020189,K
260,587193.7825035839,517559.99207547633,45.46145754138953,195.39973526276356,33.1618150568366,131.76519591174784,-12.299642484552926,-27.05509930770466,K
261,587194.0156490563,517559.99207547633,45.169216332327714,196.80433505807696,33.77482045971145,135.66842684878424,-11.394395872616265,-25.226020723457335,K
262,587194.2487945284,517559.99207547633,44.911079067413475,197.92955610739187,34.51168124671456,139.22308207999095,-10.399397820698915,-23.155528739554377,K
263,587194.4819400006,517559.99207547633,44.70563761162244,198.80140008815988,35.352510135381976,142.41012314429094,-9.353127476240466,-20.921583889475425,K
264,587194.7150854729,517559.99207547633,44.562381147553914,199.46265445493478,36.27016189818797,145.07894930946082,-8.292219249365942,-18.608115266347504,K
265,587194.948230945,517559.99207547633,44.48246518424701,199.95990954238025,37.23414239288228,147.04571362047656,-7.248322791364728,-16.29478663410868,K
266,587195.1813764172,517559.99207547633,44.46035630663867,200.33474138723486,38.213373368462285,148.16592479584463,-6.246982938176387,-14.050681229569022,K
267,587195.4145218895,517559.99207547633,44.48595443445032,200.61979688756594,39.1775699611426,148.37173426410536,-5.308384473307719,-11.93272020527193,K
268,587188.6533031953,517560.2252209486,43.36972927027932,190.83593285737865,33.3907545619067,191.13383338550457,-9.978974708372625,-23.009077705290355,K
269,587188.8864486676,517560.2252209486,42.80656827060466,187.80730203528972,32.72389978861122,183.98794946008124,-10.082668481993437,-23.554021939472364,K
270,587189.1195941397,517560.2252209486,42.276464808836224,184.30314340711323,32.11918997940704,176.74692436338384,-10.157274829429184,-24.025837721668267,K
271,587189.3527396119,517560.2252209486,41.82241843318878,180.5522285415371,31.59790059149244,169.44124955727196,-10.22451784169634,-24.447457188612812,K
272,587189.5858850842,517560.2252209486,41.48654694123496,176.88182820302782,31.178224313332194,162.02517084757227,-10.308322627902768,-24.8473864130084,K
273,587189.8190305564,517560.2252209486,41.30528040053677,173.65984706659546,30.872223268516386,154.32852437449313,-10.433057132020387,-25.258410137520354,K
274,587190.0521760285,517560.2252209486,41.304554484915826,171.21325737188587,30.68358084211605,146.02556469577345,-10.620973642799775,-25.71380753344886,K
275,587190.2853215009,517560.2252209486,41.495716444052746,169.7473097807861,30.607068499465644,136.63778993228362,-10.888647944587103,-26.24041437932008,K
276,587190.518466973,517560.2252209486,41.87284864275593,169.2945158317936,30.629941175922607,125.57553602635761,-11.242907466833326,-26.850113692416212,K
277,587190.7516124453,517560.2252209486,42.41207084779627,169.71465008287709,30.73458024630656,112.21305445866756,-11.677490601489712,-27.53341293660617,K
278,587190.9847579175,517560.2252209486,43.07311476728352,170.7485992854336,30.901163332763108,96.00542382892225,-12.171951434520413,-28.258814112430294,K
279,587191.2179033896,517560.2252209486,43.803114498868744,172.10730411194368,31.108816303278186,76.74036511788447,-12.694298195590559,-28.980355257429014,K
280,587191.451048862,517560.2252209486,44.54218865242174,173.56237440699763,31.33151403071749,55.42641845728513,-13.210674621704253,-29.658790960614358,K
281,587191.6841943341,517560.2252209486,45.23007666922377,175.00456049076743,31.51176652094465,38.34325735656373,-13.71831014827912,-30.330061672465767,K
282,587191.9173398062,517560.2252209486,45.81289741572499,176.45060004473498,31.532718047933365,41.26192470628077,-14.280179367791625,-31.17065318573377,K
283,587192.1504852786,517560.2252209486,46.249063287861965,178.00118213049177,31.42874804522593,58.75709962407854,-14.820315242636035,-32.044573855240905,K
284,587192.3836307507,517560.2252209486,46.5135160897249,179.77232490408582,31.30461325980217,76.58548031534501,-15.208902829922732,-32.69781368620822,K
285,587192.6167762228,517560.2252209486,46.59972593226503,181.8306558331178,31.201814166840368,91.07524480203384,-15.397911765424663,-33.04292344509982,K
286,587192.8499216952,517560.2252209486,46.51925785538125,184.1573590067696,31.146561816367047,101.9279030131431,-15.372696039014201,-33.04587550989041,K
287,587193.0830671673,517560.2252209486,46.29909383610459,186.65021309789012,31.166451391715864,109.7145416787451,-15.132642444388726,-32.68453265620527,K
288,587193.3162126394,517560.2252209486,45.97723056476881,189.15640359311422,31.29211452015643,115.31454955367353,-14.685116044612379,-31.93997520995797,K
289,587193.5493581118,517560.2252209486,45.597299532975356,191.51821075512962,31.553250282430874,119.68547061997488,-14.044049250544482,-30.800177629791463,K
290,587193.7825035839,517560.2252209486,45.20304280089804,193.6126004996525,31.971136538723,123.658957940479,-13.231906262175038,-29.272158337783758,K
291,587194.0156490563,517560.2252209486,44.83342088119083,195.37252688306955,32.55093891419982,127.75432192280851,-12.282481966991014,-27.395817061427802,K
292,587194.2487945284,517560.2252209486,44.518951110749825,196.78760643381455,33.27857652238684,132.09779697696766,-11.240374588362982,-25.24851621144509,K
293,587194.4819400006,517560.2252209486,44.27961857727069,197.8898275485102,34.124304046275995,136.49692461243933,-10.155314530994694,-22.934512214176006,K
294,587194.7150854729,517560.2252209486,44.12442038327652,198.73337776473196,35.05024529727681,140.60939312881084,-9.074175085999713,-20.56497288163561,K
295,587194.948230945,517560.2252209486,44.05234977860291,199.3765809592151,36.017331086623535,144.1006336227431,-8.035018691979374,-18.23970510622373,K
296,587195.1813764172,517560.2252209486,44.054440487669545,199.8703043816851,36.98930115525279,146.7326349997612,-7.065139332416756,-16.03729216443965,K
297,587195.4145218895,517560.2252209486,44.11639641855705,200.2533697934233,37.93405965994779,148.38668478911217,-6.18233675860926,-14.013693910885097,K
298,587195.6476673617,517560.2252209486,44.22133061838636,200.55303664206022,38.823669637314715,149.04539029817786,-5.397660981071645,-12.206012133943803,K
299,587188.8864486676,517560.4583664208,43.3273266456755,188.84344451230115,33.23039275384466,192.899807007305,-10.096933891830837,-23.303846956453317,K
300,587189.1195941397,517560.4583664208,42.81555819611863,185.9372982218098,32.672093926248884,186.04257393386058,-10.143464269869746,-23.691070949973703,K
301,587189.3527396119,517560.4583664208,42.38284903941814,182.7749662969837,32.182465504642245,178.97907072932253,-10.200383534775895,-24.067243627933163,K
302,587189.5858850842,517560.4583664208,42.070887888114896,179.61857946044591,31.77426657693149,171.62442790186643,-10.296621311183408,-24.47445687042945,K
303,587189.8190305564,517560.4583664208,41.914974995099804,176.76229723815771,31.455595587076026,163.80695159590502,-10.459379408023779,-24.953800901101726,K
304,587190.0521760285,517560.4583664208,41.93928744729465,174.461816900241,31.22852665082668,155.25776405479357,-10.710760796467973,-25.538728596493797,K
305,587190.2853215009,517560.4583664208,42.15289812283037,172.86746247134644,31.088715789142615,145.6258650516939,-11.064182333687757,-26.247738177924475,K
306,587190.518466973,517560.4583664208,42.5472314277274,171.98652914681216,31.02603606521049,134.527181165356,-11.521195362516906,-27.07860177009946,K
307,587190.7516124453,517560.4583664208,43.09550701878587,171.69249070159233,31.025822718830643,121.6399154742868,-12.069684299955224,-28.006827474367338,K
308,587190.9847579175,517560.4583664208,43.75446972769442,171.78111508350958,31.069889495864153,106.88431203921978,-12.684580231830267,-28.990364437673794,K
309,587191.2179033896,517560.4583664208,44.468364816864565,172.05361080858336,31.136024866576214,90.80117993915815,-13.33233995028835,-29.981628524447295,K
310,587191.451048862,517560.4583664208,45.1747509695491,172.39414275079577,31.194045395812278,75.37444093560747,-13.980705573736824,-30.94805233826476,K
311,587191.6841943341,517560.4583664208,45.81141930524149,172.81029450482316,31.199593620467006,65.12192533587691,-14.611825684774487,-31.895597006973066,K
312,587191.9173398062,517560.4583664208,46.323471347954474,173.42054094793897,31.11002597935846,64.91435226913636,-15.213445368596012,-32.84176450059544,K
313,587192.1504852786,517560.4583664208,46.66954915572055,174.3955327718774,30.933315530233834,73.08814103890577,-15.736233625486719,-33.71841791953081,K
314,587192.3836307507,517560.4583664208,46.82632345360404,175.87924324560493,30.715027831484065,83.75321785011411,-16.111295622119975,-34.40649283107438,K
315,587192.6167762228,517560.4583664208,46.79061281993548,177.92291566021112,30.495761329389232,93.1845964714362,-16.29485149054625,-34.82504397464038,K
316,587192.8499216952,517560.4583664208,46.57888038639727,180.45681686597393,30.309723184809087,100.14312515009355,-16.269157201588186,-34.928184332956555,K
317,587193.0830671673,517560.4583664208,46.22426532602732,183.306912196412,30.193839405283153,104.71752100085021,-16.030425920744168,-34.67967702175242,K
318,587193.3162126394,517560.4583664208,45.77167972228705,186.24487461337048,30.191397829984584,107.69188000704042,-15.580281892302462,-34.03913071758244,K
319,587193.5493581118,517560.4583664208,45.27177162816477,189.04872879103223,30.348045574698816,110.17925960901046,-14.923726053465955,-32.964749371949715,K
320,587193.7825035839,517560.4583664208,44.77467850681846,191.55152359398352,30.69939773618787,113.23738651863214,-14.075280770630592,-31.435805325742656,K
321,587194.0156490563,517560.4583664208,44.324457848482346,193.66455505578895,31.255428096120298,117.46295395454084,-13.069029752362049,-29.48491732721673,K
322,587194.2487945284,517560.4583664208,43.954900728202766,195.3740012149767,31.993798002172056,122.80158200690309,-11.96110272603071,-27.212216448838692,K
323,587194.4819400006,517560.4583664208,43.68715241801924,196.71945126023002,32.86850288364599,128.71809322494676,-10.81864953437325,-24.763915557725802,K
324,587194.7150854729,517560.4583664208,43.529240856877806,197.76649213693,33.825676926211926,134.5423324252324,-9.70356393066588,-22.292058716509125,K
325,587194.948230945,517560.4583664208,43.477310459826995,198.58351961918873,34.81530285199864,139.72571927866446,-8.662007607828357,-19.923053004467803,K
326,587195.1813764172,517560.4583664208,43.518127452552996,199.22788540052517,35.79573562711433,143.93044421930344,-7.722391825438663,-17.745230039730554,K
327,587195.4145218895,517560.4583664208,43.632296143122765,199.74142801396144,36.73373407806975,147.01001999761755,-6.898562065053014,-15.810678499303206,K
328,587195.6476673617,517560.4583664208,43.79761170617531,200.1523403709583,37.603021911938136,148.94938912127014,-6.194589794237174,-14.14367028913533,K
329,587195.8808128338,517560.4583664208,43.99205952421043,200.47961860853405,38.38295255129165,149.8002681389986,-5.609106972918781,-12.750271375296455,K
330,587189.3527396119,517560.69151189295,43.02949578528459,185.17043849817532,32.723434269749944,187.77487171300857,-10.306061515534644,-23.95115566066929,K
331,587189.5858850842,517560.69151189295,42.73823090137398,182.61754775978014,32.31993953869881,180.58822448822215,-10.41829136267517,-24.37698319033658,K
332,587189.8190305564,517560.69151189295,42.602661049019424,180.19635396295928,31.98614385903052,172.87113365258728,-10.616517189988905,-24.919845212892543,K
333,587190.0521760285,517560.69151189295,42.644770621709426,178.08747914311613,31.72272377373361,164.42490526262787,-10.922046847975817,-25.61169092656736,K
334,587190.2853215009,517560.69151189295,42.87100048486595,176.38527050115906,31.525455040061814,155.02367286350224,-11.345545444804138,-26.464382254874764,K
335,587190.518466973,517560.69151189295,43.26990118346601,175.07396641528092,31.385418138891755,144.46958817606495,-11.884483044574257,-27.465935256435184,K
336,587190.7516124453,517560.69151189295,43.811763100880086,174.04582834946993,31.289498785935642,132.692260677244,-12.522264314944444,-28.581968468401804,K
337,587190.9847579175,517560.69151189295,44.45051915956459,173.1583860861712,31.22071584326411,119.91678732371723,-13.229803316300483,-29.76298942383393,K
338,587191.2179033896,517560.69151189295,45.12789370852443,172.31004351221097,31.157887243909762,106.92885699798012,-13.97000646461467,-30.956477948749924,K
339,587191.451048862,517560.69151189295,45.77941193607054,171.50267920897443,31.07484879227468,95.3784010507578,-14.704563143795859,-32.1204718931958,K
340,587191.6841943341,517560.69151189295,46.34155365502136,170.86282350204073,30.942357292801418,87.65909711344122,-15.39919636221994,-33.22978007352879,K
341,587191.9173398062,517560.69151189295,46.7591005913594,170.60944952209766,30.7389773572105,85.47967944140152,-16.020123234148897,-34.260973867211746,K
342,587192.1504852786,517560.69151189295,46.991640043600675,170.97932749478028,30.46554335209613,88.00653853209849,-16.526096691504545,-35.16816326514884,K
343,587192.3836307507,517560.69151189295,47.018275747609266,172.1394812378916,30.143135987040285,92.5081832649742,-16.87513976056898,-35.89059677805609,K
344,587192.6167762228,517560.69151189295,46.83985073999909,174.121641284317,29.800708236242734,96.514905936127093,-17.03914250375636,-36.37744833632809,K
345,587192.8499216952,517560.69151189295,46.478365460940275,176.80339878291144,29.471705702502792,98.76422311216253,-17.006659758437483,-36.590485895485344,K
346,587193.0830671673,517560.69151189295,45.973710224440836,179.94043495665048,29.199063629349265,99.13868926036973,-16.77464659509157,-36.487476240657486,K
347,587193.3162126394,517560.69151189295,45.378245362050386,183.23374099137612,29.040882857225,98.44655987957482,-16.337362504825386,-36.00263160128321,K
348,587193.5493581118,517560.69151189295,44.750079835091626,186.40433882108104,29.068389378260864,98.1632387547547,-15.681690456830761,-35.042821185167284,K
349,587193.7825035839,517560.69151189295,44.146064182107,189.24949673935194,29.345633847085924,99.86645143614821,-14.800430335021073,-33.52604724617758,K
350,587194.0156490563,517560.69151189295,43.61550115600354,191.6660796581276,29.89397715839628,104.35601810093664,-13.72152399760726,-31.460200235985447,K
351,587194.2487945284,517560.69151189295,43.195397191694106,193.64157441465565,30.674760296993526,111.19013802027355,-12.52063689470058,-28.986044135989868,K
352,587194.4819400006,517560.69151189295,42.90777175238929,195.22451106185355,31.61218866884778,119.16274886511574,-11.295583083541509,-26.325261420531636,K
353,587194.7150854729,517560.69151189295,42.759173900261594,196.4897512513014,32.62823284427443,127.07937845509173,-10.130941055987165,-23.693023348903345,K
354,587194.948230945,517560.69151189295,42.742198038186274,197.51094333230571,33.660274240716504,134.14027422307103,-9.08192379746977,-21.248144022345073,K
355,587195.1813764172,517560.69151189295,42.838508168700685,198.34571475912637,34.66272396957237,139.94997016327613,-8.175784199128316,-19.08512819104618,K
356,587195.4145218895,517560.69151189295,43.02271594160658,199.0327367583828,35.60310172315746,144.39491193462294,-7.419614218449119,-17.24580621204746,K
357,587195.6476673617,517560.69151189295,43.266427815006786,199.5961005940085,36.45811774258514,147.5181411154486,-6.808310072421648,-15.735780410464608,K
358,587195.8808128338,517560.69151189295,43.541867772399165,200.05191517100135,37.21108579933116,149.42368830718442,-6.330781973068007,-14.539527808407517,K
359,587196.1139583061,517560.69151189295,43.824658561870834,200.413617263246,37.850493033824925,150.21055257521743,-5.9741655280459085,-13.631972784480896,K
360,587189.5858850842,517560.9246573652,43.44591935573755,185.4953576933228,32.82289248543461,189.0478966615078,-10.623026870302944,-24.45114990736189,K
361,587189.8190305564,517560.9246573652,43.32206667679139,183.54817044943633,32.473016675926004,181.59963455653354,-10.849050000865383,-25.042780349806034,K
362,587190.0521760285,517560.9246573652,43.37154025838126,181.66867620658272,32.17592046554288,173.49321781128458,-11.195619792838379,-25.81328614603421,K
363,587190.2853215009,517560.9246573652,43.59791295911433,179.9015457548615,31.92722809813284,164.6051482282774,-11.670684860981492,-26.768907199585765,K
364,587190.518466973,517560.9246573652,43.98674082461642,178.21367615640727,31.718677974144462,154.87104785318087,-12.268062850471956,-27.890365643108403,K
365,587190.7516124453,517560.9246573652,44.50542252695611,176.51980207464732,31.538323069462272,144.36558945325356,-12.967099457493838,-29.135998988976915,K
366,587190.9847579175,517560.9246573652,45.10529387347654,174.73951282906103,31.37075112954814,133.4125084654601,-13.734542743928401,-30.449957343044343,K
367,587191.2179033896,517560.9246573652,45.72594292203794,172.8643624878324,31.19731147691522,122.7008309017353,-14.528631445122716,-31.773279054942225,K
368,587191.451048862,517560.9246573652,46.301385209955455,171.00538639744903,30.996911901559162,113.3072334753865,-15.304473308396293,-33.05402902957991,K
369,587191.6841943341,517560.9246573652,46.76740651784799,169.3958999096875,30.748835647213493,106.4121474845897,-16.018570870634495,-34.25156976477042,K
370,587191.9173398062,517560.9246573652,47.06912898150934,168.34160837867347,30.43847224067175,102.60653622741154,-16.630656740837587,-35.3324080999476,K
371,587192.1504852786,517560.9246573652,47.167743076246886,168.13277883606733,30.062797170157758,101.29720597785854,-17.104945906089128,-36.264075383973534,K
372,587192.3836307507,517560.9246573652,47.04540810537721,168.95085254578288,29.63063429962498,100.95617861574605,-17.414773805752233,-37.016947045596474,K
373,587192.6167762228,517560.9246573652,46.707559669569136,170.8055998663755,29.159575198421877,99.96908940432398,-17.54798447114726,-37.569902164210276,K
374,587192.8499216952,517560.9246573652,46.182241103145834,173.52662309587453,28.67608692806209,97.29208143421185,-17.506154175083743,-37.906679617354605,K
375,587193.0830671673,517560.9246573652,45.51653333999261,176.81058539053143,28.222089610618312,92.75394878561745,-17.2944437293743,-37.99595984208825,K
376,587193.3162126394,517560.9246573652,44.77061184440945,180.30372298027493,27.867672680145436,87.27088417405716,-16.902939164264016,-37.75454135629532,K
377,587193.5493581118,517560.9246573652,44.01032602962293,183.68782291615318,27.72183851062138,83.01076608968796,-16.28848751900155,-37.01060407513892,K
378,587193.7825035839,517560.9246573652,43.29940756005896,186.74089736572182,27.908456792824584,82.80464627286412,-15.390950767234376,-35.54540728042566,K
379,587194.0156490563,517560.9246573652,42.69243125796057,189.35796635354978,28.478134098876588,88.06323478608381,-14.214297159083984,-33.29465373662349,K
380,587194.2487945284,517560.9246573652,42.22947691125473,191.53470631474667,29.35293648633804,97.40740535044547,-12.876540424916687,-30.491830272908054,K
381,587194.4819400006,517560.9246573652,41.93311133879036,193.3292396924805,30.39794692672105,108.26472424084979,-11.53516441206931,-27.508486834838482,K
382,587194.7150854729,517560.9246573652,41.80789657576978,194.82086817525112,31.501696121254145,118.70116527693804,-10.306200454515636,-24.65132498554999,K
383,587194.948230945,517560.9246573652,41.84221454767355,196.0799021568199,32.59196742455258,127.746929473058,-9.250247123120971,-22.107451106780125,K
384,587195.1813764172,517560.9246573652,42.01185926809068,197.15410686682637,33.62423198764857,135.08345618796562,-8.38762728044211,-19.964903783281915,K
385,587195.4145218895,517560.9246573652,42.284641002794444,198.0694017048603,34.570295757399514,140.73593189699412,-7.714345245394931,-18.243847085955196,K
386,587195.6476673617,517560.9246573652,42.62519726404956,198.8382591519582,35.41171293872763,144.8765045560912,-7.213484325321929,-16.923052063868898,K
387,587195.8808128338,517560.9246573652,42.999302328489655,199.46914164994183,36.13650204313327,147.70726451761828,-6.862800285356386,-15.960259617536547,K
388,587196.1139583061,517560.9246573652,43.37717068005409,199.97280534628595,36.73756119900081,149.3929202933445,-6.639609481053284,-15.306691001186815,K
389,587196.3471037783,517560.9246573652,43.735504436502985,200.36436098672118,37.211783360090756,150.02776547333346,-6.5237210764122295,-14.916304637308205,K
390,587189.8190305564,517561.15780283744,44.025037950483856,186.49612817317782,32.9249363089548,189.99428690976958,-11.100101641529058,-25.213156327119222,K
391,587190.0521760285,517561.15780283744,44.06923198275562,184.8833851900894,32.597636143965104,182.35949434836945,-11.471595838790513,-26.030850374881442,K
392,587190.2853215009,517561.15780283744,44.28165705598117,183.11971332337538,32.30408313037947,174.10803079018626,-11.977573925601703,-27.048612725715238,K
393,587190.518466973,517561.15780283744,44.64485922292782,181.1629405553813,32.03654811252894,165.25090258115046,-12.60831111039888,-28.2413503589317,K
394,587190.7516124453,517561.15780283744,45.12345945538508,178.95235522152404,31.78421657024635,155.91493982283262,-13.33924288513873,-29.5616582729603,K
395,587190.9847579175,517561.15780283744,45.66645821650305,176.46394389424145,31.533454515768774,146.3967038338122,-14.133003700734278,-30.948324553067398,K
396,587191.2179033896,517561.15780283744,46.211711202635904,173.76868939023353,31.26832240281189,137.1878885906698,-14.943388799824014,-32.33680037144274,K
397,587191.451048862,517561.15780283744,46.69224210920938,171.06620867436214,30.971675563909262,128.91147793592307,-15.72056654530012,-33.66847646452913,K
398,587191.6841943341,517561.15780283744,47.04372955187926,168.67195195966124,30.627286515945595,122.10461416699079,-16.416443035933664,-34.89613428252921,K
399,587191.9173398062,517561.15780283744,47.21224010479456,166.95366382231805,30.222818928628403,116.88693673908487,-16.989421176166157,-35.98520455385218,K
400,587192.1504852786,517561.15780283744,47.16113989847881,166.23492507386055,29.752255432221695,112.74005696488503,-17.408884466257113,-36.913621052697756,K
401,587192.3836307507,517561.15780283744,46.87614752304386,166.69997678864388,29.21638913856438,108.622339609012,-17.65975838447948,-37.673228961057674,K
402,587192.6167762228,517561.15780283744,46.36770464848074,168.33611971462253,28.62225011537037,103.34691725672072,-17.74545453311037,-38.27115158630525,K
403,587192.8499216952,517561.15780283744,45.6702144330926,170.93592101490333,27.984471747916054,95.97571407720439,-17.68574268517655,-38.72489521827485,K
404,587193.0830671673,517561.15780283744,44.838172647040324,174.1575058907582,27.332687720400408,86.16118250218808,-17.505484926639916,-39.041477145914456,K
405,587193.3162126394,517561.15780283744,43.93970841733951,177.61862251395223,26.732468458869718,74.66112840895097,-17.207239958469792,-39.16102445431673,K
406,587193.5493581118,517561.15780283744,43.04846805721071,180.98923431699112,26.33146807099652,64.41842753454999,-16.71699998621419,-38.83297302007953,K
407,587193.7825035839,517561.15780283744,42.23503517949225,184.05213652919107,26.385772970889203,61.23781482070366,-15.849262208603047,-37.52633836161419,K
408,587194.0156490563,517561.15780283744,41.55913162501879,186.7176759738285,27.03853696181883,68.62640808672148,-14.520594663199962,-34.93960074579252,K
409,587194.2487945284,517561.15780283744,41.06367706522667,188.99813699907938,28.093039164221654,82.36537536631793,-12.970637901005016,-31.586645006003966,K
410,587194.4819400006,517561.15780283744,40.771435693686726,190.9608271830205,29.295475675688895,97.09622541372437,-11.475960017997831,-28.147058897351588,K
411,587194.7150854729,517561.15780283744,40.68451904883146,192.68181153711942,30.50584724940422,110.27273367340588,-10.178671799427242,-25.01853785517367,K
412,587194.948230945,517561.15780283744,40.78653794648121,194.21578442121034,31.65778835922826,121.13798381870713,-9.128749587252951,-22.381771159963133,K
413,587195.1813764172,517561.15780283744,41.04679642926061,195.58683023636735,32.71710238921002,129.69346326822398,-8.32969404005059,-20.293164789134888,K
414,587195.4145218895,517561.15780283744,41.42566731205333,196.79547728138502,33.66392987770976,136.2292570455877,-7.761737434343566,-18.736541709456514,K
415,587195.6476673617,517561.15780283744,41.88021658183482,197.83295044172937,34.48603256985366,141.111456115072,-7.39418401198116,-17.655553422300883,K
416,587195.8808128338,517561.15780283744,42.36924531494704,198.69416614407754,35.17637571590964,144.672948645695,-7.192869599037394,-16.976629027895125,K
417,587196.1139583061,517561.15780283744,42.85714969085788,199.38475535690043,35.73220084228524,147.15624645913323,-7.124948848572643,-16.624877995777002,K
418,587196.3471037783,517561.15780283744,43.316297192945164,199.9215803333368,36.154391199350236,148.69352709866288,-7.161905993594928,-16.5339755651168,K
419,587196.5802492506,517561.15780283744,43.72791131981787,200.32894822323587,36.44665081242403,149.3169729814377,-7.281260507393839,-16.65128813068624,K
420,587196.8133947228,517561.15780283744,44.081691842357024,200.6334772508315,36.61439405039772,148.9910680614185,-7.467297791959304,-16.93968057910191,K
421,587190.0521760285,517561.3909483097,44.690942701144756,187.5347205894596,32.99649364782472,190.91027827892822,-11.694449053320035,-26.1673805619242,K
422,587190.2853215009,517561.3909483097,44.87507000909332,185.86484101468116,32.66507829180946,183.3127463611632,-12.209991717283863,-27.20885274342675,K
423,587190.518466973,517561.3909483097,45.19753936221072,183.7881176844384,32.348410453915804,175.2712342917613,-12.849128908294915,-28.4288239793823,K
424,587190.7516124453,517561.3909483097,45.6203930463347,181.26865743643222,32.036828534248556,166.90848481730745,-13.583564512086141,-29.77520272192721,K
425,587190.9847579175,517561.3909483097,46.09061408318927,178.3285690864483,31.71846418762098,158.44603778915297,-14.372149895568292,-31.182378845349938,K
426,587191.2179033896,517561.3909483097,46.54475580214842,175.09759985515512,31.37979207986696,150.19047936337,-15.164963722281463,-32.58146586211432,K
427,587191.451048862,517561.3909483097,46.91536355549161,171.8350361923431,31.006567803264264,142.4615778752765,-15.908795752227345,-33.9095651116726,K
428,587191.6841943341,517561.3909483097,47.138559783286944,168.90534596814086,30.585208835861554,135.45186967236486,-16.55335094742539,-35.11636974809402,K
429,587191.9173398062,517561.3909483097,47.16188901308168,166.70639831751984,30.10435074693969,129.06009678417195,-17.057538266141986,-36.16805565487548,K
430,587192.1504852786,517561.3909483097,46.9513556915014,165.57014997913552,29.555942896099072,122.79629336317048,-17.395412795402326,-37.04986264869674,K
431,587192.3836307507,517561.3909483097,46.496587629811415,165.67053672245996,28.93539481535501,115.83451020880322,-17.561192814456405,-37.7687776881007,K
432,587192.6167762228,517561.3909483097,45.81324619363229,166.9738407531318,28.24110076791092,107.18570009992862,-17.57214542572137,-38.356036486591016,K
433,587192.8499216952,517561.3909483097,44.942168431500086,169.25145770890597,27.47457544972372,95.89894747463339,-17.467592981776367,-38.86682283343784,K
434,587193.0830671673,517561.3909483097,43.94521363633357,172.15025381725343,26.64360106637981,81.25967384083292,-17.30161256995376,-39.37086917618013,K
435,587193.3162126394,517561.3909483097,42.898312946549346,175.2930906486418,25.776241712242108,63.16359163518813,-17.12207123430724,-39.91315755386717,K
436,587193.5493581118,517561.3909483097,41.88268551422551,178.37207899348664,24.987714662453204,43.712392953490884,-16.894970851772303,-40.338795481569356,K
437,587193.7825035839,517561.3909483097,40.97549436196638,181.20364727677702,24.77517579442491,34.31781425963145,-16.200318567541473,-39.53660308386339,K
438,587194.0156490563,517561.3909483097,40.24130338541556,183.7332337888942,25.682826316719765,47.91785196970233,-14.558477068695797,-36.17794614965714,K
439,587194.2487945284,517561.3909483097,39.725542761242146,185.9985736830454,27.034239095015835,68.76543529531187,-12.691303666226311,-31.947464487781556,K
440,587194.4819400006,517561.3909483097,39.45082320571756,188.07446401240222,28.411745119175336,87.64486209343723,-11.039078086542226,-27.981870058778256,K
441,587194.7150854729,517561.3909483097,39.41643583501055,190.02373448595898,29.714140909987446,103.01703118949565,-9.702294925023107,-24.614845861850636,K
442,587194.948230945,517561.3909483097,39.600837388199196,191.8705424820029,30.908112332881032,115.00307589263686,-8.692725055318164,-21.950861720688113,K
443,587195.1813764172,517561.3909483097,39.96645784984079,193.59909859515005,31.97704946760831,124.12722303612482,-7.989408382232483,-19.990283883174573,K
444,587195.4145218895,517561.3909483097,40.46586483067665,195.1701645262481,32.91027904582623,131.00711033842916,-7.555585784850422,-18.67150452972064,K
445,587195.6476673617,517561.3909483097,41.0482216778388,196.54311193841815,33.70086774046759,136.22635907449455,-7.34735393737121,-17.899323373947563,K
446,587195.8808128338,517561.3909483097,41.66508099541246,197.69310176924535,34.34565043321686,140.25570727971643,-7.319430562195599,-17.567301892444434,K
447,587196.1139583061,517561.3909483097,42.274815464125865,198.61832601820086,34.8455433043387,143.4068057834753,-7.429272159787168,-17.573754203827573,K
448,587196.3471037783,517561.3909483097,42.84532946088638,199.3378103344261,35.20532229610297,145.82510226916204,-7.6400071647834125,-17.831598591762482,K
449,587196.5802492506,517561.3909483097,43.35503726118216,199.8836468376924,35.43265624814332,147.5210749096582,-7.922381013038844,-18.273265377013367,K
450,587196.8133947228,517561.3909483097,43.792369314256874,200.29213386028903,35.53660965255291,148.42582734068878,-8.255759661703962,-18.85205069052121,K
451,587197.0465401949,517561.3909483097,44.15423704056937,200.596960986439,35.52598546970548,148.45209782281827,-8.628251570863888,-19.54116331562056,K
452,587190.2853215009,517561.6240937818,45.33946835994323,188.06294662023717,33.017723243111995,192.07195081621015,-12.321745116831238,-27.176642255729057,K
453,587190.518466973,517561.6240937818,45.60798841849193,186.0363716425751,32.661694632882075,184.7403097546691,-12.946293785609853,-28.386022349454752,K
454,587190.7516124453,517561.6240937818,45.96207892487362,183.44392071115234,32.3032392171808,177.1544369622834,-13.65883970769282,-29.717628156068827,K
455,587190.9847579175,517561.6240937818,46.347089558987186,180.34056609850828,31.932165634547637,169.4567220729223,-14.414923924439549,-31.10211247697288,K
456,587191.2179033896,517561.6240937818,46.6987364353865,176.890662280701,31.53707136008925,161.8129726724271,-15.16166507529725,-32.46697069903657,K
457,587191.451048862,517561.6240937818,46.9496005624578,173.3807113698726,31.10605124625745,154.35428726193084,-15.843549316200352,-33.74586604868645,K
458,587191.6841943341,517561.6240937818,47.036761165282826,170.18799963274242,30.62758145015004,147.08994102917572,-16.409179715132787,-34.88586226732841,K
459,587191.9173398062,517561.6240937818,46.90969270230044,167.7064579174046,30.091378933617804,139.81903250279794,-16.818313768682636,-35.852534518645164,K
460,587192.1504852786,517561.6240937818,46.53736977329371,166.25061099438722,29.48892351457224,132.0844227291969,-17.048446258721473,-36.63388442830524,K
461,587192.3836307507,517561.6240937818,45.913494280703915,165.97151606891157,28.813416527343175,123.19691207510276,-17.10007775336074,-37.24412184534471,K
462,587192.6167762228,517561.6240937818,45.058920085440995,166.81766915973316,28.059229483720912,112.31572115193877,-16.999690601720083,-37.72769202964733,K
463,587192.8499216952,517561.6240937818,44.02070037683195,168.55777010075244,27.221127614364786,98.5410131647981,-16.79957276246716,-38.162892954126555,K
464,587193.0830671673,517561.6240937818,42.867677089749066,170.8575532687356,26.293554337201872,80.97956894551535,-16.574122752547193,-38.663449661261346,K
465,587193.3162126394,517561.6240937818,41.68308669771393,173.3810605285098,25.270111844705443,58.77064084758346,-16.41297485300849,-39.37562247257625,K
466,587193.5493581118,517561.6240937818,40.55516647397559,175.87812757083998,24.143297399091214,31.080885001993337,-16.411869074884375,-40.46801061811924,K
467,587193.7825035839,517561.6240937818,39.56710374321401,178.228202012587,23.15176383929752,3.051007181684499,-16.415339903916493,-41.487342643146626,K
468,587194.0156490563,517561.6240937818,38.787797458286356,180.43113072286263,24.844324465179938,35.68402833944589,-13.943472993106418,-35.94809168554022,K
469,587194.2487945284,517561.6240937818,38.264762969481424,182.55783944424564,26.419986689786043,61.89551319229835,-11.844776279695381,-30.954788062171826,K
470,587194.4819400006,517561.6240937818,38.02013059872013,184.68760662809743,27.87166758048774,82.42673994706546,-10.148463018232391,-26.692341289785098,K
471,587194.7150854729,517561.6240937818,38.05014410362345,186.8589332025382,29.195179491531075,98.13490674185822,-8.854964612092378,-23.271829373306193,K
472,587194.948230945,517561.6240937818,38.32796947615799,189.0499395198367,30.384359108936245,109.8912934788901,-7.943610367221744,-20.725361859211162,K
473,587195.1813764172,517561.6240937818,38.80909994871141,191.18881937967626,31.43161926791548,118.5781924806658,-7.377480680795934,-19.009667038260933,K
474,587195.4145218895,517561.6240937818,39.438290610036006,193.1828001371579,32.32922105274419,125.0551466974031,-7.109069557291818,-18.025805498483617,K
475,587195.6476673617,517561.6240937818,40.15683241040364,194.94974930318233,33.07120438086778,130.09057771958408,-7.0856280295358545,-17.644887816649963,K
476,587195.8808128338,517561.6240937818,40.909082017302694,196.43988639596506,33.65550737808362,134.27659451867245,-7.2535746392190745,-17.73096408311274,K
477,587196.1139583061,517561.6240937818,41.64745140131291,197.64247722869078,34.08539362985686,137.96618918976395,-7.562057771456047,-18.157312193220204,K
478,587196.3471037783,517561.6240937818,42.33544608388829,198.57956643905845,34.36941611619724,141.26996193588425,-7.96602996769105,-18.816454542385703,K
479,587196.5802492506,517561.6240937818,42.94873102296691,199.2928394165536,34.519879562487205,144.11673949333453,-8.428851460479706,-19.625379515805395,K
480,587196.8133947228,517561.6240937818,43.47451973628775,199.8300101692524,34.550509090466974,146.3467204640628,-8.924010645820779,-20.526990752176143,K
481,587197.0465401949,517561.6240937818,43.90977772231067,200.23492486628294,34.47417812893633,147.797799072129,-9.435599593374342,-21.48860705477926,K
482,587197.2796856673,517561.6240937818,44.25879375686343,200.54268309948685,34.301184849060064,148.36285861864363,-9.957608907803369,-22.498599854541208,K
483,587190.518466973,517561.85723925405,45.85147402614957,187.88999860483966,32.98174772693784,193.57820862326645,-12.869726299211727,-28.068293490132923,K
484,587190.7516124453,517561.85723925405,46.12767801972642,185.4564108286932,32.58804696618586,186.61045854285604,-13.53963105354056,-29.352509458096637,K
485,587190.9847579175,517561.85723925405,46.41971027195454,182.47003817269714,32.178090621592325,179.48177201633845,-14.241619650362217,-30.680113182366405,K
486,587191.2179033896,517561.85723925405,46.66295962157178,179.1055803327469,31.742431766626616,172.2623179949792,-14.920527854945163,-31.975099684949182,K
487,587191.451048862,517561.85723925405,46.79056308667093,175.64561915773203,31.271315086901637,164.97350006649407,-15.519247999769291,-33.16747432815188,K
488,587191.6841943341,517561.85723925405,46.74103103880701,172.44656612312346,30.755306149859955,157.53511492622485,-15.985724888947054,-34.200625304295954,K
489,587191.9173398062,517561.85723925405,46.46612968306427,169.86756501881217,30.18589196674139,149.71810079453363,-16.280237716322876,-35.0367844866077,K
490,587192.1504852786,517561.85723925405,45.937987507526856,168.1831816365785,29.555926300367545,141.1240111863456,-16.38206120715931,-35.66125138693797,K
491,587192.3836307507,517561.85723925405,45.154334699812424,167.51168582511198,28.859885765129857,131.20431696536085,-16.294448934682567,-36.08612338772927,K
492,587192.6167762228,517561.85723925405,44.14091676286918,167.78847309527407,28.094130203551344,119.31703277427691,-16.046786559317837,-36.353541648269996,K
493,587192.8499216952,517561.85723925405,42.950455283353726,168.79787582436919,27.257791535155746,104.81238207295257,-15.69266374819798,-36.53666450022469,K
494,587193.0830671673,517561.85723925405,41.65802348680903,170.2527727607034,26.356138592802996,87.16846098329668,-15.301884894006033,-36.732143326126256,K
495,587193.3162126394,517561.85723925405,40.35328127420564,171.8911146432572,25.41382897344695,66.3440919303079,-14.939452300758692,-37.021654321598355,K
496,587193.5493581118,517561.85723925405,39.13056329413926,173.55172374572143,24.539859609898976,44.36124905505572,-14.590703684240282,-37.28723140161284,K
497,587193.7825035839,517561.85723925405,38.07821751910351,175.20187847959141,24.24276363162061,32.923091640633906,-13.835453887482903,-36.334300261144776,K
498,587194.0156490563,517561.85723925405,37.26875677202626,176.91111054256888,25.110557550638934,45.75358489672369,-12.158199221387324,-32.62303407585951,K
499,587194.2487945284,517561.85723925405,36.75126550716461,178.78846993859057,26.416434050454136,65.48560647158843,-10.334831456710475,-28.12102199499964,K
500,587194.4819400006,517561.85723925405,36.54711514916817,180.9135949338085,27.738250461374356,82.721953484953,-8.808864687793815,-24.102763383211403,K
501,587194.7150854729,517561.85723925405,36.64946153584295,183.29026040146508,28.97856444195378,96.09795383005395,-7.670897093889174,-20.93044965036412,K
502,587194.948230945,517561.85723925405,37.02634900852437,185.83731960427133,30.103362643728687,105.91895088305733,-6.922986364795683,-18.697458837223845,K
503,587195.1813764172,517561.85723925405,37.62666328036913,188.41413588406516,31.092531236754766,112.9568899362068,-6.534132043614363,-17.3656962216562,K
504,587195.4145218895,517561.85723925405,38.38777513669998,190.8643643443696,31.930360210978343,118.14658096849406,-6.457414925721636,-16.8215399374582,K
505,587195.6476673617,517561.85723925405,39.24356744819776,193.05819538468452,32.60523084231062,122.40056689959393,-6.63833660588714,-16.915731768397123,K
506,587195.8808128338,517561.85723925405,40.1316453054856,194.9184289964102,33.11219596851595,126.42361510903503,-7.01944933696965,-17.491057950744324,K
507,587196.1139583061,517561.85723925405,40.998841289694894,196.42555105062598,33.4552606028771,130.5735680194684,-7.543580686817798,-18.399497277289846,K
508,587196.3471037783,517561.85723925405,41.804553460646225,197.60597458663443,33.64709183044424,134.84773329927407,-8.157461630201986,-19.513332770989216,K
509,587196.5802492506,517561.85723925405,42.52188857402749,198.5122890227474,33.70597178575106,138.99895620302192,-8.815916788276432,-20.732655777808567,K
510,587196.8133947228,517561.85723925405,43.136938185799266,199.2041687939279,33.65173095986444,142.69902184623788,-9.485207225934829,-21.988596374365233,K
511,587197.0465401949,517561.85723925405,43.64673562723459,199.73525105372002,33.50243167117392,145.66459371413418,-10.144303956060668,-23.241838846089667,K
512,587197.2796856673,517561.85723925405,44.05651297313044,200.14726067973714,33.272411081468405,147.7165126249669,-10.784101891662033,-24.477883436301763,K
513,587197.5128311394,517561.85723925405,44.37682087667481,200.46978001374714,32.97144321296706,148.78582512110717,-11.405377663707753,-25.701204904704223,K
514,587190.9847579175,517562.0903847263,46.30644059811864,184.62333084876215,32.45720301612813,188.63511755274328,-13.849237581990508,-29.907799872126603,K
515,587191.2179033896,517562.0903847263,46.44159870121674,181.60176156706592,31.995235393846386,181.7541280500723,-14.446363307370355,-31.106515949873767,K
516,587191.451048862,517562.0903847263,46.449399568691675,178.44028807969707,31.500043657903426,174.63462246685907,-14.949355910788249,-32.18417471399259,K
517,587191.6841943341,517562.0903847263,46.27022028403527,175.44790612765442,30.96448870662843,167.1638205871292,-15.305731577406839,-33.07901169143086,K
518,587191.9173398062,517562.0903847263,45.85838391621711,172.92585125774508,30.382516223759886,159.1290388223514,-15.475867692457221,-33.747084765855476,K
519,587192.1504852786,517562.0903847263,45.18919592158457,171.0929933574058,29.749807878058004,150.21511200209008,-15.439388043526566,-34.16610481478375,K
520,587192.3836307507,517562.0903847263,44.26414095075457,170.02933181781657,29.06463779202123,140.03175680468922,-15.199503158733343,-34.338186243450046,K
521,587192.6167762228,517562.0903847263,43.11326128082938,169.66287598456827,28.329400076761196,128.1785938761966,-14.783861204068181,-34.2907513021798,K
522,587192.8499216952,517562.0903847263,41.794047746927944,169.80914104937276,27.554001672762514,114.36546885630824,-14.24004607416543,-34.07194766200203,K
523,587193.0830671673,517562.0903847263,40.386662559957465,170.25014674746544,26.764198142432942,98.65033352546786,-13.622464417524522,-33.73010680766406,K
524,587193.3162126394,517562.0903847263,38.98590427282029,170.82165991829385,26.022848305373966,81.98054065338764,-12.963055967446326,-33.25062278081811,K
525,587193.5493581118,517562.0903847263,37.69090521706911,171.47281279658432,25.478051653760563,67.374477868531,-12.212853563308546,-32.40265388419937,K
526,587193.7825035839,517562.0903847263,36.59399542115882,172.2740871642561,25.395662168990395,60.721704123209975,-11.198333252168428,-30.60155941784236,K
527,587194.0156490563,517562.0903847263,35.77036796745772,173.3725382494661,25.92784085072204,65.28569504029001,-9.842527116735685,-27.515867674858626,K
528,587194.2487945284,517562.0903847263,35.270080735841844,174.9159430495561,26.86688029687618,76.06116456391457,-8.403200438965666,-23.82529402725818,K
529,587194.4819400006,517562.0903847263,35.11353712325614,176.9794571767992,27.94999000357347,87.24504390598811,-7.1635471196826686,-20.401097999717496,K
530,587194.7150854729,517562.0903847263,35.290981091730934,179.52444641754548,29.034193312452945,96.28952023988364,-6.256787779277989,-17.729140946846684,K
531,587194.948230945,517562.0903847263,35.76584798884339,182.40263829277512,30.048836175925107,102.67996790690331,-5.717011812918283,-15.984555475104681,K
532,587195.1813764172,517562.0903847263,36.48117977055336,185.39860827147572,30.951608145449296,106.87820598170309,-5.529571625104065,-15.157326763778041,K
533,587195.4145218895,517562.0903847263,37.36787063148763,188.28945640746963,31.711128973858564,109.83950796340353,-5.656741657629063,-15.137982341606778,K
534,587195.6476673617,517562.0903847263,38.35333543700509,190.8976491210523,32.30362082070869,112.67069147006973,-6.049714616296406,-15.77363362890039,K
535,587195.8808128338,517562.0903847263,39.36930005065371,193.12051046853006,32.716676030799626,116.24929522273123,-6.652624019854088,-16.897999231113136,K
536,587196.1139583061,517562.0903847263,40.3577457899981,194.93227125547642,32.95375837443231,120.90691041202346,-7.403987415565787,-18.345889421308375,K
537,587196.3471037783,517562.0903847263,41.274500938573816,196.3654748036762,33.0334056147703,126.39410242277872,-8.241095323803513,-19.966553529183077,K
538,587196.5802492506,517562.0903847263,42.09044634927635,197.48376647570208,32.9826758209061,132.13282879141414,-9.107770528370246,-21.63856960031224,K
539,587196.8133947228,517562.0903847263,42.790690913635906,198.3571705158277,32.82964195830951,137.52329716526026,-9.961048955326397,-23.27854199744215,K
540,587197.0465401949,517562.0903847263,43.372314478237136,199.04620740317415,32.598645335540425,142.12263932470924,-10.773669142696711,-24.839968243111855,K
541,587197.2796856673,517562.0903847263,43.84135405015324,199.5958294971703,32.308457869895406,145.6847115924606,-11.532896180257836,-26.305976241209464,K
542,587197.5128311394,517562.0903847263,44.20964745641366,200.0364984627969,31.972049278010054,148.12468029638933,-12.237598178403609,-27.680831860214834,K
543,587197.7459766115,517562.0903847263,44.49199539192978,200.38854839079352,31.596998765972703,149.45967850667148,-12.894996625957074,-28.982733888118773,K
544,587191.2179033896,517562.3235301984,46.0508982439952,184.15954716346496,32.29224632394363,190.47158701067042,-13.75865192005157,-29.87705440000973,K
545,587191.451048862,517562.3235301984,45.94940055646196,181.4790772953273,31.786681525229397,183.56752263860088,-14.162719031232562,-30.82242392657466,K
546,587191.6841943341,517562.3235301984,45.65532250947777,178.84985588930118,31.246793318023993,176.21585316668788,-14.408529191453777,-31.559363507864067,K
547,587191.9173398062,517562.3235301984,45.12570829881607,176.50259053634426,30.669311662525118,168.24403265270348,-14.456396636290954,-32.035833189725764,K
548,587192.1504852786,517562.3235301984,44.33889638746594,174.59362353331943,30.0533360045491,159.4290991564712,-14.285560382916838,-32.21902561146107,K
549,587192.3836307507,517562.3235301984,43.299617764534545,173.16459069872357,29.401680617878757,149.53335319051976,-13.897937146655789,-32.097135873654715,K
550,587192.6167762228,517562.3235301984,42.04131888146781,172.14237042476307,28.723174575272626,138.3761763982808,-13.318144306195183,-31.678702430208347,K
551,587192.8499216952,517562.3235301984,40.625010084606224,171.38446276956293,28.03691472383284,125.96053354654889,-12.588095360773384,-30.986073196184414,K
552,587193.0830671673,517562.3235301984,39.13441566657319,170.75455096440982,27.380148689136863,112.68825194287412,-11.754266977436327,-30.035626640201198,K
553,587193.3162126394,517562.3235301984,37.667796953339455,170.19738188050567,26.821133292215873,99.69203067981793,-10.846663661123582,-28.79558811087296,K
554,587193.5493581118,517562.3235301984,36.32742135081374,169.7797688111926,26.470397600177602,89.12433672324488,-9.857023750636134,-27.133838252506013,K
555,587193.7825035839,517562.3235301984,35.20812589472368,169.67787264378484,26.456548681877802,83.59742852317187,-8.751577212845877,-24.856697113087172,K
556,587194.0156490563,517562.3235301984,34.38665677459275,170.1143082225338,26.833349843958423,84.02566302493625,-7.553306930634328,-21.965807784533553,K
557,587194.2487945284,517562.3235301984,33.913387420251446,171.27090372677017,27.520182060298126,88.36526706475067,-6.3932053599533205,-18.851568204406515,K
558,587194.4819400006,517562.3235301984,33.807627984731504,173.21329420613674,28.37748789117597,93.55817822577733,-5.430140093555533,-16.06187839030866,K
559,587194.7150854729,517562.3235301984,34.05711408890295,175.85725173091475,29.289396538403317,97.5286478913018,-4.767717550499633,-13.999182485203963,K
560,587194.948230945,517562.3235301984,34.62153535572813,178.98750824297355,30.176778475100193,99.52058776326376,-4.444756880627935,-12.838127584346287,K
561,587195.1813764172,517562.3235301984,35.43929182451771,182.31766951506498,30.98227298423404,99.83492144956033,-4.45701884028367,-12.576489570822075,K
562,587195.4145218895,517562.3235301984,36.43618904086274,185.56506009481515,31.65747450626712,99.57077391372331,-4.778714534595622,-13.115297346921633,K
563,587195.6476673617,517562.3235301984,37.53458850122568,188.51260564633333,32.160458849341936,100.26244065557479,-5.374129651883742,-14.317806232798453,K
564,587195.8808128338,517562.3235301984,38.66163499454413,191.03981289566815,32.465221031164546,103.19021641816538,-6.196413963379584,-16.027294148977436,K
565,587196.1139583061,517562.3235301984,39.75553119213805,193.1200263206759,32.57412819903501,108.6421832415314,-7.181402993103042,-18.063909040468857,K
566,587196.3471037783,517562.3235301984,40.76931783430449,194.79386517491474,32.51675670186082,115.85277034853061,-8.252561132443667,-20.242087851417818,K
567,587196.5802492506,517562.3235301984,41.67212263427134,196.13432423094605,32.33453179151456,123.64141941574205,-9.337590842756782,-22.407283940649343,K
568,587196.8133947228,517562.3235301984,42.44825591693642,197.21708750493323,32.066582786047896,131.01392081849178,-10.381673130888522,-24.457243075436562,K
569,587197.0465401949,517562.3235301984,43.09478920652551,198.1031775653152,31.744094084491643,137.3658578816506,-11.35069512203387,-26.33890391628861,K
570,587197.2796856673,517562.3235301984,43.618336169384214,198.83418433116864,31.389976264682712,142.43197364836445,-12.228359904701502,-28.034906827291152,K
571,587197.5128311394,517562.3235301984,44.031688765662935,199.43589332735115,31.019985573002906,146.16759440576854,-13.011703192660029,-29.550770268904373,K
572,587197.7459766115,517562.3235301984,44.35079723836572,199.92501108302127,30.643806545194646,148.64095815242104,-13.706990693171075,-30.905849605142663,K
573,587197.9791220839,517562.3235301984,44.592380609207524,200.3150099248013,30.266004806620035,149.95277248663274,-14.326375802587489,-32.12740743343348,K
574,587191.451048862,517562.55667567067,45.3211617106298,184.4417057707182,32.12319263449116,191.92176590858708,-13.19796907613864,-29.120985822045107,K
575,587191.6841943341,517562.55667567067,44.93392993259814,182.27705142253663,31.59067692846716,184.81814660964375,-13.343253004130979,-29.69527264618551,K
576,587191.9173398062,517562.55667567067,44.31316425484093,180.19006009340671,31.030011476968216,177.11627502080466,-13.283152777872711,-29.975635911447267,K
577,587192.1504852786,517562.55667567067,43.43992639701727,178.27694325681128,30.44343590008178,168.67659990445492,-12.996490496935486,-29.918306900786714,K
578,587192.3836307507,517562.55667567067,42.32145834179104,176.5461885524591,29.837534018568167,159.38256653032656,-12.483924323222876,-29.49785950758557,K
579,587192.6167762228,517562.55667567067,40.99343640588277,174.92979555024164,29.225498417161944,149.20482525892047,-11.767937988720824,-28.706883395196563,K
580,587192.8499216952,517562.55667567067,39.518816896435595,173.33231655869366,28.63056330106047,138.2989466809379,-10.888253595375126,-27.552073797930916,K
581,587193.0830671673,517562.55667567067,37.98301200342925,171.70082102990648,28.090660141106856,127.13421781283894,-9.892351862322396,-26.04414800340025,K
582,587193.3162126394,517562.55667567067,36.48572418670834,170.08596782813734,27.662543731865892,116.60831695850132,-8.823180454842447,-24.182555373415642,K
583,587193.5493581118,517562.55667567067,35.13037918889704,168.66424218834769,27.41875183640209,107.98845663799166,-7.711627352494947,-21.951449231530663,K
584,587193.7825035839,517562.55667567067,34.01259586243216,167.70592922821135,27.426142029362722,102.4195382095916,-6.586453833069434,-19.36474904682107,K
585,587194.0156490563,517562.55667567067,33.20939045606911,167.4967951861236,27.708312077441768,100.08245030284515,-5.501078378627341,-16.564827908854326,K
586,587194.2487945284,517562.55667567067,32.77075552172129,168.2427335366986,28.226860893529818,99.8513801300961,-4.543894628191474,-13.865699938409003,K
587,587194.4819400006,517562.55667567067,32.71487282941307,169.99521039068827,28.904788421791856,99.96096269680528,-3.8100844076212113,-11.64633721026012,K
588,587194.7150854729,517562.55667567067,33.02758835707078,172.62680628633711,29.661475187714085,98.92574099533344,-3.366113169356698,-10.191822463586131,K
589,587194.948230945,517562.55667567067,33.666030680009726,175.8647589190101,30.427911299008343,96.03493694893882,-3.2381193810013826,-9.618358076659506,K
590,587195.1813764172,517562.55667567067,34.565555655487145,179.3667181926158,31.143357875755093,91.55136431650827,-3.422197779732052,-9.900601089248774,K
591,587195.4145218895,517562.55667567067,35.64869864818011,182.8079915087907,31.745225405391814,86.87398219292395,-3.9034732427882943,-10.949833769002307,K
592,587195.6476673617,517562.55667567067,36.834605850475384,185.94921764373447,32.16524613579219,84.45058739243251,-4.669359714683196,-12.676556751109999,K
593,587195.8808128338,517562.55667567067,38.04751811259397,188.66585105457787,32.350620839798104,86.61276801385846,-5.696897272795866,-14.97311140226557,K
594,587196.1139583061,517562.55667567067,39.22323865501972,190.93853123123915,32.30275016701739,93.59976639149941,-6.920488488002327,-17.643847691594573,K
595,587196.3471037783,517562.55667567067,40.313021350991676,192.81773063633102,32.076156168976915,103.46670918145082,-8.23686518201476,-20.432269539658652,K
596,587196.5802492506,517562.55667567067,41.28484072319183,194.38169565081512,31.736892041538965,113.95183275309769,-9.547948681652862,-23.127008641429217,K
597,587196.8133947228,517562.55667567067,42.122436239412025,195.70342823333988,31.33719638290589,123.59503052748879,-10.785239856506134,-25.604501589618128,K
598,587197.0465401949,517562.55667567067,42.822791533365965,196.83409926410215,30.91377517232674,131.73340119948537,-11.909016361039225,-27.80999541274686,K
599,587197.2796856673,517562.55667567067,43.392794568968,197.8017969031938,30.492248772617025,138.19930198444294,-12.900545796350976,-29.7296957351917,K
600,587197.5128311394,517562.55667567067,43.84575418868739,198.619400139704,30.090354592677386,143.07559446478584,-13.755399596010001,-31.372249948796693,K
601,587197.7459766115,517562.55667567067,44.198276746624366,199.29453525512722,29.719449085221353,146.54070598583579,-14.478827661403013,-32.75880583400535,K
602,587197.9791220839,517562.55667567067,44.46779647393778,199.8367819449455,29.385305322092755,148.77540856584815,-15.082491151845026,-33.91778398708097,K
603,587198.212267556,517562.55667567067,44.67085808456486,200.26047107966758,29.08907923165339,149.9102134068005,-15.581778852911473,-34.881306339390534,K
604,587198.4454130281,517562.55667567067,44.822103366835606,200.5838793017819,28.828933728765723,150.00262783634287,-15.993169638069883,-35.68143490986506,K
605,587191.6841943341,517562.7898211429,44.14423889269745,185.39444667672635,31.983022874167368,193.0194430133373,-12.161216018530084,-27.548817973939176,K
606,587191.9173398062,517562.7898211429,43.464912981421605,183.63029357682203,31.446733946863475,185.71621707576637,-12.01817903455813,-27.650300461190643,K
607,587192.1504852786,517562.7898211429,42.542634360589346,181.79122162892395,30.895800391900902,177.79828531318432,-11.646833968688444,-27.376851818743603,K
608,587192.3836307507,517562.7898211429,41.38621508176513,179.86195455357785,30.33912728597606,169.2284837308855,-11.047087795789071,-26.692674780633528,K
609,587192.6167762228,517562.7898211429,40.032142225421026,177.7852471933625,29.791682549985186,160.0554668602745,-10.24045967543584,-25.580593758315015,K
610,587192.8499216952,517562.7898211429,38.54347436053374,175.51207204696527,29.27657353326962,150.47279787093672,-9.266900827264124,-24.042723135392503,K
611,587193.0830671673,517562.7898211429,37.0051589731145,173.0644891923377,28.82686865980871,140.87317540915663,-8.178290313305787,-22.100405835974364,K
612,587193.3162126394,517562.7898211429,35.51605137165061,170.58297308192388,28.485366274480533,131.85292504978688,-7.030685097170078,-19.79579605739073,K
613,587193.5493581118,517562.7898211429,34.178526146791384,168.33180773236052,28.29902831743215,124.08927229507405,-5.879497829359234,-17.202315290330887,K
614,587193.7825035839,517562.7898211429,33.08708234944237,166.65139826415745,28.305685100710082,118.04080849561534,-4.7813972487322864,-14.45094855519308,K
615,587194.0156490563,517562.7898211429,32.31762316865239,165.86921862638985,28.517600293169103,113.59380014660088,-3.800022875483286,-11.758361237311695,K
616,587194.2487945284,517562.7898211429,31.919054558908897,166.20097972723067,28.914348466470493,109.95460836963686,-3.004706092438404,-9.413518457738164,K
617,587194.4819400006,517562.7898211429,31.908482073196478,167.68029343929283,29.451506715953027,105.92756798524204,-2.4569753572434507,-7.70006969183702,K
618,587194.7150854729,517562.7898211429,32.27065993408997,170.1446070440149,30.07609941287891,100.36241691533958,-2.1945605212110593,-6.800482313325043,K
619,587194.948230945,517562.7898211429,32.96159599928523,173.28215029773594,30.736109260194613,92.53620991963747,-2.2254867390906163,-6.751756617424944,K
620,587195.1813764172,517562.7898211429,33.915507486715484,176.72009464267666,31.378848885794554,82.5225846892569,-2.53665860092093,-7.479347321913213,K
621,587195.4145218895,517562.7898211429,35.05380835378773,180.11953508323035,31.936724708979263,71.85380830676813,-3.117083644808467,-8.892282440038079,K
622,587195.6476673617,517562.7898211429,36.29458985954176,183.2441700329701,32.30420236760307,64.55033434137347,-3.990387491938691,-10.994441616178307,K
623,587195.8808128338,517562.7898211429,37.561153506644125,185.98438978274945,32.36266521027625,65.91850844155331,-5.198488296367877,-13.840065629103552,K
624,587196.1139583061,517562.7898211429,38.78851516862627,188.33844101959082,32.112907421999246,76.14612637122357,-6.675607746627023,-17.210268858207094,K
625,587196.3471037783,517562.7898211429,39.927310232425455,190.36784096547862,31.674968341301096,90.16587781289391,-8.25234189112436,-20.668414283571078,K
626,587196.5802492506,517562.7898211429,40.94506092600593,192.1494604742293,31.153290091483385,103.99761389459263,-9.791770834522545,-23.91441266192714,K
627,587196.8133947228,517562.7898211429,41.825203807701364,193.74173823201573,30.608551076619854,115.98121199086262,-11.21665273108151,-26.817927254226944,K
628,587197.0465401949,517562.7898211429,42.564545746760786,195.17196806929547,30.077779507308083,125.70140279802523,-12.486766239452702,-29.336073063584756,K
629,587197.2796856673,517562.7898211429,43.1699012936254,196.4414567732706,29.58693047676852,133.2710165375559,-13.582970816856882,-31.463983956022123,K
630,587197.5128311394,517562.7898211429,43.65459090878293,197.5397054343953,29.15516456999062,138.997778065923,-14.499426338792308,-33.21397827112646,K
631,587197.7459766115,517562.7898211429,44.03530446490736,198.45853856861447,28.795549686533885,143.22199065050535,-15.239754778373477,-34.60803771782332,K
632,587197.9791220839,517562.7898211429,44.32962194525302,199.2005548494789,28.514888699133945,146.2300570332826,-15.814733246119072,-35.67531720809672,K
633,587198.212267556,517562.7898211429,44.55428721005428,199.78066251615655,28.31412975099639,148.21223991264188,-16.240157459057887,-36.45026882035513,K
634,587198.4454130281,517562.7898211429,44.724184446189284,200.22263318828556,28.190015664939658,149.25428628325156,-16.534168781249626,-36.96919012831416,K
635,587198.6785585005,517562.7898211429,44.85188181307722,200.55374022739824,28.13797061300391,149.35575486896187,-16.713911200073312,-37.26468215922242,K
636,587191.9173398062,517563.02296661516,42.61832044345335,186.56347653157394,31.902278670078648,193.98217268192104,-10.716041773374702,-25.144214182707913,K
637,587192.1504852786,517563.02296661516,41.688375452728465,184.88503980882643,31.388259824489456,186.63596750396323,-10.30011562823901,-24.70740468147668,K
638,587192.3836307507,517563.02296661516,40.53919363459032,182.89321680599969,30.87842846178512,178.79095316880634,-9.660765172805199,-23.830679169114237,K
639,587192.6167762228,517563.02296661516,39.20646545052427,180.54582868485554,30.3875372761042,170.52012293616778,-8.81892817442007,-22.493555777296272,K
640,587192.8499216952,517563.02296661516,37.75131597789302,177.83476694937534,29.936231987499298,161.99266596412875,-7.815083990393724,-20.70148758514855,K
641,587193.0830671673,517563.02296661516,36.25589377552789,174.84089237726596,29.55124712319751,153.4849065235284,-6.7046466523303785,-18.492570322058647,K
642,587193.3162126394,517563.02296661516,34.815760471498734,171.76885569698453,29.26375971078117,145.3471551186173,-5.552000760717565,-15.94680307288593,K
643,587193.5493581118,517563.02296661516,33.52990643099932,168.93909191970658,29.10469370799884,137.89873217993568,-4.425212723000477,-13.197808148099234,K
644,587193.7825035839,517563.02296661516,32.48972958130081,166.72969131340346,29.097021645873724,131.2563981566788,-3.392707935427083,-10.442401273107942,K
645,587194.0156490563,517563.02296661516,31.76860767372809,165.48264273305685,29.247999593907906,125.17102592361218,-2.5206080798201853,-7.934273058824263,K
646,587194.2487945284,517563.02296661516,31.413678624536495,165.4069978434708,29.546157102679818,118.98632457241636,-1.867521521856677,-5.944931009760822,K
647,587194.4819400006,517563.02296661516,31.441100562824143,166.5162917526872,29.965203046964277,111.76272042145116,-1.4758975158598666,-4.694166201055198,K
648,587194.7150854729,517563.02296661516,31.835456889417404,168.62552678541743,30.471740083134286,102.49189122977216,-1.3637168062831186,-4.283641384573436,K
649,587194.948230945,517563.02296661516,32.553234096261484,171.40912243320795,31.031500407103167,90.3123489532795,-1.5217336891583173,-4.674600639243638,K
650,587195.1813764172,517563.02296661516,33.52959741302524,174.49666352665417,31.609855368709194,74.7665827533474,-1.919742044316049,-5.725514746473773,K
651,587195.4145218895,517563.02296661516,34.68717581977317,177.56961276182653,32.15888528129635,56.50925830954973,-2.528290538476817,-7.288833635846433,K
652,587195.6476673617,517563.02296661516,35.945345198345564,180.42519441335676,32.553575288398875,40.40600760814355,-3.3917699099466887,-9.43590857517429,K
653,587195.8808128338,517563.02296661516,37.22859055801527,182.9906670796061,32.481116162575795,41.009795335468525,-4.747474395439475,-12.752227049910031,K
654,587196.1139583061,517563.02296661516,38.47288144598488,185.2929655475251,31.941138455938372,58.4574977232945,-6.53174299004651,-16.97752480332657,K
655,587196.3471037783,517563.02296661516,39.629498899888894,187.40485153183693,31.24987993898587,78.21264664136116,-8.379618960903024,-21.144902644546224,K
656,587196.5802492506,517563.02296661516,40.66627680604662,189.3930955261469,30.534829490859092,95.3531798580724,-10.131447315187526,-24.913633877791078,K
657,587196.8133947228,517563.02296661516,41.566650812052735,191.28719324192951,29.8431084727784,109.12959529897462,-11.723542339274335,-28.20420243209722,K
658,587197.0465401949,517563.02296661516,42.32717272108498,193.07423455275716,29.204681063709703,119.80121663028693,-13.122491657375274,-31.00252347078783,K
659,587197.2796856673,517563.02296661516,42.95422905249486,194.71374988724418,28.644935034768647,127.9023581692607,-14.309294017726213,-33.3128875395218,K
660,587197.5128311394,517563.02296661516,43.4606276772445,196.16040744944428,28.18565766239915,134.01630174050592,-15.274970014845351,-35.14668524413225,K
661,587197.7459766115,517563.02296661516,43.862542743419596,197.38318580787708,27.84299514897802,138.66605982101643,-16.019547594441576,-36.52215898232412,K
662,587197.9791220839,517563.02296661516,44.17709928498394,198.37473960455702,27.625286227990628,142.24725528863928,-16.55181305699331,-37.46695307045515,K
663,587198.212267556,517563.02296661516,44.42068786505013,199.15057184500975,27.53247812142976,144.99692689533228,-16.888209743620365,-38.01879384427067,K
664,587198.4454130281,517563.02296661516,44.60795844899161,199.74160196970132,27.557902504854802,147.00141878921207,-17.05005594413681,-38.22200463092979,K
665,587198.6785585005,517563.02296661516,44.751361664223445,200.18483403562294,27.692072054651174,148.23682952358797,-17.05928960957227,-38.12015763357286,K
666,587198.9117039726,517563.02296661516,44.861078001056576,200.5157154526325,27.927406862691353,148.62597814051648,-16.933671138365224,-37.74691089225809,K
667,587192.3836307507,517563.2561120873,39.80966281019361,185.5105494979144,31.43394393823136,187.88950056708774,-8.375718871962249,-21.039411742562095,K
668,587192.6167762228,517563.2561120873,38.54675623447519,183.11113446811288,30.989307718874507,180.38007913299094,-7.557448515600683,-19.605926033385668,K
669,587192.8499216952,517563.2561120873,37.173465677275416,180.23653198917694,30.58590873752286,172.66396080769866,-6.587556939752556,-17.72112666853015,K
670,587193.0830671673,517563.2561120873,35.76674203019532,177.00566475138532,30.24451199265877,164.91030389454338,-5.5222300375365485,-15.439566826843,K
671,587193.3162126394,517563.2561120873,34.41637724315043,173.65701025029057,29.987538164849834,157.29656093180787,-4.428839078300594,-12.868405779640927,K
672,587193.5493581118,517563.2561120873,33.21564856795357,170.5314031392397,29.83569496863839,149.93317206705592,-3.379953599315183,-10.175786850587524,K
673,587193.7825035839,517563.2561120873,32.250903386206446,168.00931843687843,29.803514723964128,142.76488689358425,-2.447388662242318,-7.588589482082707,K
674,587194.0156490563,517563.2561120873,31.591632499694008,166.41881766133835,29.895424956501213,135.4885500476467,-1.696207543192795,-5.369167114770737,K
675,587194.2487945284,517563.2561120873,31.282584499131026,165.9462416776045,30.10439381481509,127.53340182148743,-1.1781906843159362,-3.7662830714919484,K
676,587194.4819400006,517563.2561120873,31.33915936658927,166.58466037039335,30.414001817905397,118.11739297026274,-0.9251575486838739,-2.9520815726480074,K
677,587194.7150854729,517563.2561120873,31.74674439982668,168.14203472966128,30.802817021244955,106.34616492111086,-0.9439273785817264,-2.9733044960253614,K
678,587194.948230945,517563.2561120873,32.4639467491064,170.3071007140039,31.24900726012983,91.30447099516405,-1.2149394889765688,-3.742426940156348,K
679,587195.1813764172,517563.2561120873,33.42899626041566,172.74724319505307,31.73370650446519,72.11150249309168,-1.6952897559504692,-5.071315162274004,K
680,587195.4145218895,517563.2561120873,34.568091582065136,175.20046059627674,32.242548013219874,47.952192074127304,-2.325543568845262,-6.727428279702363,K
681,587195.6476673617,517563.2561120873,35.804242272082874,177.52845881963225,32.761038740824716,18.329171043095023,-3.0432035312581576,-8.499561331677702,K
682,587195.8808128338,517563.2561120873,37.06524475612537,179.71679998042853,32.55780819032679,18.163842885084293,-4.507436565798578,-12.16081694713127,K
683,587196.1139583061,517563.2561120873,38.28976851450692,181.8310531769908,31.6257710478896,47.66440876228483,-6.663997466617317,-17.404120539648904,K
684,587196.3471037783,517563.2561120873,39.43101385765213,183.95411426248245,30.709967078478368,71.40361366831593,-8.721046779173765,-22.117226837375185,K
685,587196.5802492506,517563.2561120873,40.45790675162917,186.13287856261948,29.830322598573794,89.89396427985096,-10.627584153055373,-26.268250155150252,K
686,587196.8133947228,517563.2561120873,41.35420831451389,188.35302825046588,29.007506736410587,103.95356201525297,-12.346701578103303,-29.855973748069648,K
687,587197.0465401949,517563.2561120873,42.11616830271384,190.54529746008149,28.267671898713452,114.43930070633296,-13.848496404000386,-32.881662701276724,K
688,587197.2796856673,517563.2561120873,42.74942625883025,192.6132032910636,27.640497334451712,122.21079142782425,-15.108928924378535,-35.342998132653676,K
689,587197.5128311394,517563.2561120873,43.265789695743656,194.46624160729942,27.154999441490496,128.07925215069915,-16.11079025425316,-37.23678769658071,K
690,587197.7459766115,517563.2561120873,43.68035120016977,196.04468045879793,26.83393681656199,132.73202141056558,-16.846414383607776,-38.56748840321206,K
691,587197.9791220839,517563.2561120873,44.00920726997964,197.32923042111295,26.688735672912102,136.65671104954035,-17.320471597067538,-39.356472591776246,K
692,587198.212267556,517563.2561120873,44.26786138763757,198.33655381291467,26.71746307269618,140.10315878644312,-17.550398314941393,-39.6459141345432,K
693,587198.4454130281,517563.2561120873,44.470262060122984,199.10642557372725,26.90720358457192,143.10684525213563,-17.563058475551063,-39.493939684470774,K
694,587198.6785585005,517563.2561120873,44.62835200634874,199.68732681195726,27.239857177059328,145.56272832237755,-17.388494829289414,-38.96288804662955,K
695,587198.9117039726,517563.2561120873,44.75198013314013,200.1253178927116,27.698883848380127,147.31449157258174,-17.053096284760002,-38.10579159631798,K
696,587199.1448494447,517563.2561120873,44.84903801219602,200.45805808018645,28.274844964528196,148.22775993172888,-16.574193047667823,-36.955515173281356,K
697,587192.6167762228,517563.48925755953,38.06292151679112,185.41006623363583,31.5816799356474,189.5526716712318,-6.4812415811437205,-17.02770392515608,K
698,587192.8499216952,517563.48925755953,36.81794090344242,182.6432704289072,31.212262552039025,182.46272659908377,-5.6056783514033945,-15.225398851349864,K
699,587193.0830671673,517563.48925755953,35.543704783206145,179.4781664244652,30.897841355833965,175.25012311188584,-4.645863427372181,-13.070847441787441,K
700,587193.3162126394,517563.48925755953,34.321866992332765,176.15701181892288,30.65435524429763,167.9812910862219,-3.6675117480351354,-10.685641748027368,K
701,587193.5493581118,517563.48925755953,33.23780100533672,173.00711743814588,30.49566443939505,160.651694165776,-2.7421365659416708,-8.250054104064793,K
702,587193.7825035839,517563.48925755953,32.371001797422,170.3790276251835,30.43087485493642,153.12904989899005,-1.940126942485577,-5.99341025843719,K
703,587194.0156490563,517563.48925755953,31.785844529543688,168.5619077828088,30.462173734183178,145.11133312372334,-1.3236707953605098,-4.164340494808028,K
704,587194.2487945284,517563.48925755953,31.524162942879443,167.7064783867135,30.584090663898277,136.1205382389436,-0.940072278981166,-2.982068963050789,K
705,587194.4819400006,517563.48925755953,31.60083037346596,167.78698328575032,30.78451199572601,125.53895170114616,-0.8163183777399503,-2.5832181246268213,K
706,587194.7150854729,517563.48925755953,32.00299361275973,168.62009178452251,31.046876979856904,112.67799427955039,-0.9561166329028268,-2.9875849880544267,K
707,587194.948230945,517563.48925755953,32.69294401426616,169.93542161017177,31.352292828673598,96.87151877855736,-1.340651185592563,-4.100735574647378,K
708,587195.1813764172,517563.48925755953,33.61396588497853,171.47024090900703,31.679533551666456,77.63666665406106,-1.9344323333120776,-5.754847077346919,K
709,587195.4145218895,517563.48925755953,34.698025033368125,173.05073219917116,31.996252695233007,55.209098737451,-2.701772338135118,-7.78653060379344,K
710,587195.6476673617,517563.48925755953,35.87394759221381,174.6290853319478,32.19543344282392,33.72027743535425,-3.6785141493898905,-10.253998782638257,K
711,587195.8808128338,517563.48925755953,37.074815412504634,176.26609512996112,31.857333656152335,32.911697042747946,-5.217481756352299,-14.07284621191274,K
712,587196.1139583061,517563.48925755953,38.24362034434038,178.0726489071164,30.981257250381624,52.538780355179284,-7.262363093958754,-18.989737447891756,K
713,587196.3471037783,517563.48925755953,39.33667385110332,180.139189862301,29.994618070160307,72.50503479317338,-9.342055780943014,-23.748972310939266,K
714,587196.5802492506,517563.48925755953,40.3247397609322,182.48344968853343,29.01440105681214,88.65568383131443,-11.310338704120056,-28.0481381186193,K
715,587196.8133947228,517563.48925755953,41.19224168253862,185.034665722067,28.0867171679925,100.83851918592656,-13.105524514546122,-31.81551665856911,K
716,587197.0465401949,517563.48925755953,41.93512883244143,187.65453248509417,27.252438592741868,109.68519235938443,-14.68269023969956,-35.01286546266883,K
717,587197.2796856673,517563.48925755953,42.55805011461314,190.18031473379267,26.555747077656434,116.07486728300044,-16.002303036956704,-37.60111892781949,K
718,587197.5128311394,517563.48925755953,43.07141457938594,192.46981466336337,26.040869307851644,120.94471535763614,-17.030545271534294,-39.54025062293901,K
719,587197.7459766115,517563.48925755953,43.488759766728755,194.43178414656677,25.743415901417293,125.12430142569906,-17.74534386531146,-40.80443765353733,K
720,587197.9791220839,517563.48925755953,43.82466567990561,196.03493221469682,25.680805141328687,129.1755784880511,-18.14386053857692,-41.40102441647651,K
721,587198.212267556,517563.48925755953,44.09328755093098,197.29836861537476,25.84778775086311,133.30827711392394,-18.245499800067872,-41.379313753806585,K
722,587198.4454130281,517563.48925755953,44.30746171193117,198.27206569745192,26.220571339044323,137.42269205671917,-18.086890372886845,-40.82131919558007,K
723,587198.6785585005,517563.48925755953,44.47827264639277,199.0165709872648,26.76707185006625,141.24649354635565,-17.711200796326516,-39.81989349526349,K
724,587198.9117039726,517563.48925755953,44.61494817173846,199.58818450665208,27.457561105466738,144.4806516760867,-17.157387066271724,-38.45658858602047,K
725,587199.1448494447,517563.48925755953,44.72495924140037,200.03162892236034,28.271799097817603,146.89499569323038,-16.453160143582767,-36.787423449125555,K
726,587199.3779949171,517563.48925755953,44.814226145503405,200.37896919268005,29.20205211058263,148.36440017674386,-15.612174034920773,-34.83754016912167,K
727,587192.8499216952,517563.7224030318,36.67167104564241,184.94617431053555,31.808745268612967,191.44820469870228,-4.862925777029446,-13.260714983445766,K
728,587193.0830671673,517563.7224030318,35.56936949116463,182.10657457262482,31.50864977747078,184.65713388391237,-4.0607197136938495,-11.416338753776689,K
729,587193.3162126394,517563.7224030318,34.51081085057836,179.0705082125894,31.26639126237601,177.6660228045098,-3.244419588202348,-9.401168817069319,K
730,587193.5493581118,517563.7224030318,33.571539172932944,176.12458475423762,31.090950291361207,170.4149939371093,-2.4805888815717374,-7.388963814836682,K
731,587193.7825035839,517563.7224030318,32.82265062172499,173.56494772452697,30.987503754263027,162.7517327557073,-1.8351468674619618,-5.591098929247646,K
732,587194.0156490563,517563.7224030318,32.32238444509964,171.62427389462664,30.956067332859675,154.41353198329963,-1.3663171122399618,-4.22715444945185,K
733,587194.2487945284,517563.7224030318,32.10926225669514,170.41006927420733,30.99088572297004,145.03467336346324,-1.1183765337250975,-3.483034037918151,K
734,587194.4819400006,517563.7224030318,32.19788762763378,169.8813901588798,31.080616006220215,134.18734031166446,-1.1172716214135683,-3.470015282787284,K
735,587194.7150854729,517563.7224030318,32.57803690583694,169.87741640189026,31.208784181274503,121.46411614102344,-1.3692527245624362,-4.202993349538229,K
736,587194.948230945,517563.7224030318,33.21706078521897,170.1894555625004,31.3532474866875,106.63037670978501,-1.8638132985314684,-5.6110120958108185,K
737,587195.1813764172,517563.7224030318,34.06501918366288,170.6480479700774,31.481928765807066,89.95008008226444,-2.583090417855818,-7.5828239048655295,K
738,587195.4145218895,517563.7224030318,35.061526600984955,171.18900151870312,31.53832169009969,72.98969269920451,-3.5232049108852657,-10.048635220539117,K
739,587195.6476673617,517563.7224030318,36.14308313013368,171.8709625554345,31.40940211824376,60.2632420008013,-4.733681011889921,-13.097059248781393,K
740,587195.8808128338,517563.7224030318,37.249731242159555,172.83866378455969,30.9413087684129,58.53613745859056,-6.308422473746656,-16.935484534736002,K
741,587196.1139583061,517563.7224030318,38.33016490405529,174.24983386192085,30.135339206500166,67.45625949252188,-8.194825697555121,-21.37957328925584,K
742,587196.3471037783,517563.7224030318,39.344831002885655,176.19843247699723,29.150850234622833,79.79207360502059,-10.193980768262822,-25.90932660891381,K
743,587196.5802492506,517563.7224030318,40.26699152020166,178.66595659495826,28.112071430732108,90.91681964819574,-12.154920089469549,-30.185816299118134,K
744,587196.8133947228,517563.7224030318,41.08206205617819,181.5177349563136,27.09517593165782,99.37457487037669,-13.986886124520368,-34.04621244521228,K
745,587197.0465401949,517563.7224030318,41.785750377603016,184.54068727998256,26.1638201822982,105.19863463251723,-15.621930195304817,-37.385783560507996,K
746,587197.2796856673,517563.7224030318,42.38157565293058,187.5029763039386,25.384815489849586,109.11569907542965,-16.996760163080992,-40.104125203532185,K
747,587197.5128311394,517563.7224030318,42.878282211099204,190.21079856299696,24.82747999486118,112.168156014015,-18.050802216238026,-42.097773710639714,K
748,587197.7459766115,517563.7224030318,43.28752006786316,192.5435330256404,24.55027406056955,115.38070430096883,-18.737246007293614,-43.28556123778554,K
749,587197.9791220839,517563.7224030318,43.62200057949248,194.46068607146455,24.581695134665097,119.41215288499549,-19.040305444827382,-43.64840032985233,K
750,587198.212267556,517563.7224030318,43.89419053775074,195.98587748671568,24.910047034986967,124.35661857215563,-18.98414350276377,-43.24978606550828,K
751,587198.4454130281,517563.7224030318,44.11550453547556,197.1796737943677,25.492052529782605,129.8356445008071,-18.623452005692954,-42.215208013130336,K
752,587198.6785585005,517563.7224030318,44.2958985130392,198.1131880063643,26.273245891664587,135.27796834800344,-18.02265262137461,-40.68695573715331,K
753,587198.9117039726,517563.7224030318,44.44374964156642,198.849986458877,27.2057534495682,140.16781707477153,-17.23799619199822,-38.78609777757417,K
754,587199.1448494447,517563.7224030318,44.5659161321093,199.4382316160108,28.256946295481363,144.15922496448823,-16.308969836627938,-36.59516341654982,K
755,587199.3779949171,517563.7224030318,44.66789233480977,199.91080599325733,29.410792389786,147.08279577857186,-15.257099945023771,-34.15674917156072,K
756,587199.6111403892,517563.7224030318,44.75399992980247,200.28949512089713,30.66559874479645,148.90205792126326,-14.088401185006017,-31.47964697480438,K
757,587199.8442858616,517563.7224030318,44.8275792705375,200.58977883652872,32.030432022246735,149.6562139373894,-12.797147248290763,-28.547486740381643,K
758,587193.0830671673,517563.9555485039,35.80864802528765,184.68180568526205,32.07820215220549,193.28218556821386,-3.730445873082161,-10.417723312110983,K
759,587193.3162126394,517563.9555485039,34.94235880111594,182.12231438949985,31.828651718483123,186.5636068753691,-3.113707082632814,-8.910981368932006,K
760,587193.5493581118,517563.9555485039,34.17124060833742,179.5494965560796,31.629936806298247,179.47553221809147,-2.541303802039174,-7.436966749808676,K
761,587193.7825035839,517563.9555485039,33.556789090485736,177.19139615654433,31.48417215312937,171.87831937681926,-2.072616937356365,-6.176445939948433,K
762,587194.0156490563,517563.9555485039,33.150357377389426,175.2162583055959,31.389271088964048,163.5686499363187,-1.7610862884253784,-5.312420220321808,K
763,587194.2487945284,517563.9555485039,32.986912462093535,173.68723685271456,31.33830187480744,154.29819151150747,-1.6486105872860968,-4.997771735019382,K
764,587194.4819400006,517563.9555485039,33.081057897692716,172.5535530430395,31.31911059182192,143.8223556854143,-1.7619473058707946,-5.326151634327522,K
765,587194.7150854729,517563.9555485039,33.425933040612975,171.68700128233093,31.313772814896634,131.9922480514446,-2.112160225716341,-6.3189267541164424,K
766,587194.948230945,517563.9555485039,33.99505007891885,170.95264381788593,31.296985465705013,118.9163959592416,-2.6980646132138375,-7.9366396194455735,K
767,587195.1813764172,517563.9555485039,34.746587874293986,170.2852248950244,31.232092505835592,105.23955099098823,-3.5144953684583946,-10.114648900701033,K
768,587195.4145218895,517563.9555485039,35.629252972723684,169.73747070315534,31.064306836528814,92.55016580501014,-4.5649461361948696,-12.812354330554188,K
769,587195.6476673617,517563.9555485039,36.58862814392482,169.47693286572905,30.718713716437712,83.54548058471408,-5.86991442748711,-16.043002225711355,K
770,587195.8808128338,517563.9555485039,37.57297979584813,169.73025352946829,30.128990999214572,80.71404979448894,-7.443988796633555,-19.812079949688012,K
771,587196.1139583061,517563.9555485039,38.53774654471044,170.6971898382639,29.29540357471512,83.68888628559188,-9.242342969995317,-23.982572409293844,K
772,587196.3471037783,517563.9555485039,39.448296398255245,172.47000221070493,28.287126039682633,89.40736632158325,-11.161170358572612,-28.29316187927005,K
773,587196.5802492506,517563.9555485039,40.28091837082751,174.9906302412375,27.188791376415892,94.91542579514035,-13.092126994411615,-32.502056864456385,K
774,587196.8133947228,517563.9555485039,41.02231962442955,178.06062091455607,26.077134333314028,98.67622563529007,-14.945185291115521,-36.431838637948175,K
775,587197.0465401949,517563.9555485039,41.66808064649881,181.39614399987403,25.029763996726672,100.42316653919306,-16.638316649772136,-39.93060489377301,K
776,587197.2796856673,517563.9555485039,42.22056916505869,184.7034900186298,24.13781657310267,100.81851402284065,-18.082752591956023,-42.82924875139088,K
777,587197.5128311394,517563.9555485039,42.68675395271103,187.74610872715334,23.50726038011137,101.15634042078568,-19.17949357259966,-44.930784837486044,K
778,587197.7459766115,517563.9555485039,43.076236458295575,190.38249489790843,23.237196900267097,102.8864970874905,-19.839039558028478,-46.05564735729808,K
779,587197.9791220839,517563.9555485039,43.3996773978538,192.56918980649345,23.37764335836617,106.89494418211885,-20.02203403948763,-46.13406191004949,K
780,587198.212267556,517563.9555485039,43.66767221374568,194.3370362094635,23.902852946447517,113.02882653746754,-19.764819267298165,-45.26190260509606,K
781,587198.4454130281,517563.9555485039,43.89004229138143,195.75602232400482,24.732382809665197,120.35438835294634,-19.15765948171623,-43.649216272179736,K
782,587198.6785585005,517563.9555485039,44.07546133763221,196.903352053645,25.776012975637645,127.79689791521199,-18.299448361994568,-41.518449964289445,K
783,587198.9117039726,517563.9555485039,44.23132152779034,197.84336207859985,26.963017349069617,134.5563928525155,-17.268304178720726,-39.04089586803579,K
784,587199.1448494447,517563.9555485039,44.363750926084826,198.62068562587666,28.24915718104119,140.18994980838548,-16.114593745043635,-36.32378554259856,K
785,587199.3779949171,517563.9555485039,44.47771182608665,199.26294340666155,29.61284309335514,144.53280695825916,-14.864868732731509,-33.42093853850887,K
786,587199.6111403892,517563.9555485039,44.57713130651609,199.78749798286827,31.048994583039317,147.58949373032462,-13.52813672347677,-30.347705935709882,K
787,587199.8442858616,517563.9555485039,44.66503563352148,200.20782403221835,32.56350372481038,149.44156444726735,-12.101531908711095,-27.093971239617225,K
788,587200.0774313337,517563.9555485039,44.74367653158226,200.5372927905599,34.16861692614936,150.1794709306684,-10.575059605432898,-23.63475785895356,K
789,587193.3162126394,517564.18869397615,35.564746082258694,185.0143113078669,32.3478442131926,194.82689589968763,-3.216901869066092,-9.045198471614643,K
790,587193.5493581118,517564.18869397615,34.97920592084352,182.92457642396568,32.122281948296944,187.98885247864882,-2.856923972546575,-8.167492363925227,K
791,587193.7825035839,517564.18869397615,34.5114350366336,180.86242614332033,31.933134158611253,180.62499486281448,-2.578300878022347,-7.470859659372327,K
792,587194.0156490563,517564.18869397615,34.205462131473894,178.93365007789154,31.776471712043204,172.5942488278519,-2.42899041943069,-7.101177028670146,K
793,587194.2487945284,517564.18869397615,34.09262999939675,177.1622309893197,31.644080281906085,163.7505049856475,-2.448549717490664,-7.182049954884648,K
794,587194.4819400006,517564.18869397615,34.187818196038386,175.49406111730892,31.522857869990005,153.99087185622932,-2.66496032604838,-7.795058201044224,K
795,587194.7150854729,517564.18869397615,34.4880959795573,173.83901871506959,31.394023412704335,143.3357745112311,-3.094072566852965,-8.971421816637735,K
796,587194.948230945,517564.18869397615,34.973916546730045,172.13803494070083,31.231812148278642,132.04773389946277,-3.742104398451403,-10.6997007139633,K
797,587195.1813764172,517564.18869397615,35.612479308078534,170.4272072959761,31.001661449745193,120.77896050276284,-4.610817858333341,-12.947197016095979,K
798,587195.4145218895,517564.18869397615,36.36251633487994,168.86806628261118,30.659446672031883,110.66532329133258,-5.703069662848058,-15.683924650114257,K
799,587195.6476673617,517564.18869397615,37.17958016710685,167.72499300164034,30.15677836277618,103.12480622754744,-7.022801804330669,-18.88886795592117,K
800,587195.8808128338,517564.18869397615,38.02094407933538,167.29319925478518,29.458045520758468,99.10640235093834,-8.562898558576912,-22.521530608785962,K
801,587196.1139583061,517564.18869397615,38.84943679761161,167.80327142797427,28.561037122454962,98.22763247272783,-10.288399675156647,-26.48275116253206,K
802,587196.3471037783,517564.18869397615,39.63584579066187,169.3398607636008,27.49904726081315,98.87770285637056,-12.136798529848718,-30.620763321034328,K
803,587196.5802492506,517564.18869397615,40.35984759788313,171.80671906507712,26.325033487674496,99.22434186651336,-14.034814110208636,-34.77419996735755,K
804,587196.8133947228,517564.18869397615,41.009684870729366,174.95054985748473,25.10146767961239,98.0365644830507,-15.908217191116975,-38.7913665790479,K
805,587197.0465401949,517564.18869397615,41.580964365548695,178.43183164423326,23.906076921379096,94.99499442885147,-17.6748874441696,-42.507160942168696,K
806,587197.2796856673,517564.18869397615,42.07499096307364,181.9133999800063,22.84852710255165,90.81429869066473,-19.22646386052199,-45.69570526443072,K
807,587197.5128311394,517564.18869397615,42.49700283656667,185.13436681186946,22.084394900788876,87.30421221684057,-20.412607935777796,-48.03305309383773,K
808,587197.7459766115,517564.18869397615,42.85457036553226,187.9475513882448,21.790039147841178,86.90782560202938,-21.064531217691083,-49.15352327189165,K
809,587197.9791220839,517564.18869397615,43.156305259172896,190.31619156355552,22.064047228998454,91.14778192091099,-21.092258030174442,-48.874105193913174,K
810,587198.212267556,517564.18869397615,43.410925536664045,192.28140069952062,22.84593116482042,99.30261868028396,-20.564994371843625,-47.37285399380582,K
811,587198.4454130281,517564.18869397615,43.62665115504534,193.91935753888086,23.978656753648977,109.27656081654612,-19.64799440139636,-45.03667799659683,K
812,587198.6785585005,517564.18869397615,43.81086628200097,195.30537690117413,25.317299906376505,119.20482690829606,-18.493566375624468,-42.21228189505641,K
813,587198.9117039726,517564.18869397615,43.96997173377556,196.49408081830694,26.768414785335636,128.01451958645657,-17.201556948439922,-39.1211462508777,K
814,587199.1448494447,517564.18869397615,44.10935634834279,197.51592455366438,28.282288647266075,135.2711258398488,-15.827067701076718,-35.88142972680522,K
815,587199.3779949171,517564.18869397615,44.23343111904199,198.38432769994125,29.837548809099147,140.9140327559563,-14.395882309942841,-32.54525354635123,K
816,587199.6111403892,517564.18869397615,44.34568880378062,199.1060554134122,31.429934049886413,145.0615792563337,-12.915754753894205,-29.12516436725884,K
817,587199.8442858616,517564.18869397615,44.448770245247474,199.689349017636,33.06522610025286,147.88763113920206,-11.383544144994616,-25.610481644791424,K
818,587200.0774313337,517564.18869397615,44.54453378761211,200.14754508792328,34.75457347894498,149.54710177376674,-9.789960308667133,-21.97791620257059,K
819,587200.3105768058,517564.18869397615,44.634133846190124,200.49867888031264,36.51095778363246,150.1356375652016,-8.123176062557661,-18.19947059026673,K
820,587193.5493581118,517564.4218394484,35.93534523323889,185.9365807706346,32.57808312396544,196.0369792582345,-3.3572621092734494,-9.342506903671273,K
821,587193.7825035839,517564.4218394484,35.62146430597146,184.2356043781367,32.34698896140922,189.02096155293074,-3.2744753445622408,-9.192422064505974,K
822,587194.0156490563,517564.4218394484,35.41965953603555,182.43255545069223,32.132875011956834,181.41969871741077,-3.286784524078719,-9.279548609818741,K
823,587194.2487945284,517564.4218394484,35.357760647915626,180.5223747652046,31.9266104031179,173.16201892659194,-3.4311502447977276,-9.704093760247785,K
824,587194.4819400006,517564.4218394484,35.45120463874731,178.45445691522065,31.71469782546118,164.23304012405316,-3.736506813286134,-10.539858522049267,K
825,587194.7150854729,517564.4218394484,35.70138380119613,176.17749535093117,31.4786640246596,154.73025714345732,-4.222719776536529,-11.827888241113646,K
826,587194.948230945,517564.4218394484,36.09613775829882,173.70110742099885,31.194444084500468,144.92948958229232,-4.901693673798356,-13.579551659017625,K
827,587195.1813764172,517564.4218394484,36.61213225277817,171.14740437284433,30.832182351477833,135.33419793575615,-5.779949901300334,-15.786979740470445,K
828,587195.4145218895,517564.4218394484,37.21853276452422,168.7649028342713,30.35769146187456,126.64411436979377,-6.860841302649661,-18.43393812984816,K
829,587195.6476673617,517564.4218394484,37.88121010779808,166.8900356116307,29.737506251009005,119.55197556589502,-8.143703856789077,-21.498003452409893,K
830,587195.8808128338,517564.4218394484,38.56672860818818,165.86358695258104,28.9479394509766,114.36251498321793,-9.618789157211577,-24.940640558165963,K
831,587196.1139583061,517564.4218394484,39.24553528567752,165.93063541448512,27.98364897826964,110.67073101527053,-11.261886307407881,-28.695968153905792,K
832,587196.3471037783,517564.4218394484,39.89402553658281,167.16231299852564,26.85914994390435,107.42499005199836,-13.03487559267846,-32.67375356925433,K
833,587196.5802492506,517564.4218394484,40.49543054792296,169.43033906470262,25.60393522996591,103.35319697668865,-14.891495317957048,-36.77327322235581,K
834,587196.8133947228,517564.4218394484,41.039689731977305,172.44386980404127,24.25965568342606,97.42989710975603,-16.780034048551244,-40.887331649285294,K
835,587197.0465401949,517564.4218394484,41.52260117259639,175.83291526898248,22.88775952665948,89.23637322487252,-18.63484164593691,-44.87879159708164,K
836,587197.2796856673,517564.4218394484,41.944578972141606,179.24535194637815,21.59553746709411,79.38790257106868,-20.349041505047495,-48.514115539371005,K
837,587197.5128311394,517564.4218394484,42.309308089048045,182.42275316975835,20.58834253903882,70.3019866876941,-21.720965550009225,-51.33850334846717,K
838,587197.7459766115,517564.4218394484,42.62250652260219,185.2331486699318,20.196849049833286,66.63054547228356,-22.4256574727689,-52.614590981121324,K
839,587197.9791220839,517564.4218394484,42.890913149384325,187.65875933067787,20.656559600278634,71.8990476480863,-22.23435354910569,-51.83931027923301,K
840,587198.212267556,517564.4218394484,43.12153999272357,189.75386659983747,21.803339674071854,83.74461050737888,-21.318200318651716,-49.43747445533949,K
841,587198.4454130281,517564.4218394484,43.32117141200122,191.59539349450537,23.311581847219536,97.484907229628,-20.009589564781685,-46.188939293637034,K
842,587198.6785585005,517564.4218394484,43.49606118300432,193.24541559221274,24.97033633779803,110.30013505398001,-18.52572484520629,-42.5917297827534,K
843,587198.9117039726,517564.4218394484,43.65176764137014,194.73471885017577,26.680908469315114,121.12870003646435,-16.97085917205503,-38.87782806754249,K
844,587199.1448494447,517564.4218394484,43.793071081777434,196.0657281347623,28.40259439989364,129.78374654145978,-15.390476681883793,-35.14363414510078,K
845,587199.3779949171,517564.4218394484,43.923930948710165,197.2263663468187,30.122234908266908,136.44854022767768,-13.801696040443257,-31.421814355731172,K
846,587199.6111403892,517564.4218394484,44.047458355178854,198.20523510781086,31.840439952426834,141.4317834637607,-12.20701840275202,-27.713332070877108,K
847,587199.8442858616,517564.4218394484,44.16589788750762,199.0015639140267,33.56512840280452,145.04108823903255,-10.6007694847031,-24.002160018808407,K
848,587200.0774313337,517564.4218394484,44.28062751100936,199.62790844075354,35.30793656741181,147.51530208054928,-8.972690943597549,-20.263242523757587,K
849,587200.3105768058,517564.4218394484,44.39219337544169,200.10717637752126,37.08160847460731,148.99562510142417,-7.310584900834385,-16.46817682335717,K
850,587200.5437222782,517564.4218394484,44.50039566566181,200.46710699187923,38.89764140831062,149.52724139381067,-5.602754257351194,-12.590347059935224,K
851,587194.0156490563,517564.65498492063,36.73015879439749,185.47037173947723,32.47255839188949,189.9468940344246,-4.257600402507997,-11.591565466244091,K
852,587194.2487945284,517564.65498492063,36.718222794138015,183.5508824090756,32.202400749024115,182.32047709553555,-4.5158220451139,-12.29858555636533,K
853,587194.4819400006,517564.65498492063,36.80810928175461,181.26679904872896,31.91393601492354,174.1979636445716,-4.894173266831071,-13.296453858489986,K
854,587194.7150854729,517564.65498492063,37.00576568514194,178.60215052450928,31.589928054448315,165.69079582770303,-5.415837630693623,-14.635118421203533,K
855,587194.948230945,517564.65498492063,37.30655269832223,175.6208909536937,31.209035024209154,157.02171662177207,-6.0975176741130745,-16.344361065522133,K
856,587195.1813764172,517564.65498492063,37.69662437977261,172.506760125536,30.746344351758385,148.52456268322493,-6.950280028014223,-18.4374069094198,K
857,587195.4145218895,517564.65498492063,38.1554985970639,169.5639476916714,30.175153190959204,140.5840800549106,-7.980345406104693,-20.915322036228847,K
858,587195.6476673617,517564.65498492063,38.659210391517384,167.16773737370158,29.47051413651345,133.49208060243012,-9.188696255003933,-23.768453007566134,K
859,587195.8808128338,517564.65498492063,39.18343037612318,165.67546836417415,28.614017802139653,127.25157254868557,-10.569412573983524,-26.974189019509893,K
860,587196.1139583061,517564.65498492063,39.706053502489254,165.32764325674393,27.597656426284853,121.43965671311477,-12.108397076204401,-30.495090818948555,K
861,587196.3471037783,517564.65498492063,40.20896612651661,166.17678921497728,26.424500533335323,115.24035775899252,-13.784465593181285,-34.28206920269667,K
862,587196.5802492506,517564.65498492063,40.67891689015181,168.07272491782368,25.10653435314837,107.63738180896094,-15.572382537003442,-38.28121230232029,K
863,587196.8133947228,517564.65498492063,41.10759543442676,170.71051346437173,23.663010231642982,97.6563622886974,-17.44458520278378,-42.436403828608036,K
864,587197.0465401949,517564.65498492063,41.491131617375686,173.72196211623762,22.124512075000073,84.60137686097693,-19.366619542375613,-46.67652769987417,K
865,587197.2796856673,517564.65498492063,41.82926192951011,176.7750997130006,20.554286972067025,68.44504125013674,-21.274974957443085,-50.861463903655,K
866,587197.5128311394,517564.65498492063,42.12438474340169,179.64591172034199,19.133832820026075,51.159994439705436,-22.990551923375616,-54.57777499522251,K
867,587197.7459766115,517564.65498492063,42.380666917810316,182.24163753481884,18.447497756715816,41.19881664527117,-23.9331691610945,-56.471903114475715,K
868,587197.9791220839,517564.65498492063,42.603295581547634,184.57677437551098,19.242867499408966,49.93059491365545,-23.360428082138668,-54.83244374234878,K
869,587198.212267556,517564.65498492063,42.79790806727631,186.72092337124943,20.942654898660308,68.47667525564712,-21.855253168616002,-51.06617158544423,K
870,587198.4454130281,517564.65498492063,42.97018859361308,188.74441764817772,22.877871766138927,86.8386264642116,-20.092316827474153,-46.758735497988006,K
871,587198.6785585005,517564.65498492063,43.12559426539302,190.68239603339933,24.84049195747776,102.33150148171083,-18.28510230791526,-42.3996529656833,K
872,587198.9117039726,517564.65498492063,43.26916347238485,192.5254752035146,26.77341597591336,114.64816513248202,-16.495747496471488,-38.123564618944776,K
873,587199.1448494447,517564.65498492063,43.40536372833651,194.2325222244815,28.662052641627835,124.13397021603758,-14.743311086708676,-33.96656500561413,K
874,587199.3779949171,517564.65498492063,43.53794995292192,195.75369484079886,30.506501935560568,131.31914942228403,-13.031448017361352,-29.931239370370918,K
875,587199.6111403892,517564.65498492063,43.66982404483785,197.05154309020318,32.313332184885894,136.74463545598854,-11.356491859951959,-26.0053529143871,K
876,587199.8442858616,517564.65498492063,43.8029071672132,198.11263551668074,34.09271497299626,140.86875968545016,-9.710192194216937,-22.167917205013936,K
877,587200.0774313337,517564.65498492063,43.9380517469151,198.9483251626963,35.85696746365508,144.01360130191622,-8.081084283260019,-18.391995006531882,K
878,587200.3105768058,517564.65498492063,44.07502589893964,199.58784652203227,37.6191410466962,146.3489365806185,-6.455884852243443,-14.64748963970265,K
879,587200.5437222782,517564.65498492063,44.212596482809865,200.06860895669283,39.391255218639735,147.91270806969223,-4.82134126417013,-10.904904139807075,K
880,587200.7768677503,517564.65498492063,44.34871971762823,200.4277261014136,41.182273448374744,148.6573876377602,-3.166446269253484,-7.139882029096884,K
881,587194.2487945284,517564.88813039276,38.12124475903236,186.12149916967522,32.48477063053849,191.07200748330126,-5.636474128493866,-14.785650794255277,K
882,587194.4819400006,517564.88813039276,38.20575781620588,183.8290022690458,32.13508832353489,183.66942317969222,-6.070669492670994,-15.889409972901976,K
883,587194.7150854729,517564.88813039276,38.350381903091275,181.04271105711,31.74292838821334,175.97455765380403,-6.607453514877935,-17.229172662672582,K
884,587194.948230945,517564.88813039276,38.557871624674455,177.86231424864823,31.289972965318924,168.14014141593583,-7.267898659355531,-18.84932532091466,K
885,587195.1813764172,517564.88813039276,38.82353484987366,174.50439379072552,30.75577392556698,160.35988112916212,-8.067760924306679,-20.78059340939413,K
886,587195.4145218895,517564.88813039276,39.13674967975409,171.29367430236232,30.119261127615605,152.81317966696548,-9.017488552138484,-23.04097459785563,K
887,587195.6476673617,517564.88813039276,39.483137288319384,168.6084261597842,29.361050694743327,145.57189660429026,-10.122086593576057,-25.63647999818534,K
888,587195.8808128338,517564.88813039276,39.84689027152449,166.79236419610177,28.46604507088012,138.49519942623152,-11.380845200644366,-28.561438855311085,K
889,587196.1139583061,517564.88813039276,40.21283462761018,166.0627260236919,27.42526887224385,131.1636005488147,-12.787565755366327,-31.799712389800966,K
890,587196.3471037783,517564.88813039276,40.56795442372982,166.45000857803007,26.23599965229312,122.89344443913451,-14.331954771436703,-35.32826580739148,K
891,587196.5802492506,517564.88813039276,40.90227852668244,167.79470487749649,24.90021247425955,112.82435119819311,-16.002066052422887,-39.12267636137679,K
892,587196.8133947228,517564.88813039276,41.209173385203066,169.8038426014185,23.42234271725172,100.02961884701706,-17.786830667951346,-43.162308793939665,K
893,587197.0465401949,517564.88813039276,41.4851785164721,172.14545402481713,21.807622564301525,83.60301210148491,-19.67755595217057,-47.43273780142324,K
894,587197.2796856673,517564.88813039276,41.72955678256279,174.5441171094857,20.062435751735304,62.71831410196028,-21.667121030827484,-51.92272025252221,K
895,587197.5128311394,517564.88813039276,41.94372063761207,176.84241991036097,18.204266822690403,36.78987507503701,-23.739453814921664,-56.59835001293102,K
896,587197.7459766115,517564.88813039276,42.13065658016577,179.01012660931872,16.550480667253645,10.004079461148109,-25.580175912912125,-60.71630017025355,K
897,587197.9791220839,517564.88813039276,42.29442104333652,181.10604880610217,18.293256646251887,32.01301455305745,-24.001164397084633,-56.74782584798146,K
898,587198.212267556,517564.88813039276,42.43973494580984,183.21589492600725,20.62892803406089,58.72261519709784,-21.810806911748948,-51.3924201920643,K
899,587198.4454130281,517564.88813039276,42.571668375311496,185.3950354717602,22.88272295591792,80.1296063394887,-19.688945419393576,-46.24894013036085,K
900,587198.6785585005,517564.88813039276,42.69538452984681,187.6375560428757,25.0429472495052,96.71660097721659,-17.652437280341612,-41.345071545148926,K
901,587198.9117039726,517564.88813039276,42.81590406170414,189.8778684455184,27.115131950894057,109.26661379812174,-15.700772110810082,-36.67042061796223,K
902,587199.1448494447,517564.88813039276,42.93785698145252,192.01667081557457,29.106507531658842,118.61382193911297,-13.831349449793677,-32.212481996407696,K
903,587199.3779949171,517564.88813039276,43.065207210827175,193.95537887362363,31.024470108447847,125.5823712146327,-12.040737102379328,-27.959315378266947,K
904,587199.6111403892,517564.88813039276,43.2009601210252,195.62395767067267,32.87705771306521,130.92103161951596,-10.323902407959984,-23.897391120563338,K
905,587199.8442858616,517564.88813039276,43.34688877286614,196.99378474055678,34.67385598814163,135.22658245250793,-8.673032784724505,-20.008432047269714,K
906,587200.0774313337,517564.88813039276,43.50333178936174,198.07525752822755,36.42649811350141,138.88326324867597,-7.076833675860328,-16.267337201034543,K
907,587200.3105768058,517564.88813039276,43.66911805568241,198.90552235117698,38.148145239530045,142.05013828006227,-5.520972816152366,-12.642739450594318,K
908,587200.5437222782,517564.88813039276,43.841658104998515,199.53340397980853,39.851864156399536,144.70534447192784,-3.9897939485989795,-9.100463169170355,K
909,587200.7768677503,517564.88813039276,44.01721212068993,200.00703959422097,41.54840465877699,146.72564539050617,-2.468807461912945,-5.608732000436035,K
910,587201.0100132225,517564.88813039276,44.191307914367506,200.36670453041924,43.244078068816904,147.9679073009697,-0.9472298455506021,-2.1434754712083053,K
911,587194.4819400006,517565.121275865,39.60551119107516,186.07160174830122,32.38787833618287,192.54396459532146,-7.217632854892287,-18.223809358427705,K
912,587194.7150854729,517565.121275865,39.697218171874646,183.42416225989956,31.946607554933983,185.50163683789833,-7.750610616940662,-19.52431675031563,K
913,587194.948230945,517565.121275865,39.81411847475133,180.34095878801475,31.44434010357121,178.29004580544265,-8.369778371180121,-21.022136598322355,K
914,587195.1813764172,517565.121275865,39.96006996560681,177.04294534752756,30.864597412763928,171.00241586913606,-9.095472552842885,-22.76140297219514,K
915,587195.4145218895,517565.121275865,40.13351014907167,173.8422227955693,30.19090539453122,163.69336788900696,-9.942604754540447,-24.773822966418077,K
916,587195.6476673617,517565.121275865,40.32874964694924,171.08744849221162,29.40834466245981,156.32052768134756,-10.92040498448943,-27.078461593999677,K
917,587195.8808128338,517565.121275865,40.53761530106635,169.0823727582811,28.505135440156604,148.6869084981292,-12.03247986090975,-29.68225874054617,K
918,587196.1139583061,517565.121275865,40.75107709057566,168.00580579631412,27.473756599237216,140.4088405911239,-13.277320491338447,-32.58152038982312,K
919,587196.3471037783,517565.121275865,40.96059684194641,167.86514254974415,26.31123962210339,130.9272406442471,-14.649357219843022,-35.76451113827788,K
920,587196.5802492506,517565.121275865,41.159066365205675,168.50466872839854,25.01877031725462,119.56020716935465,-16.140296047951054,-39.214436753102476,K
921,587196.8133947228,517565.121275865,41.341320317999795,169.66789453582032,23.601394393735372,105.58037147577451,-17.739925924264423,-42.910883802955254,K
922,587197.0465401949,517565.121275865,41.5042913839565,171.0900326429021,22.069675304264507,88.31316682184503,-19.434616079691992,-46.82555810892473,K
923,587197.2796856673,517565.121275865,41.64691526276853,172.58374528620823,20.449506106870825,67.33554965875898,-21.197409155897706,-50.89790929809332,K
924,587197.5128311394,517565.121275865,41.769896258305806,174.08499135474568,18.83799139934003,43.374128330329654,-22.931904858965776,-54.90055497661391,K
925,587197.7459766115,517565.121275865,41.875422832402634,175.64434024515955,17.861919365783628,25.551406836508285,-24.013503466619007,-57.34510087868936,K
926,587197.9791220839,517565.121275865,41.966888865162105,177.37318294095599,19.100364831222176,38.08468072600771,-22.86652403393993,-54.48706028080645,K
927,587198.212267556,517565.121275865,42.0486405826184,179.37222981906126,21.25345933318134,60.3111424005333,-20.795181249437057,-49.455061950404975,K
928,587198.4454130281,517565.121275865,42.12573844409406,181.67374049058486,23.475520317235205,79.43518148420323,-18.650218126858856,-44.272738747618504,K
929,587198.6785585005,517565.121275865,42.203703167745765,184.21879472392928,25.646875243806072,94.28050875519764,-16.556827923939693,-39.230746785730574,K
930,587198.9117039726,517565.121275865,42.28820962312824,186.87313958131435,27.744161792990646,105.28190606007743,-14.544047830137593,-34.39267814777188,K
931,587199.1448494447,517565.121275865,42.38470354573054,189.46894626302222,29.761400323636654,113.24300768346104,-12.623303222093885,-29.782686125134983,K
932,587199.3779949171,517565.121275865,42.497942290920946,191.85207463996682,31.696835051387236,119.08685909089483,-10.80110723953371,-25.415600514477628,K
933,587199.6111403892,517565.121275865,42.63149575735805,193.91680016913662,33.550989459140794,123.71080985433046,-9.080506298217259,-21.299994609384527,K
934,587199.8442858616,517565.121275865,42.78727669094103,195.619058182563,35.327765629873696,127.83423175883112,-7.459511061067332,-17.433946813087704,K
935,587200.0774313337,517565.121275865,42.96518905975267,196.969520656484,37.03572311288737,131.87328671440088,-5.9294659468652995,-13.800628082001584,K
936,587200.3105768058,517565.121275865,43.16298011912503,198.01462412228375,38.687719517048784,135.91129770782578,-4.475260602076247,-10.368284557102001,K
937,587200.5437222782,517565.121275865,43.37635364870266,198.8152522942485,40.298529900698256,139.7825081956189,-3.0778237480044055,-7.09562581707801,K
938,587200.7768677503,517565.121275865,43.59935422777175,199.43019517117253,41.881560150767996,143.21240092788042,-1.7177940770037523,-3.939953027812413,K
939,587201.0100132225,517565.121275865,43.82497753213939,199.90723866873483,43.446077353280316,145.94033135771465,-0.3789001788590767,-0.8645758656264164,K
940,587201.2431586948,517565.121275865,44.04591446350569,200.2810901926888,44.9956601669093,147.7884894417029,0.9497457034036145,2.1562628792518947,K
941,587201.476304167,517565.121275865,44.25531028778206,200.57548746098084,46.52786355509406,148.6805838882171,2.2725532673119986,5.135097353366431,K
942,587194.7150854729,517565.35442133725,41.022125999855014,185.64220663728634,32.20483013987735,194.28491068654367,-8.817295859977662,-21.49400023784439,K
943,587194.948230945,517565.35442133725,41.0517617085273,182.908445105208,31.673570090722478,187.56069242891994,-9.378191617804823,-22.8447969770242,K
944,587195.1813764172,517565.35442133725,41.08423591965453,179.92533463385456,31.071097514092735,180.6511152817536,-10.013138405561797,-24.372215233949508,K
945,587195.4145218895,517565.35442133725,41.126045166289636,176.96588139697275,30.385017098463884,173.5417410523848,-10.741028067825752,-26.11733762484413,K
946,587195.6476673617,517565.35442133725,41.17908941074313,174.32461172178316,29.604586008882478,166.14048796436947,-11.574503401860653,-28.107720611328045,K
947,587195.8808128338,517565.35442133725,41.241746814531794,172.24685638154875,28.721938775521053,158.24786854011785,-12.51980803901074,-30.35712356053577,K
948,587196.1139583061,517565.35442133725,41.31016434467169,170.8638464185218,27.7331961284879,149.54622343916344,-13.57696821618379,-32.865926416811725,K
949,587196.3471037783,517565.35442133725,41.379499542570855,170.16154954516549,26.63948875429773,139.61905457249043,-14.740010788273125,-35.621529866761044,K
950,587196.5802492506,517565.35442133725,41.444945304036374,169.99986229489608,25.448422883413986,128.00659149264754,-15.996522420622387,-38.59704073264748,K
951,587196.8133947228,517565.35442133725,41.50246765546046,170.17795054655068,24.177530304832878,114.3082108028913,-17.32493735062758,-41.74435480428149,K
952,587197.0465401949,517565.35442133725,41.54926390423535,170.52055827222043,22.863769938619512,98.37932788419184,-18.68549396561584,-44.97190132822334,K
953,587197.2796856673,517565.35442133725,41.58399533130642,170.94950298823974,21.590810232296164,80.7975239706567,-19.993185099010255,-48.07903843707492,K
954,587197.5128311394,517565.35442133725,41.60686511793911,171.51029059885747,20.56583600651808,64.09840034243878,-21.04102911142103,-50.57105131996362,K
955,587197.7459766115,517565.35442133725,41.6196046129128,172.34358278021213,20.246375015970397,54.79215546105067,-21.373229596942405,-51.35375454843028,K
956,587197.9791220839,517565.35442133725,41.625407662637016,173.61561346281397,21.048105767590034,58.80351300444196,-20.577301895046983,-49.434475361348056,K
957,587198.212267556,517565.35442133725,41.62882220129512,175.4387806902424,22.661727924112064,70.9898184365493,-18.967094277183058,-45.562409105566694,K
958,587198.4454130281,517565.35442133725,41.63557935662196,177.81574151024634,24.599340812705936,83.95098076609439,-17.036238543916024,-40.91750086625487,K
959,587198.6785585005,517565.35442133725,41.65232166301945,180.62751023311125,26.625727143540097,94.62108514124726,-15.026594519479353,-36.076247180287545,K
960,587198.9117039726,517565.35442133725,41.68619105552619,183.665689145183,28.647482420955118,102.39840879319813,-13.03870863457107,-31.27824419650971,K
961,587199.1448494447,517565.35442133725,41.74425797235216,186.69124815433358,30.622262423514112,107.70850842668354,-11.121995548838047,-26.643174628243024,K
962,587199.3779949171,517565.35442133725,41.832812723903004,189.49475640391694,32.52587808990904,111.44983617616542,-9.306934633993961,-22.247929383615265,K
963,587199.6111403892,517565.35442133725,41.956589637018276,191.93718200003275,34.34267800634741,114.67453681040057,-7.613911630670863,-18.14711752442604,K
964,587199.8442858616,517565.35442133725,42.11803820277859,193.96212925289632,36.06528966414629,118.2652929236491,-6.052748538632301,-14.370917537733254,K
965,587200.0774313337,517565.35442133725,42.31677741834054,195.58294845380857,37.69678218009294,122.65171190080949,-4.619995238247604,-10.917644301159022,K
966,587200.3105768058,517565.35442133725,42.549358451497184,196.85605097369879,39.25007719605062,127.73593202950542,-3.299281255446566,-7.754009403473096,K
967,587200.5437222782,517565.35442133725,42.80941491241464,197.8530294985863,40.743276697930746,133.069900560168,-2.0661382144838925,-4.8263640573249615,K
968,587200.7768677503,517565.35442133725,43.0882087619742,198.64031981717912,42.19378036257398,138.1222461020389,-0.8944283994002191,-2.075807802411043,K
969,587201.0100132225,517565.35442133725,43.3755011453627,199.2693847388742,43.61425000495096,142.46460166978991,0.23874885958826297,0.5504232879941902,K
970,587201.2431586948,517565.35442133725,43.660612061597305,199.7757032529249,45.01110825963836,145.8368027758888,1.350496198041057,3.093168268314124,K
971,587201.476304167,517565.35442133725,43.93349785167131,200.18265246139475,46.38479281594079,148.13264974136337,2.4512949642694792,5.579557932185514,K
972,587201.7094496391,517565.35442133725,44.18567900677002,200.50652709612794,47.73093453665172,149.35264934162558,3.5452555298817003,8.023539774818227,K
973,587194.948230945,517565.5875668094,42.25872071891694,185.36534881790504,31.974661324505494,196.06543294059952,-10.284059394411447,-24.335945857934668,K
974,587195.1813764172,517565.5875668094,42.18420382261719,182.88505072828522,31.368828042220983,189.48777202019716,-10.81537578039621,-25.63844946765953,K
975,587195.4145218895,517565.5875668094,42.103324494134334,180.33617857196373,30.691249276293064,182.6013320374921,-11.41207521784127,-27.10492664167447,K
976,587195.6476673617,517565.5875668094,42.024377556916555,177.94549222664259,29.935239235435226,175.30317236095365,-12.089138321481329,-28.76696580480737,K
977,587195.8808128338,517565.5875668094,41.951121087753116,175.89160684858845,29.097235060107426,167.42191118360728,-12.85388602764569,-30.640149045738266,K
978,587196.1139583061,517565.5875668094,41.883826159581545,174.25630961276292,28.178145220665,158.72172649634376,-13.705680938916544,-32.723087157072364,K
979,587196.3471037783,517565.5875668094,41.82047578761727,173.00852849281333,27.185118914906436,148.93151079915387,-14.635356872710833,-34.995672806391774,K
980,587196.5802492506,517565.5875668094,41.75790731873134,172.0328613657303,26.1344383694997,137.80915982233998,-15.62346894923164,-37.41439634409893,K
981,587196.8133947228,517565.5875668094,41.69277824736994,171.19530784024798,25.057086119732336,125.25878082627881,-16.6356921276376,-39.90065624539428,K
982,587197.0465401949,517565.5875668094,41.62231270559077,170.42041268354663,24.010011512387145,111.54002859456389,-17.612301193203628,-42.31456651095199,K
983,587197.2796856673,517565.5875668094,41.54484093048023,169.7459996208921,23.097500953761504,97.63275782199244,-18.447339976718723,-44.40344351682052,K
984,587197.5128311394,517565.5875668094,41.460171750500976,169.32926728668002,22.499883328990357,85.71059888492039,-18.96028842151062,-45.73133110882859,K
985,587197.7459766115,517565.5875668094,41.369839827003965,169.39867752579642,22.460226763733015,78.95019357037428,-18.90961306327095,-45.70869295686224,K
986,587197.9791220839,517565.5875668094,41.27725066382998,170.17021091998248,23.128804375524087,79.14379411214502,-18.148446288305895,-43.96718772795794,K
987,587198.212267556,517565.5875668094,41.1877162055676,171.7624442329835,24.40270054176646,84.35041230525012,-16.785015663801136,-40.75247964715316,K
988,587198.4454130281,517565.5875668094,41.10834380438929,174.14487602632425,26.047269551183707,90.96170338153883,-15.061074253205586,-36.63751165669063,K
989,587198.6785585005,517565.5875668094,41.04772420581543,177.13850283697047,27.87304735385444,96.47450369190338,-13.174676851960989,-32.09599827240719,K
990,587198.9117039726,517565.5875668094,41.01537081245636,180.46496180497917,29.765476813118426,99.9303755654588,-11.249893999337935,-27.428482972343,K
991,587199.1448494447,517565.5875668094,41.02089767967887,183.8216778854841,31.65557579178013,101.50105296819824,-9.365321887898737,-22.83061175557398,K
992,587199.3779949171,517565.5875668094,41.072982950498655,186.95346992142962,33.495425872265336,102.13564928650581,-7.577557078233319,-18.449005973989824,K
993,587199.6111403892,517565.5875668094,41.17823323203742,189.6973515852312,35.24793230856959,103.20931503125414,-5.930300923467833,-14.401542897799581,K
994,587199.8442858616,517565.5875668094,41.34012154697902,191.99176117976018,36.888893486915194,105.95870142026266,-4.451228060063826,-10.767331815910214,K
995,587200.0774313337,517565.5875668094,41.558195666552166,193.85628436493826,38.414090823431955,110.84654849790903,-3.1441048431202105,-7.565547042386929,K
996,587200.3105768058,517565.5875668094,41.82773124192323,195.3567539674456,39.8392781612705,117.39302547897228,-1.9884530806527323,-4.75391091415386,K
997,587200.5437222782,517565.5875668094,42.139934970279946,196.57129249703016,41.189809974017166,124.62052122471047,-0.9501249962627796,-2.254690228954731,K
998,587200.7768677503,517565.5875668094,42.48270156163903,197.56743201978605,42.48921750011485,131.599029600394,0.006515938475814664,0.015337862791895553,K
999,587201.0100132225,517565.5875668094,42.8418197028213,198.39299649210383,43.7536545370297,137.70370490342577,0.9118348342084062,2.128375593131863,K
1000,587201.2431586948,517565.5875668094,43.202434599456005,199.0776342665986,44.99133784990375,142.62222470787248,1.7889032504477456,4.140746388561794,K
1001,587201.476304167,517565.5875668094,43.55053014558467,199.6394679597358,46.20406444750763,146.2661156280771,2.65353430192296,6.093001148441785,K
1002,587201.7094496391,517565.5875668094,43.87420182822913,200.091962016713,47.38916173237819,148.67341741605557,3.514959904149059,8.011450368739235,K
1003,587201.9425951114,517565.5875668094,44.1645469229716,200.44831458757352,48.54134518312656,149.92942833633404,4.376798260154956,9.910207542236606,K
1004,587195.1813764172,517565.8207122816,43.25628907701281,185.63776161733057,31.747731274600902,197.65629346359378,-11.508557802411907,-26.605513436259535,K
1005,587195.4145218895,517565.8207122816,43.061525126048,183.60750464150877,31.095162972895725,191.03866355752797,-11.966362153152271,-27.788988239791344,K
1006,587195.6476673617,517565.8207122816,42.86096938163012,181.56154647698614,30.380632753452335,183.96567630655477,-12.480336628177785,-29.11818563190678,K
1007,587195.8808128338,517565.8207122816,42.66259423548191,179.61381140556847,29.604731900304017,176.30660786119518,-13.057862335177894,-30.607286240267698,K
1008,587196.1139583061,517565.8207122816,42.46974523485691,177.80188366250226,28.77306289735387,167.9054461721783,-13.696682337503038,-32.250446198253925,K
1009,587196.3471037783,517565.8207122816,42.28234984942139,176.08422908188626,27.898340912234058,158.61422566585176,-14.384008937187328,-34.018944047368656,K
1010,587196.5802492506,517565.8207122816,42.0982000193776,174.37569481043053,27.00360390897284,148.35472988887022,-15.094596110404762,-35.85568053611981,K
1011,587196.8133947228,517565.8207122816,41.91414564204155,172.61127916272233,26.127341970423586,137.21786721433966,-15.78680367161796,-37.664619974463164,K
1012,587197.0465401949,517565.8207122816,41.727116878511794,170.812416898343,25.331268040340166,125.60733720385987,-16.395848838171627,-39.29303068292024,K
1013,587197.2796856673,517565.8207122816,41.534956632067605,169.12453346267412,24.709400575944763,114.40246073259834,-16.825556056122842,-40.50938635898912,K
1014,587197.5128311394,517565.8207122816,41.3370804473074,167.80381468133996,24.389336475890428,104.99504556157831,-16.947743971416973,-40.99888958781294,K
1015,587197.7459766115,517565.8207122816,41.13498688466317,167.1521796148127,24.503599318142758,98.86046139839864,-16.631387566520413,-40.43124557971181,K
1016,587197.9791220839,517565.8207122816,40.93262168475137,167.42286664750944,25.121636364257586,96.54430185734303,-15.810985320493781,-38.626857185607165,K
1017,587198.212267556,517565.8207122816,40.73656466256123,168.73335270423306,26.201139528699994,97.00894722117843,-14.535425133861235,-35.68151918126753,K
1018,587198.4454130281,517565.8207122816,40.55597507444682,171.02017420260628,27.623095495463787,98.29883264941121,-12.932879578983034,-31.888962243523217,K
1019,587198.6785585005,517565.8207122816,40.4022166086846,174.05252891957974,29.26102102432287,98.69308173295299,-11.141195584361729,-27.57570380919865,K
1020,587198.9117039726,517565.8207122816,40.288101122565074,177.4970483978204,31.014460817228585,97.30803547424402,-9.273640305336489,-23.018310734288715,K
1021,587199.1448494447,517565.8207122816,40.226745678737075,181.0065831295058,32.80720879130082,94.24801862238816,-7.4195368874362515,-18.44428815269053,K
1022,587199.3779949171,517565.8207122816,40.23012219287503,184.29971495286512,34.57418938728807,90.66207293031002,-5.655932805586957,-14.058950103285177,K
1023,587199.6111403892,517565.8207122816,40.30747213050978,187.20616416891872,36.25315166619376,88.62231723745792,-4.054320464316021,-10.058483576416592,K
1024,587199.8442858616,517565.8207122816,40.46383163235882,189.67040758094825,37.79409848979303,90.25061976452623,-2.6697331425657893,-6.59782584808605,K
1025,587200.0774313337,517565.8207122816,40.698938071773874,191.72268634939812,39.183665473244005,96.14937884294203,-1.5152725985298687,-3.72312563993104,K
1026,587200.3105768058,517565.8207122816,41.00675153192748,193.4360120498556,40.44916529670216,104.97610865826584,-0.5575862352253154,-1.359742516524831,K
1027,587200.5437222782,517565.8207122816,41.37572621344711,194.88753746147998,41.631663683816654,114.75348779500312,0.2559374703695454,0.6185691316914353,K
1028,587200.7768677503,517565.8207122816,41.789828365869894,196.1353685588932,42.76327158229769,124.00846596802916,0.9734432164277962,2.3293783547166123,K
1029,587201.0100132225,517565.8207122816,42.23015297143872,197.21258676086862,43.862387279460066,131.9732630688696,1.6322343080213457,3.8650921040358663,K
1030,587201.2431586948,517565.8207122816,42.67687763580288,198.1333727300815,44.936842902954346,138.38198850162263,2.2599652671514647,5.295526271714671,K
1031,587201.476304167,517565.8207122816,43.111236846545665,198.90367363106853,45.987743460898535,143.24831237313657,2.87650661435287,6.672289696980367,K
1032,587201.7094496391,517565.8207122816,43.51721396929092,199.530258556632,47.01233607638367,146.70925595863105,3.4951221070927474,8.031585178130138,K
1033,587201.9425951114,517565.8207122816,43.88272403018271,200.02524449372783,48.00600048712899,148.92598107730706,4.123276456946286,9.396126945333386,K
1034,587202.1757405836,517565.8207122816,44.20017429574868,200.40620866319082,48.96360132169027,150.02443311384874,4.7634270259415885,10.776941724412499,K
1035,587195.6476673617,517566.05385775387,43.68970389052109,184.8411804182738,30.918262330300127,192.20081636555352,-12.77144156022096,-29.232154084230014,K
1036,587195.8808128338,517566.05385775387,43.37686895676034,183.07501550424047,30.21487801372506,184.90384444129347,-13.161990943035281,-30.34334026311498,K
1037,587196.1139583061,517566.05385775387,43.068767925890434,181.1867081476983,29.47895231052641,176.9741146448279,-13.589815615364024,-31.553759881750924,K
1038,587196.3471037783,517566.05385775387,42.76645609014149,179.13203752094864,28.726985701905335,168.35037273273062,-14.039470388236154,-32.82822957937945,K
1039,587196.5802492506,517566.05385775387,42.46802576669655,176.85789867799264,27.98532247341475,159.04973662921904,-14.482703293281798,-34.102605505714706,K
1040,587196.8133947228,517566.05385775387,42.17002068189645,174.3620821494128,27.293593123117667,149.23355476506802,-14.876427558778786,-35.27725933785283,K
1041,587197.0465401949,517566.05385775387,41.86872148745098,171.74820552988427,26.70836132521475,139.27863814523553,-15.160360162236234,-36.209274187606,K
1042,587197.2796856673,517566.05385775387,41.56126273719564,169.24751991104642,26.304526073879728,129.81283258969378,-15.256736663315912,-36.709030617738556,K
1043,587197.5128311394,517566.05385775387,41.246581745512515,167.18970411756092,26.168852384199145,121.62663796779749,-15.07772936131337,-36.55510038223658,K
1044,587197.7459766115,517566.05385775387,40.92620415419134,165.92564888375657,26.379282990386443,115.3682476374612,-14.546921163804896,-35.544271608964046,K
1045,587197.9791220839,517566.05385775387,40.60484483689798,165.72743922074514,26.97429583023463,111.10391749316659,-13.630549006663351,-33.56877501050601,K
1046,587198.212267556,517566.05385775387,40.29076037739044,166.70324798354983,27.934865805286904,108.10403120730166,-12.355894572103537,-30.66681903337116,K
1047,587198.4454130281,517566.05385775387,39.995751828476955,168.7607470166235,29.196729708770665,105.11282616041457,-10.79902211970629,-27.00042285995332,K
1048,587198.6785585005,517566.05385775387,39.73470622047214,171.63323024042032,30.67932850989992,100.8754007810596,-9.05537771057222,-22.78959270600245,K
1049,587198.9117039726,517566.05385775387,39.524598981206104,174.9570705398362,32.30642007726924,94.57972336330883,-7.218178903936867,-18.26249750786618,K
1050,587199.1448494447,517566.05385775387,39.382960899702525,178.36954530840796,34.009474856546184,86.20413109641514,-5.3734860431563405,-13.644190077127817,K
1051,587199.3779949171,517566.05385775387,39.325929334246766,181.59113400147095,35.71700111781577,77.01930340285384,-3.6089282164309964,-9.1769686756981,K
1052,587199.6111403892,517566.05385775387,39.366125177776254,184.46701297437406,37.33761274916335,70.27932189196844,-2.028512428612906,-5.152939029310617,K
1053,587199.8442858616,517566.05385775387,39.510687670835,186.96200308809952,38.77142242890099,70.42977065473059,-0.7392652419340067,-1.8710513167800389,K
1054,587200.0774313337,517566.05385775387,39.759825058378354,189.12171124767738,39.989916517794235,78.5963044882656,0.23009145941588116,0.5787033999220158,K
1055,587200.3105768058,517566.05385775387,40.10618253784804,191.0222045997886,41.05847652220524,91.14633344373857,0.9522939843571976,2.3744318808166835,K
1056,587200.5437222782,517566.05385775387,40.53519543493789,192.72899382924678,42.04929861572572,104.27134386582678,1.5141031807878278,3.7352803274825206,K
1057,587200.7768677503,517566.05385775387,41.026413917650785,194.27666380030752,43.00190725044129,116.02469606584089,1.9754933327905064,4.815174284439689,K
1058,587201.0100132225,517566.05385775387,41.55559999396231,195.66920611379896,43.93219459100863,125.75192631315103,2.3765945970463207,5.719071791507331,K
1059,587201.2431586948,517566.05385775387,42.097254161953,196.89324054830246,44.843990960950904,133.41973904812463,2.746736798997901,6.524740992443086,K
1060,587201.476304167,517566.05385775387,42.62716212225569,197.9341103453117,45.735399932236206,139.25258663893698,3.1082378099805155,7.291683647778423,K
1061,587201.7094496391,517566.05385775387,43.124573912902214,198.78737547357443,46.602064256308765,143.54761897839506,3.4774903434065507,8.063825396698327,K
1062,587201.9425951114,517566.05385775387,43.573727215198495,199.4628224231174,47.438964098497266,146.57507693858696,3.8652368832987705,8.870567496348068,K
1063,587202.1757405836,517566.05385775387,43.96457326636639,199.9821157833299,48.24137326604403,148.52668986012233,4.276799999677635,9.727832393063295,K
1064,587202.4088860557,517566.05385775387,44.29271921095765,200.37321315475336,49.00515245160641,149.4985936560519,4.712433240648764,10.63929540700438,K
1065,587195.8808128338,517566.2870032261,44.09706839275417,186.039746217451,30.89838457967562,193.1699172436152,-13.198683813078546,-29.93097794058186,K
1066,587196.1139583061,517566.2870032261,43.683882620557384,184.19574284752156,30.258752729224966,185.78454460473233,-13.425129891332418,-30.732455738754844,K
1067,587196.3471037783,517566.2870032261,43.275934412171246,181.97981013689363,29.62448225762848,177.86297036921434,-13.651452154542767,-31.54513551232144,K
1068,587196.5802492506,517566.2870032261,42.87106749485386,179.3691722869803,29.02219509633969,169.46163418117294,-13.848872398514171,-32.30353991109868,K
1069,587196.8133947228,517566.2870032261,42.46509006957464,176.4117486779426,28.48864063629629,160.73925779929974,-13.976449433278354,-32.9127982782549,K
1070,587197.0465401949,517566.2870032261,42.053306959238355,173.2701946402418,28.07160171443901,151.97993202618204,-13.981705244799347,-33.247576126062114,K
1071,587197.2796856673,517566.2870032261,41.63191344135736,170.23071958006668,27.828178226640027,143.5753124767732,-13.803735214717335,-33.156619702722175,K
1072,587197.5128311394,517566.2870032261,41.1992385134559,167.6627105953645,27.818023230699204,135.928547709547,-13.381215282756699,-32.47927817497481,K
1073,587197.7459766115,517566.2870032261,40.75682279579635,165.9353671738732,28.090547059023596,129.26878534208873,-12.666275736772757,-31.077681889568566,K
1074,587197.9791220839,517566.2870032261,40.31027871422952,165.31806826309605,28.670161620595565,123.44633900160684,-11.640117093633954,-28.87630020162821,K
1075,587198.212267556,517566.2870032261,39.86982722396817,165.9017243286289,29.548560505888837,117.8500564480176,-10.321266718079336,-25.887412704599324,K
1076,587198.4454130281,517566.2870032261,39.45036317202441,167.5725854444734,30.689782640948668,111.52771282012124,-8.760580531075743,-22.206590324339945,K
1077,587198.6785585005,517566.2870032261,39.0708978996,170.0495279786484,32.043590943388544,103.43558894667864,-7.027306956211454,-17.986039057176104,K
1078,587198.9117039726,517566.2870032261,38.75328152364704,172.97004309725037,33.55746140018011,92.69726267083368,-5.19582012346693,-13.407432659080676,K
1079,587199.1448494447,517566.2870032261,38.52022018002019,175.99123548060393,35.18048394690969,78.88777647115596,-3.3397362331105,-8.670086041831004,K
1080,587199.3779949171,517566.2870032261,38.392755828048124,178.86874103706964,36.85379309548274,62.6832114043914,-1.5389627325653805,-4.008471648813185,K
1081,587199.6111403892,517566.2870032261,38.38753009836226,181.48917225845452,38.469072739358495,48.0959062879042,0.08154264099623276,0.2124196081052676,K
1082,587199.8442858616,517566.2870032261,38.51426295053787,183.8532074185398,39.806404060536025,45.89483429215793,1.2921411099981555,3.354967772997744,K
1083,587200.0774313337,517566.2870032261,38.77390165798766,186.02600860945748,40.79087359108049,59.50040702184841,2.016971933092833,5.201880251525641,K
1084,587200.3105768058,517566.2870032261,39.157816489643736,188.08089178422588,41.62014836914587,77.8129266262345,2.4623318795021376,6.288225698573777,K
1085,587200.5437222782,517566.2870032261,39.64824605921154,190.0588637691434,42.40728834110311,94.68780866346403,2.759042281891574,6.95880034080489,K
1086,587200.7768677503,517566.2870032261,40.219965417268604,191.9547860144747,43.1825985387711,108.63871451297535,2.962633121502499,7.3660757555760625,K
1087,587201.0100132225,517566.2870032261,40.84291898837275,193.7275964557718,43.95042316875699,119.62472193843345,3.1075041803842396,7.608428235182922,K
1088,587201.2431586948,517566.2870032261,41.485384918766016,195.3233159610043,44.706918130920684,128.04236304714075,3.221533212154668,7.765465400557003,K
1089,587201.476304167,517566.2870032261,42.11715823949662,196.69794837622723,45.44561242729273,134.40544401787594,3.328454187796112,7.902846077290074,K
1090,587201.7094496391,517566.2870032261,42.712271324744485,197.83147434902412,46.15974662599446,139.20577370561134,3.4474753012499733,8.071393054793479,K
1091,587201.9425951114,517566.2870032261,43.25089602326989,198.73044273829032,46.843504433598284,142.83505307004077,3.5926084103283955,8.30643695426679,K
1092,587202.1757405836,517566.2870032261,43.720254728410296,199.42182040638997,47.492535650857164,145.54561403243144,3.7722809224468676,8.628222653047729,K
1093,587202.4088860557,517566.2870032261,44.11455990494017,199.94304207779265,48.10378321921369,147.44850636351967,3.9892233142735165,9.042872291755048,K
1094,587202.642031528,517566.2870032261,44.4341600292787,200.33273214688523,48.67464695007445,148.54373887496823,4.240486920795746,9.543303886022805,K
1095,587196.1139583061,517566.52014869824,44.319105638390404,186.70609501552659,31.080471679781212,194.21815417391525,-13.238633958609192,-29.87116677539975,K
1096,587196.3471037783,517566.52014869824,43.8149083507211,184.52473946862239,30.553231247613585,186.95942816576485,-13.261677103107512,-30.267499356504427,K
1097,587196.5802492506,517566.52014869824,43.311888505879196,181.83421525139337,30.071915833092135,179.33691289587696,-13.239972672787061,-30.56891105311618,K
1098,587196.8133947228,517566.52014869824,42.804826520115384,178.71599689956213,29.668635723647466,171.47416133363507,-13.136190796467918,-30.688573846444147,K
1099,587197.0465401949,517566.52014869824,42.28782351706879,175.36459167143798,29.38220624231143,163.55611777299012,-12.905617274757358,-30.518518574379257,K
1100,587197.2796856673,517566.52014869824,41.75595947407809,172.08680877811702,29.255682155762834,155.79688965819167,-12.500277318315256,-29.936510801710526,K
1101,587197.5128311394,517566.52014869824,41.206833680762614,169.25555821825128,29.331081662344015,148.36465571096898,-11.875752018418599,-28.819860585315453,K
1102,587197.7459766115,517566.52014869824,40.641950541484114,167.22667831845726,29.641682825842214,141.2717411124768,-11.0002677156419,-27.066288820005553,K
1103,587197.9791220839,517566.52014869824,40.067860714593124,166.24569283621673,30.204417845642112,134.27131936307399,-9.863442868951012,-24.616844256320988,K
1104,587198.212267556,517566.52014869824,39.49690121838141,166.3798442638488,31.016203532214814,126.81910517556497,-8.480697686166597,-21.471805191187443,K
1105,587198.4454130281,517566.52014869824,38.947331807354495,167.5036280598372,32.05636971814392,118.1271212864369,-6.890962089210575,-17.693027402481373,K
1106,587198.6785585005,517566.52014869824,38.44267079142977,169.3452994538162,33.29357626248526,107.27755204646107,-5.149094528944509,-13.394216434338961,K
1107,587198.9117039726,517566.52014869824,38.01011141175975,171.5766823209224,34.69336142144712,93.33782931530638,-3.31674999031263,-8.725967557376004,K
1108,587199.1448494447,517566.52014869824,37.67804833110166,173.91107684998607,36.223223249987576,75.44786412535373,-1.4548250811140804,-3.8612007403610207,K
1109,587199.3779949171,517566.52014869824,37.472935836938575,176.1724914059633,37.85334911328114,52.94066663532147,0.3804132763425656,1.0151680615522443,K
1110,587199.6111403892,517566.52014869824,37.415887286486075,178.31404032771363,39.54069860056197,26.236890247904903,2.1248113140758917,5.678901312179583,K
1111,587199.8442858616,517566.52014869824,37.5195534809845,180.38634983706186,40.85038945459878,17.901614372758928,3.3308359736142847,8.87760024996674,K
1112,587200.0774313337,517566.52014869824,37.78583972735767,182.47686500346433,41.46223041412404,44.68043452766798,3.676390686766375,9.72954607676642,K
1113,587200.3105768058,517566.52014869824,38.204916857047294,184.64928157586647,42.050445758280894,68.84562476306832,3.8455289012335996,10.065534013913844,K
1114,587200.5437222782,517566.52014869824,38.75576490590002,186.90687098488422,42.65841069129829,88.09454972563172,3.9026457853982706,10.069845853575574,K
1115,587200.7768677503,517566.52014869824,39.408206879963174,189.18898009593067,43.27982123722544,102.93108529261794,3.871614357262267,9.824385994153827,K
1116,587201.0100132225,517566.52014869824,40.12611128549603,191.39460741784296,43.904174463898215,114.11419809422327,3.778063178402185,9.415473010881577,K
1117,587201.2431586948,517566.52014869824,40.87123314414962,193.41761744356774,44.52035261064273,122.44998581827369,3.6491194664931115,8.928332193019365,K
1118,587201.476304167,517566.52014869824,41.60707178992621,195.17748702904208,45.117817908579255,128.7158156891776,3.5107461186530458,8.437859161006996,K
1119,587201.7094496391,517566.52014869824,42.30216493170819,196.63554218929195,45.687673850819806,133.58670806973024,3.385508919111615,8.00315757970571,K
1120,587201.9425951114,517566.52014869824,42.93239258114119,197.7949958771817,46.22358836816169,137.5641900358487,3.2911957870205057,7.665996673258369,K
1121,587202.1757405836,517566.52014869824,43.48208554579987,198.68955408366656,46.72215706599322,140.93510330210924,3.2400715201933536,7.45150900542839,K
1122,587202.4088860557,517566.52014869824,43.9439642010571,199.36785743654048,47.182376052853044,143.7823661107326,3.238411851795945,7.369412183614611,K
1123,587202.642031528,517566.52014869824,44.318122825545,199.87990037100647,47.60426776796579,146.0434753773378,3.2861449424207905,7.4149010222216685,K
1124,587202.8751770002,517566.52014869824,44.61038978967274,200.26858411817173,47.98702247953142,147.5899314822784,3.376632689858681,7.569162040006134,K
1125,587203.1083224725,517566.52014869824,44.830424600592806,200.5666045598052,48.32707031237278,148.2990891835222,3.4966457117799763,7.799715802231637,K
1126,587196.3471037783,517566.7532941705,44.387610819384115,186.69973409390346,31.48487040427053,195.53241254377775,-12.902740415113584,-29.068337261078593,K
1127,587196.5802492506,517566.7532941705,43.79524252159104,184.17820511098347,31.105195565808536,188.56246510170234,-12.690046955782506,-28.975857250993226,K
1128,587196.8133947228,517566.7532941705,43.19492574531361,181.18797548670554,30.806402614786982,181.36898172714893,-12.388523130526629,-28.680505676921342,K
1129,587197.0465401949,517566.7532941705,42.57949004127845,177.92854718518777,30.619446279882116,174.05514944368517,-11.960043761396332,-28.08874354719076,K
1130,587197.2796856673,517566.7532941705,41.942841107144496,174.69509087054917,30.576827827882646,166.71541450634967,-11.36601327926185,-27.098815862823788,K
1131,587197.5128311394,517566.7532941705,41.28179168708738,171.83139113078948,30.708814586297372,159.3828352491853,-10.572977100790006,-25.611720491523993,K
1132,587197.7459766115,517566.7532941705,40.597762072349006,169.652468849258,31.038730638888378,151.96421088812127,-9.559031433460628,-23.54571026951077,K
1133,587197.9791220839,517566.7532941705,39.8982165795375,168.36278648908066,31.578748977267445,144.1859657650464,-8.319467602270052,-20.851728010662104,K
1134,587198.212267556,517566.7532941705,39.19762208143555,168.00224654482145,32.32792770443572,135.5769171347876,-6.869694376999824,-17.5257936890345,K
1135,587198.4454130281,517566.7532941705,38.517665262351876,168.44406546249576,33.27337576701172,125.49895734317322,-5.244289495340155,-13.615283947301068,K
1136,587198.6785585005,517566.7532941705,37.886482995657346,169.44822477061533,34.39384767235194,113.21341406900021,-3.4926353233054073,-9.218684467771112,K
1137,587198.9117039726,517566.7532941705,37.336765248486195,170.7505113960077,35.663942602381745,97.96207728016107,-1.67282264610445,-4.480363081727531,K
1138,587199.1448494447,517566.7532941705,36.90277648820617,172.15162136303206,37.05685575727313,79.06807026822877,0.1540792690669548,0.417527578490462,K
1139,587199.3779949171,517566.7532941705,36.616574790734035,173.57126927892995,38.54235137518944,56.195868137569995,1.9257765844554058,5.259302912578079,K
1140,587199.6111403892,517566.7532941705,36.50393003109901,175.04855531924363,40.05653811272227,31.089058643911756,3.552608081623262,9.732124948181381,K
1141,587199.8442858616,517566.7532941705,36.58058871572921,176.69381927021522,41.20788210092658,23.98668313297356,4.627293385197369,12.649586973999924,K
1142,587200.0774313337,517566.7532941705,36.849550975373056,178.61715159952257,41.77229426866249,46.091376536266914,4.922743293289436,13.359031963725576,K
1143,587200.3105768058,517566.7532941705,37.29989393873432,180.8656611873064,42.26452270897963,68.28269573359223,4.964628770245305,13.310034549695471,K
1144,587200.5437222782,517566.7532941705,37.907414886792935,183.393687155104,42.765783030959724,86.06935229720317,4.858368144166789,12.816405863274682,K
1145,587200.7768677503,517566.7532941705,38.63703441816227,186.07291532323887,43.27629806298124,99.54898634556736,4.639263644818968,12.007297440608355,K
1146,587201.0100132225,517566.7532941705,39.44657337519028,188.73200815362713,43.786062308550676,109.43502833793869,4.339488933360393,11.000927487632403,K
1147,587201.2431586948,517566.7532941705,40.291275296259414,191.20562464501126,44.28275775879871,116.61446094433192,3.9914824625392953,9.906567695338893,K
1148,587201.476304167,517566.7532941705,41.128342979994805,193.3733416708211,44.754158288138214,122.00790479283349,3.625815308143409,8.815855552233257,K
1149,587201.7094496391,517566.7532941705,41.92080947820596,195.177395907504,45.19010664062567,126.43976107991868,3.2692971624197114,7.798745308387647,K
1150,587201.9425951114,517566.7532941705,42.64024643172105,196.61883751630486,45.584351177628236,130.50308674522267,2.9441047459071825,6.904520945068919,K
1151,587202.1757405836,517566.7532941705,43.26807207538288,197.73952802723545,45.93543404815674,134.47617791623816,2.667361972773861,6.164734976235378,K
1152,587202.4088860557,517566.7532941705,43.79549100780139,198.60001798907143,46.2459430580689,138.34186924462472,2.450452050267515,5.5952153837732075,K
1153,587202.642031528,517566.7532941705,44.22231848299451,199.26131295782685,46.5203534304148,141.8957558002667,2.298034947420291,5.196550127293732,K
1154,587202.8751770002,517566.7532941705,44.55507538998507,199.77427405905613,46.76238532909954,144.87788278232074,2.2073099391144666,4.954115596919443,K
1155,587203.1083224725,517566.7532941705,44.804775260256136,200.176400418456,46.972700496684695,147.0708427683824,2.167925236428559,4.838603081559493,K
1156,587203.3414679447,517566.7532941705,44.98477536221339,200.49345964407516,47.14728273967366,148.3468147323316,2.1625073774602726,4.8071983466583,K
1157,587196.5802492506,517566.98643964273,44.32532378234076,186.30197895621393,32.10277709251472,197.11636404551655,-12.22254668982604,-27.574636002310516,K
1158,587196.8133947228,517566.98643964273,43.640646299632735,183.68369277711923,31.886025097585467,190.45606886252733,-11.754621202047268,-26.9350300665602,K
1159,587197.0465401949,517566.98643964273,42.93516320068243,180.76749836357936,31.773301953667747,183.6046118603889,-11.161861247014684,-25.99701600024959,K
1160,587197.2796856673,517566.98643964273,42.20171037855126,177.81126222140506,31.789220972323346,176.58286376751852,-10.412489406227916,-24.673145502462845,K
1161,587197.5128311394,517566.98643964273,41.436368125250034,175.10525133255797,31.955891794109135,169.35355422687107,-9.480476331140899,-22.879602532934808,K
1162,587197.7459766115,517566.98643964273,40.640468073983,172.9045604097998,32.28993062811297,161.78427445395116,-8.350537445870032,-20.547345642448036,K
1163,587197.9791220839,517566.98643964273,39.82232616959235,171.36207584555413,32.799925287620844,153.62141237478448,-7.022400881971507,-17.634331184132815,K
1164,587198.212267556,517566.98643964273,38.99842600721573,170.49020689419172,33.4851669575236,144.48913701517642,-5.513259049692124,-14.137132223418522,K
1165,587198.4454130281,517566.98643964273,38.19372593451838,170.17077514922954,34.3359757834974,133.9222040100931,-3.85775015102098,-10.1004813136978,K
1166,587198.6785585005,517566.98643964273,37.44079491685841,170.21298948931695,35.335119626282065,121.43694761494413,-2.105675290576343,-5.624013312891026,K
1167,587198.9117039726,517566.98643964273,36.777615756578484,170.43780845870165,36.45896588132404,106.65762998350233,-0.31864987525444377,-0.8664234173403322,K
1168,587199.1448494447,517566.98643964273,36.24411929462248,170.7538845729608,37.67585061643536,89.57960960254871,1.431731321812883,3.9502444801446956,K
1169,587199.3779949171,517566.98643964273,35.87778666865929,171.19287327804193,38.93567232971169,71.27093075518434,3.057885661052403,8.523061049704024,K
1170,587199.6111403892,517566.98643964273,35.708911285541774,171.88960128794022,40.13635077757723,55.810767411383054,4.427439492035454,12.398696383185689,K
1171,587199.8442858616,517566.98643964273,35.75627442827023,173.01702689767245,41.09719965136682,51.79835698560483,5.3409252230965905,14.937029398325283,K
1172,587200.0774313337,517566.98643964273,36.024001077821175,174.70522322317746,41.75910750104364,61.29524596591668,5.735106423222462,15.920237207502705,K
1173,587200.3105768058,517566.98643964273,36.50020455335441,176.97876903287946,42.26979632806813,75.40343049319264,5.769591774713724,15.807012166959192,K
1174,587200.5437222782,517566.98643964273,37.15772504904254,179.73641482389903,42.7309116054922,88.28457566779593,5.573186556449663,14.998729198555361,K
1175,587200.7768677503,517566.98643964273,37.9568846488899,182.77698226479853,43.173017277143394,98.26348628207188,5.216132628253497,13.742256975260087,K
1176,587201.0100132225,517566.98643964273,38.84981002249468,185.85633313617123,43.598317407728764,105.34666545320688,4.748507385234085,12.222730001728763,K
1177,587201.2431586948,517566.98643964273,39.785601291744086,188.75040101980463,43.998293903504674,110.22712263136519,4.212692611760588,10.588485469578071,K
1178,587201.476304167,517566.98643964273,40.71551177413926,191.3015200822989,44.360653040357846,113.89394958462321,3.6451412662185874,8.952708948960883,K
1179,587201.7094496391,517566.98643964273,41.59736536070667,193.43629521192184,44.674064378912824,117.34113582862123,3.076699018206156,7.396379533960678,K
1180,587201.9425951114,517566.98643964273,42.39864795411092,195.15639354171648,44.93248274469741,121.2702697832865,2.5338347905864893,5.976216018324263,K
1181,587202.1757405836,517566.98643964273,43.098005003920576,196.51284191069857,45.13761863197664,125.89574516801642,2.039613628056067,4.732501255848213,K
1182,587202.4088860557,517566.98643964273,43.68518348490012,197.57693945977738,45.29790956978849,130.98031596652038,1.612726084888365,3.6917003803951225,K
1183,587202.642031528,517566.98643964273,44.15970660978326,198.4176943620602,45.42476444228211,136.05413161116684,1.2650578324988544,2.8647333273237603,K
1184,587202.8751770002,517566.98643964273,44.528720286429994,199.0899037763675,45.528492913526755,140.6451209264693,0.9997726270967604,2.2452309894956457,K
1185,587203.1083224725,517566.98643964273,44.80448963616922,199.63181855807494,45.61547214031297,144.40933028351776,0.8109825041437446,1.8100474098226633,K
1186,587203.3414679447,517566.98643964273,45.001967529550335,200.06857971567507,45.686655720433635,147.16076501606102,0.6846881908832998,1.5214627903406721,K
1187,587203.5746134168,517566.98643964273,45.13673878395272,200.41740032685527,45.73702696658302,148.84444629865146,0.6002881826302939,1.329932553398634,K
1188,587197.0465401949,517567.21958511486,43.36059646722749,183.6244576945708,32.84035197110004,192.3466733347695,-10.520244496127447,-24.262222739668232,K
1189,587197.2796856673,517567.21958511486,42.54060287974764,181.1139549832717,32.89513479535765,185.61484040262462,-9.64546808438999,-22.673557569589406,K
1190,587197.5128311394,517567.21958511486,41.68163555478814,178.70556624720086,33.07966139545013,178.54909446314173,-8.601974159338006,-20.63732395536927,K
1191,587197.7459766115,517567.21958511486,40.7850064714672,176.58593413246768,33.40568706508998,171.0170385046372,-7.3793194063772205,-18.093216220376775,K
1192,587197.9791220839,517567.21958511486,39.85981256523214,174.85391547224614,33.87883752575734,162.8121108234461,-5.980975039474799,-15.005025499522107,K
1193,587198.212267556,517567.21958511486,38.924337666728704,173.49797252540554,34.49761230116483,153.66574407769733,-4.426725365563875,-11.372641465259152,K
1194,587198.4454130281,517567.21958511486,38.006454719982926,172.41669616635042,35.25314580682992,143.28897058688386,-2.753308913153006,-7.244319243766189,K
1195,587198.6785585005,517567.21958511486,37.142686361956216,171.47885555375478,36.129307754011876,131.45533098499223,-1.0133786079443396,-2.7283395661502374,K
1196,587198.9117039726,517567.21958511486,36.37574389713441,170.60018844071172,37.102149172363255,118.15095758933319,0.7264052752288421,1.9969496081867524,K
1197,587199.1448494447,517567.21958511486,35.75062607951489,169.80368228399104,38.137065398049245,103.85026187843002,2.3864393185343573,6.675237835629925,K
1198,587199.3779949171,517567.21958511486,35.30966916985611,169.234724136625,39.18188597976089,89.9945206836749,3.872216809904785,10.966448853648561,K
1199,587199.6111403892,517567.21958511486,35.087222710684735,169.12124290325832,40.15937938397503,79.46967970328053,5.072156673290294,14.455851108858852,K
1200,587199.8442858616,517567.21958511486,35.104800774411544,169.69335224099078,40.985251984938806,75.64359311216762,5.880451210527262,16.751131129659104,K
1201,587200.0774313337,517567.21958511486,35.367564941717745,171.09521123563744,41.63228994459906,78.89448797000193,6.264725002881313,17.713192902041634,K
1202,587200.3105768058,517567.21958511486,35.86281250061754,173.32498234678724,42.147715865283104,85.82464202661525,6.284903364665567,17.52484795930979,K
1203,587200.5437222782,517567.21958511486,36.560801494305835,176.22570907923006,42.58889651379755,92.86687858113639,6.028095019491715,16.487863430539296,K
1204,587200.7768677503,517567.21958511486,37.41781823360152,179.52761859659356,42.98733677118351,98.15918023555986,5.569518537581985,14.884669391494636,K
1205,587201.0100132225,517567.21958511486,38.38098239225246,182.921819629244,43.35165782483226,101.2873828060375,4.970675432579796,12.950881198869913,K
1206,587201.2431586948,517567.21958511486,39.39398566005652,186.1357380347466,43.67614661244632,102.79164783407329,4.282160952389795,10.870088112794553,K
1207,587201.476304167,517567.21958511486,40.40283737403121,188.98470628964895,43.947089584231975,103.81851886092495,3.544252210200767,8.772285414981335,K
1208,587201.7094496391,517567.21958511486,41.360762032395385,191.38783732638709,44.14961293032909,105.70383059581748,2.788850897933706,6.742745444944578,K
1209,587201.9425951114,517567.21958511486,42.231627194047654,193.3518814430959,44.27637885003456,109.37923491348813,2.0447516559869072,4.841754371887203,K
1210,587202.1757405836,517567.21958511486,42.99160766705592,194.93717146729972,44.333694909482574,114.9177807853049,1.3420872424266506,3.1217423940511995,K
1211,587202.4088860557,517567.21958511486,43.62913020916762,196.22194592555581,44.3395071736284,121.63623493173755,0.710376964460778,1.6282171133256038,K
1212,587202.642031528,517567.21958511486,44.14341852066925,197.27667460405561,44.31568187053059,128.59873934943678,0.17226334986133907,0.3902356356490159,K
1213,587202.8751770002,517567.21958511486,44.54212409977414,198.15246759656156,44.281330774266934,135.0309856870469,-0.26079332550720835,-0.5854981790339243,K
1214,587203.1083224725,517567.21958511486,44.838571287956746,198.88121426755697,44.24968171028055,140.459141437099,-0.5888895776761984,-1.3133549102051096,K
1215,587203.3414679447,517567.21958511486,45.04908201195513,199.48196136603465,44.227197162145735,144.6746887023522,-0.8218848498093934,-1.8244208607653347,K
1216,587203.5746134168,517567.21958511486,45.19071459196905,199.96821609410378,44.21351753754282,147.64583314334095,-0.9771970544262274,-2.162384603229725,K
1217,587203.8077588892,517567.21958511486,45.27959484866003,200.35296616247416,44.20177845812776,149.43150668471492,-1.07781639053227,-2.3803578502296734,K
1218,587197.2796856673,517567.4527305871,42.96550599183284,184.27011674948236,33.89977204356082,193.97390728078736,-9.065733948272019,-21.10002835762086,K
1219,587197.5128311394,517567.4527305871,42.02633209842391,182.25254924092252,34.089311716914054,187.14729903295424,-7.9370203815098535,-18.885827016551634,K
1220,587197.7459766115,517567.4527305871,41.0435559860397,180.29686202745523,34.39806164633567,179.81541255039647,-6.64549433970403,-16.191322072493882,K
1221,587197.9791220839,517567.4527305871,40.027002707912736,178.45323839247607,34.82918203395411,171.82778934951224,-5.197820673958624,-12.985785400641786,K
1222,587198.212267556,517567.4527305871,38.996471263742784,176.6929208586543,35.38006161188773,163.01562004242209,-3.616409651855051,-9.273684347992354,K
1223,587198.4454130281,517567.4527305871,37.98223046231141,174.9369860020553,36.04181260825377,153.23616553787556,-1.9404178540576424,-5.108751725318129,K
1224,587198.6785585005,517567.4527305871,37.024028674136495,173.1160722018228,36.79884719880651,142.4507386208685,-0.22518147532998256,-0.6082036001859661,K
1225,587198.9117039726,517567.4527305871,36.16842268572795,171.2378161846764,37.62804739784101,130.84774012829317,1.4596247121130617,4.035632752901412,K
1226,587199.1448494447,517567.4527305871,35.46452395092196,169.43092651060851,38.49711526984948,119.01507399831033,3.0325913189275227,8.55105604441276,K
1227,587199.3779949171,517567.4527305871,34.95860096056118,167.94124609190854,39.36282307912091,108.10674096871345,4.40422211855973,12.598393521320798,K
1228,587199.6111403892,517567.4527305871,34.68828169362901,167.07448116510093,40.173452017500765,99.7587239843161,5.485170323871756,15.812747291195992,K
1229,587199.8442858616,517567.4527305871,34.67728439839614,167.10409016852995,40.88317859937839,95.33636789276949,6.20589420098225,17.89613664577864,K
1230,587200.0774313337,517567.4527305871,34.931604769694836,168.17958047553938,41.47461764006431,94.76158701537018,6.543012870369473,18.73092551432367,K
1231,587200.3105768058,517567.4527305871,35.437883611059604,170.2715833040054,41.96352434895361,96.35895949900441,6.525640737894008,18.414307156473246,K
1232,587200.5437222782,517567.4527305871,36.16430593001466,173.17477421538962,42.37842518735156,98.03449975569035,6.214119257336897,17.183018165376907,K
1233,587200.7768677503,517567.4527305871,37.06392178656467,176.56549394172575,42.74097643869212,98.3316895743557,5.6770546521274525,15.316929182020163,K
1234,587201.0100132225,517567.4527305871,38.07983817315691,180.0895049647239,43.05916133112146,96.77082466253452,4.979323157964551,13.076009239646812,K
1235,587201.2431586948,517567.4527305871,39.15141184339745,183.44627794874512,43.3268776238014,93.88530607091383,4.175465780403954,10.664917518442213,K
1236,587201.476304167,517567.4527305871,40.22044420079681,186.44224829533582,43.525341142936156,91.1935552410292,3.3048969421393437,8.216957837760207,K
1237,587201.7094496391,517567.4527305871,41.23645880976497,189.0018265550938,43.62966343365952,90.81405585130041,2.3932046238945546,5.803613338708496,K
1238,587201.9425951114,517567.4527305871,42.160394899397964,191.142720458445,43.62589669531255,94.28746645406818,1.4655017959145837,3.476015344285854,K
1239,587202.1757405836,517567.4527305871,42.96640287949661,192.9334194586086,43.52727208172082,101.38535595737675,0.5608692022242039,1.3053669021286591,K
1240,587202.4088860557,517567.4527305871,43.64179151197923,194.4521914071427,43.36845134135241,110.47958342318628,-0.2733401706268168,-0.6263266496559559,K
1241,587202.642031528,517567.4527305871,44.185472083840956,195.7605019510286,43.186862740083924,119.84721632360522,-0.9986093437570318,-2.2600400010713764,K
1242,587202.8751770002,517567.4527305871,44.60542240612532,196.89427910366024,43.012158523007386,128.3609544132599,-1.5932638831179347,-3.571906277697628,K
1243,587203.1083224725,517567.4527305871,44.91573856825261,197.86874209444267,42.86469163225808,135.4885682634544,-2.0510469359945276,-4.566432616660235,K
1244,587203.3414679447,517567.4527305871,45.133773934014926,198.68916745896388,42.7564764858162,141.0874536402633,-2.377297448198725,-5.267225053403039,K
1245,587203.5746134168,517567.4527305871,45.277723035848425,199.36082252994063,42.691805594721885,145.22083963703184,-2.58591744112654,-5.7112356093506556,K
1246,587203.8077588892,517567.4527305871,45.36483956480033,199.8944547794612,42.66744976568133,148.03163926750116,-2.6973897991189943,-5.945992149417771,K
1247,587204.0409043613,517567.4527305871,45.41032332871251,200.3070053085672,42.67309453745844,149.66223930432082,-2.7372287912540685,-6.027767676173636,K
1248,587197.5128311394,517567.68587605935,42.47567361357945,185.42641063102164,34.99512320361431,195.24997185487481,-7.48055040996514,-17.611375579394252,K
1249,587197.7459766115,517567.68587605935,41.424019729086936,183.70571157351165,35.2799988878283,188.23704995109395,-6.144020841258637,-14.832024707984713,K
1250,587197.9791220839,517567.68587605935,40.33497327272354,181.84665275747784,35.665954557991114,180.63370704617495,-4.669018714732424,-11.575608797762216,K
1251,587198.212267556,517567.68587605935,39.22953803927317,179.81198879411397,36.14939574852954,172.34903750117164,-3.0801422907436304,-7.851589502940518,K
1252,587198.4454130281,517567.68587605935,38.13976045010153,177.54820837378966,36.721416761819086,163.33894269379564,-1.418343688282441,-3.718805969266819,K
1253,587198.6785585005,517567.68587605935,37.1077135299184,175.04269605789958,37.36736200180343,153.66503504531428,0.25964847188502915,0.6997156310255694,K
1254,587198.9117039726,517567.68587605935,36.182682327089466,172.38105905916908,38.066366093072325,143.57079213083733,1.883683765982859,5.206036824341713,K
1255,587199.1448494447,517567.68587605935,35.41666437822935,169.77616158649576,38.7910396630179,133.5545907200574,3.374375284788549,9.527648478558529,K
1256,587199.3779949171,517567.68587605935,34.85866101178398,167.548254349744,39.50825571622722,124.37721227816522,4.649594704443238,13.338420264827274,K
1257,587199.6111403892,517567.68587605935,34.54855479346891,166.05496748921817,40.18305875825129,116.88865625132229,5.6345039647823825,16.308942583750373,K
1258,587199.8442858616,517567.68587605935,34.51155666253378,165.59266303648698,40.78703218198906,111.60884041025669,6.275475519455284,18.183693018599847,K
1259,587200.0774313337,517567.68587605935,34.75419916899956,166.30564673202483,41.30738355097334,108.28429005052868,6.553184381973779,18.85580602823719,K
1260,587200.3105768058,517567.68587605935,35.262632018995646,168.1389163533782,41.74859819523566,105.86570785624998,6.485966176240012,18.39331270775841,K
1261,587200.5437222782,517567.68587605935,36.003581022402265,170.8530703090876,42.12471346028937,102.97946368197566,6.1211324378871055,17.00145447775985,K
1262,587200.7768677503,517567.68587605935,36.92784777683282,174.09461430618657,42.449316423951096,98.48695150671078,5.521468647118276,14.952045622821926,K
1263,587201.0100132225,517567.68587605935,37.975766766691805,177.4932791737366,42.72857063665122,91.87521712999137,4.752803869959415,12.515359858719313,K
1264,587201.2431586948,517567.68587605935,39.083704833988655,180.74991784992037,42.955938023015555,83.6120900170979,3.8722331890269004,9.907538718436593,K
1265,587201.476304167,517567.68587605935,40.19055608437469,183.68662365469405,43.105411663547436,75.68871107560966,2.9148555791727446,7.252588327102009,K
1266,587201.7094496391,517567.68587605935,41.24327085302114,186.24944538089292,43.129447142703015,71.88510474106201,1.8861762896818774,4.573294626421978,K
1267,587201.9425951114,517567.68587605935,42.20072342431953,188.4736480713872,42.991176189275876,75.5193212949166,0.7904527649563491,1.8730787077001272,K
1268,587202.1757405836,517567.68587605935,43.035592837457024,190.43319457128612,42.717241388088624,85.56445057650788,-0.3183514493684001,-0.7397398952322914,K
1269,587202.4088860557,517567.68587605935,43.734311527300385,192.1965188789343,42.37611517109907,98.19184039926509,-1.3581963562013115,-3.1055624491847347,K
1270,587202.642031528,517567.68587605935,44.29544539091096,193.8021339262236,42.026626217099746,110.5089718733908,-2.2688191738112167,-5.122014585898618,K
1271,587202.8751770002,517567.68587605935,44.72705360381838,195.25603127707058,41.70792125998645,121.19874170927667,-3.0191323438319344,-6.750125708200436,K
1272,587203.1083224725,517567.68587605935,45.04362238786701,196.54391382073337,41.44608461791891,129.88628959988955,-3.5975377699480973,-7.986786095865002,K
1273,587203.3414679447,517567.68587605935,45.263093769837795,197.64799999998394,41.258389137918115,136.64052218371694,-4.0047046319196795,-8.847615791098034,K
1274,587203.5746134168,517567.68587605935,45.40436045732991,198.56004124162027,41.15407864343936,141.70560033954604,-4.250281813890545,-9.360955139726885,K
1275,587203.8077588892,517567.68587605935,45.48542062593759,199.28675201019402,41.13368494251223,145.35782362844563,-4.35173568342536,-9.567319865442396,K
1276,587204.0409043613,517567.68587605935,45.522224724891565,199.8482311833101,41.18854995094236,147.82729610481326,-4.333674773949205,-9.519909890474995,K
1277,587204.2740498334,517567.68587605935,45.5281282557386,200.27241777416316,41.301611810938795,149.26027105938738,-4.226516444799806,-9.283308158549378,K
1278,587204.5071953058,517567.68587605935,45.51380027999586,200.58891475990518,41.44981060067505,149.71233507756563,-4.063989679320812,-8.929137216228039,K
1279,587197.7459766115,517567.9190215316,41.92865084311276,186.58510066142262,36.06454018773985,196.28430959589178,-5.864110655372912,-13.985927372943735,K
1280,587197.9791220839,517567.9190215316,40.78782548178164,184.82215521130973,36.40414304243619,189.15097432060443,-4.383682439345449,-10.747526713095976,K
1281,587198.212267556,517567.9190215316,39.62969430197878,182.6803228186141,36.82234346673884,181.46763806444213,-2.8073508352399372,-7.083957836888389,K
1282,587198.4454130281,517567.9190215316,38.487441201087975,180.13155780221584,37.310487560019524,173.2434197645797,-1.176953641068451,-3.0580199783070547,K
1283,587198.6785585005,517567.9190215316,37.40449163861686,177.209099510957,37.855273219779875,164.57263314273018,0.4507815811630138,1.2051536096740354,K
1284,587198.9117039726,517567.9190215316,36.43162531387646,174.0547787780825,38.43870537840834,155.67116867690913,2.007080064531884,5.509169704178436,K
1285,587199.1448494447,517567.9190215316,35.62235058363855,170.9354065999273,39.03852840667614,146.89134790205037,3.416177823037593,9.589984285334202,K
1286,587199.3779949171,517567.9190215316,35.027041336863064,168.21150512092717,39.629710486765795,138.67793792318312,4.602669149902731,13.140330939281482,K
1287,587199.6111403892,517567.9190215316,34.686661335985455,166.26052360084157,40.18764518256132,131.42708021542362,5.500983846575863,15.85907560630202,K
1288,587199.8442858616,517567.9190215316,34.627087462849275,165.3778154214006,40.69288661552061,125.26238779294012,6.065799152671332,17.51749741926522,K
1289,587200.0774313337,517567.9190215316,34.85502904441799,165.6916653182985,41.1353668791011,119.84650831547465,6.28033783468311,18.01845531868493,K
1290,587200.3105768058,517567.9190215316,35.356309921553155,167.12608355301805,41.51522477445627,114.38183072690205,6.158914852903116,17.419563485466142,K
1291,587200.5437222782,517567.9190215316,36.09687367803856,169.42690763187844,41.83961579464872,107.82002457676714,5.7427421166101595,15.909250667611303,K
1292,587200.7768677503,517567.9190215316,37.02637882762899,172.24104804707486,42.117757040408094,99.14971038795107,5.091378212779105,13.750678229921668,K
1293,587201.0100132225,517567.9190215316,38.08378308181823,175.21765253681224,42.35622462654686,87.67063274028867,4.272441544728629,11.218532401441905,K
1294,587201.2431586948,517567.9190215316,39.203980807601376,178.09333433468757,42.55326243874796,73.38034653692183,3.3492816311465816,8.543218219556875,K
1295,587201.476304167,517567.9190215316,40.324426532259984,180.73369456228988,42.68451727888428,58.053043016778055,2.3600907466242944,5.852757124112344,K
1296,587201.7094496391,517567.9190215316,41.390767040221746,183.1241270221446,42.66541750261786,48.15308783162104,1.2746504623961172,3.0795526479552007,K
1297,587201.9425951114,517567.9190215316,42.36077727374024,185.32373011654852,42.37718614192553,53.11866189543649,0.016408868185287417,0.038735994099568606,K
1298,587202.1757405836,517567.9190215316,43.20627252176266,187.40776457810045,41.8878402219166,68.96499191335755,-1.3184322998460658,-3.0514835529539877,K
1299,587202.4088860557,517567.9190215316,43.913056852348,189.4229362405614,41.34277889412316,86.4213252800215,-2.5702779582248425,-5.853106439087288,K
1300,587202.642031528,517567.9190215316,44.47928158200339,191.3688642021884,40.81767761529631,101.81043043445294,-3.6616039667070766,-8.232156267983846,K
1301,587202.8751770002,517567.9190215316,44.91277426625487,193.20530703539683,40.35296068178795,114.33033237021797,-4.559813584466923,-10.152598361960754,K
1302,587203.1083224725,517567.9190215316,45.227943267304475,194.87470602355404,39.97773120201307,124.10678422033673,-5.250212065291407,-11.608336983757592,K
1303,587203.3414679447,517567.9190215316,45.442785850058186,196.32665799929148,39.714999233757624,131.56230528802385,-5.727786616300563,-12.604391454343965,K
1304,587203.5746134168,517567.9190215316,45.57637258330932,197.53429389419844,39.580473751512244,137.18369322160592,-5.995898831797078,-13.15571751752981,K
1305,587203.8077588892,517567.9190215316,45.64699853342041,198.49887286681204,39.57957958084905,141.4085315494708,-6.067418952571359,-13.292043611868815,K
1306,587204.0409043613,517567.9190215316,45.67102684557885,199.24459606891682,39.70518879691929,144.56211301581442,-5.965838048659563,-13.062631739879706,K
1307,587204.2740498334,517567.9190215316,45.66233153585374,199.80856047600577,39.93770311932441,146.8325870813116,-5.7246284165293275,-12.53687278765954,K
1308,587204.5071953058,517567.9190215316,45.63218408112536,200.23072210114816,40.24799871529446,148.28137562352097,-5.384185365830902,-11.799096348881399,K
1309,587204.7403407779,517567.9190215316,45.589417325712944,200.54686725725423,40.60250049801085,148.88043599301918,-4.986916827702096,-10.938759739070889,K
1310,587197.9791220839,517568.1521670037,41.38141572507063,187.2610551038884,37.057852028047904,197.2995151603354,-4.323563697022728,-10.448080669224973,K
1311,587198.212267556,517568.1521670037,40.193034930951846,185.19550153535445,37.41425289209286,190.21539789329404,-2.778782038858985,-6.913590983195701,K
1312,587198.4454130281,517568.1521670037,39.02158496255645,182.6080029913468,37.82524385309097,182.713847726413,-1.1963411094654859,-3.065844482261412,K
1313,587198.6785585005,517568.1521670037,37.910914562170014,179.5631502976563,38.27903813207064,174.8829192226902,0.3681235699006251,0.9710226570686924,K
1314,587198.9117039726,517568.1521670037,36.9120834389211,176.23354288239503,38.760440885775324,166.88074522852608,1.848357446854223,5.007459007055844,K
1315,587199.1448494447,517568.1521670037,36.078730412233234,172.90656710137614,39.25154054566094,158.9248471513755,3.172810133427703,8.794129109243535,K
1316,587199.3779949171,517568.1521670037,35.461217718320434,169.94676308109592,39.733134285424256,151.2421732086387,4.271916567103823,12.04672834711147,K
1317,587199.6111403892,517568.1521670037,35.10038298955236,167.71848715784617,40.18701297351261,143.9719879455389,5.0866299839602505,14.491665192013112,K
1318,587199.8442858616,517568.1521670037,35.02190869875166,166.492661901589,40.59873370225855,137.043527768684,5.57682500350689,15.923818006257534,K
1319,587200.0774313337,517568.1521670037,35.232297218876546,166.37224482573794,40.95985075914858,130.08616535754555,5.727553540272034,16.25654298012495,K
1320,587200.3105768058,517568.1521670037,35.7172050785033,167.26697087819295,41.26849410419234,122.429794458122,5.551289025689044,15.542338806991745,K
1321,587200.5437222782,517568.1521670037,36.44248409372143,168.92929255778444,41.528096496399414,113.1987771571577,5.085612402677981,13.955174926053315,K
1322,587200.7768677503,517568.1521670037,37.357787647208404,171.03829648295968,41.74517614652915,101.44481896904773,4.387388499320743,11.744240694211971,K
1323,587201.0100132225,517568.1521670037,38.40213908222732,173.29864022493058,41.927255418677554,86.26406631664464,3.525116336450232,9.179479114176926,K
1324,587201.2431586948,517568.1521670037,39.51053061330709,175.51672351267734,42.08103812350777,66.91008137495544,2.5705075102006774,6.505879496680144,K
1325,587201.476304167,517568.1521670037,40.620494719389896,177.6283203636696,42.20752520685502,43.16227812073499,1.587030487465121,3.9069698644205917,K
1326,587201.7094496391,517568.1521670037,41.67768199328947,179.67423973700653,42.24556352706927,19.625962654604937,0.5678815337798042,1.362555465227742,K
1327,587201.9425951114,517568.1521670037,42.63975192219053,181.7420847548887,41.74488923501753,30.64254589846843,-0.8948626871729957,-2.0986582867694694,K
1328,587202.1757405836,517568.1521670037,43.47825828420168,183.90311397254894,40.98492310607807,56.24575388799998,-2.4933351781236084,-5.7346712506871285,K
1329,587202.4088860557,517568.1521670037,44.17859510962715,186.17006247617806,40.235804125185965,78.073399329592,-3.9427909844411886,-8.924663572160531,K
1330,587202.642031528,517568.1521670037,44.738379236696915,188.4882244568065,39.541432195252995,95.34029594769896,-5.19694704144392,-11.616306022058785,K
1331,587202.8751770002,517568.1521670037,45.16482823330747,190.756067200823,38.93364237766552,108.58166093914107,-6.231185855641947,-13.796545009434281,K
1332,587203.1083224725,517568.1521670037,45.47173313623914,192.86070382025173,38.445384676691326,118.53749688579896,-7.026348459547812,-15.452123714959296,K
1333,587203.3414679447,517568.1521670037,45.6765448656746,194.71130378799586,38.108986199479595,125.97964450329897,-7.567558666195005,-16.567712572064394,K
1334,587203.5746134168,517568.1521670037,45.797935466011076,196.2587641832565,37.95064574620466,131.62833861765034,-7.847289719806419,-17.134592727723028,K
1335,587203.8077588892,517568.1521670037,45.85401214627896,197.49843667800573,37.983604342465796,136.0767477457597,-7.8704078038131655,-17.164054867665158,K
1336,587204.0409043613,517568.1521670037,45.861198517512655,198.45990165225524,38.202844026223005,139.73108551308977,-7.65835449128965,-16.698984629381666,K
1337,587204.2740498334,517568.1521670037,45.833682304411504,199.19111872506576,38.58411560401065,142.7904320593222,-7.249566700400855,-15.817116007070378,K
1338,587204.5071953058,517568.1521670037,45.78327206253838,199.74369161911085,39.08819828405532,145.27694834754686,-6.6950737784830565,-14.623406053935627,K
1339,587204.7403407779,517568.1521670037,45.71950059724747,200.16310221834433,39.66869430996488,147.10238268973035,-6.05080628728259,-13.234629005652083,K
1340,587204.97348625,517568.1521670037,45.64984321603813,200.48460008821277,40.280409744702325,148.14336879069228,-5.369433471335803,-11.762216676024341,K
1341,587198.212267556,517568.38531247596,40.904946189272515,187.29345212523586,37.938651359211875,198.4940935703724,-2.96629483006064,-7.25167762435185,K
1342,587198.4454130281,517568.38531247596,39.72578108094529,184.90383263319936,38.279419996834704,191.62476399578384,-1.4463610841105847,-3.6408625450648233,K
1343,587198.6785585005,517568.38531247596,38.6087082955776,182.01673199403098,38.65182830700792,184.47753050695337,0.04312001143031807,0.11168467771623744,K
1344,587198.9117039726,517568.38531247596,37.60400517190294,178.81035086796072,39.0430743113715,177.15153292612757,1.4390691394685575,3.8269038973109306,K
1345,587199.1448494447,517568.38531247596,36.76419903699788,175.56149330902966,39.43858530104969,169.76142913431204,2.6743862640518117,7.274430924934407,K
1346,587199.3779949171,517568.38531247596,36.138370642996364,172.60624306448088,39.82316631914189,162.39586762926615,3.6847956761455265,10.196352548782224,K
1347,587199.6111403892,517568.38531247596,35.76610778080838,170.26753463225435,40.18256202888138,155.05438882256178,4.416454248072995,12.348154501851626,K
1348,587199.8442858616,517568.38531247596,35.67208784526036,168.77282131006388,40.505139002927066,147.57904848568938,4.833051157666709,13.548551401397333,K
1349,587200.0774313337,517568.38531247596,35.862238568374764,168.1935912273018,40.78316647221091,139.60924662615548,4.920927903836144,13.721753298957978,K
1350,587200.3105768058,517568.38531247596,36.322193455497505,168.43315736462898,41.01321923217615,130.58380586100992,4.691025776678643,12.915039898199314,K
1351,587200.5437222782,517568.38531247596,37.018364068189534,169.2706763098328,41.19562454083069,119.79105007765482,4.177260472641159,11.28429247966348,K
1352,587200.7768677503,517568.38531247596,37.90147989724902,170.44554831704812,41.333327485131534,106.44450064931755,3.4318475878825154,9.054653267329563,K
1353,587201.0100132225,517568.38531247596,38.912004896150926,171.74860162742775,41.43064591840821,89.76196568953871,2.5186410222572846,6.472658062670068,K
1354,587201.2431586948,517568.38531247596,39.98652743925561,173.0837230914511,41.49184828859374,69.06672581351206,1.5053208493381263,3.764570083323418,K
1355,587201.476304167,517568.38531247596,41.06410332581315,174.47738639177552,41.516493205427125,44.15276481634028,0.4523898796139747,1.101667497825527,K
1356,587201.7094496391,517568.38531247596,42.09162444696795,176.03697648656043,41.443875203875585,19.54046586893287,-0.6477492430923633,-1.5389029328351893,K
1357,587201.9425951114,517568.38531247596,43.027551837185385,177.88038582193616,40.81707072917988,30.055265412800853,-2.210481108005503,-5.137362024151128,K
1358,587202.1757405836,517568.38531247596,43.84371572814093,180.0690941938178,39.92125331685687,55.05435494368979,-3.9224624112840587,-8.946464381818899,K
1359,587202.4088860557,517568.38531247596,44.525256252204834,182.5714738687137,39.02988052424485,76.04158952979121,-5.495375727959981,-12.342154072808638,K
1360,587202.642031528,517568.38531247596,45.06907597023982,185.26673259684762,38.191446689839665,92.30591613164813,-6.877629280400157,-15.260195893391776,K
1361,587202.8751770002,517568.38531247596,45.48134798311602,187.98168592171476,37.44665534127163,104.45018148253604,-8.034692641844387,-17.665907010555397,K
1362,587203.1083224725,517568.38531247596,45.77465711972601,190.54089768419973,36.84186213987676,113.31713826136058,-8.932794979849248,-19.514717404622072,K
1363,587203.3414679447,517568.38531247596,45.96526756406408,192.80951401695768,36.42664222283155,119.82184319587805,-9.538625341232525,-20.75181076219793,K
1364,587203.5746134168,517568.38531247596,46.07085238310489,194.71560954847132,36.24525530728616,124.84665004603913,-9.825597075818735,-21.32714409994719,K
1365,587203.8077588892,517568.38531247596,46.108840241260985,196.24976550872162,36.32447178042078,129.1186851046636,-9.784368460840206,-21.22015737035294,K
1366,587204.0409043613,517568.38531247596,46.095376923903544,197.44841483867071,36.66295330079359,133.0992921216448,-9.432423623109955,-20.462840858599446,K
1367,587204.2740498334,517568.38531247596,46.0447923953859,198.37116333050642,37.2285092541065,136.94481433774067,-8.8162831412794,-19.14718838468011,K
1368,587204.5071953058,517568.38531247596,45.96941683080517,199.08093164358542,37.965431536601,140.5642280116905,-8.00398529420417,-17.411544122179322,K
1369,587204.7403407779,517568.38531247596,45.879593415959455,199.63159946055404,38.80782528110693,143.73706537328644,-7.071768134852526,-15.413755023366392,K
1370,587204.97348625,517568.38531247596,45.7837734076407,200.06352387559986,39.692536001575206,146.22935773187038,-6.0912374060654955,-13.304358624684589,K
1371,587205.2066317224,517568.38531247596,45.688628897909936,200.40458790894485,40.56781273387566,147.86879995584252,-5.120816164034274,-11.208075811328472,K
1372,587198.6785585005,517568.6184579482,39.465675717572786,184.43104777965254,38.984423012065946,193.34346807900994,-0.4812527055068401,-1.219420918954528,K
1373,587198.9117039726,517568.6184579482,38.47167672757516,181.59431993043157,39.29585735813815,186.54318539974238,0.8241806305629922,2.1423049387713538,K
1374,587199.1448494447,517568.6184579482,37.639920177451735,178.656748091698,39.60675418342925,179.57587399951032,1.9668340059775176,5.225393669022054,K
1375,587199.3779949171,517568.6184579482,37.01716908490045,175.9018455656697,39.904598527919575,172.44946240563846,2.8874294430191227,7.800243817663854,K
1376,587199.6111403892,517568.6184579482,36.6408232927195,173.59155335505432,40.177537224168006,165.09589006098733,3.536713931448503,9.652386637696662,K
1377,587199.8442858616,517568.6184579482,36.53386628939223,171.89816732662533,40.41540545311799,157.33400034866605,3.881539163725762,10.62449600318591,K
1378,587200.0774313337,517568.6184579482,36.701332940831584,170.85987143484545,40.610452604731464,148.84999264954646,3.9091196638998795,10.651165368304211,K
1379,587200.3105768058,517568.6184579482,37.12895467788862,170.38157976719927,40.757517314118935,139.20849154366323,3.6285626362303134,9.77286505292116,K
1380,587200.5437222782,517568.6184579482,37.78426575018736,170.28497231595276,40.8535501520527,127.89967499424455,3.069284401865339,8.123181279101921,K
1381,587200.7768677503,517568.6184579482,38.620013289609,170.38974996559264,40.89647633791447,114.42637373929898,2.276463048305473,5.894516480961368,K
1382,587201.0100132225,517568.6184579482,39.57930411838234,170.59283966724055,40.8831046525257,98.46145763203914,1.3038005341433632,3.294147189257483,K
1383,587201.2431586948,517568.6184579482,40.60163449605125,170.91177175457796,40.80436169368258,80.21647088802705,0.20272719763133296,0.49930797158190615,K
1384,587201.476304167,517568.6184579482,41.62884575921462,171.47378507207816,40.6309387607564,61.55784770403571,-0.9979069984582196,-2.397152696066119,K
1385,587201.7094496391,517568.6184579482,42.610142181513645,172.4562790375001,40.2748705380671,48.980737073252776,-2.3352716434465464,-5.480553511177208,K
1386,587201.9425951114,517568.6184579482,43.505561952707104,174.0053434190522,39.61495585098346,51.79639007775084,-3.890606101723641,-8.942778640471166,K
1387,587202.1757405836,517568.6184579482,44.28763667373292,176.16723263328572,38.72234924308134,65.44392388102808,-5.56528743065158,-12.566232584617373,K
1388,587202.4088860557,517568.6184579482,44.94132347451823,178.859679341788,37.75077916590988,80.282402241691,-7.190544308608345,-15.999849921387808,K
1389,587202.642031528,517568.6184579482,45.4625705545265,181.89087918768212,36.790689047343164,92.61736965569467,-8.671881507183336,-19.07477162291677,K
1390,587202.8751770002,517568.6184579482,45.85603319238729,185.0137599506671,35.908367734387085,101.79201167984536,-9.947665458000202,-21.693253352868837,K
1391,587203.1083224725,517568.6184579482,46.13248061859464,187.99106236065245,35.17301745045082,108.22336304731675,-10.95946316814382,-23.756500888717405,K
1392,587203.3414679447,517568.6184579482,46.30634581229707,190.64688085121173,34.66125356904816,112.77344539252489,-11.64509224324891,-25.14794039342325,K
1393,587203.5746134168,517568.6184579482,46.393713884516785,192.8903178403684,34.44720044488764,116.45085901312694,-11.946513439629143,-25.750284767816606,K
1394,587203.8077588892,517568.6184579482,46.410870940342456,194.71039295821575,34.58154420363014,120.13678888234692,-11.829326736712318,-25.488267074147334,K
1395,587204.0409043613,517568.6184579482,46.37338793692255,196.15178421711408,35.069802938169964,124.33525398775039,-11.303584998752584,-24.375154591093946,K
1396,587204.2740498334,517568.6184579482,46.29562001103837,197.28482672259835,35.865722553597266,129.07686254383458,-10.429897457441108,-22.52890760498354,K
1397,587204.5071953058,517568.6184579482,46.190468175148844,198.18079290488183,36.885941645145685,134.03604986792,-9.304526530003159,-20.143823818198776,K
1398,587204.7403407779,517568.6184579482,46.069267179096855,198.8977713716103,38.03497765556956,138.75608268253208,-8.034289523527292,-17.43958611777683,K
1399,587204.97348625,517568.6184579482,45.941710384569774,199.4768527129829,39.22575048768064,142.83337382231787,-6.715959896889132,-14.618436798871967,K
1400,587205.2066317224,517568.6184579482,45.81577705746451,199.94499858374078,40.38996655120215,146.00185510745786,-5.4258105062623585,-11.842668300609695,K
1401,587205.4397771945,517568.6184579482,45.697671277287995,200.32033453797013,41.480577083885514,148.13851679965168,-4.217094193402481,-9.228247469797003,K
1402,587198.9117039726,517568.85160342033,39.466582648232844,184.33879377036754,39.52670986468094,195.1552955338879,0.0601272164480946,0.152349690329185,K
1403,587199.1448494447,517568.85160342033,38.65322348745334,181.87932769951186,39.76257724988625,188.54374402294275,1.1093537624329102,2.8700161651278617,K
1404,587199.3779949171,517568.85160342033,38.041632255919325,179.46649006334243,39.982752162934744,181.65418076426548,1.9411199070154197,5.10261992428934,K
1405,587199.6111403892,517568.85160342033,37.666340052586634,177.2925778405237,40.176803826096325,174.3953413260987,2.5104637735096915,6.665005864665346,K
1406,587199.8442858616,517568.85160342033,37.54811982433477,175.47181457979767,40.33522558276729,166.60061421943587,2.7871057584325243,7.422757175250658,K
1407,587200.0774313337,517568.85160342033,37.69086634548153,174.0119075953777,40.44979044439147,158.025612097614,2.7589240989099366,7.319874458764419,K
1408,587200.3105768058,517568.85160342033,38.080495872382095,172.82670364401645,40.51349309876938,148.3703715674546,2.432997226387286,6.3890901907919195,K
1409,587200.5437222782,517568.85160342033,38.68609791539113,171.78994651958644,40.51994364900681,137.33552415250708,1.8338457336156821,4.740322318437014,K
1410,587200.7768677503,517568.85160342033,39.463171650921346,170.81059563316737,40.462037802095054,124.7280758679554,0.9988661511737078,2.5311350035657543,K
1411,587201.0100132225,517568.85160342033,40.35841201449831,169.8975637577167,40.32945828741335,110.65610708957401,-0.02895372708496069,-0.07174149239211737,K
1412,587201.2431586948,517568.85160342033,41.31525762840287,169.1834205438885,40.10396846282498,95.89917990738148,-1.2112891655778881,-2.9318204341661107,K
1413,587201.476304167,517568.85160342033,42.2793279439777,168.89315742095468,39.751639987208144,82.52877993758652,-2.5276879567695545,-5.9785433678578626,K
1414,587201.7094496391,517568.85160342033,43.20297099463326,169.2682866824236,39.219773659923234,74.20211613049575,-3.9831973347100273,-9.21973013199677,K
1415,587201.9425951114,517568.85160342033,44.04838257202808,170.47672394503678,38.46928088771722,73.84589835035557,-5.579101684310864,-12.665849138019757,K
1416,587202.1757405836,517568.85160342033,44.78907638539781,172.54518373695635,37.529421061393464,79.83925792576906,-7.259655324004349,-16.20853991615498,K
1417,587202.4088860557,517568.85160342033,45.40980359559507,175.34037594332108,36.478462812717126,87.89990284373833,-8.931340782877946,-19.668309650527362,K
1418,587202.642031528,517568.85160342033,45.905268698420464,178.60375784944083,35.39626879902811,94.98833263808045,-10.508999899392357,-22.892796834351078,K
1419,587202.8751770002,517568.85160342033,46.27812281127445,182.02274805683646,34.3611440429669,99.92330384452605,-11.916978768307551,-25.750782539097052,K
1420,587203.1083224725,517568.85160342033,46.53672469390994,185.30913322935646,33.464268972379855,102.7619113593496,-13.072455721530083,-28.09062263730997,K
1421,587203.3414679447,517568.85160342033,46.693065979536314,188.2570975382971,32.817513746725325,104.33221651855683,-13.875552232810989,-29.71651559332618,K
1422,587203.5746134168,517568.85160342033,46.76110308403738,190.76593505679918,32.542740135125484,105.87784327534892,-14.218362948911896,-30.406389095139954,K
1423,587203.8077588892,517568.85160342033,46.755573569956866,192.82855852673407,32.73468953951218,108.58455885710065,-14.020884030444684,-29.987620640491734,K
1424,587204.0409043613,517568.85160342033,46.69124153185829,194.49882292608967,33.41252109739132,113.03736302632413,-13.278720434466969,-28.439424609017205,K
1425,587204.2740498334,517568.85160342033,46.5824398121433,195.85445132910107,34.5028318064342,118.99565675620558,-12.079608005709098,-25.93167737547344,K
1426,587204.5071953058,517568.85160342033,46.4427613173384,196.9686159226368,35.87344539605799,125.68212658698756,-10.569315921280413,-22.757725039347708,K
1427,587204.7403407779,517568.85160342033,46.28478476006779,197.89573256698344,37.384123793486424,132.2532796216509,-8.900660966581363,-19.23020926362914,K
1428,587204.97348625,517568.85160342033,46.11977898299162,198.67001247009773,38.91810184032284,138.08488752518545,-7.201677142668778,-15.615159702575037,K
1429,587205.2066317224,517568.85160342033,45.95739015540082,199.31143276901506,40.3907691498683,142.82957060868983,-5.566621005532525,-12.112569897266775,K
1430,587205.4397771945,517568.85160342033,45.80535861988677,199.83343804311426,41.74693064702028,146.36000539673887,-4.05842797286649,-8.860159804762429,K
1431,587205.6729226667,517568.85160342033,45.669327727735045,200.24862875090076,42.95518392676104,148.68518306582232,-2.714143800974007,-5.943034277085939,K
1432,587199.1448494447,517569.0847488926,39.742353192451425,184.90962440174272,39.91227582456375,196.81202482932673,0.16992263211232483,0.4275605706825623,K
1433,587199.3779949171,517569.0847488926,39.14646289491616,182.93052328859935,40.063355868779254,190.1908632665244,0.9168929738630922,2.342211546224184,K
1434,587199.6111403892,517569.0847488926,38.775074040599144,180.975732357439,40.18630907051885,183.13828296796484,1.411235029919709,3.639541805754094,K
1435,587199.8442858616,517569.0847488926,38.64642652031693,179.10691523429074,40.271868603345126,175.52052312773998,1.6254420830281973,4.205931128389532,K
1436,587200.0774313337,517569.0847488926,38.763105168120276,177.30824459726495,40.31120035549945,167.16735809049715,1.5480951873791753,3.993733682234432,K
1437,587200.3105768058,517569.0847488926,39.111251909748944,175.5084628399525,40.295685613892836,157.90094960121854,1.184433704143892,3.0283707278842122,K
1438,587200.5437222782,517569.0847488926,39.661783499229415,173.63591319302978,40.216260910823095,147.59361895068633,0.5544774115936804,1.398014316740076,K
1439,587200.7768677503,517569.0847488926,40.3734331397828,171.6860471382891,40.06218808216011,136.26579372817278,-0.31124505762268484,-0.7709155090801358,K
1440,587201.0100132225,517569.0847488926,41.19711727591455,169.7710204241635,39.819114962639254,124.23837074108629,-1.3780023132752959,-3.34489984832247,K
1441,587201.2431586948,517569.0847488926,42.08091668381199,168.12466569762404,39.46653790925923,112.3364555559313,-2.614378774552762,-6.212741975648266,K
1442,587201.476304167,517569.0847488926,42.974899012000186,167.05346426798465,38.97624496490535,102.03233045708036,-3.9986540470948384,-9.304626977664952,K
1443,587201.7094496391,517569.0847488926,43.83510576092747,166.8479090352315,38.31709057648517,95.1383346102401,-5.518015184442298,-12.588118788938328,K
1444,587201.9425951114,517569.0847488926,44.62624907147615,167.6874871059931,37.47179479793123,92.66211082825639,-7.154454273544921,-16.03194178853326,K
1445,587202.1757405836,517569.0847488926,45.322952423434906,169.57683150968316,36.45451547051558,93.73366751478113,-8.868436952919325,-19.56720928077441,K
1446,587202.4088860557,517569.0847488926,45.909652666849446,172.3379315347667,35.30810679928294,96.1864894826005,-10.601545867566507,-23.09219358399045,K
1447,587202.642031528,517569.0847488926,46.37949539077685,175.65979335038563,34.09117926737639,98.012450542013,-12.288316123400463,-26.495148383706113,K
1448,587202.8751770002,517569.0847488926,46.7326623728752,179.1840207140017,32.877649798119734,98.12698784050671,-13.855012574755463,-29.647385514242085,K
1449,587203.1083224725,517569.0847488926,46.97456131866111,182.5929376674996,31.770622197580785,96.47758780027482,-15.203939121080325,-32.36632486664737,K
1450,587203.3414679447,517569.0847488926,47.11420681649763,185.67033104492626,30.920379124502254,94.00142299990391,-16.193827691995374,-34.371432283828455,K
1451,587203.5746134168,517569.0847488926,47.162969838475284,188.32009406143996,30.523799142350622,92.46619391587606,-16.639170696124662,-35.28015888971971,K
1452,587203.8077588892,517569.0847488926,47.133719284204744,190.54645172052315,30.76366729460103,93.79166289366886,-16.370051989603713,-34.73108474825914,K
1453,587204.0409043613,517569.0847488926,47.040263167809925,192.41250749099768,31.68997431531665,98.80536563063657,-15.350288852493275,-32.632234215470156,K
1454,587204.2740498334,517569.0847488926,46.89694154371873,193.99718837805253,33.17005053914395,106.66642863741693,-13.726891004574782,-29.27033310216651,K
1455,587204.5071953058,517569.0847488926,46.71822991102896,195.36527444485475,34.98025163794529,115.71621109166219,-11.737978273083677,-25.125049248307768,K
1456,587204.7403407779,517569.0847488926,46.51826473017226,196.55569895842441,36.9155337330547,124.53009399026435,-9.602730997117561,-20.64292606961567,K
1457,587204.97348625,517569.0847488926,46.31027596021336,197.58484021670574,38.82857606915107,132.2686439306462,-7.481699891062291,-16.155593409743574,K
1458,587205.2066317224,517569.0847488926,46.10597851130571,198.45724176816086,40.6241690293646,138.57905065479113,-5.481809481941106,-11.889584949589356,K
1459,587205.4397771945,517569.0847488926,45.91501545929377,199.17641688794907,42.2447334583875,143.4074874229237,-3.670282000906269,-7.993642088959285,K
1460,587205.6729226667,517569.0847488926,45.74455237370203,199.7513920618463,43.6591943913713,146.847885301578,-2.085357982330727,-4.5587023462264185,K
1461,587205.906068139,517569.0847488926,45.59909727964136,200.19813780542864,44.85588684760738,149.03927024813933,-0.7432104320339832,-1.629879704583109,K
1462,587206.1392136111,517569.0847488926,45.48057610191579,200.5374029838465,45.83771917557708,150.1007569733382,0.35714307366129106,0.7852650609811582,K
1463,587199.3779949171,517569.3178943648,40.2630703416755,185.98691746970286,40.152187526636006,198.17683547584264,-0.1108828150394956,-0.27539582574934185,K
1464,587199.6111403892,517569.3178943648,39.89652374005885,184.31761405433696,40.212375599948224,191.42169818975134,0.3158518598893707,0.7916776457700091,K
1465,587199.8442858616,517569.3178943648,39.75782140498144,182.49229060177603,40.23311803889483,184.1289062222411,0.4752966339133877,1.1954795738728168,K
1466,587200.0774313337,517569.3178943648,39.84813666559353,180.48126430477046,40.205114558922084,176.19274330437935,0.3569778933285548,0.8958458869088947,K
1467,587200.3105768058,517569.3178943648,40.15381954115733,178.2322600526338,40.118643904935524,167.52730068656416,-0.035175636221808304,-0.08760221723304197,K
1468,587200.5437222782,517569.3178943648,40.64770892280694,175.7242570743553,39.96298157049483,158.11513566986517,-0.6847273523121089,-1.6845410736739375,K
1469,587200.7768677503,517569.3178943648,41.2919815436354,173.02616725844064,39.72549377285995,148.07799875848147,-1.5664877707754528,-3.7936851471273254,K
1470,587201.0100132225,517569.3178943648,42.04207521764961,170.33218636553326,39.390520208309226,137.76317252580168,-2.6515550093403846,-6.306908009686543,K
1471,587201.2431586948,517569.3178943648,42.85105759286226,167.9509739539036,38.9385380230093,127.81153130079393,-3.912519569852961,-9.130508766030253,K
1472,587201.476304167,517569.3178943648,43.67377640150356,166.24342752215003,38.34691114532829,119.1148293765453,-5.326865256175267,-12.196942181514395,K
1473,587201.7094496391,517569.3178943648,44.47022685447493,165.52664043171708,37.59422377672041,112.52529118020055,-6.876003077754518,-15.462037331753802,K
1474,587201.9425951114,517569.3178943648,45.207777054757585,165.97877840531075,36.668396301244705,108.33116400165426,-8.53938075351288,-18.889185246090776,K
1475,587202.1757405836,517569.3178943648,45.862148956573414,167.58199365526156,35.573703922317726,105.90049322686492,-10.288445034255687,-22.43341245085954,K
1476,587202.4088860557,517569.3178943648,46.417296702373854,170.12605918803968,34.33141173005706,103.91544846998734,-12.08588497231679,-26.0374598068713,K
1477,587202.642031528,517569.3178943648,46.8645004918198,173.27065695932478,32.977639434220734,100.99209807268419,-13.886861057599063,-29.63194083338841,K
1478,587202.8751770002,517569.3178943648,47.2010692793607,176.64097786591094,31.567989955218668,96.2035595441184,-15.633079324142034,-33.1201804595088,K
1479,587203.1083224725,517569.3178943648,47.429015689202124,179.92024734258536,30.19695814614303,89.4166220373554,-17.232057543059096,-36.33231112359393,K
1480,587203.3414679447,517569.3178943648,47.553955492905594,182.90812034230203,29.038636992847763,81.66705084768894,-18.51531850005783,-38.9353909851307,K
1481,587203.5746134168,517569.3178943648,47.58433402424977,185.5314622944069,28.39649434533776,75.61718362268756,-19.18783967891201,-40.32385883373626,K
1482,587203.8077588892,517569.3178943648,47.530939751268036,187.8143807077443,28.647439495838082,75.00087718067347,-18.883500255429954,-39.72885946343229,K
1483,587204.0409043613,517569.3178943648,47.406568881294795,189.8281225950021,29.926051162674153,81.42871664413377,-17.480517718620643,-36.87361927076298,K
1484,587204.2740498334,517569.3178943648,47.22567387088716,191.64392522633085,31.946262777033546,92.49888762669075,-15.27941109385361,-32.35403508614154,K
1485,587204.5071953058,517569.3178943648,47.00386123154894,193.3045199490277,34.306255276208844,104.79391284997982,-12.697605955340094,-27.013963582246042,K
1486,587204.7403407779,517569.3178943648,46.75718026200715,194.8182981003137,36.7242447350501,116.20147719076554,-10.032935526957047,-21.457529027064478,K
1487,587204.97348625,517569.3178943648,46.501234795396755,196.17025106874914,39.03844329651384,125.85232952776464,-7.462791498882915,-16.048587810020198,K
1488,587205.2066317224,517569.3178943648,46.2502254259448,197.33933350743573,41.15777010402682,133.56469691081662,-5.092455321917981,-11.01066054277281,K
1489,587205.4397771945,517569.3178943648,46.01606922941034,198.31304477093144,43.03071857301071,139.4732757919134,-2.985350656399632,-6.487626401804,K
1490,587205.6729226667,517569.3178943648,45.80774022255848,199.094442860212,44.630774103505026,143.82593878971053,-1.1769661190534535,-2.5693607965272314,K
1491,587205.906068139,517569.3178943648,45.630932457577075,199.70151898726317,45.94994709995694,146.87145986700088,0.3190146423798623,0.6991192710700119,K
1492,587206.1392136111,517569.3178943648,45.488083885558616,200.161816961599,46.99518478474029,148.79864263389382,1.5071008991816726,3.313177365248707,K
1493,587206.3723590835,517569.3178943648,45.378731795241634,200.50584619098646,47.78505955606322,149.71080147187354,2.4063277608215827,5.302765559159826,K
1494,587199.6111403892,517569.55103983707,40.96357224339212,187.09985227166447,40.26098472981538,199.28429569730946,-0.702587513576745,-1.715151963315602,K
1495,587199.8442858616,517569.55103983707,40.815310962462995,185.42025980964473,40.22623453910701,192.4027735383662,-0.5890764233559835,-1.443273147907032,K
1496,587200.0774313337,517569.55103983707,40.88042142105913,183.35495439073696,40.14092836348055,184.97870014969936,-0.739493057578585,-1.8089174031793191,K
1497,587200.3105768058,517569.55103983707,41.145374608859306,180.87244314391836,39.9948646783502,176.98409653261285,-1.1505099305091093,-2.796207207848303,K
1498,587200.5437222782,517569.55103983707,41.58484713369568,177.99326207854386,39.77666960720695,168.45540832255693,-1.808177526488734,-4.348164418340715,K
1499,587200.7768677503,517569.55103983707,42.16440111836484,174.83954810287798,39.47323774802906,159.53488725831326,-2.6911633703357865,-6.38254854558729,K
1500,587201.0100132225,517569.55103983707,42.84397246246342,171.65816751092444,39.06922911587437,150.5060587602031,-3.774743346589048,-8.810442005339693,K
1501,587201.2431586948,517569.55103983707,43.58162034593081,168.79834424026657,38.547034509974324,141.79397355683113,-5.034585835956484,-11.552085021149427,K
1502,587201.476304167,517569.55103983707,44.33698562395012,166.64207335377932,37.887872241325894,133.88422317793203,-6.449113382624226,-14.54567398271776,K
1503,587201.7094496391,517569.55103983707,45.07401189492789,165.50695411645768,37.074544202001874,127.1295287363889,-7.999467692926018,-17.747405559490893,K
1504,587201.9425951114,517569.55103983707,45.76267256770396,165.5562280587749,36.09529088775291,121.5004085431058,-9.667381679951049,-21.1250373667503,K
1505,587202.1757405836,517569.55103983707,46.37967186343351,166.75136712648927,34.94672494914234,116.44767743311388,-11.432946914291165,-24.650771458573185,K
1506,587202.4088860557,517569.55103983707,46.9082915926711,168.86690658662877,33.63432860039394,111.00889380960022,-13.273962992277156,-28.297690113171946,K
1507,587202.642031528,517569.55103983707,47.33769110032583,171.56205903800813,32.172154594688024,104.09457736184989,-15.165536505637803,-32.03691636226301,K
1508,587202.8751770002,517569.55103983707,47.66200819011195,174.48082930468613,30.58662118910113,94.79495682431262,-17.075387001010817,-35.825991495996824,K
1509,587203.1083224725,517569.55103983707,47.87955443494855,177.34260833677695,28.933323126588437,82.6854361466881,-18.946231308360115,-39.570609066760156,K
1510,587203.3414679447,517569.55103983707,47.992274957754816,179.99248697608598,27.35092553824351,68.40145131971207,-20.641349419511307,-43.00973320743984,K
1511,587203.5746134168,517569.55103983707,48.00549298124561,182.40015321595564,26.219660408060317,55.25881577553356,-21.785832573185292,-45.38195781407016,K
1512,587203.8077588892,517569.55103983707,47.92782885756099,184.61800812378775,26.365008456292113,51.418033249650676,-21.562820401268876,-44.990188195990385,K
1513,587204.0409043613,517569.55103983707,47.7711077136738,186.72302011978016,28.22688510479517,61.51224855567892,-19.54422260887863,-40.91222402884406,K
1514,587204.2740498334,517569.55103983707,47.55006564459739,188.76796820522927,31.01794618521647,77.99046078536902,-16.53211945938092,-34.76781626958551,K
1515,587204.5071953058,517569.55103983707,47.28172572923314,190.75800911686608,34.0239313823421,94.30617919910478,-13.257794346891039,-28.039996726883572,K
1516,587204.7403407779,517569.55103983707,46.984417788186825,192.65447968052513,36.942843422647194,108.25796365291647,-10.041574365539631,-21.372137483556006,K
1517,587204.97348625,517569.55103983707,46.676526064309535,194.39659352101273,39.64580319426416,119.45791902879367,-7.030722870045373,-15.062652392679462,K
1518,587205.2066317224,517569.55103983707,46.37513449734056,195.9273321763714,42.065956556712486,128.1369388174613,-4.309177940628075,-9.29200095554481,K
1519,587205.4397771945,517569.55103983707,46.09477795022756,197.2123106241308,44.16401123959501,134.72431788376147,-1.9307667106325468,-4.188688603115431,K
1520,587205.6729226667,517569.55103983707,45.846492992378295,198.24663275994462,45.91888668975617,139.67112446120785,0.07239369737787626,0.1579045476606276,K
1521,587205.906068139,517569.55103983707,45.63730218795562,199.05093955849523,47.32606924262887,143.35755249199306,1.6887670546732494,3.700409475823356,K
1522,587206.1392136111,517569.55103983707,45.470180488894776,199.66144126443393,48.39710519844398,146.04471482716806,2.926924709549205,6.437020214300778,K
1523,587206.3723590835,517569.55103983707,45.344464475446856,200.1191664478627,49.15747603816213,147.8633818417329,3.8130115627152747,8.40899017515125,K
1524,587206.6055045556,517569.55103983707,45.25659514266945,200.46195346684584,49.64229948679331,148.8344977620276,4.385704344123866,9.690751878920905,K
1525,587200.0774313337,517569.7841853092,41.80427842923822,185.82829369463352,40.125969142734,193.41177777841574,-1.6783092865042164,-4.014683064904655,K
1526,587200.3105768058,517569.7841853092,42.032995488288,183.34749695980102,39.93357109094979,186.07189255006358,-2.099424397338211,-4.994705642435575,K
1527,587200.5437222782,517569.7841853092,42.42380396835527,180.38431957384776,39.66876925604589,178.33159378360511,-2.7550347123093815,-6.494077509797129,K
1528,587200.7768677503,517569.7841853092,42.945352214106556,177.09047560123017,39.3189967959783,170.31164080454138,-3.626355418128256,-8.444116141017657,K
1529,587201.0100132225,517569.7841853092,43.56176533199638,173.73328252420623,38.8701491537642,162.20839857363427,-4.691616178232174,-10.770032257591163,K
1530,587201.2431586948,517569.7841853092,44.235802969946235,170.66644255180938,38.306815613751745,154.2699251573348,-5.92898735619449,-13.403141704520744,K
1531,587201.476304167,517569.7841853092,44.9316410265161,168.2591581358921,37.61315460921911,146.72397995252126,-7.318486417296988,-16.288046129848748,K
1532,587201.7094496391,517569.7841853092,45.61694938499169,166.8040731171151,36.77445281712346,139.65853357623593,-8.842496567868231,-19.38423477913996,K
1533,587201.9425951114,517569.7841853092,46.26411436701004,166.43744271065248,35.7788856333855,132.89524563416117,-10.485228733624538,-22.66384837813157,K
1534,587202.1757405836,517569.7841853092,46.85064901806632,167.10383229215986,34.6185498842748,125.92724225728892,-12.232099133791522,-26.108707969178052,K
1535,587202.4088860557,517569.7841853092,47.358998414191326,168.58137809566168,33.28913755101028,117.96665513988114,-14.069860863181049,-29.708949374581692,K
1536,587202.642031528,517569.7841853092,47.776041191250506,170.55893287783925,31.788684501479466,108.07483911407482,-15.98735668977104,-33.463125640261076,K
1537,587202.8751770002,517569.7841853092,48.09259234574668,172.73486755484967,30.11690483599764,95.30673457713479,-17.97568750974904,-37.37724799802524,K
1538,587203.1083224725,517569.7841853092,48.30313102553397,174.89932390873224,28.27803975037529,78.83764105766757,-20.025091275158683,-41.45712886515169,K
1539,587203.3414679447,517569.7841853092,48.40583901236697,176.97090609262398,26.2981137401722,58.17522345909131,-22.107725272194767,-45.67160847381774,K
1540,587203.5746134168,517569.7841853092,48.40288413235065,178.98007919692085,24.341713659392745,34.36114572160061,-24.061170472957905,-49.7101999276864,K
1541,587203.8077588892,517569.7841853092,48.30076287078196,181.01415281622337,23.916396549905052,22.457284075786596,-24.384366320876907,-50.48443310535674,K
1542,587204.0409043613,517569.7841853092,48.11046180776272,183.15216336567133,27.030603936431724,43.104033382869844,-21.079857871330994,-43.81553840734431,K
1543,587204.2740498334,517569.7841853092,47.84722125311777,185.417301661339,30.77601658175505,66.78572150159654,-17.07120467136272,-35.67857071793975,K
1544,587204.5071953058,517569.7841853092,47.529776564154204,187.76221189614952,34.38020366093931,86.46192449176812,-13.149572903214896,-27.665968270366292,K
1545,587204.7403407779,517569.7841853092,47.179084012074966,190.08605595957417,37.721308418408036,101.91725468622496,-9.45777559366693,-20.046543487886108,K
1546,587204.97348625,517569.7841853092,46.816670414662276,192.26976257588763,40.746592584697595,113.71507302007117,-6.070077829964681,-12.965633344279059,K
1547,587205.2066317224,517569.7841853092,46.46284316353869,194.21194003888832,43.41617448709659,122.5758923837269,-3.0466686764421027,-6.557215333806668,K
1548,587205.4397771945,517569.7841853092,46.135036066669144,195.85215773326107,45.69703677215278,129.2299308599021,-0.43799929451636643,-0.9493853952631993,K
1549,587205.6729226667,517569.7841853092,45.84654061855202,197.17673410078024,47.566969349831005,134.33132030639368,1.7204287312789859,3.7525813465254263,K
1550,587205.906068139,517569.7841853092,45.605793223933425,198.2100529162554,49.02049111192476,138.38684599889655,3.4146978879913377,7.487421326550551,K
1551,587206.1392136111,517569.7841853092,45.416280002815796,198.99865801643867,50.072488301133824,141.71147505927829,4.6562082983180275,10.25228904267224,K
1552,587206.3723590835,517569.7841853092,45.277010004678836,199.59541890646696,50.757028326163415,144.42852642225432,5.480018321484579,12.103313184590336,K
1553,587206.6055045556,517569.7841853092,45.18341940440051,200.04836456692885,51.121459316536956,146.5143934661983,5.938039912136446,13.142077315994653,K
1554,587206.8386500278,517569.7841853092,45.12851897377627,200.39543731995,51.21819873665975,147.86783113209862,6.089679762883478,13.49408290225994,K
1555,587200.3105768058,517570.01733078144,42.77740720116059,185.58549617339014,39.94023945758462,194.6696917498394,-2.837167743575975,-6.632397635121279,K
1556,587200.5437222782,517570.01733078144,43.128319741377226,182.80899599272468,39.64547200481251,187.60134180640756,-3.4828477365647146,-8.07554701284427,K
1557,587200.7768677503,517570.01733078144,43.601789774522125,179.66896701358561,39.26931742547091,180.291430146456,-4.332472349051216,-9.936455295655806,K
1558,587201.0100132225,517570.01733078144,44.16559455072775,176.42321451150795,38.79950412628635,172.85733406794284,-5.366090424441396,-12.149933628263529,K
1559,587201.2431586948,517570.01733078144,44.78667223812849,173.39781475412263,38.22311421111972,165.42123320379082,-6.563558027008767,-14.65515899933502,K
1560,587201.476304167,517570.01733078144,45.4332712210126,170.9202224388741,37.52722874682684,158.0564510252078,-7.90604247418576,-17.40143789278652,K
1561,587201.7094496391,517570.01733078144,46.076413016959826,169.23749912171206,36.69984632837341,150.71495528397972,-9.376566688586415,-20.350036113130344,K
1562,587201.9425951114,517570.01733078144,46.69062196286051,168.45048449148226,35.730773524089685,143.1600516724388,-10.959848438770827,-23.473339994247038,K
1563,587202.1757405836,517570.01733078144,47.25404231065339,168.49214590047757,34.61205322637497,134.936274076413,-12.641989084278421,-26.753243672083254,K
1564,587202.4088860557,517570.01733078144,47.74818986256918,169.16200752157386,33.33766208826668,125.39396913128151,-14.410527774302494,-30.180259850225685,K
1565,587202.642031528,517570.01733078144,48.15763860982584,170.20505957944658,31.902634007242,113.75645147130744,-16.25500460258384,-33.753740988594174,K
1566,587202.8751770002,517570.01733078144,48.46990962670914,171.40395185087002,30.30221073724664,99.1991013767742,-18.1676988894625,-37.482427818374276,K
1567,587203.1083224725,517570.01733078144,48.67571971148243,172.6474256953956,28.532229735737925,80.92041535318485,-20.143489975744505,-41.383034693974395,K
1568,587203.3414679447,517570.01733078144,48.76959253208538,173.9489834817751,26.59528148082482,58.23993659656388,-22.174311051260563,-45.46749296023366,K
1569,587203.5746134168,517570.01733078144,48.75067986391235,175.41230076142585,24.55409938275319,31.15956071455681,-24.196580481159163,-49.633319060788445,K
1570,587203.8077588892,517570.01733078144,48.62352957061875,177.162750781482,23.89287370572922,14.514874523558438,-24.73065586488953,-50.86149870912143,K
1571,587204.0409043613,517570.01733078144,48.3985023261731,179.27686365197707,27.666109427791678,39.623721446424696,-20.732392898381423,-42.836848046782826,K
1572,587204.2740498334,517570.01733078144,48.09159071661264,181.7387121866595,31.741056223548103,64.04191999469982,-16.35053449306454,-33.99873917544684,K
1573,587204.5071953058,517570.01733078144,47.72351793807259,184.43712985920388,35.59747865301583,83.3880460793751,-12.126039285056763,-25.40893842065847,K
1574,587204.7403407779,517570.01733078144,47.31815478691614,187.1988555956654,39.16670268774161,98.10529540254478,-8.151452099174527,-17.226901885507317,K
1575,587204.97348625,517570.01733078144,46.90044982040675,189.8391982038731,42.40082251322659,108.99507183419229,-4.499627307180155,-9.59399605848201,K
1576,587205.2066317224,517570.01733078144,46.4941786604079,192.20860839968435,45.249994283847265,116.95312618769734,-1.2441843765606322,-2.6760003346830104,K
1577,587205.4397771945,517570.01733078144,46.11985869923987,194.2198836927851,47.66491510185686,122.88428526491491,1.5450564026169928,3.350089194099066,K
1578,587205.6729226667,517570.01733078144,45.79313926097669,195.85166635858496,49.60694909903355,127.60458895840016,3.813809838056862,8.328343283743505,K
1579,587205.906068139,517570.01733078144,45.523878467224186,197.13362327368807,51.060536370775395,131.72853151480868,5.536657903551209,12.162096222837064,K
1580,587206.1392136111,517570.01733078144,45.315984373065284,198.1235106164501,52.04132602643799,135.5897868199735,6.725341653372709,14.840992083513225,K
1581,587206.3723590835,517570.01733078144,45.16796225123413,198.88575485952384,52.59481064597941,139.24344546051418,7.426848394745278,16.44273512591849,K
1582,587206.6055045556,517570.01733078144,45.07400121241971,199.47722724940337,52.78597443672665,142.54942659999458,7.711973224306938,17.10958205809778,K
1583,587206.8386500278,517570.01733078144,45.0253703038658,199.94131643369337,52.6856004911975,145.2887002093432,7.660230187331699,17.01314200335184,K
1584,587207.0717955001,517570.01733078144,45.011882429804785,200.30823687840308,52.35897388140376,147.26046879944485,7.347091451598978,16.32255985529295,K
1585,587200.5437222782,517570.2504762537,43.67707142721656,185.13408305778967,39.70808412589516,196.2202294598185,-3.9689873013213983,-9.087118645157599,K
1586,587200.7768677503,517570.2504762537,44.11458187390278,182.38858729281733,39.32458157323876,189.47651499447545,-4.790000300664019,-10.85808840794585,K
1587,587201.0100132225,517570.2504762537,44.6382468009158,179.48651114139875,38.85612486506103,182.5490023935037,-5.782121935854775,-12.953290844155978,K
1588,587201.2431586948,517570.2504762537,45.218505746391,176.7025898786855,38.29266607875833,175.47866037687672,-6.925839667632673,-15.316383311019603,K
1589,587201.476304167,517570.2504762537,45.82708781112593,174.30267668765828,37.62466071743237,168.25349148068793,-8.202427093693558,-17.89864354352922,K
1590,587201.7094496391,517570.2504762537,46.437908466812,172.4755931331487,36.843798363647934,160.76571535398045,-9.594110103164063,-20.660082290357096,K
1591,587201.9425951114,517570.2504762537,47.02733306801324,171.28342727452727,35.94378619031286,152.77712184139168,-11.083546877700378,-23.568308374346483,K
1592,587202.1757405836,517570.2504762537,47.57400509335292,170.65382639655002,34.92109919453812,143.90904472470564,-12.6529058988148,-26.59625960434993,K
1593,587202.4088860557,517570.2504762537,48.05852959396163,170.4218708278173,33.77586116322268,133.66729184804493,-14.282668430738951,-29.719320485688588,K
1594,587202.642031528,517570.2504762537,48.46331729182315,170.40740260672942,32.51363585800659,121.50366827613263,-15.949681433816565,-32.910833028154336,K
1595,587202.8751770002,517570.2504762537,48.77282537730071,170.49653603262456,31.150379013856227,106.92028290180183,-17.622446363444485,-36.131690602542214,K
1596,587203.1083224725,517570.2504762537,48.974292448383,170.69255262410735,29.72738051787718,89.67087310059874,-19.246911930505817,-39.30003062482488,K
1597,587203.3414679447,517570.2504762537,49.058892209421906,171.1141056283541,28.36087634016691,70.30818994893522,-20.698015869254995,-42.190141148926884,K
1598,587203.5746134168,517570.2504762537,49.02306974755849,171.94193401122817,27.420693539721782,52.06252852266067,-21.602376207836706,-44.06573541615593,K
1599,587203.8077588892,517570.2504762537,48.86972021461396,173.33786252168423,27.90899085289756,44.79651590736292,-20.960729361716403,-42.89103614603532,K
1600,587204.0409043613,517570.2504762537,48.608853218534556,175.3709051208592,30.448858352405736,54.59719049740244,-18.15999486612882,-37.35943899866458,K
1601,587204.2740498334,517570.2504762537,48.2574643660881,177.98008917706022,33.97458809486243,70.61271463801314,-14.282876271225668,-29.59723735767322,K
1602,587204.5071953058,517570.2504762537,47.83848979749607,180.9857841270335,37.67994879168971,85.320283202801,-10.158541005806356,-21.235078801208452,K
1603,587204.7403407779,517570.2504762537,47.37891132866782,184.1403118907441,41.268578055103674,96.83918661352921,-6.1103332735641445,-12.896736337347903,K
1604,587204.97348625,517570.2504762537,46.907260841030904,187.19435873843545,44.598744295016985,105.18581681842292,-2.3085165460139194,-4.921448203589421,K
1605,587205.2066317224,517570.2504762537,46.450898924314096,189.95353637558375,47.565960635546304,111.04307753870052,1.115061711232208,2.400516969648017,K
1606,587205.4397771945,517570.2504762537,46.03348631317809,192.30815235195232,50.076761495380545,115.36260288502696,4.043275182202457,8.783334711377229,K
1607,587205.6729226667,517570.2504762537,45.6730214808149,194.23285693837107,52.055063799215766,119.11142728457503,6.382042318400863,13.97333066979521,K
1608,587205.906068139,517570.2504762537,45.38069988725109,195.76442830049595,53.461960597933185,123.01998641687923,8.081260710682095,17.807704003596434,K
1609,587206.1392136111,517570.2504762537,45.160691558086974,196.97121762956374,54.311412464005386,127.3991085102211,9.150720905918412,20.262579225892704,K
1610,587206.3723590835,517570.2504762537,45.01077177914936,197.92633523656127,54.667142734300995,132.13633871799135,9.656370955151637,21.45346674465338,K
1611,587206.6055045556,517570.2504762537,44.92360862607034,198.69117370591172,54.62168226015438,136.86187176268763,9.69807363408404,21.587922098617863,K
1612,587206.8386500278,517570.2504762537,44.88843319050311,199.30988258780437,54.27174067987521,141.1551911456417,9.3833074893721,20.903619980563935,K
1613,587207.0717955001,517570.2504762537,44.892801196807824,199.81147760505337,53.70156407259983,144.6833021831668,8.808762875792006,19.621771511149024,K
1614,587207.3049409722,517570.2504762537,44.924191450061606,200.215145572135,52.97623781628111,147.2497817574635,8.052046366219507,17.92363113573292,K
1615,587200.7768677503,517570.4836217258,44.478637289005206,185.01328506047128,39.47991794608988,197.92597066336788,-4.998719342915329,-11.238472326468905,K
1616,587201.0100132225,517570.4836217258,44.975262354602414,182.61928461311606,39.03254111681849,191.41247679888835,-5.942721237783921,-13.213310888392828,K
1617,587201.2431586948,517570.4836217258,45.52694846417986,180.21937635373288,38.504653305298376,184.65529531435095,-7.022295158881484,-15.424480216165936,K
1618,587201.476304167,517570.4836217258,46.10825896460851,178.00912209898453,37.89056089045494,177.60223899758702,-8.217698074153567,-17.822616291934285,K
1619,587201.7094496391,517570.4836217258,46.69552823281079,176.11585123946233,37.18653939025731,170.13170358361106,-9.508988842553478,-20.363810417015376,K
1620,587201.9425951114,517570.4836217258,47.26669667903608,174.56514529424055,36.391893174787114,162.0383839404346,-10.874803504248966,-23.007327078712915,K
1621,587202.1757405836,517570.4836217258,47.800859741936414,173.28595143643537,35.51042682619415,153.0385156634872,-12.290432915742265,-25.711740295247626,K
1622,587202.4088860557,517570.4836217258,48.27786659780561,172.15774076804558,34.552841971011055,142.80398235313308,-13.725024626794557,-28.429227706218494,K
1623,587202.642031528,517570.4836217258,48.67828441654591,171.08356145613214,33.541342848648384,131.03551303455637,-15.136941567897523,-31.095881355162195,K
1624,587202.8751770002,517570.4836217258,48.98394059394477,170.05839664679817,32.51942720724503,117.59765144486823,-16.464513386699743,-33.612063845951646,K
1625,587203.1083224725,517570.4836217258,49.17908868800098,169.20104572291538,31.573555761208112,102.77661966467875,-17.60553292679287,-35.7988189624351,K
1626,587203.3414679447,517570.4836217258,49.252052327310395,168.73186045047174,30.879313881042194,87.78771229994251,-18.3727384462682,-37.30349818555778,K
1627,587203.5746134168,517570.4836217258,49.19703333111719,168.9022241671275,30.773029851264493,75.54205442031909,-18.424003479852697,-37.449419675067055,K
1628,587203.8077588892,517570.4836217258,49.015670891575994,169.90346300195796,31.717286151868592,70.31536109680559,-17.2983847397074,-35.29153926704768,K
1629,587204.0409043613,517570.4836217258,48.71793756693808,171.7922120149403,33.89239938044753,73.61511759235415,-14.825538186490554,-30.431374821892607,K
1630,587204.2740498334,517570.4836217258,48.32205985217043,174.46168456124337,36.93779997095688,81.75348083731691,-11.384259881213552,-23.559136171017794,K
1631,587204.5071953058,517570.4836217258,47.85333426781554,177.66796076632218,40.37551789330845,90.37474540999143,-7.477816374507093,-15.626531544608392,K
1632,587204.7403407779,517570.4836217258,47.3419309189311,181.0975845635075,43.88230287933494,97.22604730521593,-3.4596280395961614,-7.307745950456628,K
1633,587204.97348625,517570.4836217258,46.8199824893453,184.44811046920864,47.249714158959506,101.7476077566803,0.42973166961420617,0.9178381681624914,K
1634,587205.2066317224,517570.4836217258,46.31839955334483,187.4923653461452,50.311610065035865,104.3799754289809,3.993210511691032,8.621218673784394,K
1635,587205.4397771945,517570.4836217258,45.863901896702814,190.10840440759557,52.91159369916274,106.15154980117917,7.047691802459923,15.366533397732098,K
1636,587205.6729226667,517570.4836217258,45.476703548393786,192.2734079101598,54.910995697249206,108.29932650048099,9.43429214885542,20.745329834243528,K
1637,587205.906068139,517570.4836217258,45.169153935534155,194.03308447403097,56.228048065830954,111.77435257063756,11.0588941302968,24.483288188395463,K
1638,587206.1392136111,517570.4836217258,44.94545424014289,195.46360533890447,56.874594619969706,116.82351799035598,11.92914037982682,26.541372384601125,K
1639,587206.3723590835,517570.4836217258,44.80237939203953,196.64048639667502,56.949297929108575,122.98678064309924,12.146918537069041,27.112217480188786,K
1640,587206.6055045556,517570.4836217258,44.730781165012864,197.62155843970606,56.591025520905404,129.47634697757496,11.86024435589254,26.514726653531557,K
1641,587206.8386500278,517570.4836217258,44.71755317803517,198.443641515531,55.93296760510994,135.56498339579804,11.21541442707477,25.08056373841061,K
1642,587207.0717955001,517570.4836217258,44.747714217360475,199.12788275281594,55.08055538042781,140.7642684322592,10.332841163067336,23.091327330991515,K
1643,587207.3049409722,517570.4836217258,44.80630573981886,199.68775839719294,54.10850647585769,144.8303381375847,9.302200736038827,20.76091876454806,K
1644,587207.5380864444,517570.4836217258,44.879884189211886,200.13544414208567,53.06581182835154,147.69811698273185,8.185927639139656,18.239636280316805,K
1645,587207.7712319167,517570.4836217258,44.957494458920685,200.48486586343498,51.982111946031594,149.40429960737356,7.024617487110909,15.625019969761793,K
1646,587201.0100132225,517570.71676719806,45.18393345929865,185.51569860893864,39.31620938861115,199.57132854692364,-5.867724070687501,-12.986306462170017,K
1647,587201.2431586948,517570.71676719806,45.718191729359006,183.58949815118754,38.84210838013224,193.12037288613266,-6.876083349226768,-15.040147234894093,K
1648,587201.476304167,517570.71676719806,46.281349005270144,181.6508283633014,38.30226419195459,186.30033051102052,-7.979084813315552,-17.24038945452294,K
1649,587201.7094496391,517570.71676719806,46.85172102836847,179.7712210641535,37.697881016447596,179.00116005806996,-9.153840011920877,-19.537894896920168,K
1650,587201.9425951114,517570.71676719806,47.40862805453984,177.94697135133964,37.0343944195707,171.0658111000506,-10.374233634969137,-21.88258564039105,K
1651,587202.1757405836,517570.71676719806,47.931678085088386,176.1146280177054,36.32352861523495,162.30537891280608,-11.608149469853437,-24.218116147001226,K
1652,587202.4088860557,517570.71676719806,48.40026287179273,174.2009266261412,35.58659527278407,152.53877273273022,-12.813667599008653,-26.47437604409449,K
1653,587202.642031528,517570.71676719806,48.79359756561196,172.18958964751602,34.86011934755633,141.66665622965803,-13.933478218055633,-28.555955931143448,K
1654,587202.8751770002,517570.71676719806,49.091500782570236,170.17571558446,34.205602938376146,129.7943252365359,-14.88589784419409,-30.32275975860831,K
1655,587203.1083224725,517570.71676719806,49.275918961198094,168.3794431830705,33.72550903832802,117.42052788070127,-15.550409922870074,-31.55782834839694,K
1656,587203.3414679447,517570.71676719806,49.33298916583295,167.10567792992623,33.58368550386938,105.67058649284279,-15.749303661963566,-31.924486896632693,K
1657,587203.5746134168,517570.71676719806,49.25525812015505,166.65998498916275,34.00946858701924,96.358801859222,-15.245789533135806,-30.952613213283094,K
1658,587203.8077588892,517570.71676719806,49.043578054994796,167.2513370183225,35.22969385964444,91.31632753770327,-13.813884195350354,-28.16655053157055,K
1659,587204.0409043613,517570.71676719806,48.70821093367136,168.9198706084982,37.3153890830957,90.89270247437783,-11.392821850575658,-23.38994110477572,K
1660,587204.2740498334,517570.71676719806,48.2687948175553,171.51805859484375,40.11110529331993,93.38693398514421,-8.157689524235373,-16.900545279967154,K
1661,587204.5071953058,517570.71676719806,47.75303473261822,174.75136406968457,43.3509288825715,96.39157555723979,-4.402105850046716,-9.218483965878322,K
1662,587204.7403407779,517570.71676719806,47.19422833271057,178.26037574716855,46.7834477024998,98.17729381826713,-0.41078063021077327,-0.8704043793551319,K
1663,587204.97348625,517570.71676719806,46.627966870908715,181.7118488373465,50.195663459146544,98.08947576966982,3.5676965882378298,7.651409288582391,K
1664,587205.2066317224,517570.71676719806,46.08851230747547,184.86672039879832,53.382544617427676,96.49669178030861,7.2940323099522075,15.826139627355968,K
1665,587205.4397771945,517570.71676719806,45.60540762473001,187.60686038748676,56.11672273534005,94.67815917567356,10.511315110610035,23.048396359273333,K
1666,587205.6729226667,517570.71676719806,45.20082139768206,189.92103835034993,58.16018117141181,94.48170895877549,12.959359773729744,28.670628924443196,K
1667,587205.906068139,517570.71676719806,44.88797752731864,191.86531371346445,59.34990702926217,97.41279463135473,14.46192950194353,32.21782378843435,K
1668,587206.1392136111,517570.71676719806,44.670814832520826,193.51835590388686,59.69954689677093,103.60168943145038,15.028732064250107,33.643290637512685,K
1669,587206.3723590835,517570.71676719806,44.54480610610229,194.94808835227244,59.38389377902527,111.84974547020157,14.839087672922979,33.31272255979163,K
1670,587206.6055045556,517570.71676719806,44.4986863982074,196.1967395237335,58.62282720569232,120.62564661295448,14.12414080748492,31.74057921865735,K
1671,587206.8386500278,517570.71676719806,44.51672699734062,197.28223973885395,57.596946945341855,128.79485510487694,13.080219948001236,29.382708097076936,K
1672,587207.0717955001,517570.71676719806,44.58115796382378,198.20863938865514,56.429507456637616,135.74953739228445,11.848349492813838,26.577033962259137,K
1673,587207.3049409722,517570.71676719806,44.674382660100996,198.9776995850554,55.197827525333686,141.271783365765,10.52344486523269,23.555882003560967,K
1674,587207.5380864444,517570.71676719806,44.78072273045844,199.59654609368437,53.94796672632131,145.36990145345956,9.167243995862869,20.471406973580613,K
1675,587207.7712319167,517570.71676719806,44.88755395651736,200.07993536381102,52.705558134324015,148.15384863649803,7.818004177806657,17.416863893675224,K
1676,587208.0043773889,517570.71676719806,44.985814630890886,200.44840381569367,51.48294852266817,149.75115148248344,6.497133891777281,14.442628070840414,K
1677,587201.2431586948,517570.9499126703,45.80742492710005,186.5191515670794,39.283789806543126,200.9950347125258,-6.523635120556925,-14.241436035618515,K
1678,587201.476304167,517570.9499126703,46.35911591185561,184.91354829167446,38.831954242436126,194.46862349287628,-7.527161669419485,-16.236637652303745,K
1679,587201.7094496391,517570.9499126703,46.91649905825349,183.1340332399668,38.341259982092765,187.46080308979157,-8.575239076160727,-18.277661906344186,K
1680,587201.9425951114,517570.9499126703,47.46017303082763,181.15822303245326,37.82267233286157,179.86328368878253,-9.637500697966061,-20.306501393718154,K
1681,587202.1757405836,517570.9499126703,47.97043185498179,178.93555506932643,37.29454127342294,171.56610067211858,-10.675890581558853,-22.255147949955653,K
1682,587202.4088860557,517570.9499126703,48.42663981360106,176.43732698586143,36.78590500799932,162.4949455929065,-11.640734805601738,-24.03787429895628,K
1683,587202.642031528,517570.9499126703,48.807297017847645,173.7159580330109,36.34136589836538,152.67127244909938,-12.465931119482264,-25.541121678841947,K
1684,587202.8751770002,517570.9499126703,49.090984574527575,170.94601605283145,36.02787238344101,142.2963286851816,-13.063112191086567,-26.61000243589488,K
1685,587203.1083224725,517570.9499126703,49.25816210088999,168.42235351083303,35.94243571281219,131.8462483938737,-13.315726388077799,-27.0325278495058,K
1686,587203.3414679447,517570.9499126703,49.29356363745547,166.50629449981375,36.21562293753704,122.12288026738095,-13.077940699918429,-26.530726802598668,K
1687,587203.5746134168,517570.9499126703,49.18875276507218,165.53334297606384,36.99791195203242,114.12861096975465,-12.190840813039763,-24.783797367792182,K
1688,587203.8077588892,517570.9499126703,48.94430042150884,165.71484798116794,38.41455482755944,108.62876986603908,-10.5297455939494,-21.513731942773965,K
1689,587204.0409043613,517570.9499126703,48.57106823617442,167.07160650667882,40.503086307588944,105.57005023292626,-8.067981928585475,-16.610674258501607,K
1690,587204.2740498334,517570.9499126703,48.09021804859581,169.42584355991175,43.188315415403224,103.92663158207432,-4.901902633192584,-10.193138713239241,K
1691,587204.5071953058,517570.9499126703,47.531797841691706,172.4543523919811,46.32001036610607,102.20700923140087,-1.2117874755856377,-2.549424870528964,K
1692,587204.7403407779,517570.9499126703,46.93202572615861,175.78102485519506,49.72516202012788,99.13103696989371,2.793136293969276,5.951450530319767,K
1693,587204.97348625,517570.9499126703,46.32964630644129,179.07304297763358,53.225547885930034,94.0692688468976,6.8959015794887435,14.884425263850966,K
1694,587205.2066317224,517570.9499126703,45.76191178589281,182.10735396813803,56.61323972808438,87.34017836359322,10.851327942191567,23.712575630497902,K
1695,587205.4397771945,517570.9499126703,45.26080595824241,184.79006165019126,59.59718272138628,80.58349035752718,14.336376763143875,31.67503640207072,K
1696,587205.6729226667,517570.9499126703,44.85007240192766,187.13215364339027,61.776631016471335,76.90786895169248,16.926558614543673,37.74031502748738,K
1697,587205.906068139,517570.9499126703,44.543446568047464,189.2006509687862,62.80490655365391,79.33669805804536,18.261459985606443,40.9969622752677,K
1698,587206.1392136111,517570.9499126703,44.344264963069705,191.0689533219254,62.71180137644007,87.75248734785573,18.367536413370367,41.42031991885989,K
1699,587206.3723590835,517570.9499126703,44.246384309111704,192.78417142522662,61.85705717899115,99.20703793325784,17.610672869879444,39.801382971428154,K
1700,587206.6055045556,517570.9499126703,44.23613854635361,194.3576745049537,60.597108503481245,110.91393769280643,16.360969957127637,36.98552924094744,K
1701,587206.8386500278,517570.9499126703,44.29492812813626,195.77429779107663,59.15679374707478,121.37034074252512,14.861865618938516,33.55207073809025,K
1702,587207.0717955001,517570.9499126703,44.40199116472796,197.0099777462498,57.65962941297465,130.02478761712226,13.257638248246693,29.858206581461353,K
1703,587207.3049409722,517570.9499126703,44.53694582256826,198.0478384167121,56.17180444917243,136.82817196282872,11.634858626604164,26.12406039910446,K
1704,587207.5380864444,517570.9499126703,44.68179748214225,198.88690776086395,54.72834106309873,141.9541856651407,10.046543580956481,22.48464508387724,K
1705,587207.7712319167,517570.9499126703,44.822242263477236,199.54263095556436,53.346430197574826,145.6422334542456,8.52418793409759,19.017763288124037,K
1706,587208.0043773889,517570.9499126703,44.94823891751895,200.04180610925476,52.03234912968277,148.10888641622833,7.0841102121638215,15.760595704680057,K
1707,587208.237522861,517570.9499126703,45.053937534247595,200.41565731075855,50.785593003812814,149.50173563350947,5.731655469565219,12.721763697586523,K
1708,587201.7094496391,517571.18305814255,46.90618708719652,186.00183993196012,39.078133868516446,195.53317141481173,-7.8280532186800755,-16.68874343618694,K
1709,587201.9425951114,517571.18305814255,47.43471032045201,184.0229147326989,38.707003934305824,188.37479419726765,-8.727706386146188,-18.399409055488928,K
1710,587202.1757405836,517571.18305814255,47.92766165064405,181.617552002432,38.35897933909346,180.64281541722474,-9.568682311550589,-19.964842811024155,K
1711,587202.4088860557,517571.18305814255,48.364909767867495,178.79440866083186,38.06710660339287,172.3263524936395,-10.297803164474622,-21.291889541198397,K
1712,587202.642031528,517571.18305814255,48.724978654179814,175.65602817252906,37.87808115505341,163.49822538880704,-10.846897499126406,-22.26147203903581,K
1713,587202.8751770002,517571.18305814255,48.98608059148136,172.4281392828374,37.85580799913953,154.3601631701297,-11.130272592341832,-22.72129645391017,K
1714,587203.1083224725,517571.18305814255,49.12809426554309,169.44617351700825,38.08348198294798,145.27364966765822,-11.04461228259511,-22.481255272996528,K
1715,587203.3414679447,517571.18305814255,49.13519893896585,167.0935732884964,38.660415915952214,136.73652982355722,-10.474783023013636,-21.318287600758616,K
1716,587203.5746134168,517571.18305814255,48.99868161843248,165.70765736555592,39.688295211298744,129.2524756632623,-9.310386407133734,-19.001299830139356,K
1717,587203.8077588892,517571.18305814255,48.71933469098193,165.485796105426,41.24517356572015,123.08315029186502,-7.47416112526178,-15.341262709495222,K
1718,587204.0409043613,517571.18305814255,48.308885302071495,166.42829978362445,43.3575782367683,117.99951935583084,-4.951307065303197,-10.249267881763533,K
1719,587204.2740498334,517571.18305814255,47.790046189416024,168.34157477361833,45.99023301033906,113.23436781931765,-1.7998131790769634,-3.766083782265866,K
1720,587204.5071953058,517571.18305814255,47.19502295280185,170.90094500397456,49.060625870098406,107.70273813318519,1.865602917296556,3.9529653776464575,K
1721,587204.7403407779,517571.18305814255,46.562603222264,173.74834453856795,52.46237544435324,100.34061938914833,5.89977222208924,12.670623663215316,K
1722,587204.97348625,517571.18305814255,45.93422576061658,176.58732208507266,56.074509697519275,90.41958904627079,10.140283936902698,22.075660945605506,K
1723,587205.2066317224,517571.18305814255,45.34962295771868,179.24199726527294,59.737602934402204,77.9210796645546,14.387979976683525,31.72679073891757,K
1724,587205.4397771945,517571.18305814255,44.84270738810737,181.66467359931968,63.161671188769766,64.39669885675075,18.318963800662395,40.85160077895012,K
1725,587205.6729226667,517571.18305814255,44.43831888579426,183.8991594244713,65.7173817692107,54.909799070145304,21.279062883416444,47.884491171016805,K
1726,587205.906068139,517571.18305814255,44.15027944269191,186.0228864810295,66.53990936918954,57.14663183775926,22.389629926497634,50.71231758693598,K
1727,587206.1392136111,517571.18305814255,43.980959917358106,188.09449065086446,65.7307766312378,70.21450253654106,21.749816713879696,49.45280129116878,K
1728,587206.3723590835,517571.18305814255,43.92229912777379,190.12530645721432,64.15260569151688,86.43762707774724,20.230306563743092,46.05930692492069,K
1729,587206.6055045556,517571.18305814255,43.957986185307924,192.07923302379515,62.329234477561,101.49936786770475,18.371248292253078,41.792743222603086,K
1730,587206.8386500278,517571.18305814255,44.06636238350495,193.89304495813758,60.47148765006096,114.08929698072983,16.405125266556006,37.22822665457138,K
1731,587207.0717955001,517571.18305814255,44.22354084772317,195.50338083348527,58.66568095399094,124.08042205510387,14.442140106267772,32.65713199220527,K
1732,587207.3049409722,517571.18305814255,44.40627914670009,196.8680727214543,56.9505802761603,131.76738336969575,12.544301129460209,28.248935444509986,K
1733,587207.5380864444,517571.18305814255,44.59425162469762,197.97546208740414,55.34415898780477,137.57076923003248,10.749907363107148,24.10603827053245,K
1734,587207.7712319167,517571.18305814255,44.771521735315694,198.84195424285807,53.85323504277458,141.89881397086413,9.081713307458884,20.28457589882464,K
1735,587208.0043773889,517571.18305814255,44.92717450050373,199.50234203302452,52.4773449680055,145.07293115435593,7.550170467501765,16.805353444644314,K
1736,587208.237522861,517571.18305814255,45.05520477417139,199.99843358131756,51.21098414265537,147.2939259094072,6.1557793684839766,13.662748619917215,K
1737,587208.4706683333,517571.18305814255,45.15384832369276,200.3700465665009,50.04577217306551,148.64286005958695,4.891923849372745,10.83390238259248,K
1738,587201.9425951114,517571.4162036147,47.35070679633225,186.44222947161805,39.64168630296623,196.5301654062197,-7.709020493366019,-16.280687269409786,K
1739,587202.1757405836,517571.4162036147,47.819614084620945,184.07766227357712,39.460563172254155,189.38219449509896,-8.35905091236679,-17.480381371490633,K
1740,587202.4088860557,517571.4162036147,48.22947536104388,181.2082822678192,39.36214923656302,181.78385206688105,-8.867326124480861,-18.38569890735991,K
1741,587202.642031528,517571.4162036147,48.55962383264171,177.96502699183833,39.391143965299065,173.81470952523736,-9.168479867342647,-18.880870862882606,K
1742,587202.8751770002,517571.4162036147,48.78880581236271,174.59391748311336,39.60437682809006,165.6338328156742,-9.18442898427265,-18.824869416962414,K
1743,587203.1083224725,517571.4162036147,48.8972452966175,171.4353000969972,40.070119416133394,157.47826266052502,-8.827125880484104,-18.052399121745058,K
1744,587203.3414679447,517571.4162036147,48.869418340448654,168.86012521464343,40.86345272150446,149.62106417649258,-8.005965618944195,-16.382363225955874,K
1745,587203.5746134168,517571.4162036147,48.697024172733215,167.1802267278924,42.05605296708586,142.27340503284327,-6.640971205647354,-13.637324494595738,K
1746,587203.8077588892,517571.4162036147,48.38153677286702,166.56427149595132,43.70151274181525,135.4454799091146,-4.680024031051772,-9.673161175145616,K
1747,587204.0409043613,517571.4162036147,47.935745172116214,166.99288083177746,45.821976677455915,128.82857318404578,-2.113768494660299,-4.409587223627555,K
1748,587204.2740498334,517571.4162036147,47.383844560601155,168.272788237425,48.40380951909031,121.77534724396996,1.0199649584891546,2.1525584678648846,K
1749,587204.5071953058,517571.4162036147,46.759895526395276,170.106064253983,51.40490469507573,113.39820998482459,4.645009168680453,9.933745822974332,K
1750,587204.7403407779,517571.4162036147,46.10477324596617,172.18744515661214,54.76800462161872,102.72790279795129,8.66323137565255,18.79031337912614,K
1751,587204.97348625,517571.4162036147,45.462017537439685,174.29177172948874,58.43074888693036,88.86591876425729,12.968731349490675,28.5265196134563,K
1752,587205.2066317224,517571.4162036147,44.87320650385108,176.3196741066832,62.32229184920097,71.15036661587949,17.449085345349893,38.885309753499314,K
1753,587205.4397771945,517571.4162036147,44.37356656977878,178.28942444537847,66.31375369970084,49.65570796909114,21.94018712992206,49.444272403527556,K
1754,587205.6729226667,517571.4162036147,43.98848345958337,180.28621860696452,69.83838067346134,28.76730442877943,25.849897213877973,58.76514755874425,K
1755,587205.906068139,517571.4162036147,43.73140629501833,182.39596277289678,70.3307927422271,32.022451038874756,26.599386447208772,60.82444792139887,K
1756,587206.1392136111,517571.4162036147,43.60338097024671,184.65262075586904,68.2783399961067,54.711200542168754,24.674959025859984,56.58955447215719,K
1757,587206.3723590835,517571.4162036147,43.59416545996204,187.01742635500077,65.89891446834753,76.37794208944806,22.304749008385485,51.16452803499752,K
1758,587206.6055045556,517571.4162036147,43.68462663491475,189.39173196847415,63.57738406791172,94.07897615983144,19.892757432996973,45.53720373816306,K
1759,587206.8386500278,517571.4162036147,43.849942116451956,191.6513773383478,61.384944877003754,107.88953209317317,17.535002760551798,39.988656573329614,K
1760,587207.0717955001,517571.4162036147,44.063057732203646,193.68474339699574,59.34249382354533,118.39268919781604,15.279436091341687,34.676295467744296,K
1761,587207.3049409722,517571.4162036147,44.29788305231325,195.4196632745326,57.458790514948625,126.2845526062495,13.160907462635372,29.710014465235496,K
1762,587207.5380864444,517571.4162036147,44.531824450187464,196.83256494632045,55.73777091920303,132.24520334935227,11.205946469015565,25.163906054534873,K
1763,587207.7712319167,517571.4162036147,44.747422749230815,197.9417030243893,54.17924827693261,136.85518952265653,9.431825527701797,21.07791901347866,K
1764,587208.0043773889,517571.4162036147,44.933041476799126,198.7914813577763,52.77829613815153,140.53372811359003,7.845254661352406,17.459878974369566,K
1765,587208.237522861,517571.4162036147,45.0827069736636,199.43563670902947,51.525303244316845,143.51189879683747,6.442596270653247,14.290615411396837,K
1766,587208.4706683333,517571.4162036147,45.19530909064422,199.9246410676266,50.40743075796649,145.85065300011883,5.212121667322265,11.532439477001418,K
1767,587208.7038138055,517571.4162036147,45.273421050089595,200.2992099711086,49.41123338792699,147.49487521399988,4.137812337837396,9.13960606877798,K
1768,587202.1757405836,517571.6493490869,47.66683316362999,186.2464336723163,40.554148871797764,197.67970963782804,-7.112684291832224,-14.921663177026904,K
1769,587202.4088860557,517571.6493490869,48.040041128989316,183.59116943851495,40.62019096305558,190.7224670455237,-7.419850165933738,-15.445136997304314,K
1770,587202.642031528,517571.6493490869,48.330590175786774,180.53120615182974,40.82655317795374,183.46439488914496,-7.504036997833033,-15.526474993455581,K
1771,587202.8751770002,517571.6493490869,48.51863121758422,177.3042251591605,41.221732289276765,176.01186370436676,-7.296898928307456,-15.039375071370314,K
1772,587203.1083224725,517571.6493490869,48.585613691210135,174.22395777004837,41.86055714717522,168.49944740718627,-6.7250565440349135,-13.841662239313397,K
1773,587203.3414679447,517571.6493490869,48.51710464852896,171.61951225801303,42.799948852399666,161.05059706028118,-5.7171557961292905,-11.78379426708563,K
1774,587203.5746134168,517571.6493490869,48.305836734334655,169.75522879216396,44.0919045858536,153.71104056176006,-4.213932148481057,-8.723443031648994,K
1775,587203.8077588892,517571.6493490869,47.95434775715721,168.76048718835895,45.77499133516531,146.3695065772625,-2.1793564219918977,-4.5446482413403855,K
1776,587204.0409043613,517571.6493490869,47.47659650751605,168.59901305230895,47.86740647621772,138.6976612595392,0.3908099687016673,0.8231634056577706,K
1777,587204.2740498334,517571.6493490869,46.89809364808804,169.0932775042464,50.364935977917476,130.14109784892776,3.466842329829433,7.392288385629872,K
1778,587204.5071953058,517571.6493490869,46.254345923235064,169.99680297573164,53.244893495231466,119.96751771643542,6.990547571996402,15.113277320142195,K
1779,587204.7403407779,517571.6493490869,45.587724998263774,171.08610494389004,56.47390427074584,107.3463497512124,10.886179272482067,23.879628283483488,K
1780,587204.97348625,517571.6493490869,44.94317387802924,172.23513108494308,60.01582940564245,91.4244901508501,15.072655527613207,33.5371408537339,K
1781,587205.2066317224,517571.6493490869,44.36339035326943,173.44311887396262,63.83647247332808,71.38288165220105,19.47308212005865,43.89448589251824,K
1782,587205.4397771945,517571.6493490869,43.88423067583917,174.80791976299665,67.89899536768259,46.52236659915152,24.014764691843418,54.722993480810736,K
1783,587205.6729226667,517571.6493490869,43.53103737523303,176.46060098284153,72.05696898710602,17.2779439293807,28.525931611872984,65.53009836632748,K
1784,587205.906068139,517571.6493490869,43.31642388955291,178.49217668767733,72.18539887961978,21.95505104338421,28.868974990066874,66.64671826020596,K
1785,587206.1392136111,517571.6493490869,43.23978456842586,180.9033123699227,69.36270192967979,49.922266627455485,26.122917361253926,60.41407842796967,K
1786,587206.3723590835,517571.6493490869,43.288498803450366,183.59436810244122,66.65238219777473,72.65081577902218,23.36388339432436,53.972496252196464,K
1787,587206.6055045556,517571.6493490869,43.440523823104186,186.39407979936126,64.1212023639302,90.24479655976737,20.68067854082601,47.606881134860586,K
1788,587206.8386500278,517571.6493490869,43.66787354778126,189.10995946081374,61.77361382542054,103.47836182338624,18.105740277639278,41.462381395393635,K
1789,587207.0717955001,517571.6493490869,43.94039187446508,191.57819683089576,59.61207587674066,113.22665323971965,15.671684002275583,35.6657811497189,K
1790,587207.3049409722,517571.6493490869,44.229253420730004,193.69578546792624,57.641175183730866,120.39407447867023,13.411921763000862,30.323644931150408,K
1791,587207.5380864444,517571.6493490869,44.509744731926965,195.42833600593963,55.86592868733109,125.84534763410386,11.356183955404127,25.513927396798355,K
1792,587207.7712319167,517571.6493490869,44.7630587441451,196.79757357061294,54.28833719459568,130.3083862568759,9.525278450450578,21.279328798540742,K
1793,587208.0043773889,517571.6493490869,44.97703235428742,197.85850442323093,52.90410880395892,134.27799735865764,7.927076449671503,17.624720962533356,K
1794,587208.237522861,517571.6493490869,45.14593182414857,198.67657613459883,51.701471785317516,137.97162018607386,6.555539961168947,14.520776726248426,K
1795,587208.4706683333,517571.6493490869,45.2695151320375,199.3115316411721,50.662969012625105,141.3660984870768,5.393453880587607,11.914096859346808,K
1796,587208.7038138055,517571.6493490869,45.3516612213938,199.80988824004697,49.76935579348464,144.29447145096194,4.417694572090845,9.740976301893172,K
1797,587208.9369592778,517571.6493490869,45.3988554036921,200.20435631074258,49.00378381132445,146.55268905080348,3.6049284076323502,7.940571134617583,K
1798,587202.4088860557,517571.88249455916,47.81978370367859,185.81608879538345,41.805988802827386,199.08031799037846,-6.013794900851202,-12.575955880763603,K
1799,587202.642031528,517571.88249455916,48.06179924421489,183.17359203788482,42.15030000913329,192.40690133651998,-5.9114992350816,-12.299787623521306,K
1800,587202.8751770002,517571.88249455916,48.200642515921665,180.3209508591442,42.67919264066081,185.51979699670218,-5.521449875260856,-11.455137498295812,K
1801,587203.1083224725,517571.88249455916,48.21976200733449,177.5220852883414,43.436000427444775,178.48008187843652,-4.783761579889713,-9.92074904716883,K
1802,587203.3414679447,517571.88249455916,48.10649931155909,175.0442868909606,44.463692539607315,171.31960188457106,-3.6428067719517756,-7.5723796661223215,K
1803,587203.5746134168,517571.88249455916,47.85513246259217,173.0909430702358,45.8000294321138,163.9980280215289,-2.0551030304783637,-4.294425539590378,K
1804,587203.8077588892,517571.88249455916,47.4695407326849,171.74744654891148,47.47224685995427,156.3582676026753,0.002706127269370029,0.005700765643824187,K
1805,587204.0409043613,517571.88249455916,46.96486173366775,170.9652381211192,49.492812111922035,148.0974393689928,2.527950378254282,5.382642011361586,K
1806,587204.2740498334,517571.88249455916,46.36766167901073,170.59505241212378,51.857622669356694,138.76922634427336,5.489960990345963,11.84006437148222,K
1807,587204.5071953058,517571.88249455916,45.714397734551625,170.4592544648298,54.546717411202096,127.82355811460081,8.83231967665047,19.32065194851046,K
1808,587204.7403407779,517571.88249455916,45.048267502359614,170.43449340801794,57.525492220448356,114.68186702726528,12.477224718088742,27.69745743814718,K
1809,587204.97348625,517571.88249455916,44.41485045756532,170.50944539201635,60.741471481456045,98.8609878601164,16.326621023890723,36.759374073519496,K
1810,587205.2066317224,517571.88249455916,43.857184927112314,170.7922943894189,64.10366786143986,80.24212372917533,20.246482934327545,46.16457478512548,K
1811,587205.4397771945,517571.88249455916,43.41104167735234,171.46464892151545,67.39551166232903,59.941850077883906,23.98446998497669,55.249699289039306,K
1812,587205.6729226667,517571.88249455916,43.101127266300864,172.7022397283523,69.92961169389537,43.614956042365336,26.828484427594503,62.24543562824789,K
1813,587205.906068139,517571.88249455916,42.938784343461506,174.59655632584287,70.25331941785892,44.265904590205444,27.314535074397412,63.61273494822805,K
1814,587206.1392136111,517571.88249455916,42.92148871705252,177.10934662230326,68.57578312467993,59.44252708770972,25.65429440762741,59.770280981505366,K
1815,587206.3723590835,517571.88249455916,43.03413135150141,180.07569486586712,66.27815428426167,76.2821166841951,23.244022932760267,54.0129943437311,K
1816,587206.6055045556,517571.88249455916,43.25178121327587,183.24996653984533,63.90058522453021,90.32409222340155,20.64880401125434,47.74093327956704,K
1817,587206.8386500278,517571.88249455916,43.5434079058976,186.37262865720535,61.603585859910055,100.90731551517827,18.060177954012453,41.4762620166125,K
1818,587207.0717955001,517571.88249455916,43.87593736242509,189.2313717834287,59.45013204602738,108.4704332041183,15.574194683602286,35.49598166976113,K
1819,587207.3049409722,517571.88249455916,44.21802928688009,191.69710018335414,57.476091299784464,113.85688394513132,13.258062012904375,29.98338511851809,K
1820,587207.5380864444,517571.88249455916,44.5430853945172,193.72881277716908,55.70707538920179,118.04072938293321,11.163989994684592,25.063351350283348,K
1821,587207.7712319167,517571.88249455916,44.831186980339695,195.3540232254966,54.15919583091713,121.89665866457626,9.328008850577433,20.806963809965918,K
1822,587208.0043773889,517571.88249455916,45.06987377373272,196.63807989013767,52.83519330402494,125.98394369943674,7.765319530292217,17.229512488268696,K
1823,587208.237522861,517571.88249455916,45.253869862423606,197.6554124742933,51.72284163525923,130.4409532507885,6.468971772835623,14.294847694798166,K
1824,587208.4706683333,517571.88249455916,45.384004018289595,198.47061952169872,50.79881953358114,135.0557771325067,5.414815515291544,11.931110161874196,K
1825,587208.7038138055,517571.88249455916,45.465644461974954,199.1310391388221,50.036074230646044,139.45017984151914,4.57042976867109,10.052490892312226,K
1826,587208.9369592778,517571.88249455916,45.50697210948874,199.6679141997553,49.4105638804919,143.25436109387837,3.903591771003157,8.578008138206172,K
1827,587209.17010475,517571.88249455916,45.51736536819518,200.10160244767945,48.90512639273574,146.2042794079332,3.387761024540559,7.442788037349202,K
1828,587209.4032502221,517571.88249455916,45.50608517159346,200.44699448028234,48.51061104813212,148.16488866068744,3.0045258765386578,6.602470560166293,K
1829,587202.642031528,517572.1156400313,47.77930503107458,185.66740949061904,43.34355103755933,200.66664245312228,-4.435753993515249,-9.283839500449693,K
1830,587202.8751770002,517572.1156400313,47.86294005493493,183.35043569685035,43.96433907109252,194.23981445704067,-3.898600983842414,-8.145343723907839,K
1831,587203.1083224725,517572.1156400313,47.83001832105433,180.97547843452716,44.79318966188573,187.584368714308,-3.036828659168606,-6.349210737876347,K
1832,587203.3414679447,517572.1156400313,47.670188485955926,178.73935084925378,45.861915918773164,180.68189028933804,-1.8082725671827617,-3.793298546984968,K
1833,587203.5746134168,517572.1156400313,47.379647870343796,176.78099492209824,47.19702003454814,173.45580339826157,-0.18262783579565678,-0.38545629611985466,K
1834,587203.8077588892,517572.1156400313,46.96377543729626,175.14358462494127,48.81593443635894,165.74850260396815,1.8521589990626737,3.9438034566356057,K
1835,587204.0409043613,517572.1156400313,46.43879812577257,173.7722788451915,50.72372719906582,157.31211404704882,4.284929073293249,9.227045587373206,K
1836,587204.2740498334,517572.1156400313,45.831999469805496,172.5542754243541,52.91063920234465,147.82337676069807,7.078639732539152,15.444754351602354,K
1837,587204.5071953058,517572.1156400313,45.18023119317319,171.38857714940676,55.34983147396618,136.93148919475198,10.169600280792984,22.50896025146863,K
1838,587204.7403407779,517572.1156400313,44.52680231507169,170.25690964472048,57.99296393947099,124.35153441410695,13.466161624399298,30.242822130169436,K
1839,587204.97348625,517572.1156400313,43.91713354217495,169.26323838261035,60.75813398791513,110.03856023912178,16.84100044574018,38.34722143139706,K
1840,587205.2066317224,517572.1156400313,43.3938126970922,168.6207812107521,63.4985110497181,94.53839903541402,20.104698352625896,46.33079488305277,K
1841,587205.4397771945,517572.1156400313,42.991817333406814,168.5879194843688,65.93231581787279,79.69202174687717,22.940498484465977,53.36015062252334,K
1842,587205.6729226667,517572.1156400313,42.73465578026749,169.37744001168952,67.55861100483152,69.46078033035924,24.82395522456403,58.08858120258071,K
1843,587205.906068139,517572.1156400313,42.63202082310678,171.07579111558846,67.84845628542476,68.14979062084235,25.216435462317982,59.149050351022865,K
1844,587206.1392136111,517572.1156400313,42.679284474618974,173.60453027060018,66.85154499767955,74.82403734967258,24.17226052306058,56.636986352092265,K
1845,587206.3723590835,517572.1156400313,42.85884370958767,176.73742883469126,65.10804710617155,84.38068219456281,22.249203396583887,51.91274768713993,K
1846,587206.6055045556,517572.1156400313,43.143020693743615,180.16329350004904,63.061192377971345,93.09421835390128,19.91817168422773,46.1677725943658,K
1847,587206.8386500278,517572.1156400313,43.49798638592898,183.56760882741,60.94820036376771,99.53648616151374,17.45021397783873,40.117291460378134,K
1848,587207.0717955001,517572.1156400313,43.88805420732854,186.70252599446567,58.89481459049745,103.66510851704321,15.00676038316891,34.19326888423102,K
1849,587207.3049409722,517572.1156400313,44.27969503210617,189.42420539911814,56.980353583857614,106.21222684753789,12.700658551751445,28.68280493472797,K
1850,587207.5380864444,517572.1156400313,44.64474278636759,191.69269188954297,55.26379593124183,108.31263057373606,10.619053144874243,23.78567437534169,K
1851,587207.7712319167,517572.1156400313,44.96245616695198,193.54408568463526,53.78659595227203,111.09804187556949,8.82413978532005,19.62557328397445,K
1852,587208.0043773889,517572.1156400313,45.22032936844311,195.05196848784624,52.56479401065619,115.23599249992007,7.344464642213083,16.241510720482278,K
1853,587208.237522861,517572.1156400313,45.41375605546369,196.29373850397624,51.58517787919089,120.68310649822897,6.171421823727194,13.589322618877976,K
1854,587208.4706683333,517572.1156400313,45.54480919363907,197.33063145939605,50.814103069506096,126.85361995363392,5.269293875867028,11.5694718435728,K
1855,587208.7038138055,517572.1156400313,45.620484447037356,198.20227005405613,50.21272656702443,133.00736880261542,4.592242119987077,10.066184468773878,K
1856,587208.9369592778,517572.1156400313,45.65076451290139,198.93114974401846,49.74819805672272,138.54056639167607,4.097433543821332,8.975607719917491,K
1857,587209.17010475,517572.1156400313,45.64680929324458,199.5308312594517,49.39784656126221,143.0835579961731,3.751037268017633,8.217523472276431,K
1858,587209.4032502221,517572.1156400313,45.619485090886215,200.01299319526845,49.148894891191865,146.47603813571536,3.5294098003056504,7.736627875729246,K
1859,587209.6363956945,517572.1156400313,45.57834073189606,200.39114458071418,48.9964312750082,148.69964662227974,3.418090543112136,7.4993746771481975,K
1860,587202.8751770002,517572.34878550353,47.53363000587028,186.10134950240217,45.07626196912731,202.26811765411526,-2.45736803674297,-5.169746212185966,K
1861,587203.1083224725,517572.34878550353,47.447178171520775,184.23761444992732,45.93975018675621,195.9591848130696,-1.5074279847645684,-3.1770656187713437,K
1862,587203.3414679447,517572.34878550353,47.2415120766679,182.32365290326163,47.01183960494027,189.3295024544026,-0.22967247172763194,-0.48616663953282907,K
1863,587203.5746134168,517572.34878550353,46.91497072501182,180.43984967286235,48.309715948696656,182.29601627544915,1.3947452236848363,2.9729214409191873,K
1864,587203.8077588892,517572.34878550353,46.47447034533976,178.59470559278552,49.84210638712149,174.72478767311875,3.3676360417817293,7.246206394086253,K
1865,587204.0409043613,517572.34878550353,45.93715058523951,176.7338146421824,51.606283675326566,166.43445765955448,5.669133090087058,12.341063861955469,K
1866,587204.2740498334,517572.34878550353,45.33061902469133,174.7841472044345,53.58500167897464,157.2199795129694,8.254382654283312,18.209287302666652,K
1867,587204.5071953058,517572.34878550353,44.69153891893115,172.71915782801426,55.742602647921885,146.90529506669108,11.051063728990734,24.727418201098352,K
1868,587204.7403407779,517572.34878550353,44.062611742221314,170.6170005745285,58.01848611423623,135.43713766692585,13.955874372014918,31.67282605411752,K
1869,587204.97348625,517572.34878550353,43.48831805070589,168.68245658577374,60.31493145745915,123.03967664946121,16.82661340675326,38.692260728809984,K
1870,587205.2066317224,517572.34878550353,43.010033735503306,167.21582799443064,62.47645212066573,110.44814092033616,19.466418385162427,45.26017929879829,K
1871,587205.4397771945,517572.34878550353,42.66128038767481,166.53450028275745,64.26680911865006,99.15775269505072,21.60552873097525,50.644351352420415,K
1872,587205.6729226667,517572.34878550353,42.463867312575246,166.87481476294133,65.38486318000784,91.29915313377155,22.920995867432595,53.97764574458524,K
1873,587205.906068139,517572.34878550353,42.42553763802858,168.31236306170538,65.59516443654098,88.44747954070749,23.169626798512404,54.61245299044617,K
1874,587206.1392136111,517572.34878550353,42.53947145945016,170.7321854432752,64.90970838916247,90.01871305138376,22.370236929712313,52.5870119261737,K
1875,587206.3723590835,517572.34878550353,42.78567867888548,173.85960574464517,63.56670803256553,93.621080852332355,20.781029353680047,48.570058943427206,K
1876,587206.6055045556,517572.34878550353,43.13399837088472,177.33764855866988,61.84315048730771,96.89463547508811,18.70915211642299,43.37449071044524,K
1877,587206.8386500278,517572.34878550353,43.548172220373296,180.819863670782,59.94999306297028,98.52000628484281,16.401820842596983,37.66362629319185,K
1878,587207.0717955001,517572.34878550353,43.990321809660585,184.04508098977325,58.03336791341949,98.28753983959172,14.043046103758904,31.923035627065932,K
1879,587207.3049409722,517572.34878550353,44.42515210155737,186.87245483352237,56.20451102207482,96.95217556735994,11.779358920517446,26.515067170933797,K
1880,587207.5380864444,517572.34878550353,44.82331654257102,189.27384773702997,54.56012369529245,96.03039813329114,9.736807152721425,21.72263880445767,K
1881,587207.7712319167,517572.34878550353,45.16357890558598,191.296830969025,53.17933768736952,97.25211476101404,8.01575878178354,17.748280751931564,K
1882,587208.0043773889,517572.34878550353,45.43364527373322,193.01889405736244,52.09900447106391,101.57272112020908,6.665359197330687,14.670535804848054,K
1883,587208.237522861,517572.34878550353,45.6297662742162,194.51082633618108,51.298980918175204,108.55662159411384,5.669214643959002,12.424378003361545,K
1884,587208.4706683333,517572.34878550353,45.755383862926585,195.8183260696306,50.72361700954266,116.87341811828645,4.968233146616072,10.858248204189136,K
1885,587208.7038138055,517572.34878550353,45.81919449040908,196.9611858987648,50.315359450016,125.19921313834922,4.496164959606915,9.812841560425198,K
1886,587208.9369592778,517572.34878550353,45.83301655004434,197.9431528687372,50.03164166211103,132.65853576973961,4.198625112066686,9.160699923563342,K
1887,587209.17010475,517572.34878550353,45.80979706278184,198.7642020261404,49.84622942862033,138.82632382569383,4.036432365838493,8.81128628512937,K
1888,587209.4032502221,517572.34878550353,45.76199443409854,199.42934106541318,49.74523548021986,143.58478167090882,3.9832410461213215,8.704255781197546,K
1889,587209.6363956945,517572.34878550353,45.70045877331852,199.95182482753714,49.72291175356937,146.98381259997208,4.022452980250847,8.801778118252265,K
1890,587209.8695411666,517572.34878550353,45.63382396474869,200.35172945413154,49.77832647586581,149.13803855579079,4.144502511117118,9.08208462722447,K
1891,587203.3414679447,517572.5819309758,46.85093484792196,185.49324104053386,47.93752791860321,197.3933258674873,1.0865930706812463,2.3192559000334256,K
1892,587203.5746134168,517572.5819309758,46.49361732431223,183.76477957783356,49.17190842887595,190.63941942152238,2.678291104563719,5.76055652086937,K
1893,587203.8077588892,517572.5819309758,46.03562400073395,181.82863186274506,50.59523958329386,183.35679980311681,4.559615582559914,9.904537369770898,K
1894,587204.0409043613,517572.5819309758,45.49476514162814,179.63734686183463,52.19796775118465,175.42652778229046,6.703202609556506,14.734008602284248,K
1895,587204.2740498334,517572.5819309758,44.898554401173556,177.15631307778088,53.956488996681166,166.73842357514366,9.05793459550761,20.17422323795542,K
1896,587204.5071953058,517572.5819309758,44.28289352274331,174.42265003622884,55.82914830680829,157.23861800422628,11.546254784064985,26.073848986708445,K
1897,587204.7403407779,517572.5819309758,43.68919424222152,171.5910253128305,57.75061371907718,147.00307203817198,14.061419476855662,32.18511973211586,K
1898,587204.97348625,517572.5819309758,43.160271438337524,168.94040913241653,59.624184749107755,136.33625116343845,16.46391331077023,38.145991121237486,K
1899,587205.2066317224,517572.5819309758,42.73559664229071,166.8291598807886,61.31400521444623,125.87097968479402,18.578408572155524,43.4729125877478,K
1900,587205.4397771945,517572.5819309758,42.44665143193983,165.60766945222036,62.646174466163586,116.58110919513607,20.19952303422376,47.58802485659499,K
1901,587205.6729226667,517572.5819309758,42.3131325421736,165.5182006779674,63.437747768591045,109.53091305539829,21.124615226417447,49.92448905871597,K
1902,587205.906068139,517572.5819309758,42.34062957527669,166.6201130090814,63.564254482235135,105.27794573910263,21.22362490695845,50.1259077152486,K
1903,587206.1392136111,517572.5819309758,42.52014715890962,168.77022565701589,63.02493781002486,103.33479365845824,20.504790651115236,48.22370575173018,K
1904,587206.3723590835,517572.5819309758,42.82952668753346,171.66594422112345,61.936649138795985,102.32529146828065,19.107122451262526,44.61203270038495,K
1905,587206.6055045556,517572.5819309758,43.2365026060642,174.93338541176539,60.46557067683563,100.71002167134857,17.229068070771433,39.848431376951716,K
1906,587206.8386500278,517572.5819309758,43.70286809232238,178.22605692199477,58.769372458185515,97.42029080583774,15.066504365863132,34.474864061633475,K
1907,587207.0717955001,517572.5819309758,44.18907339528515,181.29888322222894,56.98176571822869,92.19775406319388,12.792692322943537,28.949899466116623,K
1908,587207.3049409722,517572.5819309758,44.65856015681066,184.0364481988411,55.226200013285506,85.86612972142782,10.567639856474848,23.663189810348662,K
1909,587207.5380864444,517572.5819309758,45.08124079420537,186.43517277143098,53.63734110007081,80.6175666853365,8.556100305865442,18.979291951887053,K
1910,587207.7712319167,517572.5819309758,45.435731759666126,188.5565417654687,52.355882864692354,79.59451273021281,6.920151105026228,15.230636411075334,K
1911,587208.0043773889,517572.5819309758,45.71019513539212,190.4754595741895,51.45748167800137,84.60880726942112,5.7472865426092525,12.573314389899181,K
1912,587208.237522861,517572.5819309758,45.90188221885516,192.2434725000633,50.894958728001654,94.24652207696029,4.993076509146498,10.877716267363624,K
1913,587208.4706683333,517572.5819309758,46.01566102090554,193.87540787327606,50.56305679437382,105.61513654213512,4.547395773468281,9.882278495146116,K
1914,587208.7038138055,517572.5819309758,46.06191902203571,195.3564448091437,50.377304404091845,116.56484897680885,4.315385382056135,9.368661735503647,K
1915,587208.9369592778,517572.5819309758,46.054255425180166,196.65972385693868,50.28882221838841,126.05141148561917,4.234566793208245,9.194735109956843,K
1916,587209.17010475,517572.5819309758,46.007324700852095,197.7638514121645,50.27295835244184,133.74856686681616,4.265633651589745,9.271640286249337,K
1917,587209.4032502221,517572.5819309758,45.93508984869784,198.66341701331072,50.31859517201558,139.6965420024616,4.383505323317735,9.542825186053266,K
1918,587209.6363956945,517572.5819309758,45.84961944673722,199.37082852620574,50.42174974840739,144.08810757634905,4.572130301670171,9.97201363248291,K
1919,587209.8695411666,517572.5819309758,45.76044516891077,199.91172775237834,50.5818916897366,147.14526074751822,4.82144652082583,10.536275385934132,K
1920,587210.1026866387,517572.5819309758,45.67440628122381,200.31780860439292,50.79961117521464,149.04950148839222,5.1252048939908335,11.22117463866792,K
1921,587203.5746134168,517572.815076448,46.141641114505624,186.55957262679544,49.82064937977097,198.54292254682457,3.6790082652653453,7.973293052441451,K
1922,587203.8077588892,517572.815076448,45.67421185034589,184.67065045557862,51.12271540518574,191.64465466264235,5.448503554839846,11.929058727257676,K
1923,587204.0409043613,517572.815076448,45.13882761974036,182.34754080221694,52.55850614810343,184.19018009012285,7.419678528363072,16.4374639741823,K
1924,587204.2740498334,517572.815076448,44.562500175810804,179.58877260436591,54.10054015489039,176.13347739932553,9.538039979079585,21.403736193996085,K
1925,587204.5071953058,517572.815076448,43.979845185996176,176.4783415046405,55.7052685928471,167.4881800582625,11.725423406850922,26.660901959210328,K
1926,587204.7403407779,517572.815076448,43.43037931784278,173.22036671653538,57.30949257191767,158.37437692474407,13.879113254074895,31.95715412131538,K
1927,587204.97348625,517572.815076448,42.95462107669222,170.13422796862574,58.82712554633305,149.06613838765043,15.87250446964083,36.95179720314999,K
1928,587205.2066317224,517572.815076448,42.589549123359575,167.60128721900378,60.14891011190295,140.0119154634124,17.559360988543375,41.22927185184121,K
1929,587205.4397771945,517572.815076448,42.3641277881527,165.97497029622187,61.15049949871998,131.77523666937964,18.78637171056728,44.34499821290069,K
1930,587205.6729226667,517572.815076448,42.29563413898553,165.48443958224775,61.714917576669876,124.84203167288149,19.41928343768435,45.91321027099779,K
1931,587205.906068139,517572.815076448,42.38740547365231,166.1686902093007,61.766947602753135,119.32654577221349,19.379542129100827,45.7200480013975,K
1932,587206.1392136111,517572.815076448,42.62839114050306,167.86804448303423,61.30026973138427,114.76357335936306,18.671878590881207,43.80150902092163,K
1933,587206.3723590835,517572.815076448,42.994584559801986,170.2772974475302,60.37544106900121,110.18580905273643,17.380856509199226,40.42568776312715,K
1934,587206.6055045556,517572.815076448,43.452092201265764,173.03964252998517,59.09163746409564,104.44731613829096,15.639545262829877,35.992617318376894,K
1935,587206.8386500278,517572.815076448,43.96132981816511,175.8449218448053,57.55670974818109,96.58598387765572,13.59537993001598,30.925770412882912,K
1936,587207.0717955001,517572.815076448,44.48167335071724,178.4967421708476,55.87440232340355,86.15030694132153,11.392728972686314,25.612186130813836,K
1937,587207.3049409722,517572.815076448,44.975859686821174,180.92912079831663,54.15517201378427,73.698835191315,9.179312326963093,20.40942049997727,K
1938,587207.5380864444,517572.815076448,45.413528953640366,183.175845698489,52.55807514942345,61.97660259610497,7.144546195783086,15.732197784225214,K
1939,587207.7712319167,517572.815076448,45.77349641455209,185.31372519984438,51.33931066832169,57.28926604704947,5.565814253769595,12.159469321203389,K
1940,587208.0043773889,517572.815076448,46.044591163052125,187.40699513346422,50.68222972565782,64.42074890285124,4.637638562605694,10.072059378664017,K
1941,587208.237522861,517572.815076448,46.22514699246451,189.47370658154648,50.43960985753211,78.82100751885608,4.214462865067603,9.117251408101811,K
1942,587208.4706683333,517572.815076448,46.321430679479086,191.48123631507855,50.397624825095946,94.29308496626734,4.07619414561686,8.799801918516,K
1943,587208.7038138055,517572.815076448,46.34541301421426,193.3646971651395,50.45086597614369,108.05825616514149,4.10545296192943,8.858380355074788,K
1944,587208.9369592778,517572.815076448,46.31231758342998,195.0546767549466,50.55897917474177,119.35886020843486,4.246661591311792,9.169615801803879,K
1945,587209.17010475,517572.815076448,46.238331205754996,196.500967422083,50.70751399059647,128.23450112324218,4.469182784841472,9.665536511155967,K
1946,587209.4032502221,517572.815076448,46.1387526143798,197.68451639828254,50.892180957395624,135.01385069600406,4.753428343015827,10.302463923860728,K
1947,587209.6363956945,517572.815076448,46.0267240924827,198.61675879433653,51.11269509003853,140.096714301411,5.085970997555826,11.050039075856128,K
1948,587209.8695411666,517572.815076448,45.912564656735654,199.33046440555387,51.37001551505022,143.84376955085511,5.457450858314566,11.886617310788637,K
1949,587210.1026866387,517572.815076448,45.803625671259745,199.8678591565459,51.664811968699084,146.51835962029404,5.861186297439339,12.796336996346206,K
1950,587210.3358321111,517572.815076448,45.70453195338848,200.27061925906824,51.99639607753241,148.2660609805519,6.2918641241439275,13.766390016991425,K
1951,587203.8077588892,517573.04822192015,45.407656489910984,187.02495961461108,51.47024681269931,199.55841229245684,6.062590322788324,13.351471517001446,K
1952,587204.0409043613,517573.04822192015,44.88625662413182,184.78105456627208,52.74329466616095,192.62119859641177,7.8570380420291315,17.50432901505317,K
1953,587204.2740498334,517573.04822192015,44.33818229078628,182.01359354251414,54.08328930845819,185.20471567856714,9.745107017671913,21.979040443651655,K
1954,587204.5071953058,517573.04822192015,43.7963233142914,178.83371182527904,55.448152616902014,177.3488128874734,11.651829302610615,26.604583263747276,K
1955,587204.7403407779,517573.04822192015,43.29780855253595,175.4656158738621,56.78083740593472,169.16739711414198,13.483028853398771,31.140210796209157,K
1956,587204.97348625,517573.04822192015,42.88035734740723,172.23406857930408,58.00893159934948,160.8632847194965,15.128574251942254,35.28089593417768,K
1957,587205.2066317224,517573.04822192015,42.577998958474204,169.50834854773788,59.04738680594404,152.71456664274027,16.46938784746984,38.68051165000081,K
1958,587205.4397771945,517573.04822192015,42.41683076952993,167.61599796092585,59.80678267664656,145.00910494132046,17.389951907116632,40.997763368046535,K
1959,587205.6729226667,517573.04822192015,42.41152104748845,166.75583521042185,60.20825875567755,137.9182447122734,17.7967377081891,41.96203594834993,K
1960,587205.906068139,517573.04822192015,42.563162407545626,166.94434234472882,60.20168666151973,131.34557874601336,17.638524253974104,41.44082172533104,K
1961,587206.1392136111,517573.04822192015,42.85886409125572,168.01870405863818,59.77830116254504,124.83454115909048,16.919437071289323,39.477101015239725,K
1962,587206.3723590835,517573.04822192015,43.273176509754464,169.69723505702515,58.96982301265113,117.6041196338648,15.69664650289667,36.27338635368817,K
1963,587206.6055045556,517573.04822192015,43.771128896816755,171.673930156729,57.83507802603587,108.69561060784882,14.063949129219118,32.13065206148228,K
1964,587206.8386500278,517573.04822192015,44.31239301805282,173.70999134807658,56.44325386981336,97.1505492421455,12.130860851760538,27.375774643491805,K
1965,587207.0717955001,517573.04822192015,44.85591496583025,175.6881146822963,54.862965662486694,82.17891626043244,10.007050696656442,22.309322425547403,K
1966,587207.3049409722,517573.04822192015,45.36431351971909,177.61321766694945,53.164055928347814,63.43939610858607,7.799742408628724,17.193564287572233,K
1967,587207.5380864444,517573.04822192015,45.80742943021827,179.5669402518539,51.45770340086757,42.278698878962864,5.650273970649302,12.334841838826096,K
1968,587207.7712319167,517573.04822192015,46.16459991920969,181.64123516201863,50.15298567709994,29.447537758420477,3.9883857578902493,8.639489489500873,K
1969,587208.0043773889,517573.04822192015,46.42548124241401,183.8810756955855,49.891937752120754,43.303837195304304,3.4664565097067452,7.466710989179394,K
1970,587208.237522861,517573.04822192015,46.58949533115147,186.25742370427034,50.07157413528873,65.42884273533569,3.4820788041372595,7.473956906781543,K
1971,587208.4706683333,517573.04822192015,46.6641847761021,188.67528538086376,50.32830900627345,85.11433743671186,3.6641242301713532,7.852112380730679,K
1972,587208.7038138055,517573.04822192015,46.66288922912138,191.00655191248106,50.60287050911948,100.99206316916217,3.9399812799980936,8.44350048847646,K
1973,587208.9369592778,517573.04822192015,46.60219215650359,193.1297871201281,50.8866768322938,113.30327677621668,4.28448467579021,9.193740632203902,K
1974,587209.17010475,517573.04822192015,46.499537687077805,194.96073021400366,51.18110357326274,122.63936743537363,4.681565886184934,10.067983724246657,K
1975,587209.4032502221,517573.04822192015,46.37130748606341,196.46505467173685,51.489546645919525,129.66505867317852,5.118239159856117,11.037513146236755,K
1976,587209.6363956945,517573.04822192015,46.2315100266363,197.65389213859092,51.81524164799444,135.00292344779876,5.58373162135814,12.077761721693864,K
1977,587209.8695411666,517573.04822192015,46.09110174776337,198.5686939367004,52.16041207875469,139.1558967024604,6.069310330991321,13.168073881605235,K
1978,587210.1026866387,517573.04822192015,45.95785605631002,199.26358178570027,52.525749229995235,142.45844713498153,6.5678931736852135,14.291121773909296,K
1979,587210.3358321111,517573.04822192015,45.83663483600652,199.79130794360398,52.90995902903816,145.06746896111866,7.073324193031645,15.43159574942283,K
1980,587210.5689775832,517573.04822192015,45.72989877964182,200.19541283023696,53.309323709457,146.99451798318407,7.5794249298151755,16.574331306391183,K
1981,587210.8021230553,517573.04822192015,45.63830881144549,200.50809590460528,53.71730180640743,148.16481396645335,8.078992994961936,17.702218170134802,K
1982,587204.0409043613,517573.2813673924,44.74255021969586,186.8715326101062,52.79991557778625,200.63887072642441,8.057365358090394,18.00828365510446,K
1983,587204.2740498334,517573.2813673924,44.22927464465987,184.34457941479988,53.958241135019676,193.82061343404948,9.72896649035981,21.99666752060213,K
1984,587204.5071953058,517573.2813673924,43.733665773484695,181.37645532335543,55.11535412762314,186.651309258993,11.381688354138447,26.025004199485732,K
1985,587204.7403407779,517573.2813673924,43.29011242339169,178.1842457895639,56.22192424112627,179.21708395956847,12.931811817734577,29.872437593271087,K
1986,587204.97348625,517573.2813673924,42.93318412607084,175.06730295220038,57.218824073964484,171.6471422109629,14.285639947893642,33.27412172818274,K
1987,587205.2066317224,517573.2813673924,42.693655048568274,172.3532854756794,58.040531589961674,164.09045688466918,15.3468765413934,35.9465042848517,K
1988,587205.4397771945,517573.2813673924,42.594545137872444,170.32067530114173,58.621776587663156,156.66271634074886,16.027231449790712,37.627427169166516,K
1989,587205.6729226667,517573.2813673924,42.647845648895206,169.12537970694393,58.90713514634956,149.36707510837712,16.259289497454354,38.12452715973369,K
1990,587205.906068139,517573.2813673924,42.8525119656709,168.76173147100738,58.86113773191278,142.01269184904353,16.008625766241877,37.35749675320404,K
1991,587206.1392136111,517573.2813673924,43.194107480358866,169.07679389478642,58.47474442705017,134.16932781001003,15.280636946691303,35.37667019428444,K
1992,587206.3723590835,517573.2813673924,43.64620509479199,169.83520296878208,57.76493986698118,125.18436152238944,14.118734772189192,32.348138266604735,K
1993,587206.6055045556,517573.2813673924,44.1733520408659,170.80962327492722,56.767803482624444,114.252940912882,12.594451441758544,28.511423425840754,K
1994,587206.8386500278,517573.2813673924,44.73513951252417,171.8602055288087,55.52870833468246,100.50364418137326,10.793568822158292,24.127719148246975,K
1995,587207.0717955001,517573.2813673924,45.29074351035269,172.9713703061429,54.09366770176687,83.06420163188481,8.802924191414178,19.43647533496989,K
1996,587207.3049409722,517573.2813673924,45.803250169127345,174.23359356968743,52.503995564761084,61.096848806789446,6.700745395633739,14.62941029488389,K
1997,587207.5380864444,517573.2813673924,46.243153482401055,175.78210506116164,50.79552572035438,33.846174922682,4.552372237953321,9.84442429880098,K
1998,587207.7712319167,517573.2813673924,46.59059412522755,177.721822860971,49.13450194247655,4.751421277571461,2.543907817249,5.460131739061775,K
1999,587208.0043773889,517573.2813673924,46.836152068045735,180.0707596404602,49.53334555813066,33.52046042647805,2.6971934900849277,5.758785406124567,K
2000,587208.237522861,517573.2813673924,46.98025946678321,182.74259443927025,50.01822732420415,59.94996781458833,3.037967857420938,6.4664773926352925,K
2001,587208.4706683333,517573.2813673924,47.03151309725169,185.57013724348909,50.468522877262274,80.70519242724878,3.437009780010584,7.307886890442033,K
2002,587208.7038138055,517573.2813673924,47.00430044782621,188.3546680692495,50.895653025430086,96.57340573873641,3.8913525776038753,8.278716076039032,K
2003,587208.9369592778,517573.2813673924,46.916194418478376,190.91869079784541,51.30993679872245,108.42012171161669,4.3937423802440705,9.365086905926784,K
2004,587209.17010475,517573.2813673924,46.78552456302254,193.14296724067034,51.719428900236124,117.14002347722538,4.933904337213583,10.545792493076267,K
2005,587209.4032502221,517573.2813673924,46.62942194847692,194.97900057909,52.130020572098374,123.61810811369094,5.500598623621457,11.796411779882948,K
2006,587209.6363956945,517573.2813673924,46.46249370355456,196.43933916591465,52.54557971467503,128.6572112280003,6.083086011120471,13.09246561308674,K
2007,587209.8695411666,517573.2813673924,46.29614617522055,197.5752404444121,52.96801012129709,132.88417478991053,6.671863946076542,14.411272853738257,K
2008,587210.1026866387,517573.2813673924,46.13846858512438,198.4525925039749,53.39720441801315,136.6761760904989,7.2587358328887746,15.732502736835704,K
2009,587210.3358321111,517573.2813673924,45.99452608217975,199.13382403190178,53.83089152631794,140.15081857206883,7.836365444138188,17.0376044969715,K
2010,587210.5689775832,517573.2813673924,45.86689301596573,199.66864787344804,54.264421848958946,143.22829019998625,8.397528832993217,18.30847541835924,K
2011,587210.8021230553,517573.2813673924,45.75627490041357,200.09243109659948,54.69057174954357,145.73163186722002,8.93429684913,19.525839611233838,K
2012,587211.0352685277,517573.2813673924,45.6621063660616,200.42902014774998,55.099451851085696,147.48012244148347,9.437345485024096,20.66778393744536,K
2013,587204.2740498334,517573.51451286464,44.22789200576838,186.4614689561393,53.76640643243359,201.91421111052452,9.538514426665209,21.56673988762828,K
2014,587204.5071953058,517573.51451286464,43.781302837262615,183.93194469813093,54.747689430093274,195.32873642538695,10.96638659283066,25.048104743692278,K
2015,587204.7403407779,517573.51451286464,43.39380536789575,181.14275783890483,55.669403224637385,188.49312272302606,12.275597856741634,28.288825450241678,K
2016,587204.97348625,517573.51451286464,43.096633611997,178.34525352220908,56.48402571480415,181.47641725279593,13.387392102807148,31.063660849557497,K
2017,587205.2066317224,517573.51451286464,42.91715944347946,175.80550907622697,57.14118270896283,174.34009191093946,14.224023265483368,33.14297462816931,K
2018,587205.4397771945,517573.51451286464,42.8752553954421,173.73884878567492,57.59260636783209,167.09984298183605,14.717350972389987,34.32597855488117,K
2019,587205.6729226667,517573.51451286464,42.98028227114728,172.25236092367913,57.798361471850285,159.677248044599,14.818079200703004,34.4764585472497,K
2020,587205.906068139,517573.51451286464,43.229251291695434,171.3212865411561,57.73283871565816,151.85606174142262,14.503587423962728,33.55040161602091,K
2021,587206.1392136111,517573.51451286464,43.606531319448514,170.81349987403863,57.38849764988103,143.2623268558736,13.781966330432518,31.605280019797767,K
2022,587206.3723590835,517573.51451286464,44.08521523105384,170.55600635675094,56.77597922498866,133.381338184087,12.690763993934823,28.786893581944877,K
2023,587206.6055045556,517573.51451286464,44.62997515620602,170.4175915503594,55.92090210472814,121.61171429081163,11.29092694852212,25.298976548840987,K
2024,587206.8386500278,517573.51451286464,45.2009809251421,170.37255526696796,54.8594369392744,107.35297161035238,9.658456014132305,21.367801796442855,K
2025,587207.0717955001,517573.51451286464,45.7582810922815,170.51735718785022,53.63617191417801,90.15348030632394,7.877890821896507,17.216317208264513,K
2026,587207.3049409722,517573.51451286464,46.26598566473693,171.03242882967888,52.31157654818456,70.0901730442004,6.04559088344763,13.067031419705529,K
2027,587207.5380864444,517573.51451286464,46.695653233656294,172.10569407085288,51.008661930576956,49.269344713948435,4.313008696920662,9.236424374104319,K
2028,587207.7712319167,517573.51451286464,47.028454761029025,173.8507066558366,50.10195641692025,37.59640430559733,3.073501655891228,6.535408555328805,K
2029,587208.0043773889,517573.51451286464,47.2559219489736,176.2531541376345,50.034583687113,47.271381021443865,2.778661738139398,5.88002862612598,K
2030,587208.237522861,517573.51451286464,47.379337987052565,179.16525116618283,50.401527312244404,65.41783254197234,3.022189325191839,6.378707372436732,K
2031,587208.4706683333,517573.51451286464,47.408041432071855,182.34608899820503,50.86925194877995,82.04962554920871,3.4612105167080927,7.300893291842596,K
2032,587208.7038138055,517573.51451286464,47.35705150203727,185.5279147538008,51.356797425373045,95.13713219068653,3.999745923335773,8.445935286244978,K
2033,587208.9369592778,517573.51451286464,47.24446707022904,188.4812627520754,51.84657910299034,104.75782594981497,4.602112032761298,9.741060314894112,K
2034,587209.17010475,517573.51451286464,47.08904671945891,191.0571729257745,52.33574604843909,111.60900031457518,5.246699328980178,11.142080153455412,K
2035,587209.4032502221,517573.51451286464,46.90826674158607,193.19775281158357,52.82476360525686,116.6187121370817,5.916496863670794,12.61290871450081,K
2036,587209.6363956945,517573.51451286464,46.71701204023208,194.91983196893855,53.31412859849144,120.73046212268932,6.597116558259366,14.121443710008712,K
2037,587209.8695411666,517573.51451286464,46.526916465620445,196.28463190542942,53.80327930030391,124.69271709452309,7.276362834683468,15.639039479566845,K
2038,587210.1026866387,517573.51451286464,46.34626143506328,197.36728038958645,54.29016039862788,128.89273224764676,7.9438989635646,17.140323119039415,K
2039,587210.3358321111,517573.51451286464,46.18027918424424,198.23541647689746,54.77093356787283,133.32724246254637,8.59065438362859,18.602430594571942,K
2040,587210.5689775832,517573.51451286464,46.03169040629366,198.93967077985462,55.23971095618481,137.72339287348095,9.208020549891145,20.003655022480302,K
2041,587210.8021230553,517573.51451286464,45.901325529800665,199.5136896062002,55.68838566728242,141.71841624560665,9.787060137481753,21.321955356447532,K
2042,587211.0352685277,517573.51451286464,45.78871916006738,199.97912459075022,56.106666010119305,144.99872287664041,10.317946850051925,22.53381845860906,K
2043,587211.2684139998,517573.51451286464,45.6926128800551,200.35138484289362,56.48236080104577,147.36390102631447,10.78974792099067,23.613768705488965,K
2044,587204.7403407779,517573.7476583369,43.58563475044354,184.05863904383162,55.14563392947409,197.03552636712715,11.559999179030548,26.522498169911156,K
2045,587204.97348625,517573.7476583369,43.34466542197783,181.72227096450754,55.818170078736564,190.4626871351608,12.473504656758735,28.777485153764893,K
2046,587205.2066317224,517573.7476583369,43.21991715184973,179.47393129309208,56.35187076336439,183.66841580010026,13.13195361151466,30.38403235567664,K
2047,587205.4397771945,517573.7476583369,43.22817584847733,177.4621337106093,56.71081176539832,176.61695002366295,13.48263591692099,31.189463011763664,K
2048,587205.6729226667,517573.7476583369,43.376317864110426,175.74654238936168,56.86601732180981,169.20109158127067,13.48969945769938,31.099226771530002,K
2049,587205.906068139,517573.7476583369,43.65966766285198,174.28879716743452,56.79930510134239,161.22151417730404,13.13963743849041,30.09559655826315,K
2050,587206.1392136111,517573.7476583369,44.06178100786834,172.98523570584396,56.50581595305519,152.38463490031936,12.44403494518685,28.242242280139912,K
2051,587206.3723590835,517573.7476583369,44.55576874851971,171.73253030151056,55.99469407250625,142.32894435664772,11.438925323986538,25.673275639232635,K
2052,587206.6055045556,517573.7476583369,45.10701254856756,170.50010339817513,55.28834786875228,130.6883610404727,10.181335320184722,22.571513263535884,K
2053,587206.8386500278,517573.7476583369,45.676882259510755,169.37655789971058,54.421944035865614,117.21038502314912,8.74506177635486,19.1454874846104,K
2054,587207.0717955001,517573.7476583369,46.22689432434144,168.56600507934004,53.446354069019435,101.98526304047334,7.219459744677998,15.6174448883028,K
2055,587207.3049409722,517573.7476583369,46.72268635058464,168.33123949872478,52.44058954842525,85.93856522428953,5.717903197840613,12.237958996912566,K
2056,587207.5380864444,517573.7476583369,47.13723643785022,168.90453933557296,51.54147971118244,71.81018641895284,4.40424327333222,9.34344820816798,K
2057,587207.7712319167,517573.7476583369,47.452912787505944,170.40181920177082,50.96021915089518,64.70186812443657,3.507306363389233,7.391129769198668,K
2058,587208.0043773889,517573.7476583369,47.66216313056623,172.77454247422014,50.83728386207838,67.75908773418094,3.175120731512152,6.661721841734696,K
2059,587208.237522861,517573.7476583369,47.76689493207837,175.81709006340733,51.06797398200431,77.13278545212596,3.3010790499259386,6.910809368328991,K
2060,587208.4706683333,517573.7476583369,47.77680577694586,179.22371968209688,51.47753630755176,87.41880996856504,3.7007305306059024,7.7458726476679765,K
2061,587208.7038138055,517573.7476583369,47.70705967799813,182.6702173113681,51.96561527036556,95.88562003224607,4.258555592367429,8.926468369903374,K
2062,587208.9369592778,517573.7476583369,47.575749898857225,185.88899450445604,52.488593755513634,101.83350836058106,4.9128438566564085,10.326361364982743,K
2063,587209.17010475,517573.7476583369,47.40154561448837,188.71384776874433,53.02797385088617,105.62698729830934,5.6264282363978,11.869714718074661,K
2064,587209.4032502221,517573.7476583369,47.20181102265058,191.08634543327858,53.57501620574132,108.20220039900997,6.3732051830907395,13.502035292740038,K
2065,587209.6363956945,517573.7476583369,46.991345386354496,193.03146549906523,54.1243420210441,110.71125189084844,7.132996634689604,15.179383727031805,K
2066,587209.8695411666,517573.7476583369,46.781756141553785,194.6190536017466,54.67134325350972,114.10672404149624,7.889587111955933,16.864666405603415,K
2067,587210.1026866387,517573.7476583369,46.58137211427104,195.92782536200684,55.211105070905376,118.76735622417186,8.629732956634335,18.526145892534714,K
2068,587210.3358321111,517573.7476583369,46.395544330062215,197.02235121653993,55.73774904791351,124.4285440582456,9.342204717851295,20.135995498597847,K
2069,587210.5689775832,517573.7476583369,46.22716808419236,197.9452381748637,56.2438605776075,130.45383007818924,10.016692493415142,21.668410392719704,K
2070,587210.8021230553,517573.7476583369,46.07728132451796,198.72052575755018,56.72015417398056,136.1813254397037,10.642872849462599,23.097875012429327,K
2071,587211.0352685277,517573.7476583369,45.94563512568309,199.36193458101616,57.15555189650699,141.12445878356982,11.209916770823902,24.398219200059955,K
2072,587211.2684139998,517573.7476583369,45.8311766085029,199.8805848815265,57.537665572631404,145.01363944920126,11.706488964128503,25.5426323965609,K
2073,587211.501559472,517573.7476583369,45.73242201897485,200.2894296657263,57.853578013252104,147.7546325988394,12.121155994277252,26.50451355768575,K
2074,587204.97348625,517573.980803809,43.645253838762486,184.86495770609042,55.22630141280844,198.72407041936958,11.581047574045954,26.534494716950242,K
2075,587205.2066317224,517573.980803809,43.567906600511066,182.98659517718283,55.668922919259444,192.2480284790502,12.101016318748378,27.775069455842136,K
2076,587205.4397771945,517573.980803809,43.61774200530347,181.10823980060792,55.96437313031932,185.42857027133113,12.346631125015854,28.30644264784415,K
2077,587205.6729226667,517573.980803809,43.79937356273018,179.25002989377847,56.09182937964205,178.16035491394828,12.292455816911868,28.065369015623958,K
2078,587205.906068139,517573.980803809,44.106733438418175,177.36719895949741,56.03901763630899,170.2827898045894,11.932284197890816,27.05320314538974,K
2079,587206.1392136111,517573.980803809,44.522945380376385,175.38838359235973,55.80416582933424,161.58991773376292,11.281220448957853,25.337992247768234,K
2080,587206.3723590835,517573.980803809,45.021604054416784,173.27819325117915,55.39707013059142,151.86455163693321,10.37546607617464,23.045527350900258,K
2081,587206.6055045556,517573.980803809,45.569329922191514,171.09826581114908,54.83967422545905,140.94659804935793,9.270344303267535,20.343385165189865,K
2082,587206.8386500278,517573.980803809,46.12924535860174,169.03685664457527,54.167239750212715,128.85182500358158,8.037994391610972,17.424942309645054,K
2083,587207.0717955001,517573.980803809,46.664856624881295,167.38706870778717,53.43173651899061,115.96797239296059,6.766879894109316,14.501019361326557,K
2084,587207.3049409722,517573.980803809,47.1437616330901,166.47503050015857,52.70854709874365,103.34212115794618,5.56478546565355,11.803863910909561,K
2085,587207.5380864444,517573.980803809,47.540648442733925,166.56220240984544,52.10183015915956,92.90769155532858,4.5611817164256365,9.594277456942773,K
2086,587207.7712319167,517573.980803809,47.839193129238836,167.75924857191023,51.72673054807255,86.9966906238755,3.887537418833716,8.126260424860076,K
2087,587208.0043773889,517573.980803809,48.032675210854265,169.98551874265831,51.64738256368448,86.54609604323711,3.614707352830216,7.5255174461183785,K
2088,587208.237522861,517573.980803809,48.123357505932844,172.98942482469457,51.832125963905575,89.89651604827787,3.708768457972731,7.706794891681235,K
2089,587208.4706683333,517573.980803809,48.12087644996576,176.41993547723877,52.19808164363364,94.25828916116487,4.077205193667879,8.47284067634803,K
2090,587208.7038138055,517573.980803809,48.04001987006024,179.91999482023604,52.67245333217641,97.5660258901416,4.632433462116168,9.642863334873885,K
2091,587208.9369592778,517573.980803809,47.89831223299769,183.20735415622505,53.209094072551565,98.97197027068235,5.310781839553876,11.087617897098298,K
2092,587209.17010475,517573.980803809,47.71378507671003,186.11796860104442,53.781351050064174,98.693555338303,6.067565973354142,12.716589060371636,K
2093,587209.4032502221,517573.980803809,47.503204682159996,188.6054109303889,54.37308718945338,97.81138244999693,6.869882507293383,14.461934838416054,K
2094,587209.6363956945,517573.980803809,47.28089351066794,190.7072648281783,54.97301121954804,97.94513236590393,7.6921177088801045,16.268977038567474,K
2095,587209.8695411666,517573.980803809,47.0581512131868,192.49880488777157,55.571964030568836,100.53385571148218,8.513812817382039,18.09211071385284,K
2096,587210.1026866387,517573.980803809,46.843181918934185,194.05331041535877,56.16184663107502,105.96146042757395,9.318664712140837,19.893321355213487,K
2097,587210.3358321111,517573.980803809,46.64138041969821,195.42008084502257,56.73469686510359,113.40904477130847,10.093316445405378,21.640260975514856,K
2098,587210.5689775832,517573.980803809,46.455820026175644,196.62109401127955,57.28150464801317,121.56883821169215,10.825684621837524,23.303182713678858,K
2099,587210.8021230553,517573.980803809,46.28780796534858,197.66002491826538,57.791492487593494,129.3435031739115,11.503684522244917,24.852515225729995,K
2100,587211.0352685277,517573.980803809,46.1374140998485,198.53506699291682,58.252241978514995,136.07506282853868,12.114827878666496,26.25814236673112,K
2101,587211.2684139998,517573.980803809,46.00392039729021,199.2489075560799,58.650452649411356,141.48005730136495,12.646532252121148,27.490118544040588,K
2102,587211.501559472,517573.980803809,45.88617188808152,199.8130012320564,58.97304705171148,145.51386119639312,13.086875163629962,28.520302795250497,K
2103,587211.7347049443,517573.980803809,45.78283094837515,200.24668855248422,59.20841498418633,148.25238816311264,13.425584035811177,29.324495138690537,K
2104,587205.2066317224,517574.21394928126,43.925851186301614,186.05082431957288,55.08488511310785,200.20831008416485,11.159033926806238,25.40425199611433,K
2105,587205.4397771945,517574.21394928126,44.00792371843846,184.38073806686802,55.33913002480618,193.67357957624904,11.331206306367719,25.748104770551045,K
2106,587205.6729226667,517574.21394928126,44.21320520221859,182.4907523404947,55.4561044808224,186.67103181459672,11.242899278603808,25.428826585138975,K
2107,587205.906068139,517574.21394928126,44.53453542709311,180.3374488729837,55.42823324174115,179.0845344377479,10.893697814648036,24.461236005216584,K
2108,587206.1392136111,517574.21394928126,44.954954664614355,177.88181771535375,55.25656109609029,170.7861602969249,10.301606431475932,22.915397220019205,K
2109,587206.3723590835,517574.21394928126,45.448943009344546,175.1469291095096,54.95190668862168,161.67103789078433,9.502963679277137,20.909097219979962,K
2110,587206.6055045556,517574.21394928126,45.98480306125288,172.26762154515066,54.53580977287752,151.7170860568562,8.551006711624638,18.59528831782641,K
2111,587206.8386500278,517574.21394928126,46.52786641264627,169.50537213678047,54.04171992026404,141.07435639236198,7.513853507617775,16.149146924079695,K
2112,587207.0717955001,517574.21394928126,47.04405696424364,167.2125442385534,53.51669907146634,130.17939131242682,6.472642107222704,13.758681807868543,K
2113,587207.3049409722,517574.21394928126,47.50328283061996,165.75098723149765,53.02261407716803,119.85158737757612,5.51933124654807,11.618841725587826,K
2114,587207.5380864444,517574.21394928126,47.882167447620404,165.3913975841669,52.632493107746114,111.23436423680761,4.750325660125711,9.92086597859677,K
2115,587207.7712319167,517574.21394928126,48.16576105610416,166.2312184430018,52.41480191194765,105.36876193024105,4.249040855843489,8.821703971196772,K
2116,587208.0043773889,517574.21394928126,48.34806668889585,168.16362210730634,52.40697508151403,102.4632771095849,4.058908392618179,8.395182414916277,K
2117,587208.237522861,517574.21394928126,48.43142689281349,170.90993164606178,52.60060688468056,101.54713258755783,4.169179991867068,8.608418663968195,K
2118,587208.4706683333,517574.21394928126,48.42500269522001,174.10206882748253,52.955674708171884,100.99188076009736,4.530672012951875,9.356059392432607,K
2119,587208.7038138055,517574.21394928126,48.3426977226346,177.38248142757095,53.42617525701407,99.34145717190682,5.083477534379476,10.515502389928344,K
2120,587208.9369592778,517574.21394928126,48.20091874486203,180.48505003843144,53.97463946815084,95.82657330716927,5.773720723288811,11.978445377463391,K
2121,587209.17010475,517574.21394928126,48.016521733843824,183.27228744383012,54.57413459600824,90.61567277425539,6.557612862164419,13.656992687878036,K
2122,587209.4032502221,517574.21394928126,47.80519112425312,185.7246573652319,55.205068100958165,85.05349722266958,7.399876976705045,15.47923311815994,K
2123,587209.6363956945,517574.21394928126,47.58037179312759,187.89672662574566,55.851628962536125,81.71746275367248,8.271257169408536,17.383759011742775,K
2124,587209.8695411666,517574.21394928126,47.35275168803812,189.86412518876443,56.500173588057436,83.30927291042568,9.147421900019317,19.31761423345133,K
2125,587210.1026866387,517574.21394928126,47.130203232199534,191.6828006093209,57.139648118819665,90.29954928753067,10.00944488662013,21.237856406656952,K
2126,587210.3358321111,517574.21394928126,46.91804533877232,193.37150115250574,57.76074497651308,100.5608860766662,10.842699637740758,23.109870753248373,K
2127,587210.5689775832,517574.21394928126,46.7194829075369,194.9162990153344,58.353182099244144,111.55547623004553,11.633699191707244,24.901172846308338,K
2128,587210.8021230553,517574.21394928126,46.53610496099182,196.28783816453495,58.90432395346962,121.6776663271643,12.3682189924778,26.5776841505005,K
2129,587211.0352685277,517574.21394928126,46.36836011296909,197.46012749180497,59.39963062654853,130.22185897322905,13.031270513579436,28.103798542434603,K
2130,587211.2684139998,517574.21394928126,46.21596479117023,198.42293281184652,59.82391034779047,137.02198950293646,13.607945556620244,29.44425290721206,K
2131,587211.501559472,517574.21394928126,46.078227119785936,199.18511612664534,60.16288319654517,142.1771727241597,14.08465607675923,30.56683591611383,K
2132,587211.7347049443,517574.21394928126,45.95428547112855,199.7707105091092,60.404831770789755,145.8851118008677,14.450546299661205,31.44548142031274,K
2133,587211.9678504164,517574.21394928126,45.84326791553505,200.21158863881897,60.54208714751236,148.34439217520037,14.69881923197731,32.06320120777489,K
2134,587205.4397771945,517574.4470947535,44.36624592535851,187.09054428263374,54.819961055853646,201.43225601382647,10.453715130495134,23.562316153776898,K
2135,587205.6729226667,517574.4470947535,44.58595456724026,185.29645963217186,54.938893989948276,194.77724292411455,10.352939422708019,23.22018116062696,K
2136,587205.906068139,517574.4470947535,44.9123043747257,183.06144612683116,54.94298440028961,187.59692880621935,10.03068002556391,22.333924222353314,K
2137,587206.1392136111,517574.4470947535,45.32853638884776,180.37550711121668,54.83544240014582,179.82217762944134,9.506906011298064,20.973335493879,K
2138,587206.3723590835,517574.4470947535,45.81032398479495,177.30526166820337,54.62765122435938,171.42052169734416,8.817327239564435,19.247467541358194,K
2139,587206.6055045556,517574.4470947535,46.32798299696362,174.03310472408995,54.33995395131564,162.43932599114552,8.011970954352023,17.294020667545865,K
2140,587206.8386500278,517574.4470947535,46.84939362265598,170.86053950147834,54.002263070166364,153.0589640743392,7.152869447510383,15.267795150397241,K
2141,587207.0717955001,517574.4470947535,47.343216577084256,168.1636319355761,53.65421564708906,143.64004973896954,6.310999070004804,13.330313245043737,K
2142,587207.3049409722,517574.4470947535,47.78193202996826,166.30834386825813,53.34378958334954,134.72472090615037,5.56185755338128,11.640085105585412,K
2143,587207.5380864444,517574.4470947535,48.144265283915125,165.553043708963,53.12229742573448,126.92570469603815,4.978032141819355,10.339823678818302,K
2144,587207.7712319167,517574.4470947535,48.416681364906836,165.97483806501356,53.03424747462979,120.66170418746034,4.617566109722951,9.537138811562237,K
2145,587208.0043773889,517574.4470947535,48.59380566176391,167.44961556724326,53.10508891754002,115.83998698720103,4.511283255776114,9.283659088520045,K
2146,587208.237522861,517574.4470947535,48.677820085117794,169.6948028782949,53.33519351492875,111.73980754484116,4.657373429810953,9.567752667779889,K
2147,587208.4706683333,517574.4470947535,48.677051500592945,172.3582384160625,53.70514590687668,107.23443215557536,5.028094406283735,10.329496654542618,K
2148,587208.7038138055,517574.4470947535,48.60407709841482,175.11843440856995,54.18712927933677,101.18892752047665,5.583052180921953,11.486798051153697,K
2149,587208.9369592778,517574.4470947535,48.47370237106063,177.75922317057325,54.75394559456868,92.82302004176431,6.2802432235080445,12.955980080567198,K
2150,587209.17010475,517574.4470947535,48.30112445774154,180.19561478083475,55.38255198662189,82.07186245646812,7.081427528880354,14.660999321197723,K
2151,587209.4032502221,517574.4470947535,48.10049755250049,182.4499701335989,56.05345354015071,70.2645087185509,7.9529559876502205,16.53404100231971,K
2152,587209.6363956945,517574.4470947535,47.88399883217027,184.59728201313484,56.74797768033349,61.43283205310592,8.863978848163221,18.51135883456765,K
2153,587209.8695411666,517574.4470947535,47.66138411315245,186.70698921974923,57.44711591750194,61.795159010840315,9.785731804349489,20.531782671517206,K
2154,587210.1026866387,517574.4470947535,47.4399448517709,188.8043137960335,58.137250338344224,72.23060196831092,10.69730548657332,22.549152449476335,K
2155,587210.3358321111,517574.4470947535,47.2247414450291,190.86103934235473,58.81024961940004,86.95825812687347,11.585508174370936,24.532708533421587,K
2156,587210.5689775832,517574.4470947535,47.0189881097888,192.81148980337247,59.45522640686709,101.4603255380714,12.43623829707829,26.449395865431672,K
2157,587210.8021230553,517574.4470947535,46.824489130247414,194.5806175361882,60.05695412728265,113.96635164141408,13.232464997035237,28.259710341372212,K
2158,587211.0352685277,517574.4470947535,46.6420595735476,196.11001405588587,60.59765302699021,124.07635248403834,13.95559345344261,29.920620103485593,K
2159,587211.2684139998,517574.4470947535,46.47189333409129,197.37263707303742,61.05894983535645,131.93884079140577,14.58705650126516,31.38898687943977,K
2160,587211.501559472,517574.4470947535,46.31386145017258,198.3741951394654,61.42400449559707,137.89635541319757,15.110143045424486,32.625530612861866,K
2161,587211.7347049443,517574.4470947535,46.167734096480444,199.1447723275552,61.67977131424413,142.31940692213587,15.512037217763684,33.59930375908622,K
2162,587211.9678504164,517574.4470947535,46.033324412032634,199.72658693702655,61.819000286829336,145.5186683372954,15.785675874796702,34.29184417250232,K
2163,587212.2009958888,517574.4470947535,45.91055602528267,200.1630031695891,61.841483832531694,147.70183534961495,15.93092780724902,34.69992347397394,K
2164,587212.4341413609,517574.4470947535,45.79946160646811,200.49152341169287,61.754275034105895,148.96532078803023,15.954813427637788,34.836246689381476,K
2165,587205.6729226667,517574.6802402256,44.89335983883116,187.57507273407302,54.52105107856079,202.48378034642224,9.627691239729629,21.445691020439103,K
2166,587205.906068139,517574.6802402256,45.217547242750136,185.4564328586418,54.56068512449639,195.762852158316,9.343137881746252,20.6626375189872,K
2167,587206.1392136111,517574.6802402256,45.623232676808094,182.7986599911997,54.51529107418503,188.5522133829782,8.892058397376935,19.490198032146644,K
2168,587206.3723590835,517574.6802402256,46.08747206488516,179.69422410908302,54.39619214592021,180.85704027122324,8.308720081035048,18.028153224237276,K
2169,587206.6055045556,517574.6802402256,46.58279292865352,176.34534994498978,54.221865133494035,172.74520272953103,7.639072204840517,16.39891411521968,K
2170,587206.8386500278,517574.6802402256,47.07983121667416,173.0593888597978,54.01800352769329,164.37212268962483,6.93817231101913,14.737037350639126,K
2171,587207.0717955001,517574.6802402256,47.550187047868576,170.20079961065113,53.81684252242313,155.98956849385752,6.266655474554554,13.179034329025749,K
2172,587207.3049409722,517574.6802402256,47.96908729728432,168.1093659904775,53.65509788933028,147.91455420477314,5.68601059204596,11.853489220687889,K
2173,587207.5380864444,517574.6802402256,48.31747794623786,167.01154463249154,53.56978988924919,140.43439219736754,5.252311943011335,10.870418254974949,K
2174,587207.7712319167,517574.6802402256,48.58327635618924,166.95907759150722,53.59204303029542,133.6522160636696,5.008766674106184,10.30965190034594,K
2175,587208.0043773889,517574.6802402256,48.761670004381656,167.8210824618999,53.74086554948301,127.33636080800007,4.979195545101355,10.211290024836991,K
2176,587208.237522861,517574.6802402256,48.854518426278254,169.3349643105523,54.02025015843289,120.8726759583812,5.165731732154633,10.573703105782839,K
2177,587208.4706683333,517574.6802402256,48.86906104116467,171.19693289681032,54.42132647307907,113.36362267186664,5.5522654319144,11.361514450292937,K
2178,587208.7038138055,517574.6802402256,48.81622461858507,173.15644561601079,54.92775835221953,103.8154490567176,6.1115337336344595,12.519472329918171,K
2179,587208.9369592778,517574.6802402256,48.70884545802319,175.07855583078413,55.520983839370416,91.32971855437611,6.812138381347225,13.985423627455631,K
2180,587209.17010475,517574.6802402256,48.560076988267106,176.95379891871855,56.18322832674387,75.3148282723319,7.623151338476767,15.69839220048733,K
2181,587209.4032502221,517574.6802402256,48.38216374393667,178.85878095009625,56.89795076453444,56.0393172224632,8.51578702059777,17.601087594320298,K
2182,587209.6363956945,517574.6802402256,48.18565658486029,180.89051984009774,57.646788795170735,37.437113111911685,9.461132210310446,19.634747933025135,K
2183,587209.8695411666,517574.6802402256,47.97904977988361,183.10506233872835,58.400410953758815,35.86798908146145,10.421361173875205,21.72064937026872,K
2184,587210.1026866387,517574.6802402256,47.76875740900186,185.48415149514645,59.14181743253413,54.369625509908985,11.373060023532275,23.80857414011163,K
2185,587210.3358321111,517574.6802402256,47.55932061701305,187.9379554279933,59.872373612903914,75.1866388900202,12.313052995890864,25.889884119762225,K
2186,587210.5689775832,517574.6802402256,47.35374256343863,190.3357045420984,60.57959905459304,93.0112638821698,13.22585649115441,27.929907490281384,K
2187,587210.8021230553,517574.6802402256,47.1538711707426,192.5467339987405,61.244073028997036,107.2303410280311,14.090201858254439,29.88132577118491,K
2188,587211.0352685277,517574.6802402256,46.96077675184809,194.4744681746582,61.84343764858824,118.19282459882618,14.882660896740155,31.691683839438337,K
2189,587211.2684139998,517574.6802402256,46.7750924023157,196.07301760116903,62.35456248736334,126.48982965851508,15.579470085047639,33.30719253539378,K
2190,587211.501559472,517574.6802402256,46.597296512147985,197.3453737403814,62.75624403560528,132.74784555100348,16.158947523457293,34.677864882664664,K
2191,587211.7347049443,517574.6802402256,46.42792151838357,198.32915158780352,63.03245245764354,137.52582489192122,16.604530939259966,35.7641057282421,K
2192,587211.9678504164,517574.6802402256,46.26767642518502,199.07829452065192,63.17532482090555,141.24755896468474,16.90764839572053,36.5431110919526,K
2193,587212.2009958888,517574.6802402256,46.117477239709665,199.64760895022812,63.18686356722075,144.16815639906,17.069386327511083,37.012836237307035,K
2194,587212.4341413609,517574.6802402256,45.97839071848824,200.08347602159088,63.078748470397564,146.38130651886456,17.10035775190932,37.1921624151868,K
2195,587212.667286833,517574.6802402256,45.85151054239687,200.42072300063083,62.87055699231114,147.86184868517682,17.019046449914264,37.117744319846345,K
2196,587205.906068139,517574.9133856979,45.43799125147571,187.45963452015454,54.261101160094505,203.52854358441382,8.823109908618797,19.41791365685041,K
2197,587206.1392136111,517574.9133856979,45.829189650228194,185.0674397068902,54.2738933122216,196.8684210603066,8.444703661993408,18.426473883662396,K
2198,587206.3723590835,517574.9133856979,46.27292258834227,182.20202653691442,54.234136233384334,189.8190717148583,7.961213645042065,17.20490775105648,K
2199,587206.6055045556,517574.9133856979,46.74398228568156,179.05973697318922,54.15814720382876,182.44170961030557,7.4141649181472005,15.861217969908138,K
2200,587206.8386500278,517574.9133856979,47.215828000116296,175.92386367014942,54.067513169175776,174.84747526591366,6.851685169059479,14.511415894353483,K
2201,587207.0717955001,517574.9133856979,47.66308413478358,173.11774467587577,53.98813421077809,167.18909129866853,6.325050075994511,13.270333195620076,K
2202,587207.3049409722,517574.9133856979,48.06381785618574,170.93086879283695,53.94828437639241,159.62534465725383,5.884466520206665,12.243027671696586,K
2203,587207.5380864444,517574.9133856979,48.401281350960566,169.543424252037,53.9755391615341,152.25249742212037,5.574257810573535,11.516756695249986,K
2204,587207.7712319167,517574.9133856979,48.66490199015411,168.97983799032136,54.09294851780303,145.01415797442993,5.428046527648924,11.153924708914706,K
2205,587208.0043773889,517574.9133856979,48.850441672128426,169.11308999838317,54.315597282312694,137.62418335065058,5.465155610184269,11.187525482092843,K
2206,587208.237522861,517574.9133856979,48.95939332085204,169.72137381335963,54.64899825038942,129.54378613298022,5.689604929537381,11.621069101593935,K
2207,587208.4706683333,517574.9133856979,48.99780472044326,170.57587196762498,55.089987967569144,120.0274697616766,6.092183247125881,12.4335840797048,K
2208,587208.7038138055,517574.9133856979,48.97479162461855,171.5241622836516,55.62941493213585,108.21105752643768,6.654623307517305,13.587854254743114,K
2209,587208.9369592778,517574.9133856979,48.901011933141135,172.5355150205771,56.25514849615195,93.19668508024189,7.354136563010819,15.03882286335016,K
2210,587209.17010475,517574.9133856979,48.787326410775954,173.6915563470049,56.95426269072379,74.10437587844739,8.166936279947834,16.73987258736923,K
2211,587209.4032502221,517574.9133856979,48.64378881515009,175.13004023804822,57.71403775945669,50.0852644774241,9.070248944306599,18.646263305628185,K
2212,587209.6363956945,517574.9133856979,48.479016080804115,176.96898217880545,58.52197387189395,20.30748053638986,10.042957791089833,20.71609245193916,K
2213,587209.8695411666,517574.9133856979,48.29991185719087,179.24427709156822,59.33637873805735,14.801546463218532,11.036466880866477,22.849869609489513,K
2214,587210.1026866387,517574.9133856979,48.11166924779483,181.88461793449054,60.131657839375976,45.22338381699858,12.019988591581146,24.98352017194264,K
2215,587210.3358321111,517574.9133856979,47.9179635721775,184.7290351961531,60.93093760207731,69.38766276434045,13.012974029899809,27.1567759975833,K
2216,587210.5689775832,517574.9133856979,47.721255183516455,187.5743390976396,61.71397591100223,88.15444763040064,13.992720727485775,29.321778468892923,K
2217,587210.8021230553,517574.9133856979,47.52314236239372,190.2301574917562,62.456638354874336,102.38762142285628,14.933495992480616,31.42362909969917,K
2218,587211.0352685277,517574.9133856979,47.32472267003555,192.56077417622484,63.131176647375355,112.96712065482498,15.806453977339807,33.399992827317575,K
2219,587211.2684139998,517574.9133856979,47.126931191561134,194.50258757564737,63.7079120305206,120.77774020600299,16.58098083895947,35.1836633952702,K
2220,587211.501559472,517574.9133856979,46.930826249848884,196.05771240439043,64.15874278474722,126.66278223412341,17.227916534898334,36.7091694554468,K
2221,587211.7347049443,517574.9133856979,46.737792906810526,197.27257548137635,64.46215800953063,131.34533841170148,17.7243651027201,37.92298266642656,K
2222,587211.9678504164,517574.9133856979,46.549638520037206,198.2128290555492,64.60823422396074,135.34388049756487,18.05859570392353,38.79427698702803,K
2223,587212.2009958888,517574.9133856979,46.368566796597676,198.943327401297,64.60137342341565,138.92553602464253,18.232806626817975,39.32147980074256,K
2224,587212.4341413609,517574.9133856979,46.1970364901788,199.51700514593406,64.45941688562354,142.12661946675723,18.262380395444737,39.53149765207819,K
2225,587212.667286833,517574.9133856979,46.03753312791838,199.97203379947496,64.20983942867171,144.83062524991422,18.172306300753334,39.47280635185287,K
2226,587212.9004323054,517574.9133856979,45.89230005707255,200.33418911354693,63.88513937920994,146.86463836304824,17.992839322137385,39.20666277297312,K
2227,587206.3723590835,517575.1465311701,46.37033668026829,184.6610713169882,54.12268416784968,198.22773798920738,7.752347487581389,16.718333405761538,K
2228,587206.6055045556,517575.1465311701,46.81728262582142,181.94846453255735,54.13107167877517,191.45998567070797,7.3137890529537515,15.621985392462596,K
2229,587206.8386500278,517575.1465311701,47.26470103766277,179.16809992022075,54.13576999120058,184.4721643609943,6.871068953537815,14.537421802504621,K
2230,587207.0717955001,517575.1465311701,47.69021349383507,176.5823750840636,54.15761123171771,177.34151835701468,6.467397737882642,13.561268159805334,K
2231,587207.3049409722,517575.1465311701,48.07475046288648,174.41591275966718,54.21869757365001,170.12531492616816,6.143947110763534,12.779987522777965,K
2232,587207.5380864444,517575.1465311701,48.40393802601331,172.79568263213253,54.34022691956251,162.81478219301528,5.936288893549204,12.26406184215614,K
2233,587207.7712319167,517575.1465311701,48.66881179267829,171.72043030989744,54.540064207945996,155.2829095487194,5.871252415267705,12.063685549337722,K
2234,587208.0043773889,517575.1465311701,48.86581804476537,171.07640500051514,54.83069223324473,147.24503648036222,5.964874188479364,12.206639379320361,K
2235,587208.237522861,517575.1465311701,48.99618504713687,170.6972943719361,55.21821387465876,138.25165984554897,6.222028827521889,12.699006711514324,K
2236,587208.4706683333,517575.1465311701,49.064844704443416,170.4457454367109,55.70269078770419,127.72139178708643,6.637846083260776,13.52872127333899,K
2237,587208.7038138055,517575.1465311701,49.079135684988906,170.28214440671022,56.27950099295953,115.00812288193039,7.200365307970621,14.670929321546485,K
2238,587208.9369592778,517575.1465311701,49.047516451871424,170.2901634431467,56.94100718230638,99.4999385706862,7.893490730434955,16.093558454036213,K
2239,587209.17010475,517575.1465311701,48.97846814341727,170.64703185924768,57.67783035229938,80.80153666625246,8.699362208882114,17.76160533116084,K
2240,587209.4032502221,517575.1465311701,48.87969240045746,171.55097301360308,58.479100119485985,59.313776359985695,9.599407719028527,19.63884641577386,K
2241,587209.6363956945,517575.1465311701,48.75763198760335,173.13689173947165,59.32990954238262,39.07916232013773,10.572277554779276,21.683328586317078,K
2242,587209.8695411666,517575.1465311701,48.61728255455501,175.41535753983166,60.20309546087604,36.10756073006837,11.585812906321031,23.83064683494027,K
2243,587210.1026866387,517575.1465311701,48.462232362658035,178.25800941923504,61.082227839424085,52.949600383594586,12.61999547676605,26.04088763870116,K
2244,587210.3358321111,517575.1465311701,48.29486180082689,181.43142891084875,61.967183131108776,71.95653488166654,13.67232133028189,28.310095153948232,K
2245,587210.5689775832,517575.1465311701,48.11664572679154,184.66188085949784,62.84219943291621,87.7434245168049,14.725553706124671,30.603865842471695,K
2246,587210.8021230553,517575.1465311701,47.92851591419812,187.70379364122797,63.681316524937,99.73222094468187,15.75280061073888,32.867282264570065,K
2247,587211.0352685277,517575.1465311701,47.73124828710918,190.38810538557712,64.45134011266126,108.41988842772261,16.720091825552075,35.02965546800435,K
2248,587211.2684139998,517575.1465311701,47.525837430574335,192.63889333219575,65.1138750468122,114.65021540862644,17.588037616237862,37.00731763418254,K
2249,587211.501559472,517575.1465311701,47.31381359292524,194.46086459823272,65.63004910421171,119.37360023889424,18.316235511286465,38.7122367029515,K
2250,587211.7347049443,517575.1465311701,47.097453517676115,195.90989840444752,65.96865282698093,123.45775126515309,18.871199309304814,40.068406887905894,K
2251,587211.9678504164,517575.1465311701,46.87984359008734,197.061093300973,66.11530225094278,127.50329120168543,19.235458660855436,41.03140537124731,K
2252,587212.2009958888,517575.1465311701,46.664774768668586,197.98488389580623,66.07759989503717,131.73716532493034,19.41282512636858,41.60059750122835,K
2253,587212.4341413609,517575.1465311701,46.45648002445212,198.73525726713467,65.8828349216329,136.04886311437724,19.426354897180786,41.81624369077431,K
2254,587212.667286833,517575.1465311701,46.25925797891124,199.34842999537153,65.57008365703658,140.13755477268757,19.310825678125333,41.744780443579074,K
2255,587212.9004323054,517575.1465311701,46.07705117760425,199.84747414715935,65.18178995651408,143.67308440508134,19.104738778909834,41.462589924147956,K
2256,587213.1335777775,517575.1465311701,45.91305638145348,200.24835289825478,64.75831707444439,146.40080959746334,18.845260692990912,41.045537322589205,K
2257,587206.6055045556,517575.37967664236,46.81839599780524,184.74086479616813,54.12721778786572,199.80569442999666,7.3088217900604775,15.611004252266783,K
2258,587206.8386500278,517575.37967664236,47.243326841147905,182.4561754085658,54.21197417236196,193.3073694424754,6.968647331214058,14.750543192365782,K
2259,587207.0717955001,517575.37967664236,47.6489183970459,180.2091792438971,54.31812914716377,186.59437336426552,6.669210750117877,13.996562722673156,K
2260,587207.3049409722,517575.37967664236,48.01893067685126,178.15589356632958,54.463284880632514,179.66490028671095,6.444354203781252,13.420445047286144,K
2261,587207.5380864444,517575.37967664236,48.34142810089238,176.3711914632261,54.66422156030281,172.46018579462913,6.322793459410434,13.079451120505304,K
2262,587207.7712319167,517575.37967664236,48.609208124296316,174.8332217255601,54.93530661231737,164.83604681327918,6.326098488021053,13.014197787063068,K
2263,587208.0043773889,517575.37967664236,48.81962360275948,173.44870182935696,55.28719550385596,156.54637353809537,6.467571901096484,13.24789382589773,K
2264,587208.237522861,517575.37967664236,48.97390026675358,172.11368411467774,55.726156478630735,147.25027171135724,6.752256211877153,13.787458575074915,K
2265,587208.4706683333,517575.37967664236,49.07612291292502,170.78641499804087,56.254147637930544,136.55158971061877,7.178024725005521,14.62630766032878,K
2266,587208.7038138055,517575.37967664236,49.13209360604732,169.53985886520178,56.869482836646455,124.08006841057751,7.737389230599135,15.748136630690606,K
2267,587208.9369592778,517575.37967664236,49.14824960437346,168.5672259392304,57.56770329417567,109.64176850314637,8.41945368980221,17.130729492048896,K
2268,587209.17010475,517575.37967664236,49.1307780367999,168.13311740035076,58.34219481114861,93.53042129345177,9.211416774348706,18.748770409149998,K
2269,587209.4032502221,517575.37967664236,49.08499761616173,168.48708861636453,59.18407257474479,77.24072794222721,10.09907495858306,20.574667309870335,K
2270,587209.6363956945,517575.37967664236,49.01501575307677,169.77380113433145,60.08104951676793,64.77177934470808,11.066033763691166,22.57682384402076,K
2271,587209.8695411666,517575.37967664236,48.92362771172419,171.97584990719727,61.017645309395725,61.98177427910586,12.094017597671538,24.720197915277033,K
2272,587210.1026866387,517575.37967664236,48.81240796316591,174.91098922157104,61.981315202759255,69.20827808803064,13.168907239593345,26.97860603297971,K
2273,587210.3358321111,517575.37967664236,48.681947063659884,178.28219796793437,62.96218024070215,80.3408666163765,14.28023317704227,29.333734656028543,K
2274,587210.5689775832,517575.37967664236,48.532198016884756,181.75819905821052,63.943676657755724,90.74671413101653,15.411478640870968,31.755163109466395,K
2275,587210.8021230553,517575.37967664236,48.3629018154047,185.05292279875778,64.89868029212136,98.72486346242013,16.535778476716658,34.19103870117576,K
2276,587211.0352685277,517575.37967664236,48.174056062514985,187.9775877349737,65.78852949824433,104.15455823059017,17.614473435729344,36.564231612283635,K
2277,587211.2684139998,517575.37967664236,47.96637509877908,190.45406173263356,66.56344889211448,107.69963679755338,18.597073793335397,38.7710635941067,K
2278,587211.501559472,517575.37967664236,47.7416738972692,192.49466883175648,67.16766122188527,110.41140868294765,19.425987324616067,40.689790991444944,K
2279,587211.7347049443,517575.37967664236,47.5031026060167,194.1642740162328,67.55244998301006,113.37347796266268,20.049347376993367,42.20639553437071,K
2280,587211.9678504164,517575.37967664236,47.25517221703719,195.5422347076763,67.69430824642026,117.30936521239173,20.43913602938307,43.25269609749518,K
2281,587212.2009958888,517575.37967664236,47.003545329159145,196.69630878463573,67.60614703963317,122.33419503562804,20.602601710474026,43.832016428116084,K
2282,587212.4341413609,517575.37967664236,46.754612080662035,197.67223816785236,67.33161165195516,128.0357069317656,20.576999571293122,44.01063051446829,K
2283,587212.667286833,517575.37967664236,46.51491725004535,198.49580309646473,66.92803825008896,133.78377162485583,20.41312100004361,43.885106556915794,K
2284,587212.9004323054,517575.37967664236,46.290536852516574,199.18096928887408,66.4513326606295,139.01076538238212,20.16079580811293,43.55273707960225,K
2285,587213.1335777775,517575.37967664236,46.08651198903302,199.73823905787984,65.94889681954567,143.33848687044545,19.862384830512646,43.09804316551272,K
2286,587213.3667232497,517575.37967664236,45.9064322284073,200.17985901427312,65.45873750451396,146.58312289809277,19.552305276106665,42.59164637065289,K
2287,587206.8386500278,517575.6128221145,47.176147859946944,185.46859274951544,54.28815244135501,201.44000399016795,7.1120045814080655,15.07542456099141,K
2288,587207.0717955001,517575.6128221145,47.563590865978846,183.6365405568933,54.46453518963267,195.09118810724607,6.900944323653825,14.508880002560767,K
2289,587207.3049409722,517575.6128221145,47.919907163611676,181.77337640595562,54.67979904219614,188.44412657115834,6.759891878584462,14.106646441330408,K
2290,587207.5380864444,517575.6128221145,48.235672887341885,179.9101441616353,54.94758447848973,181.42409510800627,6.711911591147846,13.91482939778622,K
2291,587207.7712319167,517575.6128221145,48.505663579678554,178.01212154653234,55.27980363350429,173.89999860992702,6.774140053825732,13.965668241396367,K
2292,587208.0043773889,517575.6128221145,48.728474961146816,176.01093980973693,55.685775618964676,165.68264000931472,6.957300657817861,14.27769012546606,K
2293,587208.237522861,517575.6128221145,48.9057492809605,173.86385043648002,56.17174387466801,156.54275917317003,7.265994593707511,14.857137863208726,K
2294,587208.4706683333,517575.6128221145,49.04117869081702,171.61662822070357,56.74083653863066,146.2576984039289,7.69965784781364,15.700393125451944,K
2295,587208.7038138055,517575.6128221145,49.13946605091165,169.4401149702504,57.39337924413134,134.6988951637248,8.253913193219688,16.796912658082412,K
2296,587208.9369592778,517575.6128221145,49.20539533339115,167.61779806646928,58.12734867557832,121.9829054557253,8.921953342187166,18.132063123843377,K
2297,587209.17010475,517575.6128221145,49.24311101701196,166.48142646218122,58.93871324714641,108.72180591711029,9.695602230134448,19.689256080479804,K
2298,587209.4032502221,517575.6128221145,49.25564715451063,166.31504213016942,59.821486047565045,96.36694727367268,10.565838893054412,21.45102034678441,K
2299,587209.6363956945,517575.6128221145,49.24469975975061,167.26357378240323,60.767676545043884,87.3200017797717,11.522976785293274,23.399425403160645,K
2300,587209.8695411666,517575.6128221145,49.2106111263211,169.28203681817806,61.76799159846744,83.83240936850571,12.557380472146342,25.51762757002183,K
2301,587210.1026866387,517575.6128221145,49.15253133714753,172.1449702432531,62.813170751458536,85.77573369542634,13.660639414311007,27.792341600089348,K
2302,587210.3358321111,517575.6128221145,49.06873093165763,175.5108657738699,63.89274834374242,90.52237990533982,14.824017412084785,30.21072102462056,K
2303,587210.5689775832,517575.6128221145,48.957045739576124,179.01493438264507,64.99051048451686,95.26995987765717,16.033464744940737,32.7500659051809,K
2304,587210.8021230553,517575.6128221145,48.81542933011707,182.35521699048226,66.07948720098256,98.41892940722082,17.264057870865486,35.36598593472635,K
2305,587211.0352685277,517575.6128221145,48.64256762733222,185.3442544179712,67.116929097204,99.6005945359865,18.474361469871774,37.97982378605163,K
2306,587211.2684139998,517575.6128221145,48.43848098475392,187.91606649098168,68.03980838876812,99.41513675604101,19.6013274040142,40.46643702593346,K
2307,587211.501559472,517575.6128221145,48.20501510949262,190.0967249296699,68.76636595151729,99.1772125268469,20.561350842024666,42.65396618032734,K
2308,587211.7347049443,517575.6128221145,47.94611796243371,191.9581481105529,69.21491390338764,100.452823547274,21.26879594095393,44.35978728792653,K
2309,587211.9678504164,517575.6128221145,47.6678234134261,193.57561811568195,69.34229956762601,104.26467974372993,21.674476154199915,45.46982555971937,K
2310,587212.2009958888,517575.6128221145,47.37791223667918,195.00210071671222,69.17216096696019,110.49165682285773,21.794248730281012,46.00086348551313,K
2311,587212.4341413609,517575.6128221145,47.08528524387259,196.26206973489604,68.77962345762394,118.11180324843428,21.69433821375135,46.07456045214153,K
2312,587212.667286833,517575.6128221145,46.799144280241286,197.35937968032047,68.25165536715554,125.93509818581627,21.45251108691425,45.83953706173118,K
2313,587212.9004323054,517575.6128221145,46.5281172543664,198.29046865301896,67.66112819546306,133.0838094039738,21.133010941096664,45.41987122660427,K
2314,587213.1335777775,517575.6128221145,46.279472340575914,199.05550412740294,67.06126110652616,139.08055676837242,20.781788765950246,44.90498209014721,K
2315,587213.3667232497,517575.6128221145,46.05854271467515,199.66382245393024,66.48939403742517,143.75438685937857,20.430851322750023,44.35844062482757,K
2316,587213.599868722,517575.6128221145,45.868434723624034,200.13372174772113,65.97208315300948,147.11850308939438,20.103648429385444,43.828939335990206,K
2317,587207.0717955001,517575.84596758673,47.46312496991579,186.58388158847725,54.59298007625928,202.95091616500844,7.129855106343491,15.021883010995813,K
2318,587207.3049409722,517575.84596758673,47.805302386531785,184.97945666693934,54.866497170243704,196.6061110803557,7.061194783711919,14.770735527658275,K
2319,587207.5380864444,517575.84596758673,48.11229118894196,183.1420932543479,55.190201794367226,189.85067514149088,7.0779106054252665,14.711231642720106,K
2320,587207.7712319167,517575.84596758673,48.38112266914948,181.03317326226002,55.574219743238075,182.58013512741118,7.193097074088598,14.867569575179207,K
2321,587208.0043773889,517575.84596758673,48.61207441029043,178.61075015945156,56.026856878876224,174.66394187390694,7.414782468585791,15.252964533058881,K
2322,587208.237522861,517575.84596758673,48.80776055729311,175.88521483389775,56.554245955428755,165.96837336410303,7.746485398135647,15.871421490527958,K
2323,587208.4706683333,517575.84596758673,48.972093301182255,172.9719168354245,57.1602683069932,156.4018311424588,8.188175005810947,16.720083733102896,K
2324,587208.7038138055,517575.84596758673,49.10927984674138,170.11353777053876,57.84670245050674,145.98910737645753,8.73742260376536,17.79179542243914,K
2325,587208.9369592778,517575.84596758673,49.22297885783169,167.65360803131304,58.61348974719775,134.9791423816363,9.390510889366055,19.07749410389852,K
2326,587209.17010475,517575.84596758673,49.315685528819465,165.96195597577847,59.458996644588055,123.97412845746527,10.14331111576859,20.568123522973167,K
2327,587209.4032502221,517575.84596758673,49.38836314552899,165.3349277896367,60.38022116789223,114.00471526591045,10.991858022363239,22.25596744312897,K
2328,587209.6363956945,517575.84596758673,49.44030556535406,165.90712063677034,61.37303614443159,106.34821484174593,11.932730579077528,24.135632744631632,K
2329,587209.8695411666,517575.84596758673,49.46920468024472,167.60940400424153,62.432582883652934,101.88424099094999,12.963378203408212,26.20494565699996,K
2330,587210.1026866387,517575.84596758673,49.471404020154885,170.19011074877935,63.553387370952144,100.33214090366238,14.081983350797259,28.464895285891203,K
2331,587210.3358321111,517575.84596758673,49.442330793704606,173.29060374127798,64.7281097417066,100.26463049620138,15.285778948001997,30.916380159707813,K
2332,587210.5689775832,517575.84596758673,49.37709904820926,176.5451518661792,65.94434822437427,99.95162914392073,16.567249176165006,33.55249598602298,K
2333,587210.8021230553,517575.84596758673,49.27125730322675,179.6679066051105,67.17941697410754,98.148122501999,17.908159670880792,36.346057825701145,K
2334,587211.0352685277,517575.84596758673,49.12161666852992,182.4990179388614,68.3919942573344,94.45464734056114,19.270377588804486,39.2299335725043,K
2335,587211.2684139998,517575.84596758673,48.927052555036134,185.00170424399872,69.50913530115014,89.50193170347393,20.582082746114004,42.06687644419623,K
2336,587211.501559472,517575.84596758673,48.689143100989945,187.22218672122457,70.41336211277644,85.10863004653305,21.724219011786495,44.61819951673127,K
2337,587211.7347049443,517575.84596758673,48.41250718975275,189.2359207573334,70.95816600727633,83.94472050911838,22.54565881752358,46.56990543612192,K
2338,587211.9678504164,517575.84596758673,48.10474220957191,191.10310977281176,71.05268259407636,87.86888448264328,22.94794038450445,47.70411258942004,K
2339,587212.2009958888,517575.84596758673,47.77593137266866,192.84683709294575,70.74687639821579,96.20762979115754,22.97094502554713,48.08058025361322,K
2340,587212.4341413609,517575.84596758673,47.43777556798562,194.45463395269647,70.1828262557336,106.62602856129551,22.745050687747984,47.94712740092721,K
2341,587212.667286833,517575.84596758673,47.10248230675902,195.89499648255392,69.49376654068985,117.0456425288871,22.391284233930826,47.5373762429454,K
2342,587212.9004323054,517575.84596758673,46.78159314012069,197.13729725898955,68.76858672413832,126.30011991055905,21.986993584017625,46.999240744456834,K
2343,587213.1335777775,517575.84596758673,46.48493840462762,198.16610029078277,68.0604187534378,133.93586578902642,21.57548034881018,46.41391618292931,K
2344,587213.3667232497,517575.84596758673,46.219874109926046,198.98618528595424,67.40091440677485,139.90533337263054,21.1810402968488,45.826694046100876,K
2345,587213.599868722,517575.84596758673,45.99089148003153,199.6194780969449,66.80981215493114,144.35241166975499,20.81892067489961,45.267486680354594,K
2346,587213.8330141942,517575.84596758673,45.79961333969606,200.0976969033486,66.30018912053384,147.480803993361,20.500575780837785,44.76146038348592,K
2347,587214.0661596663,517575.84596758673,45.64512238251481,200.45465092405595,65.88103771925122,149.47559577015653,20.23591533673641,44.33313852716965,K
2348,587207.3049409722,517576.079113059,47.704111125039695,187.59295052197533,55.0220463742183,204.24443404853835,7.317935249178603,15.340261198866463,K
2349,587207.5380864444,517576.079113059,47.998108333022174,185.8983392569225,55.39194227381319,197.81596247312692,7.393833940791019,15.404427794301514,K
2350,587207.7712319167,517576.079113059,48.259675862607175,183.75683103515198,55.81902651199367,190.90218401443082,7.559350649386495,15.663906800591821,K
2351,587208.0043773889,517576.079113059,48.491291361623674,181.1514915418656,56.3108017141307,183.42191903694433,7.819510352507024,16.125597262801367,K
2352,587208.237522861,517576.079113059,48.697196794734154,178.13288884940945,56.8732374523828,175.31047176546195,8.176040657648649,16.789550930645685,K
2353,587208.4706683333,517576.079113059,48.882250711980774,174.8618748728371,57.510692543252496,166.55612863307093,8.628441831271722,17.65148229796411,K
2354,587208.7038138055,517576.079113059,49.05088597322805,171.620578957344,58.22599669874614,157.25131001861394,9.175110725518088,18.70529052324531,K
2355,587208.9369592778,517576.079113059,49.20627778908818,168.77676126506879,59.02063885964721,147.65141418274246,9.814361070559023,19.945343382049966,K
2356,587209.17010475,517576.079113059,49.34976971798534,166.70531345769027,59.89500716490923,138.21679491847073,10.545237446923892,21.368362015032304,K
2357,587209.4032502221,517576.079113059,49.48056013239675,165.69093113723977,60.84865545923969,129.58177558962487,11.36809532684294,22.974871942486015,K
2358,587209.6363956945,517576.079113059,49.59562971992928,165.84781446117796,61.88060156846641,122.37376173646247,12.284971848537133,24.77027092490086,K
2359,587209.8695411666,517576.079113059,49.68989210865743,167.08865411587354,62.989600287355316,116.8772822677455,13.299708178697884,26.76541971476868,K
2360,587210.1026866387,517576.079113059,49.756564080906344,169.15645057579187,64.17411472969677,112.73832091079544,14.417550648790424,28.9761781487702,K
2361,587210.3358321111,517576.079113059,49.78776224964293,171.70711906519242,65.43151297210996,108.99112439754217,15.643750722467026,31.420875362959737,K
2362,587210.5689775832,517576.079113059,49.77532410599023,174.41047109758384,66.7560046516177,104.41832631807614,16.98068054562747,34.11465590755224,K
2363,587210.8021230553,517576.079113059,49.71181647530243,177.03161738050335,68.13446888730275,97.98085565419926,18.422652412000318,37.05890011312093,K
2364,587211.0352685277,517576.079113059,49.59164010142075,179.46606792931743,69.53758580727072,89.17076478347607,19.945945705849965,40.2203792112101,K
2365,587211.2684139998,517576.079113059,49.412083358799116,181.72341279776967,70.89931943617546,78.44183016444246,21.487236077376345,43.48579257698913,K
2366,587211.501559472,517576.079113059,49.17414405341606,183.87555214396323,72.07237577358345,68.06772191736954,22.898231720167388,46.56559287599166,K
2367,587211.7347049443,517576.079113059,48.88294488900297,185.99658312062147,72.78454906467734,63.0341033893761,23.901604175674365,48.89558971937353,K
2368,587211.9678504164,517576.079113059,48.54762218824627,188.1192378882929,72.80502012164331,67.84328781633792,24.257397933397037,49.966191627959745,K
2369,587212.2009958888,517576.079113059,48.18065980918405,190.22060727246296,72.2656856844127,80.15461185237267,24.085025875228652,49.98899137250428,K
2370,587212.4341413609,517576.079113059,47.796748358084294,192.235151834394,71.46296061724134,94.58585190192754,23.666212259157042,49.514272564849406,K
2371,587212.667286833,517576.079113059,47.411345057957305,194.08269142336695,70.58504413829256,108.00271898052115,23.173699080335254,48.877961703062645,K
2372,587212.9004323054,517576.079113059,47.03916674798633,195.6965229493466,69.7196557344049,119.29784516804357,22.680488986418567,48.21617931272025,K
2373,587213.1335777775,517576.079113059,46.69285346431733,197.0410349897591,68.90675674917321,128.3108849761684,22.21390328485588,47.5745250862249,K
2374,587213.3667232497,517576.079113059,46.381994120593376,198.11541804703586,68.1656005027074,135.26650155032527,21.78360638211403,46.965652933068306,K
2375,587213.599868722,517576.079113059,46.11262380061913,198.94634684699778,67.50619318528884,140.51807290847208,21.393569384669703,46.39417066608659,K
2376,587213.8330141942,517576.079113059,45.8872068816707,199.57555123780193,66.93415501307624,144.41839621572663,21.046948131405536,45.86670133503502,K
2377,587214.0661596663,517576.079113059,45.70503501968894,200.04788529144327,66.4527165041739,147.24960580546843,20.747681484484964,45.3947392788283,K
2378,587214.2993051386,517576.079113059,45.56291130763812,200.40321098138728,66.06330156130772,149.19163130130158,20.500390253669607,44.99359164135094,K
2379,587207.5380864444,517576.3122585311,47.918592549578925,188.09113568581654,55.5528071917897,205.35305721176783,7.634214642210772,15.931633706294772,K
2380,587207.7712319167,517576.3122585311,48.16425878437188,186.10179799753934,56.01472984541909,198.85152826122194,7.850471061047209,16.299370651987473,K
2381,587208.0043773889,517576.3122585311,48.3861590100994,183.56062690602712,56.53810921986399,191.86607222264905,8.151950209764593,16.847690282799835,K
2382,587208.237522861,517576.3122585311,48.59087253508225,180.5427312480169,57.12869608657383,184.37415175115726,8.537823551491584,17.570838114354377,K
2383,587208.4706683333,517576.3122585311,48.7849877094607,177.22848791281143,57.79110268208103,176.40136865156313,9.006114972620331,18.460832718163843,K
2384,587208.7038138055,517576.3122585311,48.97394191871583,173.906337685864,58.528858532372254,168.0506465342699,9.554916613656424,19.510205303700346,K
2385,587208.9369592778,517576.3122585311,49.1611256002686,170.93298459151933,59.344561453758985,159.52586902495102,10.183435853490387,20.714407428935573,K
2386,587209.17010475,517576.3122585311,49.34728562602273,168.65697172545427,60.24009741023997,151.13038312411132,10.892811784217237,22.073781052048457,K
2387,587209.4032502221,517576.3122585311,49.53022239471813,167.32961893649423,61.21691095295257,143.211739277297,11.686688558234437,23.595065786501895,K
2388,587209.6363956945,517576.3122585311,49.70476162907639,167.0369187383794,62.276307450956054,136.0323627515227,12.571545821879667,25.292437605264645,K
2389,587209.8695411666,517576.3122585311,49.86299196049996,167.68101991128995,63.419730810380685,129.59272202270392,13.556738849880723,27.187977128648807,K
2390,587210.1026866387,517576.3122585311,49.994777747967035,169.0210654170037,64.64888792308929,123.50121711694679,14.654110175122256,29.31128176826057,K
2391,587210.3358321111,517576.3122585311,50.088563470278636,170.7584867645791,65.96554143630269,116.99009133360106,15.87697796602405,31.697810569961888,K
2392,587210.5689775832,517576.3122585311,50.132465831614056,172.63313036043877,67.37076519527865,109.07761977909287,17.238299363664595,34.38550064855167,K
2393,587210.8021230553,517576.3122585311,50.115598587691935,174.4929815039863,68.86320099299084,98.78335972412918,18.747602405298906,37.408716913745884,K
2394,587211.0352685277,517576.3122585311,50.02950430496469,176.31334580969806,70.43462873753504,85.33657668093225,20.405124432570346,40.7861815063905,K
2395,587211.2684139998,517576.3122585311,49.869500270737745,178.16432115023437,72.05595644800326,68.49492224872068,22.186456177265512,44.48902847796132,K
2396,587211.501559472,517576.3122585311,49.63570991152129,180.14686607580964,73.6200830006396,49.6754094252723,23.984373089118307,48.32080196268358,K
2397,587211.7347049443,517576.3122585311,49.33356701395388,182.32797510550898,74.69342954325103,36.9292905908684,25.359862529297146,51.4048832555006,K
2398,587211.9678504164,517576.3122585311,48.97365303324753,184.70109643259056,74.51560150765492,45.137409148059724,25.54194847440739,52.154468561018554,K
2399,587212.2009958888,517576.3122585311,48.570844478480275,187.18305573419195,73.57168647209436,64.82890197793965,25.00084199361408,51.472940736476005,K
2400,587212.4341413609,517576.3122585311,48.14287944928343,189.64180033006815,72.48736585388289,84.08270520134279,24.344486404599465,50.56715901309018,K
2401,587212.667286833,517576.3122585311,47.708565491141364,191.93815422384196,71.43311143406494,100.16391353497943,23.724545942923577,49.728063920364164,K
2402,587212.9004323054,517576.3122585311,47.28591588227321,193.9631043320255,70.45316818677873,112.87149710488943,23.167252304505517,48.99398028407562,K
2403,587213.1335777775,517576.3122585311,46.89050305584078,195.65841743022347,69.56044228766083,122.62655159651754,22.669939231820052,48.34654728447456,K
2404,587213.3667232497,517576.3122585311,46.53425897009576,197.0178873251335,68.75817071845579,130.01956195599354,22.223911748360024,47.7581726672423,K
2405,587213.599868722,517576.3122585311,46.2248514792331,198.0743348529035,68.04624392256986,135.6493818656565,21.821392443336755,47.20705798944577,K
2406,587213.8330141942,517576.3122585311,45.96565060834445,198.88089605621082,67.42345272612994,140.03343293228588,21.45780211778549,46.68225475718626,K
2407,587214.0661596663,517576.3122585311,45.75619679348878,199.49417762850865,66.88824823250738,143.5511127710342,21.132051439018596,46.184020788252525,K
2408,587214.2993051386,517576.3122585311,45.593014852318156,199.96343573067,66.43870026080099,146.42241004949508,20.84568540848283,45.72122610449161,K
2409,587214.5324506108,517576.3122585311,45.4705913715664,200.32631034119308,66.0719139186781,148.72470762431882,20.601322547111707,45.306915801394425,K
2410,587208.0043773889,517576.54540400335,48.31388947464805,185.75735701561112,56.709605559314426,199.91864012520222,8.395716084666375,17.377437784370258,K
2411,587208.237522861,517576.54540400335,48.50345837510973,183.00445475206223,57.32116462085149,193.02129635584387,8.81770624574176,18.179541296928832,K
2412,587208.4706683333,517576.54540400335,48.692200297855315,179.9262984201324,58.001390623177414,185.74505345408818,9.3091903253220991,19.118442519288102,K
2413,587208.7038138055,517576.54540400335,48.88732858657524,176.7887506392947,58.754176266131665,178.1747146615118,9.866847679556429,20.182832576100154,K
2414,587208.9369592778,517576.54540400335,49.09314329950945,173.90816374349737,59.58276952130777,170.44867764188317,10.489626221798318,21.366784680709436,K
2415,587209.17010475,517576.54540400335,49.310356288532205,171.58189881393903,60.489956850479146,162.74139569330748,11.179600561946941,22.671911954014636,K
2416,587209.4032502221,517576.54540400335,49.535763538484765,170.0119574556788,61.478295404095974,155.21279867140086,11.942531865611208,24.10890841792103,K
2417,587209.6363956945,517576.54540400335,49.762248630084926,169.2519953847,62.55037440674445,147.92352663345903,12.788125776659527,25.698448379457208,K
2418,587209.8695411666,517576.54540400335,49.97911620666344,169.20190807950155,63.70907147338585,140.7383795022737,13.729955266722406,27.471384667846262,K
2419,587210.1026866387,517576.54540400335,50.17277359834834,169.6557370327745,64.95775438887439,133.26255540663854,14.784980790526049,29.468135265722605,K
2420,587210.3358321111,517576.54540400335,50.327780104387266,170.38562503439874,66.30038666408217,124.84857355277263,15.972606559694903,31.737156947048632,K
2421,587210.5689775832,517576.54540400335,50.42825129972821,171.2280368691909,67.74153339474437,114.67068068881404,17.313282095016156,34.33250538891772,K
2422,587210.8021230553,517576.54540400335,50.45953896130709,172.13701114230642,69.2863002107309,101.82400198441529,18.82676124942381,37.310608929384735,K
2423,587211.0352685277,517576.54540400335,50.41002161076565,173.18397407566434,70.94022853486523,85.40302073044224,20.53020692409958,40.726439442182496,K
2424,587211.2684139998,517576.54540400335,50.272764645188346,174.50749748474985,72.70905898176085,64.5413984298859,22.4362943365725,44.62912373115311,K
2425,587211.501559472,517576.54540400335,50.046773602238815,176.23767121000597,74.59747202023695,38.435426095153446,24.550698417998134,49.05550678076053,K
2426,587211.7347049443,517576.54540400335,49.73759114362505,178.42856050200248,76.5680815662667,7.143527485572422,26.830490422641645,53.94408897922784,K
2427,587211.9678504164,517576.54540400335,49.357081307760936,181.02541060370157,75.70690871138511,28.59336391458277,26.349827403624175,53.38611341161479,K
2428,587212.2009958888,517576.54540400335,48.92238580328401,183.87561278834858,74.33406453513635,56.2455680942333,25.41167873185234,51.94284439445006,K
2429,587212.4341413609,517576.54540400335,48.45419262062691,186.77339102065537,73.08062323155637,78.11988387336515,24.62643061092946,50.82414808506376,K
2430,587212.667286833,517576.54540400335,47.9745873052578,189.51647555559686,71.94324194608345,94.99371433322392,23.968654640825648,49.961148156033836,K
2431,587212.9004323054,517576.54540400335,47.5048291230725,191.95255496287206,70.91540811588175,107.7174614970151,23.41057899280925,49.280419327808985,K
2432,587213.1335777775,517576.54540400335,47.063391889343094,194.00196618085445,69.9902139444783,117.16493059164591,22.926822055135204,48.71476775205973,K
2433,587213.3667232497,517576.54540400335,46.66453705243476,195.6550900265714,69.16085232404632,124.20526186989477,22.496315271611557,48.208589847004156,K
2434,587213.599868722,517576.54540400335,46.31756709346675,196.95235744615036,68.42102083773361,129.64674214642838,22.103453744266858,47.72153446588222,K
2435,587213.8330141942,517576.54540400335,46.026772485434506,197.95843875872407,67.76532501207147,134.1582278370759,21.738552526636965,47.230234389161836,K
2436,587214.0661596663,517576.54540400335,45.79196721351057,198.74033488729518,67.18945742583703,138.19839203770027,21.397490212326467,46.727606421794654,K
2437,587214.2993051386,517576.54540400335,45.60942920530593,199.35426989199038,66.68989380418975,141.99026929884008,21.08046459888382,46.219531720058114,K
2438,587214.5324506108,517576.54540400335,45.47303256604182,199.84145404629723,66.26305145042889,145.55730642734295,20.790018884387067,45.71944669446251,K
2439,587214.7655960829,517576.54540400335,45.37537456246702,200.2298429567773,65.90412846732684,148.80331389198736,20.52875390485982,45.242059383109776,K
2440,587208.237522861,517576.7785494756,48.44586476819054,185.3580576564141,57.451908259416165,201.17448446129382,9.006043491225626,18.589911717581675,K
2441,587208.4706683333,517576.7785494756,48.61298736019433,182.7341793385103,58.142520448783706,194.49866443118054,9.529533088589375,19.60285431129958,K
2442,587208.7038138055,517576.7785494756,48.79807031008287,179.98612224979345,58.90237509503902,187.55910697783236,10.104304784956149,20.70636138017194,K
2443,587208.9369592778,517576.7785494756,49.00695497855414,177.3703193260371,59.734923381534685,180.43575896804086,10.727968402980544,21.890705936892413,K
2444,587209.17010475,517576.7785494756,49.24083798037806,175.1180579454104,60.643254731228936,173.21090841842798,11.402416750850875,23.156423039337014,K
2445,587209.4032502221,517576.7785494756,49.495896606282166,173.37419288594458,61.63024943537691,165.93044448270976,12.134352829094745,24.515876387931957,K
2446,587209.6363956945,517576.7785494756,49.76332205809542,172.1603912752555,62.698735388137685,158.55041105864203,12.935413330042266,25.993870173982792,K
2447,587209.8695411666,517576.7785494756,50.02976351215652,171.382260916799,63.85161227203408,150.88373914215688,13.821848759877561,27.627251838835996,K
2448,587210.1026866387,517576.7785494756,50.27820361711773,170.88212449770043,65.09189042297417,142.56939171487693,14.813686805856442,29.463436917250895,K
2449,587210.3358321111,517576.7785494756,50.489280844323446,170.51833022458868,66.42256790743808,133.0809972657551,15.933287063114633,31.557761957914728,K
2450,587210.5689775832,517576.7785494756,50.64303075319789,170.2380597277172,67.8462047199037,121.77559551281293,17.203173966705805,33.969479533211974,K
2451,587210.8021230553,517576.7785494756,50.72093794553282,170.11136427148506,69.36381912394377,107.9710454941132,18.642881178410953,36.75578948960052,K
2452,587211.0352685277,517576.7785494756,50.70809297918102,170.3103179023993,70.97183377685894,91.05535312123412,20.263740797677926,39.96155171127716,K
2453,587211.2684139998,517576.7785494756,50.59516634284421,171.0414085190017,72.65173132678031,70.72236671880397,22.0565649839361,43.5942137920367,K
2454,587211.501559472,517576.7785494756,50.37987873627549,172.45988274434055,74.32220222805486,47.94197066636904,23.942323491779376,47.52358301041317,K
2455,587211.7347049443,517576.7785494756,50.067685923827646,174.6018193655417,75.54622895183769,30.85408085380968,25.478543028010044,50.888197762470554,K
2456,587211.9678504164,517576.7785494756,49.671508897807165,177.36037815319614,75.29740650216594,39.48313163454341,25.625897604358777,51.59073717104268,K
2457,587212.2009958888,517576.7785494756,49.21050426582091,180.51238118479617,74.25690071961066,59.96729413174183,25.046396453789747,50.896443406668546,K
2458,587212.4341413609,517576.7785494756,48.708046612735295,183.78048821697996,73.13403110512694,78.5637731267895,24.425984492391642,50.14773983156446,K
2459,587212.667286833,517576.7785494756,48.18923965532943,186.90426960990172,72.06635426969245,93.20083424539555,23.877114614363023,49.5486436082881,K
2460,587212.9004323054,517576.7785494756,47.67835051380554,189.6944768474829,71.08161939848995,104.07056504549192,23.403268884684408,49.08573520786516,K
2461,587213.1335777775,517576.7785494756,47.1965545238115,192.05606782098235,70.18355050526424,111.9085250345587,22.986995981452736,48.70481799652428,K
2462,587213.3667232497,517576.7785494756,46.76029305684015,193.9801425332996,69.36845564183591,117.64410935388067,22.60816258499576,48.34906093833519,K
2463,587213.599868722,517576.7785494756,46.38040966300707,195.51593422339758,68.63025959255059,122.23168852223552,22.249849929543515,47.9725170415861,K
2464,587213.8330141942,517576.7785494756,46.06207674870459,196.73772054190204,67.96295074528942,126.48231881948868,21.900873996584828,47.5464319945165,K
2465,587214.0661596663,517576.7785494756,45.805391603429776,197.71849068492284,67.36193736851767,130.91328132507778,21.556545765087897,47.06115374303187,K
2466,587214.2993051386,517576.7785494756,45.60643242395676,198.51573328591942,66.8242313078979,135.69053560840695,21.217798883941143,46.52369798782062,K
2467,587214.5324506108,517576.7785494756,45.45853250758038,199.16853808513085,66.34748565957972,140.69679092477557,20.88895315199934,45.951666276327835,K
2468,587214.7655960829,517576.7785494756,45.35354958325668,199.70167800122363,65.92847976618313,145.67398980169534,20.57493018292645,45.365644744424074,K
2469,587214.9987415553,517576.7785494756,45.282962104728604,200.1318420171788,65.56177385612897,150.36012828568437,20.27881175140036,44.78243208670923,K
2470,587208.4706683333,517577.01169494784,48.55244561884348,185.3938770838078,58.21663472524967,202.6442430421531,9.6641891064061909,19.90463916539657,K
2471,587208.7038138055,517577.01169494784,48.71035901003171,183.17330876164397,58.97554580684946,196.22293495447173,10.265186796817751,21.073929663921543,K
2472,587208.9369592778,517577.01169494784,48.905471967008076,180.94099607673064,59.80301103304982,189.57734602487957,10.897539066041745,22.282862484985912,K
2473,587209.17010475,517577.01169494784,49.13990180292278,178.85838513498953,60.70189648173619,182.73036468131892,11.561994678813413,23.52872971782316,K
2474,587209.4032502221,517577.01169494784,49.40955358859689,177.0141226797307,61.674715766416995,175.6650811767983,12.265162177820102,24.823462846769676,K
2475,587209.6363956945,517577.01169494784,49.70419309135168,175.4026685068354,62.723628696786456,168.29274672350212,13.01943560543478,26.193837573233044,K
2476,587209.8695411666,517577.01169494784,50.00802173478983,173.9421855117637,63.85033642364009,160.42540833310167,13.842314688850259,27.68018851507651,K
2477,587210.1026866387,517577.01169494784,50.3007686090006,172.5298007572697,65.05576812557624,151.76595811718158,14.754999516575637,29.333546831599392,K
2478,587210.3358321111,517577.01169494784,50.559303007434536,171.11387959247816,66.33936028110845,141.92657403026496,15.780057273673918,31.21098657422854,K
2479,587210.5689775832,517577.01169494784,50.759718573284644,169.75174201703467,67.6974989159797,130.48282957628035,16.93778034269505,33.368546593183,K
2480,587210.8021230553,517577.01169494784,50.87974993352813,168.62412408677397,69.1200760735746,117.07547693654276,18.240326140046463,35.84987379827248,K
2481,587211.0352685277,517577.01169494784,50.90127734566635,167.9948601451716,70.58234845198291,101.60528947668772,19.68107110631656,38.66518117544288,K
2482,587211.2684139998,517577.01169494784,50.81258999666752,168.12836453659534,72.02421126386027,84.67251106182297,21.211621267192747,41.744814166299896,K
2483,587211.501559472,517577.01169494784,50.61005020248543,169.19695595638038,73.29815258230687,68.63717322761914,22.688102379821437,44.8292429844443,K
2484,587211.7347049443,517577.01169494784,50.29885166517057,171.2152019256882,74.09447422982214,59.129427821511186,23.795622564651573,47.30848076424148,K
2485,587211.9678504164,517577.01169494784,49.8926949037155,174.02674615221753,74.1203908162523,61.48747970090978,24.227695912536795,48.559605688352114,K
2486,587212.2009958888,517577.01169494784,49.41238679853588,177.346521276941,73.54504196575664,72.06122091682123,24.13265516722076,48.839282477113265,K
2487,587212.4341413609,517577.01169494784,48.88356567919329,180.83896222384308,72.71830626570507,84.06263061090401,23.834740586511778,48.75818745083228,K
2488,587212.667286833,517577.01169494784,48.33391038126022,184.20098525696278,71.83347715413521,94.16737680776795,23.499566772874992,48.61921286216918,K
2489,587212.9004323054,517577.01169494784,47.790273083300484,187.22117842885189,70.96845657746483,101.54243552971474,23.17818349416435,48.499792946911576,K
2490,587213.1335777775,517577.01169494784,47.276164285935785,189.8005347551552,70.15168979123999,106.50185671323119,22.875525505304203,48.38701669396952,K
2491,587213.3667232497,517577.01169494784,46.80992192567307,191.93714006757713,69.39058910570455,109.92672749219234,22.580667180031476,48.239061829426014,K
2492,587213.599868722,517577.01169494784,46.40374415153641,193.68954498132598,68.68345551404468,112.93608123560323,22.279711362508273,48.012745027107044,K
2493,587213.8330141942,517577.01169494784,46.063596498035864,195.13702535848918,68.02595676284447,116.5456551599572,21.96236026480861,47.67834458115982,K
2494,587214.0661596663,517577.01169494784,45.78985788287491,196.35042381115395,67.41515423351265,121.33536760830317,21.62529635063774,47.22726243429869,K
2495,587214.2993051386,517577.01169494784,45.578473677993024,197.37891068506696,66.85080712753121,127.31689675804222,21.272333449538188,46.67188638177074,K
2496,587214.5324506108,517577.01169494784,45.422349213424,198.25041224320498,66.33401244253128,134.08555368401807,20.911663229107276,46.038268806508796,K
2497,587214.7655960829,517577.01169494784,45.31273843396219,198.97944821992573,65.86484101480241,141.1000169350323,20.55210258084022,45.356125652817056,K
2498,587214.9987415553,517577.01169494784,45.240443239939275,199.57603461136046,65.44063027961518,147.8960626808765,20.200187039675903,44.65072751949239,K
2499,587215.2318870274,517577.01169494784,45.1967175360285,200.05168845089017,65.05537596236195,154.17776618113174,19.85865842633345,43.938275850460045,K
2500,587215.4650324997,517577.01169494784,45.17384593789365,200.42147494862184,64.69992060496425,159.8253972670087,19.526074667070596,43.22429109515188,K
2501,587208.7038138055,517577.24484041997,48.62481873943728,186.04535757865318,58.97740756083121,204.2239756656487,10.35258882139393,21.290750464016508,K
2502,587208.9369592778,517577.24484041997,48.789358789215974,184.2700443331548,59.79126227752505,197.98381696325256,11.001903488309075,22.5498013528738,K
2503,587209.17010475,517577.24484041997,49.007747867405016,182.43182854566533,60.670861673260006,191.47303122504482,11.66311380585499,23.798510058880122,K
2504,587209.4032502221,517577.24484041997,49.27589989354696,180.5717868870288,61.61785512022259,184.64588304739547,12.34195522667563,25.04663588760131,K
2505,587209.6363956945,517577.24484041997,49.5824185005208,178.66546869428848,62.63312308408027,177.40471190947514,13.050704583559465,26.321234377509004,K
2506,587209.8695411666,517577.24484041997,49.90932764190641,176.64872259861892,63.71642670942619,169.5890892438438,13.807099067519779,27.664366001049146,K
2507,587210.1026866387,517577.24484041997,50.23339915921771,174.47298276771127,64.86573258083735,160.98002670662513,14.632333421619634,29.12869458672624,K
2508,587210.3358321111,517577.24484041997,50.52806075409145,172.16903634141804,66.0759423940818,151.32802108297713,15.547881639990358,30.770786386713617,K
2509,587210.5689775832,517577.24484041997,50.76580988379109,169.8897247402384,67.33650542459822,140.41467338334175,16.570695540807122,32.64144820842885,K
2510,587210.8021230553,517577.24484041997,50.92096386245378,167.9067291398819,68.62688391814726,128.1640876584241,17.705920055693475,34.77137648753113,K
2511,587211.0352685277,517577.24484041997,50.97246826176185,166.55430822005425,69.90796051294956,114.83669625912495,18.93549225118771,37.14847033490156,K
2512,587211.2684139998,517577.24484041997,50.90640192523335,166.13630082782814,71.10691679151435,101.3507754928944,20.200514866281004,39.681678732568194,K
2513,587211.501559472,517577.24484041997,50.71779459362487,166.83066444133843,72.0986065156779,89.66879166342746,21.380811922053027,42.15643068348353,K
2514,587211.7347049443,517577.24484041997,50.411434888735606,168.62899119153235,72.71564311797847,82.605677472344,22.304208229242867,44.24434313062318,K
2515,587211.9678504164,517577.24484041997,50.001490433247454,171.33468708593614,72.84843662503823,81.86932323267095,22.846946191790778,45.69253035025366,K
2516,587212.2009958888,517577.24484041997,49.5099604653371,174.6192734602758,72.55655569597859,85.97293409431445,23.046595230641486,46.54941150029167,K
2517,587212.4341413609,517577.24484041997,48.964188353918985,178.11322130735343,72.00359868270606,91.67890687409444,23.03941032878707,47.05359386794175,K
2518,587212.667286833,517577.24484041997,48.39382629430896,181.49642754859684,71.33132997688503,96.50940530945225,22.93750368257607,47.39758237565416,K
2519,587212.9004323054,517577.24484041997,47.827727611992515,184.5579537453004,70.62448408182276,99.39967777925249,22.796756469830243,47.66431024022578,K
2520,587213.1335777775,517577.24484041997,47.29122624195,187.21103765424002,69.9250867477996,100.42682508412194,22.633860505849597,47.860591286110655,K
2521,587213.3667232497,517577.24484041997,46.80415727556353,189.46864845616182,69.24925850574829,100.51687589894694,22.445101230184754,47.95535810641195,K
2522,587213.599868722,517577.24484041997,46.379808040107875,191.3981186973637,68.59865191223206,101.14029985802382,22.218843872124182,47.9062868326449,K
2523,587213.8330141942,517577.24484041997,46.024808364723945,193.07622625299996,67.96973792471275,103.75373710121734,21.9449295599888,47.68065384669511,K
2524,587214.0661596663,517577.24484041997,45.73981265072708,194.55977348825581,67.36176749179168,109.06805565796058,21.6219548410646,47.27162965482959,K
2525,587214.2993051386,517577.24484041997,45.520724300596356,195.8762717252865,66.77967690726078,116.74821748943133,21.258952606664423,46.70170111152189,K
2526,587214.5324506108,517577.24484041997,45.360176652292985,197.03031599842208,66.23080502651531,125.8290672604413,20.870628374222328,46.0109062938742,K
2527,587214.7655960829,517577.24484041997,45.24900826895771,198.01693499774902,65.72028882343884,135.31540784527547,20.471280554481126,45.24139055777956,K
2528,587214.9987415553,517577.24484041997,45.17753618447257,198.83384329514698,65.24890888418375,144.49167785930464,20.071372699711176,44.42777184163856,K
2529,587215.2318870274,517577.24484041997,45.13651512700285,199.48811261893965,64.81312206442794,152.95972184696205,19.676606937425092,43.59354478754074,K
2530,587215.4650324997,517577.24484041997,45.11775208161539,199.99675278863378,64.40595909162127,160.5715976419146,19.288207010005877,42.75081563264639,K
2531,587215.6981779719,517577.24484041997,45.11440842715723,200.3832735906256,64.01809957625122,167.35118741988043,18.903691149093987,41.90167134656399,K
2532,587208.9369592778,517577.4779858922,48.6568090115163,187.0896918403044,59.70582152367199,205.7583791667427,11.049012512155691,22.708049986468623,K
2533,587209.17010475,517577.4779858922,48.84354278358985,185.55812714522548,60.55767762966572,199.5757304323079,11.714134846075872,23.982975391399158,K
2534,587209.4032502221,517577.4779858922,49.09448818441714,183.7798058434423,61.46919929985357,193.0297554539673,12.374711115436433,25.20590716610064,K
2535,587209.6363956945,517577.4779858922,49.39732557904062,181.72153200195243,62.43973300790335,186.03304117319666,13.042407428862731,26.403063882463808,K
2536,587209.8695411666,517577.4779858922,49.73221041976216,179.33983048777503,63.466919578959036,178.4637537748586,13.734709159196875,27.617330987844234,K
2537,587210.1026866387,517577.4779858922,50.073350871774366,176.63389110364676,64.5458023648999,170.1778458460372,14.472451493125533,28.902502511138007,K
2538,587210.3358321111,517577.4779858922,50.39120507472918,173.70018153366547,65.66733809932947,161.04059019380713,15.276133024600291,30.31507780364864,K
2539,587210.5689775832,517577.4779858922,50.65519458570196,170.761614708285,66.81594301215534,150.98439799030336,16.16074842645338,31.903437660497993,K
2540,587210.8021230553,517577.4779858922,50.83673608344229,168.15028702251942,67.96557689918153,140.1005175694518,17.128840815739238,33.693824850644106,K
2541,587211.0352685277,517577.4779858922,50.91228805370366,166.24053418922733,69.07402957085206,128.76803905535414,18.1617415171484,35.67260913120012,K
2542,587211.2684139998,517577.4779858922,50.86603054394158,165.3513010953461,70.07658779883744,117.79356642205721,19.21055725489586,37.766967560601095,K
2543,587211.501559472,517577.4779858922,50.69178115058663,165.6529486695033,70.88540376875542,108.43378927664064,20.193622618168796,39.83608813858991,K
2544,587211.7347049443,517577.4779858922,50.39382118154317,167.11490173118952,71.40883949306316,102.02184401249549,21.015018311519988,41.70157733388311,K
2545,587211.9678504164,517577.4779858922,49.98645951770465,169.5152536318657,71.59688805522443,99.09993039978583,21.610428537519773,43.23256487062381,K
2546,587212.2009958888,517577.4779858922,49.492368931872235,172.5083334504457,71.47624899430876,98.8066342832999,21.983880062436526,44.418726637833835,K
2547,587212.4341413609,517577.4779858922,48.93994304335817,175.72319955256683,71.13047415720389,99.36688389177075,22.190531113845722,45.34237216865189,K
2548,587212.667286833,517577.4779858922,48.36009002793386,178.85575591249506,70.6510012965629,99.11301457265292,22.29091126862904,46.09360994934731,K
2549,587212.9004323054,517577.4779858922,47.782961688370314,181.72361503046184,70.10742569853574,97.10969166763039,22.32446401016542,46.72055314561817,K
2550,587213.1335777775,517577.4779858922,47.23509651368291,184.27146226531818,69.54186851296679,93.37078991322485,22.306771999283875,47.22499506870303,K
2551,587213.3667232497,517577.4779858922,46.737343022910736,186.5356546743566,68.9725322184261,88.99292039303113,22.23518919551536,47.57478229906143,K
2552,587213.599868722,517577.4779858922,46.303757427132226,188.59048384329506,68.39923319426175,86.16638409754557,22.09547576712953,47.71853731719497,K
2553,587213.8330141942,517577.4779858922,45.94148133603103,190.5002808826977,67.81374445958232,87.41141985093125,21.872263123551292,47.6089635934253,K
2554,587214.0661596663,517577.4779858922,45.65144339746278,192.29306309493765,67.21594436591899,93.7938775014587,21.56450096845621,47.23728181101657,K
2555,587214.2993051386,517577.4779858922,45.42962349322327,193.9587322546251,66.62008452353675,104.13717437154355,21.19046103031348,46.64458870867476,K
2556,587214.5324506108,517577.4779858922,45.2685813801146,195.46442665544615,66.04410773373061,116.3682969448417,20.775526353616016,45.893919624223535,K
2557,587214.7655960829,517577.4779858922,45.15897753639038,196.7752895334063,65.49971872210872,128.85069947081845,20.340741185718343,45.042519329245664,K
2558,587214.9987415553,517577.4779858922,45.09088348007389,197.87067176410014,64.99089142364451,140.65565010499301,19.90000794357062,44.13310719973946,K
2559,587215.2318870274,517577.4779858922,45.05476742994101,198.75096709206187,64.51585004906686,151.37176210172623,19.461082619125847,43.194280492929686,K
2560,587215.4650324997,517577.4779858922,45.04212603138025,199.4355725385052,64.06912053832797,160.8969279452276,19.026994506947716,42.24266521898159,K
2561,587215.6981779719,517577.4779858922,45.04579783389506,199.95564409247882,63.64304397540448,169.3019536303021,18.597246141509423,41.28519647956103,K
2562,587215.931323444,517577.4779858922,45.06003201150707,200.34586324188527,63.22892159526936,176.74926717724117,18.168889583762294,40.32151947677815,K
2563,587209.4032502221,517577.71113136446,48.86558422764792,186.47402608712943,61.24048240846259,200.91385014412586,12.374898180814668,25.32436350942676,K
2564,587209.6363956945,517577.71113136446,49.150474505078954,184.43112228841264,62.15858488565228,194.24662976871548,13.008110380573328,26.4658897224464,K
2565,587209.8695411666,517577.71113136446,49.47893603253095,181.9136546186415,63.12175472601848,187.05141109932066,13.642818693487527,27.572983146844088,K
2566,587210.1026866387,517577.71113136446,49.823065273634064,178.95760787890558,64.12277379441184,179.2442446197416,14.299708520777777,28.70098104611211,K
2567,587210.3358321111,517577.71113136446,50.15092001813505,175.7027648443408,65.15005138709533,170.76985837124852,14.999131368960285,29.90798845472118,K
2568,587210.5689775832,517577.71113136446,50.42948892552387,172.41072829307743,66.18566633765094,161.6463774715665,15.756177412127073,31.243975990707295,K
2569,587210.8021230553,517577.71113136446,50.62793781095667,169.43818815413772,67.20281047533331,152.0250442409695,16.57487266437664,32.73858936594803,K
2570,587211.0352685277,517577.71113136446,50.72081388612064,167.16537116272409,68.1631228651701,142.2530800381672,17.442308979049457,34.38885862165239,K
2571,587211.2684139998,517577.71113136446,50.69081975106987,165.9001548691508,69.01568354444542,132.90248048371913,18.324863793375556,36.15026129655123,K
2572,587211.501559472,517577.71113136446,50.530762473778864,165.79234849564477,69.7014794218588,124.68876779978585,19.170716948079942,37.93870507698731,K
2573,587211.7347049443,517577.71113136446,50.2443606046051,166.79217933096083,70.16750172159269,118.2024969135866,19.923141116987587,39.6524920951259,K
2574,587211.9678504164,517577.71113136446,49.84574993014219,168.6707976329288,70.38776802356963,113.52004738241524,20.542018093427444,41.21117271225063,K
2575,587212.2009958888,517577.71113136446,49.35773784733041,171.0954840466912,70.37654421710943,109.9930874970327,21.018806369779014,42.58462256676508,K
2576,587212.4341413609,517577.71113136446,48.80906920816875,173.73002736707798,70.18091604240028,106.45487981555976,21.371846834231533,43.78663060154139,K
2577,587212.667286833,517577.71113136446,48.23113221988676,176.321991635021,69.859781193221,101.68367165883764,21.628648973334236,44.84375128232273,K
2578,587212.9004323054,517577.71113136446,47.65461216015671,178.74696086044045,69.46564659524138,94.82428094410373,21.81103443508467,45.768989498398525,K
2579,587213.1335777775,517577.71113136446,47.10657690191383,181.00036124841233,69.03539450011269,85.73781612611532,21.928817598198854,46.55149883605305,K
2580,587213.3667232497,517577.71113136446,46.608362166166096,183.14959606382732,68.58585896344543,75.53253013721455,21.977496797279336,47.15354879651451,K
2581,587213.599868722,517577.71113136446,46.17444887942392,185.27278212155693,68.10937390282065,67.47701229154524,21.93492502339673,47.50446525236447,K
2582,587213.8330141942,517577.71113136446,45.812334238532515,187.4105600303164,67.5792171676179,66.77433162317901,21.766882929085384,47.51314965910942,K
2583,587214.0661596663,517577.71113136446,45.52323488053665,189.5465075176185,66.98990295241725,75.59893723391478,21.466668071880605,47.1554100410791,K
2584,587214.2993051386,517577.71113136446,45.30335519764685,191.6166311605016,66.37694552092867,90.32901108453538,21.07359032328182,46.51662163065667,K
2585,587214.5324506108,517577.71113136446,45.14541826506943,193.5367235589855,65.77619152662223,106.7542781894638,20.630773261552797,45.6984873645872,K
2586,587214.7655960829,517577.71113136446,45.040184848551135,195.23229661184928,65.20517828630051,122.65247255178174,20.164993437749374,44.77111607235788,K
2587,587214.9987415553,517577.71113136446,44.9777580100291,196.6590862802153,64.66890671532042,137.1519657979416,19.69114870529132,43.77974709388717,K
2588,587215.2318870274,517577.71113136446,44.94856169914053,197.8092898321841,64.16588099020939,150.01346630324966,19.21731929106886,42.75402496680182,K
2589,587215.4650324997,517577.71113136446,44.94396790599729,198.70555403816414,63.6912353833477,161.27877378586507,18.747267477350412,41.7125330735402,K
2590,587215.6981779719,517577.71113136446,44.95661193239546,199.38853477657116,63.23835929724348,171.11494847492062,18.281747364848016,40.665313908307,K
2591,587209.6363956945,517577.9442768366,48.846126132070985,186.7151924656564,61.8056420822981,202.06761713949433,12.959515950227114,26.531307549726574,K
2592,587209.8695411666,517577.9442768366,49.15597481156845,184.29695403533236,62.70115600997232,195.3141491809585,13.545181198403874,27.55551334365183,K
2593,587210.1026866387,517577.9442768366,49.490670042525736,181.3760490919429,63.62238499098953,188.05016192453348,14.131714948463795,28.554301116393997,K
2594,587210.3358321111,517577.9442768366,49.81647939928778,178.11143556904398,64.55665460190119,180.26587886384337,14.740175202613408,29.588954057689083,K
2595,587210.5689775832,517577.9442768366,50.09866153887761,174.77148443271716,65.4859201517683,172.01361658745867,15.38725861289069,30.713911590132717,K
2596,587210.8021230553,517577.9442768366,50.304851824035836,171.70245142377854,66.38547073777447,163.43914494553883,16.080618913738633,31.966337899151224,K
2597,587211.0352685277,517577.9442768366,50.40833580640938,169.25817218611905,67.22324622890346,154.80148351771174,16.81491042249408,33.357400424943364,K
2598,587211.2684139998,517577.9442768366,50.390830510119805,167.71180138024633,67.96100825985934,146.45543936861966,17.570177749739535,34.86780744010754,K
2599,587211.501559472,517577.9442768366,50.24439637738449,167.182122029216,68.55901927372665,138.76459760252905,18.314622896342158,36.45107557623233,K
2600,587211.7347049443,517577.9442768366,49.972184537119546,167.60492189495628,68.98489462108937,131.9351927344128,19.01271008396982,38.04658583586055,K
2601,587211.9678504164,517577.9442768366,49.58788108678674,168.76336158066064,69.22394015296115,125.82974521444842,19.63605906617441,39.59850398085807,K
2602,587212.2009958888,517577.9442768366,49.11391406122546,170.3669411387206,69.28489280254318,119.88199433763403,20.170978741317725,41.0697846564877,K
2603,587212.4341413609,517577.9442768366,48.578694332936905,172.14804630532944,69.19673494076865,113.19001827090435,20.618040607831745,42.44255818512701,K
2604,587212.667286833,517577.9442768366,48.01331981105183,173.93824507881143,68.99888251603264,104.73309094868519,20.985562704980808,43.70779356138231,K
2605,587212.9004323054,517577.9442768366,47.448245393652144,175.69677651561807,68.73084842439124,93.60488467986066,21.282603030739097,44.854352050679594,K
2606,587213.1335777775,517577.9442768366,46.91039379983146,177.48564917193517,68.42491809962993,79.26038195439273,21.514524299798474,45.863022151555185,K
2607,587213.3667232497,517577.9442768366,46.42106544910478,179.40846692530064,68.09999784863842,62.0613452012678,21.678932399533643,46.700635131483644,K
2608,587213.599868722,517577.9442768366,45.994831319073135,181.5429427331613,67.74598975061942,45.41179622089502,21.75115843154628,47.29044070333726,K
2609,587213.8330141942,517577.9442768366,45.639404626664145,183.89525523783365,67.28640699291145,41.184779817605644,21.647002366247307,47.430509979966665,K
2610,587214.0661596663,517577.9442768366,45.356327253728615,186.39076395548642,66.68458132078369,56.13122889374825,21.328254067055077,47.02376792490786,K
2611,587214.2993051386,517577.9442768366,45.14220476697093,188.89814766666493,66.04447335163673,77.71633111197526,20.902268584665798,46.303162844095965,K
2612,587214.5324506108,517577.9442768366,44.990191234186604,191.2712226579975,65.42337263635483,98.93992486122089,20.433181402168223,45.4169694363106,K
2613,587214.7655960829,517577.9442768366,44.891455347279454,193.38920504263572,64.83592490825853,118.1069522007936,19.94446956097908,44.42820890231568,K
2614,587214.9987415553,517577.9442768366,44.83643286625025,195.18139419456935,64.28401468402372,134.94330610228076,19.447581817773468,43.37450723563751,K
2615,587215.2318870274,517577.9442768366,44.81576160338987,196.6317594029618,63.764941200005346,149.56872796945282,18.949179596615473,42.282400027721835,K
2616,587215.4650324997,517577.9442768366,44.820880376643764,197.76752655986246,63.273885283188704,162.22508071843748,18.45300490654494,41.17055432976464,K
2617,587209.8695411666,517578.1774223088,48.77423200004352,186.4125459684145,62.223840540954534,203.20759022824925,13.449608540911015,27.575233867135037,K
2618,587210.1026866387,517578.1774223088,49.09003895929125,183.78132249833303,63.06715617923793,196.4919002862546,13.977117219946678,28.47241011875635,K
2619,587210.3358321111,517578.1774223088,49.40416461119223,180.78108345554998,63.913649763355735,189.3598799283275,14.509485152163506,29.36895151725016,K
2620,587210.5689775832,517578.1774223088,49.68083568179626,177.6592026793651,64.74651306096942,181.86647185900193,15.06567737917316,30.324927454256635,K
2621,587210.8021230553,517578.1774223088,49.88688342446126,174.72259992424753,65.54432049591179,174.1235150769468,15.65743707145053,31.38587940687662,K
2622,587211.0352685277,517578.1774223088,49.99499847183071,172.2733833357066,66.28133380214821,166.29776903242,16.2863353303175,32.57592924919061,K
2623,587211.2684139998,517578.1774223088,49.986433347255954,170.53266135503864,66.92921583022692,158.58102810568607,16.94278248297097,33.89476173518801,K
2624,587211.501559472,517578.1774223088,49.85280746997217,169.58203144251735,67.460713365944,151.12179431224197,17.607905895971832,35.31978797097355,K
2625,587211.7347049443,517578.1774223088,49.59675334738557,169.3488437796336,67.85505992551788,143.92534675675338,18.258306578132306,36.813511663248356,K
2626,587211.9678504164,517578.1774223088,49.23129384639159,169.64493172840315,68.10339552605132,136.75790490146483,18.87210167965973,38.333548044752355,K
2627,587212.2009958888,517578.1774223088,48.77803285336015,170.2456850784566,68.21154922624827,129.10634318650554,19.433516372888114,39.840713608337744,K
2628,587212.4341413609,517578.1774223088,48.26443324120435,170.97791752936098,68.19853758930691,120.22012183932668,19.934104348102558,41.301851092875566,K
2629,587212.667286833,517578.1774223088,47.72060136853504,171.7803983439673,68.09166000280678,109.21069446285792,20.371058634271733,42.688185081639716,K
2630,587212.9004323054,517578.1774223088,47.176061528178145,172.71296831151292,67.9207575391186,95.15528651182863,20.74469601094045,43.972928936744104,K
2631,587213.1335777775,517578.1774223088,46.656972856553494,173.913152826285,67.71376292604359,77.16928290817052,21.05679006949009,45.13106783466006,K
2632,587213.3667232497,517578.1774223088,46.18412587510019,175.52188147113947,67.4940753012952,54.46061980485097,21.309949426195004,46.141285609313854,K
2633,587213.599868722,517578.1774223088,45.771887122901106,177.6115636354833,67.27765755631667,26.61403687272668,21.505770433415563,46.98467069026646,K
2634,587213.8330141942,517578.1774223088,45.428079836169246,180.14567502313662,66.93727031197255,12.273862526622416,21.509190475803308,47.347786992920554,K
2635,587214.0661596663,517578.1774223088,45.15463654581303,182.98258628407513,66.25925464043767,42.84612061499582,21.104618094624648,46.73854051114398,K
2636,587214.2993051386,517578.1774223088,44.94876415302493,185.9166088158768,65.60075699009698,71.08158267287988,20.65199283707205,45.94562993270245,K
2637,587214.5324506108,517578.1774223088,44.804334311106274,188.735531953237,64.9777024512622,95.59904738513747,20.17336814015593,45.02548347237753,K
2638,587214.7655960829,517578.1774223088,44.7132450241974,191.27132804093293,64.3906509123201,116.75989129490227,19.6774058881227,44.0080022764483,K
2639,587214.9987415553,517578.1774223088,44.666573484375945,193.42816832407433,63.83764762462323,134.98429258463364,19.171074140247285,42.92040477864995,K
2640,587215.2318870274,517578.1774223088,44.65542992364842,195.18398873664262,63.31527864353082,150.67127123446917,18.659848719882397,41.786292846775616,K
2641,587215.4650324997,517578.1774223088,44.67150418440067,196.57231347073017,62.819163975751366,164.1887799217804,18.147659791350698,40.624689324179684,K
2642,587210.1026866387,517578.4105677811,48.64038951329721,186.02146935182128,62.475645464200156,204.5047747355741,13.835255950902948,28.443966196283633,K
2643,587210.3358321111,517578.4105677811,48.936537490988826,183.49810849752038,63.24144655265867,197.9621749703544,14.304909061669846,29.231551301119232,K
2644,587210.5689775832,517578.4105677811,49.201276595932534,180.79760298034958,63.98855676794885,191.11369105524506,14.787280172016317,30.05466767347817,K
2645,587210.8021230553,517578.4105677811,49.40130816762608,178.16831005677602,64.69900751083821,184.03155950964734,15.297699343212138,30.96618269966605,K
2646,587211.0352685277,517578.4105677811,49.5093608158014,175.8455341203307,65.35247909344342,176.80722127759435,15.84311827764202,32.00024806740291,K
2647,587211.2684139998,517578.4105677811,49.50673557192386,173.98978533823626,65.92790723774526,169.52291416255156,16.421171665821397,33.169570718240074,K
2648,587211.501559472,517578.4105677811,49.384939355935366,172.64467754049585,66.40613074656939,162.20351424907506,17.021191390634023,34.466360822995156,K
2649,587211.7347049443,517578.4105677811,49.14619024563431,171.73574250815744,66.7732063052998,154.7570326828019,17.627016059665486,35.866495391738546,K
2650,587211.9678504164,517578.4105677811,48.80271936966529,171.11558300487013,67.02340374063554,146.92405646854897,18.220684370970254,37.33538746673989,K
2651,587212.2009958888,517578.4105677811,48.37496959659443,170.63995916670288,67.16064468052843,138.25990171769183,18.785675083934002,38.83346127261753,K
2652,587212.4341413609,517578.4105677811,47.888963105697925,170.24356966341355,67.19767848678059,128.16114676523807,19.308715381082663,40.319760815170525,K
2653,587212.667286833,517578.4105677811,47.373237701460894,169.9820497069967,67.15334131781938,115.92852140223988,19.78010361635849,41.753750801264125,K
2654,587212.9004323054,517578.4105677811,46.85580428070847,170.02031089318686,67.04897514683896,100.8513983333879,20.193170866130487,43.09641286948188,K
2655,587213.1335777775,517578.4105677811,46.361543016396226,170.57088642449236,66.9048778057826,82.32941848898797,20.54333478938638,44.311154143685464,K
2656,587213.3667232497,517578.4105677811,45.91034398107163,171.80812065126545,66.73607657071192,60.20298820272504,20.82573258964029,45.361743746085914,K
2657,587213.599868722,517578.4105677811,45.51613826156779,173.79411070942663,66.53799897571545,36.62073791349975,21.021860714147664,46.18551027624806,K
2658,587213.8330141942,517578.4105677811,45.18679698797207,176.44580596090432,66.19841543183361,28.461597443352435,21.011618443861536,46.49946410110559,K
2659,587214.0661596663,517578.4105677811,44.92473564842111,179.5535797667589,65.63298104531623,49.33667640563312,20.708245396895116,46.0954195901271,K
2660,587214.2993051386,517578.4105677811,44.72797589704238,182.8397899080837,65.02733027724933,75.03239580918756,20.299354380206957,45.38402190819738,K
2661,587214.5324506108,517578.4105677811,44.59139639784943,186.03155895388093,64.43717846921619,98.72847479181249,19.845782071366763,44.5058546592721,K
2662,587214.7655960829,517578.4105677811,44.50794087624248,188.9205830240322,63.8722149016851,119.65057561044335,19.36427402544262,43.507458768506886,K
2663,587214.9987415553,517578.4105677811,44.469625763482476,191.39270170129302,63.333890981427004,137.89572102259757,18.864265217944528,42.42056211193814,K
2664,587215.2318870274,517578.4105677811,44.46827661393789,193.4247413807073,62.82085269157949,153.73570536561385,18.3525760776416,41.27116559288756,K
2665,587210.3358321111,517578.6437132533,48.44114731213585,186.0170995073946,62.55527308790757,206.0432177960324,14.114125775771726,29.136646340818082,K
2666,587210.5689775832,517578.6437132533,48.690690110998574,183.87321971062588,63.22669473788577,199.7457359105119,14.536004626887198,29.85376587136051,K
2667,587210.8021230553,517578.6437132533,48.88122449617198,181.66952276133432,63.86201262946251,193.20648382345053,14.980788133290531,30.64732581415532,K
2668,587211.0352685277,517578.6437132533,48.986076995773765,179.5707531010029,64.44523771453592,186.46353789578237,15.459160718762156,31.55827465035807,K
2669,587211.2684139998,517578.6437132533,48.98707348182987,177.67765273234414,64.96052365196427,179.53260143069573,15.973450170134399,32.607479963176864,K
2670,587211.501559472,517578.6437132533,48.87594536517374,176.00042391104017,65.39400486853441,172.3754029651796,16.518059503360668,33.795887486056714,K
2671,587211.7347049443,517578.6437132533,48.65465722260962,174.4693633816596,65.73585477696173,164.86581153270402,17.08119755435211,35.10701447592266,K
2672,587211.9678504164,517578.6437132533,48.334621534113154,172.9841074316794,65.98199559440114,156.76584966356253,17.647374060287987,36.51083529811646,K
2673,587212.2009958888,517578.6437132533,47.934920343063915,171.48435090040167,66.13483629075331,147.7249550189837,18.199915947689398,37.967969525003895,K
2674,587212.4341413609,517578.6437132533,47.47980129576466,170.01181408590668,66.2026821469492,137.31192971451117,18.72288085118454,39.43335974503052,K
2675,587212.667286833,517578.6437132533,46.99582175873199,168.73325482509472,66.1979003316479,125.08616710029098,19.20207857291591,40.85911864994274,K
2676,587212.9004323054,517578.6437132533,46.5090529981144,167.9091366858914,66.13416998929694,110.72795307658019,19.625116991182537,42.19633754309767,K
2677,587213.1335777775,517578.6437132533,46.04271684714585,167.81614674138527,66.02279164683296,94.30807251744966,19.98007479968711,43.394647770281736,K
2678,587213.3667232497,517578.6437132533,45.61552002856615,168.6529473472319,65.86656914538081,76.96609083576995,20.251049116814656,44.39508549750762,K
2679,587213.599868722,517578.6437132533,45.240803237071155,170.4668141351465,65.64735328290645,62.60586840075051,20.406550045835296,45.10651576830048,K
2680,587213.8330141942,517578.6437132533,44.9264687678003,173.12999530435815,65.3182375591236,59.158449414800764,20.3917687913233,45.38920896880836,K
2681,587214.0661596663,517578.6437132533,44.67552605655762,176.37322589056734,64.86586458528923,70.01335221566679,20.19033852873161,45.1932865953752,K
2682,587214.2993051386,517578.6437132533,44.48702261324924,179.86045452817467,64.34876774163051,88.30102557771318,19.861745128381273,44.64615512944217,K
2683,587214.5324506108,517578.6437132533,44.35711644580879,183.2743740495379,63.816668728249894,108.00569310519192,19.459552282441102,43.870192297587444,K
2684,587214.7655960829,517578.6437132533,44.28008730359009,186.3823385444568,63.29131821864418,126.7279537186972,19.011230915054085,42.93404117455909,K
2685,587214.9987415553,517578.6437132533,44.24915826329222,189.06468618713123,62.78093790058483,143.71983401150968,18.53177963729261,41.88052465772218,K
2686,587210.5689775832,517578.87685872545,48.18303713766042,186.5961341915798,62.47100911973159,207.79656841446257,14.28797198207117,29.653531265059097,K
2687,587210.8021230553,517578.87685872545,48.362978349347486,184.88851211337823,63.04130406548712,201.7272556109764,14.678325716139632,30.35033452677687,K
2688,587211.0352685277,517578.87685872545,48.46301773226432,183.08573753572944,63.564540227661006,195.4087313409337,15.101522495396686,31.160920640199482,K
2689,587211.2684139998,517578.87685872545,48.46592809529018,181.23777791649871,64.02858957008452,188.82176569809627,15.56266147479434,32.11051987737895,K
2690,587211.501559472,517578.87685872545,48.364001738305426,179.33031812828642,64.42309532857567,181.90409766766518,16.059093590270244,33.204641909420545,K
2691,587211.7347049443,517578.87685872545,48.15916781305806,177.3043021953403,64.74076163989926,174.5335395661715,16.5815938268412,34.43081469182946,K
2692,587211.9678504164,517578.87685872545,47.86210430638849,175.10667465251433,64.97833947991651,166.52131248559732,17.116235173528025,35.76156005168248,K
2693,587212.2009958888,517578.87685872545,47.49048652448349,172.75408129271082,65.13696789212048,157.62492812124236,17.646481367636994,37.15792921712738,K
2694,587212.4341413609,517578.87685872545,47.06663410375074,170.3808890464599,65.22166119519191,147.59011241231568,18.155027091441177,38.57303042197871,K
2695,587212.667286833,517578.87685872545,46.6149001226544,168.24492101947706,65.23992209886552,136.23436984732498,18.625021976211123,39.955082875227575,K
2696,587212.9004323054,517578.87685872545,46.15916749563368,166.6798791681841,65.19955039014592,123.59786075661367,19.040382894512234,41.249407057251005,K
2697,587213.1335777775,517578.87685872545,45.720772360045395,166.0065185637254,65.10559686539492,110.21540588908846,19.38482450534952,42.398287484508,K
2698,587213.3667232497,517578.87685872545,45.3170716988412,166.43442506656143,64.95633202646825,97.57383288333739,19.63926032762705,43.33744346532709,K
2699,587213.599868722,517578.87685872545,44.96073748710506,167.99261227185804,64.73981474166474,88.56965923656952,19.779077254559688,43.99188794497069,K
2700,587213.8330141942,517578.87685872545,44.659724064056455,170.5163137613294,64.43952003326835,86.7673872970769,19.779795969211897,44.290009362443186,K
2701,587214.0661596663,517578.87685872545,44.41774948519105,173.69422456923266,64.05562506323427,93.39523036995797,19.63787557804322,44.211775260226815,K
2702,587214.2993051386,517578.87685872545,44.23507573320386,177.15615090764442,63.613392709206465,106.01988265469585,19.37831697600261,43.80758177713891,K
2703,587214.5324506108,517578.87685872545,44.109372716624925,180.56687318441217,63.14292237781664,121.29630085252089,19.033549661191714,43.15080557474789,K
2704,587214.7655960829,517578.87685872545,44.03649808430021,183.69362822164928,62.664832439711965,136.98512124592807,18.628334355411752,42.30203391684563,K
2705,587211.0352685277,517579.1100041977,47.978190911435306,186.11981253762914,62.71327559745282,203.76446468557205,14.735084686017515,30.712047299193806,K
2706,587211.2684139998,517579.1100041977,47.98166760863234,184.4071236884596,63.132752248450906,197.54602383227234,15.151084639818563,31.57681963744992,K
2707,587211.501559472,517579.1100041977,47.886974972424134,182.40526843434483,63.4924492004057,190.95950454932253,15.605474227981567,32.58813954518536,K
2708,587211.7347049443,517579.1100041977,47.69628050652358,180.07032659186999,63.78666138625802,183.9068525896839,16.09038087973444,33.73508522857187,K
2709,587211.9678504164,517579.1100041977,47.41972410179897,177.3915923472486,64.01253852875733,176.25876782209232,16.592814426958363,34.9913769876381,K
2710,587212.2009958888,517579.1100041977,47.07368551747447,174.4472872669349,64.17020694260674,167.87580858767038,17.096521425132266,36.31863797616988,K
2711,587212.4341413609,517579.1100041977,46.67858749533399,171.43977405738883,64.26232119574959,158.6540680759992,17.5837337004156,37.6698067442021,K
2712,587212.667286833,517579.1100041977,46.2565469369074,168.68735677681389,64.29302083882082,148.6049523426924,18.036473901913425,38.99226184460906,K
2713,587212.9004323054,517579.1100041977,45.82918933342181,166.56557670733298,64.26635450537286,137.9809239355217,18.43716517195105,40.23017958667097,K
2714,587213.1335777775,517579.1100041977,45.41588868222268,165.41296228354213,64.18433746398996,127.45227118437425,18.768448781767283,41.32573274760974,K
2715,587213.3667232497,517579.1100041977,45.03259681122763,165.4341965683616,64.04518177453878,118.28627529542871,19.01258496331115,42.21960604006494,K
2716,587213.599868722,517579.1100041977,44.691304611223366,166.63812173337482,63.84332966243909,112.31255195558896,19.152025051215723,42.854029923319935,K
2717,587213.8330141942,517579.1100041977,44.40006118975703,168.8355812332515,63.57388627594296,111.28854306803403,19.17382508618593,43.18423122040489,K
2718,587214.0661596663,517579.1100041977,44.16339148362079,171.69802065092898,63.24029038011855,115.77897888069006,19.07689889649776,43.19618185023891,K
2719,587214.2993051386,517579.1100041977,43.982915197034465,174.85335670067175,62.85667721754937,124.74638709452121,18.873762020514903,42.911575860682056,K
2720,587214.5324506108,517579.1100041977,43.85798337334787,177.98233485193725,62.44151476474808,136.3907597310009,18.583531391400207,42.37206082460523,K
2721,587211.2684139998,517579.34314966993,47.56948089155438,187.0269041449021,62.273243882066495,205.80630577996376,14.703762990512118,30.910076618310683,K
2722,587211.501559472,517579.34314966993,47.479333538949994,185.08643967978628,62.60139119114114,199.6316391652302,15.122057652191145,31.84976815183318,K
2723,587211.7347049443,517579.34314966993,47.29907402034933,182.6616403597997,62.87292200418871,193.0314938450165,15.573847983839379,32.92632743114398,K
2724,587211.9678504164,517579.34314966993,47.038604896160095,179.77523354570323,63.08519344817744,185.9330667582669,16.046588552017347,34.11365746803277,K
2725,587212.2009958888,517579.34314966993,46.71326822239901,176.54648932506663,63.237601825299585,178.28078602698292,16.524333602900576,35.373961685209515,K
2726,587212.4341413609,517579.34314966993,46.34179319000978,173.21560901991103,63.33122278382188,170.0777511548342,16.989429593812098,36.66113981423279,K
2727,587212.667286833,517579.34314966993,45.94420686611847,170.1258180031709,63.36807930650504,161.4486325173245,17.423872440386567,37.92398134363223,K
2728,587212.9004323054,517579.34314966993,45.539973086366835,167.659419524285,63.350133728829704,152.7226750414471,17.81016064246287,39.108851928141874,K
2729,587213.1335777775,517579.34314966993,45.146562259274326,166.14454736947317,63.2782439777913,144.51937111131028,18.131681718516973,40.161821434792046,K
2730,587213.3667232497,517579.34314966993,44.778559337422855,165.76524615072643,63.15158520696994,137.78039682222337,18.373025869547085,41.0308552606608,K
2731,587213.599868722,517579.34314966993,44.447308785304394,166.51011764039063,62.96833984881623,133.63872409386386,18.521031063511835,41.66963438208308,K
2732,587213.8330141942,517579.34314966993,44.16099835633621,168.18129511258323,62.728159642554424,133.04291688682366,18.567161286218216,42.044251663876175,K
2733,587214.0661596663,517579.34314966993,43.92501961480334,170.4613085004158,62.435179584696414,136.29259224561923,18.510159969893074,42.14035675388724,K
2734,587214.2993051386,517579.34314966993,43.742425245172605,173.0117266279588,62.09878146214653,142.88215012584996,18.35635621697393,41.96465128325213,K
2735,587214.5324506108,517579.34314966993,43.61433163198523,175.5655927238653,61.73117340542362,151.80397815516739,18.116841773438388,41.538735309088466,K
2736,587211.501559472,517579.57629514206,47.16958736767046,187.29766085687396,61.749409477095085,207.9536509800496,14.579822109424626,30.90936962365179,K
2737,587211.7347049443,517579.57629514206,46.99469452587777,185.00519890277764,61.999212692283834,201.89063458499504,15.004518166406065,31.928110859713712,K
2738,587211.9678504164,517579.57629514206,46.744142579533225,182.18671553607356,62.19697915746649,195.4433182954227,15.452836577933262,33.05833784765845,K
2739,587212.2009958888,517579.57629514206,46.43261722450836,178.98030847937082,62.341642164942954,188.6156228549476,15.909024940434591,34.26260652832076,K
2740,587212.4341413609,517579.57629514206,46.07750283243811,175.63348205620562,62.43330313039509,181.4747897738803,16.355800297956982,35.49628190016118,K
2741,587212.667286833,517579.57629514206,45.697032863714924,172.47985697055827,62.47275715013842,174.19418215704758,16.775724286423497,36.710751738422,K
2742,587212.9004323054,517579.57629514206,45.30874204108418,169.8756200275527,62.4609051042115,167.09920320963445,17.15216306312732,37.856189093871585,K
2743,587213.1335777775,517579.57629514206,44.92836409579857,168.11316857811985,62.39825161110602,160.69733462111935,17.469887515307448,38.88387184108741,K
2744,587213.3667232497,517579.57629514206,44.56922433793262,167.3429225405278,62.28479372053877,155.6565966005682,17.715569382606155,39.74843548607269,K
2745,587213.599868722,517579.57629514206,44.24207957427525,167.53514173840787,62.120607819665345,152.69087677478714,17.878528245390093,40.41068687871002,K
2746,587213.8330141942,517579.57629514206,43.95527985105398,168.49957131550605,61.90711816062537,152.35033190636378,17.951838309571393,40.841142111715925,K
2747,587214.0661596663,517579.57629514206,43.71508452015957,169.95721841747533,61.64836269671983,154.80886617388975,17.933278176560258,41.023089337251946,K
2748,587214.2993051386,517579.57629514206,43.5259678863473,171.63641007317577,61.351237175652635,159.79473265294013,17.825269289305332,40.95318301904217,K
2749,587211.7347049443,517579.8094406143,46.80262458546527,187.02787522318422,61.16524906016241,210.43772064410493,14.362624474697142,30.687647545213757,K
2750,587211.9678504164,517579.8094406143,46.55444271779358,184.52133519490266,61.348356731228435,204.67648509712453,14.793914013434858,31.77766320416177,K
2751,587212.2009958888,517579.8094406143,46.24836023678511,181.6051450096611,61.48403855501738,198.68143516830173,15.235678318232267,32.94317515308161,K
2752,587212.4341413609,517579.8094406143,45.90087245428537,178.50757049585778,61.5718469974159,192.5508055775138,15.670974543130534,34.14090779807709,K
2753,587212.667286833,517579.8094406143,45.52882633505248,175.52429013057514,61.611913355405065,186.46613799720794,16.083087020352586,35.325063953977384,K
2754,587212.9004323054,517579.8094406143,45.14816008853425,172.95974944690258,61.60462780127087,180.7135866521177,16.456467712736625,36.449918846008266,K
2755,587213.1335777775,517579.8094406143,44.773113599187965,171.05211817756435,61.550417285760645,175.68708616819225,16.77730368657268,37.471827036118754,K
2756,587213.3667232497,517579.8094406143,44.41590148836211,169.91016299792986,61.44977744695359,171.85531825302317,17.03387595859148,38.35085045623741,K
2757,587213.599868722,517579.8094406143,44.08675375910166,169.4895936958581,61.30365595958115,169.68010669117137,17.21690220047949,39.05232463827092,K
2758,587213.8330141942,517579.8094406143,43.79416872285875,169.62233815388086,61.11409234731076,169.49873167578815,17.31992362445201,39.54846987519534,K
2759,587214.0661596663,517579.8094406143,43.545202371195515,170.09002184137057,60.884767586908815,171.4183389200905,17.3395652157133,39.819691427552435,K
2760,587211.9678504164,517580.04258608655,46.47950331734399,186.63552618070364,60.53943489261178,213.5330242279834,14.05993157526779,30.249745741197017,K
2761,587212.2009958888,517580.04258608655,46.16970226992582,184.2157509014993,60.66570629149065,208.3266854289012,14.49600402156483,31.397222223387146,K
2762,587212.4341413609,517580.04258608655,45.820414847517014,181.56833465262375,60.748727838617455,203.10797603096182,14.92831299110044,32.58004765076761,K
2763,587212.667286833,517580.04258608655,45.44757403690436,178.93220116070285,60.78829762745176,198.04559970946488,15.340723590547398,33.7547689082159,K
2764,587212.9004323054,517580.04258608655,45.065913466431745,176.54491095334603,60.78456868972536,193.37691691189522,15.718655223293617,34.87925577055478,K
2765,587213.1335777775,517580.04258608655,44.68846445983585,174.58127000330208,60.73795892535783,189.4006053810647,16.04949446552198,35.91417753891859,K
2766,587213.3667232497,517580.04258608655,44.32649658198469,173.10658366063325,60.64920817707588,186.44666880472866,16.322711595091185,36.82382514688767,K
2767,587213.599868722,517580.04258608655,43.98975926000212,172.06740833311056,60.51960427287239,184.82193286797997,16.529845012870275,37.57657530056117,K
2768,587213.8330141942,517580.04258608655,43.686837958908285,171.328806371472,60.35130062413284,184.74228448058824,16.664462665224555,38.14527084999629,K
2769,587212.2009958888,517580.2757315588,46.19838635500702,186.57996465526608,59.88686516730748,217.4496256117533,13.68847881230046,29.629776908467477,K
2770,587212.4341413609,517580.2757315588,45.838027125149765,184.51497038880245,59.964727387210964,213.02893238598085,14.126700262061199,30.818735334074532,K
2771,587212.667286833,517580.2757315588,45.45549331289106,182.3434903105676,60.00317693336491,208.82314742567485,14.547683620473855,32.00423658442217,K
2772,587212.9004323054,517580.2757315588,45.064724573515534,180.23246383440082,60.00225916756981,205.02320309303286,14.937534594054277,33.14684542160287,K
2773,587213.1335777775,517580.2757315588,44.67784083891393,178.29410074894818,59.96238477951744,201.85362906828115,15.284543940603513,34.21056983418687,K
2774,587213.3667232497,517580.2757315588,44.30532963836708,176.55469981248888,59.884377111025,199.54901456719887,15.579047472657926,35.16291967539486,K
2775,587213.599868722,517580.2757315588,43.956483152580475,174.95815167160876,59.76959725698332,198.31824176487282,15.813114104402842,35.974475140590336,K
2776,587212.667286833,517580.5088770309,45.549457152822264,185.43407465646627,59.256809985772534,218.76065010511184,13.70735283295027,30.093339613161465,K
2777,587212.9004323054,517580.5088770309,45.142685730892296,183.66867643756993,59.25811399668979,215.65618661154664,14.11542826579749,31.26847248288097,K
2778,587213.1335777775,517580.5088770309,44.74063592617625,181.83592646006085,59.22413361747103,213.1114093560232,14.48349769129478,32.37213193659808,K
2779,587213.3667232497,517580.5088770309,44.35316202629506,179.93265786668746,59.155684696819215,211.2950435593935,14.802522670524155,33.37422180125147,K
2780,587212.9004323054,517580.74202250317,45.293801014977944,186.59395886104863,58.551825688507776,225.31759439074568,13.258024673529832,29.271168187332325,K
2781,587213.1335777775,517580.74202250317,44.87258676359418,184.95019012301668,58.52295545371866,223.26089669116422,13.65036869012448,30.42028479891254,K
2782,587213.3667232497,517580.74202250317,44.46737936098346,183.01231433835517,58.462932836646225,221.8169373393876,13.995553475662767,31.473753742148197,K
2783,587213.1335777775,517580.9751679754,45.06625849751869,187.48532040266397,57.85814928370384,232.39625445218866,12.79189078618515,28.384630126083042,K
