grid_id,X,Y,Variable,Prediccion,Varianza_kriging,Error_estandar_kriging,var1.pred,var1.var
1,587191.2877414739,517556.5212909224,T,20.8753706765762,0.35027433488039084,0.5918397881862885,20.8753706765762,0.35027433488039084
2,587191.0018009432,517556.807231453,T,20.85367894326369,0.3280642488561834,0.5727689314690378,20.85367894326369,0.3280642488561834
3,587191.2877414739,517556.807231453,T,20.85718913879005,0.333711430104406,0.5776776177976831,20.85718913879005,0.333711430104406
4,587191.5736820044,517556.807231453,T,20.8611583286942,0.3404923678112934,0.5835172386582023,20.8611583286942,0.3404923678112934
5,587190.7158604125,517557.0931719836,T,20.828609976702513,0.3034496106195024,0.5508626059368184,20.828609976702513,0.3034496106195024
6,587191.0018009432,517557.0931719836,T,20.831378015994595,0.30841773205121586,0.5553536999527561,20.831378015994595,0.30841773205121586
7,587191.2877414739,517557.0931719836,T,20.834978222674415,0.31515364975575283,0.5613854734099849,20.834978222674415,0.31515364975575283
8,587191.5736820044,517557.0931719836,T,20.83927400618713,0.32322494433311993,0.5685287541832162,20.83927400618713,0.32322494433311993
9,587191.8596225351,517557.0931719836,T,20.844096702907382,0.33218292812393324,0.5763531279727154,20.844096702907382,0.33218292812393324
10,587190.429919882,517557.3791125142,T,20.801261764304204,0.2772810202529339,0.5265748002448787,20.801261764304204,0.2772810202529339
11,587190.7158604125,517557.3791125142,T,20.802661416284693,0.2806411603800578,0.5297557554005976,20.802661416284693,0.2806411603800578
12,587191.0018009432,517557.3791125142,T,20.80531831251144,0.2865930402782517,0.5353438523773778,20.80531831251144,0.2865930402782517
13,587191.2877414739,517557.3791125142,T,20.809100541070748,0.29464129742880407,0.5428087116368012,20.809100541070748,0.29464129742880407
14,587191.5736820044,517557.3791125142,T,20.81381432462933,0.3042108563516853,0.5515531310324376,20.81381432462933,0.3042108563516853
15,587191.8596225351,517557.3791125142,T,20.819239198610603,0.31473696344233487,0.5610142274865539,20.819239198610603,0.31473696344233487
16,587192.1455630658,517557.3791125142,T,20.825153666891435,0.32572183144145395,0.5707204494684363,20.825153666891435,0.32572183144145395
17,587190.1439793513,517557.6650530449,T,20.772882812095638,0.25102329737502427,0.5010222523751059,20.772882812095638,0.25102329737502427
18,587190.429919882,517557.6650530449,T,20.7721704545509,0.25142671208520156,0.5014246823653594,20.7721704545509,0.25142671208520156
19,587190.7158604125,517557.6650530449,T,20.773191050516754,0.25544811476282253,0.5054187518907688,20.773191050516754,0.25544811476282253
20,587191.0018009432,517557.6650530449,T,20.775859193048603,0.26262562757428815,0.5124701235918911,20.775859193048603,0.26262562757428815
21,587191.2877414739,517557.6650530449,T,20.779961380262833,0.27225452377853476,0.5217801488927446,20.779961380262833,0.27225452377853476
22,587191.5736820044,517557.6650530449,T,20.785217826843137,0.2835598164749755,0.5325033487922639,20.785217826843137,0.2835598164749755
23,587191.8596225351,517557.6650530449,T,20.791336832408003,0.29583106551998894,0.543903544316443,20.791336832408003,0.29583106551998894
24,587192.1455630658,517557.6650530449,T,20.798054564911375,0.30848223645060524,0.5554117719769768,20.798054564911375,0.30848223645060524
25,587192.43150359625,517557.6650530449,T,20.805139635745093,0.32107372745050283,0.5666336801236782,20.805139635745093,0.32107372745050283
26,587192.717444127,517557.6650530449,T,20.812392397712696,0.33328839063301796,0.5773113463574209,20.812392397712696,0.33328839063301796
27,587189.8580388206,517557.9509935755,T,20.745038638057757,0.22707829141480032,0.4765273249403441,20.745038638057757,0.22707829141480032
28,587190.1439793513,517557.9509935755,T,20.741316738553962,0.22274444176055533,0.4719580932249762,20.741316738553962,0.22274444176055533
29,587190.429919882,517557.9509935755,T,20.73978343539439,0.2230903913354432,0.4723244555762947,20.73978343539439,0.2230903913354432
30,587190.7158604125,517557.9509935755,T,20.74052441113647,0.22799154855615875,0.4774846055698118,20.74052441113647,0.22799154855615875
31,587191.0018009432,517557.9509935755,T,20.743367989543785,0.23673469211616485,0.486553894359263,20.743367989543785,0.23673469211616485
32,587191.2877414739,517557.9509935755,T,20.747971020951354,0.24828006135587716,0.49827709294716443,20.747971020951354,0.24828006135587716
33,587191.5736820044,517557.9509935755,T,20.753930560237272,0.26156566261288533,0.5114349055479938,20.753930560237272,0.26156566261288533
34,587191.8596225351,517557.9509935755,T,20.760866006754604,0.2757054050906598,0.5250765706929417,20.760866006754604,0.2757054050906598
35,587192.1455630658,517557.9509935755,T,20.76845663166099,0.29005295197162206,0.5385656431407615,20.76845663166099,0.29005295197162206
36,587192.43150359625,517557.9509935755,T,20.776446613515756,0.30417730842950996,0.5515227179631951,20.776446613515756,0.30417730842950996
37,587192.717444127,517557.9509935755,T,20.784637750523473,0.3177974510584234,0.5637352668216025,20.784637750523473,0.3177974510584234
38,587193.0033846577,517557.9509935755,T,20.792880819880242,0.33071322092701017,0.5750767087328525,20.792880819880242,0.33071322092701017
39,587189.5720982901,517558.2369341061,T,20.719674817062035,0.20869820710865186,0.4568349889277876,20.719674817062035,0.20869820710865186
40,587189.8580388206,517558.2369341061,T,20.712049993681585,0.19775687386814364,0.4446986326357926,20.712049993681585,0.19775687386814364
41,587190.1439793513,517558.2369341061,T,20.70680996008611,0.19199060665679346,0.43816732723560464,20.70680996008611,0.19199060665679346
42,587190.429919882,517558.2369341061,T,20.70445902865945,0.19226831888048937,0.43848411474133175,20.70445902865945,0.19226831888048937
43,587190.7158604125,517558.2369341061,T,20.70508172091084,0.19840173531834285,0.44542309697448657,20.70508172091084,0.19840173531834285
44,587191.0018009432,517558.2369341061,T,20.70834458656478,0.20922284308424488,0.4574088358178544,20.70834458656478,0.20922284308424488
45,587191.2877414739,517558.2369341061,T,20.713684953096195,0.22313722237055542,0.47237402804404416,20.713684953096195,0.22313722237055542
46,587191.5736820044,517558.2369341061,T,20.72052098051699,0.2386804586198442,0.48854934102897346,20.72052098051699,0.2386804586198442
47,587191.8596225351,517558.2369341061,T,20.728367531520636,0.2547812585811172,0.5047586141722766,20.728367531520636,0.2547812585811172
48,587192.1455630658,517558.2369341061,T,20.736862100291475,0.2707704280488614,0.5203560589143374,20.736862100291475,0.2707704280488614
49,587192.43150359625,517558.2369341061,T,20.74574669444964,0.28627838750470086,0.5350498925377902,20.74574669444964,0.28627838750470086
50,587192.717444127,517558.2369341061,T,20.755054106466318,0.3011227039784397,0.5487464842515528,20.755054106466318,0.3011227039784397
51,587193.0033846577,517558.2369341061,T,20.765181046113298,0.31522653646508203,0.5614503864680138,20.765181046113298,0.31522653646508203
52,587193.2893251881,517558.2369341061,T,20.77589856687355,0.32851761979742217,0.5731645660693115,20.77589856687355,0.32851761979742217
53,587189.2861577594,517558.5228746368,T,20.698772749632777,0.19925238577420923,0.44637695479741024,20.698772749632777,0.19925238577420923
54,587189.5720982901,517558.5228746368,T,20.686812909586184,0.1809305508587961,0.42535931970370194,20.686812909586184,0.1809305508587961
55,587189.8580388206,517558.5228746368,T,20.676761358539427,0.16662287654943672,0.4081946552190961,20.676761358539427,0.16662287654943672
56,587190.1439793513,517558.5228746368,T,20.669738649278347,0.15874942250260538,0.3984337115538862,20.669738649278347,0.15874942250260538
57,587190.429919882,517558.5228746368,T,20.66657783442852,0.158947672656102,0.3986824208014469,20.66657783442852,0.158947672656102
58,587190.7158604125,517558.5228746368,T,20.667360501755685,0.16692580910720195,0.408565550563434,20.667360501755685,0.16692580910720195
59,587191.0018009432,517558.5228746368,T,20.67142020381821,0.1806107549722354,0.42498324081337063,20.67142020381821,0.1806107549722354
60,587191.2877414739,517558.5228746368,T,20.677810530687108,0.19746225809647616,0.44436725587792375,20.677810530687108,0.19746225809647616
61,587191.5736820044,517558.5228746368,T,20.68570604597895,0.2154982266388972,0.4642178654887134,20.68570604597895,0.2154982266388972
62,587191.8596225351,517558.5228746368,T,20.694524025053546,0.23352679580178243,0.4832461027279811,20.694524025053546,0.23352679580178243
63,587192.1455630658,517558.5228746368,T,20.70396460063019,0.2509699784546277,0.5009690394172356,20.70396460063019,0.2509699784546277
64,587192.43150359625,517558.5228746368,T,20.714583704854793,0.26764125368653946,0.5173405587101589,20.714583704854793,0.26764125368653946
65,587192.717444127,517558.5228746368,T,20.726296910924493,0.28352570132587146,0.5324713150263322,20.726296910924493,0.28352570132587146
66,587193.0033846577,517558.5228746368,T,20.7388154344448,0.2986442992899139,0.5464835764137052,20.7388154344448,0.2986442992899139
67,587193.2893251881,517558.5228746368,T,20.75187533839016,0.3129951174645875,0.5594596656279947,20.75187533839016,0.3129951174645875
68,587193.5752657189,517558.5228746368,T,20.76531605129829,0.3265275618332515,0.5714259023121471,20.76531605129829,0.3265275618332515
69,587189.0002172287,517558.8088151674,T,20.683569861690284,0.20019148101052203,0.4474276265615726,20.683569861690284,0.20019148101052203
70,587189.2861577594,517558.8088151674,T,20.667873555626837,0.1762796337209749,0.41985668235836726,20.667873555626837,0.1762796337209749
71,587189.5720982901,517558.8088151674,T,20.652866634347077,0.1533793311770472,0.39163673369213875,20.652866634347077,0.1533793311770472
72,587189.8580388206,517558.8088151674,T,20.63981914245081,0.13427667222145673,0.36643781494471434,20.63981914245081,0.13427667222145673
73,587190.1439793513,517558.8088151674,T,20.630516491576927,0.12304227558028033,0.35077382396678397,20.630516491576927,0.12304227558028033
74,587190.429919882,517558.8088151674,T,20.626559550962927,0.12315489436220425,0.3509343163074883,20.626559550962927,0.12315489436220425
75,587190.7158604125,517558.8088151674,T,20.628023585630352,0.1341400895635882,0.3662514021319075,20.628023585630352,0.1341400895635882
76,587191.0018009432,517558.8088151674,T,20.633466760991027,0.1518902682311865,0.3897310203604359,20.633466760991027,0.1518902682311865
77,587191.2877414739,517558.8088151674,T,20.641276016743635,0.17227450447128953,0.4150596396559048,20.641276016743635,0.17227450447128953
78,587191.5736820044,517558.8088151674,T,20.650363627247234,0.1928290635820485,0.43912306200204115,20.650363627247234,0.1928290635820485
79,587191.8596225351,517558.8088151674,T,20.660528396832785,0.2124942542544124,0.4609709906864123,20.660528396832785,0.2124942542544124
80,587192.1455630658,517558.8088151674,T,20.672282586531924,0.23102936120473266,0.4806551374995722,20.672282586531924,0.23102936120473266
81,587192.43150359625,517558.8088151674,T,20.685300845206317,0.24853016799024172,0.4985280012098034,20.685300845206317,0.24853016799024172
82,587192.717444127,517558.8088151674,T,20.69930458918724,0.2651769336065815,0.5149533314841079,20.69930458918724,0.2651769336065815
83,587193.0033846577,517558.8088151674,T,20.714057509626684,0.2811065645813865,0.5301948364341041,20.714057509626684,0.2811065645813865
84,587193.2893251881,517558.8088151674,T,20.729338084527598,0.29636654934248385,0.5443955816706119,20.729338084527598,0.29636654934248385
85,587193.5752657189,517558.8088151674,T,20.744920801009616,0.3109178858758866,0.5576001128729141,20.744920801009616,0.3109178858758866
86,587193.8612062493,517558.8088151674,T,20.760871901465148,0.32465240073458557,0.5697827662667462,20.760871901465148,0.32465240073458557
87,587188.7142766982,517559.094755698,T,20.67389224970513,0.2094208806377982,0.4576252622373444,20.67389224970513,0.2094208806377982
88,587189.0002172287,517559.094755698,T,20.655920033757333,0.1837412167845533,0.4286504599140812,20.655920033757333,0.1837412167845533
89,587189.2861577594,517559.094755698,T,20.63745608853281,0.15628138281957973,0.39532440200369584,20.63745608853281,0.15628138281957973
90,587189.5720982901,517559.094755698,T,20.61914169807927,0.12817175634979433,0.3580108327268804,20.61914169807927,0.12817175634979433
91,587189.8580388206,517559.094755698,T,20.602290074429657,0.10228073181317468,0.3198135891627726,20.602290074429657,0.10228073181317468
92,587190.1439793513,517559.094755698,T,20.589629565493606,0.08507124921086497,0.2916697605355498,20.589629565493606,0.08507124921086497
93,587190.429919882,517559.094755698,T,20.584846579262724,0.08510281536660749,0.2917238683526041,20.584846579262724,0.08510281536660749
94,587190.7158604125,517559.094755698,T,20.58802215213449,0.10154274256324586,0.31865772007476273,20.58802215213449,0.10154274256324586
95,587191.0018009432,517559.094755698,T,20.595633545833465,0.12498573405881633,0.3535332149301057,20.595633545833465,0.12498573405881633
96,587191.2877414739,517559.094755698,T,20.605113309081904,0.14913079234823504,0.3861745620159814,20.605113309081904,0.14913079234823504
97,587191.5736820044,517559.094755698,T,20.616137799626248,0.17170395061009536,0.41437175411711563,20.616137799626248,0.17170395061009536
98,587191.8596225351,517559.094755698,T,20.62890926055966,0.19231849695481454,0.43854132867360923,20.62890926055966,0.19231849695481454
99,587192.1455630658,517559.094755698,T,20.643040075739258,0.21127863332457525,0.4596505556665577,20.643040075739258,0.21127863332457525
100,587192.43150359625,517559.094755698,T,20.658263993185354,0.22906643102448943,0.4786088497139281,20.658263993185354,0.22906643102448943
101,587192.717444127,517559.094755698,T,20.674368164032547,0.24609243460773236,0.4960770450320518,20.674368164032547,0.24609243460773236
102,587193.0033846577,517559.094755698,T,20.691158100508183,0.2625936286105081,0.5124389023195918,20.691158100508183,0.2625936286105081
103,587193.2893251881,517559.094755698,T,20.708461852059056,0.2786266566000286,0.5278509795387601,20.708461852059056,0.2786266566000286
104,587193.5752657189,517559.094755698,T,20.726117008592738,0.2941147109223128,0.5423234375557752,20.726117008592738,0.2941147109223128
105,587193.8612062493,517559.094755698,T,20.743910126048423,0.3089096281627998,0.5557963909227909,20.743910126048423,0.3089096281627998
106,587194.14714678,517559.094755698,T,20.762326387416454,0.32283889564764323,0.5681891372136951,20.762326387416454,0.32283889564764323
107,587188.7142766982,517559.3806962287,T,20.649658469140935,0.19839462102924382,0.44541511091255515,20.649658469140935,0.19839462102924382
108,587189.0002172287,517559.3806962287,T,20.629778976169373,0.1715375498259292,0.41417091861444016,20.629778976169373,0.1715375498259292
109,587189.2861577594,517559.3806962287,T,20.60893121223413,0.14171502258518517,0.3764505579557363,20.60893121223413,0.14171502258518517
110,587189.5720982901,517559.3806962287,T,20.587408554595797,0.10914517204587244,0.3303712639529541,20.587408554595797,0.10914517204587244
111,587189.8580388206,517559.3806962287,T,20.565936672166835,0.07512071862391488,0.27408159118028136,20.565936672166835,0.07512071862391488
112,587190.1439793513,517559.3806962287,T,20.54732756128601,0.046129391908470305,0.21477754051220138,20.54732756128601,0.046129391908470305
113,587190.429919882,517559.3806962287,T,20.541627313276084,0.04612895336714514,0.21477651958988705,20.541627313276084,0.04612895336714514
114,587190.7158604125,517559.3806962287,T,20.54885714774159,0.07345293629766286,0.2710220217946558,20.54885714774159,0.07345293629766286
115,587191.0018009432,517559.3806962287,T,20.559207619668758,0.10341004210734588,0.3215743181713146,20.559207619668758,0.10341004210734588
116,587191.2877414739,517559.3806962287,T,20.571158747489942,0.13015682829165812,0.3607725437053908,20.571158747489942,0.13015682829165812
117,587191.5736820044,517559.3806962287,T,20.584782482403657,0.15328717906963354,0.3915190660359129,20.584782482403657,0.15328717906963354
118,587191.8596225351,517559.3806962287,T,20.599759460841067,0.17353077961559144,0.4165702577184207,20.599759460841067,0.17353077961559144
119,587192.1455630658,517559.3806962287,T,20.61589107629853,0.1918787384094071,0.4380396539234857,20.61589107629853,0.1918787384094071
120,587192.43150359625,517559.3806962287,T,20.63302520168366,0.2092277726152434,0.4574142243254394,20.63302520168366,0.2092277726152434
121,587192.717444127,517559.3806962287,T,20.651027687057447,0.2261869876587137,0.4755911980458782,20.651027687057447,0.2261869876587137
122,587193.0033846577,517559.3806962287,T,20.66976429012909,0.2430219483267191,0.4929725634624295,20.66976429012909,0.2430219483267191
123,587193.2893251881,517559.3806962287,T,20.6890843575044,0.25971625884645483,0.5096236443165238,20.6890843575044,0.25971625884645483
124,587193.5752657189,517559.3806962287,T,20.70880502337853,0.2760891344697365,0.5254418468962445,20.70880502337853,0.2760891344697365
125,587193.8612062493,517559.3806962287,T,20.728697135892798,0.2919032796292805,0.540280741493976,20.728697135892798,0.2919032796292805
126,587194.14714678,517559.3806962287,T,20.748672958470742,0.30692684630795447,0.5540097890001173,20.748672958470742,0.30692684630795447
127,587194.4330873108,517559.3806962287,T,20.76954797579231,0.3209944276483592,0.5665637013155355,20.76954797579231,0.3209944276483592
128,587194.7190278412,517559.3806962287,T,20.791214111785063,0.33405108269141465,0.5779715241181131,20.791214111785063,0.33405108269141465
129,587188.4283361675,517559.6666367593,T,20.64703635225974,0.2140809139861351,0.4626887874004892,20.64703635225974,0.2140809139861351
130,587188.7142766982,517559.6666367593,T,20.62686118189457,0.19083621696773673,0.43684804791567594,20.62686118189457,0.19083621696773673
131,587189.0002172287,517559.6666367593,T,20.605499936395518,0.16453124925319784,0.40562451756914036,20.605499936395518,0.16453124925319784
132,587189.2861577594,517559.6666367593,T,20.583065754727766,0.1347928431622775,0.36714144843953195,20.583065754727766,0.1347928431622775
133,587189.5720982901,517559.6666367593,T,20.559665721651843,0.10131187530825561,0.3182952643509727,20.559665721651843,0.10131187530825561
134,587189.8580388206,517559.6666367593,T,20.53541392784549,0.06387482186856772,0.25273468671428484,20.53541392784549,0.06387482186856772
135,587190.1439793513,517559.6666367593,T,20.510486119930654,0.02249285723141262,0.1499761888814775,20.510486119930654,0.02249285723141262
136,587190.429919882,517559.6666367593,T,20.50392911205924,0.02228574276650581,0.14928410084970808,20.50392911205924,0.02228574276650581
137,587190.7158604125,517559.6666367593,T,20.515590485108596,0.06029959637587647,0.2455597613125499,20.515590485108596,0.06029959637587647
138,587191.0018009432,517559.6666367593,T,20.52800209317504,0.09168472091406583,0.30279484955009695,20.52800209317504,0.09168472091406583
139,587191.2877414739,517559.6666367593,T,20.541896077561052,0.11725792203382147,0.3424294409565589,20.541896077561052,0.11725792203382147
140,587191.5736820044,517559.6666367593,T,20.557129250028282,0.138278004107769,0.37185750511152654,20.557129250028282,0.138278004107769
141,587191.8596225351,517559.6666367593,T,20.573577777050478,0.15624353791005757,0.395276533467467,20.573577777050478,0.15624353791005757
142,587192.1455630658,517559.6666367593,T,20.591133906846395,0.17266677161290211,0.41553191407267637,20.591133906846395,0.17266677161290211
143,587192.43150359625,517559.6666367593,T,20.609704206172196,0.18877493348075833,0.43448237418882524,20.609704206172196,0.18877493348075833
144,587192.717444127,517559.6666367593,T,20.629204234518923,0.2052741148965967,0.45307186504637065,20.629204234518923,0.2052741148965967
145,587193.0033846577,517559.6666367593,T,20.649547108408356,0.2223159181245252,0.47150388982968655,20.649547108408356,0.2223159181245252
146,587193.2893251881,517559.6666367593,T,20.670626360790823,0.2396642456622047,0.489555150787125,20.670626360790823,0.2396642456622047
147,587193.5752657189,517559.6666367593,T,20.69229606782542,0.2569266398533887,0.5068793148801682,20.69229606782542,0.2569266398533887
148,587193.8612062493,517559.6666367593,T,20.71435188378538,0.27372398255689806,0.5231863745902583,20.71435188378538,0.27372398255689806
149,587194.14714678,517559.6666367593,T,20.73651622935216,0.2897620996596541,0.5382955504735796,20.73651622935216,0.2897620996596541
150,587194.4330873108,517559.6666367593,T,20.759136568228232,0.30484673842872273,0.5521292769168492,20.759136568228232,0.30484673842872273
151,587194.7190278412,517559.6666367593,T,20.78253648601914,0.3189286901763517,0.5647377180394025,20.78253648601914,0.3189286901763517
152,587195.0049683719,517559.6666367593,T,20.806324981184304,0.33199345905518607,0.5761887356198367,20.806324981184304,0.33199345905518607
153,587188.1423956368,517559.9525772899,T,20.646294403245122,0.2263255996535498,0.4757369017151705,20.646294403245122,0.2263255996535498
154,587188.4283361675,517559.9525772899,T,20.626337578123533,0.2075626381205041,0.45559042803872,20.626337578123533,0.2075626381205041
155,587188.7142766982,517559.9525772899,T,20.605297462710098,0.18646074431192342,0.43181100531589445,20.605297462710098,0.18646074431192342
156,587189.0002172287,517559.9525772899,T,20.583320593753392,0.16262849038483684,0.40327222863078094,20.583320593753392,0.16262849038483684
157,587189.2861577594,517559.9525772899,T,20.560588873381754,0.13584138676133925,0.3685666652877594,20.560588873381754,0.13584138676133925
158,587189.5720982901,517559.9525772899,T,20.53742660501971,0.10629220819881445,0.3260248582528861,20.53742660501971,0.10629220819881445
159,587189.8580388206,517559.9525772899,T,20.514663228293703,0.0754279286109494,0.27464145464759937,20.514663228293703,0.0754279286109494
160,587190.1439793513,517559.9525772899,T,20.495294283095905,0.049752006772084856,0.22305157872582937,20.495294283095905,0.049752006772084856
161,587190.429919882,517559.9525772899,T,20.48777793612245,0.047952222082690676,0.21897995817583552,20.48777793612245,0.047952222082690676
162,587190.7158604125,517559.9525772899,T,20.49315238173171,0.06827489622272954,0.26129465402631097,20.49315238173171,0.06827489622272954
163,587191.0018009432,517559.9525772899,T,20.504243007203513,0.09104027057310152,0.30172880302202093,20.504243007203513,0.09104027057310152
164,587191.2877414739,517559.9525772899,T,20.518031723885276,0.11045408420888606,0.3323463317217238,20.518031723885276,0.11045408420888606
165,587191.5736820044,517559.9525772899,T,20.53364427755006,0.12627911475049838,0.35535772786095193,20.53364427755006,0.12627911475049838
166,587191.8596225351,517559.9525772899,T,20.55071754493672,0.13985685388967045,0.37397440271985255,20.55071754493672,0.13985685388967045
167,587192.1455630658,517559.9525772899,T,20.569054410323197,0.1529780840799303,0.39112412873655633,20.569054410323197,0.1529780840799303
168,587192.43150359625,517559.9525772899,T,20.588535553900044,0.1671355327467074,0.4088221284944192,20.588535553900044,0.1671355327467074
169,587192.717444127,517559.9525772899,T,20.60908695468109,0.18299527096869977,0.427779465342482,20.60908695468109,0.18299527096869977
170,587193.0033846577,517559.9525772899,T,20.630654310759294,0.20035502073289654,0.4476103447563478,20.630654310759294,0.20035502073289654
171,587193.2893251881,517559.9525772899,T,20.653173380277465,0.21852926350428503,0.4674711365467231,20.653173380277465,0.21852926350428503
172,587193.5752657189,517559.9525772899,T,20.676538685271165,0.23678180367974316,0.4866023054607768,20.676538685271165,0.23678180367974316
173,587193.8612062493,517559.9525772899,T,20.700574849797437,0.2545570064436193,0.5045364272712322,20.700574849797437,0.2545570064436193
174,587194.14714678,517559.9525772899,T,20.72501394191261,0.27151593921446926,0.5210719136688038,20.72501394191261,0.27151593921446926
175,587194.4330873108,517559.9525772899,T,20.74957080890204,0.28748425320660936,0.5361755805765583,20.74957080890204,0.28748425320660936
176,587194.7190278412,517559.9525772899,T,20.774506171719754,0.30245389249542587,0.5499580824894075,20.774506171719754,0.30245389249542587
177,587195.0049683719,517559.9525772899,T,20.799553276750764,0.3164901027218288,0.562574530815099,20.799553276750764,0.3164901027218288
178,587195.2909089027,517559.9525772899,T,20.824292999768918,0.3296187926354294,0.5741243703549166,20.824292999768918,0.3296187926354294
179,587187.8564551063,517560.2385178206,T,20.64657785448103,0.2328313670683409,0.4825260273481016,20.64657785448103,0.2328313670683409
180,587188.1423956368,517560.2385178206,T,20.62693932372125,0.21814604192810588,0.4670610687352414,20.62693932372125,0.21814604192810588
181,587188.4283361675,517560.2385178206,T,20.606394193461636,0.20212122449711464,0.4495789413408002,20.606394193461636,0.20212122449711464
182,587188.7142766982,517560.2385178206,T,20.5851166021223,0.1843144387506108,0.4293185748958584,20.5851166021223,0.1843144387506108
183,587189.0002172287,517560.2385178206,T,20.5633048517813,0.16442614679489959,0.40549494052934815,20.5633048517813,0.16442614679489959
184,587189.2861577594,517560.2385178206,T,20.54127287890502,0.14250885716973596,0.37750345318915424,20.54127287890502,0.14250885716973596
185,587189.5720982901,517560.2385178206,T,20.51962766395848,0.11935483286281663,0.34547768793775474,20.51962766395848,0.11935483286281663
186,587189.8580388206,517560.2385178206,T,20.499650380635828,0.09731140919141022,0.31194776676778796,20.499650380635828,0.09731140919141022
187,587190.1439793513,517560.2385178206,T,20.48389204448407,0.08147891447773484,0.2854451164019711,20.48389204448407,0.08147891447773484
188,587190.429919882,517560.2385178206,T,20.476175451127226,0.0779253403828812,0.2791511067197857,20.476175451127226,0.0779253403828812
189,587190.7158604125,517560.2385178206,T,20.478155565109763,0.08556855534222557,0.2925210340167448,20.478155565109763,0.08556855534222557
190,587191.0018009432,517560.2385178206,T,20.48669340504956,0.09708265024513336,0.31158088876748097,20.48669340504956,0.09708265024513336
191,587191.2877414739,517560.2385178206,T,20.499174187599802,0.10756151487461361,0.3279657221031088,20.499174187599802,0.10756151487461361
192,587191.5736820044,517560.2385178206,T,20.514245238574127,0.11585793001274121,0.34037909749680756,20.514245238574127,0.11585793001274121
193,587191.8596225351,517560.2385178206,T,20.531227869126916,0.12314946026837822,0.3509265738988403,20.531227869126916,0.12314946026837822
194,587192.1455630658,517560.2385178206,T,20.549757180090662,0.1316984052463369,0.3629027490200879,20.549757180090662,0.1316984052463369
195,587192.43150359625,517560.2385178206,T,20.569637535222526,0.14346939343393386,0.3787735384552805,20.569637535222526,0.14346939343393386
196,587192.717444127,517560.2385178206,T,20.590782650521557,0.15894310107156942,0.39867668739414575,20.590782650521557,0.15894310107156942
197,587193.0033846577,517560.2385178206,T,20.61316846892548,0.1771260298365433,0.4208634337128177,20.61316846892548,0.1771260298365433
198,587193.2893251881,517560.2385178206,T,20.636780742453478,0.19652217378563602,0.4433082153374061,20.636780742453478,0.19652217378563602
199,587193.5752657189,517560.2385178206,T,20.661565611377885,0.2159254025197102,0.4646777405037928,20.661565611377885,0.2159254025197102
200,587193.8612062493,517560.2385178206,T,20.687370783981258,0.23463633687359473,0.48439275064104204,20.687370783981258,0.23463633687359473
201,587194.14714678,517560.2385178206,T,20.713465700884573,0.25237864312720565,0.502373011941531,20.713465700884573,0.25237864312720565
202,587194.4330873108,517560.2385178206,T,20.739343432563665,0.26910173358493505,0.518750164901116,20.739343432563665,0.26910173358493505
203,587194.7190278412,517560.2385178206,T,20.76553031954014,0.2848513958650827,0.5337147139297198,20.76553031954014,0.2848513958650827
204,587195.0049683719,517560.2385178206,T,20.79211871774062,0.2997414208580468,0.5474864572371145,20.79211871774062,0.2997414208580468
205,587195.2909089027,517560.2385178206,T,20.818563354349727,0.31383903601495355,0.56021338435899,20.818563354349727,0.31383903601495355
206,587195.5768494331,517560.2385178206,T,20.844290276249055,0.3271244318239158,0.5719479275457826,20.844290276249055,0.3271244318239158
207,587187.5705145756,517560.5244583512,T,20.64759438480707,0.23309478443090734,0.48279890682447424,20.64759438480707,0.23309478443090734
208,587187.8564551063,517560.5244583512,T,20.628118576860317,0.22129028050686203,0.4704150088027188,20.628118576860317,0.22129028050686203
209,587188.1423956368,517560.5244583512,T,20.607941188032783,0.20933994756567414,0.4575368264584548,20.607941188032783,0.20933994756567414
210,587188.4283361675,517560.5244583512,T,20.5872643450103,0.196733134092934,0.44354609015629254,20.5872643450103,0.196733134092934
211,587188.7142766982,517560.5244583512,T,20.566261053272797,0.18298265526671217,0.4277647195208041,20.566261053272797,0.18298265526671217
212,587189.0002172287,517560.5244583512,T,20.545152322481858,0.16780755423460117,0.40964320357428263,20.545152322481858,0.16780755423460117
213,587189.2861577594,517560.5244583512,T,20.52431086036172,0.1513519133628935,0.38903973237047845,20.52431086036172,0.1513519133628935
214,587189.5720982901,517560.5244583512,T,20.50440297279411,0.13446209475450058,0.36669073448138906,20.50440297279411,0.13446209475450058
215,587189.8580388206,517560.5244583512,T,20.486553295817668,0.11897544010863471,0.34492816659216846,20.486553295817668,0.11897544010863471
216,587190.1439793513,517560.5244583512,T,20.47261232452206,0.1075900358721954,0.3280092008956386,20.47261232452206,0.1075900358721954
217,587190.429919882,517560.5244583512,T,20.465871575878683,0.10240160990666541,0.3200025154692779,20.465871575878683,0.10240160990666541
218,587190.7158604125,517560.5244583512,T,20.46659117467907,0.10255452978205044,0.32024136176023615,20.46659117467907,0.10255452978205044
219,587191.0018009432,517560.5244583512,T,20.47330576186302,0.10472064409470196,0.3236056923088683,20.47330576186302,0.10472064409470196
220,587191.2877414739,517560.5244583512,T,20.484346170394517,0.10596472200934681,0.32552222967002853,20.484346170394517,0.10596472200934681
221,587191.5736820044,517560.5244583512,T,20.49848332636928,0.10544501807971125,0.3247229866820507,20.49848332636928,0.10544501807971125
222,587191.8596225351,517560.5244583512,T,20.51493273049307,0.1047597141398392,0.32366605342519195,20.51493273049307,0.1047597141398392
223,587192.1455630658,517560.5244583512,T,20.533208751265413,0.10746448480626741,0.32781776157839193,20.533208751265413,0.10746448480626741
224,587192.43150359625,517560.5244583512,T,20.55303900846634,0.11684408283849461,0.34182463755337267,20.55303900846634,0.11684408283849461
225,587192.717444127,517560.5244583512,T,20.574332460275397,0.13294866017441934,0.3646212557907442,20.574332460275397,0.13294866017441934
226,587193.0033846577,517560.5244583512,T,20.597117635524246,0.15301432529681186,0.3911704555520673,20.597117635524246,0.15301432529681186
227,587193.2893251881,517560.5244583512,T,20.621453540187822,0.17420019581946297,0.417372969679953,20.621453540187822,0.17420019581946297
228,587193.5752657189,517560.5244583512,T,20.647223810745196,0.1948455231080315,0.44141309802500367,20.647223810745196,0.1948455231080315
229,587193.8612062493,517560.5244583512,T,20.673732497818964,0.21433999277991975,0.4629686736485739,20.673732497818964,0.21433999277991975
230,587194.14714678,517560.5244583512,T,20.700791124873284,0.23263086204296127,0.48231821657797797,20.700791124873284,0.23263086204296127
231,587194.4330873108,517560.5244583512,T,20.728121133828097,0.2498681168165889,0.4998680994188256,20.728121133828097,0.2498681168165889
232,587194.7190278412,517560.5244583512,T,20.755714796360238,0.2662156648249751,0.5159609140477359,20.755714796360238,0.2662156648249751
233,587195.0049683719,517560.5244583512,T,20.78401714238221,0.28183862626198175,0.5308847579861206,20.78401714238221,0.28183862626198175
234,587195.2909089027,517560.5244583512,T,20.81238803181745,0.2968174745791584,0.5448095764385557,20.81238803181745,0.2968174745791584
235,587195.5768494331,517560.5244583512,T,20.840103649005723,0.31113557530634073,0.5577952808211456,20.840103649005723,0.31113557530634073
236,587195.8627899638,517560.5244583512,T,20.866490187979206,0.32467650295830863,0.5698039162363739,20.866490187979206,0.32467650295830863
237,587187.2845740449,517560.8103988818,T,20.64951015347878,0.2281539219162085,0.47765460524965997,20.64951015347878,0.2281539219162085
238,587187.5705145756,517560.8103988818,T,20.629857203411554,0.21739880371811315,0.4662604462294793,20.629857203411554,0.21739880371811315
239,587187.8564551063,517560.8103988818,T,20.60970573465381,0.20784945541541705,0.4559050947460634,20.60970573465381,0.20784945541541705
240,587188.1423956368,517560.8103988818,T,20.589341544503775,0.19903927587594605,0.4461381802490637,20.589341544503775,0.19903927587594605
241,587188.4283361675,517560.8103988818,T,20.568930622443954,0.1903123977728351,0.43624809199907694,20.568930622443954,0.1903123977728351
242,587188.7142766982,517560.8103988818,T,20.54859616344068,0.18103036079465745,0.4254766277889509,20.54859616344068,0.18103036079465745
243,587189.0002172287,517560.8103988818,T,20.52851442416791,0.17078667889338756,0.413263449742882,20.52851442416791,0.17078667889338756
244,587189.2861577594,517560.8103988818,T,20.509010643087244,0.15958868172898918,0.3994855213008216,20.509010643087244,0.15958868172898918
245,587189.5720982901,517560.8103988818,T,20.49064014319708,0.1479783317917527,0.38467951828990415,20.49064014319708,0.1479783317917527
246,587189.8580388206,517560.8103988818,T,20.474228303724793,0.13700954297481238,0.37014800144646515,20.474228303724793,0.13700954297481238
247,587190.1439793513,517560.8103988818,T,20.462348187267946,0.12794453843952913,0.35769335811492103,20.462348187267946,0.12794453843952913
248,587190.429919882,517560.8103988818,T,20.456683747820005,0.1214228794591796,0.34845785894305725,20.456683747820005,0.1214228794591796
249,587190.7158604125,517560.8103988818,T,20.457087248348852,0.11663836184477973,0.34152358900196006,20.457087248348852,0.11663836184477973
250,587191.0018009432,517560.8103988818,T,20.46276327536345,0.11163518571337498,0.3341185204584969,20.46276327536345,0.11163518571337498
251,587191.2877414739,517560.8103988818,T,20.472663552921382,0.10450327450598178,0.3232696622109501,20.472663552921382,0.10450327450598178
252,587191.5736820044,517560.8103988818,T,20.48581693054541,0.09463939184034162,0.30763516027974047,20.48581693054541,0.09463939184034162
253,587191.8596225351,517560.8103988818,T,20.50145952887582,0.08407042900936393,0.28994901105084653,20.50145952887582,0.08407042900936393
254,587192.1455630658,517560.8103988818,T,20.51908275708186,0.07894581439138489,0.2809729780448378,20.51908275708186,0.07894581439138489
255,587192.43150359625,517560.8103988818,T,20.538363341013806,0.0865811596563546,0.2942467666030582,20.538363341013806,0.0865811596563546
256,587192.717444127,517560.8103988818,T,20.559263266264413,0.10573817540367372,0.32517406939003257,20.559263266264413,0.10573817540367372
257,587193.0033846577,517560.8103988818,T,20.58194043420905,0.1293034208979691,0.35958784865171556,20.58194043420905,0.1293034208979691
258,587193.2893251881,517560.8103988818,T,20.606297281977895,0.1526976550983336,0.39076547326796107,20.606297281977895,0.1526976550983336
259,587193.5752657189,517560.8103988818,T,20.631808611113062,0.17435944602905662,0.417563702959269,20.631808611113062,0.17435944602905662
260,587193.8612062493,517560.8103988818,T,20.658588254791322,0.19416084703965936,0.4406368652753187,20.658588254791322,0.19416084703965936
261,587194.14714678,517560.8103988818,T,20.68659975098561,0.21250149913195582,0.46097884889868407,20.68659975098561,0.21250149913195582
262,587194.4330873108,517560.8103988818,T,20.71554595546983,0.22985385490600968,0.47943076132639806,20.71554595546983,0.22985385490600968
263,587194.7190278412,517560.8103988818,T,20.745014722812233,0.2465439831810047,0.4965319558507838,20.745014722812233,0.2465439831810047
264,587195.0049683719,517560.8103988818,T,20.77539659217422,0.2627622968202742,0.512603449871608,20.77539659217422,0.2627622968202742
265,587195.2909089027,517560.8103988818,T,20.80602099361423,0.278561619760851,0.5277893706402688,20.80602099361423,0.278561619760851
266,587195.5768494331,517560.8103988818,T,20.83598026785682,0.29386582966209174,0.5420939306633968,20.83598026785682,0.29386582966209174
267,587195.8627899638,517560.8103988818,T,20.864474991053967,0.3085282489190109,0.5554531923744888,20.864474991053967,0.3085282489190109
268,587196.1487304945,517560.8103988818,T,20.890811397566548,0.3223617140327659,0.5677690675202075,20.890811397566548,0.3223617140327659
269,587186.9986335144,517561.0963394124,T,20.653115398207603,0.22051730290132449,0.46959269894380223,20.653115398207603,0.22051730290132449
270,587187.2845740449,517561.0963394124,T,20.632640541023314,0.20847658794367663,0.4565923651832963,20.632640541023314,0.20847658794367663
271,587187.5705145756,517561.0963394124,T,20.6119572612477,0.19894210621709138,0.4460292660993126,20.6119572612477,0.19894210621709138
272,587187.8564551063,517561.0963394124,T,20.591378536290232,0.1918077267085546,0.4379585901755491,20.591378536290232,0.1918077267085546
273,587188.1423956368,517561.0963394124,T,20.57116601627406,0.18645196270341197,0.43180083684890186,20.57116601627406,0.18645196270341197
274,587188.4283361675,517561.0963394124,T,20.551389610053942,0.18193999196025457,0.42654424384846007,20.551389610053942,0.18193999196025457
275,587188.7142766982,517561.0963394124,T,20.532049394202936,0.17733577773203296,0.42111254758322386,20.532049394202936,0.17733577773203296
276,587189.0002172287,517561.0963394124,T,20.513202184281642,0.17197078720350165,0.4146936064174388,20.513202184281642,0.17197078720350165
277,587189.2861577594,517561.0963394124,T,20.495051088591183,0.16558990159128448,0.4069273910555598,20.495051088591183,0.16558990159128448
278,587189.5720982901,517561.0963394124,T,20.47798268507835,0.1583598355008029,0.3979445130929724,20.47798268507835,0.1583598355008029
279,587189.8580388206,517561.0963394124,T,20.463219555688152,0.15074789674331202,0.3882626646270692,20.463219555688152,0.15074789674331202
280,587190.1439793513,517561.0963394124,T,20.45336698276296,0.14327482097641436,0.37851660594538566,20.45336698276296,0.14327482097641436
281,587190.429919882,517561.0963394124,T,20.448781852237595,0.13595032055737524,0.36871441598800453,20.448781852237595,0.13595032055737524
282,587190.7158604125,517561.0963394124,T,20.44928235781672,0.12797874658897435,0.357741172622015,20.44928235781672,0.12797874658897435
283,587191.0018009432,517561.0963394124,T,20.454264754972076,0.11790298229664235,0.34337003698145,20.454264754972076,0.11790298229664235
284,587191.2877414739,517561.0963394124,T,20.463076461339543,0.10412110006905258,0.32267801299291,20.463076461339543,0.10412110006905258
285,587191.5736820044,517561.0963394124,T,20.47507073202399,0.08560968141850724,0.2925913215023768,20.47507073202399,0.08560968141850724
286,587191.8596225351,517561.0963394124,T,20.48969516451776,0.06326791306861528,0.25153113737391497,20.48969516451776,0.06326791306861528
287,587192.1455630658,517561.0963394124,T,20.506450760152077,0.04537209409819059,0.21300726301746284,20.506450760152077,0.04537209409819059
288,587192.43150359625,517561.0963394124,T,20.52480821530515,0.05352010357668456,0.23134412371332141,20.52480821530515,0.05352010357668456
289,587192.717444127,517561.0963394124,T,20.54485362717596,0.08065897337214152,0.28400523476186407,20.54485362717596,0.08065897337214152
290,587193.0033846577,517561.0963394124,T,20.566629672793045,0.1088757611652405,0.32996327244898105,20.566629672793045,0.1088757611652405
291,587193.2893251881,517561.0963394124,T,20.589715942926297,0.1338777570219423,0.3658930950727853,20.589715942926297,0.1338777570219423
292,587193.5752657189,517561.0963394124,T,20.614490247146566,0.15549339519079045,0.39432650835416894,20.614490247146566,0.15549339519079045
293,587193.8612062493,517561.0963394124,T,20.641272907116804,0.17456879550436818,0.4178143074433524,20.641272907116804,0.17456879550436818
294,587194.14714678,517561.0963394124,T,20.670152139321218,0.19214429966973298,0.4383426737949808,20.670152139321218,0.19214429966973298
295,587194.4330873108,517561.0963394124,T,20.70084598058453,0.2090699903776165,0.4572417198568133,20.70084598058453,0.2090699903776165
296,587194.7190278412,517561.0963394124,T,20.732680414612847,0.22581266204215045,0.47519749793338606,20.732680414612847,0.22581266204215045
297,587195.0049683719,517561.0963394124,T,20.765675586785875,0.24250760616551006,0.49245061292022985,20.765675586785875,0.24250760616551006
298,587195.2909089027,517561.0963394124,T,20.799180812202774,0.2590900511636241,0.5090088910457499,20.799180812202774,0.2590900511636241
299,587195.5768494331,517561.0963394124,T,20.832006343859103,0.2753608492228742,0.5247483675275934,20.832006343859103,0.2753608492228742
300,587195.8627899638,517561.0963394124,T,20.863068398670876,0.291094406443554,0.5395316547187514,20.863068398670876,0.291094406443554
301,587196.1487304945,517561.0963394124,T,20.89147866081352,0.3060698742727647,0.5532358215740958,20.89147866081352,0.3060698742727647
302,587196.434671025,517561.0963394124,T,20.91666406824629,0.32012646544734286,0.5657971946266107,20.91666406824629,0.32012646544734286
303,587196.7206115557,517561.0963394124,T,20.938274628106868,0.33320551042819246,0.5772395606922592,20.938274628106868,0.33320551042819246
304,587186.7126929837,517561.3822799431,T,20.66068263111055,0.21400637237540587,0.46260822774287735,20.66068263111055,0.21400637237540587
305,587186.9986335144,517561.3822799431,T,20.637510105213046,0.19824765680412482,0.4452501059001837,20.637510105213046,0.19824765680412482
306,587187.2845740449,517561.3822799431,T,20.615580974081077,0.185736199237158,0.43097122785304126,20.615580974081077,0.185736199237158
307,587187.5705145756,517561.3822799431,T,20.59393592782308,0.17717788482250527,0.4209250346825492,20.59393592782308,0.17717788482250527
308,587187.8564551063,517561.3822799431,T,20.57317223701361,0.17256459609076152,0.4154089504220648,20.57317223701361,0.17256459609076152
309,587188.1423956368,517561.3822799431,T,20.55347968610152,0.17099272290768194,0.41351266353968164,20.55347968610152,0.17099272290768194
310,587188.4283361675,517561.3822799431,T,20.534729443892697,0.17102844630889705,0.41355585633490555,20.534729443892697,0.17102844630889705
311,587188.7142766982,517561.3822799431,T,20.516698517906416,0.17125285771947424,0.4138270867397085,20.516698517906416,0.17125285771947424
312,587189.0002172287,517561.3822799431,T,20.499256914920796,0.1706382111086684,0.4130837821903305,20.499256914920796,0.1706382111086684
313,587189.2861577594,517561.3822799431,T,20.482453365963945,0.16865450357301565,0.41067566713042014,20.482453365963945,0.16865450357301565
314,587189.5720982901,517561.3822799431,T,20.46657964874426,0.165181704515164,0.40642552148599626,20.46657964874426,0.165181704515164
315,587189.8580388206,517561.3822799431,T,20.454011120241685,0.16038667570992074,0.40048305296219555,20.454011120241685,0.16038667570992074
316,587190.1439793513,517561.3822799431,T,20.445863085274866,0.15441404623244684,0.3929555270414794,20.445863085274866,0.15441404623244684
317,587190.429919882,517561.3822799431,T,20.442047006262065,0.14704644388517416,0.3834663530026776,20.442047006262065,0.14704644388517416
318,587190.7158604125,517561.3822799431,T,20.44247184301701,0.13754467027001815,0.3708701528433074,20.44247184301701,0.13754467027001815
319,587191.0018009432,517561.3822799431,T,20.446844600372522,0.12472074121726323,0.3531582382123674,20.446844600372522,0.12472074121726323
320,587191.2877414739,517561.3822799431,T,20.454734830674454,0.10717272133533877,0.3273724504831443,20.454734830674454,0.10717272133533877
321,587191.5736820044,517561.3822799431,T,20.465678578482105,0.08355004586345255,0.28905024799064355,20.465678578482105,0.08355004586345255
322,587191.8596225351,517561.3822799431,T,20.479264782518133,0.05274358609323002,0.22965971804656998,20.479264782518133,0.05274358609323002
323,587192.1455630658,517561.3822799431,T,20.495187954921363,0.014080112759404203,0.11865965093242185,20.495187954921363,0.014080112759404203
324,587192.43150359625,517561.3822799431,T,20.512303800924187,0.02972376776215962,0.17240582287776599,20.512303800924187,0.02972376776215962
325,587192.717444127,517561.3822799431,T,20.53081373365221,0.06626343600962013,0.25741685261384917,20.53081373365221,0.06626343600962013
326,587193.0033846577,517561.3822799431,T,20.550505166831663,0.09584225139503896,0.30958399731743075,20.550505166831663,0.09584225139503896
327,587193.2893251881,517561.3822799431,T,20.5718226309358,0.11957356819865632,0.345794112440707,20.5718226309358,0.11957356819865632
328,587193.5752657189,517561.3822799431,T,20.595394642886117,0.1389500317704404,0.3727600190074579,20.595394642886117,0.1389500317704404
329,587193.8612062493,517561.3822799431,T,20.6218315397301,0.1556850707530479,0.39456947519169283,20.6218315397301,0.1556850707530479
330,587194.14714678,517561.3822799431,T,20.651467682187015,0.17141451990138348,0.4140223664264812,20.651467682187015,0.17141451990138348
331,587194.4330873108,517561.3822799431,T,20.684085093704507,0.18732290359095297,0.4328081602638205,20.684085093704507,0.18732290359095297
332,587194.7190278412,517561.3822799431,T,20.718796726943005,0.20390794099968768,0.45156166909923573,20.718796726943005,0.20390794099968768
333,587195.0049683719,517561.3822799431,T,20.754959892413606,0.22108417430805438,0.4701958892930205,20.754959892413606,0.22108417430805438
334,587195.2909089027,517561.3822799431,T,20.79186293555858,0.2385148146197701,0.48837978522843273,20.79186293555858,0.2385148146197701
335,587195.5768494331,517561.3822799431,T,20.827983842441252,0.25578333503844203,0.5057502694398116,20.827983842441252,0.25578333503844203
336,587195.8627899638,517561.3822799431,T,20.862015168188993,0.27254446978996283,0.5220579180416315,20.862015168188993,0.27254446978996283
337,587196.1487304945,517561.3822799431,T,20.892929097119634,0.28855517296685956,0.5371733174375469,20.892929097119634,0.28855517296685956
338,587196.434671025,517561.3822799431,T,20.920024404336782,0.3036347293483967,0.5510306065441344,20.920024404336782,0.3036347293483967
339,587196.7206115557,517561.3822799431,T,20.943273828730156,0.3177502802525951,0.5636934275407113,20.943273828730156,0.3177502802525951
340,587197.0065520864,517561.3822799431,T,20.963210234487033,0.33088814324529275,0.5752287747021116,20.963210234487033,0.33088814324529275
341,587186.426752453,517561.6682204737,T,20.673663479430825,0.21279407377295478,0.4612960803789197,20.673663479430825,0.21279407377295478
342,587186.7126929837,517561.6682204737,T,20.647097481762682,0.19187523660978203,0.4380356567789682,20.647097481762682,0.19187523660978203
343,587186.9986335144,517561.6682204737,T,20.62222409738015,0.17360339951478898,0.4166574126483159,20.62222409738015,0.17360339951478898
344,587187.2845740449,517561.6682204737,T,20.59845427699173,0.15969327359839344,0.3996164080695304,20.59845427699173,0.15969327359839344
345,587187.5705145756,517561.6682204737,T,20.575825066376666,0.1516440663897914,0.3894150310270411,20.575825066376666,0.1516440663897914
346,587187.8564551063,517561.6682204737,T,20.55515093543147,0.1496965758066139,0.386906417375848,20.55515093543147,0.1496965758066139
347,587188.1423956368,517561.6682204737,T,20.536451186708156,0.15241233489446693,0.3904002239938739,20.536451186708156,0.15241233489446693
348,587188.4283361675,517561.6682204737,T,20.51920479643986,0.15745244297690342,0.3968027759188479,20.51920479643986,0.15745244297690342
349,587188.7142766982,517561.6682204737,T,20.502827274931647,0.16267244257910699,0.4033267193964553,20.502827274931647,0.16267244257910699
350,587189.0002172287,517561.6682204737,T,20.486954896125948,0.1666538731125288,0.40823262132334404,20.486954896125948,0.1666538731125288
351,587189.2861577594,517561.6682204737,T,20.471494928218632,0.168686076944172,0.4107141060934869,20.471494928218632,0.168686076944172
352,587189.5720982901,517561.6682204737,T,20.457253502776226,0.1685526767644,0.4105516736835937,20.457253502776226,0.1685526767644
353,587189.8580388206,517561.6682204737,T,20.44647451792717,0.16636261126063873,0.40787573016868595,20.44647451792717,0.16636261126063873
354,587190.1439793513,517561.6682204737,T,20.439417060947694,0.16212868194017813,0.40265206064315395,20.439417060947694,0.16212868194017813
355,587190.429919882,517561.6682204737,T,20.436141662587293,0.15558898489148404,0.39444769601492674,20.436141662587293,0.15558898489148404
356,587190.7158604125,517561.6682204737,T,20.436580607488864,0.14615125077972582,0.3822973329487479,20.436580607488864,0.14615125077972582
357,587191.0018009432,517561.6682204737,T,20.440527202909465,0.1329702683580465,0.36465088558516695,20.440527202909465,0.1329702683580465
358,587191.2877414739,517561.6682204737,T,20.447669567120588,0.11516411585490018,0.33935838851411965,20.447669567120588,0.11516411585490018
359,587191.5736820044,517561.6682204737,T,20.457646266626355,0.09221672763713677,0.30367207253406886,20.457646266626355,0.09221672763713677
360,587191.8596225351,517561.6682204737,T,20.470091658735484,0.06510126050117192,0.25514948657830355,20.470091658735484,0.06510126050117192
361,587192.1455630658,517561.6682204737,T,20.484600625485907,0.041896317634566055,0.20468589994077768,20.484600625485907,0.041896317634566055
362,587192.43150359625,517561.6682204737,T,20.500413278372275,0.046532124121787026,0.21571305969223797,20.500413278372275,0.046532124121787026
363,587192.717444127,517561.6682204737,T,20.516683390951975,0.06978558678954445,0.264169617461101,20.516683390951975,0.06978558678954445
364,587193.0033846577,517561.6682204737,T,20.533963127891045,0.09221452928098002,0.3036684528906156,20.533963127891045,0.09221452928098002
365,587193.2893251881,517561.6682204737,T,20.552990052398822,0.11025884851439487,0.33205247855481346,20.552990052398822,0.11025884851439487
366,587193.5752657189,517561.6682204737,T,20.57473917022657,0.12456921654004431,0.3529436449917243,20.57473917022657,0.12456921654004431
367,587193.8612062493,517561.6682204737,T,20.600317407177997,0.13702272210675856,0.3701658035350626,20.600317407177997,0.13702272210675856
368,587194.14714678,517561.6682204737,T,20.630547885208486,0.1497248875573804,0.38694300298284295,20.630547885208486,0.1497248875573804
369,587194.4330873108,517561.6682204737,T,20.665388234578558,0.1641479377558968,0.4051517465788551,20.665388234578558,0.1641479377558968
370,587194.7190278412,517561.6682204737,T,20.703645426378323,0.18061447904188477,0.424987622221971,20.703645426378323,0.18061447904188477
371,587195.0049683719,517561.6682204737,T,20.74380220472547,0.19851690584376822,0.4455523603840162,20.74380220472547,0.19851690584376822
372,587195.2909089027,517561.6682204737,T,20.784772682937522,0.2170059157998619,0.46583893761670664,20.784772682937522,0.2170059157998619
373,587195.5768494331,517561.6682204737,T,20.824644607822485,0.23535139008353034,0.4851302815569549,20.824644607822485,0.23535139008353034
374,587195.8627899638,517561.6682204737,T,20.861872438826246,0.25309163848458077,0.503082138904355,20.861872438826246,0.25309163848458077
375,587196.1487304945,517561.6682204737,T,20.895614831277165,0.2699971347519394,0.5196124851771168,20.895614831277165,0.2699971347519394
376,587196.434671025,517561.6682204737,T,20.92635678619555,0.2859735600873305,0.5347649577967226,20.92635678619555,0.2859735600873305
377,587196.7206115557,517561.6682204737,T,20.953560035547525,0.30100810779699066,0.5486420579913562,20.953560035547525,0.30100810779699066
378,587197.0065520864,517561.6682204737,T,20.976696442559298,0.315136167913971,0.5613699029285155,20.976696442559298,0.315136167913971
379,587197.2924926169,517561.6682204737,T,20.99551163597712,0.32831715489499275,0.5729896638640114,20.99551163597712,0.32831715489499275
380,587186.1408119225,517561.9541610043,T,20.692518437585676,0.21960106620390754,0.46861611816486587,20.692518437585676,0.21960106620390754
381,587186.426752453,517561.9541610043,T,20.663452237002232,0.19417309296674395,0.4406507607695055,20.663452237002232,0.19417309296674395
382,587186.7126929837,517561.9541610043,T,20.6347632389016,0.1694178803931763,0.4116040334996443,20.6347632389016,0.1694178803931763
383,587186.9986335144,517561.9541610043,T,20.607577455700536,0.1472130765636544,0.38368356306161255,20.607577455700536,0.1472130765636544
384,587187.2845740449,517561.9541610043,T,20.581454870801988,0.1303620090705488,0.3610567947990299,20.581454870801988,0.1303620090705488
385,587187.5705145756,517561.9541610043,T,20.55765591274337,0.12198709788627844,0.34926651412106263,20.55765591274337,0.12198709788627844
386,587187.8564551063,517561.9541610043,T,20.53745974797861,0.12306516516971923,0.3508064497265112,20.53745974797861,0.12306516516971923
387,587188.1423956368,517561.9541610043,T,20.5204616370951,0.1310038538440311,0.36194454526077763,20.5204616370951,0.1310038538440311
388,587188.4283361675,517561.9541610043,T,20.50533900326143,0.14171556578242073,0.37645127942725964,20.50533900326143,0.14171556578242073
389,587188.7142766982,517561.9541610043,T,20.49097565713785,0.15206015905092185,0.38994891851487656,20.49097565713785,0.15206015905092185
390,587189.0002172287,517561.9541610043,T,20.476793991604133,0.16035765587804768,0.4004468202870984,20.476793991604133,0.16035765587804768
391,587189.2861577594,517561.9541610043,T,20.462464286404174,0.16596214601153417,0.40738451862034986,20.462464286404174,0.16596214601153417
392,587189.5720982901,517561.9541610043,T,20.449811980369073,0.16883817539689583,0.41089922778814736,20.449811980369073,0.16883817539689583
393,587189.8580388206,517561.9541610043,T,20.440358753328365,0.16914573420314635,0.4112733084010514,20.440358753328365,0.16914573420314635
394,587190.1439793513,517561.9541610043,T,20.434204995048482,0.16692116170637458,0.40855986306338826,20.434204995048482,0.16692116170637458
395,587190.429919882,517561.9541610043,T,20.431397817807113,0.16198560671171752,0.4024743553466699,20.431397817807113,0.16198560671171752
396,587190.7158604125,517561.9541610043,T,20.431890110290222,0.15395366996470913,0.3923693030356849,20.431890110290222,0.15395366996470913
397,587191.0018009432,517561.9541610043,T,20.435529185855273,0.14236842320974932,0.3773174037991745,20.435529185855273,0.14236842320974932
398,587191.2877414739,517561.9541610043,T,20.44207118165953,0.12699287637426568,0.3563605987960309,20.44207118165953,0.12699287637426568
399,587191.5736820044,517561.9541610043,T,20.451208930093713,0.10837988580160789,0.32921100498253075,20.451208930093713,0.10837988580160789
400,587191.8596225351,517561.9541610043,T,20.462596543587562,0.0890675952458999,0.298441946190377,20.462596543587562,0.0890675952458999
401,587192.1455630658,517561.9541610043,T,20.475785276822236,0.07535323764888424,0.2745054419294529,20.475785276822236,0.07535323764888424
402,587192.43150359625,517561.9541610043,T,20.489406923412687,0.07442059589213564,0.27280138542928195,20.489406923412687,0.07442059589213564
403,587192.717444127,517561.9541610043,T,20.503243423131995,0.08374885621946158,0.2893939464112226,20.503243423131995,0.08374885621946158
404,587193.0033846577,517561.9541610043,T,20.517794689280418,0.09520250372621275,0.3085490296957888,20.517794689280418,0.09520250372621275
405,587193.2893251881,517561.9541610043,T,20.53391212253797,0.10449413521286118,0.3232555261907539,20.53391212253797,0.10449413521286118
406,587193.5752657189,517561.9541610043,T,20.55296092186628,0.1112723002828851,0.33357502946546386,20.55296092186628,0.1112723002828851
407,587193.8612062493,517561.9541610043,T,20.576835248363672,0.11750041449685235,0.34278333462531746,20.576835248363672,0.11750041449685235
408,587194.14714678,517561.9541610043,T,20.607352616116852,0.12605554789141646,0.35504302259221554,20.607352616116852,0.12605554789141646
409,587194.4330873108,517561.9541610043,T,20.644925940323322,0.13888912051097216,0.3726783070034694,20.644925940323322,0.13888912051097216
410,587194.7190278412,517561.9541610043,T,20.687763040469854,0.1557826220962976,0.39469307328137593,20.687763040469854,0.1557826220962976
411,587195.0049683719,517561.9541610043,T,20.733049450058907,0.17502463919535427,0.4183594617017216,20.733049450058907,0.17502463919535427
412,587195.2909089027,517561.9541610043,T,20.77889676479823,0.19492401126612455,0.4415019946343669,20.77889676479823,0.19492401126612455
413,587195.5768494331,517561.9541610043,T,20.822976281477345,0.21440478613218975,0.46303864431836544,20.822976281477345,0.21440478613218975
414,587195.8627899638,517561.9541610043,T,20.864706895271702,0.2330032986147479,0.48270415226590696,20.864706895271702,0.2330032986147479
415,587196.1487304945,517561.9541610043,T,20.903711117461768,0.25063767809917387,0.5006372719835928,20.903711117461768,0.25063767809917387
416,587196.434671025,517561.9541610043,T,20.93894964169538,0.2673461887977574,0.517055305356939,20.93894964169538,0.2673461887977574
417,587196.7206115557,517561.9541610043,T,20.969802372097828,0.28316676987498274,0.5321341652957294,20.969802372097828,0.28316676987498274
418,587197.0065520864,517561.9541610043,T,20.995883822539795,0.2981657300090703,0.5460455384023115,20.995883822539795,0.2981657300090703
419,587197.2924926169,517561.9541610043,T,21.017036357707426,0.31232415893966853,0.5588596952184587,21.017036357707426,0.31232415893966853
420,587197.5784331476,517561.9541610043,T,21.03434336621987,0.32558302137626244,0.5705988270021789,21.03434336621987,0.32558302137626244
421,587185.8548713918,517562.240101535,T,20.716453199485652,0.23441310026244683,0.4841622664587223,20.716453199485652,0.23441310026244683
422,587186.1408119225,517562.240101535,T,20.686459605360046,0.20679084136342327,0.4547426100151857,20.686459605360046,0.20679084136342327
423,587186.426752453,517562.240101535,T,20.655613388362895,0.17789169119962678,0.4217720844243094,20.655613388362895,0.17789169119962678
424,587186.7126929837,517562.240101535,T,20.624623561978346,0.14859334697833623,0.38547807587246286,20.624623561978346,0.14859334697833623
425,587186.9986335144,517562.240101535,T,20.59445118362335,0.12076082444711314,0.3475065818759598,20.59445118362335,0.12076082444711314
426,587187.2845740449,517562.240101535,T,20.56500742920623,0.09835497543486818,0.3136159680801795,20.56500742920623,0.09835497543486818
427,587187.5705145756,517562.240101535,T,20.539463893130677,0.08797314433903976,0.2966026708224991,20.539463893130677,0.08797314433903976
428,587187.8564551063,517562.240101535,T,20.52047158169959,0.09311307843135738,0.305144356709013,20.52047158169959,0.09311307843135738
429,587188.1423956368,517562.240101535,T,20.506354174822373,0.10807505988937789,0.32874771465270736,20.506354174822373,0.10807505988937789
430,587188.4283361675,517562.240101535,T,20.494085593926584,0.12521605051244558,0.35385880024728167,20.494085593926584,0.12521605051244558
431,587188.7142766982,517562.240101535,T,20.48197326247642,0.14047893967204392,0.3748052023012006,20.48197326247642,0.14047893967204392
432,587189.0002172287,517562.240101535,T,20.469103414604405,0.15247427333877245,0.39047954279164543,20.469103414604405,0.15247427333877245
433,587189.2861577594,517562.240101535,T,20.455668814606895,0.1610129122268102,0.4012641427125157,20.455668814606895,0.1610129122268102
434,587189.5720982901,517562.240101535,T,20.444429315136045,0.16641064402224742,0.40793460753195165,20.444429315136045,0.16641064402224742
435,587189.8580388206,517562.240101535,T,20.436026712390348,0.1690080803365637,0.41110592349972735,20.436026712390348,0.1690080803365637
436,587190.1439793513,517562.240101535,T,20.43057471358337,0.16895656614699447,0.41104326554146886,20.43057471358337,0.16895656614699447
437,587190.429919882,517562.240101535,T,20.428132890017864,0.16618661359859327,0.40765992395450557,20.428132890017864,0.16618661359859327
438,587190.7158604125,517562.240101535,T,20.428678985895267,0.16048518319599975,0.40060601991982064,20.428678985895267,0.16048518319599975
439,587191.0018009432,517562.240101535,T,20.432099495774658,0.15167913515105114,0.3894600559120937,20.432099495774658,0.15167913515105114
440,587191.2877414739,517562.240101535,T,20.43819520701404,0.13993008710739963,0.3740723019783737,20.43819520701404,0.13993008710739963
441,587191.5736820044,517562.240101535,T,20.446696136247052,0.12616215207916823,0.35519311941416915,20.446696136247052,0.12616215207916823
442,587191.8596225351,517562.240101535,T,20.457281718636004,0.11254625075421631,0.3354791360937612,20.457281718636004,0.11254625075421631
443,587192.1455630658,517562.240101535,T,20.46878592413341,0.10243315072515739,0.32005179381649684,20.46878592413341,0.10243315072515739
444,587192.43150359625,517562.240101535,T,20.480221571451164,0.09829398697988563,0.31351871870732956,20.480221571451164,0.09829398697988563
445,587192.717444127,517562.240101535,T,20.49160734777985,0.09890089581864742,0.3144851281358904,20.49160734777985,0.09890089581864742
446,587193.0033846577,517562.240101535,T,20.503234433766366,0.10051197268194531,0.3170362324434627,20.503234433766366,0.10051197268194531
447,587193.2893251881,517562.240101535,T,20.51584035832975,0.10026887584929704,0.31665261067816425,20.51584035832975,0.10026887584929704
448,587193.5752657189,517562.240101535,T,20.53100382309025,0.09784197979635037,0.31279702651456004,20.53100382309025,0.09784197979635037
449,587193.8612062493,517562.240101535,T,20.551677475634612,0.0958371650414438,0.3095757823884869,20.551677475634612,0.0958371650414438
450,587194.14714678,517562.240101535,T,20.581790281475197,0.09909756320335002,0.3147976543803178,20.581790281475197,0.09909756320335002
451,587194.4330873108,517562.240101535,T,20.623049502673666,0.11095243592804219,0.33309523552287895,20.623049502673666,0.11095243592804219
452,587194.7190278412,517562.240101535,T,20.672206141600427,0.12971196794929846,0.36015547746674414,20.672206141600427,0.12971196794929846
453,587195.0049683719,517562.240101535,T,20.7240864169452,0.15132802969856662,0.38900903549733473,20.7240864169452,0.15132802969856662
454,587195.2909089027,517562.240101535,T,20.775761160499158,0.17297988348190155,0.4159085037383842,20.775761160499158,0.17297988348190155
455,587195.5768494331,517562.240101535,T,20.8264147454703,0.1934957528521723,0.4398815213806694,20.8264147454703,0.1934957528521723
456,587195.8627899638,517562.240101535,T,20.874574100504812,0.2126733151618314,0.4611651712367613,20.874574100504812,0.2126733151618314
457,587196.1487304945,517562.240101535,T,20.918793593832206,0.23070892259437775,0.48032168657513036,20.918793593832206,0.23070892259437775
458,587196.434671025,517562.240101535,T,20.958143907504905,0.24786207243621472,0.4978574820530618,20.958143907504905,0.24786207243621472
459,587196.7206115557,517562.240101535,T,20.992144357415967,0.26427704127849583,0.514078827883911,20.992144357415967,0.26427704127849583
460,587197.0065520864,517562.240101535,T,21.02061846560502,0.28002680367975613,0.529175588703557,21.02061846560502,0.28002680367975613
461,587197.2924926169,517562.240101535,T,21.043814451723048,0.2950849592759337,0.5432172302826317,21.043814451723048,0.2950849592759337
462,587197.5784331476,517562.240101535,T,21.0627925200881,0.3094049588378643,0.5562418168727198,21.0627925200881,0.3094049588378643
463,587197.8643736783,517562.240101535,T,21.078259074215392,0.3228948363569199,0.5682383622714327,21.078259074215392,0.3228948363569199
464,587185.5689308613,517562.5260420656,T,20.74376813524245,0.2550710651282766,0.5050456069784952,20.74376813524245,0.2550710651282766
465,587185.8548713918,517562.5260420656,T,20.71438010711059,0.22766513743220224,0.47714268037160773,20.71438010711059,0.22766513743220224
466,587186.1408119225,517562.5260420656,T,20.683415961224696,0.198011767534565,0.4449851318129236,20.683415961224696,0.198011767534565
467,587186.426752453,517562.5260420656,T,20.651202982493555,0.16623555064915202,0.4077199414416126,20.651202982493555,0.16623555064915202
468,587186.7126929837,517562.5260420656,T,20.61818453026382,0.13265700256478244,0.3642210902251302,20.61818453026382,0.13265700256478244
469,587186.9986335144,517562.5260420656,T,20.584749760151098,0.09822444275380039,0.31340778987415163,20.584749760151098,0.09822444275380039
470,587187.2845740449,517562.5260420656,T,20.5504340762901,0.06631932990294463,0.25752539661739116,20.5504340762901,0.06631932990294463
471,587187.5705145756,517562.5260420656,T,20.52129110961598,0.04949178457659767,0.2224674910556544,20.52129110961598,0.04949178457659767
472,587187.8564551063,517562.5260420656,T,20.50542507589914,0.06215094788215106,0.24930091833395052,20.50542507589914,0.06215094788215106
473,587188.1423956368,517562.5260420656,T,20.49602016198168,0.08704912284421461,0.29504088334367257,20.49602016198168,0.08704912284421461
474,587188.4283361675,517562.5260420656,T,20.486972100619738,0.11051119061444167,0.3324322346199924,20.486972100619738,0.11051119061444167
475,587188.7142766982,517562.5260420656,T,20.476466908666353,0.1295172342524517,0.35988502921412513,20.476466908666353,0.1295172342524517
476,587189.0002172287,517562.5260420656,T,20.464283807143726,0.14391575805902085,0.3793623044782136,20.464283807143726,0.14391575805902085
477,587189.2861577594,517562.5260420656,T,20.451747588568406,0.15430016506165745,0.3928105969314696,20.451747588568406,0.15430016506165745
478,587189.5720982901,517562.5260420656,T,20.44150002204736,0.1614636487437392,0.4018253958421981,20.44150002204736,0.1614636487437392
479,587189.8580388206,517562.5260420656,T,20.43380876704936,0.1659833189286171,0.40741050419523683,20.43380876704936,0.1659833189286171
480,587190.1439793513,517562.5260420656,T,20.42881716000013,0.16811691130170553,0.4100206230199958,20.42881716000013,0.16811691130170553
481,587190.429919882,517562.5260420656,T,20.42660611937748,0.16783805712901417,0.4096804329340299,20.42660611937748,0.16783805712901417
482,587190.7158604125,517562.5260420656,T,20.42717872385193,0.16498326925542306,0.4061813255867668,20.42717872385193,0.16498326925542306
483,587191.0018009432,517562.5260420656,T,20.430454124226788,0.15946637320731388,0.39933240941265197,20.430454124226788,0.15946637320731388
484,587191.2877414739,517562.5260420656,T,20.436269233522307,0.15151990228947904,0.3892555745130428,20.436269233522307,0.15151990228947904
485,587191.5736820044,517562.5260420656,T,20.444386589653107,0.1419141313990672,0.3767149205952257,20.444386589653107,0.1419141313990672
486,587191.8596225351,517562.5260420656,T,20.454161437947405,0.1320303995208662,0.3633598760469656,20.454161437947405,0.1320303995208662
487,587192.1455630658,517562.5260420656,T,20.464042475949118,0.12352204830081295,0.35145703620899804,20.464042475949118,0.12352204830081295
488,587192.43150359625,517562.5260420656,T,20.473707587434923,0.11718357512969664,0.34232086575272713,20.473707587434923,0.11718357512969664
489,587192.717444127,517562.5260420656,T,20.483020023267272,0.11207916807176144,0.33478226964963576,20.483020023267272,0.11207916807176144
490,587193.0033846577,517562.5260420656,T,20.49198550872531,0.10600922705791653,0.32559058195518575,20.49198550872531,0.10600922705791653
491,587193.2893251881,517562.5260420656,T,20.50093828992864,0.09693938476749164,0.31135090294953643,20.50093828992864,0.09693938476749164
492,587193.5752657189,517562.5260420656,T,20.511055974024366,0.0844187556647563,0.29054905896381134,20.511055974024366,0.0844187556647563
493,587193.8612062493,517562.5260420656,T,20.52589965596525,0.07150191826660804,0.26739842607354297,20.52589965596525,0.07150191826660804
494,587194.14714678,517562.5260420656,T,20.55377528294526,0.06746646000672724,0.2597430653679271,20.55377528294526,0.06746646000672724
495,587194.4330873108,517562.5260420656,T,20.60089802358741,0.08053732385768184,0.28379098621640864,20.60089802358741,0.08053732385768184
496,587194.7190278412,517562.5260420656,T,20.659306430081756,0.1040332971437633,0.32254193083033916,20.659306430081756,0.1040332971437633
497,587195.0049683719,517562.5260420656,T,20.71955943195478,0.12911949360863478,0.3593320102755038,20.71955943195478,0.12911949360863478
498,587195.2909089027,517562.5260420656,T,20.779957370724535,0.15243026028134762,0.39042318102457446,20.779957370724535,0.15243026028134762
499,587195.5768494331,517562.5260420656,T,20.83825591361755,0.1734135192089501,0.4164294888801105,20.83825591361755,0.1734135192089501
500,587195.8627899638,517562.5260420656,T,20.892521283490186,0.19250071660038717,0.43874903601077825,20.892521283490186,0.19250071660038717
501,587196.1487304945,517562.5260420656,T,20.941450122803325,0.2103629061111728,0.4586533616045704,20.941450122803325,0.2103629061111728
502,587196.434671025,517562.5260420656,T,20.984267736872017,0.22754715808897846,0.47701903325651324,20.984267736872017,0.22754715808897846
503,587196.7206115557,517562.5260420656,T,21.02068157176211,0.2443121869810504,0.4942794624309717,21.02068157176211,0.2443121869810504
504,587197.0065520864,517562.5260420656,T,21.050790815548595,0.26068941874920665,0.5105775345128364,21.050790815548595,0.26068941874920665
505,587197.2924926169,517562.5260420656,T,21.075529651014676,0.2766019501222509,0.5259296056719482,21.075529651014676,0.2766019501222509
506,587197.5784331476,517562.5260420656,T,21.09581830874486,0.29194692161842756,0.5403211282361884,21.09581830874486,0.29194692161842756
507,587197.8643736783,517562.5260420656,T,21.112052046280112,0.3065831790215296,0.5536995385780357,21.112052046280112,0.3065831790215296
508,587198.1503142088,517562.5260420656,T,21.12510650271143,0.32036860482382046,0.5660111348938468,21.12510650271143,0.32036860482382046
509,587198.4362547395,517562.5260420656,T,21.135279210305836,0.33326939193064486,0.5772948916547286,21.135279210305836,0.33326939193064486
510,587185.2829903306,517562.8119825962,T,20.77256781203305,0.27883101330707727,0.5280445183003771,20.77256781203305,0.27883101330707727
511,587185.5689308613,517562.8119825962,T,20.744891162587155,0.2532390328105719,0.503228608895174,20.744891162587155,0.2532390328105719
512,587185.8548713918,517562.8119825962,T,20.715293290104054,0.22517414133409405,0.47452517460519844,20.715293290104054,0.22517414133409405
513,587186.1408119225,517562.8119825962,T,20.684004116680697,0.19460551651121186,0.44114115259314884,20.684004116680697,0.19460551651121186
514,587186.426752453,517562.8119825962,T,20.65126338582479,0.161468598448555,0.40183155481937327,20.65126338582479,0.161468598448555
515,587186.7126929837,517562.8119825962,T,20.61732343219713,0.1256803249061585,0.3545142097379998,20.61732343219713,0.1256803249061585
516,587186.9986335144,517562.8119825962,T,20.582000112573663,0.08715074057175173,0.29521304268570475,20.582000112573663,0.08715074057175173
517,587187.2845740449,517562.8119825962,T,20.543213522321373,0.045902722691686715,0.21424920698029834,20.543213522321373,0.045902722691686715
518,587187.5705145756,517562.8119825962,T,20.5032236055418,0.006630154479133855,0.08142576053764469,20.5032236055418,0.006630154479133855
519,587187.8564551063,517562.8119825962,T,20.497821552520445,0.04115133026100275,0.20285790657749267,20.497821552520445,0.04115133026100275
520,587188.1423956368,517562.8119825962,T,20.49306324630048,0.07467338710373873,0.27326431728957723,20.49306324630048,0.07467338710373873
521,587188.4283361675,517562.8119825962,T,20.48551198985854,0.10090261349020031,0.3176517172788466,20.48551198985854,0.10090261349020031
522,587188.7142766982,517562.8119825962,T,20.4753828993257,0.12072881503098087,0.34746052298208047,20.4753828993257,0.12072881503098087
523,587189.0002172287,517562.8119825962,T,20.463106172540044,0.13532465365969962,0.3678649937948698,20.463106172540044,0.13532465365969962
524,587189.2861577594,517562.8119825962,T,20.451116084130163,0.14598624456819478,0.3820814632616908,20.451116084130163,0.14598624456819478
525,587189.5720982901,517562.8119825962,T,20.44132386968392,0.15390818535654452,0.39231133727760725,20.44132386968392,0.15390818535654452
526,587189.8580388206,517562.8119825962,T,20.43394253089765,0.1598560189652037,0.3998199831989438,20.43394253089765,0.1598560189652037
527,587190.1439793513,517562.8119825962,T,20.4291324731129,0.16409128411924753,0.4050818239803503,20.4291324731129,0.16409128411924753
528,587190.429919882,517562.8119825962,T,20.4269896209788,0.16647827303536006,0.40801749108997776,20.4269896209788,0.16647827303536006
529,587190.7158604125,517562.8119825962,T,20.427538283823175,0.16672287392601426,0.40831712421353855,20.427538283823175,0.16672287392601426
530,587191.0018009432,517562.8119825962,T,20.4307274035757,0.16462743824641674,0.40574306925247255,20.4307274035757,0.16462743824641674
531,587191.2877414739,517562.8119825962,T,20.436429506018072,0.1602796624298029,0.40034942541460317,20.436429506018072,0.1602796624298029
532,587191.5736820044,517562.8119825962,T,20.444408840912768,0.15412973194926594,0.39259359641907804,20.444408840912768,0.15412973194926594
533,587191.8596225351,517562.8119825962,T,20.453214373344764,0.14696203201972224,0.38335627296253055,20.453214373344764,0.14696203201972224
534,587192.1455630658,517562.8119825962,T,20.46202516434371,0.13951422495569005,0.37351603038650166,20.46202516434371,0.13951422495569005
535,587192.43150359625,517562.8119825962,T,20.4706080781368,0.1318920547580212,0.3631694573584365,20.4706080781368,0.1318920547580212
536,587192.717444127,517562.8119825962,T,20.478717937484063,0.12324574277765588,0.3510637303648098,20.478717937484063,0.12324574277765588
537,587193.0033846577,517562.8119825962,T,20.486093971473153,0.11193926716017871,0.334573261274984,20.486093971473153,0.11193926716017871
538,587193.2893251881,517562.8119825962,T,20.492521988225477,0.09615536630511065,0.3100892876335954,20.492521988225477,0.09615536630511065
539,587193.5752657189,517562.8119825962,T,20.49802374677576,0.0745994253845681,0.27312895376464225,20.49802374677576,0.0745994253845681
540,587193.8612062493,517562.8119825962,T,20.503970924448865,0.047955766540764284,0.2189880511369611,20.503970924448865,0.047955766540764284
541,587194.14714678,517562.8119825962,T,20.52312157988792,0.029955427118002854,0.1730763621006718,20.52312157988792,0.029955427118002854
542,587194.4330873108,517562.8119825962,T,20.582928936416792,0.051745491356609406,0.2274763534009841,20.582928936416792,0.051745491356609406
543,587194.7190278412,517562.8119825962,T,20.65425404858433,0.08336602528140001,0.28873175315749394,20.65425404858433,0.08336602528140001
544,587195.0049683719,517562.8119825962,T,20.725308591862355,0.11135028458816738,0.3336919006930905,20.725308591862355,0.11135028458816738
545,587195.2909089027,517562.8119825962,T,20.79437536506907,0.1348817744160669,0.36726254153679616,20.79437536506907,0.1348817744160669
546,587195.5768494331,517562.8119825962,T,20.859590295935014,0.1549085993131023,0.39358429759468594,20.859590295935014,0.1549085993131023
547,587195.8627899638,517562.8119825962,T,20.919251478054047,0.1727467330924682,0.41562811874615535,20.919251478054047,0.1727467330924682
548,587196.1487304945,517562.8119825962,T,20.97211097998417,0.18961971713596026,0.4354534615041661,20.97211097998417,0.18961971713596026
549,587196.434671025,517562.8119825962,T,21.017506458833527,0.20635455503394065,0.4542626498337065,21.017506458833527,0.20635455503394065
550,587196.7206115557,517562.8119825962,T,21.05537878734043,0.22324733962071888,0.47249057093313396,21.05537878734043,0.22324733962071888
551,587197.0065520864,517562.8119825962,T,21.08631807095469,0.24018546373238892,0.49008720013114904,21.08631807095469,0.24018546373238892
552,587197.2924926169,517562.8119825962,T,21.11185001932589,0.25694854540293716,0.5069009226692501,21.11185001932589,0.25694854540293716
553,587197.5784331476,517562.8119825962,T,21.132751126244816,0.2732989693553934,0.5227800391707715,21.132751126244816,0.2732989693553934
554,587197.8643736783,517562.8119825962,T,21.149509614800465,0.28901995044008666,0.5376057574469294,21.149509614800465,0.28901995044008666
555,587198.1503142088,517562.8119825962,T,21.162798484500502,0.30393019932218024,0.5512986480322442,21.162798484500502,0.30393019932218024
556,587198.4362547395,517562.8119825962,T,21.173320493113792,0.31795253331776285,0.5638727988808849,21.173320493113792,0.31795253331776285
557,587198.7221952702,517562.8119825962,T,21.181103955385154,0.3310666336899429,0.5753839011390073,21.181103955385154,0.3310666336899429
558,587185.2829903306,517563.0979231269,T,20.775940823157594,0.28041411143473904,0.529541416165666,20.775940823157594,0.28041411143473904
559,587185.5689308613,517563.0979231269,T,20.748581835123414,0.2550485395597552,0.5050233059570174,20.748581835123414,0.2550485395597552
560,587185.8548713918,517563.0979231269,T,20.719349936417274,0.22729247094763935,0.47675200151403596,20.719349936417274,0.22729247094763935
561,587186.1408119225,517563.0979231269,T,20.688499872478314,0.1971607610969618,0.44402788324266507,20.688499872478314,0.1971607610969618
562,587186.426752453,517563.0979231269,T,20.65632042435019,0.16468664585791074,0.40581602464406297,20.65632042435019,0.16468664585791074
563,587186.7126929837,517563.0979231269,T,20.6231750730582,0.1300162462048001,0.3605776562750389,20.6231750730582,0.1300162462048001
564,587186.9986335144,517563.0979231269,T,20.58917424544225,0.09369923104734847,0.3061033012682948,20.58917424544225,0.09369923104734847
565,587187.2845740449,517563.0979231269,T,20.553405770425616,0.05816770204118629,0.24117981267342067,20.553405770425616,0.05816770204118629
566,587187.5705145756,517563.0979231269,T,20.52248087683428,0.03673547197491723,0.19166499934760448,20.52248087683428,0.03673547197491723
567,587187.8564551063,517563.0979231269,T,20.50846050518521,0.0512049871767597,0.22628518991918073,20.50846050518521,0.0512049871767597
568,587188.1423956368,517563.0979231269,T,20.50022150306884,0.07647226112143637,0.2765361841087643,20.50022150306884,0.07647226112143637
569,587188.4283361675,517563.0979231269,T,20.49083484514628,0.09816460503273917,0.3133123122903713,20.49083484514628,0.09816460503273917
570,587188.7142766982,517563.0979231269,T,20.47938963095164,0.11464545740376104,0.33859335109207483,20.47938963095164,0.11464545740376104
571,587189.0002172287,517563.0979231269,T,20.466131645692208,0.12668582397916273,0.35592952108410836,20.466131645692208,0.12668582397916273
572,587189.2861577594,517563.0979231269,T,20.453962562751897,0.1357556025578661,0.36845027148567294,20.453962562751897,0.1357556025578661
573,587189.5720982901,517563.0979231269,T,20.444033267402162,0.14330359839726836,0.37855461745601304,20.444033267402162,0.14330359839726836
574,587189.8580388206,517563.0979231269,T,20.436531478969915,0.1501887934958298,0.38754198933254935,20.436531478969915,0.1501887934958298
575,587190.1439793513,517563.0979231269,T,20.431604780041933,0.15648986991445973,0.3955880052712161,20.431604780041933,0.15648986991445973
576,587190.429919882,517563.0979231269,T,20.429348464569983,0.161716571415091,0.4021399898233089,20.429348464569983,0.161716571415091
577,587190.7158604125,517563.0979231269,T,20.42980133861355,0.16522430026104085,0.40647792100068714,20.42980133861355,0.16522430026104085
578,587191.0018009432,517563.0979231269,T,20.432941928029425,0.16654900429601274,0.40810415863601873,20.432941928029425,0.16654900429601274
579,587191.2877414739,517563.0979231269,T,20.438683505986784,0.1655513804827185,0.406880056629369,20.438683505986784,0.1655513804827185
580,587191.5736820044,517563.0979231269,T,20.446409286800225,0.16241518008895092,0.40300766753121575,20.446409286800225,0.16241518008895092
581,587191.8596225351,517563.0979231269,T,20.454598358928237,0.15756950954776175,0.39695026079820345,20.454598358928237,0.15756950954776175
582,587192.1455630658,517563.0979231269,T,20.46301000516537,0.15130640600801853,0.3889812412032469,20.46301000516537,0.15130640600801853
583,587192.43150359625,517563.0979231269,T,20.471418705052024,0.14346184901175352,0.37876357931004073,20.471418705052024,0.14346184901175352
584,587192.717444127,517563.0979231269,T,20.479556555449324,0.1332792474957878,0.36507430407492086,20.479556555449324,0.1332792474957878
585,587193.0033846577,517563.0979231269,T,20.48712157918974,0.11950829420085132,0.3456997168075949,20.48712157918974,0.11950829420085132
586,587193.2893251881,517563.0979231269,T,20.493785799818006,0.10069467277767181,0.31732423919025127,20.493785799818006,0.10069467277767181
587,587193.5752657189,517563.0979231269,T,20.499231247352597,0.0755212219018347,0.27481124777169275,20.499231247352597,0.0755212219018347
588,587193.8612062493,517563.0979231269,T,20.503440961731222,0.04332849682992928,0.20815498271703534,20.503440961731222,0.04332849682992928
589,587194.14714678,517563.0979231269,T,20.51541984205168,0.01366271495428991,0.11688761677051128,20.51541984205168,0.01366271495428991
590,587194.4330873108,517563.0979231269,T,20.58674632994994,0.0428894033600924,0.20709756966244774,20.58674632994994,0.0428894033600924
591,587194.7190278412,517563.0979231269,T,20.66651958953755,0.0750069672507099,0.2738739988584347,20.66651958953755,0.0750069672507099
592,587195.0049683719,517563.0979231269,T,20.74471363472279,0.10088256727904538,0.3176201619529928,20.74471363472279,0.10088256727904538
593,587195.2909089027,517563.0979231269,T,20.820186094471065,0.12139213257762044,0.3484137376419312,20.820186094471065,0.12139213257762044
594,587195.5768494331,517563.0979231269,T,20.890998984208696,0.13820371226641265,0.3717575988011713,20.890998984208696,0.13820371226641265
595,587195.8627899638,517563.0979231269,T,20.955093924452573,0.1532255917510329,0.3914404063852286,20.955093924452573,0.1532255917510329
596,587196.1487304945,517563.0979231269,T,21.01090681212444,0.16815552378885062,0.4100677063471966,21.01090681212444,0.16815552378885062
597,587196.434671025,517563.0979231269,T,21.057743960888757,0.18401662947674252,0.42897159518637423,21.057743960888757,0.18401662947674252
598,587196.7206115557,517563.0979231269,T,21.095848448027077,0.20096706746219528,0.4482935059335516,21.095848448027077,0.20096706746219528
599,587197.0065520864,517563.0979231269,T,21.12673826719233,0.21856135463348295,0.46750545946917343,21.12673826719233,0.21856135463348295
600,587197.2924926169,517563.0979231269,T,21.15209938644007,0.23627537942068313,0.4860816592103462,21.15209938644007,0.23627537942068313
601,587197.5784331476,517563.0979231269,T,21.172881415845637,0.2536568998137031,0.5036436238191675,21.172881415845637,0.2536568998137031
602,587197.8643736783,517563.0979231269,T,21.189743908613224,0.27039702849607644,0.5199971427768392,21.189743908613224,0.27039702849607644
603,587198.1503142088,517563.0979231269,T,21.203119280488306,0.28631261734020164,0.5350818790990792,21.203119280488306,0.28631261734020164
604,587198.4362547395,517563.0979231269,T,21.213722495835345,0.3013177064495776,0.5489241354227172,21.213722495835345,0.3013177064495776
605,587198.7221952702,517563.0979231269,T,21.22150155163326,0.31546003543668716,0.5616582906329143,21.22150155163326,0.31546003543668716
606,587199.0081358007,517563.0979231269,T,21.226379457740663,0.32874774405011153,0.5733652797738206,21.226379457740663,0.32874774405011153
607,587184.9970497999,517563.3838636575,T,20.805936406816418,0.307006587479462,0.55408175162106,20.805936406816418,0.307006587479462
608,587185.2829903306,517563.3838636575,T,20.781348001118833,0.28480004252318825,0.5336666024056482,20.781348001118833,0.28480004252318825
609,587185.5689308613,517563.3838636575,T,20.754741667811075,0.2603325353937133,0.5102279249450321,20.754741667811075,0.2603325353937133
610,587185.8548713918,517563.3838636575,T,20.726413697935826,0.23375194865049168,0.4834790053875056,20.726413697935826,0.23375194865049168
611,587186.1408119225,517563.3838636575,T,20.69669674935047,0.20522337858106546,0.453015870120535,20.69669674935047,0.20522337858106546
612,587186.426752453,517563.3838636575,T,20.66602032106943,0.175054730819228,0.4183954239941302,20.66602032106943,0.175054730819228
613,587186.7126929837,517563.3838636575,T,20.635019551568668,0.14392240851753607,0.37937106968973805,20.635019551568668,0.14392240851753607
614,587186.9986335144,517563.3838636575,T,20.60440138091395,0.11341902445410312,0.3367774108429826,20.60440138091395,0.11341902445410312
615,587187.2845740449,517563.3838636575,T,20.574068540949845,0.08742553522350337,0.2956780939188823,20.574068540949845,0.08742553522350337
616,587187.5705145756,517563.3838636575,T,20.548074867090975,0.073511016101284965,0.27112915022417816,20.548074867090975,0.073511016101284965
617,587187.8564551063,517563.3838636575,T,20.529477465978882,0.076212292830068,0.27606574005129286,20.529477465978882,0.076212292830068
618,587188.1423956368,517563.3838636575,T,20.51547051165264,0.08811668006999397,0.2968445385551063,20.51547051165264,0.08811668006999397
619,587188.4283361675,517563.3838636575,T,20.50230246393665,0.1006094543278037,0.317189934152715,20.50230246393665,0.1006094543278037
620,587188.7142766982,517563.3838636575,T,20.488246710658157,0.11033517201311295,0.3321673855349332,20.488246710658157,0.11033517201311295
621,587189.0002172287,517563.3838636575,T,20.47326836550697,0.11722305868131992,0.3423785312798101,20.47326836550697,0.11722305868131992
622,587189.2861577594,517563.3838636575,T,20.460178960852097,0.12279462036389883,0.35042063347339986,20.460178960852097,0.12279462036389883
623,587189.5720982901,517563.3838636575,T,20.449558859617003,0.12887297331687692,0.3589888206015292,20.449558859617003,0.12887297331687692
624,587189.8580388206,517563.3838636575,T,20.44152841524555,0.13640865205754577,0.3693354194462613,20.44152841524555,0.13640865205754577
625,587190.1439793513,517563.3838636575,T,20.43619489753241,0.14499998565778863,0.3807886364609488,20.43619489753241,0.14499998565778863
626,587190.429919882,517563.3838636575,T,20.433635926025982,0.15340500637194365,0.3916695116701626,20.433635926025982,0.15340500637194365
627,587190.7158604125,517563.3838636575,T,20.43389922538842,0.1603695262096476,0.40046164137111506,20.43389922538842,0.1603695262096476
628,587191.0018009432,517563.3838636575,T,20.436996809034657,0.16508070858918725,0.4063012534920207,20.436996809034657,0.16508070858918725
629,587191.2877414739,517563.3838636575,T,20.442874545154723,0.1672125562501368,0.40891631937370365,20.442874545154723,0.1672125562501368
630,587191.5736820044,517563.3838636575,T,20.45023893898605,0.16687139676725762,0.40849895565014316,20.45023893898605,0.16687139676725762
631,587191.8596225351,517563.3838636575,T,20.45829918571326,0.16431491127701534,0.40535775714424827,20.45829918571326,0.16431491127701534
632,587192.1455630658,517563.3838636575,T,20.466950648720527,0.15963809384070554,0.3995473611985262,20.466950648720527,0.15963809384070554
633,587192.43150359625,517563.3838636575,T,20.47605375840135,0.1526301893733574,0.3906791386462264,20.47605375840135,0.1526301893733574
634,587192.717444127,517563.3838636575,T,20.485467448276687,0.1427324170334568,0.37779944022385314,20.485467448276687,0.1427324170334568
635,587193.0033846577,517563.3838636575,T,20.4951125690226,0.12916559957999435,0.359396159662279,20.4951125690226,0.12916559957999435
636,587193.2893251881,517563.3838636575,T,20.50512354628748,0.11125906866965515,0.3335551958366938,20.50512354628748,0.11125906866965515
637,587193.5752657189,517563.3838636575,T,20.516315310900588,0.08914960754135011,0.2985793153273517,20.516315310900588,0.08914960754135011
638,587193.8612062493,517563.3838636575,T,20.53191810945828,0.06581538947637311,0.25654510222643717,20.53191810945828,0.06581538947637311
639,587194.14714678,517563.3838636575,T,20.562647708852456,0.05260638170673406,0.2293608111834584,20.562647708852456,0.05260638170673406
640,587194.4330873108,517563.3838636575,T,20.621702603258438,0.06147808159234463,0.24794773963951483,20.621702603258438,0.06147808159234463
641,587194.7190278412,517563.3838636575,T,20.697566780349327,0.08024062648372615,0.28326776463926523,20.697566780349327,0.08024062648372615
642,587195.0049683719,517563.3838636575,T,20.777493639406906,0.097748939760767,0.312648268443577,20.777493639406906,0.097748939760767
643,587195.2909089027,517563.3838636575,T,20.856879448904806,0.11159456036508439,0.33405772010998996,20.856879448904806,0.11159456036508439
644,587195.5768494331,517563.3838636575,T,20.93209075579898,0.12268645406206126,0.35026626166683716,20.93209075579898,0.12268645406206126
645,587195.8627899638,517563.3838636575,T,20.999831138868306,0.13317029460565263,0.36492505340912484,20.999831138868306,0.13317029460565263
646,587196.1487304945,517563.3838636575,T,21.057617105156467,0.14524660442166837,0.38111232520304084,21.057617105156467,0.14524660442166837
647,587196.434671025,517563.3838636575,T,21.10452251884348,0.16007106865561507,0.40008882595695555,21.10452251884348,0.16007106865561507
648,587196.7206115557,517563.3838636575,T,21.14148910888019,0.17734517760074323,0.42112370819124306,21.14148910888019,0.17734517760074323
649,587197.0065520864,517563.3838636575,T,21.17108317068398,0.19594838917674814,0.4426605801025749,21.17108317068398,0.19594838917674814
650,587197.2924926169,517563.3838636575,T,21.195196917931664,0.2148256379194631,0.46349286717215304,21.195196917931664,0.2148256379194631
651,587197.5784331476,517563.3838636575,T,21.21513219683813,0.2332683899952031,0.48297866412006557,21.21513219683813,0.2332683899952031
652,587197.8643736783,517563.3838636575,T,21.23162932721666,0.2509246959176586,0.500923842432818,21.23162932721666,0.2509246959176586
653,587198.1503142088,517563.3838636575,T,21.244729572637173,0.2676994621052015,0.5173968130025556,21.244729572637173,0.2676994621052015
654,587198.4362547395,517563.3838636575,T,21.254899164712306,0.2835831230434602,0.5325252323068459,21.254899164712306,0.2835831230434602
655,587198.7221952702,517563.3838636575,T,21.26257730056268,0.2986400170556215,0.5464796584097358,21.26257730056268,0.2986400170556215
656,587199.0081358007,517563.3838636575,T,21.267518163354126,0.3129192045280125,0.5593918166437658,21.267518163354126,0.3129192045280125
657,587199.2940763314,517563.3838636575,T,21.269512258299855,0.326362997381258,0.5712818895967716,21.269512258299855,0.326362997381258
658,587184.7111092694,517563.6698041881,T,20.833609627733907,0.33161165135498255,0.5758573185737788,20.833609627733907,0.33161165135498255
659,587184.9970497999,517563.6698041881,T,20.812197097038254,0.3126909631874135,0.5591877709566023,20.812197097038254,0.3126909631874135
660,587185.2829903306,517563.6698041881,T,20.788587661981982,0.2916439012183582,0.5400406477464064,20.788587661981982,0.2916439012183582
661,587185.5689308613,517563.6698041881,T,20.763096769046406,0.2685845160165937,0.5182514023295969,20.763096769046406,0.2685845160165937
662,587185.8548713918,517563.6698041881,T,20.73609094806702,0.24377601582111436,0.4937367879965137,20.73609094806702,0.24377601582111436
663,587186.1408119225,517563.6698041881,T,20.707988339758245,0.21753694707125232,0.4664085623905851,20.707988339758245,0.21753694707125232
664,587186.426752453,517563.6698041881,T,20.67934606488585,0.19039844820375254,0.4363467064201958,20.67934606488585,0.19039844820375254
665,587186.7126929837,517563.6698041881,T,20.65097182793981,0.16331747703264798,0.40412557087203477,20.65097182793981,0.16331747703264798
666,587186.9986335144,517563.6698041881,T,20.623812504608757,0.1380116557073363,0.3714992001436023,20.623812504608757,0.1380116557073363
667,587187.2845740449,517563.6698041881,T,20.597392640446554,0.1172990649937882,0.3424895107792182,20.597392640446554,0.1172990649937882
668,587187.5705145756,517563.6698041881,T,20.57339536796232,0.10451265704260364,0.32328417382019126,20.57339536796232,0.10451265704260364
669,587187.8564551063,517563.6698041881,T,20.552775555083162,0.10060018509817555,0.31717532233478624,20.552775555083162,0.10060018509817555
670,587188.1423956368,517563.6698041881,T,20.534895968134023,0.10228249132667462,0.3198163399932446,20.534895968134023,0.10228249132667462
671,587188.4283361675,517563.6698041881,T,20.51807791294994,0.10503798470022105,0.3240956412854407,20.51807791294994,0.10503798470022105
672,587188.7142766982,517563.6698041881,T,20.501035837935444,0.10625544162663748,0.32596846722748735,20.501035837935444,0.10625544162663748
673,587189.0002172287,517563.6698041881,T,20.483941439675696,0.10587488090685492,0.3253842050666487,20.483941439675696,0.10587488090685492
674,587189.2861577594,517563.6698041881,T,20.469400805446657,0.10601645703540952,0.3256016846323273,20.469400805446657,0.10601645703540952
675,587189.5720982901,517563.6698041881,T,20.457650816865552,0.10961721560152322,0.33108490693706233,20.457650816865552,0.10961721560152322
676,587189.8580388206,517563.6698041881,T,20.44875276128042,0.11799561677505366,0.3435049006565316,20.44875276128042,0.11799561677505366
677,587190.1439793513,517563.6698041881,T,20.442757081967567,0.12965044720069488,0.36007005873953873,20.442757081967567,0.12965044720069488
678,587190.429919882,517563.6698041881,T,20.439707593855214,0.14185879908151758,0.37664147286447036,20.439707593855214,0.14185879908151758
679,587190.7158604125,517563.6698041881,T,20.439660854396294,0.15249692090920852,0.39050854140365293,20.439660854396294,0.15249692090920852
680,587191.0018009432,517563.6698041881,T,20.44268749917755,0.16048509889967608,0.4006059147088022,20.44268749917755,0.16048509889967608
681,587191.2877414739,517563.6698041881,T,20.44854487038141,0.16553747718177142,0.4068629710133025,20.44854487038141,0.16553747718177142
682,587191.5736820044,517563.6698041881,T,20.455709396295386,0.16782720907117102,0.40966719306184507,20.455709396295386,0.16782720907117102
683,587191.8596225351,517563.6698041881,T,20.463992122638835,0.16758594828621584,0.40937262767094706,20.463992122638835,0.16758594828621584
684,587192.1455630658,517563.6698041881,T,20.473381189916537,0.16489626516372732,0.40607421139950184,20.473381189916537,0.16489626516372732
685,587192.43150359625,517563.6698041881,T,20.483858655059493,0.1596152577444231,0.39951878271793817,20.483858655059493,0.1596152577444231
686,587192.717444127,517563.6698041881,T,20.495467226682536,0.15141386546921512,0.3891193460485036,20.495467226682536,0.15141386546921512
687,587193.0033846577,517563.6698041881,T,20.50843173701226,0.1399609130756259,0.3741135029314311,20.50843173701226,0.1399609130756259
688,587193.2893251881,517563.6698041881,T,20.523400820411812,0.12529657995869292,0.3539725695003681,20.523400820411812,0.12529657995869292
689,587193.5752657189,517563.6698041881,T,20.541954990327678,0.10851110309970177,0.3294102352685808,20.541954990327678,0.10851110309970177
690,587193.8612062493,517563.6698041881,T,20.567498888371635,0.09281722912173745,0.3046592016035909,20.567498888371635,0.09281722912173745
691,587194.14714678,517563.6698041881,T,20.607121080693496,0.08378533643537676,0.2894569681928158,20.607121080693496,0.08378533643537676
692,587194.4330873108,517563.6698041881,T,20.665968132486856,0.08468685776606934,0.2910100647161011,20.665968132486856,0.08468685776606934
693,587194.7190278412,517563.6698041881,T,20.739180601453484,0.09163263577135454,0.3027088300188063,20.739180601453484,0.09163263577135454
694,587195.0049683719,517563.6698041881,T,20.81943960551892,0.09890461542231836,0.3144910418792853,20.81943960551892,0.09890461542231836
695,587195.2909089027,517563.6698041881,T,20.90181476368321,0.10389221090172006,0.3223231467048559,20.90181476368321,0.10389221090172006
696,587195.5768494331,517563.6698041881,T,20.98124543897317,0.10712792525911286,0.3273040257300739,20.98124543897317,0.10712792525911286
697,587195.8627899638,517563.6698041881,T,21.052622196980657,0.11133773222073079,0.3336730918439945,21.052622196980657,0.11133773222073079
698,587196.1487304945,517563.6698041881,T,21.111646676599683,0.11983720360537913,0.3461751054096454,21.111646676599683,0.11983720360537913
699,587196.434671025,517563.6698041881,T,21.15693239926486,0.13402812740570821,0.3660985214470392,21.15693239926486,0.13402812740570821
700,587196.7206115557,517563.6698041881,T,21.191121859370348,0.15248925027286978,0.39049871993755597,21.191121859370348,0.15248925027286978
701,587197.0065520864,517563.6698041881,T,21.217784359073345,0.17276503853827352,0.4156501395864959,21.217784359073345,0.17276503853827352
702,587197.2924926169,517563.6698041881,T,21.239574107001108,0.19305884871111123,0.4393846250281309,21.239574107001108,0.19305884871111123
703,587197.5784331476,517563.6698041881,T,21.25788845034962,0.21250720144855675,0.4609850338661297,21.25788845034962,0.21250720144855675
704,587197.8643736783,517563.6698041881,T,21.273211904060805,0.2309044188339252,0.48052514901295773,21.273211904060805,0.2309044188339252
705,587198.1503142088,517563.6698041881,T,21.285836506447126,0.24832743956153544,0.4983246327059655,21.285836506447126,0.24832743956153544
706,587198.4362547395,517563.6698041881,T,21.295839525220906,0.2649023673139231,0.5146866690656783,21.295839525220906,0.2649023673139231
707,587198.7221952702,517563.6698041881,T,21.303679714150878,0.28073478804276,0.5298441167388386,21.303679714150878,0.28073478804276
708,587199.0081358007,517563.6698041881,T,21.309024175949688,0.29589633452319614,0.5439635415385815,21.309024175949688,0.29589633452319614
709,587199.2940763314,517563.6698041881,T,21.31136462801365,0.3103287588396485,0.5570715922030565,21.31136462801365,0.3103287588396485
710,587199.5800168621,517563.6698041881,T,21.31045061953728,0.32387127924882386,0.5690968979434204,21.31045061953728,0.32387127924882386
711,587184.4251687387,517563.9557447188,T,20.858022127950118,0.3535177785151853,0.5945736106784301,20.858022127950118,0.3535177785151853
712,587184.7111092694,517563.9557447188,T,20.840040376483056,0.3377462313757766,0.5811593855181009,20.840040376483056,0.3377462313757766
713,587184.9970497999,517563.9557447188,T,20.8197346367402,0.32002623693252324,0.565708614865041,20.8197346367402,0.32002623693252324
714,587185.2829903306,517563.9557447188,T,20.797360314676574,0.30043647493749953,0.5481208579661054,20.797360314676574,0.30043647493749953
715,587185.5689308613,517563.9557447188,T,20.773254560414532,0.2791019203222305,0.5283009751289794,20.773254560414532,0.2791019203222305
716,587185.8548713918,517563.9557447188,T,20.74783992578624,0.25635091717123937,0.5063110873477287,20.74783992578624,0.25635091717123937
717,587186.1408119225,517563.9557447188,T,20.721596172312907,0.23259568126244498,0.4822817446912593,20.721596172312907,0.23259568126244498
718,587186.426752453,517563.9557447188,T,20.69513951262005,0.20843421766729553,0.4565459644628299,20.69513951262005,0.20843421766729553
719,587186.7126929837,517563.9557447188,T,20.66929680166772,0.18477486756070796,0.42985447253775083,20.66929680166772,0.18477486756070796
720,587186.9986335144,517563.9557447188,T,20.645009713600658,0.16291932473640616,0.4036326606413388,20.645009713600658,0.16291932473640616
721,587187.2845740449,517563.9557447188,T,20.621284209484042,0.14446832949978183,0.38008989660313497,20.621284209484042,0.14446832949978183
722,587187.5705145756,517563.9557447188,T,20.598198847051023,0.13082746103485515,0.36170078937549355,20.598198847051023,0.13082746103485515
723,587187.8564551063,517563.9557447188,T,20.576525497155068,0.12191742798914179,0.34916676243471656,20.576525497155068,0.12191742798914179
724,587188.1423956368,517563.9557447188,T,20.556199909565013,0.1157629949034374,0.34023961395380964,20.556199909565013,0.1157629949034374
725,587188.4283361675,517563.9557447188,T,20.53651233997754,0.10966081430533928,0.331150742571022,20.53651233997754,0.10966081430533928
726,587188.7142766982,517563.9557447188,T,20.516716591089033,0.10177241686517559,0.3190178942711139,20.516716591089033,0.10177241686517559
727,587189.0002172287,517563.9557447188,T,20.497432839548228,0.09229617664618041,0.3038028581929084,20.497432839548228,0.09229617664618041
728,587189.2861577594,517563.9557447188,T,20.48112993474196,0.08454458399227309,0.2907655137602688,20.48112993474196,0.08454458399227309
729,587189.5720982901,517563.9557447188,T,20.467944669298326,0.08449269385637484,0.2906762698542398,20.467944669298326,0.08449269385637484
730,587189.8580388206,517563.9557447188,T,20.45794100896873,0.09490856278333565,0.3080723336869698,20.45794100896873,0.09490856278333565
731,587190.1439793513,517563.9557447188,T,20.45108200868368,0.11133383835452622,0.33366725694099236,20.45108200868368,0.11133383835452622
732,587190.429919882,517563.9557447188,T,20.447354368387266,0.12817378954283448,0.35801367228478087,20.447354368387266,0.12817378954283448
733,587190.7158604125,517563.9557447188,T,20.446864107729844,0.14250680062076412,0.37750072929832085,20.446864107729844,0.14250680062076412
734,587191.0018009432,517563.9557447188,T,20.449765672670416,0.15342655995258958,0.3916970257132285,20.449765672670416,0.15342655995258958
735,587191.2877414739,517563.9557447188,T,20.45532365348652,0.1609728902650883,0.40121426976752494,20.45532365348652,0.1609728902650883
736,587191.5736820044,517563.9557447188,T,20.462413093796435,0.1655727501922482,0.40690631623538137,20.462413093796435,0.1655727501922482
737,587191.8596225351,517563.9557447188,T,20.47113767640173,0.16758187576288427,0.4093676535376046,20.47113767640173,0.16758187576288427
738,587192.1455630658,517563.9557447188,T,20.481572941698445,0.16714957274748707,0.4088392994166376,20.481572941698445,0.16714957274748707
739,587192.43150359625,517563.9557447188,T,20.493805987977016,0.16420969501202742,0.4052279543812685,20.493805987977016,0.16420969501202742
740,587192.717444127,517563.9557447188,T,20.508024031489292,0.15858871871511757,0.3982319910744459,20.508024031489292,0.15858871871511757
741,587193.0033846577,517563.9557447188,T,20.524649299379973,0.1502162050148104,0.3875773535886874,20.524649299379973,0.1502162050148104
742,587193.2893251881,517563.9557447188,T,20.544540080587794,0.13943120493942784,0.37340488071184585,20.544540080587794,0.13943120493942784
743,587193.5752657189,517563.9557447188,T,20.569253309931884,0.1273526394289886,0.3568650156977966,20.569253309931884,0.1273526394289886
744,587193.8612062493,517563.9557447188,T,20.60190671138495,0.11609749173653022,0.3407308200567278,20.60190671138495,0.11609749173653022
745,587194.14714678,517563.9557447188,T,20.64839705350861,0.10819522304320166,0.3289304227997186,20.64839705350861,0.10819522304320166
746,587194.4330873108,517563.9557447188,T,20.709670924893665,0.10456485371749742,0.3233648925246793,20.709670924893665,0.10456485371749742
747,587194.7190278412,517563.9557447188,T,20.7831440116537,0.10332185018724463,0.32143716366849157,20.7831440116537,0.10332185018724463
748,587195.0049683719,517563.9557447188,T,20.86473247743001,0.10140328947323991,0.3184388316038732,20.86473247743001,0.10140328947323991
749,587195.2909089027,517563.9557447188,T,20.95065605787947,0.09694505896542231,0.3113600150395396,20.95065605787947,0.09694505896542231
750,587195.5768494331,517563.9557447188,T,21.035477237423493,0.09059575070477874,0.3009912801141899,21.035477237423493,0.09059575070477874
751,587195.8627899638,517563.9557447188,T,21.11181169746899,0.08639915800048895,0.2939373368602379,21.11181169746899,0.08639915800048895
752,587196.1487304945,517563.9557447188,T,21.17157150573556,0.09072454730574696,0.30120515816590354,21.17157150573556,0.09072454730574696
753,587196.434671025,517563.9557447188,T,21.21276079860363,0.10581923175134905,0.32529868083247593,21.21276079860363,0.10581923175134905
754,587196.7206115557,517563.9557447188,T,21.241306466746476,0.1272277842848693,0.35669003950891215,21.241306466746476,0.1272277842848693
755,587197.0065520864,517563.9557447188,T,21.26319494623324,0.15001066360552723,0.3873121010316192,21.26319494623324,0.15001066360552723
756,587197.2924926169,517563.9557447188,T,21.281523818629253,0.17178582113731883,0.4144705310843207,21.281523818629253,0.17178582113731883
757,587197.5784331476,517563.9557447188,T,21.29759513339463,0.19194841467201978,0.4381191786169829,21.29759513339463,0.19194841467201978
758,587197.8643736783,517563.9557447188,T,21.311998301884206,0.21066888169513945,0.45898679904234657,21.311998301884206,0.21066888169513945
759,587198.1503142088,517563.9557447188,T,21.32473459297305,0.2283481443952647,0.47785787049630635,21.32473459297305,0.2283481443952647
760,587198.4362547395,517563.9557447188,T,21.33542944368479,0.24532011882012503,0.4952980101112108,21.33542944368479,0.24532011882012503
761,587198.7221952702,517563.9557447188,T,21.344119003434525,0.26174882447319314,0.5116139408511002,21.344119003434525,0.26174882447319314
762,587199.0081358007,517563.9557447188,T,21.350378259275626,0.2776915269657049,0.5269644456371843,21.350378259275626,0.2776915269657049
763,587199.2940763314,517563.9557447188,T,21.353610562172733,0.2930379710750169,0.5413298172787242,21.353610562172733,0.2930379710750169
764,587199.5800168621,517563.9557447188,T,21.35314385147012,0.3076431744782874,0.5546559063764555,21.35314385147012,0.3076431744782874
765,587199.8659573926,517563.9557447188,T,21.348986456018743,0.32138824646731406,0.5669111451253309,21.348986456018743,0.32138824646731406
766,587184.9970497999,517564.2416852494,T,20.828266604573297,0.32858221155683187,0.5732209099089389,20.828266604573297,0.32858221155683187
767,587185.2829903306,517564.2416852494,T,20.80731296307591,0.3106107402524231,0.5573246273514415,20.80731296307591,0.3106107402524231
768,587185.5689308613,517564.2416852494,T,20.78477079994571,0.2911417168353294,0.5395754968818816,20.78477079994571,0.2911417168353294
769,587185.8548713918,517564.2416852494,T,20.76108501324813,0.27048716285430663,0.5200838036838935,20.76108501324813,0.27048716285430663
770,587186.1408119225,517564.2416852494,T,20.73676734747408,0.24908644844446368,0.4990856123396703,20.73676734747408,0.24908644844446368
771,587186.426752453,517564.2416852494,T,20.712429694091014,0.22747757348225026,0.47694609075056926,20.712429694091014,0.22747757348225026
772,587186.7126929837,517564.2416852494,T,20.688828596508504,0.20635628984632443,0.45426455931133836,20.688828596508504,0.20635628984632443
773,587186.9986335144,517564.2416852494,T,20.666821073990445,0.18653470544106582,0.43189663745051987,20.666821073990445,0.18653470544106582
774,587187.2845740449,517564.2416852494,T,20.644873502773113,0.1688164449111766,0.41087278433984475,20.644873502773113,0.1688164449111766
775,587187.5705145756,517564.2416852494,T,20.622457283506645,0.153710054630949,0.39205873875090325,20.622457283506645,0.153710054630949
776,587187.8564551063,517564.2416852494,T,20.600238106044475,0.14076295965963395,0.37518390112001604,20.600238106044475,0.14076295965963395
777,587188.1423956368,517564.2416852494,T,20.57835770924585,0.1284886837777908,0.3584531821281418,20.57835770924585,0.1284886837777908
778,587188.4283361675,517564.2416852494,T,20.556562562552052,0.1149033267570767,0.3389739322677729,20.556562562552052,0.1149033267570767
779,587188.7142766982,517564.2416852494,T,20.534476488641918,0.09834990265852413,0.31360788041521553,20.534476488641918,0.09834990265852413
780,587189.0002172287,517564.2416852494,T,20.513119748808005,0.07850918727466237,0.2801949094374528,20.513119748808005,0.07850918727466237
781,587189.2861577594,517564.2416852494,T,20.494882707740445,0.058887183192149105,0.24266681518524347,20.494882707740445,0.058887183192149105
782,587189.5720982901,517564.2416852494,T,20.48004202943504,0.05262065740257916,0.2293919296805778,20.48004202943504,0.05262065740257916
783,587189.8580388206,517564.2416852494,T,20.468834461006345,0.06890935972703005,0.2625059232227533,20.468834461006345,0.06890935972703005
784,587190.1439793513,517564.2416852494,T,20.460966515395327,0.09284300646394328,0.3047015038754211,20.460966515395327,0.09284300646394328
785,587190.429919882,517564.2416852494,T,20.456383177555406,0.114575725907955,0.33849036309466035,20.456383177555406,0.114575725907955
786,587190.7158604125,517564.2416852494,T,20.4552692613656,0.13185773696324934,0.36312220665121725,20.4552692613656,0.13185773696324934
787,587191.0018009432,517564.2416852494,T,20.457811455630296,0.14472546649414622,0.3804280043505554,20.457811455630296,0.14472546649414622
788,587191.2877414739,517564.2416852494,T,20.462814261288816,0.15392030169347548,0.3923267792204293,20.462814261288816,0.15392030169347548
789,587191.5736820044,517564.2416852494,T,20.46984180755058,0.16026466203582562,0.40033069084923484,20.46984180755058,0.16026466203582562
790,587191.8596225351,517564.2416852494,T,20.47908727521263,0.16430560725637489,0.40534628067416,20.47908727521263,0.16430560725637489
791,587192.1455630658,517564.2416852494,T,20.490680921674194,0.16624135305267168,0.40772705705247436,20.490680921674194,0.16624135305267168
792,587192.43150359625,517564.2416852494,T,20.504756036191562,0.16599685402836875,0.4074271149891337,20.504756036191562,0.16599685402836875
793,587192.717444127,517564.2416852494,T,20.52154932403305,0.1634047803015256,0.40423357146769195,20.52154932403305,0.1634047803015256
794,587193.0033846577,517564.2416852494,T,20.54151956210581,0.15842671516375845,0.398028535614921,20.54151956210581,0.15842671516375845
795,587193.2893251881,517564.2416852494,T,20.565466870281035,0.1513629862398271,0.38905396314628016,20.565466870281035,0.1513629862398271
796,587193.5752657189,517564.2416852494,T,20.594664299913568,0.1429833090727489,0.3781313383901801,20.594664299913568,0.1429833090727489
797,587193.8612062493,517564.2416852494,T,20.633682360773253,0.13448874564467087,0.36672707241853697,20.633682360773253,0.13448874564467087
798,587194.14714678,517564.2416852494,T,20.685256889075163,0.12695672882125422,0.3563098775241212,20.685256889075163,0.12695672882125422
799,587194.4330873108,517564.2416852494,T,20.749279575184364,0.12044430017201,0.3470508610737193,20.749279575184364,0.12044430017201
800,587194.7190278412,517564.2416852494,T,20.824024966501284,0.11363822212543355,0.33710268780511604,20.824024966501284,0.11363822212543355
801,587195.0049683719,517564.2416852494,T,20.90701988673179,0.10447810573627793,0.323230731423047,20.90701988673179,0.10447810573627793
802,587195.2909089027,517564.2416852494,T,20.99600388704188,0.09132023074934383,0.30219237374451363,20.99600388704188,0.09132023074934383
803,587195.5768494331,517564.2416852494,T,21.086858054223274,0.07421267056811931,0.2724200260041822,21.086858054223274,0.07421267056811931
804,587195.8627899638,517564.2416852494,T,21.171494149274114,0.05788807901941158,0.24059941608285665,21.171494149274114,0.05788807901941158
805,587196.1487304945,517564.2416852494,T,21.23266861690624,0.056943336690474,0.23862802997651805,21.23266861690624,0.056943336690474
806,587196.434671025,517564.2416852494,T,21.264764944349384,0.0771896451446991,0.27783024519425364,21.264764944349384,0.0771896451446991
807,587196.7206115557,517564.2416852494,T,21.284202204439026,0.10406946770135073,0.32259799705105224,21.284202204439026,0.10406946770135073
808,587197.0065520864,517564.2416852494,T,21.299870620205954,0.12962905720042067,0.36004035496096914,21.299870620205954,0.12962905720042067
809,587197.2924926169,517564.2416852494,T,21.31441780176526,0.1522493220837631,0.3901913916064309,21.31441780176526,0.1522493220837631
810,587197.5784331476,517564.2416852494,T,21.32872100538699,0.17225479137466768,0.41503589167042854,21.32872100538699,0.17225479137466768
811,587197.8643736783,517564.2416852494,T,21.342916262084433,0.19050286270359537,0.436466336277605,21.342916262084433,0.19050286270359537
812,587198.1503142088,517564.2416852494,T,21.35669255648493,0.2078401167205484,0.45589485270240593,21.35669255648493,0.2078401167205484
813,587198.4362547395,517564.2416852494,T,21.36937052541417,0.22482673410050352,0.47415897555619835,21.36937052541417,0.22482673410050352
814,587198.7221952702,517564.2416852494,T,21.38041900808843,0.24165351665056806,0.49158266512415594,21.38041900808843,0.24165351665056806
815,587199.0081358007,517564.2416852494,T,21.389369636391493,0.25828251895329046,0.5082150321992557,21.389369636391493,0.25828251895329046
816,587199.2940763314,517564.2416852494,T,21.395062425960333,0.27450188790237173,0.5239292775770139,21.395062425960333,0.27450188790237173
817,587199.5800168621,517564.2416852494,T,21.396421323747628,0.2901321308959677,0.5386391471996513,21.396421323747628,0.2901321308959677
818,587199.8659573926,517564.2416852494,T,21.39271674073227,0.30501180785704496,0.5522787410873652,21.39271674073227,0.30501180785704496
819,587200.1518979233,517564.2416852494,T,21.384506671214695,0.3190006932781993,0.5648014635942432,21.384506671214695,0.3190006932781993
820,587200.437838454,517564.2416852494,T,21.37181093536573,0.3320741635383679,0.5762587643918033,21.37181093536573,0.3320741635383679
821,587185.2829903306,517564.52762577997,T,20.818077049553096,0.3216210034201889,0.567116393185904,20.818077049553096,0.3216210034201889
822,587185.5689308613,517564.52762577997,T,20.797201135050894,0.3040271863509194,0.5513866033473424,20.797201135050894,0.3040271863509194
823,587185.8548713918,517564.52762577997,T,20.775290841942713,0.28536823933368305,0.534198689004085,20.775290841942713,0.28536823933368305
824,587186.1408119225,517564.52762577997,T,20.75286566808552,0.2660566063133883,0.5158067528768776,20.75286566808552,0.2660566063133883
825,587186.426752453,517564.52762577997,T,20.730497533584916,0.24651568405432922,0.49650345825012054,20.730497533584916,0.24651568405432922
826,587186.7126929837,517564.52762577997,T,20.708843954208014,0.2272046133855874,0.47665985082193296,20.708843954208014,0.2272046133855874
827,587186.9986335144,517564.52762577997,T,20.688472109422257,0.20856059633423354,0.4566843508751242,20.688472109422257,0.20856059633423354
828,587187.2845740449,517564.52762577997,T,20.667892306631206,0.1909469824268077,0.4369748075425032,20.667892306631206,0.1909469824268077
829,587187.5705145756,517564.52762577997,T,20.646127914620056,0.17442121598107274,0.4176376611143597,20.646127914620056,0.17442121598107274
830,587187.8564551063,517564.52762577997,T,20.623719067662613,0.15841590656737983,0.3980149577181489,20.623719067662613,0.15841590656737983
831,587188.1423956368,517564.52762577997,T,20.600896284377477,0.1417109758497065,0.37644518306083624,20.600896284377477,0.1417109758497065
832,587188.4283361675,517564.52762577997,T,20.577636014782172,0.12268905019120659,0.3502699675838718,20.577636014782172,0.12268905019120659
833,587188.7142766982,517564.52762577997,T,20.553791475550078,0.09969479403420992,0.31574482423978056,20.553791475550078,0.09969479403420992
834,587189.0002172287,517564.52762577997,T,20.53062495695621,0.07135597800432619,0.2671253975276896,20.53062495695621,0.07135597800432619
835,587189.2861577594,517564.52762577997,T,20.51042855322768,0.03717998922325433,0.19282113271956042,20.51042855322768,0.03717998922325433
836,587189.5720982901,517564.52762577997,T,20.493603014153248,0.01437988446391859,0.11991615597540888,20.493603014153248,0.01437988446391859
837,587189.8580388206,517564.52762577997,T,20.48136811626198,0.04876259934264642,0.22082255170757906,20.48136811626198,0.04876259934264642
838,587190.1439793513,517564.52762577997,T,20.47232771826996,0.08001494328089453,0.2828691274792895,20.47232771826996,0.08001494328089453
839,587190.429919882,517564.52762577997,T,20.466623621734694,0.10416775457958286,0.3227502975669935,20.466623621734694,0.10416775457958286
840,587190.7158604125,517564.52762577997,T,20.464568909461487,0.12207286813844755,0.34938927879722864,20.464568909461487,0.12207286813844755
841,587191.0018009432,517564.52762577997,T,20.46630465237175,0.13504319210083202,0.3674822337213488,20.46630465237175,0.13504319210083202
842,587191.2877414739,517564.52762577997,T,20.47057478360625,0.1445527159955848,0.38020088899894067,20.47057478360625,0.1445527159955848
843,587191.5736820044,517564.52762577997,T,20.477447525323186,0.15183125823210078,0.38965530694717965,20.477447525323186,0.15183125823210078
844,587191.8596225351,517564.52762577997,T,20.487176552313237,0.1575738482926296,0.39695572585948374,20.487176552313237,0.1575738482926296
845,587192.1455630658,517564.52762577997,T,20.49988998734644,0.16190380232390492,0.40237271568025695,20.49988998734644,0.16190380232390492
846,587192.43150359625,517564.52762577997,T,20.515681172811863,0.164563233012763,0.4056639409816492,20.515681172811863,0.164563233012763
847,587192.717444127,517564.52762577997,T,20.53472951054701,0.1652054011573724,0.40645467294321075,20.53472951054701,0.1652054011573724
848,587193.0033846577,517564.52762577997,T,20.557403136482698,0.16364239791601845,0.4045273759784601,20.557403136482698,0.16364239791601845
849,587193.2893251881,517564.52762577997,T,20.58431386479211,0.15997986051474727,0.39997482485119895,20.58431386479211,0.15997986051474727
850,587193.5752657189,517564.52762577997,T,20.617544592402336,0.15463686764567255,0.3932389447214919,20.617544592402336,0.15463686764567255
851,587193.8612062493,517564.52762577997,T,20.661492659810513,0.14824300472904972,0.385023382054973,20.661492659810513,0.14824300472904972
852,587194.14714678,517564.52762577997,T,20.716344350512745,0.14117136772532135,0.37572778407421686,20.716344350512745,0.14117136772532135
853,587194.4330873108,517564.52762577997,T,20.781292328996948,0.1331444155255556,0.36488959361093815,20.781292328996948,0.1331444155255556
854,587194.7190278412,517564.52762577997,T,20.855397118247204,0.12306889076448682,0.3508117597294692,20.855397118247204,0.12306889076448682
855,587195.0049683719,517564.52762577997,T,20.938060560405066,0.10929463448991836,0.33059739032532964,20.938060560405066,0.10929463448991836
856,587195.2909089027,517564.52762577997,T,21.028067821073392,0.09013491062831865,0.3002247668469719,21.028067821073392,0.09013491062831865
857,587195.5768494331,517564.52762577997,T,21.123495983215125,0.0642532652568587,0.25348227799366707,21.123495983215125,0.0642532652568587
858,587195.8627899638,517564.52762577997,T,21.22167125359098,0.03164267256169819,0.17788387381012982,21.22167125359098,0.03164267256169819
859,587196.1487304945,517564.52762577997,T,21.290480500404634,0.020473003466320826,0.14308390358919074,21.290480500404634,0.020473003466320826
860,587196.434671025,517564.52762577997,T,21.302401443921326,0.055987877979670635,0.23661757749514434,21.302401443921326,0.055987877979670635
861,587196.7206115557,517564.52762577997,T,21.31230675022406,0.08798096641585282,0.2966158566493923,21.31230675022406,0.08798096641585282
862,587197.0065520864,517564.52762577997,T,21.323258849939656,0.11417793718277652,0.3379022598071468,21.323258849939656,0.11417793718277652
863,587197.2924926169,517564.52762577997,T,21.335599573628645,0.13562499278053552,0.3682729867646221,21.335599573628645,0.13562499278053552
864,587197.5784331476,517564.52762577997,T,21.34936781501022,0.15385111251337996,0.39223859131067146,21.34936781501022,0.15385111251337996
865,587197.8643736783,517564.52762577997,T,21.364406517227074,0.1704414114850757,0.4128455055890468,21.364406517227074,0.1704414114850757
866,587198.1503142088,517564.52762577997,T,21.380230168208854,0.1866883874969748,0.432074516139259,21.380230168208854,0.1866883874969748
867,587198.4362547395,517564.52762577997,T,21.395924980225654,0.20331542054732915,0.45090511257617066,21.395924980225654,0.20331542054732915
868,587198.7221952702,517564.52762577997,T,21.41041693150372,0.2204214790242748,0.46949065914485966,21.41041693150372,0.2204214790242748
869,587199.0081358007,517564.52762577997,T,21.423018735601847,0.23772516121505874,0.4875706730465428,21.423018735601847,0.23772516121505874
870,587199.2940763314,517564.52762577997,T,21.43229744695973,0.2548416421714743,0.5048184249524519,21.43229744695973,0.2548416421714743
871,587199.5800168621,517564.52762577997,T,21.436932175408913,0.2714763537679611,0.5210339276553506,21.436932175408913,0.2714763537679611
872,587199.8659573926,517564.52762577997,T,21.435850678824487,0.2874070087411954,0.5361035429291579,21.435850678824487,0.2874070087411954
873,587200.1518979233,517564.52762577997,T,21.428793478777422,0.3024653972351875,0.5499685420414403,21.428793478777422,0.3024653972351875
874,587200.437838454,517564.52762577997,T,21.415770698760447,0.3166097657495974,0.5626808738082337,21.415770698760447,0.3166097657495974
875,587200.7237789845,517564.52762577997,T,21.39720445501661,0.3298394728764835,0.574316526731108,21.39720445501661,0.3298394728764835
876,587185.5689308613,517564.81356631056,T,20.81012584152421,0.31718663203148706,0.5631932457260892,20.81012584152421,0.31718663203148706
877,587185.8548713918,517564.81356631056,T,20.789991994022092,0.3003868633732587,0.54807560005282,20.789991994022092,0.3003868633732587
878,587186.1408119225,517564.81356631056,T,20.769382895511235,0.28289027178561166,0.5318743007380707,20.769382895511235,0.28289027178561166
879,587186.426752453,517564.81356631056,T,20.748825710754158,0.2650212570485274,0.5148021533060322,20.748825710754158,0.2650212570485274
880,587186.7126929837,517564.81356631056,T,20.72888053660976,0.24704383306483071,0.4970350420894192,20.72888053660976,0.24704383306483071
881,587186.9986335144,517564.81356631056,T,20.709577311670955,0.22918383983117105,0.478731490327481,20.709577311670955,0.22918383983117105
882,587187.2845740449,517564.81356631056,T,20.69018040873024,0.21155851981138887,0.4599549106286277,20.69018040873024,0.21155851981138887
883,587187.5705145756,517564.81356631056,T,20.669146216670587,0.19402657984034077,0.44048448308690824,20.669146216670587,0.19402657984034077
884,587187.8564551063,517564.81356631056,T,20.64684561863801,0.17606104117272123,0.41959628355446765,20.64684561863801,0.17606104117272123
885,587188.1423956368,517564.81356631056,T,20.623552619338422,0.15672880068612152,0.395889884546349,20.623552619338422,0.15672880068612152
886,587188.4283361675,517564.81356631056,T,20.599372201117394,0.13486801557871855,0.36724380944914314,20.599372201117394,0.13486801557871855
887,587188.7142766982,517564.81356631056,T,20.574311681744454,0.10937100883845231,0.3307128797589418,20.574311681744454,0.10937100883845231
888,587189.0002172287,517564.81356631056,T,20.549748177315802,0.07965683490338671,0.28223542460751927,20.549748177315802,0.07965683490338671
889,587189.2861577594,517564.81356631056,T,20.528129379922675,0.047594331462558224,0.21816125105654813,20.528129379922675,0.047594331462558224
890,587189.5720982901,517564.81356631056,T,20.50993128990149,0.03145069884826795,0.17734344884508124,20.50993128990149,0.03145069884826795
891,587189.8580388206,517564.81356631056,T,20.495810583507456,0.05282972046488356,0.22984716762423582,20.495810583507456,0.05282972046488356
892,587190.1439793513,517564.81356631056,T,20.485126634056893,0.07864213700733932,0.2804320541723776,20.485126634056893,0.07864213700733932
893,587190.429919882,517564.81356631056,T,20.477886941713557,0.09910448973711433,0.31480865575316436,20.477886941713557,0.09910448973711433
894,587190.7158604125,517564.81356631056,T,20.474473898304133,0.113939021650725,0.3375485471020798,20.474473898304133,0.113939021650725
895,587191.0018009432,517564.81356631056,T,20.474896800434827,0.12449373724251908,0.35283670053229876,20.474896800434827,0.12449373724251908
896,587191.2877414739,517564.81356631056,T,20.47815750168172,0.13262394383025608,0.36417570461283666,20.47815750168172,0.13262394383025608
897,587191.5736820044,517564.81356631056,T,20.48469637196359,0.13990205413489895,0.37403483010930805,20.48469637196359,0.13990205413489895
898,587191.8596225351,517564.81356631056,T,20.494807594565394,0.14705452437412492,0.38347688897001986,20.494807594565394,0.14705452437412492
899,587192.1455630658,517564.81356631056,T,20.50853004159506,0.15388077067301253,0.3922763957632584,20.50853004159506,0.15388077067301253
900,587192.43150359625,517564.81356631056,T,20.525805609051407,0.1596619062198745,0.3995771592820021,20.525805609051407,0.1596619062198745
901,587192.717444127,517564.81356631056,T,20.546657889559263,0.16366910278952537,0.4045603821304372,20.546657889559263,0.16366910278952537
902,587193.0033846577,517564.81356631056,T,20.571291134655173,0.16545904054853836,0.4067665676386622,20.571291134655173,0.16545904054853836
903,587193.2893251881,517564.81356631056,T,20.600185203707404,0.16493055194694156,0.406116426590875,20.600185203707404,0.16493055194694156
904,587193.5752657189,517564.81356631056,T,20.63700068316223,0.16230627489782334,0.40287252934125867,20.63700068316223,0.16230627489782334
905,587193.8612062493,517564.81356631056,T,20.6829236530906,0.15791168498775196,0.39738103249620754,20.6829236530906,0.15791168498775196
906,587194.14714678,517564.81356631056,T,20.738034033773037,0.15181207087017423,0.3896306852266313,20.738034033773037,0.15181207087017423
907,587194.4330873108,517564.81356631056,T,20.802040885655142,0.143629374808781,0.3789846630258024,20.802040885655142,0.143629374808781
908,587194.7190278412,517564.81356631056,T,20.874229931669884,0.13249294561978606,0.363995804398603,20.874229931669884,0.13249294561978606
909,587195.0049683719,517564.81356631056,T,20.95448398372274,0.11721093927192806,0.34236083197691886,20.95448398372274,0.11721093927192806
910,587195.2909089027,517564.81356631056,T,21.041485780767136,0.09665305609562845,0.31089074623672613,21.041485780767136,0.09665305609562845
911,587195.5768494331,517564.81356631056,T,21.13314221652296,0.07024619606824146,0.26503998956429475,21.13314221652296,0.07024619606824146
912,587195.8627899638,517564.81356631056,T,21.22491959938273,0.04041037273847982,0.20102331391776382,21.22491959938273,0.04041037273847982
913,587196.1487304945,517564.81356631056,T,21.288648789746137,0.031242638417032242,0.1767558723692999,21.288648789746137,0.031242638417032242
914,587196.434671025,517564.81356631056,T,21.307767980000158,0.05680282539292697,0.2383334332252338,21.307767980000158,0.05680282539292697
915,587196.7206115557,517564.81356631056,T,21.31913720702395,0.083488134558827,0.2889431337803807,21.31913720702395,0.083488134558827
916,587197.0065520864,517564.81356631056,T,21.33059708525576,0.10515036296522377,0.32426896700921565,21.33059708525576,0.10515036296522377
917,587197.2924926169,517564.81356631056,T,21.34353891139908,0.12225784110447202,0.3496538875866705,21.34353891139908,0.12225784110447202
918,587197.5784331476,517564.81356631056,T,21.358502632280267,0.13653961157145314,0.3695126676738609,21.358502632280267,0.13653961157145314
919,587197.8643736783,517564.81356631056,T,21.37569844408542,0.15004177047229544,0.38735225631496645,21.37569844408542,0.15004177047229544
920,587198.1503142088,517564.81356631056,T,21.39481525324122,0.16444256126497234,0.40551518006724774,21.39481525324122,0.16444256126497234
921,587198.4362547395,517564.81356631056,T,21.414808316915053,0.1804981240383796,0.42485070794148333,21.414808316915053,0.1804981240383796
922,587198.7221952702,517564.81356631056,T,21.434081701092758,0.19797337463384723,0.4449419901895608,21.434081701092758,0.19797337463384723
923,587199.0081358007,517564.81356631056,T,21.451467920337247,0.21611395753155996,0.4648805841628148,21.451467920337247,0.21611395753155996
924,587199.2940763314,517564.81356631056,T,21.465251090467653,0.2342419990950359,0.4839855360390803,21.465251090467653,0.2342419990950359
925,587199.5800168621,517564.81356631056,T,21.473827307123226,0.2518836483564823,0.5018801135295982,21.473827307123226,0.2518836483564823
926,587199.8659573926,517564.81356631056,T,21.47596128080365,0.2687680797556911,0.5184284712047469,21.47596128080365,0.2687680797556911
927,587200.1518979233,517564.81356631056,T,21.471035618675074,0.28476396932886316,0.5336328038350558,21.471035618675074,0.28476396932886316
928,587200.437838454,517564.81356631056,T,21.459533579422327,0.29985098724886156,0.5475865112006153,21.459533579422327,0.29985098724886156
929,587200.7237789845,517564.81356631056,T,21.44138557452696,0.3140866801905063,0.560434367424506,21.44138557452696,0.3140866801905063
930,587201.0097195152,517564.81356631056,T,21.416666759306555,0.3274677029707251,0.572247938371756,21.416666759306555,0.3274677029707251
931,587185.8548713918,517565.0995068413,T,20.80479226308507,0.31510994922021685,0.5613465500207665,20.80479226308507,0.31510994922021685
932,587186.1408119225,517565.0995068413,T,20.785916243157686,0.29921350217920767,0.5470041153220034,20.785916243157686,0.29921350217920767
933,587186.426752453,517565.0995068413,T,20.767033068783704,0.2827491058704809,0.5317415780907874,20.767033068783704,0.2827491058704809
934,587186.7126929837,517565.0995068413,T,20.748505064695866,0.2658596336343007,0.5156157810175138,20.748505064695866,0.2658596336343007
935,587186.9986335144,517565.0995068413,T,20.730023661065548,0.2486821890217366,0.49868044780373794,20.730023661065548,0.2486821890217366
936,587187.2845740449,517565.0995068413,T,20.711594660248554,0.23120520967597882,0.4808380285251769,20.711594660248554,0.23120520967597882
937,587187.5705145756,517565.0995068413,T,20.691420361052447,0.21323693286092593,0.4617758469873949,20.691420361052447,0.21323693286092593
938,587187.8564551063,517565.0995068413,T,20.66949925677088,0.19439081475796116,0.44089773730192944,20.66949925677088,0.19439081475796116
939,587188.1423956368,517565.0995068413,T,20.64612916535458,0.1740815724452945,0.4172308383201013,20.64612916535458,0.1740815724452945
940,587188.4283361675,517565.0995068413,T,20.621493488047655,0.1517250514163778,0.38951900007108486,20.621493488047655,0.1517250514163778
941,587188.7142766982,517565.0995068413,T,20.595707521377417,0.12712577135275283,0.3565470114203074,20.595707521377417,0.12712577135275283
942,587189.0002172287,517565.0995068413,T,20.570118119249706,0.10129737484096944,0.31827248520877427,20.570118119249706,0.10129737484096944
943,587189.2861577594,517565.0995068413,T,20.547402607000986,0.07847154239690425,0.2801277251485548,20.547402607000986,0.07847154239690425
944,587189.5720982901,517565.0995068413,T,20.527891691165834,0.0679113086317342,0.26059798278523605,20.527891691165834,0.0679113086317342
945,587189.8580388206,517565.0995068413,T,20.511839809547386,0.07387877706413473,0.271806506662616,20.511839809547386,0.07387877706413473
946,587190.1439793513,517565.0995068413,T,20.49918413078331,0.08686348251750572,0.2947261144138838,20.49918413078331,0.08686348251750572
947,587190.429919882,517565.0995068413,T,20.490017413648655,0.09868935876844563,0.31414862528498455,20.490017413648655,0.09868935876844563
948,587190.7158604125,517565.0995068413,T,20.48476562328015,0.10698790512789724,0.32709005660199647,20.48476562328015,0.10698790512789724
949,587191.0018009432,517565.0995068413,T,20.483300877548125,0.11249612329147636,0.33540441751932304,20.483300877548125,0.11249612329147636
950,587191.2877414739,517565.0995068413,T,20.485145307645215,0.11740141729251427,0.34263890218787807,20.485145307645215,0.11740141729251427
951,587191.5736820044,517565.0995068413,T,20.491112132643376,0.12380837365298239,0.3518641409023977,20.491112132643376,0.12380837365298239
952,587191.8596225351,517565.0995068413,T,20.501520924574248,0.1323718644882195,0.363829444229325,20.501520924574248,0.1323718644882195
953,587192.1455630658,517565.0995068413,T,20.51616644408375,0.14209892333795174,0.3769601084172591,20.51616644408375,0.14209892333795174
954,587192.43150359625,517565.0995068413,T,20.534681687706772,0.15136498315490882,0.38905652951069825,20.534681687706772,0.15136498315490882
955,587192.717444127,517565.0995068413,T,20.55685310380616,0.1588652722608651,0.3985790665111066,20.55685310380616,0.1588652722608651
956,587193.0033846577,517565.0995068413,T,20.582673441097114,0.16390341306151096,0.4048498648406727,20.582673441097114,0.16390341306151096
957,587193.2893251881,517565.0995068413,T,20.612350540910626,0.1663157871266099,0.4078183261289393,20.612350540910626,0.1663157871266099
958,587193.5752657189,517565.0995068413,T,20.6498263417646,0.16629964434093497,0.4077985340102818,20.6498263417646,0.16629964434093497
959,587193.8612062493,517565.0995068413,T,20.69565799555664,0.1640361494074856,0.40501376446669757,20.69565799555664,0.1640361494074856
960,587194.14714678,517565.0995068413,T,20.749728957216053,0.1595034550836872,0.39937883654956885,20.749728957216053,0.1595034550836872
961,587194.4330873108,517565.0995068413,T,20.81154659344731,0.15238399371322972,0.3903639247077395,20.81154659344731,0.15238399371322972
962,587194.7190278412,517565.0995068413,T,20.880512860149793,0.14209217773189362,0.3769511609371877,20.880512860149793,0.14209217773189362
963,587195.0049683719,517565.0995068413,T,20.956282441784214,0.12801777939903847,0.35779572300271906,20.956282441784214,0.12801777939903847
964,587195.2909089027,517565.0995068413,T,21.03685074724683,0.10999877919855407,0.3316606386030065,21.03685074724683,0.10999877919855407
965,587195.5768494331,517565.0995068413,T,21.11902270165192,0.08925123734538683,0.29874945580768314,21.11902270165192,0.08925123734538683
966,587195.8627899638,517565.0995068413,T,21.195313227289173,0.07074925203675966,0.26598731555613636,21.195313227289173,0.07074925203675966
967,587196.1487304945,517565.0995068413,T,21.252468149878126,0.06473212943522609,0.2544250959226037,21.252468149878126,0.06473212943522609
968,587196.434671025,517565.0995068413,T,21.285739466354347,0.07402565010361757,0.2720765519180541,21.285739466354347,0.07402565010361757
969,587196.7206115557,517565.0995068413,T,21.306206482799073,0.08854587218412457,0.2975665844548486,21.306206482799073,0.08854587218412457
970,587197.0065520864,517565.0995068413,T,21.322490149657913,0.10142591027058352,0.31847434790039764,21.322490149657913,0.10142591027058352
971,587197.2924926169,517565.0995068413,T,21.33843372444685,0.1112629237520819,0.33356097456399464,21.33843372444685,0.1112629237520819
972,587197.5784331476,517565.0995068413,T,21.35602502710188,0.11939574903697192,0.34553689967494344,21.35602502710188,0.11939574903697192
973,587197.8643736783,517565.0995068413,T,21.376521722677644,0.12833986314034151,0.3582455347109598,21.376521722677644,0.12833986314034151
974,587198.1503142088,517565.0995068413,T,21.400237207823114,0.1403309616837634,0.3746077437584058,21.400237207823114,0.1403309616837634
975,587198.4362547395,517565.0995068413,T,21.42605895335844,0.15600477756099437,0.39497440114644694,21.42605895335844,0.15600477756099437
976,587198.7221952702,517565.0995068413,T,21.451693102555335,0.17431864328210864,0.41751484199020833,21.451693102555335,0.17431864328210864
977,587199.0081358007,517565.0995068413,T,21.475198159889406,0.1937015701726342,0.44011540551613754,21.475198159889406,0.1937015701726342
978,587199.2940763314,517565.0995068413,T,21.494496469055118,0.21301004462096837,0.46153011236642877,21.494496469055118,0.21301004462096837
979,587199.5800168621,517565.0995068413,T,21.50770719267312,0.2316168669278181,0.48126590044155226,21.50770719267312,0.2316168669278181
980,587199.8659573926,517565.0995068413,T,21.513707041472102,0.24931598440723604,0.49931551588873746,21.513707041472102,0.24931598440723604
981,587200.1518979233,517565.0995068413,T,21.511670424281654,0.2661053074763711,0.5158539594462479,21.511670424281654,0.2661053074763711
982,587200.437838454,517565.0995068413,T,21.50177417966174,0.28201888648425116,0.5310545042500356,21.50177417966174,0.28201888648425116
983,587200.7237789845,517565.0995068413,T,21.48438158854454,0.2971426034837498,0.5451078824267265,21.48438158854454,0.2971426034837498
984,587201.0097195152,517565.0995068413,T,21.459722519756372,0.31150067010961513,0.5581224508202615,21.459722519756372,0.31150067010961513
985,587201.2956600457,517565.0995068413,T,21.428641254286767,0.3249918015665535,0.5700805220024217,21.428641254286767,0.3249918015665535
986,587186.1408119225,517565.38544737187,T,20.802139640931372,0.31479792352045605,0.5610685550986225,20.802139640931372,0.31479792352045605
987,587186.426752453,517565.38544737187,T,20.784823809474034,0.2995876602284098,0.547346015084069,20.784823809474034,0.2995876602284098
988,587186.7126929837,517565.38544737187,T,20.7674306365693,0.28370951710483205,0.5326438933329022,20.7674306365693,0.28370951710483205
989,587186.9986335144,517565.38544737187,T,20.749695300299134,0.26726742230771006,0.5169791314044602,20.749695300299134,0.26726742230771006
990,587187.2845740449,517565.38544737187,T,20.73198402123482,0.2502085585384118,0.5002085150598816,20.73198402123482,0.2502085585384118
991,587187.5705145756,517565.38544737187,T,20.712828337161593,0.23236287587713916,0.4820403259864668,20.712828337161593,0.23236287587713916
992,587187.8564551063,517565.38544737187,T,20.69154239277323,0.2135176744844247,0.4620797274112171,20.69154239277323,0.2135176744844247
993,587188.1423956368,517565.38544737187,T,20.66843707649559,0.1934180039683473,0.43979313770038214,20.66843707649559,0.1934180039683473
994,587188.4283361675,517565.38544737187,T,20.64374334688035,0.17196606161858422,0.41468790869590616,20.64374334688035,0.17196606161858422
995,587188.7142766982,517565.38544737187,T,20.61764320470833,0.1495759594043772,0.3867505131274905,20.61764320470833,0.1495759594043772
996,587189.0002172287,517565.38544737187,T,20.591291487114724,0.12771763467120542,0.35737604098652925,20.591291487114724,0.12771763467120542
997,587189.2861577594,517565.38544737187,T,20.567541870992553,0.10949954801077526,0.33090715920145225,20.567541870992553,0.10949954801077526
998,587189.5720982901,517565.38544737187,T,20.546734536289666,0.09880900449706577,0.3143389961443947,20.546734536289666,0.09880900449706577
999,587189.8580388206,517565.38544737187,T,20.528981349157966,0.09647019021633955,0.31059650708972814,20.528981349157966,0.09647019021633955
1000,587190.1439793513,517565.38544737187,T,20.514341028308216,0.09858056889654304,0.31397542721770927,20.514341028308216,0.09858056889654304
1001,587190.429919882,517565.38544737187,T,20.502991899742216,0.10052780821312128,0.31706120578386954,20.502991899742216,0.10052780821312128
1002,587190.7158604125,517565.38544737187,T,20.495410561748752,0.10014626112899648,0.3164589406684483,20.495410561748752,0.10014626112899648
1003,587191.0018009432,517565.38544737187,T,20.491374056796257,0.09817315801431138,0.31332596128363094,20.491374056796257,0.09817315801431138
1004,587191.2877414739,517565.38544737187,T,20.491191138678122,0.09781612605936967,0.3127556970853923,20.491191138678122,0.09781612605936967
1005,587191.5736820044,517565.38544737187,T,20.496313994524165,0.10269606256109803,0.3204622638644027,20.496313994524165,0.10269606256109803
1006,587191.8596225351,517565.38544737187,T,20.50708651208551,0.11337363674619319,0.33671001877905743,20.50708651208551,0.11337363674619319
1007,587192.1455630658,517565.38544737187,T,20.522701976050936,0.12697855985940626,0.35634051111178233,20.522701976050936,0.12697855985940626
1008,587192.43150359625,517565.38544737187,T,20.542243589317494,0.140263324828546,0.37451745597307745,20.542243589317494,0.140263324828546
1009,587192.717444127,517565.38544737187,T,20.56497878660916,0.1512996903538524,0.3889726087449506,20.56497878660916,0.1512996903538524
1010,587193.0033846577,517565.38544737187,T,20.589441879027593,0.15938099382882148,0.3992254924586123,20.589441879027593,0.15938099382882148
1011,587193.2893251881,517565.38544737187,T,20.618584303906776,0.16449870773726294,0.40558440272927526,20.618584303906776,0.16449870773726294
1012,587193.5752657189,517565.38544737187,T,20.655490174218563,0.16694254474423784,0.40858603101946334,20.655490174218563,0.16694254474423784
1013,587193.8612062493,517565.38544737187,T,20.7000902481363,0.166923060388096,0.4085621866841032,20.7000902481363,0.166923060388096
1014,587194.14714678,517565.38544737187,T,20.752050407847282,0.1644504936012564,0.40552496051569553,20.752050407847282,0.1644504936012564
1015,587194.4330873108,517565.38544737187,T,20.81066885081161,0.15931582864372804,0.3991438696055948,20.81066885081161,0.15931582864372804
1016,587194.7190278412,517565.38544737187,T,20.875582075822507,0.1511848326805284,0.38882493834697435,20.875582075822507,0.1511848326805284
1017,587195.0049683719,517565.38544737187,T,20.94596214452543,0.13990964742853287,0.37404498048835366,20.94596214452543,0.13990964742853287
1018,587195.2909089027,517565.38544737187,T,21.01970760834387,0.1259356581710105,0.3548741441286058,21.01970760834387,0.1259356581710105
1019,587195.5768494331,517565.38544737187,T,21.09299640009343,0.11093104006630221,0.33306311724101517,21.09299640009343,0.11093104006630221
1020,587195.8627899638,517565.38544737187,T,21.16003066839362,0.09833167796082472,0.31357882256431907,21.16003066839362,0.09833167796082472
1021,587196.1487304945,517565.38544737187,T,21.21397653496316,0.09220635668797633,0.3036549961518439,21.21397653496316,0.09220635668797633
1022,587196.434671025,517565.38544737187,T,21.25291067455639,0.09312357638560656,0.3051615578437208,21.25291067455639,0.09312357638560656
1023,587196.7206115557,517565.38544737187,T,21.28071081165126,0.09717726725302535,0.31173268557054673,21.28071081165126,0.09717726725302535
1024,587197.0065520864,517565.38544737187,T,21.30250942946646,0.10032825114883916,0.3167463514372962,21.30250942946646,0.10032825114883916
1025,587197.2924926169,517565.38544737187,T,21.322206637350625,0.1011671671110361,0.31806786557437094,21.322206637350625,0.1011671671110361
1026,587197.5784331476,517565.38544737187,T,21.34281005367471,0.10114973929288366,0.31804046801135805,21.34281005367471,0.10114973929288366
1027,587197.8643736783,517565.38544737187,T,21.36707608799788,0.10399566842165635,0.32248359403488475,21.36707608799788,0.10399566842165635
1028,587198.1503142088,517565.38544737187,T,21.39661015556936,0.11340086786709844,0.33675045340295895,21.39661015556936,0.11340086786709844
1029,587198.4362547395,517565.38544737187,T,21.430131132070343,0.12966276880326338,0.36008716834019977,21.430131132070343,0.12966276880326338
1030,587198.7221952702,517565.38544737187,T,21.46399890814897,0.14988188669614375,0.38714582097207734,21.46399890814897,0.14988188669614375
1031,587199.0081358007,517565.38544737187,T,21.49509136714375,0.17109495160949462,0.413636255192282,21.49509136714375,0.17109495160949462
1032,587199.2940763314,517565.38544737187,T,21.520989838840485,0.19167524326852567,0.437807312945462,21.520989838840485,0.19167524326852567
1033,587199.5800168621,517565.38544737187,T,21.539864434993767,0.2110865172627858,0.45944152757754253,21.539864434993767,0.2110865172627858
1034,587199.8659573926,517565.38544737187,T,21.55024595776046,0.2293491777386033,0.4789041425364822,21.55024595776046,0.2293491777386033
1035,587200.1518979233,517565.38544737187,T,21.55123168824582,0.24666708776701848,0.4966559047942735,21.55123168824582,0.24666708776701848
1036,587200.437838454,517565.38544737187,T,21.542767042288958,0.26320832405771283,0.513038326109963,21.542767042288958,0.26320832405771283
1037,587200.7237789845,517565.38544737187,T,21.525759757265842,0.27908441906934767,0.5282844111549646,21.525759757265842,0.27908441906934767
1038,587201.0097195152,517565.38544737187,T,21.500727876158265,0.29432282748673577,0.5425152785744709,21.500727876158265,0.29432282748673577
1039,587201.2956600457,517565.38544737187,T,21.469449645093455,0.308811472340584,0.5557080819464334,21.469449645093455,0.308811472340584
1040,587201.5816005764,517565.38544737187,T,21.43456160259854,0.32242617536000573,0.5678258318886221,21.43456160259854,0.32242617536000573
1041,587186.426752453,517565.67138790246,T,20.801934837012215,0.315469587346311,0.5616667938789963,20.801934837012215,0.315469587346311
1042,587186.7126929837,517565.67138790246,T,20.785505229675888,0.3006219099430339,0.548289987089892,20.785505229675888,0.3006219099430339
1043,587186.9986335144,517565.67138790246,T,20.768491759290246,0.28503368786439626,0.5338854632450637,20.768491759290246,0.28503368786439626
1044,587187.2845740449,517565.67138790246,T,20.75124905222243,0.26866400933450046,0.518328090435489,20.75124905222243,0.26866400933450046
1045,587187.5705145756,517565.67138790246,T,20.73321747579778,0.25138900060577124,0.5013870766242098,20.73321747579778,0.25138900060577124
1046,587187.8564551063,517565.67138790246,T,20.712811643588147,0.23314038804530857,0.48284613288842704,20.712811643588147,0.23314038804530857
1047,587188.1423956368,517565.67138790246,T,20.690278745119034,0.21390079005347706,0.4624940973174437,20.690278745119034,0.21390079005347706
1048,587188.4283361675,517565.67138790246,T,20.66587661492584,0.1938415855631799,0.4402744434590542,20.66587661492584,0.1938415855631799
1049,587188.7142766982,517565.67138790246,T,20.639823169662577,0.17354057600091638,0.41658201593553745,20.639823169662577,0.17354057600091638
1050,587189.0002172287,517565.67138790246,T,20.61298051223903,0.15417342157460048,0.3926492347816311,20.61298051223903,0.15417342157460048
1051,587189.2861577594,517565.67138790246,T,20.58836525859157,0.13751701752821496,0.3708328700752065,20.58836525859157,0.13751701752821496
1052,587189.5720982901,517565.67138790246,T,20.566410653451626,0.12515553917705044,0.35377328782293677,20.566410653451626,0.12515553917705044
1053,587189.8580388206,517565.67138790246,T,20.547159642067854,0.11692252493651452,0.341939358565981,20.547159642067854,0.11692252493651452
1054,587190.1439793513,517565.67138790246,T,20.530664075899505,0.11058275690085262,0.33253985761236593,20.530664075899505,0.11058275690085262
1055,587190.429919882,517565.67138790246,T,20.517068463446346,0.10328362932839108,0.32137770508918484,20.517068463446346,0.10328362932839108
1056,587190.7158604125,517565.67138790246,T,20.50675952564213,0.09330444486248629,0.3054577628126126,20.50675952564213,0.09330444486248629
1057,587191.0018009432,517565.67138790246,T,20.499346909071235,0.08145677815079048,0.2854063386661034,20.499346909071235,0.08145677815079048
1058,587191.2877414739,517565.67138790246,T,20.49608885161589,0.07286256069488056,0.2699306590494688,20.49608885161589,0.07286256069488056
1059,587191.5736820044,517565.67138790246,T,20.50007493581455,0.07580001981998007,0.2753180339534264,20.50007493581455,0.07580001981998007
1060,587191.8596225351,517565.67138790246,T,20.51171325173189,0.09083720821529183,0.3013921170423869,20.51171325173189,0.09083720821529183
1061,587192.1455630658,517565.67138790246,T,20.528548582327428,0.11002298294824751,0.33169712532406354,20.528548582327428,0.11002298294824751
1062,587192.43150359625,517565.67138790246,T,20.548349985937744,0.12772053931414523,0.357380104810194,20.548349985937744,0.12772053931414523
1063,587192.717444127,517565.67138790246,T,20.56906352471923,0.14197624001751083,0.3767973460860769,20.56906352471923,0.14197624001751083
1064,587193.0033846577,517565.67138790246,T,20.591124309668064,0.15253762392044665,0.39056065331833756,20.591124309668064,0.15253762392044665
1065,587193.2893251881,517565.67138790246,T,20.619126706794308,0.1598427915117336,0.3998034410954133,20.619126706794308,0.1598427915117336
1066,587193.5752657189,517565.67138790246,T,20.654449761630055,0.16443217181653846,0.4055023696805463,20.654449761630055,0.16443217181653846
1067,587193.8612062493,517565.67138790246,T,20.69689005316761,0.16664056484058684,0.40821632113450196,20.69689005316761,0.16664056484058684
1068,587194.14714678,517565.67138790246,T,20.745939110437742,0.16652988115827927,0.4080807287269019,20.745939110437742,0.16652988115827927
1069,587194.4330873108,517565.67138790246,T,20.80084465206253,0.16394357183913486,0.40489945892670054,20.80084465206253,0.16394357183913486
1070,587194.7190278412,517565.67138790246,T,20.86168743486085,0.1586678813924294,0.39833137133852436,20.86168743486085,0.1586678813924294
1071,587195.0049683719,517565.67138790246,T,20.927169992378648,0.1507708478412159,0.3882922196506336,20.927169992378648,0.1507708478412159
1072,587195.2909089027,517565.67138790246,T,20.99487612573674,0.1408175084135822,0.37525659010013696,20.99487612573674,0.1408175084135822
1073,587195.5768494331,517565.67138790246,T,21.061557924532565,0.13008128564065086,0.3606678328332745,21.061557924532565,0.13008128564065086
1074,587195.8627899638,517565.67138790246,T,21.122733928138484,0.12048596518616934,0.3471108831283879,21.122733928138484,0.12048596518616934
1075,587196.1487304945,517565.67138790246,T,21.174655954978505,0.1136626839141722,0.33713896825222117,21.174655954978505,0.1136626839141722
1076,587196.434671025,517565.67138790246,T,21.216175547609694,0.1094606273773233,0.33084834498199217,21.216175547609694,0.1094606273773233
1077,587196.7206115557,517565.67138790246,T,21.248728606521684,0.10578834452919611,0.32525120219485143,21.248728606521684,0.10578834452919611
1078,587197.0065520864,517565.67138790246,T,21.275040769419835,0.100148304132199,0.3164621685639517,21.275040769419835,0.100148304132199
1079,587197.2924926169,517565.67138790246,T,21.29798237083804,0.09140240494759659,0.3023283065602634,21.29798237083804,0.09140240494759659
1080,587197.5784331476,517565.67138790246,T,21.320715490202424,0.08118373383806099,0.28492759402708084,21.320715490202424,0.08118373383806099
1081,587197.8643736783,517565.67138790246,T,21.347953894723634,0.07560885823951173,0.2749706497783204,21.347953894723634,0.07560885823951173
1082,587198.1503142088,517565.67138790246,T,21.38450061893116,0.08286614679147357,0.28786480644822415,21.38450061893116,0.08286614679147357
1083,587198.4362547395,517565.67138790246,T,21.428356050145958,0.1022111441025903,0.31970477647759704,21.428356050145958,0.1022111441025903
1084,587198.7221952702,517565.67138790246,T,21.472643732990214,0.12603694710512592,0.3550168265098514,21.472643732990214,0.12603694710512592
1085,587199.0081358007,517565.67138790246,T,21.512849990108304,0.1495055448790695,0.3866594688858266,21.512849990108304,0.1495055448790695
1086,587199.2940763314,517565.67138790246,T,21.54658845646456,0.17110742100314574,0.41365132781504005,21.54658845646456,0.17110742100314574
1087,587199.5800168621,517565.67138790246,T,21.571628017134177,0.19081280345016946,0.4368212488537725,21.571628017134177,0.19081280345016946
1088,587199.8659573926,517565.67138790246,T,21.586447958864493,0.20910975627619816,0.4572852023367891,21.586447958864493,0.20910975627619816
1089,587200.1518979233,517565.67138790246,T,21.590209168905826,0.22653083130227183,0.4759525515240693,21.590209168905826,0.22653083130227183
1090,587200.437838454,517565.67138790246,T,21.58283388880699,0.24341619120155245,0.4933722643213261,21.58283388880699,0.24341619120155245
1091,587200.7237789845,517565.67138790246,T,21.565592511946164,0.2598875360544032,0.5097916594594336,21.565592511946164,0.2598875360544032
1092,587201.0097195152,517565.67138790246,T,21.539600267803525,0.2759237316745285,0.5252844293090444,21.539600267803525,0.2759237316745285
1093,587201.2956600457,517565.67138790246,T,21.507853644482083,0.29136061682306713,0.5397783034015605,21.507853644482083,0.29136061682306713
1094,587201.5816005764,517565.67138790246,T,21.472339454598853,0.3060729648770935,0.5532386147740354,21.472339454598853,0.3060729648770935
1095,587201.8675411071,517565.67138790246,T,21.434039523110883,0.3199243704843252,0.5656185733197994,21.434039523110883,0.3199243704843252
1096,587186.9986335144,517565.9573284332,T,20.78631329301691,0.3019631757376722,0.549511761236893,20.78631329301691,0.3019631757376722
1097,587187.2845740449,517565.9573284332,T,20.76955534376951,0.286499368971696,0.5352563581796073,20.76955534376951,0.286499368971696
1098,587187.5705145756,517565.9573284332,T,20.752404953032226,0.2701057229366321,0.5197169642571157,20.752404953032226,0.2701057229366321
1099,587187.8564551063,517565.9573284332,T,20.733116325762357,0.252788967446023,0.5027812321935088,20.733116325762357,0.252788967446023
1100,587188.1423956368,517565.9573284332,T,20.71144153204518,0.23466240517535128,0.48441965812232607,20.71144153204518,0.23466240517535128
1101,587188.4283361675,517565.9573284332,T,20.687653103789224,0.21597883782450644,0.4647352341113233,20.687653103789224,0.21597883782450644
1102,587188.7142766982,517565.9573284332,T,20.661988222899634,0.19722751210379977,0.4441030422140787,20.661988222899634,0.19722751210379977
1103,587189.0002172287,517565.9573284332,T,20.635014390781706,0.17915032057916105,0.4232615274025754,20.635014390781706,0.17915032057916105
1104,587189.2861577594,517565.9573284332,T,20.60976123536062,0.16266630844942787,0.40331911490707684,20.60976123536062,0.16266630844942787
1105,587189.5720982901,517565.9573284332,T,20.58690120450553,0.14831274664372981,0.3851139398200613,20.58690120450553,0.14831274664372981
1106,587189.8580388206,517565.9573284332,T,20.56644613477932,0.13556694451480278,0.3681941668668894,20.56644613477932,0.13556694451480278
1107,587190.1439793513,517565.9573284332,T,20.54840648148009,0.12278812529892069,0.35041136582439886,20.54840648148009,0.12278812529892069
1108,587190.429919882,517565.9573284332,T,20.532827349442197,0.10782429289554926,0.3283660958374802,20.532827349442197,0.10782429289554926
1109,587190.7158604125,517565.9573284332,T,20.519839257236107,0.08887026604547989,0.2981111639061508,20.519839257236107,0.08887026604547989
1110,587191.0018009432,517565.9573284332,T,20.508483173074058,0.06554508859299218,0.2560177505427938,20.508483173074058,0.06554508859299218
1111,587191.2877414739,517565.9573284332,T,20.500107237458703,0.042833882168923205,0.2069634802783409,20.500107237458703,0.042833882168923205
1112,587191.5736820044,517565.9573284332,T,20.502604629779114,0.0434396172154572,0.2084217292305608,20.502604629779114,0.0434396172154572
1113,587191.8596225351,517565.9573284332,T,20.516705963254168,0.06857775116366671,0.2618735404038879,20.516705963254168,0.06857775116366671
1114,587192.1455630658,517565.9573284332,T,20.53424991469666,0.0946789521634655,0.307699451028866,20.53424991469666,0.0946789521634655
1115,587192.43150359625,517565.9573284332,T,20.55176328321267,0.11598270033318106,0.34056232958620225,20.55176328321267,0.11598270033318106
1116,587192.717444127,517565.9573284332,T,20.569329044059664,0.13215644234623594,0.3635332754318866,20.569329044059664,0.13215644234623594
1117,587193.0033846577,517565.9573284332,T,20.588612966208025,0.1439914454780201,0.37946204748040363,20.588612966208025,0.1439914454780201
1118,587193.2893251881,517565.9573284332,T,20.614452193674726,0.15257258262241072,0.3906054052652251,20.614452193674726,0.15257258262241072
1119,587193.5752657189,517565.9573284332,T,20.647298920400704,0.1587735588013737,0.39846399937933374,20.647298920400704,0.1587735588013737
1120,587193.8612062493,517565.9573284332,T,20.68685320198448,0.16304854952958447,0.4037927061371769,20.68685320198448,0.16304854952958447
1121,587194.14714678,517565.9573284332,T,20.732551189298192,0.16542830358319793,0.4067287838144701,20.732551189298192,0.16542830358319793
1122,587194.4330873108,517565.9573284332,T,20.78420689933375,0.1656674509328944,0.40702266636256806,20.78420689933375,0.1656674509328944
1123,587194.7190278412,517565.9573284332,T,20.841415555406854,0.1635495212866412,0.4044125632156365,20.841415555406854,0.1635495212866412
1124,587195.0049683719,517565.9573284332,T,20.90250223140059,0.15910840444128746,0.398883948588167,20.90250223140059,0.15910840444128746
1125,587195.2909089027,517565.9573284332,T,20.96532508537722,0.15272941868056847,0.3908061139242431,20.96532508537722,0.15272941868056847
1126,587195.5768494331,517565.9573284332,T,21.027079839585916,0.1451868235828091,0.3810338877092287,21.027079839585916,0.1451868235828091
1127,587195.8627899638,517565.9573284332,T,21.084339095554444,0.13747670793360775,0.3707785160086918,21.084339095554444,0.13747670793360775
1128,587196.1487304945,517565.9573284332,T,21.134962005893726,0.13015412220219136,0.36076879327651296,21.134962005893726,0.13015412220219136
1129,587196.434671025,517565.9573284332,T,21.178059600159987,0.12276669821623847,0.35038079030711494,21.178059600159987,0.12276669821623847
1130,587196.7206115557,517565.9573284332,T,21.214072754316845,0.11381725747038847,0.33736813345422606,21.214072754316845,0.11381725747038847
1131,587197.0065520864,517565.9573284332,T,21.244265745792323,0.10135985297642851,0.31837062203731753,21.244265745792323,0.10135985297642851
1132,587197.2924926169,517565.9573284332,T,21.27014029596497,0.08395855844550534,0.28975603263004784,21.27014029596497,0.08395855844550534
1133,587197.5784331476,517565.9573284332,T,21.29360483415087,0.061916306923997834,0.24882987546514151,21.29360483415087,0.061916306923997834
1134,587197.8643736783,517565.9573284332,T,21.320264932530236,0.042482449212886256,0.2061127099741456,21.320264932530236,0.042482449212886256
1135,587198.1503142088,517565.9573284332,T,21.36547963780487,0.04948913891473106,0.22246154479983962,21.36547963780487,0.04948913891473106
1136,587198.4362547395,517565.9573284332,T,21.4238746583024,0.07727184372444387,0.27797813533521637,21.4238746583024,0.07727184372444387
1137,587198.7221952702,517565.9573284332,T,21.480463771548514,0.1058529305299954,0.3253504733821597,21.480463771548514,0.1058529305299954
1138,587199.0081358007,517565.9573284332,T,21.530823394068342,0.1308829815732143,0.36177753049797645,21.530823394068342,0.1308829815732143
1139,587199.2940763314,517565.9573284332,T,21.572764356861082,0.15236519619390587,0.3903398470485762,21.572764356861082,0.15236519619390587
1140,587199.5800168621,517565.9573284332,T,21.60410498887347,0.17127559516756466,0.41385455798814713,21.60410498887347,0.17127559516756466
1141,587199.8659573926,517565.9573284332,T,21.623228488314453,0.18875137912078985,0.4344552671113447,21.623228488314453,0.18875137912078985
1142,587200.1518979233,517565.9573284332,T,21.62929905519618,0.2057047242938102,0.45354682701327564,21.62929905519618,0.2057047242938102
1143,587200.437838454,517565.9573284332,T,21.622380680768835,0.22261713842522546,0.4718232067472153,21.622380680768835,0.22261713842522546
1144,587200.7237789845,517565.9573284332,T,21.604013363460922,0.23954647506133306,0.4894348527243775,21.604013363460922,0.23954647506133306
1145,587201.0097195152,517565.9573284332,T,21.576566421823472,0.2563213313317779,0.506281869448016,21.576566421823472,0.2563213313317779
1146,587201.2956600457,517565.9573284332,T,21.543616781026163,0.2726863636475846,0.5221937989363571,21.543616781026163,0.2726863636475846
1147,587201.5816005764,517565.9573284332,T,21.506853574537494,0.2884491150781585,0.537074589864535,21.506853574537494,0.2884491150781585
1148,587201.8675411071,517565.9573284332,T,21.467542979291153,0.30343204295215354,0.5508466601080136,21.467542979291153,0.30343204295215354
1149,587202.1534816376,517565.9573284332,T,21.42662595883269,0.317517813343087,0.5634871900434711,21.42662595883269,0.317517813343087
1150,587202.4394221683,517565.9573284332,T,21.384874084461863,0.3306850248130243,0.5750521931207847,21.384874084461863,0.3306850248130243
1151,587187.2845740449,517566.24326896376,T,20.78684898104099,0.3035507389025137,0.5509543891308188,20.78684898104099,0.3035507389025137
1152,587187.5705145756,517566.24326896376,T,20.770192438501255,0.2882279739881244,0.5368686748061618,20.770192438501255,0.2882279739881244
1153,587187.8564551063,517566.24326896376,T,20.752237080976297,0.27200183829840763,0.5215379548013813,20.752237080976297,0.27200183829840763
1154,587188.1423956368,517566.24326896376,T,20.73169119046267,0.2550317766778701,0.5050067095374774,20.73169119046267,0.2550317766778701
1155,587188.4283361675,517566.24326896376,T,20.70882215226808,0.23754825037142818,0.4873892185629758,20.70882215226808,0.23754825037142818
1156,587188.7142766982,517566.24326896376,T,20.683880417349272,0.21987846286467413,0.46891199906237646,20.683880417349272,0.21987846286467413
1157,587189.0002172287,517566.24326896376,T,20.657240566110584,0.2024483492864128,0.44994260665824126,20.657240566110584,0.2024483492864128
1158,587189.2861577594,517566.24326896376,T,20.631602618717523,0.18566659412719222,0.4308904665076639,20.631602618717523,0.18566659412719222
1159,587189.5720982901,517566.24326896376,T,20.608147168041473,0.16959507786133077,0.4118192295914929,20.608147168041473,0.16959507786133077
1160,587189.8580388206,517566.24326896376,T,20.5868812675394,0.15362251904796972,0.39194708705126224,20.5868812675394,0.15362251904796972
1161,587190.1439793513,517566.24326896376,T,20.567804038181905,0.13645618540952337,0.36939976368363225,20.567804038181905,0.13645618540952337
1162,587190.429919882,517566.24326896376,T,20.55091893919615,0.11640202547519676,0.3411774105581974,20.55091893919615,0.11640202547519676
1163,587190.7158604125,517566.24326896376,T,20.536215165613452,0.09173955923279002,0.302885389599416,20.536215165613452,0.09173955923279002
1164,587191.0018009432,517566.24326896376,T,20.522253963710188,0.06100989545441463,0.24700181265410712,20.522253963710188,0.06100989545441463
1165,587191.2877414739,517566.24326896376,T,20.508443037790453,0.023290917260730598,0.15261362082307922,20.508443037790453,0.023290917260730598
1166,587191.5736820044,517566.24326896376,T,20.509029278101526,0.020913994963129196,0.14461671744002902,20.509029278101526,0.020913994963129196
1167,587191.8596225351,517566.24326896376,T,20.525215484643724,0.057568045807982804,0.23993341953129999,20.525215484643724,0.057568045807982804
1168,587192.1455630658,517566.24326896376,T,20.539885656882063,0.08609016339712333,0.29341125301719995,20.539885656882063,0.08609016339712333
1169,587192.43150359625,517566.24326896376,T,20.553448383125538,0.10739579538656105,0.32771297714091374,20.553448383125538,0.10739579538656105
1170,587192.717444127,517566.24326896376,T,20.566614644312562,0.12284446556581254,0.35049174821358137,20.566614644312562,0.12284446556581254
1171,587193.0033846577,517566.24326896376,T,20.58240441663904,0.13403970658065653,0.36611433539354415,20.58240441663904,0.13403970658065653
1172,587193.2893251881,517566.24326896376,T,20.605058970286684,0.1426097884483501,0.377637112117374,20.605058970286684,0.1426097884483501
1173,587193.5752657189,517566.24326896376,T,20.634698340390123,0.14972298883604787,0.3869405494853801,20.634698340390123,0.14972298883604787
1174,587193.8612062493,517566.24326896376,T,20.671169867281037,0.15584072989489234,0.3947666777919488,20.671169867281037,0.15584072989489234
1175,587194.14714678,517566.24326896376,T,20.713839254044352,0.16078701152607758,0.4009825576332187,20.713839254044352,0.16078701152607758
1176,587194.4330873108,517566.24326896376,T,20.76261443092874,0.16405489583033692,0.4050369067508996,20.76261443092874,0.16405489583033692
1177,587194.7190278412,517566.24326896376,T,20.81644944387963,0.16522910416532322,0.4064838301400478,20.81644944387963,0.16522910416532322
1178,587195.0049683719,517566.24326896376,T,20.87376492528956,0.164148600444382,0.40515256440553604,20.87376492528956,0.164148600444382
1179,587195.2909089027,517566.24326896376,T,20.932723074679135,0.16095457885013945,0.40119144912390575,20.932723074679135,0.16095457885013945
1180,587195.5768494331,517566.24326896376,T,20.99060256829406,0.1560817163975024,0.3950717863850852,20.99060256829406,0.1560817163975024
1181,587195.8627899638,517566.24326896376,T,21.045226874127728,0.14999626392866325,0.38729351134335216,21.045226874127728,0.14999626392866325
1182,587196.1487304945,517566.24326896376,T,21.09521503221386,0.1427940382724876,0.37788098426950195,21.09521503221386,0.1427940382724876
1183,587196.434671025,517566.24326896376,T,21.1398301407263,0.13392106996077008,0.36595227825601806,21.1398301407263,0.13392106996077008
1184,587196.7206115557,517566.24326896376,T,21.179072783371687,0.12216724969984413,0.34952431918229115,21.179072783371687,0.12216724969984413
1185,587197.0065520864,517566.24326896376,T,21.213482887336276,0.10593125756266343,0.3254708244415518,21.213482887336276,0.10593125756266343
1186,587197.2924926169,517566.24326896376,T,21.243669864716324,0.08366425022158953,0.28924773157552947,21.243669864716324,0.08366425022158953
1187,587197.5784331476,517566.24326896376,T,21.27002554085837,0.05403916133324916,0.2324632472741641,21.27002554085837,0.05403916133324916
1188,587197.8643736783,517566.24326896376,T,21.292593479820717,0.016061290630851967,0.1267331473248099,21.292593479820717,0.016061290630851967
1189,587198.1503142088,517566.24326896376,T,21.349533203394337,0.027504016626304553,0.16584334965956443,21.349533203394337,0.027504016626304553
1190,587198.4362547395,517566.24326896376,T,21.423362859908455,0.0641105191780985,0.2532005512989624,21.423362859908455,0.0641105191780985
1191,587198.7221952702,517566.24326896376,T,21.490912177463354,0.09358386581436949,0.30591480156143064,21.490912177463354,0.09358386581436949
1192,587199.0081358007,517566.24326896376,T,21.550567473262852,0.11706632665095588,0.3421495676615066,21.550567473262852,0.11706632665095588
1193,587199.2940763314,517566.24326896376,T,21.60047286453328,0.13612853814623466,0.36895601112630577,21.60047286453328,0.13612853814623466
1194,587199.5800168621,517566.24326896376,T,21.638055164025364,0.15256607742222833,0.39059707810252287,21.638055164025364,0.15256607742222833
1195,587199.8659573926,517566.24326896376,T,21.66120075787662,0.16809642137917472,0.4099956358050348,21.66120075787662,0.16809642137917472
1196,587200.1518979233,517566.24326896376,T,21.668870061303735,0.1839634359531658,0.4289095894861361,21.668870061303735,0.1839634359531658
1197,587200.437838454,517566.24326896376,T,21.661398136704367,0.20067224993216043,0.44796456325490797,21.661398136704367,0.20067224993216043
1198,587200.7237789845,517566.24326896376,T,21.64072764790712,0.2180497595038356,0.46695798473078454,21.64072764790712,0.2180497595038356
1199,587201.0097195152,517566.24326896376,T,21.611270229313867,0.2356213058807535,0.48540839082236054,21.611270229313867,0.2356213058807535
1200,587201.2956600457,517566.24326896376,T,21.576280886922447,0.25295634702525205,0.5029476583355886,21.576280886922447,0.25295634702525205
1201,587201.5816005764,517566.24326896376,T,21.53766087381719,0.2697355652050645,0.5193607274381309,21.53766087381719,0.2697355652050645
1202,587201.8675411071,517566.24326896376,T,21.496903878803607,0.2857476246360522,0.5345536686208899,21.496903878803607,0.2857476246360522
1203,587202.1534816376,517566.24326896376,T,21.45504996640048,0.30085281318509155,0.5485005133863519,21.45504996640048,0.30085281318509155
1204,587202.4394221683,517566.24326896376,T,21.412950700842366,0.31505413743982524,0.5612968354087036,21.412950700842366,0.31505413743982524
1205,587202.725362699,517566.24326896376,T,21.371308737910294,0.32837562703415446,0.5730406853218666,21.371308737910294,0.32837562703415446
1206,587187.5705145756,517566.52920949436,T,20.78689135737312,0.3054593978592822,0.5526838136396635,20.78689135737312,0.3054593978592822
1207,587187.8564551063,517566.52920949436,T,20.769923959596877,0.29039930766880023,0.5388871010413965,20.769923959596877,0.29039930766880023
1208,587188.1423956368,517566.52920949436,T,20.75076479408494,0.27455903722395375,0.5239838138950036,20.75076479408494,0.27455903722395375
1209,587188.4283361675,517566.52920949436,T,20.729106489424762,0.2581192857280312,0.5080544121725853,20.729106489424762,0.2581192857280312
1210,587188.7142766982,517566.52920949436,T,20.705227499728668,0.24127160830430167,0.49119406379179875,20.705227499728668,0.24127160830430167
1211,587189.0002172287,517566.52920949436,T,20.679454531285558,0.2242646454363746,0.473565882888933,20.679454531285558,0.2242646454363746
1212,587189.2861577594,517566.52920949436,T,20.653702593685207,0.20721901160001488,0.45521314963433873,20.653702593685207,0.20721901160001488
1213,587189.5720982901,517566.52920949436,T,20.629986151085593,0.1900171267657783,0.4359095396590654,20.629986151085593,0.1900171267657783
1214,587189.8580388206,517566.52920949436,T,20.60834210199018,0.17213215515271382,0.41488812365831085,20.60834210199018,0.17213215515271382
1215,587190.1439793513,517566.52920949436,T,20.588816039975327,0.15265602208075946,0.39071219853078487,20.588816039975327,0.15265602208075946
1216,587190.429919882,517566.52920949436,T,20.571496127079172,0.13053322148877425,0.36129381601236166,20.571496127079172,0.13053322148877425
1217,587190.7158604125,517566.52920949436,T,20.556566999142653,0.10499571494306831,0.3240304228665393,20.556566999142653,0.10499571494306831
1218,587191.0018009432,517566.52920949436,T,20.543173294767932,0.07656990871215574,0.2767126826008446,20.543173294767932,0.07656990871215574
1219,587191.2877414739,517566.52920949436,T,20.532798954329365,0.05107631417520728,0.22600069507682333,20.532798954329365,0.05107631417520728
1220,587191.5736820044,517566.52920949436,T,20.53181000803121,0.04765264398162307,0.218294855600454,20.53181000803121,0.04765264398162307
1221,587191.8596225351,517566.52920949436,T,20.538574639961187,0.06633537834313678,0.25755655367925856,20.538574639961187,0.06633537834313678
1222,587192.1455630658,517566.52920949436,T,20.546591943960813,0.08678733566405687,0.2945969036905461,20.546591943960813,0.08678733566405687
1223,587192.43150359625,517566.52920949436,T,20.554186158775796,0.10281152045524392,0.3206423559906643,20.554186158775796,0.10281152045524392
1224,587192.717444127,517566.52920949436,T,20.5615537499338,0.11417985364856778,0.33790509562385673,20.5615537499338,0.11417985364856778
1225,587193.0033846577,517566.52920949436,T,20.572975339740868,0.12239553575367704,0.3498507335331413,20.572975339740868,0.12239553575367704
1226,587193.2893251881,517566.52920949436,T,20.591769842118854,0.1294440818643215,0.3597833818623666,20.591769842118854,0.1294440818643215
1227,587193.5752657189,517566.52920949436,T,20.618049766273362,0.1367722787919037,0.3698273634980296,20.618049766273362,0.1367722787919037
1228,587193.8612062493,517566.52920949436,T,20.651366685506357,0.14467548916428924,0.38036231301785045,20.651366685506357,0.14467548916428924
1229,587194.14714678,517566.52920949436,T,20.69128821279502,0.15242227991946797,0.3904129607472938,20.69128821279502,0.15242227991946797
1230,587194.4330873108,517566.52920949436,T,20.737321898596136,0.15896788460529868,0.39870776842858063,20.737321898596136,0.15896788460529868
1231,587194.7190278412,517566.52920949436,T,20.788109660531116,0.16351500219755885,0.40436988290123543,20.788109660531116,0.16351500219755885
1232,587195.0049683719,517566.52920949436,T,20.842205868365554,0.165670122226525,0.4070259478540957,20.842205868365554,0.165670122226525
1233,587195.2909089027,517566.52920949436,T,20.897859596790646,0.16541673838973003,0.4067145662374659,20.897859596790646,0.16541673838973003
1234,587195.5768494331,517566.52920949436,T,20.952797472746642,0.16304598825541114,0.4037895346036238,20.952797472746642,0.16304598825541114
1235,587195.8627899638,517566.52920949436,T,21.005666975902855,0.1587644480640333,0.3984525668935178,21.005666975902855,0.1587644480640333
1236,587196.1487304945,517566.52920949436,T,21.055493830265743,0.15248452234648618,0.3904926661878379,21.055493830265743,0.15248452234648618
1237,587196.434671025,517566.52920949436,T,21.1017613609908,0.143707011052924,0.3790870758188994,21.1017613609908,0.143707011052924
1238,587196.7206115557,517566.52920949436,T,21.144449611056423,0.13155154451028794,0.3627003508549281,21.144449611056423,0.13155154451028794
1239,587197.0065520864,517566.52920949436,T,21.183993934213564,0.11501310427620375,0.3391358198070557,21.183993934213564,0.11501310427620375
1240,587197.2924926169,517566.52920949436,T,21.221126936599923,0.093491823834743,0.305764327276324,21.221126936599923,0.093491823834743
1241,587197.5784331476,517566.52920949436,T,21.257371076257723,0.06786505102608578,0.2605092148582959,21.257371076257723,0.06786505102608578
1242,587197.8643736783,517566.52920949436,T,21.298180442682536,0.045575448078152954,0.2134840698463306,21.298180442682536,0.045575448078152954
1243,587198.1503142088,517566.52920949436,T,21.35777735240607,0.04802826198979505,0.21915351238297562,21.35777735240607,0.04802826198979505
1244,587198.4362547395,517566.52920949436,T,21.431619329307416,0.0694136019276214,0.26346461228715595,21.431619329307416,0.0694136019276214
1245,587198.7221952702,517566.52920949436,T,21.504984271202858,0.09096312553636188,0.3016009375588244,21.504984271202858,0.09096312553636188
1246,587199.0081358007,517566.52920949436,T,21.572228198504106,0.10839135407582563,0.329228422338998,21.572228198504106,0.10839135407582563
1247,587199.2940763314,517566.52920949436,T,21.629823477387013,0.122160784512337,0.34951507050817854,21.629823477387013,0.122160784512337
1248,587199.5800168621,517566.52920949436,T,21.67379354209023,0.13414167009596956,0.36625355984067864,21.67379354209023,0.13414167009596956
1249,587199.8659573926,517566.52920949436,T,21.700753579549854,0.14650612993929918,0.3827611917884299,21.700753579549854,0.14650612993929918
1250,587200.1518979233,517566.52920949436,T,21.70906304159848,0.16079672812586468,0.40099467343826983,21.70906304159848,0.16079672812586468
1251,587200.437838454,517566.52920949436,T,21.69948956500239,0.17733569281736827,0.4211124467613944,21.69948956500239,0.17733569281736827
1252,587200.7237789845,517566.52920949436,T,21.67539769097573,0.1953976455546568,0.4420380589436353,21.67539769097573,0.1953976455546568
1253,587201.0097195152,517566.52920949436,T,21.642773379914267,0.21399596957829742,0.4625969839701697,21.642773379914267,0.21399596957829742
1254,587201.2956600457,517566.52920949436,T,21.604816127342538,0.23239430680188,0.4820729268501603,21.604816127342538,0.23239430680188
1255,587201.5816005764,517566.52920949436,T,21.563802855065735,0.2501467051225114,0.500146683606431,21.563802855065735,0.2501467051225114
1256,587201.8675411071,517566.52920949436,T,21.52141844853816,0.26705296225799396,0.5167716732348958,21.52141844853816,0.26705296225799396
1257,587202.1534816376,517566.52920949436,T,21.47892899593584,0.2830584305057456,0.5320323585137896,21.47892899593584,0.2830584305057456
1258,587202.4394221683,517566.52920949436,T,21.436938159649078,0.29818530168703333,0.546063459395548,21.436938159649078,0.29818530168703333
1259,587202.725362699,517566.52920949436,T,21.395840753062046,0.31249589896845126,0.5590133262887846,21.395840753062046,0.31249589896845126
1260,587203.0113032295,517566.52920949436,T,21.356104416384262,0.3259680843528455,0.570936147351738,21.356104416384262,0.3259680843528455
1261,587187.8564551063,517566.81515002507,T,20.78662434600661,0.30770644364981065,0.5547129380587861,20.78662434600661,0.30770644364981065
1262,587188.1423956368,517566.81515002507,T,20.7686785494773,0.29296192133800425,0.5412595692807696,20.7686785494773,0.29296192133800425
1263,587188.4283361675,517566.81515002507,T,20.748298354454082,0.2774805372091865,0.5267642140551942,20.748298354454082,0.2774805372091865
1264,587188.7142766982,517566.81515002507,T,20.725717432130846,0.2613855369323096,0.5112587768755756,20.725717432130846,0.2613855369323096
1265,587189.0002172287,517566.81515002507,T,20.70121993621102,0.24482725886504123,0.49480022116510947,20.70121993621102,0.24482725886504123
1266,587189.2861577594,517566.81515002507,T,20.6757930909524,0.22779376529156625,0.4772774510612944,20.6757930909524,0.22779376529156625
1267,587189.5720982901,517566.81515002507,T,20.65212378325627,0.21013929455086794,0.4584095271161671,20.65212378325627,0.21013929455086794
1268,587189.8580388206,517566.81515002507,T,20.63048602321303,0.19151892344410396,0.437628750705554,20.63048602321303,0.19151892344410396
1269,587190.1439793513,517566.81515002507,T,20.611004184831025,0.1714422804400712,0.4140558904786541,20.611004184831025,0.1714422804400712
1270,587190.429919882,517566.81515002507,T,20.59390117448381,0.14953701338472913,0.38670015953543274,20.59390117448381,0.14953701338472913
1271,587190.7158604125,517566.81515002507,T,20.579617312673545,0.12605906488581345,0.3550479754706587,20.579617312673545,0.12605906488581345
1272,587191.0018009432,517566.81515002507,T,20.567767328497844,0.10288634934488072,0.3207590206757726,20.567767328497844,0.10288634934488072
1273,587191.2877414739,517566.81515002507,T,20.559335644346035,0.0850523973804583,0.29163744166423194,20.559335644346035,0.0850523973804583
1274,587191.5736820044,517566.81515002507,T,20.55474772631158,0.07915706413361359,0.2813486522690549,20.55474772631158,0.07915706413361359
1275,587191.8596225351,517566.81515002507,T,20.553502808190043,0.0845557847973189,0.2907847740121874,20.553502808190043,0.0845557847973189
1276,587192.1455630658,517566.81515002507,T,20.553796127604635,0.09360068484279034,0.30594229005286333,20.553796127604635,0.09360068484279034
1277,587192.43150359625,517566.81515002507,T,20.55435371834545,0.10096758024108882,0.3177539618023492,20.55435371834545,0.10096758024108882
1278,587192.717444127,517566.81515002507,T,20.55526730170071,0.10538099739375366,0.3246243943294368,20.55526730170071,0.10538099739375366
1279,587193.0033846577,517566.81515002507,T,20.561512568001728,0.10822797570542843,0.32898020564378705,20.561512568001728,0.10822797570542843
1280,587193.2893251881,517566.81515002507,T,20.57571041499479,0.11218558939822844,0.33494117304121995,20.57571041499479,0.11218558939822844
1281,587193.5752657189,517566.81515002507,T,20.598161221512466,0.1192910566460735,0.34538537410561193,20.598161221512466,0.1192910566460735
1282,587193.8612062493,517566.81515002507,T,20.628394854669395,0.12936678063452364,0.35967593835913414,20.628394854669395,0.12936678063452364
1283,587194.14714678,517566.81515002507,T,20.665953908818565,0.1404924964196831,0.3748232869228953,20.665953908818565,0.1404924964196831
1284,587194.4330873108,517566.81515002507,T,20.709451454946088,0.1506661853872463,0.38815742346018106,20.709451454946088,0.1506661853872463
1285,587194.7190278412,517566.81515002507,T,20.757468788825,0.15862067036647748,0.39827210593572515,20.757468788825,0.15862067036647748
1286,587195.0049683719,517566.81515002507,T,20.808770349856186,0.16384931238171818,0.40478304359461276,20.808770349856186,0.16384931238171818
1287,587195.2909089027,517566.81515002507,T,20.86149166640682,0.16638872628067913,0.4079077423642252,20.86149166640682,0.16638872628067913
1288,587195.5768494331,517566.81515002507,T,20.91403953789843,0.166483889406663,0.4080243735448448,20.91403953789843,0.166483889406663
1289,587195.8627899638,517566.81515002507,T,20.965546803800574,0.1642716246871244,0.40530436055774727,20.965546803800574,0.1642716246871244
1290,587196.1487304945,517566.81515002507,T,21.01541085954757,0.1596577196789343,0.39957192053363094,21.01541085954757,0.1596577196789343
1291,587196.434671025,517566.81515002507,T,21.06337602411118,0.15228515450496213,0.3902373053732333,21.06337602411118,0.15228515450496213
1292,587196.7206115557,517566.81515002507,T,21.109606828015547,0.14162841316161578,0.3763355061133825,21.109606828015547,0.14162841316161578
1293,587197.0065520864,517566.81515002507,T,21.154724140895368,0.12735340122980332,0.35686608304769357,21.154724140895368,0.12735340122980332
1294,587197.2924926169,517566.81515002507,T,21.19987417149013,0.10989987673613592,0.33151150317317185,21.19987417149013,0.10989987673613592
1295,587197.5784331476,517566.81515002507,T,21.247297859762618,0.09155484934077435,0.3025803188258852,21.247297859762618,0.09155484934077435
1296,587197.8643736783,517566.81515002507,T,21.301278551951963,0.07807446828102343,0.2794180886789963,21.301278551951963,0.07807446828102343
1297,587198.1503142088,517566.81515002507,T,21.36673596734836,0.07620738181575182,0.27605684526153634,21.36673596734836,0.07620738181575182
1298,587198.4362547395,517566.81515002507,T,21.44177303966343,0.08425713614284254,0.29027079795053884,21.44177303966343,0.08425713614284254
1299,587198.7221952702,517566.81515002507,T,21.51935237719371,0.09472878642712937,0.307780419174335,21.51935237719371,0.09472878642712937
1300,587199.0081358007,517566.81515002507,T,21.593676863128454,0.10324115060727075,0.32131160982334694,21.593676863128454,0.10324115060727075
1301,587199.2940763314,517566.81515002507,T,21.659584466850987,0.10930974223360616,0.33062023869328716,21.659584466850987,0.10930974223360616
1302,587199.5800168621,517566.81515002507,T,21.710977681226346,0.11487049459300422,0.3389255000630732,21.710977681226346,0.11487049459300422
1303,587199.8659573926,517566.81515002507,T,21.742004726724176,0.12290138828510987,0.3505729428879386,21.742004726724176,0.12290138828510987
1304,587200.1518979233,517566.81515002507,T,21.749675684491994,0.13549481971921265,0.36809620986803526,21.749675684491994,0.13549481971921265
1305,587200.437838454,517566.81515002507,T,21.73576113183947,0.15242806695911873,0.39042037211077846,21.73576113183947,0.15242806695911873
1306,587200.7237789845,517566.81515002507,T,21.706806535677114,0.17181446329836114,0.41450508235528444,21.706806535677114,0.17181446329836114
1307,587201.0097195152,517566.81515002507,T,21.6694758639378,0.19182514668903555,0.43797847742672874,21.6694758639378,0.19182514668903555
1308,587201.2956600457,517566.81515002507,T,21.627691883174148,0.21135752593155255,0.4597363656831517,21.627691883174148,0.21135752593155255
1309,587201.5816005764,517566.81515002507,T,21.584163880705944,0.22996561319253103,0.4795473002661271,21.584163880705944,0.22996561319253103
1310,587201.8675411071,517566.81515002507,T,21.5405694154976,0.2475997498333659,0.4975939608087762,21.5405694154976,0.2475997498333659
1311,587202.1534816376,517566.81515002507,T,21.497810887172417,0.26433589128320834,0.5141360630059015,21.497810887172417,0.26433589128320834
1312,587202.4394221683,517566.81515002507,T,21.45630453087062,0.28025109446143437,0.5293874710091223,21.45630453087062,0.28025109446143437
1313,587202.725362699,517566.81515002507,T,21.416255061183755,0.29543704875404925,0.5435412116427321,21.416255061183755,0.29543704875404925
1314,587203.0113032295,517566.81515002507,T,21.37773179588044,0.3098850914082061,0.5566732357570338,21.37773179588044,0.3098850914082061
1315,587203.2972437602,517566.81515002507,T,21.339724307039845,0.32345606538521693,0.5687319802729727,21.339724307039845,0.32345606538521693
1316,587188.1423956368,517567.10109055566,T,20.786117289403272,0.31013653918438205,0.55689903859172,20.786117289403272,0.31013653918438205
1317,587188.4283361675,517567.10109055566,T,20.76709986375177,0.2955845495537304,0.5436768797307188,20.76709986375177,0.2955845495537304
1318,587188.7142766982,517567.10109055566,T,20.74586464200409,0.28027171966769976,0.5294069509061057,20.74586464200409,0.28027171966769976
1319,587189.0002172287,517567.10109055566,T,20.722682504322627,0.26429338942968594,0.51409472807031,20.722682504322627,0.26429338942968594
1320,587189.2861577594,517567.10109055566,T,20.697990463352173,0.2476045190802951,0.49759875309358953,20.697990463352173,0.2476045190802951
1321,587189.5720982901,517567.10109055566,T,20.674487847465436,0.23009187315872395,0.4796789271572433,20.674487847465436,0.23009187315872395
1322,587189.8580388206,517567.10109055566,T,20.65306051544252,0.2116040515189296,0.4600044038038436,20.65306051544252,0.2116040515189296
1323,587190.1439793513,517567.10109055566,T,20.633887255568766,0.19199227718853498,0.43816923350291836,20.633887255568766,0.19199227718853498
1324,587190.429919882,517567.10109055566,T,20.617270169241408,0.17134262464358155,0.4139355319896826,20.617270169241408,0.17134262464358155
1325,587190.7158604125,517567.10109055566,T,20.603730453065182,0.15033897060888582,0.38773569684629994,20.603730453065182,0.15033897060888582
1326,587191.0018009432,517567.10109055566,T,20.59300075610809,0.13069332670885397,0.3615153201578793,20.59300075610809,0.13069332670885397
1327,587191.2877414739,517567.10109055566,T,20.58378693011365,0.11524853379349809,0.33948274447090543,20.58378693011365,0.11524853379349809
1328,587191.5736820044,517567.10109055566,T,20.575325536218983,0.10638005153086394,0.32615954919466017,20.575325536218983,0.10638005153086394
1329,587191.8596225351,517567.10109055566,T,20.568044319289825,0.10329050396229679,0.3213884004787615,20.568044319289825,0.10329050396229679
1330,587192.1455630658,517567.10109055566,T,20.56139968013587,0.10235155025913895,0.3199242883232515,20.56139968013587,0.10235155025913895
1331,587192.43150359625,517567.10109055566,T,20.55479411212125,0.10019939103083726,0.31654287392206015,20.55479411212125,0.10019939103083726
1332,587192.717444127,517567.10109055566,T,20.548650509487935,0.09571498735991438,0.30937838864392964,20.548650509487935,0.09571498735991438
1333,587193.0033846577,517567.10109055566,T,20.548497738640872,0.09071060543817829,0.3011820138025813,20.548497738640872,0.09071060543817829
1334,587193.2893251881,517567.10109055566,T,20.557110017341937,0.08972511992668677,0.299541516198818,20.557110017341937,0.08972511992668677
1335,587193.5752657189,517567.10109055566,T,20.575511026771753,0.09669357535948539,0.31095590581219934,20.575511026771753,0.09669357535948539
1336,587193.8612062493,517567.10109055566,T,20.60342737290349,0.11025679771541584,0.3320493904758987,20.60342737290349,0.11025679771541584
1337,587194.14714678,517567.10109055566,T,20.63894918832883,0.12582745480386376,0.3547216582108622,20.63894918832883,0.12582745480386376
1338,587194.4330873108,517567.10109055566,T,20.680103009365528,0.13996671077414835,0.3741212514334736,20.680103009365528,0.13996671077414835
1339,587194.7190278412,517567.10109055566,T,20.725569774710554,0.15118977970929395,0.388831299806605,20.725569774710554,0.15118977970929395
1340,587195.0049683719,517567.10109055566,T,20.774177700628602,0.1591857223691203,0.3989808546398189,20.774177700628602,0.1591857223691203
1341,587195.2909089027,517567.10109055566,T,20.8240763383738,0.1642258128062165,0.4052478412110501,20.8240763383738,0.1642258128062165
1342,587195.5768494331,517567.10109055566,T,20.874373325335863,0.16666930401236935,0.4082515205267083,20.874373325335863,0.16666930401236935
1343,587195.8627899638,517567.10109055566,T,20.92455791169665,0.16671008382184527,0.4083014619393926,20.92455791169665,0.16671008382184527
1344,587196.1487304945,517567.10109055566,T,20.974347527210227,0.16430781302785064,0.4053490015133263,20.974347527210227,0.16430781302785064
1345,587196.434671025,517567.10109055566,T,21.023745966741007,0.15923070166176911,0.3990372183916797,21.023745966741007,0.15923070166176911
1346,587196.7206115557,517567.10109055566,T,21.073144985440628,0.1512056098965163,0.3888516553861077,21.073144985440628,0.1512056098965163
1347,587197.0065520864,517567.10109055566,T,21.123310513804075,0.14031191359835868,0.3745823188544257,21.123310513804075,0.14031191359835868
1348,587197.2924926169,517567.10109055566,T,21.17549105209461,0.127356915023489,0.35687100614015843,21.17549105209461,0.127356915023489
1349,587197.5784331476,517567.10109055566,T,21.23162960006286,0.11432845206459259,0.33812490601047507,21.23162960006286,0.11432845206459259
1350,587197.8643736783,517567.10109055566,T,21.29458178200153,0.10432774661023064,0.3229980597623315,21.29458178200153,0.10432774661023064
1351,587198.1503142088,517567.10109055566,T,21.366280411449164,0.09974479417643042,0.31582399240151215,21.366280411449164,0.09974479417643042
1352,587198.4362547395,517567.10109055566,T,21.445486096540602,0.09962962307229682,0.3156416054202881,21.445486096540602,0.09962962307229682
1353,587198.7221952702,517567.10109055566,T,21.528361609699463,0.10052146475250426,0.3170512020991314,21.528361609699463,0.10052146475250426
1354,587199.0081358007,517567.10109055566,T,21.610650040588023,0.09957659390353257,0.3155575920549727,21.610650040588023,0.09957659390353257
1355,587199.2940763314,517567.10109055566,T,21.686775258257278,0.09638213506854401,0.31045472305723426,21.686775258257278,0.09638213506854401
1356,587199.5800168621,517567.10109055566,T,21.748361441481695,0.09348391024312616,0.30575138633066923,21.748361441481695,0.09348391024312616
1357,587199.8659573926,517567.10109055566,T,21.784837311796124,0.0959192977200594,0.30970840757083007,21.784837311796124,0.0959192977200594
1358,587200.1518979233,517567.10109055566,T,21.789850756950187,0.10741178819479945,0.3277373768656841,21.789850756950187,0.10741178819479945
1359,587200.437838454,517567.10109055566,T,21.768653284416928,0.12624912490808787,0.3553155286616219,21.768653284416928,0.12624912490808787
1360,587200.7237789845,517567.10109055566,T,21.732212313205185,0.14807213757554868,0.3848014261610119,21.732212313205185,0.14807213757554868
1361,587201.0097195152,517567.10109055566,T,21.688775316533903,0.16986491303067505,0.41214671299268546,21.688775316533903,0.16986491303067505
1362,587201.2956600457,517567.10109055566,T,21.643089693368267,0.19043211146475236,0.43638527869848265,21.643089693368267,0.19043211146475236
1363,587201.5816005764,517567.10109055566,T,21.597488937290905,0.20960318162423616,0.45782440042470013,21.597488937290905,0.20960318162423616
1364,587201.8675411071,517567.10109055566,T,21.553170325237847,0.22762121196156507,0.4770966484493106,21.553170325237847,0.22762121196156507
1365,587202.1534816376,517567.10109055566,T,21.510733234779796,0.24479014371949281,0.4947627145607203,21.510733234779796,0.24479014371949281
1366,587202.4394221683,517567.10109055566,T,21.470357879473557,0.261295100780668,0.5111703246283649,21.470357879473557,0.261295100780668
1367,587202.725362699,517567.10109055566,T,21.432008433059192,0.27723301496795144,0.5265292156831864,21.432008433059192,0.27723301496795144
1368,587203.0113032295,517567.10109055566,T,21.395413198561403,0.29257091227683346,0.5408982457697875,21.395413198561403,0.29257091227683346
1369,587203.2972437602,517567.10109055566,T,21.357860478162163,0.30716303497391656,0.5542229109067186,21.357860478162163,0.30716303497391656
1370,587203.5831842909,517567.10109055566,T,21.319871929173132,0.3209002370618893,0.5664805707717514,21.319871929173132,0.3209002370618893
1371,587188.7142766982,517567.38703108625,T,20.765806274469707,0.2980269614878831,0.5459184568118971,20.765806274469707,0.2980269614878831
1372,587189.0002172287,517567.38703108625,T,20.74420341289871,0.2827931338832569,0.5317829763007245,20.74420341289871,0.2827931338832569
1373,587189.2861577594,517567.38703108625,T,20.720907005402047,0.26674483010674693,0.5164734553747626,20.720907005402047,0.26674483010674693
1374,587189.5720982901,517567.38703108625,T,20.6977025649025,0.2498084735701137,0.49980843687368237,20.6977025649025,0.2498084735701137
1375,587189.8580388206,517567.38703108625,T,20.676608158814304,0.2319785120903777,0.48164147671310215,20.676608158814304,0.2319785120903777
1376,587190.1439793513,517567.38703108625,T,20.657841251124253,0.21331337271377404,0.46185860684171953,20.657841251124253,0.21331337271377404
1377,587190.429919882,517567.38703108625,T,20.641719593043245,0.1940838827228905,0.44054952357582966,20.641719593043245,0.1940838827228905
1378,587190.7158604125,517567.38703108625,T,20.62870911967758,0.1749461628535327,0.4182656606195788,20.62870911967758,0.1749461628535327
1379,587191.0018009432,517567.38703108625,T,20.618139105194267,0.1570224759625736,0.3962606162143465,20.618139105194267,0.1570224759625736
1380,587191.2877414739,517567.38703108625,T,20.606611665881363,0.14175316947672909,0.37650122108265344,20.606611665881363,0.14175316947672909
1381,587191.5736820044,517567.38703108625,T,20.594483312290915,0.12989751640578118,0.3604129803514035,20.594483312290915,0.12989751640578118
1382,587191.8596225351,517567.38703108625,T,20.582105412037496,0.12058738448290546,0.34725694303052523,20.582105412037496,0.12058738448290546
1383,587192.1455630658,517567.38703108625,T,20.569331508063375,0.11156431518881085,0.3340124476554891,20.569331508063375,0.11156431518881085
1384,587192.43150359625,517567.38703108625,T,20.555876592838533,0.10044355965021418,0.31692831941972965,20.555876592838533,0.10044355965021418
1385,587192.717444127,517567.38703108625,T,20.542379637609827,0.0860670310558744,0.29337183071296125,20.542379637609827,0.0860670310558744
1386,587193.0033846577,517567.38703108625,T,20.534533580925324,0.07021483153220479,0.264980813517139,20.534533580925324,0.07021483153220479
1387,587193.2893251881,517567.38703108625,T,20.536112874896315,0.06094937335783844,0.24687926878909544,20.536112874896315,0.06094937335783844
1388,587193.5752657189,517567.38703108625,T,20.551137535087378,0.06908464415580115,0.2628395787468112,20.551137535087378,0.06908464415580115
1389,587193.8612062493,517567.38703108625,T,20.577816050142612,0.08924302464965406,0.29873571036897156,20.577816050142612,0.08924302464965406
1390,587194.14714678,517567.38703108625,T,20.611684474653195,0.11047009755630628,0.33237042220436264,20.611684474653195,0.11047009755630628
1391,587194.4330873108,517567.38703108625,T,20.650574436442273,0.1284077791824151,0.35834031196952304,20.650574436442273,0.1284077791824151
1392,587194.7190278412,517567.38703108625,T,20.693377934315627,0.1422128260123536,0.3771111586950903,20.693377934315627,0.1422128260123536
1393,587195.0049683719,517567.38703108625,T,20.738966667891834,0.15223098947952224,0.3901678990889976,20.738966667891834,0.15223098947952224
1394,587195.2909089027,517567.38703108625,T,20.78589143761584,0.15919496039636732,0.398992431502613,20.78589143761584,0.15919496039636732
1395,587195.5768494331,517567.38703108625,T,20.833744902019784,0.16369634729923604,0.4045940524763507,20.833744902019784,0.16369634729923604
1396,587195.8627899638,517567.38703108625,T,20.882317264069734,0.1660195096392452,0.40745491730895234,20.882317264069734,0.1660195096392452
1397,587196.1487304945,517567.38703108625,T,20.931595018834436,0.16613974445367047,0.40760243430783194,20.931595018834436,0.16613974445367047
1398,587196.434671025,517567.38703108625,T,20.98181160151019,0.1638379979529848,0.40476906743596996,20.98181160151019,0.1638379979529848
1399,587196.7206115557,517567.38703108625,T,21.033509298620903,0.15892424048516865,0.39865303270534475,21.033509298620903,0.15892424048516865
1400,587197.0065520864,517567.38703108625,T,21.08748905479656,0.15159519112768602,0.3893522712501958,21.08748905479656,0.15159519112768602
1401,587197.2924926169,517567.38703108625,T,21.144886373201064,0.14255613858498759,0.3775660718139112,21.144886373201064,0.14255613858498759
1402,587197.5784331476,517567.38703108625,T,21.207292039013527,0.133078890721277,0.3647997953964297,21.207292039013527,0.133078890721277
1403,587197.8643736783,517567.38703108625,T,21.276687010101025,0.12471052303477553,0.3531437710547583,21.276687010101025,0.12471052303477553
1404,587198.1503142088,517567.38703108625,T,21.353739896288072,0.11823320191986715,0.3438505517224993,21.353739896288072,0.11823320191986715
1405,587198.4362547395,517567.38703108625,T,21.437652851842007,0.11282286650093232,0.3358911527577532,21.437652851842007,0.11282286650093232
1406,587198.7221952702,517567.38703108625,T,21.5262311681659,0.10638823033139198,0.32617208698996913,21.5262311681659,0.10638823033139198
1407,587199.0081358007,517567.38703108625,T,21.61691817621484,0.09687457899650175,0.31124681363268886,21.61691817621484,0.09687457899650175
1408,587199.2940763314,517567.38703108625,T,21.705281897405232,0.0837081230501888,0.28932356117362584,21.705281897405232,0.0837081230501888
1409,587199.5800168621,517567.38703108625,T,21.78220725653819,0.06965497289571043,0.2639222857124999,21.78220725653819,0.06965497289571043
1410,587199.8659573926,517567.38703108625,T,21.82831947293021,0.06413784512509856,0.25325450662347265,21.82831947293021,0.06413784512509856
1411,587200.1518979233,517567.38703108625,T,21.826597016329334,0.07674626802193145,0.27703116796117266,21.826597016329334,0.07674626802193145
1412,587200.437838454,517567.38703108625,T,21.792709070719642,0.10057666190046947,0.31713823784032963,21.792709070719642,0.10057666190046947
1413,587200.7237789845,517567.38703108625,T,21.74615705518003,0.12599240930516084,0.35495409464487215,21.74615705518003,0.12599240930516084
1414,587201.0097195152,517567.38703108625,T,21.69664570750395,0.1494521467739762,0.3865904121599192,21.69664570750395,0.1494521467739762
1415,587201.2956600457,517567.38703108625,T,21.647816164935044,0.1704463947532287,0.4128515408148899,21.647816164935044,0.1704463947532287
1416,587201.5816005764,517567.38703108625,T,21.60109371035035,0.18947575770997344,0.43528813182761306,21.60109371035035,0.18947575770997344
1417,587201.8675411071,517567.38703108625,T,21.55712518864342,0.20727656745279477,0.4552763638195978,21.55712518864342,0.20727656745279477
1418,587202.1534816376,517567.38703108625,T,21.51613036475936,0.22444905821464015,0.4737605494494451,21.51613036475936,0.22444905821464015
1419,587202.4394221683,517567.38703108625,T,21.478023735080956,0.24128975450082246,0.4912125349589752,21.478023735080956,0.24128975450082246
1420,587202.725362699,517567.38703108625,T,21.442461502368527,0.25785103151577715,0.5077903420859609,21.442461502368527,0.25785103151577715
1421,587203.0113032295,517567.38703108625,T,21.40827513518437,0.2740136790334651,0.5234631591940975,21.40827513518437,0.2740136790334651
1422,587203.2972437602,517567.38703108625,T,21.372575169564584,0.2895924797441334,0.5381379746348824,21.372575169564584,0.2895924797441334
1423,587203.5831842909,517567.38703108625,T,21.334939136755402,0.3044497435113774,0.5517696471457789,21.334939136755402,0.3044497435113774
1424,587203.8691248214,517567.38703108625,T,21.29787923813742,0.31843499205582715,0.5643004448481563,21.29787923813742,0.31843499205582715
1425,587204.1550653521,517567.38703108625,T,21.262069883661056,0.3315153034549921,0.5757736564440857,21.262069883661056,0.3315153034549921
1426,587189.0002172287,517567.67297161696,T,20.76533466619173,0.3003516576804351,0.5480434815600265,20.76533466619173,0.3003516576804351
1427,587189.2861577594,517567.67297161696,T,20.743846825193838,0.285165310486614,0.5340087176129374,20.743846825193838,0.285165310486614
1428,587189.5720982901,517567.67297161696,T,20.72141941061743,0.2690886232499338,0.5187375282837495,20.72141941061743,0.2690886232499338
1429,587189.8580388206,517567.67297161696,T,20.70073455063313,0.25218095958594344,0.5021762236366268,20.70073455063313,0.25218095958594344
1430,587190.1439793513,517567.67297161696,T,20.682390592455455,0.23459105950950176,0.48434601217466605,20.682390592455455,0.23459105950950176
1431,587190.429919882,517567.67297161696,T,20.666676586907,0.2165974032673871,0.46540026135294243,20.666676586907,0.2165974032673871
1432,587190.7158604125,517567.67297161696,T,20.653956635047823,0.19866141392981934,0.44571449822708187,20.653956635047823,0.19866141392981934
1433,587191.0018009432,517567.67297161696,T,20.6420014777607,0.18142413585571368,0.42593912224132885,20.6420014777607,0.18142413585571368
1434,587191.2877414739,517567.67297161696,T,20.62806072108381,0.1655340388562801,0.40685874558165774,20.62806072108381,0.1655340388562801
1435,587191.5736820044,517567.67297161696,T,20.612592346436916,0.15106805557193848,0.38867474264729174,20.612592346436916,0.15106805557193848
1436,587191.8596225351,517567.67297161696,T,20.595879679510684,0.1371462073820097,0.3703325632212346,20.595879679510684,0.1371462073820097
1437,587192.1455630658,517567.67297161696,T,20.577902689290717,0.1220589012384579,0.34936929063450595,20.577902689290717,0.1220589012384579
1438,587192.43150359625,517567.67297161696,T,20.558470938948254,0.1038002537516998,0.32218046767564884,20.558470938948254,0.1038002537516998
1439,587192.717444127,517567.67297161696,T,20.538159940046853,0.08067835475535708,0.2840393542369738,20.538159940046853,0.08067835475535708
1440,587193.0033846577,517567.67297161696,T,20.521906469808574,0.05218802209335764,0.22844697873545547,20.521906469808574,0.05218802209335764
1441,587193.2893251881,517567.67297161696,T,20.513365983673076,0.025472668391951725,0.15960159269866867,20.513365983673076,0.025472668391951725
1442,587193.5752657189,517567.67297161696,T,20.52728253266336,0.04083271736498614,0.20207107008423086,20.52728253266336,0.04083271736498614
1443,587193.8612062493,517567.67297161696,T,20.554139774234145,0.071975126561672,0.2682818043805282,20.554139774234145,0.071975126561672
1444,587194.14714678,517567.67297161696,T,20.586115473859156,0.09804458766450057,0.31312072378637057,20.586115473859156,0.09804458766450057
1445,587194.4330873108,517567.67297161696,T,20.62212695482929,0.11798809033915196,0.3434939451273515,20.62212695482929,0.11798809033915196
1446,587194.7190278412,517567.67297161696,T,20.661665396397996,0.13267327880551077,0.3642434334418546,20.661665396397996,0.13267327880551077
1447,587195.0049683719,517567.67297161696,T,20.703628247112952,0.14337574936199468,0.3786499034226665,20.703628247112952,0.14337574936199468
1448,587195.2909089027,517567.67297161696,T,20.747131648694733,0.15135307757760266,0.38904122863470736,20.747131648694733,0.15135307757760266
1449,587195.5768494331,517567.67297161696,T,20.792061405169594,0.15744533408331204,0.39679381810117964,20.792061405169594,0.15744533408331204
1450,587195.8627899638,517567.67297161696,T,20.838447928522626,0.1619584711188986,0.40244064297595317,20.838447928522626,0.1619584711188986
1451,587196.1487304945,517567.67297161696,T,20.886489650700312,0.16474498083286346,0.40588789195153807,20.886489650700312,0.16474498083286346
1452,587196.434671025,517567.67297161696,T,20.936600763093544,0.16542748476711383,0.40672777722589076,20.936600763093544,0.16542748476711383
1453,587196.7206115557,517567.67297161696,T,20.98940390991138,0.16378097511583398,0.40469862257713946,20.98940390991138,0.16378097511583398
1454,587197.0065520864,517567.67297161696,T,21.045673460477865,0.15988899379743587,0.3998612181712999,21.045673460477865,0.15988899379743587
1455,587197.2924926169,517567.67297161696,T,21.106355172127977,0.15416654565825993,0.39264047888400394,21.106355172127977,0.15416654565825993
1456,587197.5784331476,517567.67297161696,T,21.172995514881546,0.14734527335132053,0.38385579760024535,21.172995514881546,0.14734527335132053
1457,587197.8643736783,517567.67297161696,T,21.24662510976386,0.14012098339344936,0.37432737462473853,21.24662510976386,0.14012098339344936
1458,587198.1503142088,517567.67297161696,T,21.32736572205499,0.13260585621769908,0.3641508701317341,21.32736572205499,0.13260585621769908
1459,587198.4362547395,517567.67297161696,T,21.414563666688167,0.12399988315001681,0.3521361713173141,21.414563666688167,0.12399988315001681
1460,587198.7221952702,517567.67297161696,T,21.507069840811504,0.11270403060464071,0.3357142097151098,21.507069840811504,0.11270403060464071
1461,587199.0081358007,517567.67297161696,T,21.603971732539478,0.09688071898050724,0.31125667700550175,21.603971732539478,0.09688071898050724
1462,587199.2940763314,517567.67297161696,T,21.703235433934303,0.07516051296197976,0.27415417735642794,21.703235433934303,0.07516051296197976
1463,587199.5800168621,517567.67297161696,T,21.800671053103024,0.047708784516585806,0.21842340652179612,21.800671053103024,0.047708784516585806
1464,587199.8659573926,517567.67297161696,T,21.871892005155225,0.026347305998296315,0.16231853251645764,21.871892005155225,0.026347305998296315
1465,587200.1518979233,517567.67297161696,T,21.850131583590397,0.04810500437662648,0.2193285306945416,21.850131583590397,0.04810500437662648
1466,587200.437838454,517567.67297161696,T,21.797179379634926,0.08044614434033064,0.2836302951737184,21.797179379634926,0.08044614434033064
1467,587200.7237789845,517567.67297161696,T,21.741984809281274,0.10869585893120493,0.3296905502607027,21.741984809281274,0.10869585893120493
1468,587201.0097195152,517567.67297161696,T,21.68887106452395,0.13224709110556285,0.36365793144872127,21.68887106452395,0.13224709110556285
1469,587201.2956600457,517567.67297161696,T,21.63910402397418,0.15216109942857986,0.39007832473566106,21.63910402397418,0.15216109942857986
1470,587201.5816005764,517567.67297161696,T,21.593113268059327,0.16983691479047586,0.41211274524148833,21.593113268059327,0.16983691479047586
1471,587201.8675411071,517567.67297161696,T,21.551072635169348,0.18657144955207555,0.4319391734400523,21.551072635169348,0.18657144955207555
1472,587202.1534816376,517567.67297161696,T,21.512907646548676,0.20324976157474048,0.45083229872618985,21.512907646548676,0.20324976157474048
1473,587202.4394221683,517567.67297161696,T,21.478299396266024,0.2202009032157051,0.46925569065884015,21.478299396266024,0.2202009032157051
1474,587202.725362699,517567.67297161696,T,21.446644401769525,0.23731722818544387,0.4871521612242358,21.446644401769525,0.23731722818544387
1475,587203.0113032295,517567.67297161696,T,21.41534274356228,0.254291549966454,0.5042732889678512,21.41534274356228,0.254291549966454
1476,587203.2972437602,517567.67297161696,T,21.382451512451976,0.2708436918990152,0.5204264519593669,21.382451512451976,0.2708436918990152
1477,587203.5831842909,517567.67297161696,T,21.347321368585515,0.28675451018821757,0.5354946406717975,21.347321368585515,0.28675451018821757
1478,587203.8691248214,517567.67297161696,T,21.310704446083122,0.30184367018281943,0.5494030125352604,21.310704446083122,0.30184367018281943
1479,587204.1550653521,517567.67297161696,T,21.274954339639983,0.3160264245270341,0.5621622759729028,21.274954339639983,0.3160264245270341
1480,587204.4410058828,517567.67297161696,T,21.240184450293604,0.32929144516193826,0.5738392154270552,21.240184450293604,0.32929144516193826
1481,587189.2861577594,517567.95891214756,T,20.766094988266538,0.30273865781561554,0.5502169188743795,20.766094988266538,0.30273865781561554
1482,587189.5720982901,517567.95891214756,T,20.74522910952978,0.2876895866575872,0.5363670260722476,20.74522910952978,0.2876895866575872
1483,587189.8580388206,517567.95891214756,T,20.724976194069132,0.2718157629387218,0.5213595332769142,20.724976194069132,0.2718157629387218
1484,587190.1439793513,517567.95891214756,T,20.707026642741507,0.2552836395974796,0.5052560139152028,20.707026642741507,0.2552836395974796
1485,587190.429919882,517567.95891214756,T,20.691625229299614,0.23830569205948357,0.48816563998245877,20.691625229299614,0.23830569205948357
1486,587190.7158604125,517567.95891214756,T,20.678429413241766,0.22115561713511478,0.47027185450026115,20.678429413241766,0.22115561713511478
1487,587191.0018009432,517567.95891214756,T,20.664520779936034,0.20417940940145562,0.4518621575231274,20.664520779936034,0.20417940940145562
1488,587191.2877414739,517567.95891214756,T,20.648324311178712,0.18758787295633775,0.4331141569567286,20.648324311178712,0.18758787295633775
1489,587191.5736820044,517567.95891214756,T,20.629947904350963,0.17119526118672,0.41375749079227553,20.629947904350963,0.17119526118672
1490,587191.8596225351,517567.95891214756,T,20.60965587914392,0.15421828200461649,0.39270635595138575,20.60965587914392,0.15421828200461649
1491,587192.1455630658,517567.95891214756,T,20.58752205278074,0.13536449471756354,0.36791914154819877,20.58752205278074,0.13536449471756354
1492,587192.43150359625,517567.95891214756,T,20.56349233694918,0.1131167118507659,0.33632827988553965,20.56349233694918,0.1131167118507659
1493,587192.717444127,517567.95891214756,T,20.53825342101844,0.08609643401396526,0.2934219385355588,20.53825342101844,0.08609643401396526
1494,587193.0033846577,517567.95891214756,T,20.51694854950188,0.053693244047480375,0.2317180270231049,20.51694854950188,0.053693244047480375
1495,587193.2893251881,517567.95891214756,T,20.503114757987287,0.021742506272768112,0.14745340373408852,20.503114757987287,0.021742506272768112
1496,587193.5752657189,517567.95891214756,T,20.51331531349606,0.037257578869201065,0.19302222377022046,20.51331531349606,0.037257578869201065
1497,587193.8612062493,517567.95891214756,T,20.536263517331577,0.06781552043072384,0.26041413254799334,20.536263517331577,0.06781552043072384
1498,587194.14714678,517567.95891214756,T,20.564005434033735,0.0922247702036322,0.30368531443524266,20.564005434033735,0.0922247702036322
1499,587194.4330873108,517567.95891214756,T,20.595708417948604,0.1102139283628187,0.3319848315252049,20.595708417948604,0.1102139283628187
1500,587194.7190278412,517567.95891214756,T,20.63094879472552,0.12308675400377793,0.350837218669539,20.63094879472552,0.12308675400377793
1501,587195.0049683719,517567.95891214756,T,20.668512451052877,0.1326016916505823,0.36414515189767704,20.668512451052877,0.1326016916505823
1502,587195.2909089027,517567.95891214756,T,20.707924508929576,0.14042429265600762,0.37473229465313984,20.707924508929576,0.14042429265600762
1503,587195.5768494331,517567.95891214756,T,20.749230628211098,0.14756895988584176,0.3841470550269021,20.749230628211098,0.14756895988584176
1504,587195.8627899638,517567.95891214756,T,20.79262781694256,0.15418116542957316,0.39265909569189045,20.79262781694256,0.15418116542957316
1505,587196.1487304945,517567.95891214756,T,20.83848937827516,0.15976170803636017,0.39970202405837296,20.83848937827516,0.15976170803636017
1506,587196.434671025,517567.95891214756,T,20.88738522563038,0.1636141940801172,0.40449251424484634,20.88738522563038,0.1636141940801172
1507,587196.7206115557,517567.95891214756,T,20.939961283813524,0.16528846872840716,0.4065568456297436,20.939961283813524,0.16528846872840716
1508,587197.0065520864,517567.95891214756,T,20.996929537359964,0.16465241440135386,0.4057738463742505,20.996929537359964,0.16465241440135386
1509,587197.2924926169,517567.95891214756,T,21.059229507559785,0.16188106128863233,0.40234445601826346,21.059229507559785,0.16188106128863233
1510,587197.5784331476,517567.95891214756,T,21.12801127297613,0.15738971572092325,0.3967237271968029,21.12801127297613,0.15738971572092325
1511,587197.8643736783,517567.95891214756,T,21.20347819869595,0.15145917804097622,0.38917756620979094,21.20347819869595,0.15145917804097622
1512,587198.1503142088,517567.95891214756,T,21.28556484063548,0.14393242375333806,0.37938426924865776,21.28556484063548,0.14393242375333806
1513,587198.4362547395,517567.95891214756,T,21.37368384972252,0.13407589914906418,0.36616376001601275,21.37368384972252,0.13407589914906418
1514,587198.7221952702,517567.95891214756,T,21.46701390530191,0.12064542918116149,0.34734050898385216,21.46701390530191,0.12064542918116149
1515,587199.0081358007,517567.95891214756,T,21.564948234471004,0.10220885685999419,0.3197011993408755,21.564948234471004,0.10220885685999419
1516,587199.2940763314,517567.95891214756,T,21.665876347148014,0.0775487155189844,0.2784757000511614,21.665876347148014,0.0775487155189844
1517,587199.5800168621,517567.95891214756,T,21.767180988638312,0.0462191926097798,0.2149864940171354,21.767180988638312,0.0462191926097798
1518,587199.8659573926,517567.95891214756,T,21.850145353682315,0.017536514939531556,0.132425507133375,21.850145353682315,0.017536514939531556
1519,587200.1518979233,517567.95891214756,T,21.821169947597188,0.042048979463600554,0.2050584781558679,21.821169947597188,0.042048979463600554
1520,587200.437838454,517567.95891214756,T,21.767088511076906,0.07347030492280475,0.2710540627306751,21.767088511076906,0.07347030492280475
1521,587200.7237789845,517567.95891214756,T,21.713273602337967,0.09904989253914079,0.3147219289136694,21.713273602337967,0.09904989253914079
1522,587201.0097195152,517567.95891214756,T,21.662360104933096,0.11927423793030137,0.3453610254940493,21.662360104933096,0.11927423793030137
1523,587201.2956600457,517567.95891214756,T,21.615331385514427,0.13576491116848338,0.36846290338171545,21.615331385514427,0.13576491116848338
1524,587201.5816005764,517567.95891214756,T,21.57263402542188,0.15046696607345872,0.38790071677358207,21.57263402542188,0.15046696607345872
1525,587201.8675411071,517567.95891214756,T,21.534504647118823,0.16514870371333418,0.40638492062739506,21.534504647118823,0.16514870371333418
1526,587202.1534816376,517567.95891214756,T,21.500843532806407,0.18089680826977642,0.4253196542246507,21.500843532806407,0.18089680826977642
1527,587202.4394221683,517567.95891214756,T,21.471186765079544,0.19789360351230148,0.4448523389983484,21.471186765079544,0.19789360351230148
1528,587202.725362699,517567.95891214756,T,21.44416383294076,0.21565269689648872,0.46438421258316775,21.44416383294076,0.21565269689648872
1529,587203.0113032295,517567.95891214756,T,21.416556747133633,0.23355079091405423,0.48327092910090735,21.416556747133633,0.23355079091405423
1530,587203.2972437602,517567.95891214756,T,21.387253302370542,0.2511112908770203,0.5011100586468209,21.387253302370542,0.2511112908770203
1531,587203.5831842909,517567.95891214756,T,21.355508716873473,0.26801747493219413,0.5177040418349022,21.355508716873473,0.26801747493219413
1532,587203.8691248214,517567.95891214756,T,21.320918283619417,0.28408824509648334,0.5329992918348798,21.320918283619417,0.28408824509648334
1533,587204.1550653521,517567.95891214756,T,21.28617448138648,0.29923618454463907,0.5470248481967149,21.28617448138648,0.29923618454463907
1534,587204.4410058828,517567.95891214756,T,21.252258931599044,0.31350995715441715,0.5599195988304189,21.252258931599044,0.31350995715441715
1535,587204.7269464133,517567.95891214756,T,21.219089132540024,0.32692888314260543,0.5717769522660086,21.219089132540024,0.32692888314260543
1536,587189.5720982901,517568.24485267815,T,20.768360384303953,0.3053720938495281,0.5526048261185638,20.768360384303953,0.3053720938495281
1537,587189.8580388206,517568.24485267815,T,20.748926186185397,0.29058700150023775,0.5390612224045036,20.748926186185397,0.29058700150023775
1538,587190.1439793513,517568.24485267815,T,20.731330949809188,0.2750720906817632,0.5244731553490256,20.731330949809188,0.2750720906817632
1539,587190.429919882,517568.24485267815,T,20.71616910467563,0.25897151018593156,0.508892434789447,20.71616910467563,0.25897151018593156
1540,587190.7158604125,517568.24485267815,T,20.701560823532287,0.24245163290868743,0.49239377830014003,20.701560823532287,0.24245163290868743
1541,587191.0018009432,517568.24485267815,T,20.685669651783435,0.225684339183414,0.4750624581919876,20.685669651783435,0.225684339183414
1542,587191.2877414739,517568.24485267815,T,20.667486072906414,0.2086686155342573,0.4568026001833366,20.667486072906414,0.2086686155342573
1543,587191.5736820044,517568.24485267815,T,20.646670541591856,0.19117403921935028,0.437234535712071,20.646670541591856,0.19117403921935028
1544,587191.8596225351,517568.24485267815,T,20.623516449090914,0.17262548404193037,0.41548223071742835,20.623516449090914,0.17262548404193037
1545,587192.1455630658,517568.24485267815,T,20.59822553160883,0.15221670784497568,0.39014959675100996,20.59822553160883,0.15221670784497568
1546,587192.43150359625,517568.24485267815,T,20.57098802679287,0.12921546608696172,0.359465528370888,20.57098802679287,0.12921546608696172
1547,587192.717444127,517568.24485267815,T,20.543065889554985,0.10357575016806599,0.32183186630299054,20.543065889554985,0.10357575016806599
1548,587193.0033846577,517568.24485267815,T,20.520945894935444,0.07757169346493144,0.2785169536400458,20.520945894935444,0.07757169346493144
1549,587193.2893251881,517568.24485267815,T,20.50875178008029,0.05988623760643358,0.24471664758743647,20.50875178008029,0.05988623760643358
1550,587193.5752657189,517568.24485267815,T,20.510857376703,0.06240587271200425,0.24981167449101382,20.510857376703,0.06240587271200425
1551,587193.8612062493,517568.24485267815,T,20.524759981815155,0.07769811628316688,0.27874381837659984,20.524759981815155,0.07769811628316688
1552,587194.14714678,517568.24485267815,T,20.54570724644922,0.09326438347821749,0.3053921797921772,20.54570724644922,0.09326438347821749
1553,587194.4330873108,517568.24485267815,T,20.571600302190546,0.10504163517332553,0.32410127302021746,20.571600302190546,0.10504163517332553
1554,587194.7190278412,517568.24485267815,T,20.601446051726224,0.11313329683853247,0.3363529349337277,20.601446051726224,0.11313329683853247
1555,587195.0049683719,517568.24485267815,T,20.6337975758909,0.11932799666531732,0.34543884649141204,20.6337975758909,0.11932799666531732
1556,587195.2909089027,517568.24485267815,T,20.66833225713997,0.12573089643623717,0.3545855276745473,20.66833225713997,0.12573089643623717
1557,587195.5768494331,517568.24485267815,T,20.705164906329987,0.13352946799697246,0.36541684142493003,20.705164906329987,0.13352946799697246
1558,587195.8627899638,517568.24485267815,T,20.744626232665325,0.14242493990863733,0.3773922891483573,20.744626232665325,0.14242493990863733
1559,587196.1487304945,517568.24485267815,T,20.787261509805994,0.15113732409475217,0.38876384103302636,20.787261509805994,0.15113732409475217
1560,587196.434671025,517568.24485267815,T,20.833731176282534,0.15839260963340987,0.3979856902369856,20.833731176282534,0.15839260963340987
1561,587196.7206115557,517568.24485267815,T,20.88471033548038,0.16339651701909486,0.40422335041298,20.88471033548038,0.16339651701909486
1562,587197.0065520864,517568.24485267815,T,20.940821896125797,0.1658426925903178,0.40723788206687966,20.940821896125797,0.1658426925903178
1563,587197.2924926169,517568.24485267815,T,21.002926124665784,0.16585240515989386,0.4072498068260977,21.002926124665784,0.16585240515989386
1564,587197.5784331476,517568.24485267815,T,21.071646872832364,0.16368881697766607,0.4045847463482355,21.071646872832364,0.16368881697766607
1565,587197.8643736783,517568.24485267815,T,21.146967474730495,0.15944942101990522,0.3993111831891329,21.146967474730495,0.15944942101990522
1566,587198.1503142088,517568.24485267815,T,21.22843426860904,0.15292653578078072,0.3910582255633817,21.22843426860904,0.15292653578078072
1567,587198.4362547395,517568.24485267815,T,21.315087646192723,0.14356139188803468,0.37889496155007746,21.315087646192723,0.14356139188803468
1568,587198.7221952702,517568.24485267815,T,21.405888397118215,0.1305450659175259,0.3613102073254033,21.405888397118215,0.1305450659175259
1569,587199.0081358007,517568.24485267815,T,21.499192550274525,0.11323794460387904,0.3365084614149829,21.499192550274525,0.11323794460387904
1570,587199.2940763314,517568.24485267815,T,21.591251710201742,0.09184205836896202,0.3030545468541299,21.591251710201742,0.09184205836896202
1571,587199.5800168621,517568.24485267815,T,21.674705603370132,0.069232735186286,0.2631211416558654,21.674705603370132,0.069232735186286
1572,587199.8659573926,517568.24485267815,T,21.72858401053521,0.05574508975075614,0.23610398080243405,21.72858401053521,0.05574508975075614
1573,587200.1518979233,517568.24485267815,T,21.730963487300652,0.06269873790143703,0.25039716033021825,21.730963487300652,0.06269873790143703
1574,587200.437838454,517568.24485267815,T,21.700681517849386,0.08005892960794832,0.28294686711103256,21.700681517849386,0.08005892960794832
1575,587200.7237789845,517568.24485267815,T,21.659738203790877,0.09678387868665182,0.31110107471150245,21.659738203790877,0.09678387868665182
1576,587201.0097195152,517568.24485267815,T,21.617238651041177,0.1100426740525207,0.3317268063520353,21.617238651041177,0.1100426740525207
1577,587201.2956600457,517568.24485267815,T,21.576700295753376,0.12058350840770442,0.34725136199546347,21.576700295753376,0.12058350840770442
1578,587201.5816005764,517568.24485267815,T,21.539838723001832,0.1305517826070035,0.36131950211274716,21.539838723001832,0.1305517826070035
1579,587201.8675411071,517568.24485267815,T,21.507623112982994,0.142240236950587,0.37714750025764054,21.507623112982994,0.142240236950587
1580,587202.1534816376,517568.24485267815,T,21.48024047195533,0.15689537334374887,0.3961002061899853,21.48024047195533,0.15689537334374887
1581,587202.4394221683,517568.24485267815,T,21.45708925330059,0.17422419456936816,0.4174017184552169,21.45708925330059,0.17422419456936816
1582,587202.725362699,517568.24485267815,T,21.435224193317186,0.1929869664572734,0.4393028186311504,21.435224193317186,0.1929869664572734
1583,587203.0113032295,517568.24485267815,T,21.41233414019137,0.2120429678142508,0.46048123502945354,21.41233414019137,0.2120429678142508
1584,587203.2972437602,517568.24485267815,T,21.387403166238943,0.23065082927160158,0.48026120941795997,21.387403166238943,0.23065082927160158
1585,587203.5831842909,517568.24485267815,T,21.359677714321215,0.24845118109031353,0.49844877479066346,21.359677714321215,0.24845118109031353
1586,587203.8691248214,517568.24485267815,T,21.32878221632907,0.2653568017900897,0.5151279470093714,21.32878221632907,0.2653568017900897
1587,587204.1550653521,517568.24485267815,T,21.295887373174075,0.2813649627415994,0.5304384627283352,21.295887373174075,0.2813649627415994
1588,587204.4410058828,517568.24485267815,T,21.263453051166127,0.29653735186989777,0.5445524326177396,21.263453051166127,0.29653735186989777
1589,587204.7269464133,517568.24485267815,T,21.231459923767773,0.31092833661922176,0.5576094839753192,21.231459923767773,0.31092833661922176
1590,587205.012886944,517568.24485267815,T,21.19990915764213,0.32448611373275354,0.5696368261732676,21.19990915764213,0.32448611373275354
1591,587189.8580388206,517568.53079320886,T,20.772188731624365,0.3082464191381702,0.5551994408662262,20.772188731624365,0.3082464191381702
1592,587190.1439793513,517568.53079320886,T,20.754937482822722,0.29375080308917184,0.5419878255912874,20.754937482822722,0.29375080308917184
1593,587190.429919882,517568.53079320886,T,20.73963989463452,0.27849902933049364,0.5277300724143865,20.73963989463452,0.27849902933049364
1594,587190.7158604125,517568.53079320886,T,20.723281762075253,0.2626254322303943,0.5124699330013365,20.723281762075253,0.2626254322303943
1595,587191.0018009432,517568.53079320886,T,20.70539064451966,0.24620970889933005,0.4961952326447021,20.70539064451966,0.24620970889933005
1596,587191.2877414739,517568.53079320886,T,20.68550471794781,0.22917593545883014,0.47872323471796324,20.68550471794781,0.22917593545883014
1597,587191.5736820044,517568.53079320886,T,20.66268787008425,0.21135276782303322,0.4597311908311565,20.66268787008425,0.21135276782303322
1598,587191.8596225351,517568.53079320886,T,20.63726768590738,0.19241757995350278,0.438654282953561,20.63726768590738,0.19241757995350278
1599,587192.1455630658,517568.53079320886,T,20.609573241109874,0.17202755695954836,0.4147620486008193,20.609573241109874,0.17202755695954836
1600,587192.43150359625,517568.53079320886,T,20.580308941214945,0.15013757238723174,0.38747589910500463,20.580308941214945,0.15013757238723174
1601,587192.717444127,517568.53079320886,T,20.551053760073543,0.12758417397034116,0.3571892691142067,20.551053760073543,0.12758417397034116
1602,587193.0033846577,517568.53079320886,T,20.52782168281756,0.10697550780717498,0.3270711051242145,20.52782168281756,0.10697550780717498
1603,587193.2893251881,517568.53079320886,T,20.513734258665046,0.093062042104737,0.3050607187179906,20.513734258665046,0.093062042104737
1604,587193.5752657189,517568.53079320886,T,20.510263476244727,0.08932121360993435,0.29886654816144004,20.510263476244727,0.08932121360993435
1605,587193.8612062493,517568.53079320886,T,20.516474138816633,0.09293006735270523,0.30484433298440244,20.516474138816633,0.09293006735270523
1606,587194.14714678,517568.53079320886,T,20.53011076011226,0.09804042553497265,0.3131140775100549,20.53011076011226,0.09804042553497265
1607,587194.4330873108,517568.53079320886,T,20.549403030882164,0.10114368080159497,0.31803094315112634,20.549403030882164,0.10114368080159497
1608,587194.7190278412,517568.53079320886,T,20.573064007311217,0.10191619463340623,0.31924315910197076,20.573064007311217,0.10191619463340623
1609,587195.0049683719,517568.53079320886,T,20.599494204205406,0.10255060754639778,0.3202352378274411,20.599494204205406,0.10255060754639778
1610,587195.2909089027,517568.53079320886,T,20.628385494493056,0.10630335110332695,0.3260419468463022,20.628385494493056,0.10630335110332695
1611,587195.5768494331,517568.53079320886,T,20.659861941482067,0.11485387815377215,0.3389009857668935,20.659861941482067,0.11485387815377215
1612,587195.8627899638,517568.53079320886,T,20.694384700716878,0.12679018899999664,0.35607610001233814,20.694384700716878,0.12679018899999664
1613,587196.1487304945,517568.53079320886,T,20.73266912296434,0.13929069220488055,0.37321668264545804,20.73266912296434,0.13929069220488055
1614,587196.434671025,517568.53079320886,T,20.775470149018933,0.15019709432527625,0.3875526987717622,20.775470149018933,0.15019709432527625
1615,587196.7206115557,517568.53079320886,T,20.82337768022388,0.15844736569863213,0.39805447579273884,20.82337768022388,0.15844736569863213
1616,587197.0065520864,517568.53079320886,T,20.876886893588857,0.16379091818156333,0.4047109069219204,20.876886893588857,0.16379091818156333
1617,587197.2924926169,517568.53079320886,T,20.937156813993433,0.16643262550059024,0.40796154904670884,20.937156813993433,0.16643262550059024
1618,587197.5784331476,517568.53079320886,T,21.004343966180347,0.1666247858099642,0.4081969938766872,21.004343966180347,0.1666247858099642
1619,587197.8643736783,517568.53079320886,T,21.07804860896196,0.16445559096257287,0.40553124535918667,21.07804860896196,0.16445559096257287
1620,587198.1503142088,517568.53079320886,T,21.157355583039557,0.15977256081621122,0.3997155999160043,21.157355583039557,0.15977256081621122
1621,587198.4362547395,517568.53079320886,T,21.240802699748475,0.1522150691604363,0.3901474966732919,21.240802699748475,0.1522150691604363
1622,587198.7221952702,517568.53079320886,T,21.32692338346698,0.14138244463816205,0.3760085698998921,21.32692338346698,0.14138244463816205
1623,587199.0081358007,517568.53079320886,T,21.41286273884999,0.12732019072391115,0.3568195492457093,21.41286273884999,0.12732019072391115
1624,587199.2940763314,517568.53079320886,T,21.494588335624016,0.11107212558253837,0.333274849910008,21.494588335624016,0.11107212558253837
1625,587199.5800168621,517568.53079320886,T,21.56410560211376,0.09567625883518015,0.30931579144165944,21.56410560211376,0.09567625883518015
1626,587199.8659573926,517568.53079320886,T,21.60982766571916,0.08631849890494585,0.29380010024665726,21.60982766571916,0.08631849890494585
1627,587200.1518979233,517568.53079320886,T,21.624526771194425,0.08623989723244053,0.29366630251433434,21.624526771194425,0.08623989723244053
1628,587200.437838454,517568.53079320886,T,21.613674087085627,0.09214519042150131,0.3035542627299134,21.613674087085627,0.09214519042150131
1629,587200.7237789845,517568.53079320886,T,21.58829791269577,0.09859832707404924,0.3140037055100612,21.58829791269577,0.09859832707404924
1630,587201.0097195152,517568.53079320886,T,21.557218251870374,0.10286657220410389,0.3207281905353876,21.557218251870374,0.10286657220410389
1631,587201.2956600457,517568.53079320886,T,21.525415304387728,0.10536065027084655,0.32459305333116195,21.525415304387728,0.10536065027084655
1632,587201.5816005764,517568.53079320886,T,21.496071885090114,0.10881709531880396,0.3298743629305011,21.496071885090114,0.10881709531880396
1633,587201.8675411071,517568.53079320886,T,21.471363084737114,0.11674281751122323,0.341676480769782,21.471363084737114,0.11674281751122323
1634,587202.1534816376,517568.53079320886,T,21.45198313556239,0.13072851175958902,0.3615639801744486,21.45198313556239,0.13072851175958902
1635,587202.4394221683,517568.53079320886,T,21.436258370240882,0.1492900013833295,0.38638064312712345,21.436258370240882,0.1492900013833295
1636,587202.725362699,517568.53079320886,T,21.420624617881277,0.16976602930128373,0.41202673372159204,21.420624617881277,0.16976602930128373
1637,587203.0113032295,517568.53079320886,T,21.403429012504066,0.19025341981414692,0.43618048995128944,21.403429012504066,0.19025341981414692
1638,587203.2972437602,517568.53079320886,T,21.383735962467597,0.20985573920710757,0.4581001410249811,21.383735962467597,0.20985573920710757
1639,587203.5831842909,517568.53079320886,T,21.36096215041398,0.22837040284741608,0.47788115975356893,21.36096215041398,0.22837040284741608
1640,587203.8691248214,517568.53079320886,T,21.33448544247551,0.2458907051557453,0.4958736786276776,21.33448544247551,0.2458907051557453
1641,587204.1550653521,517568.53079320886,T,21.304349313979284,0.2625603503101298,0.5124064307852993,21.304349313979284,0.2625603503101298
1642,587204.4410058828,517568.53079320886,T,21.27368437408958,0.27848688290291634,0.527718564106775,21.27368437408958,0.27848688290291634
1643,587204.7269464133,517568.53079320886,T,21.243104904519907,0.29374472884956887,0.54198222189438,21.243104904519907,0.29374472884956887
1644,587205.012886944,517568.53079320886,T,21.212848279294324,0.30827665264904325,0.5552266678114833,21.212848279294324,0.30827665264904325
1645,587205.2988274747,517568.53079320886,T,21.184596040473984,0.32193304312990445,0.5673914373075297,21.184596040473984,0.32193304312990445
1646,587190.429919882,517568.81673373946,T,20.76146453225221,0.29679865414194967,0.5447923036735648,20.76146453225221,0.29679865414194967
1647,587190.7158604125,517568.81673373946,T,20.743486176508327,0.28167121378073795,0.5307270614739161,20.743486176508327,0.28167121378073795
1648,587191.0018009432,517568.81673373946,T,20.72372410810267,0.2658187937537204,0.5155761764799848,20.72372410810267,0.2658187937537204
1649,587191.2877414739,517568.81673373946,T,20.702222965241646,0.24916061660582994,0.49915991085606015,20.702222965241646,0.24916061660582994
1650,587191.5736820044,517568.81673373946,T,20.677775263641763,0.2316022614438792,0.48125072617491105,20.677775263641763,0.2316022614438792
1651,587191.8596225351,517568.81673373946,T,20.650545587410328,0.2130388323471395,0.4615612985803072,20.650545587410328,0.2130388323471395
1652,587192.1455630658,517568.81673373946,T,20.621363716151368,0.19345226819666247,0.4398320909127283,20.621363716151368,0.19345226819666247
1653,587192.43150359625,517568.81673373946,T,20.590980013831793,0.17316273852395273,0.4161282717191332,20.590980013831793,0.17316273852395273
1654,587192.717444127,517568.81673373946,T,20.560401784448977,0.15311726220803723,0.3913020089496567,20.560401784448977,0.15311726220803723
1655,587193.0033846577,517568.81673373946,T,20.535106134478614,0.13510550516247335,0.36756700771760425,20.535106134478614,0.13510550516247335
1656,587193.2893251881,517568.81673373946,T,20.517969621359413,0.12140715993236256,0.34843530236237913,20.517969621359413,0.12140715993236256
1657,587193.5752657189,517568.81673373946,T,20.5094989498687,0.11301348608437317,0.33617478502168063,20.5094989498687,0.11301348608437317
1658,587193.8612062493,517568.81673373946,T,20.5092097125272,0.10826121669165878,0.3290307230209039,20.5092097125272,0.10826121669165878
1659,587194.14714678,517568.81673373946,T,20.51592923197029,0.10395965787860932,0.32242775606112034,20.51592923197029,0.10395965787860932
1660,587194.4330873108,517568.81673373946,T,20.52846267261029,0.09765099176472838,0.3124915867103119,20.52846267261029,0.09765099176472838
1661,587194.7190278412,517568.81673373946,T,20.545553699638987,0.08909988941324977,0.2984960458921521,20.545553699638987,0.08909988941324977
1662,587195.0049683719,517568.81673373946,T,20.56559868765047,0.08144378417727922,0.28538357376919793,20.56559868765047,0.08144378417727922
1663,587195.2909089027,517568.81673373946,T,20.588202999777877,0.08106509181483627,0.2847193211126289,20.588202999777877,0.08106509181483627
1664,587195.5768494331,517568.81673373946,T,20.61344087557662,0.09149947823160279,0.30248880678729717,20.61344087557662,0.09149947823160279
1665,587195.8627899638,517568.81673373946,T,20.641993231542127,0.10825518885528418,0.3290215629032301,20.641993231542127,0.10825518885528418
1666,587196.1487304945,517568.81673373946,T,20.67476928722365,0.1254259510879572,0.354155264097482,20.67476928722365,0.1254259510879572
1667,587196.434671025,517568.81673373946,T,20.71241800641887,0.14001650435361412,0.37418779289764936,20.71241800641887,0.14001650435361412
1668,587196.7206115557,517568.81673373946,T,20.755555992425975,0.15116414072251264,0.3887983291148673,20.755555992425975,0.15116414072251264
1669,587197.0065520864,517568.81673373946,T,20.8052771387571,0.158970926577049,0.39871158319899486,20.8052771387571,0.158970926577049
1670,587197.2924926169,517568.81673373946,T,20.86252151505919,0.1639155487366945,0.40486485243435805,20.86252151505919,0.1639155487366945
1671,587197.5784331476,517568.81673373946,T,20.927101684414364,0.1663817414690263,0.40789918052017005,20.927101684414364,0.1663817414690263
1672,587197.8643736783,517568.81673373946,T,20.99823417191214,0.16651880663515026,0.4080671594666131,20.99823417191214,0.16651880663515026
1673,587198.1503142088,517568.81673373946,T,21.074514657951095,0.16423066491048452,0.40525382775550006,21.074514657951095,0.16423066491048452
1674,587198.4362547395,517568.81673373946,T,21.154089965688517,0.15926999791158378,0.3990864541820278,21.154089965688517,0.15926999791158378
1675,587198.7221952702,517568.81673373946,T,21.2351422470253,0.15148015459247222,0.38920451512344023,21.2351422470253,0.15148015459247222
1676,587199.0081358007,517568.81673373946,T,21.315072905973324,0.14118015485342245,0.3757394773688579,21.315072905973324,0.14118015485342245
1677,587199.2940763314,517568.81673373946,T,21.38917600407396,0.1294588902172158,0.35980396081368504,21.38917600407396,0.1294588902172158
1678,587199.5800168621,517568.81673373946,T,21.45122409587186,0.11833061959766247,0.3439921795588709,21.45122409587186,0.11833061959766247
1679,587199.8659573926,517568.81673373946,T,21.495094446382744,0.1102019841064389,0.3319668418779787,21.495094446382744,0.1102019841064389
1680,587200.1518979233,517568.81673373946,T,21.5172252964397,0.1060255404536769,0.3256156329995182,21.5172252964397,0.1060255404536769
1681,587200.437838454,517568.81673373946,T,21.519536471797014,0.10412959636175337,0.32269117800422337,21.519536471797014,0.10412959636175337
1682,587200.7237789845,517568.81673373946,T,21.507591986409683,0.10158713661329685,0.3187273703548173,21.507591986409683,0.10158713661329685
1683,587201.0097195152,517568.81673373946,T,21.487870013215694,0.09646038388099772,0.3105807203948721,21.487870013215694,0.09646038388099772
1684,587201.2956600457,517568.81673373946,T,21.46510283610863,0.08925612967514725,0.2987576437099932,21.46510283610863,0.08925612967514725
1685,587201.5816005764,517568.81673373946,T,21.443464608776026,0.08397090881703718,0.2897773435191875,21.443464608776026,0.08397090881703718
1686,587201.8675411071,517568.81673373946,T,21.427015461408494,0.08740622658538204,0.29564544066395143,21.427015461408494,0.08740622658538204
1687,587202.1534816376,517568.81673373946,T,21.417026299230127,0.10232879647337624,0.31988872514262867,21.417026299230127,0.10232879647337624
1688,587202.4394221683,517568.81673373946,T,21.40945751056685,0.12398854906387428,0.3521200776210784,21.40945751056685,0.12398854906387428
1689,587202.725362699,517568.81673373946,T,21.401204131551285,0.14706170942120525,0.38348625714776957,21.401204131551285,0.14706170942120525
1690,587203.0113032295,517568.81673373946,T,21.390754135610116,0.16904430644195176,0.41114998047178813,21.390754135610116,0.16904430644195176
1691,587203.2972437602,517568.81673373946,T,21.377218012631786,0.18932891009462915,0.4351194204981308,21.377218012631786,0.18932891009462915
1692,587203.5831842909,517568.81673373946,T,21.359852767343654,0.2081157691119465,0.45619707266919907,21.359852767343654,0.2081157691119465
1693,587203.8691248214,517568.81673373946,T,21.33811722843331,0.22583985245260696,0.4752261066614575,21.33811722843331,0.22583985245260696
1694,587204.1550653521,517568.81673373946,T,21.31165551638016,0.2428627668398737,0.49281108636055837,21.31165551638016,0.2428627668398737
1695,587204.4410058828,517568.81673373946,T,21.283055456375276,0.25935703876824906,0.509271085737497,21.283055456375276,0.25935703876824906
1696,587204.7269464133,517568.81673373946,T,21.254085209675747,0.27537807194000596,0.5247647777242733,21.254085209675747,0.27537807194000596
1697,587205.012886944,517568.81673373946,T,21.225502791599407,0.290815703584798,0.5392733106549943,21.225502791599407,0.290815703584798
1698,587205.2988274747,517568.81673373946,T,21.1990067316787,0.3055270080075272,0.5527449755606352,21.1990067316787,0.3055270080075272
1699,587205.5847680052,517568.81673373946,T,21.17481234433288,0.3193922388657944,0.5651479796175461,21.17481234433288,0.3193922388657944
1700,587190.7158604125,517569.10267427005,T,20.76204416040325,0.2995807670681491,0.547339718153314,20.76204416040325,0.2995807670681491
1701,587191.0018009432,517569.10267427005,T,20.74057074914042,0.2844732877119512,0.5333603732111631,20.74057074914042,0.2844732877119512
1702,587191.2877414739,517569.10267427005,T,20.71738607841233,0.268484050721652,0.518154466082897,20.71738607841233,0.268484050721652
1703,587191.5736820044,517569.10267427005,T,20.691745562199998,0.2515673281929549,0.5015648793455887,20.691745562199998,0.2515673281929549
1704,587191.8596225351,517569.10267427005,T,20.663631464136987,0.23377492092259966,0.48350276206305137,20.663631464136987,0.23377492092259966
1705,587192.1455630658,517569.10267427005,T,20.633583587636867,0.21525929729128301,0.46396044798159575,20.633583587636867,0.21525929729128301
1706,587192.43150359625,517569.10267427005,T,20.602200424812157,0.19640266916073434,0.443173407551417,20.602200424812157,0.19640266916073434
1707,587192.717444127,517569.10267427005,T,20.57022103551975,0.1779132578286045,0.42179765033556615,20.57022103551975,0.1779132578286045
1708,587193.0033846577,517569.10267427005,T,20.54231163778877,0.160821922558014,0.40102608712902205,20.54231163778877,0.160821922558014
1709,587193.2893251881,517569.10267427005,T,20.52164430430329,0.14614061997607536,0.38228342885361294,20.52164430430329,0.14614061997607536
1710,587193.5752657189,517569.10267427005,T,20.508381279387983,0.13393774608643083,0.36597506211001707,20.508381279387983,0.13393774608643083
1711,587193.8612062493,517569.10267427005,T,20.502210599000872,0.12291236721466729,0.3505886010906049,20.502210599000872,0.12291236721466729
1712,587194.14714678,517569.10267427005,T,20.50244728202377,0.11087135953876344,0.3329735117674729,20.50244728202377,0.11087135953876344
1713,587194.4330873108,517569.10267427005,T,20.50831375621824,0.09575506430901516,0.3094431519827433,20.50831375621824,0.09575506430901516
1714,587194.7190278412,517569.10267427005,T,20.51871130355357,0.07676300305965225,0.2770613705655342,20.51871130355357,0.07676300305965225
1715,587195.0049683719,517569.10267427005,T,20.53216322559074,0.056740637564013284,0.2382029335755823,20.53216322559074,0.056740637564013284
1716,587195.2909089027,517569.10267427005,T,20.54804497871887,0.04897274329623192,0.22129786102950005,20.54804497871887,0.04897274329623192
1717,587195.5768494331,517569.10267427005,T,20.56615379617834,0.06530512321788244,0.25554867093742134,20.56615379617834,0.06530512321788244
1718,587195.8627899638,517569.10267427005,T,20.587674530212457,0.08982363021999157,0.29970590621472837,20.587674530212457,0.08982363021999157
1719,587196.1487304945,517569.10267427005,T,20.613490830871548,0.11190836689651817,0.3345270794666975,20.613490830871548,0.11190836689651817
1720,587196.434671025,517569.10267427005,T,20.644450783399407,0.1293802672997058,0.3596946862266745,20.644450783399407,0.1293802672997058
1721,587196.7206115557,517569.10267427005,T,20.68163234705972,0.14239592059846082,0.37735384004732325,20.68163234705972,0.14239592059846082
1722,587197.0065520864,517569.10267427005,T,20.72654505509023,0.15178769238097392,0.38959939987245096,20.72654505509023,0.15178769238097392
1723,587197.2924926169,517569.10267427005,T,20.77986097758062,0.15844208472468363,0.39804784225603285,20.77986097758062,0.15844208472468363
1724,587197.5784331476,517569.10267427005,T,20.841193916377215,0.1629337412370583,0.403650518687959,20.841193916377215,0.1629337412370583
1725,587197.8643736783,517569.10267427005,T,20.90937017044387,0.16544678441552543,0.40675150204458427,20.90937017044387,0.16544678441552543
1726,587198.1503142088,517569.10267427005,T,20.98247679374486,0.16584862156789176,0.4072451615033526,20.98247679374486,0.16584862156789176
1727,587198.4362547395,517569.10267427005,T,21.05893969533588,0.16384597083824015,0.40477891600012983,21.05893969533588,0.16384597083824015
1728,587198.7221952702,517569.10267427005,T,21.136829822427014,0.15934869686956962,0.3991850408890213,21.136829822427014,0.15934869686956962
1729,587199.0081358007,517569.10267427005,T,21.21259039617018,0.15266476615405017,0.3907233882864579,21.21259039617018,0.15266476615405017
1730,587199.2940763314,517569.10267427005,T,21.282002801515638,0.14454375770031308,0.3801891078138787,21.282002801515638,0.14454375770031308
1731,587199.5800168621,517569.10267427005,T,21.34092216803926,0.13614350386710167,0.3689762917412197,21.34092216803926,0.13614350386710167
1732,587199.8659573926,517569.10267427005,T,21.385455338761144,0.1285109649643684,0.35848426041371523,21.385455338761144,0.1285109649643684
1733,587200.1518979233,517569.10267427005,T,21.413407989571617,0.12174023236499718,0.34891292948957503,21.413407989571617,0.12174023236499718
1734,587200.437838454,517569.10267427005,T,21.42535759849083,0.11461496865548981,0.33854832543595575,21.42535759849083,0.11461496865548981
1735,587200.7237789845,517569.10267427005,T,21.424213894668465,0.10512684688859883,0.3242327048411354,21.424213894668465,0.10512684688859883
1736,587201.0097195152,517569.10267427005,T,21.41439960254914,0.09154950257597728,0.3025714834150391,21.41439960254914,0.09154950257597728
1737,587201.2956600457,517569.10267427005,T,21.39951644333201,0.07370576198069066,0.2714880512668848,21.39951644333201,0.07370576198069066
1738,587201.5816005764,517569.10267427005,T,21.383895012115353,0.05584055966481423,0.23630607200157644,21.383895012115353,0.05584055966481423
1739,587201.8675411071,517569.10267427005,T,21.37529650069474,0.05320965667499818,0.23067218444146703,21.37529650069474,0.05320965667499818
1740,587202.1534816376,517569.10267427005,T,21.37583966959007,0.07361744172764038,0.2713253429512997,21.37583966959007,0.07361744172764038
1741,587202.4394221683,517569.10267427005,T,21.377990622980505,0.10104795880213574,0.3178804158832937,21.377990622980505,0.10104795880213574
1742,587202.725362699,517569.10267427005,T,21.378165101837798,0.1269454338157859,0.3562940271963395,21.378165101837798,0.1269454338157859
1743,587203.0113032295,517569.10267427005,T,21.37504189003756,0.14971629725830066,0.38693190261117094,21.37504189003756,0.14971629725830066
1744,587203.2972437602,517569.10267427005,T,21.36784867061115,0.16975460074237078,0.4120128647777528,21.36784867061115,0.16975460074237078
1745,587203.5831842909,517569.10267427005,T,21.356025167088884,0.18797786743583542,0.43356414454592,21.356025167088884,0.18797786743583542
1746,587203.8691248214,517569.10267427005,T,21.339140447811346,0.20528252044294337,0.45308114112479164,21.339140447811346,0.20528252044294337
1747,587204.1550653521,517569.10267427005,T,21.316893999699147,0.22226350355774369,0.4714483042261831,21.316893999699147,0.22226350355774369
1748,587204.4410058828,517569.10267427005,T,21.290739197478597,0.2391231795075372,0.48900222853023606,21.290739197478597,0.2391231795075372
1749,587204.7269464133,517569.10267427005,T,21.263806060675858,0.25581283958569423,0.505779437685731,21.263806060675858,0.25581283958569423
1750,587205.012886944,517569.10267427005,T,21.23764088132069,0.27211544392026565,0.5216468574814437,21.23764088132069,0.27211544392026565
1751,587205.2988274747,517569.10267427005,T,21.21323861308031,0.2878458522146885,0.5365126766579598,21.21323861308031,0.2878458522146885
1752,587205.5847680052,517569.10267427005,T,21.190856151158624,0.30284088386350194,0.5503098071663832,21.190856151158624,0.30284088386350194
1753,587205.8707085359,517569.10267427005,T,21.170678736555782,0.31695348207807333,0.5629862183731262,21.170678736555782,0.31695348207807333
1754,587206.1566490666,517569.10267427005,T,21.153074200461763,0.33015443149052226,0.5745906642911301,21.153074200461763,0.33015443149052226
1755,587191.0018009432,517569.38861480064,T,20.755868114593063,0.3020900611871636,0.5496272020080188,20.755868114593063,0.3020900611871636
1756,587191.2877414739,517569.38861480064,T,20.73133942755331,0.2869684362589928,0.5356943496612531,20.73133942755331,0.2869684362589928
1757,587191.5736820044,517569.38861480064,T,20.705230858881052,0.2709358957468428,0.5205150293188879,20.705230858881052,0.2709358957468428
1758,587191.8596225351,517569.38861480064,T,20.67659480209307,0.25410554118835604,0.5040888227171438,20.67659480209307,0.25410554118835604
1759,587192.1455630658,517569.38861480064,T,20.64583790042252,0.23666934168758644,0.4864867333109778,20.64583790042252,0.23666934168758644
1760,587192.43150359625,517569.38861480064,T,20.61351541616308,0.21893459914899555,0.46790447652164596,20.61351541616308,0.21893459914899555
1761,587192.717444127,517569.38861480064,T,20.580263992377745,0.2013369876641763,0.44870590330881127,20.580263992377745,0.2013369876641763
1762,587193.0033846577,517569.38861480064,T,20.549451343930524,0.18442107161035137,0.4294427454391928,20.549451343930524,0.18442107161035137
1763,587193.2893251881,517569.38861480064,T,20.525051829948147,0.16854156443129298,0.4105381400446163,20.525051829948147,0.16854156443129298
1764,587193.5752657189,517569.38861480064,T,20.507117077478622,0.15340971779041776,0.3916755261570702,20.507117077478622,0.15340971779041776
1765,587193.8612062493,517569.38861480064,T,20.49540753870732,0.13791767673923908,0.3713726925061118,20.49540753870732,0.13791767673923908
1766,587194.14714678,517569.38861480064,T,20.489469548865255,0.12035541517798923,0.34692277984875713,20.489469548865255,0.12035541517798923
1767,587194.4330873108,517569.38861480064,T,20.488775396840712,0.09884484296825316,0.3143959970614339,20.488775396840712,0.09884484296825316
1768,587194.7190278412,517569.38861480064,T,20.492393427895895,0.07172799588018955,0.2678208279432157,20.492393427895895,0.07172799588018955
1769,587195.0049683719,517569.38861480064,T,20.499102185860785,0.03797474300290553,0.19487109329735267,20.499102185860785,0.03797474300290553
1770,587195.2909089027,517569.38861480064,T,20.508371019077874,0.00996906369940794,0.09984519867979602,20.508371019077874,0.00996906369940794
1771,587195.5768494331,517569.38861480064,T,20.518177569514805,0.04609895969036755,0.21470668291966963,20.518177569514805,0.04609895969036755
1772,587195.8627899638,517569.38861480064,T,20.53147842439791,0.07772423179223996,0.27879065944224163,20.53147842439791,0.07772423179223996
1773,587196.1487304945,517569.38861480064,T,20.54905882608767,0.10194789867230433,0.3192928102421104,20.54905882608767,0.10194789867230433
1774,587196.434671025,517569.38861480064,T,20.57217115324668,0.1198331242181113,0.3461692132730918,20.57217115324668,0.1198331242181113
1775,587196.7206115557,517569.38861480064,T,20.602293231190046,0.13279523796771142,0.36441080934532033,20.602293231190046,0.13279523796771142
1776,587197.0065520864,517569.38861480064,T,20.641393280386833,0.1423874245383062,0.37734258246095975,20.641393280386833,0.1423874245383062
1777,587197.2924926169,517569.38861480064,T,20.690145736158204,0.14990080822006244,0.3871702574063024,20.690145736158204,0.14990080822006244
1778,587197.5784331476,517569.38861480064,T,20.748037989265733,0.15605013145570037,0.3950318106883297,20.748037989265733,0.15605013145570037
1779,587197.8643736783,517569.38861480064,T,20.813589455676844,0.16091843871257608,0.4011464055835177,20.813589455676844,0.16091843871257608
1780,587198.1503142088,517569.38861480064,T,20.88507185743088,0.1641430409653209,0.4051457033775885,20.88507185743088,0.1641430409653209
1781,587198.4362547395,517569.38861480064,T,20.960375636569516,0.16527099309503604,0.40653535282314135,20.960375636569516,0.16527099309503604
1782,587198.7221952702,517569.38861480064,T,21.036435492649417,0.1641076860639617,0.40510206869869436,21.036435492649417,0.1641076860639617
1783,587199.0081358007,517569.38861480064,T,21.109811980614673,0.16076013598854252,0.4009490441297279,21.109811980614673,0.16076013598854252
1784,587199.2940763314,517569.38861480064,T,21.177116538910976,0.15564099673712747,0.3945136204709889,21.177116538910976,0.15564099673712747
1785,587199.5800168621,517569.38861480064,T,21.23544481628492,0.14937187444172073,0.38648657731119296,21.23544481628492,0.14937187444172073
1786,587199.8659573926,517569.38861480064,T,21.281834704351475,0.14233392892356184,0.37727169112399866,21.281834704351475,0.14233392892356184
1787,587200.1518979233,517569.38861480064,T,21.31464588869479,0.13428481704848477,0.3664489282949055,21.31464588869479,0.13428481704848477
1788,587200.437838454,517569.38861480064,T,21.334056823645113,0.12418919145252115,0.35240486865609727,21.334056823645113,0.12418919145252115
1789,587200.7237789845,517569.38861480064,T,21.341999933584365,0.11042594347667185,0.33230399256805787,21.341999933584365,0.11042594347667185
1790,587201.0097195152,517569.38861480064,T,21.341384540906414,0.09128487724952282,0.30213387305881945,21.341384540906414,0.09128487724952282
1791,587201.2956600457,517569.38861480064,T,21.33439948741938,0.06535652567802633,0.2556492238948249,21.33439948741938,0.06535652567802633
1792,587201.5816005764,517569.38861480064,T,21.323075315592387,0.03205103558903645,0.1790280301769431,21.323075315592387,0.03205103558903645
1793,587201.8675411071,517569.38861480064,T,21.31821831942742,0.016389998701343424,0.12802343028267688,21.31821831942742,0.016389998701343424
1794,587202.1534816376,517569.38861480064,T,21.333490287882455,0.05339680058636338,0.231077477453696,21.333490287882455,0.05339680058636338
1795,587202.4394221683,517569.38861480064,T,21.34566140432642,0.08576419273157278,0.29285524193972146,21.34566140432642,0.08576419273157278
1796,587202.725362699,517569.38861480064,T,21.3538826643648,0.11205742106487133,0.3347497887450735,21.3538826643648,0.11205742106487133
1797,587203.0113032295,517569.38861480064,T,21.35768474923087,0.13345416907859894,0.36531379535763353,21.35768474923087,0.13345416907859894
1798,587203.2972437602,517569.38861480064,T,21.35661004056703,0.15154416432814508,0.3892867379299545,21.35661004056703,0.15154416432814508
1799,587203.5831842909,517569.38861480064,T,21.350187209794473,0.16797015812677302,0.40984162566383253,21.350187209794473,0.16797015812677302
1800,587203.8691248214,517569.38861480064,T,21.338022007349476,0.18408106620264822,0.42904669466463463,21.338022007349476,0.18408106620264822
1801,587204.1550653521,517569.38861480064,T,21.319876189027486,0.20063854934569808,0.4479269464384768,21.319876189027486,0.20063854934569808
1802,587204.4410058828,517569.38861480064,T,21.296465425428366,0.21774819092339598,0.4666349653887886,21.296465425428366,0.21774819092339598
1803,587204.7269464133,517569.38861480064,T,21.27189087952321,0.2351049847629722,0.48487625716565275,21.27189087952321,0.2351049847629722
1804,587205.012886944,517569.38861480064,T,21.248359154742396,0.252305915568959,0.5023006227041322,21.248359154742396,0.252305915568959
1805,587205.2988274747,517569.38861480064,T,21.226380315990642,0.2690410130707563,0.5186916358210881,21.226380315990642,0.2690410130707563
1806,587205.5847680052,517569.38861480064,T,21.20628035456497,0.2850803295100302,0.5339291427802291,21.20628035456497,0.2850803295100302
1807,587205.8707085359,517569.38861480064,T,21.18823233495952,0.3002550599958541,0.5479553448921309,21.18823233495952,0.3002550599958541
1808,587206.1566490666,517569.38861480064,T,21.17234327134451,0.31451544627218836,0.5608167671104247,21.17234327134451,0.31451544627218836
1809,587206.4425895971,517569.38861480064,T,21.159022550968693,0.32787614827821887,0.5726047050786597,21.159022550968693,0.32787614827821887
1810,587191.2877414739,517569.67455533135,T,20.745016140339498,0.30445267520772945,0.5517723037700691,20.745016140339498,0.30445267520772945
1811,587191.5736820044,517569.67455533135,T,20.718191733276186,0.28946129401453824,0.5380160722641455,20.718191733276186,0.28946129401453824
1812,587191.8596225351,517569.67455533135,T,20.689205980431485,0.2736667293313342,0.5231316558299012,20.689205980431485,0.2736667293313342
1813,587192.1455630658,517569.67455533135,T,20.657875864947087,0.2572483587700322,0.507196568176513,20.657875864947087,0.2572483587700322
1814,587192.43150359625,517569.67455533135,T,20.624699427968583,0.24040684365063786,0.49031300579388865,20.624699427968583,0.24040684365063786
1815,587192.717444127,517569.67455533135,T,20.590322126276597,0.2234007095803712,0.47265284256034173,20.590322126276597,0.2234007095803712
1816,587193.0033846577,517569.67455533135,T,20.55671762273998,0.20647793709557255,0.4543984343014097,20.55671762273998,0.20647793709557255
1817,587193.2893251881,517569.67455533135,T,20.528530258281172,0.18967874226664028,0.43552123055786873,20.528530258281172,0.18967874226664028
1818,587193.5752657189,517569.67455533135,T,20.50604204378256,0.17263369969391693,0.4154921174871034,20.50604204378256,0.17263369969391693
1819,587193.8612062493,517569.67455533135,T,20.489036689576,0.1544773081636434,0.39303601382525166,20.489036689576,0.1544773081636434
1820,587194.14714678,517569.67455533135,T,20.477161397787892,0.1340056868364083,0.36606787189865253,20.477161397787892,0.1340056868364083
1821,587194.4330873108,517569.67455533135,T,20.470001583122908,0.11000155232273492,0.33166481924185887,20.470001583122908,0.11000155232273492
1822,587194.7190278412,517569.67455533135,T,20.466699783160873,0.08178834014032776,0.28598660832341044,20.466699783160873,0.08178834014032776
1823,587195.0049683719,517569.67455533135,T,20.46597303665356,0.05121252987765316,0.22630185566550964,20.46597303665356,0.05121252987765316
1824,587195.2909089027,517569.67455533135,T,20.46715403953578,0.03459154035085929,0.18598801130949083,20.46715403953578,0.03459154035085929
1825,587195.5768494331,517569.67455533135,T,20.469376160530928,0.052919057405314295,0.23004142541141215,20.469376160530928,0.052919057405314295
1826,587195.8627899638,517569.67455533135,T,20.473960160933245,0.07764117389922251,0.2786416585853998,20.473960160933245,0.07764117389922251
1827,587196.1487304945,517569.67455533135,T,20.48246634186333,0.09759460059117973,0.31240134537351105,20.48246634186333,0.09759460059117973
1828,587196.434671025,517569.67455533135,T,20.496539128620057,0.1120944455866161,0.33480508596288694,20.496539128620057,0.1120944455866161
1829,587196.7206115557,517569.67455533135,T,20.518366887463692,0.12242226277989858,0.3498889292045385,20.518366887463692,0.12242226277989858
1830,587197.0065520864,517569.67455533135,T,20.550620064402,0.13046551361497402,0.3612001019033273,20.550620064402,0.13046551361497402
1831,587197.2924926169,517569.67455533135,T,20.59448994303727,0.1378524094063494,0.3712848090164064,20.59448994303727,0.1378524094063494
1832,587197.5784331476,517569.67455533135,T,20.649906510046936,0.14531718926844125,0.3812049176865918,20.649906510046936,0.14531718926844125
1833,587197.8643736783,517569.67455533135,T,20.71480667241438,0.1526016429037058,0.39064260252013705,20.71480667241438,0.1526016429037058
1834,587198.1503142088,517569.67455533135,T,20.786440207455378,0.15885599756043361,0.39856743163539293,20.786440207455378,0.15885599756043361
1835,587198.4362547395,517569.67455533135,T,20.86177297764834,0.16327811230978065,0.404076864358479,20.86177297764834,0.16327811230978065
1836,587198.7221952702,517569.67455533135,T,20.937365259589697,0.16541643602564,0.40671419452195173,20.937365259589697,0.16541643602564
1837,587199.0081358007,517569.67455533135,T,21.009966257714368,0.16517129677619333,0.4064127172914171,21.009966257714368,0.16517129677619333
1838,587199.2940763314,517569.67455533135,T,21.076975074171955,0.16277463662532798,0.40345338841720985,21.076975074171955,0.16277463662532798
1839,587199.5800168621,517569.67455533135,T,21.135747809739627,0.15856477224394533,0.39820192395811616,21.135747809739627,0.15856477224394533
1840,587199.8659573926,517569.67455533135,T,21.184288884610766,0.1526262534478975,0.3906741013273051,21.184288884610766,0.1526262534478975
1841,587200.1518979233,517569.67455533135,T,21.22155730086407,0.14461461602379155,0.38028228465679487,21.22155730086407,0.14461461602379155
1842,587200.437838454,517569.67455533135,T,21.247579792142716,0.13370401801687629,0.3656556002810244,21.247579792142716,0.13370401801687629
1843,587200.7237789845,517569.67455533135,T,21.263978095797704,0.11871957230378709,0.34455706683187776,21.263978095797704,0.11871957230378709
1844,587201.0097195152,517569.67455533135,T,21.272799154976394,0.09857651700190313,0.3139689745849152,21.272799154976394,0.09857651700190313
1845,587201.2956600457,517569.67455533135,T,21.275958186835073,0.07282688627262499,0.2698645702433444,21.275958186835073,0.07282688627262499
1846,587201.5816005764,517569.67455533135,T,21.27558561154416,0.044083366264539695,0.2099603921327537,21.27558561154416,0.044083366264539695
1847,587201.8675411071,517569.67455533135,T,21.28057626934396,0.0337129081082958,0.18361075161410292,21.28057626934396,0.0337129081082958
1848,587202.1534816376,517569.67455533135,T,21.298037108059063,0.05666685173231452,0.23804800300005569,21.298037108059063,0.05666685173231452
1849,587202.4394221683,517569.67455533135,T,21.315715310802275,0.08253351077132037,0.2872864611695448,21.315715310802275,0.08253351077132037
1850,587202.725362699,517569.67455533135,T,21.329963325443316,0.10378371259942128,0.3221547960211384,21.329963325443316,0.10378371259942128
1851,587203.0113032295,517569.67455533135,T,21.339730141633247,0.12053765939790444,0.34718533868512425,21.339730141633247,0.12053765939790444
1852,587203.2972437602,517569.67455533135,T,21.344296014159163,0.13445493937057407,0.3666809776502922,21.344296014159163,0.13445493937057407
1853,587203.5831842909,517569.67455533135,T,21.34298601747923,0.14761118497630393,0.3842020106354259,21.34298601747923,0.14761118497630393
1854,587203.8691248214,517569.67455533135,T,21.33527911107112,0.16175167724391898,0.4021836362209668,21.33527911107112,0.16175167724391898
1855,587204.1550653521,517569.67455533135,T,21.320945788292896,0.1776775739624065,0.4215181774993891,21.320945788292896,0.1776775739624065
1856,587204.4410058828,517569.67455533135,T,21.300367060151515,0.1951446605841822,0.44175180880691617,21.300367060151515,0.1951446605841822
1857,587204.7269464133,517569.67455533135,T,21.27853639899336,0.2133505759546126,0.4618988806596229,21.27853639899336,0.2133505759546126
1858,587205.012886944,517569.67455533135,T,21.25767442868532,0.23157622424613886,0.48122367382137266,21.25767442868532,0.23157622424613886
1859,587205.2988274747,517569.67455533135,T,21.238213690440446,0.24932271219078112,0.4993222528495812,21.238213690440446,0.24932271219078112
1860,587205.5847680052,517569.67455533135,T,21.220505187607355,0.2663106268925244,0.5160529303206449,21.220505187607355,0.2663106268925244
1861,587205.8707085359,517569.67455533135,T,21.20486745139772,0.2824139563855328,0.5314263414486835,21.20486745139772,0.2824139563855328
1862,587206.1566490666,517569.67455533135,T,21.191428839455494,0.29761114677193135,0.5455374842959293,21.191428839455494,0.29761114677193135
1863,587206.4425895971,517569.67455533135,T,21.180365974314412,0.31196314860030966,0.55853661348233,21.180365974314412,0.31196314860030966
1864,587206.7285301278,517569.67455533135,T,21.171921433765807,0.32547756544362916,0.5705064113957258,21.171921433765807,0.32547756544362916
1865,587191.5736820044,517569.96049586195,T,20.730851325164146,0.30692759802422526,0.5540104674320019,20.730851325164146,0.30692759802422526
1866,587191.8596225351,517569.96049586195,T,20.701295230640806,0.2922161987248279,0.540570253274103,20.701295230640806,0.2922161987248279
1867,587192.1455630658,517569.96049586195,T,20.669537637747368,0.27677709307777737,0.5260960873051399,20.669537637747368,0.27677709307777737
1868,587192.43150359625,517569.96049586195,T,20.63567210112579,0.26073914295674844,0.5106262262719654,20.63567210112579,0.26073914295674844
1869,587192.717444127,517569.96049586195,T,20.600326200381705,0.24427796683959394,0.4942448450308753,20.600326200381705,0.24427796683959394
1870,587193.0033846577,517569.96049586195,T,20.564372413970887,0.22747413661667798,0.47694248774530246,20.564372413970887,0.22747413661667798
1871,587193.2893251881,517569.96049586195,T,20.532441650141454,0.21024668228951318,0.4585266429440204,20.532441650141454,0.21024668228951318
1872,587193.5752657189,517569.96049586195,T,20.505556677549112,0.19229741438884757,0.4385172908664464,20.505556677549112,0.19229741438884757
1873,587193.8612062493,517569.96049586195,T,20.483497799987123,0.17307310057195469,0.4160205530643344,20.483497799987123,0.17307310057195469
1874,587194.14714678,517569.96049586195,T,20.46594394730244,0.15195155275827069,0.38980963656414486,20.46594394730244,0.15195155275827069
1875,587194.4330873108,517569.96049586195,T,20.45251015496441,0.12863886541639305,0.35866260666034455,20.45251015496441,0.12863886541639305
1876,587194.7190278412,517569.96049586195,T,20.442392199075197,0.10398218298079959,0.3224626846331209,20.442392199075197,0.10398218298079959
1877,587195.0049683719,517569.96049586195,T,20.43420784753682,0.08186056564739778,0.2861128547398697,20.43420784753682,0.08186056564739778
1878,587195.2909089027,517569.96049586195,T,20.42734211329166,0.07076254292061288,0.26601229843864904,20.42734211329166,0.07076254292061288
1879,587195.5768494331,517569.96049586195,T,20.421240965713167,0.07516219381961856,0.2741572428728057,20.421240965713167,0.07516219381961856
1880,587195.8627899638,517569.96049586195,T,20.416761782404187,0.08686779695730756,0.2947334337283566,20.416761782404187,0.08686779695730756
1881,587196.1487304945,517569.96049586195,T,20.41536201947989,0.09786779494881229,0.3128382888151837,20.41536201947989,0.09786779494881229
1882,587196.434671025,517569.96049586195,T,20.41905898127068,0.1055776214140998,0.32492710169221006,20.41905898127068,0.1055776214140998
1883,587196.7206115557,517569.96049586195,T,20.431244206449698,0.11061987100215395,0.3325956569201618,20.431244206449698,0.11061987100215395
1884,587197.0065520864,517569.96049586195,T,20.45603951941161,0.11520031587034582,0.33941172029018946,20.45603951941161,0.11520031587034582
1885,587197.2924926169,517569.96049586195,T,20.49583446170191,0.12152733437098868,0.3486077084216422,20.49583446170191,0.12152733437098868
1886,587197.5784331476,517569.96049586195,T,20.550260699474283,0.1303039229265397,0.3609763467687872,20.550260699474283,0.1303039229265397
1887,587197.8643736783,517569.96049586195,T,20.61614124004747,0.14043166328276596,0.37474212904711685,20.61614124004747,0.14043166328276596
1888,587198.1503142088,517569.96049586195,T,20.689552419193497,0.15011898904560173,0.3874519183661396,20.689552419193497,0.15011898904560173
1889,587198.4362547395,517569.96049586195,T,20.766255261030942,0.157997671042355,0.3974892087118278,20.766255261030942,0.157997671042355
1890,587198.7221952702,517569.96049586195,T,20.842594266027177,0.16335576991637374,0.4041729455522397,20.842594266027177,0.16335576991637374
1891,587199.0081358007,517569.96049586195,T,20.915374288870414,0.16604175180415234,0.40748221041433497,20.915374288870414,0.16604175180415234
1892,587199.2940763314,517569.96049586195,T,20.98265809530803,0.1662726359937749,0.4077654178492518,20.98265809530803,0.1662726359937749
1893,587199.5800168621,517569.96049586195,T,21.042523294147088,0.16425297401177083,0.40528135167038076,21.042523294147088,0.16425297401177083
1894,587199.8659573926,517569.96049586195,T,21.093561389471766,0.15998580309987784,0.3999822534811736,21.093561389471766,0.15998580309987784
1895,587200.1518979233,517569.96049586195,T,21.135074652026347,0.15318061416384646,0.3913829507833044,21.135074652026347,0.15318061416384646
1896,587200.437838454,517569.96049586195,T,21.167206562117602,0.14327918118976454,0.37852236550799023,21.167206562117602,0.14327918118976454
1897,587200.7237789845,517569.96049586195,T,21.191593155141998,0.12965985258212043,0.36008311899076917,21.191593155141998,0.12965985258212043
1898,587201.0097195152,517569.96049586195,T,21.209902553307163,0.11219383752115641,0.3349534856083101,21.209902553307163,0.11219383752115641
1899,587201.2956600457,517569.96049586195,T,21.22350783637177,0.09208330125556927,0.3034523047458517,21.22350783637177,0.09208330125556927
1900,587201.5816005764,517569.96049586195,T,21.2346496139323,0.07399086176161329,0.2720126132399255,21.2346496139323,0.07399086176161329
1901,587201.8675411071,517569.96049586195,T,21.248486440554714,0.06729099047307334,0.259405070253211,21.248486440554714,0.06729099047307334
1902,587202.1534816376,517569.96049586195,T,21.2674504388474,0.07514254777089945,0.2741214106393359,21.2674504388474,0.07514254777089945
1903,587202.4394221683,517569.96049586195,T,21.287944269993364,0.08859197175282979,0.29764403530531197,21.287944269993364,0.08859197175282979
1904,587202.725362699,517569.96049586195,T,21.30659952043969,0.10075597337641556,0.3174208143402313,21.30659952043969,0.10075597337641556
1905,587203.0113032295,517569.96049586195,T,21.32148838638278,0.10998630619262476,0.331641834201635,21.32148838638278,0.10998630619262476
1906,587203.2972437602,517569.96049586195,T,21.331293367539583,0.1175151454291284,0.3428048211871128,21.331293367539583,0.1175151454291284
1907,587203.5831842909,517569.96049586195,T,21.334844761394113,0.1258948120717698,0.3548165893412677,21.334844761394113,0.1258948120717698
1908,587203.8691248214,517569.96049586195,T,21.33127801392218,0.1374845021348553,0.3707890264488086,21.33127801392218,0.1374845021348553
1909,587204.1550653521,517569.96049586195,T,21.3203341829808,0.1529925912902337,0.39114267382917156,21.3203341829808,0.1529925912902337
1910,587204.4410058828,517569.96049586195,T,21.302800964771624,0.1713279854215866,0.4139178486385754,21.302800964771624,0.1713279854215866
1911,587204.7269464133,517569.96049586195,T,21.283755571237283,0.19081881977703166,0.4368281352855281,21.283755571237283,0.19081881977703166
1912,587205.012886944,517569.96049586195,T,21.265575397721197,0.21025009365349517,0.45853036284797455,21.265575397721197,0.21025009365349517
1913,587205.2988274747,517569.96049586195,T,21.248747138144594,0.2289659777381014,0.4785038952172713,21.248747138144594,0.2289659777381014
1914,587205.5847680052,517569.96049586195,T,21.233739422532718,0.2467606767618407,0.49675011500938854,21.233739422532718,0.2467606767618407
1915,587205.8707085359,517569.96049586195,T,21.2208311721831,0.2636416557503439,0.5134604714584599,21.2208311721831,0.2636416557503439
1916,587206.1566490666,517569.96049586195,T,21.210080749721257,0.2796520887977681,0.5288214148441496,21.210080749721257,0.2796520887977681
1917,587206.4425895971,517569.96049586195,T,21.201558684777,0.294880338983738,0.5430288564926711,21.201558684777,0.294880338983738
1918,587206.7285301278,517569.96049586195,T,21.19548286607339,0.30935835215630364,0.5561999210322702,21.19548286607339,0.30935835215630364
1919,587207.0144706585,517569.96049586195,T,21.191367122914528,0.322993140814826,0.5683248550035674,21.191367122914528,0.322993140814826
1920,587192.1455630658,517570.24643639254,T,20.681584808250662,0.29512216254904844,0.5432514726616472,20.681584808250662,0.29512216254904844
1921,587192.43150359625,517570.24643639254,T,20.646760377551814,0.27991779192815863,0.5290725771840369,20.646760377551814,0.27991779192815863
1922,587192.717444127,517570.24643639254,T,20.610387804178607,0.2640942811683286,0.5139010421942425,20.610387804178607,0.2640942811683286
1923,587193.0033846577,517570.24643639254,T,20.57271145605265,0.24766287308208504,0.49765738523816266,20.57271145605265,0.24766287308208504
1924,587193.2893251881,517570.24643639254,T,20.53715065130869,0.23051776327882087,0.4801226544111628,20.53715065130869,0.23051776327882087
1925,587193.5752657189,517570.24643639254,T,20.506084763959095,0.21248997671534028,0.46096635095778987,20.506084763959095,0.21248997671534028
1926,587193.8612062493,517570.24643639254,T,20.479267007672224,0.19332580938272537,0.43968830935416664,20.479267007672224,0.19332580938272537
1927,587194.14714678,517570.24643639254,T,20.45637860744924,0.17287337422880214,0.41578043993050245,20.45637860744924,0.17287337422880214
1928,587194.4330873108,517570.24643639254,T,20.437052108310517,0.1514251667568483,0.38913386739893036,20.437052108310517,0.1514251667568483
1929,587194.7190278412,517570.24643639254,T,20.420572390421235,0.1302878198962065,0.36095404125207753,20.420572390421235,0.1302878198962065
1930,587195.0049683719,517570.24643639254,T,20.405434061506625,0.11233283027764335,0.3351609020718905,20.405434061506625,0.11233283027764335
1931,587195.2909089027,517570.24643639254,T,20.390670494022274,0.10122517926319308,0.3181590471182504,20.390670494022274,0.10122517926319308
1932,587195.5768494331,517570.24643639254,T,20.37620632183264,0.097958345464125,0.3129829795118658,20.37620632183264,0.097958345464125
1933,587195.8627899638,517570.24643639254,T,20.36262785230841,0.09909649727982278,0.31479596134611193,20.36262785230841,0.09909649727982278
1934,587196.1487304945,517570.24643639254,T,20.351126977929518,0.10023775478865954,0.3166034661665275,20.351126977929518,0.10023775478865954
1935,587196.434671025,517570.24643639254,T,20.34381693237007,0.09916038963894723,0.3148974271710508,20.34381693237007,0.09916038963894723
1936,587196.7206115557,517570.24643639254,T,20.344898602892005,0.09649779261863384,0.3106409384138443,20.344898602892005,0.09649779261863384
1937,587197.0065520864,517570.24643639254,T,20.360552239167323,0.09549713677174096,0.3090261101779928,20.360552239167323,0.09549713677174096
1938,587197.2924926169,517570.24643639254,T,20.396064064917194,0.10005058237709676,0.3163077336662775,20.396064064917194,0.10005058237709676
1939,587197.5784331476,517570.24643639254,T,20.45133774046794,0.11088150994396223,0.3329887534796967,20.45133774046794,0.11088150994396223
1940,587197.8643736783,517570.24643639254,T,20.520829775830062,0.1248921571270313,0.35340084483067,20.520829775830062,0.1248921571270313
1941,587198.1503142088,517570.24643639254,T,20.597810758057953,0.138604712335972,0.3722965381734995,20.597810758057953,0.138604712335972
1942,587198.4362547395,517570.24643639254,T,20.676962764371353,0.1500053883481162,0.3873052908857768,20.676962764371353,0.1500053883481162
1943,587198.7221952702,517570.24643639254,T,20.754287115295483,0.15838631601918013,0.3979777833236174,20.754287115295483,0.15838631601918013
1944,587199.0081358007,517570.24643639254,T,20.827673169593744,0.16376519240027052,0.40467912276304857,20.827673169593744,0.16376519240027052
1945,587199.2940763314,517570.24643639254,T,20.895696145383933,0.16646757099461354,0.4080043761954197,20.895696145383933,0.16646757099461354
1946,587199.5800168621,517570.24643639254,T,20.95692109526429,0.16673479786499282,0.4083317252736956,20.95692109526429,0.16673479786499282
1947,587199.8659573926,517570.24643639254,T,21.010410490567057,0.16460061752772367,0.4057100165484255,21.010410490567057,0.16460061752772367
1948,587200.1518979233,517570.24643639254,T,21.05577521797179,0.15987089812610705,0.3998385900911855,21.05577521797179,0.15987089812610705
1949,587200.437838454,517570.24643639254,T,21.09347858375929,0.15221114755500542,0.3901424708423904,21.09347858375929,0.15221114755500542
1950,587200.7237789845,517570.24643639254,T,21.12511239913879,0.1414374175115256,0.37608166335455073,21.12511239913879,0.1414374175115256
1951,587201.0097195152,517570.24643639254,T,21.15120368275079,0.12797223141314257,0.35773206651507017,21.15120368275079,0.12797223141314257
1952,587201.2956600457,517570.24643639254,T,21.172828240258475,0.11339431950901983,0.33674073039806135,21.172828240258475,0.11339431950901983
1953,587201.5816005764,517570.24643639254,T,21.192503853322112,0.10092884017010659,0.31769299672814094,21.192503853322112,0.10092884017010659
1954,587201.8675411071,517570.24643639254,T,21.213301437483437,0.09440233404811747,0.30724962823104845,21.213301437483437,0.09440233404811747
1955,587202.1534816376,517570.24643639254,T,21.236239307366038,0.09452236222073089,0.3074448929820284,21.236239307366038,0.09452236222073089
1956,587202.4394221683,517570.24643639254,T,21.260071839576625,0.0977623371851291,0.3126696934228341,21.260071839576625,0.0977623371851291
1957,587202.725362699,517570.24643639254,T,21.28278945746308,0.10019735255439985,0.31653965399993705,21.28278945746308,0.10019735255439985
1958,587203.0113032295,517570.24643639254,T,21.302516790248724,0.10031351769027,0.31672309308016994,21.302516790248724,0.10031351769027
1959,587203.2972437602,517570.24643639254,T,21.317530295753116,0.0994677557551475,0.315385091206207,21.317530295753116,0.0994677557551475
1960,587203.5831842909,517570.24643639254,T,21.32594839645578,0.10145994755567801,0.3185277814503438,21.32594839645578,0.10145994755567801
1961,587203.8691248214,517570.24643639254,T,21.326205622494104,0.1102907702541144,0.3321005423875643,21.326205622494104,0.1102907702541144
1962,587204.1550653521,517570.24643639254,T,21.318115006029235,0.12641543168025726,0.35554947852620633,21.318115006029235,0.12641543168025726
1963,587204.4410058828,517570.24643639254,T,21.303764158948738,0.14676190642693354,0.38309516627978163,21.303764158948738,0.14676190642693354
1964,587204.7269464133,517570.24643639254,T,21.287362846797105,0.16815872747509017,0.41007161261795505,21.287362846797105,0.16815872747509017
1965,587205.012886944,517570.24643639254,T,21.27196716484102,0.18888852561217243,0.43461307574919145,21.27196716484102,0.18888852561217243
1966,587205.2988274747,517570.24643639254,T,21.258161042258408,0.20840197809271827,0.45651065496077775,21.258161042258408,0.20840197809271827
1967,587205.5847680052,517570.24643639254,T,21.246183966960903,0.2267346390331179,0.476166608481861,21.246183966960903,0.2267346390331179
1968,587205.8707085359,517570.24643639254,T,21.23620309128635,0.24411374351210585,0.49407868149931933,21.23620309128635,0.24411374351210585
1969,587206.1566490666,517570.24643639254,T,21.228327782654574,0.2607269797580019,0.5106143160527346,21.228327782654574,0.2607269797580019
1970,587206.4425895971,517570.24643639254,T,21.222533052502982,0.27669050531338785,0.5260137881399953,21.222533052502982,0.27669050531338785
1971,587206.7285301278,517570.24643639254,T,21.219019672722766,0.29203774567294255,0.5404051680664634,21.219019672722766,0.29203774567294255
1972,587207.0144706585,517570.24643639254,T,21.215921511708565,0.3066564505696749,0.5537657000660793,21.215921511708565,0.3066564505696749
1973,587207.300411189,517570.24643639254,T,21.209816726012136,0.32041873882371047,0.5660554202758865,21.209816726012136,0.32041873882371047
1974,587192.43150359625,517570.53237692325,T,20.660305834201438,0.2979339893640961,0.5458332981452269,20.660305834201438,0.2979339893640961
1975,587192.717444127,517570.53237692325,T,20.62275194770082,0.28288010792329105,0.5318647458924977,20.62275194770082,0.28288010792329105
1976,587193.0033846577,517570.53237692325,T,20.583645576881047,0.26707464765514605,0.5167926544129144,20.583645576881047,0.26707464765514605
1977,587193.2893251881,517570.53237692325,T,20.544492978384298,0.25042647677354285,0.5004262950460765,20.544492978384298,0.25042647677354285
1978,587193.5752657189,517570.53237692325,T,20.509240868132412,0.23287540805563203,0.4825716610573315,20.509240868132412,0.23287540805563203
1979,587193.8612062493,517570.53237692325,T,20.47787327165281,0.21438118793617952,0.46301316173104573,20.47787327165281,0.21438118793617952
1980,587194.14714678,517570.53237692325,T,20.45007003130126,0.19504345544893764,0.4416372441823013,20.45007003130126,0.19504345544893764
1981,587194.4330873108,517570.53237692325,T,20.425452089092364,0.17536173265630906,0.4187621432941486,20.425452089092364,0.17536173265630906
1982,587194.7190278412,517570.53237692325,T,20.40339963162193,0.1564080162965843,0.3954845335744298,20.40339963162193,0.1564080162965843
1983,587195.0049683719,517570.53237692325,T,20.382032208588942,0.13983955272411006,0.37395127052078597,20.382032208588942,0.13983955272411006
1984,587195.2909089027,517570.53237692325,T,20.360475004242378,0.12718512571501314,0.3566302366808136,20.360475004242378,0.12718512571501314
1985,587195.5768494331,517570.53237692325,T,20.338656281279025,0.1183829206411615,0.3440681918474323,20.338656281279025,0.1183829206411615
1986,587195.8627899638,517570.53237692325,T,20.316779493473078,0.11139877328246706,0.33376454767165886,20.316779493473078,0.11139877328246706
1987,587196.1487304945,517570.53237692325,T,20.295476998177428,0.10349310787013259,0.32170344709084575,20.295476998177428,0.10349310787013259
1988,587196.434671025,517570.53237692325,T,20.276240701674165,0.09289127985692305,0.30478070781616584,20.276240701674165,0.09289127985692305
1989,587196.7206115557,517570.53237692325,T,20.2632976493055,0.08020879319801492,0.2832115696754194,20.2632976493055,0.08020879319801492
1990,587197.0065520864,517570.53237692325,T,20.265691311534997,0.07046231601066182,0.2654473884042972,20.265691311534997,0.07046231601066182
1991,587197.2924926169,517570.53237692325,T,20.29650407760196,0.07263961144084545,0.2695173676052166,20.29650407760196,0.07263961144084545
1992,587197.5784331476,517570.53237692325,T,20.356882568648604,0.08790632240296656,0.29649000388371705,20.356882568648604,0.08790632240296656
1993,587197.8643736783,517570.53237692325,T,20.433421385599175,0.1076381772778843,0.32808257691911086,20.433421385599175,0.1076381772778843
1994,587198.1503142088,517570.53237692325,T,20.515273366585507,0.12579508490914773,0.35467602810050153,20.515273366585507,0.12579508490914773
1995,587198.4362547395,517570.53237692325,T,20.596707614895116,0.14038314476548708,0.3746773875822867,20.596707614895116,0.14038314476548708
1996,587198.7221952702,517570.53237692325,T,20.67496932649116,0.15119506270309274,0.38883809317387197,20.67496932649116,0.15119506270309274
1997,587199.0081358007,517570.53237692325,T,20.748953179436178,0.15872412712897457,0.3984019667734769,20.748953179436178,0.15872412712897457
1998,587199.2940763314,517570.53237692325,T,20.817578831995007,0.16356053878867585,0.4044261845982229,20.817578831995007,0.16356053878867585
1999,587199.5800168621,517570.53237692325,T,20.87991884393246,0.1660734054500217,0.4075210490882915,20.87991884393246,0.1660734054500217
2000,587199.8659573926,517570.53237692325,T,20.935432085002144,0.16634127127001183,0.4078495694125615,20.935432085002144,0.16634127127001183
2001,587200.1518979233,517570.53237692325,T,20.983997704578417,0.1642089823431158,0.40522707503709054,20.983997704578417,0.1642089823431158
2002,587200.437838454,517570.53237692325,T,21.02648097246158,0.1594274519798121,0.3992836735703228,21.02648097246158,0.1594274519798121
2003,587200.7237789845,517570.53237692325,T,21.063106160609998,0.1520013101661054,0.38987345404131507,21.063106160609998,0.1520013101661054
2004,587201.0097195152,517570.53237692325,T,21.094618846923638,0.1424671420343171,0.37744819781569644,21.094618846923638,0.1424671420343171
2005,587201.2956600457,517570.53237692325,T,21.12245398831498,0.13203461976037287,0.36336568324536767,21.12245398831498,0.13203461976037287
2006,587201.5816005764,517570.53237692325,T,21.148761550524156,0.12252285020919879,0.3500326416338893,21.148761550524156,0.12252285020919879
2007,587201.8675411071,517570.53237692325,T,21.175289221529543,0.11549264360175503,0.3398420862720729,21.175289221529543,0.11549264360175503
2008,587202.1534816376,517570.53237692325,T,21.20261713151081,0.11085981545128241,0.3329561764726439,21.20261713151081,0.11085981545128241
2009,587202.4394221683,517570.53237692325,T,21.230283969810618,0.10667670614273611,0.3266140017554914,21.230283969810618,0.10667670614273611
2010,587202.725362699,517570.53237692325,T,21.25714477318264,0.10049716528310514,0.31701287873382233,21.25714477318264,0.10049716528310514
2011,587203.0113032295,517570.53237692325,T,21.281730335139482,0.09108273054168488,0.30179915596582585,21.281730335139482,0.09108273054168488
2012,587203.2972437602,517570.53237692325,T,21.302292754501234,0.07986473818842059,0.2826034999578395,21.302292754501234,0.07986473818842059
2013,587203.5831842909,517570.53237692325,T,21.31605285898823,0.07294884507626405,0.27009043869834426,21.31605285898823,0.07294884507626405
2014,587203.8691248214,517570.53237692325,T,21.31971959993257,0.07935832630024008,0.28170609915342637,21.31971959993257,0.07935832630024008
2015,587204.1550653521,517570.53237692325,T,21.314017973748516,0.09877401312147865,0.3142833325543667,21.314017973748516,0.09877401312147865
2016,587204.4410058828,517570.53237692325,T,21.302282905381976,0.12293676786523926,0.3506233989129066,21.302282905381976,0.12293676786523926
2017,587204.7269464133,517570.53237692325,T,21.288563223422805,0.14666580290601944,0.38296971539015906,21.288563223422805,0.14666580290601944
2018,587205.012886944,517570.53237692325,T,21.276391319800158,0.16840990355572574,0.41037775714057134,21.276391319800158,0.16840990355572574
2019,587205.2988274747,517570.53237692325,T,21.265988525243685,0.18817128004205477,0.43378713678722053,21.265988525243685,0.18817128004205477
2020,587205.5847680052,517570.53237692325,T,21.257418658321093,0.20648129607123805,0.45440213035508326,21.257418658321093,0.20648129607123805
2021,587205.8707085359,517570.53237692325,T,21.25073611144613,0.2239114959322307,0.47319287392376347,21.25073611144613,0.2239114959322307
2022,587206.1566490666,517570.53237692325,T,21.24603020888386,0.2408299165868466,0.49074424763500446,21.24603020888386,0.2408299165868466
2023,587206.4425895971,517570.53237692325,T,21.243247537019947,0.2573651878532352,0.5073117265086973,21.243247537019947,0.2573651878532352
2024,587206.7285301278,517570.53237692325,T,21.242402594494877,0.2734968741199324,0.5229692860196786,21.242402594494877,0.2734968741199324
2025,587207.0144706585,517570.53237692325,T,21.239846764258655,0.28905381128981655,0.5376372487931026,21.239846764258655,0.28905381128981655
2026,587207.300411189,517570.53237692325,T,21.233851476809548,0.30390464189267313,0.5512754682485637,21.233851476809548,0.30390464189267313
2027,587207.5863517197,517570.53237692325,T,21.22500257468159,0.3179054810614681,0.5638310749342113,21.22500257468159,0.3179054810614681
2028,587192.717444127,517570.81831745384,T,20.638347467493798,0.30065941995295287,0.5483241923834411,20.638347467493798,0.30065941995295287
2029,587193.0033846577,517570.81831745384,T,20.598197862884753,0.28567130494066373,0.5344822774804266,20.598197862884753,0.28567130494066373
2030,587193.2893251881,517570.81831745384,T,20.556649939599502,0.2697960798484498,0.5194189829496509,20.556649939599502,0.2697960798484498
2031,587193.5752657189,517570.81831745384,T,20.517534029979796,0.25301867614469137,0.5030096183421261,20.517534029979796,0.25301867614469137
2032,587193.8612062493,517570.81831745384,T,20.482050827907756,0.23542130788102544,0.4852023370523121,20.482050827907756,0.23542130788102544
2033,587194.14714678,517570.81831745384,T,20.449868454923635,0.2172266997951338,0.46607585197597806,20.449868454923635,0.2172266997951338
2034,587194.4330873108,517570.81831745384,T,20.42060848689548,0.19887405568860847,0.44595297475026274,20.42060848689548,0.19887405568860847
2035,587194.7190278412,517570.81831745384,T,20.393632154737695,0.1810431945249933,0.42549170911428263,20.393632154737695,0.1810431945249933
2036,587195.0049683719,517570.81831745384,T,20.36683452576363,0.16460211872790473,0.4057118666343206,20.36683452576363,0.16460211872790473
2037,587195.2909089027,517570.81831745384,T,20.339544578586164,0.15008404232746403,0.38740681760581347,20.339544578586164,0.15008404232746403
2038,587195.5768494331,517570.81831745384,T,20.31154592236076,0.13703593674534667,0.37018365272570675,20.31154592236076,0.13703593674534667
2039,587195.8627899638,517570.81831745384,T,20.282718341157477,0.12392359734122715,0.35202783603179333,20.282718341157477,0.12392359734122715
2040,587196.1487304945,517570.81831745384,T,20.253083156925438,0.10866010985238046,0.32963632969134404,20.253083156925438,0.10866010985238046
2041,587196.434671025,517570.81831745384,T,20.222972812586143,0.08939391740740203,0.29898815596508505,20.222972812586143,0.08939391740740203
2042,587196.7206115557,517570.81831745384,T,20.194452266695645,0.0654646675816901,0.2558606409389496,20.194452266695645,0.0654646675816901
2043,587197.0065520864,517570.81831745384,T,20.175206170037622,0.040934316704452314,0.20232230896382217,20.175206170037622,0.040934316704452314
2044,587197.2924926169,517570.81831745384,T,20.200021573422056,0.03960640501158126,0.1990135799677531,20.200021573422056,0.03960640501158126
2045,587197.5784331476,517570.81831745384,T,20.275086301171118,0.06562095321739451,0.2561658705163405,20.275086301171118,0.06562095321739451
2046,587197.8643736783,517570.81831745384,T,20.360922994229348,0.09239769239498538,0.3039698873161376,20.360922994229348,0.09239769239498538
2047,587198.1503142088,517570.81831745384,T,20.44648651003167,0.1140693657807072,0.33774156655748966,20.44648651003167,0.1140693657807072
2048,587198.4362547395,517570.81831745384,T,20.529010689900936,0.1304502953316071,0.36117903501117987,20.529010689900936,0.1304502953316071
2049,587198.7221952702,517570.81831745384,T,20.607279626410406,0.14242459298346213,0.377391829513388,20.607279626410406,0.14242459298346213
2050,587199.0081358007,517570.81831745384,T,20.681019005272127,0.15114861869488203,0.38877836706134,20.681019005272127,0.15114861869488203
2051,587199.2940763314,517570.81831745384,T,20.749532013263327,0.15755246003567644,0.3969287845894732,20.749532013263327,0.15755246003567644
2052,587199.5800168621,517570.81831745384,T,20.812292943176107,0.16212259362718132,0.4026445003066369,20.812292943176107,0.16212259362718132
2053,587199.8659573926,517570.81831745384,T,20.869064365537152,0.16489674728437556,0.4060748050351998,20.869064365537152,0.16489674728437556
2054,587200.1518979233,517570.81831745384,T,20.919668882489347,0.16560594318339167,0.4069471012102085,20.919668882489347,0.16560594318339167
2055,587200.437838454,517570.81831745384,T,20.964472627800156,0.1639454089686774,0.4049017275446937,20.964472627800156,0.1639454089686774
2056,587200.7237789845,517570.81831745384,T,21.004179808072756,0.15992596661656322,0.3999074475632621,21.004179808072756,0.15992596661656322
2057,587201.0097195152,517570.81831745384,T,21.03966926672877,0.15390888453762352,0.3923122283814558,21.03966926672877,0.15390888453762352
2058,587201.2956600457,517570.81831745384,T,21.07223570795864,0.14662756628307322,0.38291979092634165,21.07223570795864,0.14662756628307322
2059,587201.5816005764,517570.81831745384,T,21.103627117779137,0.13903290690553313,0.37287116663203274,21.103627117779137,0.13903290690553313
2060,587201.8675411071,517570.81831745384,T,21.134787430208974,0.1316646038635493,0.3628561751762664,21.134787430208974,0.1316646038635493
2061,587202.1534816376,517570.81831745384,T,21.166086484804296,0.12411334928678475,0.3522972456417801,21.166086484804296,0.12411334928678475
2062,587202.4394221683,517570.81831745384,T,21.197334534376647,0.11494996396140175,0.33904271701572025,21.197334534376647,0.11494996396140175
2063,587202.725362699,517570.81831745384,T,21.227917618731265,0.10225045929358328,0.319766257278005,21.227917618731265,0.10225045929358328
2064,587203.0113032295,517570.81831745384,T,21.256988754570408,0.08449414893689555,0.29067877276625403,21.256988754570408,0.08449414893689555
2065,587203.2972437602,517570.81831745384,T,21.283426229844036,0.06165135660576781,0.24829691219539524,21.283426229844036,0.06165135660576781
2066,587203.5831842909,517570.81831745384,T,21.304307217763895,0.04001910310508405,0.20004775206206155,21.304307217763895,0.04001910310508405
2067,587203.8691248214,517570.81831745384,T,21.311249959005355,0.04554356736870167,0.21340938912967647,21.311249959005355,0.04554356736870167
2068,587204.1550653521,517570.81831745384,T,21.306443399625586,0.07407365301735006,0.2721647534442145,21.306443399625586,0.07407365301735006
2069,587204.4410058828,517570.81831745384,T,21.297045494521452,0.10314376825225924,0.32116003526631276,21.297045494521452,0.10314376825225924
2070,587204.7269464133,517570.81831745384,T,21.2866406757735,0.12838064606818153,0.3583024505472737,21.2866406757735,0.12838064606818153
2071,587205.012886944,517570.81831745384,T,21.278260913651444,0.1499006223759422,0.38717001740313284,21.278260913651444,0.1499006223759422
2072,587205.2988274747,517570.81831745384,T,21.271790179832806,0.16875627336242685,0.4107995537514943,21.271790179832806,0.16875627336242685
2073,587205.5847680052,517570.81831745384,T,21.267075880972655,0.18614669456680008,0.4314472094785179,21.267075880972655,0.18614669456680008
2074,587205.8707085359,517570.81831745384,T,21.264050499963513,0.20303422720462996,0.4505931948050591,21.264050499963513,0.20303422720462996
2075,587206.1566490666,517570.81831745384,T,21.26277525784371,0.21993194587315928,0.4689690244282231,21.26277525784371,0.21993194587315928
2076,587206.4425895971,517570.81831745384,T,21.26326066694809,0.236902286969895,0.48672609029093045,21.26326066694809,0.236902286969895
2077,587206.7285301278,517570.81831745384,T,21.264498988856104,0.25376243638811413,0.5037483859905798,21.264498988856104,0.25376243638811413
2078,587207.0144706585,517570.81831745384,T,21.262562076320094,0.2702400608883023,0.5198461896448817,21.262562076320094,0.2702400608883023
2079,587207.300411189,517570.81831745384,T,21.257064245451204,0.2861312544218558,0.5349123801351543,21.257064245451204,0.2861312544218558
2080,587207.5863517197,517570.81831745384,T,21.248143144515428,0.301254562071958,0.5488666159204421,21.248143144515428,0.301254562071958
2081,587207.8722922504,517570.81831745384,T,21.23651249246734,0.3154841438031323,0.5616797519967515,21.23651249246734,0.3154841438031323
2082,587208.1582327809,517570.81831745384,T,21.222384524799445,0.3287968324314564,0.5734080854256037,21.222384524799445,0.3287968324314564
2083,587193.0033846577,517571.10425798444,T,20.616415306179086,0.3033230900936686,0.5507477554140994,20.616415306179086,0.3033230900936686
2084,587193.2893251881,517571.10425798444,T,20.57390374939875,0.2883689432673377,0.5369999471762895,20.57390374939875,0.2883689432673377
2085,587193.5752657189,517571.10425798444,T,20.531444028191277,0.27251441811529853,0.5220291353126744,20.531444028191277,0.27251441811529853
2086,587193.8612062493,517571.10425798444,T,20.492329533128906,0.25590523418962674,0.5058707682695519,20.492329533128906,0.25590523418962674
2087,587194.14714678,517571.10425798444,T,20.456348773310996,0.2387510954729114,0.48862162812641785,20.456348773310996,0.2387510954729114
2088,587194.4330873108,517571.10425798444,T,20.423148528789675,0.2213478377978055,0.4704761819665322,20.423148528789675,0.2213478377978055
2089,587194.7190278412,517571.10425798444,T,20.391806086060964,0.2040903440921248,0.4517635931459338,20.391806086060964,0.2040903440921248
2090,587195.0049683719,517571.10425798444,T,20.360678570636267,0.18737002733411956,0.4328625963676228,20.360678570636267,0.18737002733411956
2091,587195.2909089027,517571.10425798444,T,20.328988309661316,0.1712624112716119,0.4138386295062508,20.328988309661316,0.1712624112716119
2092,587195.5768494331,517571.10425798444,T,20.296490394851524,0.1552085738279109,0.39396519367567345,20.296490394851524,0.1552085738279109
2093,587195.8627899638,517571.10425798444,T,20.262967682798553,0.1379883342366453,0.3714678104986289,20.262967682798553,0.1379883342366453
2094,587196.1487304945,517571.10425798444,T,20.228226294513814,0.1179701181975938,0.34346778334742517,20.228226294513814,0.1179701181975938
2095,587196.434671025,517571.10425798444,T,20.19209841721115,0.09346838683005003,0.3057259995977608,20.19209841721115,0.09346838683005003
2096,587196.7206115557,517571.10425798444,T,20.155136691303497,0.06304730065924048,0.25109221544930554,20.155136691303497,0.06304730065924048
2097,587197.0065520864,517571.10425798444,T,20.118222118564947,0.026055470509150847,0.16141707006742145,20.118222118564947,0.026055470509150847
2098,587197.2924926169,517571.10425798444,T,20.135830794107456,0.019991891289506413,0.14139268471001748,20.135830794107456,0.019991891289506413
2099,587197.5784331476,517571.10425798444,T,20.224523825083793,0.05604627930672843,0.23674095401245732,20.224523825083793,0.05604627930672843
2100,587197.8643736783,517571.10425798444,T,20.31194576956185,0.08453437998200238,0.2907479664279741,20.31194576956185,0.08453437998200238
2101,587198.1503142088,517571.10425798444,T,20.39633218072293,0.10581568332025862,0.3252932266744247,20.39633218072293,0.10581568332025862
2102,587198.4362547395,517571.10425798444,T,20.476861757996975,0.12121617016878497,0.3481611267341387,20.476861757996975,0.12121617016878497
2103,587198.7221952702,517571.10425798444,T,20.553153435839413,0.13236516001217324,0.36382023035033834,20.553153435839413,0.13236516001217324
2104,587199.0081358007,517571.10425798444,T,20.625176935061454,0.1409458578516567,0.37542756671781136,20.625176935061454,0.1409458578516567
2105,587199.2940763314,517571.10425798444,T,20.692417298903333,0.1481843559026391,0.38494721183902486,20.692417298903333,0.1481843559026391
2106,587199.5800168621,517571.10425798444,T,20.754425042486808,0.15456969459402328,0.3931535254757654,20.754425042486808,0.15456969459402328
2107,587199.8659573926,517571.10425798444,T,20.810429968226455,0.1598969100246668,0.39987111676722387,20.810429968226455,0.1598969100246668
2108,587200.1518979233,517571.10425798444,T,20.86086180494885,0.163599742436494,0.40447464993061555,20.86086180494885,0.163599742436494
2109,587200.437838454,517571.10425798444,T,20.906570957135493,0.1651963520883516,0.40644354108332387,20.906570957135493,0.1651963520883516
2110,587200.7237789845,517571.10425798444,T,20.948102998003883,0.16450549654107618,0.40559277180575615,20.948102998003883,0.16450549654107618
2111,587201.0097195152,517571.10425798444,T,20.986197397388917,0.1616482092687106,0.4020549828925275,20.986197397388917,0.1616482092687106
2112,587201.2956600457,517571.10425798444,T,21.022263352013177,0.15703793474703312,0.39628012156432113,21.022263352013177,0.15703793474703312
2113,587201.5816005764,517571.10425798444,T,21.057287833425793,0.15113024917231677,0.38875474167181134,21.057287833425793,0.15113024917231677
2114,587201.8675411071,517571.10425798444,T,21.09180446855648,0.144026431128994,0.37950814369258795,21.09180446855648,0.144026431128994
2115,587202.1534816376,517571.10425798444,T,21.126134274801554,0.135206595976098,0.3677044954526637,21.126134274801554,0.135206595976098
2116,587202.4394221683,517571.10425798444,T,21.160246820897243,0.1235114800457866,0.3514420009699845,21.160246820897243,0.1235114800457866
2117,587202.725362699,517571.10425798444,T,21.193742744049903,0.10737769496548243,0.32768535970574336,21.193742744049903,0.10737769496548243
2118,587203.0113032295,517571.10425798444,T,21.226109408671938,0.08528638587693335,0.292038329465386,21.226109408671938,0.08528638587693335
2119,587203.2972437602,517571.10425798444,T,21.25679762575526,0.055951147642401985,0.23653994935824685,21.25679762575526,0.055951147642401985
2120,587203.5831842909,517571.10425798444,T,21.28537953751319,0.01873307094810444,0.1368688092594673,21.28537953751319,0.01873307094810444
2121,587203.8691248214,517571.10425798444,T,21.29552836130455,0.025967153785536608,0.1611432709905586,21.29552836130455,0.025967153785536608
2122,587204.1550653521,517571.10425798444,T,21.292124577645705,0.06235983561494698,0.24971951388497252,21.292124577645705,0.06235983561494698
2123,587204.4410058828,517571.10425798444,T,21.286707334310265,0.09177481329931789,0.3029435810498679,21.286707334310265,0.09177481329931789
2124,587204.7269464133,517571.10425798444,T,21.280898333204004,0.11514226405935114,0.3393261912369146,21.280898333204004,0.11514226405935114
2125,587205.012886944,517571.10425798444,T,21.27729094589303,0.13401513060261447,0.36608077059935074,21.27729094589303,0.13401513060261447
2126,587205.2988274747,517571.10425798444,T,21.275511388204308,0.15021751256657848,0.38757904041186036,21.275511388204308,0.15021751256657848
2127,587205.5847680052,517571.10425798444,T,21.275221578593836,0.16552171171181665,0.40684359612978627,21.275221578593836,0.16552171171181665
2128,587205.8707085359,517571.10425798444,T,21.27625156525396,0.18122868407640808,0.4257096241294153,21.27625156525396,0.18122868407640808
2129,587206.1566490666,517571.10425798444,T,21.278657244792825,0.1978749447733639,0.444831366669847,21.278657244792825,0.1978749447733639
2130,587206.4425895971,517571.10425798444,T,21.282553048670344,0.21528055299244936,0.4639833542191458,21.282553048670344,0.21528055299244936
2131,587206.7285301278,517571.10425798444,T,21.28485853564615,0.2329378000448982,0.482636302037982,21.28485853564615,0.2329378000448982
2132,587207.0144706585,517571.10425798444,T,21.283527690290718,0.2503871736700656,0.5003870238825799,21.283527690290718,0.2503871736700656
2133,587207.300411189,517571.10425798444,T,21.27857450568805,0.26729167361596684,0.5170025856956296,21.27857450568805,0.26729167361596684
2134,587207.5863517197,517571.10425798444,T,21.26998944282546,0.2834333072178085,0.5323845482523027,21.26998944282546,0.2834333072178085
2135,587207.8722922504,517571.10425798444,T,21.25831164992124,0.29867001523044506,0.5465071044647499,21.25831164992124,0.29867001523044506
2136,587208.1582327809,517571.10425798444,T,21.244043487922077,0.3130013607752275,0.5594652453684925,21.244043487922077,0.3130013607752275
2137,587208.4441733116,517571.10425798444,T,21.22726734001001,0.3264608695359035,0.5713675432993227,21.22726734001001,0.3264608695359035
2138,587193.2893251881,517571.39019851515,T,20.5955401151978,0.3059066243111515,0.553088260869051,20.5955401151978,0.3059066243111515
2139,587193.5752657189,517571.39019851515,T,20.55127393025146,0.29109736730771485,0.5395343986324828,20.55127393025146,0.29109736730771485
2140,587193.8612062493,517571.39019851515,T,20.509016989355075,0.27550404183008664,0.5248847891014624,20.509016989355075,0.27550404183008664
2141,587194.14714678,517571.39019851515,T,20.469831115472918,0.25929543378370373,0.5092105986561,20.469831115472918,0.25929543378370373
2142,587194.4330873108,517571.39019851515,T,20.43327966651936,0.24264630227997946,0.4925914151505073,20.43327966651936,0.24264630227997946
2143,587194.7190278412,517571.39019851515,T,20.398307063076384,0.22579318751044053,0.47517700650435574,20.398307063076384,0.22579318751044053
2144,587195.0049683719,517571.39019851515,T,20.363985496358616,0.20885445384010864,0.4570059669633523,20.363985496358616,0.20885445384010864
2145,587195.2909089027,517571.39019851515,T,20.32931525004292,0.1917305263607079,0.4378704447216184,20.32931525004292,0.1917305263607079
2146,587195.5768494331,517571.39019851515,T,20.294166585711782,0.17393452889835126,0.4170545874323303,20.294166585711782,0.17393452889835126
2147,587195.8627899638,517571.39019851515,T,20.258516024103063,0.15461073363259376,0.39320571414031324,20.258516024103063,0.15461073363259376
2148,587196.1487304945,517571.39019851515,T,20.22254455149646,0.13275684369275215,0.3643581256027538,20.22254455149646,0.13275684369275215
2149,587196.434671025,517571.39019851515,T,20.186954633013407,0.10765596517133395,0.3281096846655611,20.186954633013407,0.10765596517133395
2150,587196.7206115557,517571.39019851515,T,20.154822946409524,0.0798747092591118,0.2826211408566454,20.154822946409524,0.0798747092591118
2151,587197.0065520864,517571.39019851515,T,20.135983485330765,0.054950375722959056,0.23441496480165053,20.135983485330765,0.054950375722959056
2152,587197.2924926169,517571.39019851515,T,20.15559223625159,0.05003308897640091,0.22368077471343153,20.15559223625159,0.05003308897640091
2153,587197.5784331476,517571.39019851515,T,20.21613527462808,0.06670615705474982,0.2582753512334265,20.21613527462808,0.06670615705474982
2154,587197.8643736783,517571.39019851515,T,20.290439663814738,0.08622180938417459,0.293635504297717,20.290439663814738,0.08622180938417459
2155,587198.1503142088,517571.39019851515,T,20.366799024785546,0.10174842020758317,0.31898028184761384,20.366799024785546,0.10174842020758317
2156,587198.4362547395,517571.39019851515,T,20.441513652413043,0.11276294971208115,0.3358019501314445,20.441513652413043,0.11276294971208115
2157,587198.7221952702,517571.39019851515,T,20.513448407754765,0.12069724180732583,0.34741508575092966,20.513448407754765,0.12069724180732583
2158,587199.0081358007,517571.39019851515,T,20.581874761892422,0.1275745695134627,0.35717582436870315,20.581874761892422,0.1275745695134627
2159,587199.2940763314,517571.39019851515,T,20.64565785847627,0.1349068682839698,0.36729670333937087,20.64565785847627,0.1349068682839698
2160,587199.5800168621,517571.39019851515,T,20.704328047841752,0.1430154524504507,0.37817383892920287,20.704328047841752,0.1430154524504507
2161,587199.8659573926,517571.39019851515,T,20.757866567224124,0.15112614672927854,0.3887494652462927,20.757866567224124,0.15112614672927854
2162,587200.1518979233,517571.39019851515,T,20.807129361570862,0.15808334716660669,0.39759696574119713,20.807129361570862,0.15808334716660669
2163,587200.437838454,517571.39019851515,T,20.85258523772673,0.16303552679406141,0.4037765802941788,20.85258523772673,0.16303552679406141
2164,587200.7237789845,517571.39019851515,T,20.89471938592787,0.16556392545938634,0.4068954723997139,20.89471938592787,0.16556392545938634
2165,587201.0097195152,517571.39019851515,T,20.93426571324519,0.16564100850689376,0.4069901823224901,20.93426571324519,0.16564100850689376
2166,587201.2956600457,517571.39019851515,T,20.97235939279626,0.16355419207409325,0.40441833795476345,20.97235939279626,0.16355419207409325
2167,587201.5816005764,517571.39019851515,T,21.0095911482883,0.15951351532279612,0.3993914312085277,21.0095911482883,0.15951351532279612
2168,587201.8675411071,517571.39019851515,T,21.046362342879068,0.15344776629994683,0.391724094612454,21.046362342879068,0.15344776629994683
2169,587202.1534816376,517571.39019851515,T,21.082852884772986,0.14488905658920373,0.380642951582193,21.082852884772986,0.14488905658920373
2170,587202.4394221683,517571.39019851515,T,21.118971389225806,0.13299922699472183,0.3646905907680123,21.118971389225806,0.13299922699472183
2171,587202.725362699,517571.39019851515,T,21.154291574409903,0.11681660391873476,0.3417844407206606,21.154291574409903,0.11681660391873476
2172,587203.0113032295,517571.39019851515,T,21.18819487258243,0.0958107686370412,0.3095331462655352,21.18819487258243,0.0958107686370412
2173,587203.2972437602,517571.39019851515,T,21.219741787110006,0.07094289681047732,0.2663510781102215,21.219741787110006,0.07094289681047732
2174,587203.5831842909,517571.39019851515,T,21.2468453041533,0.04924922703416406,0.2219216686900224,21.2468453041533,0.04924922703416406
2175,587203.8691248214,517571.39019851515,T,21.262979696458455,0.04989977512430756,0.22338257569539205,21.262979696458455,0.04989977512430756
2176,587204.1550653521,517571.39019851515,T,21.26907994292814,0.06950226193294302,0.2636328164947282,21.26907994292814,0.06950226193294302
2177,587204.4410058828,517571.39019851515,T,21.270603019093205,0.09022654093309787,0.3003773309241193,21.270603019093205,0.09022654093309787
2178,587204.7269464133,517571.39019851515,T,21.271109826064208,0.10713585654655623,0.3273161415918198,21.271109826064208,0.10713585654655623
2179,587205.012886944,517571.39019851515,T,21.273470635607737,0.12044082180352557,0.347045849713731,21.273470635607737,0.12044082180352557
2180,587205.2988274747,517571.39019851515,T,21.27727836544597,0.13196215269330971,0.36326595311604654,21.27727836544597,0.13196215269330971
2181,587205.5847680052,517571.39019851515,T,21.282050627956078,0.14392418963069517,0.37937341713764705,21.282050627956078,0.14392418963069517
2182,587205.8707085359,517571.39019851515,T,21.287526823623832,0.1579503992608548,0.3974297412887651,21.287526823623832,0.1579503992608548
2183,587206.1566490666,517571.39019851515,T,21.293823283600318,0.17439556173698587,0.41760694646639424,21.293823283600318,0.17439556173698587
2184,587206.4425895971,517571.39019851515,T,21.300273389530002,0.1924976790597674,0.43874557440476525,21.300273389530002,0.1924976790597674
2185,587206.7285301278,517571.39019851515,T,21.303252440658877,0.21120229175214789,0.45956750510904043,21.303252440658877,0.21120229175214789
2186,587207.0144706585,517571.39019851515,T,21.302522650426447,0.22972661888153992,0.4792980480677341,21.302522650426447,0.22972661888153992
2187,587207.300411189,517571.39019851515,T,21.298130235392943,0.2476023856234962,0.4975966093368163,21.298130235392943,0.2476023856234962
2188,587207.5863517197,517571.39019851515,T,21.29010207555846,0.26462640190729947,0.5144185085193761,21.29010207555846,0.26462640190729947
2189,587207.8722922504,517571.39019851515,T,21.278681628955216,0.28074953832034616,0.5298580360061987,21.278681628955216,0.28074953832034616
2190,587208.1582327809,517571.39019851515,T,21.26459079605374,0.29599158337464054,0.5440510852618902,21.26459079605374,0.29599158337464054
2191,587208.4441733116,517571.39019851515,T,21.247906212201908,0.3104197312359965,0.5571532385582951,21.247906212201908,0.3104197312359965
2192,587208.7301138423,517571.39019851515,T,21.22868389292368,0.3240208390100233,0.5692282837403841,21.22868389292368,0.3240208390100233
2193,587193.8612062493,517571.67613904574,T,20.532097495874655,0.2940102634483715,0.5422271327113496,20.532097495874655,0.2940102634483715
2194,587194.14714678,517571.67613904574,T,20.490454721347735,0.2787169926463203,0.5279365422532526,20.490454721347735,0.2787169926463203
2195,587194.4330873108,517571.67613904574,T,20.45105519793133,0.2627961304463895,0.5126364505635446,20.45105519793133,0.2627961304463895
2196,587194.7190278412,517571.67613904574,T,20.41327589473253,0.2464001441662652,0.49638709105522194,20.41327589473253,0.2464001441662652
2197,587195.0049683719,517571.67613904574,T,20.376723553403075,0.22952200381260723,0.4790845476662833,20.376723553403075,0.22952200381260723
2198,587195.2909089027,517571.67613904574,T,20.340357775186092,0.21202988093320388,0.46046702480547275,20.340357775186092,0.21202988093320388
2199,587195.5768494331,517571.67613904574,T,20.304167321855598,0.1936045039694209,0.44000511811730203,20.304167321855598,0.1936045039694209
2200,587195.8627899638,517571.67613904574,T,20.26847396541286,0.17378328034219281,0.41687321854754933,20.26847396541286,0.17378328034219281
2201,587196.1487304945,517571.67613904574,T,20.234045753636334,0.15221166338444278,0.39014313192012334,20.234045753636334,0.15221166338444278
2202,587196.434671025,517571.67613904574,T,20.202668830985075,0.1291277003039935,0.35934342947101944,20.202668830985075,0.1291277003039935
2203,587196.7206115557,517571.67613904574,T,20.17915643322812,0.10629966309901977,0.32603629107665266,20.17915643322812,0.10629966309901977
2204,587197.0065520864,517571.67613904574,T,20.17172869584294,0.08842319315110066,0.2973603758927888,20.17172869584294,0.08842319315110066
2205,587197.2924926169,517571.67613904574,T,20.18935244454162,0.08164587032471834,0.28573741498921407,20.18935244454162,0.08164587032471834
2206,587197.5784331476,517571.67613904574,T,20.232354851878565,0.08576280896533832,0.2928528793871392,20.232354851878565,0.08576280896533832
2207,587197.8643736783,517571.67613904574,T,20.290834514065033,0.09379218786948275,0.3062551026015448,20.290834514065033,0.09379218786948275
2208,587198.1503142088,517571.67613904574,T,20.355686689864562,0.10043268988847211,0.3169111703434767,20.355686689864562,0.10043268988847211
2209,587198.4362547395,517571.67613904574,T,20.421619675468314,0.1042465557434343,0.3228723520889243,20.421619675468314,0.1042465557434343
2210,587198.7221952702,517571.67613904574,T,20.486414572414724,0.10653920211443102,0.32640343459349663,20.486414572414724,0.10653920211443102
2211,587199.0081358007,517571.67613904574,T,20.548574089790453,0.11006157388729539,0.331755292176772,20.548574089790453,0.11006157388729539
2212,587199.2940763314,517571.67613904574,T,20.606952117027973,0.11701355474619671,0.3420724407873232,20.606952117027973,0.11701355474619671
2213,587199.5800168621,517571.67613904574,T,20.66101702797931,0.1272694227159083,0.35674840254149465,20.66101702797931,0.1272694227159083
2214,587199.8659573926,517571.67613904574,T,20.711234318520727,0.13877148541532666,0.372520449660588,20.711234318520727,0.13877148541532666
2215,587200.1518979233,517571.67613904574,T,20.758210198755584,0.14936727537011874,0.3864806274189157,20.758210198755584,0.14936727537011874
2216,587200.437838454,517571.67613904574,T,20.80229106984207,0.15772324546968108,0.3971438599168834,20.80229106984207,0.15772324546968108
2217,587200.7237789845,517571.67613904574,T,20.843752023380688,0.16331581185354793,0.4041235106419174,20.843752023380688,0.16331581185354793
2218,587201.0097195152,517571.67613904574,T,20.883497599884183,0.1661806790894766,0.4076526451398011,20.883497599884183,0.1661806790894766
2219,587201.2956600457,517571.67613904574,T,20.922389241412294,0.16657425214547777,0.40813509055884645,20.922389241412294,0.16657425214547777
2220,587201.5816005764,517571.67613904574,T,20.960773350693295,0.16464873506169364,0.4057693126170258,20.960773350693295,0.16464873506169364
2221,587201.8675411071,517571.67613904574,T,20.998860117249187,0.16032934485484113,0.4004114694346818,20.998860117249187,0.16032934485484113
2222,587202.1534816376,517571.67613904574,T,21.036673350154246,0.15328306969125688,0.39151381800807095,21.036673350154246,0.15328306969125688
2223,587202.4394221683,517571.67613904574,T,21.073974595083687,0.14300815152088,0.37816418593103185,21.073974595083687,0.14300815152088
2224,587202.725362699,517571.67613904574,T,21.11021957658025,0.12918782406445048,0.3594270775337474,21.11021957658025,0.12918782406445048
2225,587203.0113032295,517571.67613904574,T,21.144796749787975,0.1122658657727412,0.3350609881390867,21.144796749787975,0.1122658657727412
2226,587203.2972437602,517571.67613904574,T,21.177130381589947,0.09442792030816213,0.3072912629870269,21.177130381589947,0.09442792030816213
2227,587203.5831842909,517571.67613904574,T,21.205016320169495,0.08101396907432243,0.28462952951920223,21.205016320169495,0.08101396907432243
2228,587203.8691248214,517571.67613904574,T,21.22614796215219,0.07832098872206655,0.2798588728664263,21.22614796215219,0.07832098872206655
2229,587204.1550653521,517571.67613904574,T,21.240460106179896,0.08521559373343297,0.29191710078964705,21.240460106179896,0.08521559373343297
2230,587204.4410058828,517571.67613904574,T,21.249779670011964,0.09477819897328359,0.3078606811096272,21.249779670011964,0.09477819897328359
2231,587204.7269464133,517571.67613904574,T,21.257736261752278,0.10257705316352304,0.3202765260888207,21.257736261752278,0.10257705316352304
2232,587205.012886944,517571.67613904574,T,21.26710651487409,0.10796477893065692,0.32857994298291693,21.26710651487409,0.10796477893065692
2233,587205.2988274747,517571.67613904574,T,21.277413636057517,0.11282297891710548,0.3358913200978934,21.277413636057517,0.11282297891710548
2234,587205.5847680052,517571.67613904574,T,21.28790252780307,0.12023226792808046,0.3467452493230159,21.28790252780307,0.12023226792808046
2235,587205.8707085359,517571.67613904574,T,21.298131557634626,0.13245570981722235,0.36394465213439026,21.298131557634626,0.13245570981722235
2236,587206.1566490666,517571.67613904574,T,21.30827402986092,0.1493099439805301,0.3864064491963483,21.30827402986092,0.1493099439805301
2237,587206.4425895971,517571.67613904574,T,21.31577093521593,0.16879619704900087,0.4108481435384622,21.31577093521593,0.16879619704900087
2238,587206.7285301278,517571.67613904574,T,21.319378047420013,0.18895960320729924,0.4346948391772086,21.319378047420013,0.18895960320729924
2239,587207.0144706585,517571.67613904574,T,21.319275337420034,0.20863441878077635,0.4567651680905368,21.319275337420034,0.20863441878077635
2240,587207.300411189,517571.67613904574,T,21.315624565118124,0.22735970407227565,0.4768225079337967,21.315624565118124,0.22735970407227565
2241,587207.5863517197,517571.67613904574,T,21.30841854516188,0.24509086000825459,0.49506652079115043,21.30841854516188,0.24509086000825459
2242,587207.8722922504,517571.67613904574,T,21.297579424515664,0.2619182264662664,0.5117794705400622,21.297579424515664,0.2619182264662664
2243,587208.1582327809,517571.67613904574,T,21.28373693569926,0.277926439707795,0.5271872909202147,21.28373693569926,0.277926439707795
2244,587208.4441733116,517571.67613904574,T,21.267212714807584,0.2932112536830441,0.5414898463342079,21.267212714807584,0.2932112536830441
2245,587208.7301138423,517571.67613904574,T,21.248030808989228,0.3077696886273078,0.5547699420726647,21.248030808989228,0.3077696886273078
2246,587209.0160543728,517571.67613904574,T,21.226997604471094,0.3214690734527576,0.5669824278165573,21.226997604471094,0.3214690734527576
2247,587194.14714678,517571.96207957633,T,20.516202387547363,0.296922822677204,0.5449062512737434,20.516202387547363,0.296922822677204
2248,587194.4330873108,517571.96207957633,T,20.47527442888648,0.2818063071351869,0.5308543181845532,20.47527442888648,0.2818063071351869
2249,587194.7190278412,517571.96207957633,T,20.435921585936804,0.2660252604763802,0.5157763667292058,20.435921585936804,0.2660252604763802
2250,587195.0049683719,517571.96207957633,T,20.398156368806077,0.2495401743766659,0.4995399627423875,20.398156368806077,0.2495401743766659
2251,587195.2909089027,517571.96207957633,T,20.361246199895014,0.23224308712611258,0.4819160581741519,20.361246199895014,0.23224308712611258
2252,587195.5768494331,517571.96207957633,T,20.325202869755827,0.21399312758546368,0.462593912179423,20.325202869755827,0.21399312758546368
2253,587195.8627899638,517571.96207957633,T,20.29068889888462,0.19464375003826118,0.4411844852646806,20.29068889888462,0.19464375003826118
2254,587196.1487304945,517571.96207957633,T,20.258991710313513,0.17425802177075622,0.41744223764582833,20.258991710313513,0.17425802177075622
2255,587196.434671025,517571.96207957633,T,20.232518490519556,0.1534720244441562,0.3917550566925157,20.232518490519556,0.1534720244441562
2256,587196.7206115557,517571.96207957633,T,20.215227685234694,0.1339097265646785,0.3659367794642655,20.215227685234694,0.1339097265646785
2257,587197.0065520864,517571.96207957633,T,20.21205176937932,0.1182436110705262,0.34386568754460833,20.21205176937932,0.1182436110705262
2258,587197.2924926169,517571.96207957633,T,20.226489358723715,0.10874967447395674,0.32977215539514054,20.226489358723715,0.10874967447395674
2259,587197.5784331476,517571.96207957633,T,20.25855290375408,0.10480408160413966,0.32373458512204045,20.25855290375408,0.10480408160413966
2260,587197.8643736783,517571.96207957633,T,20.30374390719902,0.10304027191861116,0.32099886591483645,20.30374390719902,0.10304027191861116
2261,587198.1503142088,517571.96207957633,T,20.356435887000586,0.1001601000161634,0.31648080513067994,20.356435887000586,0.1001601000161634
2262,587198.4362547395,517571.96207957633,T,20.412213218808752,0.09494339619729084,0.3081288629734171,20.412213218808752,0.09494339619729084
2263,587198.7221952702,517571.96207957633,T,20.468653564028926,0.08909049702446521,0.29848031262457697,20.468653564028926,0.08909049702446521
2264,587199.0081358007,517571.96207957633,T,20.52364792085523,0.08727872551886998,0.29542973025555497,20.52364792085523,0.08727872551886998
2265,587199.2940763314,517571.96207957633,T,20.575596062931623,0.09390427250688643,0.3064380402412312,20.575596062931623,0.09390427250688643
2266,587199.5800168621,517571.96207957633,T,20.6241561054219,0.10771116054446894,0.32819378504851204,20.6241561054219,0.10771116054446894
2267,587199.8659573926,517571.96207957633,T,20.670082480082474,0.12374563587637319,0.3517749790368456,20.670082480082474,0.12374563587637319
2268,587200.1518979233,517571.96207957633,T,20.71371385918258,0.1383422784977465,0.37194391848469105,20.71371385918258,0.1383422784977465
2269,587200.437838454,517571.96207957633,T,20.75516768190638,0.14995874876585144,0.3872450758445502,20.75516768190638,0.14995874876585144
2270,587200.7237789845,517571.96207957633,T,20.794829565997723,0.15828987757664692,0.39785660428934305,20.794829565997723,0.15828987757664692
2271,587201.0097195152,517571.96207957633,T,20.833796219959083,0.16362991221090956,0.4045119432240655,20.833796219959083,0.16362991221090956
2272,587201.2956600457,517571.96207957633,T,20.8725111940417,0.16636542695534748,0.4078791818116579,20.8725111940417,0.16636542695534748
2273,587201.5816005764,517571.96207957633,T,20.911150728958333,0.16671274268621825,0.40830471793284273,20.911150728958333,0.16671274268621825
2274,587201.8675411071,517571.96207957633,T,20.949752024322347,0.16464844854346208,0.40576895956130266,20.949752024322347,0.16464844854346208
2275,587202.1534816376,517571.96207957633,T,20.988180355198626,0.15995250021927113,0.3999406208667371,20.988180355198626,0.15995250021927113
2276,587202.4394221683,517571.96207957633,T,21.026026161097437,0.15235052509068173,0.3903210538655092,21.026026161097437,0.15235052509068173
2277,587202.725362699,517571.96207957633,T,21.06298070503322,0.1419095831194953,0.37670888378095796,21.06298070503322,0.1419095831194953
2278,587203.0113032295,517571.96207957633,T,21.098859445104146,0.12939824955834,0.3597196819168226,21.098859445104146,0.12939824955834
2279,587203.2972437602,517571.96207957633,T,21.132539449939397,0.11668876075489866,0.34159736643437205,21.132539449939397,0.11668876075489866
2280,587203.5831842909,517571.96207957633,T,21.16275392821694,0.10668234280426205,0.32662263057581,21.16275392821694,0.10668234280426205
2281,587203.8691248214,517571.96207957633,T,21.188405447329572,0.10166219538032528,0.31884509621495716,21.188405447329572,0.10166219538032528
2282,587204.1550653521,517571.96207957633,T,21.20920036428848,0.10086158210529507,0.31758712521967114,21.20920036428848,0.10086158210529507
2283,587204.4410058828,517571.96207957633,T,21.225726167402588,0.10105368889785551,0.3178894287293233,21.225726167402588,0.10105368889785551
2284,587204.7269464133,517571.96207957633,T,21.24147295927086,0.09942264397548403,0.3153135645282074,21.24147295927086,0.09942264397548403
2285,587205.012886944,517571.96207957633,T,21.25857780994454,0.09544141966048048,0.30893594750446324,21.25857780994454,0.09544141966048048
2286,587205.2988274747,517571.96207957633,T,21.276312980340983,0.09157183134832467,0.3026083795077801,21.276312980340983,0.09157183134832467
2287,587205.5847680052,517571.96207957633,T,21.29318124497548,0.09305544512016067,0.3050499059500931,21.29318124497548,0.09305544512016067
2288,587205.8707085359,517571.96207957633,T,21.308177528238144,0.10407667246550278,0.32260916364155373,21.308177528238144,0.10407667246550278
2289,587206.1566490666,517571.96207957633,T,21.320359163986357,0.12295621814962347,0.3506511345334897,21.320359163986357,0.12295621814962347
2290,587206.4425895971,517571.96207957633,T,21.328279970995307,0.1450092613329008,0.38080081582488867,21.328279970995307,0.1450092613329008
2291,587206.7285301278,517571.96207957633,T,21.332493163831135,0.1670151632316977,0.40867488695991305,21.332493163831135,0.1670151632316977
2292,587207.0144706585,517571.96207957633,T,21.333334794017915,0.1877284081090349,0.4332763645862014,21.333334794017915,0.1877284081090349
2293,587207.300411189,517571.96207957633,T,21.33077518292988,0.2069866131057675,0.4549578146441354,21.33077518292988,0.2069866131057675
2294,587207.5863517197,517571.96207957633,T,21.324635482998033,0.2250590980557496,0.47440393975572087,21.324635482998033,0.2250590980557496
2295,587207.8722922504,517571.96207957633,T,21.314725975715238,0.24227672807417186,0.4922161395913099,21.314725975715238,0.24227672807417186
2296,587208.1582327809,517571.96207957633,T,21.30129026545197,0.2588426620079971,0.5087658223662406,21.30129026545197,0.2588426620079971
2297,587208.4441733116,517571.96207957633,T,21.284990876510477,0.27485719201101577,0.5242682443282406,21.284990876510477,0.27485719201101577
2298,587208.7301138423,517571.96207957633,T,21.26598261538762,0.29029028417063374,0.5387859353868044,21.26598261538762,0.29029028417063374
2299,587209.0160543728,517571.96207957633,T,21.245273276911252,0.30499414691579635,0.5522627517004893,21.245273276911252,0.30499414691579635
2300,587209.3019949035,517571.96207957633,T,21.223749333207213,0.3188599818001954,0.5646768826507735,21.223749333207213,0.3188599818001954
2301,587194.4330873108,517572.24802010704,T,20.503082723271653,0.2996938306342685,0.5474429930451832,20.503082723271653,0.2996938306342685
2302,587194.7190278412,517572.24802010704,T,20.462940153893378,0.2846873260485876,0.5335609862504825,20.462940153893378,0.2846873260485876
2303,587195.0049683719,517572.24802010704,T,20.424705286404137,0.26887176305593763,0.5185284592536245,20.424705286404137,0.26887176305593763
2304,587195.2909089027,517572.24802010704,T,20.388184934145755,0.25216757191075373,0.5021628938011586,20.388184934145755,0.25216757191075373
2305,587195.5768494331,517572.24802010704,T,20.353121412425345,0.23456187398119932,0.4843158824374845,20.353121412425345,0.23456187398119932
2306,587195.8627899638,517572.24802010704,T,20.320548987629483,0.21609002296634744,0.46485484074746114,20.320548987629483,0.21609002296634744
2307,587196.1487304945,517572.24802010704,T,20.291947270875625,0.19700895619079248,0.44385690959000795,20.291947270875625,0.19700895619079248
2308,587196.434671025,517572.24802010704,T,20.269252587207152,0.17795121732332264,0.4218426452165815,20.269252587207152,0.17795121732332264
2309,587196.7206115557,517572.24802010704,T,20.255251873458402,0.15998205370110186,0.39997756649729976,20.255251873458402,0.15998205370110186
2310,587197.0065520864,517572.24802010704,T,20.252663504546742,0.14447028601496226,0.3800924703476277,20.252663504546742,0.14447028601496226
2311,587197.2924926169,517572.24802010704,T,20.263389612132617,0.13216356614772495,0.36354307330456037,20.263389612132617,0.13216356614772495
2312,587197.5784331476,517572.24802010704,T,20.287300224147867,0.12228052217970875,0.34968631969196157,20.287300224147867,0.12228052217970875
2313,587197.8643736783,517572.24802010704,T,20.321999091834485,0.11267698597084999,0.33567392804751756,20.321999091834485,0.11267698597084999
2314,587198.1503142088,517572.24802010704,T,20.364027864652506,0.10099423432872014,0.31779590042780625,20.364027864652506,0.10099423432872014
2315,587198.4362547395,517572.24802010704,T,20.410138688870262,0.08595102416617974,0.2931740509768553,20.410138688870262,0.08595102416617974
2316,587198.7221952702,517572.24802010704,T,20.458275980895266,0.0690214087386041,0.2627192584082943,20.458275980895266,0.0690214087386041
2317,587199.0081358007,517572.24802010704,T,20.50594535433307,0.05817178945956268,0.24118828632328454,20.50594535433307,0.05817178945956268
2318,587199.2940763314,517572.24802010704,T,20.550772411038434,0.06570756514904182,0.2563348691634476,20.550772411038434,0.06570756514904182
2319,587199.5800168621,517572.24802010704,T,20.593078356465742,0.08641710727715636,0.29396786776305395,20.593078356465742,0.08641710727715636
2320,587199.8659573926,517572.24802010704,T,20.633736038469785,0.1082549743771575,0.3290212369698307,20.633736038469785,0.1082549743771575
2321,587200.1518979233,517572.24802010704,T,20.672882263969363,0.12664542817141153,0.3558727696402347,20.672882263969363,0.12664542817141153
2322,587200.437838454,517572.24802010704,T,20.710729152485758,0.14077934085832342,0.3752057313772318,20.710729152485758,0.14077934085832342
2323,587200.7237789845,517572.24802010704,T,20.747833434412474,0.15105620861970478,0.38865950216057343,20.747833434412474,0.15105620861970478
2324,587201.0097195152,517572.24802010704,T,20.78515456095337,0.15825733818738205,0.3978157088243023,20.78515456095337,0.15825733818738205
2325,587201.2956600457,517572.24802010704,T,20.822882183268078,0.16301431390775098,0.40375031134074807,20.822882183268078,0.16301431390775098
2326,587201.5816005764,517572.24802010704,T,20.861044825564097,0.16563623973537198,0.4069843236973286,20.861044825564097,0.16563623973537198
2327,587201.8675411071,517572.24802010704,T,20.899518210049077,0.16610765606628283,0.40756307004718034,20.899518210049077,0.16610765606628283
2328,587202.1534816376,517572.24802010704,T,20.938010750322636,0.16420424827320895,0.40522123373931057,20.938010750322636,0.16420424827320895
2329,587202.4394221683,517572.24802010704,T,20.976498713214223,0.1597126554732202,0.399640657933124,20.976498713214223,0.1597126554732202
2330,587202.725362699,517572.24802010704,T,21.014717403730966,0.15280658651476298,0.39090483050835145,21.014717403730966,0.15280658651476298
2331,587203.0113032295,517572.24802010704,T,21.051959477607344,0.14414453352341802,0.3796637110963043,21.051959477607344,0.14414453352341802
2332,587203.2972437602,517572.24802010704,T,21.087411534775804,0.1349190973814697,0.3673133503991785,21.087411534775804,0.1349190973814697
2333,587203.5831842909,517572.24802010704,T,21.1203971966322,0.12658965417023427,0.3557943987336426,21.1203971966322,0.12658965417023427
2334,587203.8691248214,517572.24802010704,T,21.150153888498483,0.11991280061020006,0.34628427716285365,21.150153888498483,0.11991280061020006
2335,587204.1550653521,517572.24802010704,T,21.17637671535581,0.1141411008682807,0.3378477480586199,21.17637671535581,0.1141411008682807
2336,587204.4410058828,517572.24802010704,T,21.199272802653372,0.10728122670166022,0.3275381301492396,21.199272802653372,0.10728122670166022
2337,587204.7269464133,517572.24802010704,T,21.2223241364176,0.09727942467974521,0.3118964967416999,21.2223241364176,0.09727942467974521
2338,587205.012886944,517572.24802010704,T,21.247093959441752,0.0834129902149319,0.2888130714059388,21.247093959441752,0.0834129902149319
2339,587205.2988274747,517572.24802010704,T,21.27283039512901,0.0681383174247974,0.2610331730351478,21.27283039512901,0.0681383174247974
2340,587205.5847680052,517572.24802010704,T,21.29677495611217,0.06097759255490802,0.24693641399135127,21.29677495611217,0.06097759255490802
2341,587205.8707085359,517572.24802010704,T,21.315165299306393,0.0730610268167136,0.27029803332009944,21.315165299306393,0.0730610268167136
2342,587206.1566490666,517572.24802010704,T,21.327091490464305,0.09728827680101039,0.3119106872183292,21.327091490464305,0.09728827680101039
2343,587206.4425895971,517572.24802010704,T,21.33519285935287,0.1230971374207391,0.3508520164125313,21.33519285935287,0.1230971374207391
2344,587206.7285301278,517572.24802010704,T,21.340362881441088,0.1467834872760426,0.3831233316779893,21.340362881441088,0.1467834872760426
2345,587207.0144706585,517572.24802010704,T,21.342540319966382,0.16787091851915478,0.4097205370971228,21.342540319966382,0.16787091851915478
2346,587207.300411189,517572.24802010704,T,21.34144923478074,0.18691256883621807,0.4323338626989772,21.34144923478074,0.18691256883621807
2347,587207.5863517197,517572.24802010704,T,21.336768367532546,0.20469391621165944,0.4524311176429617,21.336768367532546,0.20469391621165944
2348,587207.8722922504,517572.24802010704,T,21.328230926330573,0.22185445120384117,0.4710142791931484,21.328230926330573,0.22185445120384117
2349,587208.1582327809,517572.24802010704,T,21.315823438881527,0.23871414336041402,0.48858381405897394,21.315823438881527,0.23871414336041402
2350,587208.4441733116,517572.24802010704,T,21.30031505665012,0.2553261462832348,0.5052980766668668,21.30031505665012,0.2553261462832348
2351,587208.7301138423,517572.24802010704,T,21.28212884795928,0.271567895190177,0.521121766183468,21.28212884795928,0.271567895190177
2352,587209.0160543728,517572.24802010704,T,21.262238603438906,0.2872462525715822,0.535953591807707,21.262238603438906,0.2872462525715822
2353,587209.3019949035,517572.24802010704,T,21.240855074138327,0.30222057617397596,0.549745919651957,21.240855074138327,0.30222057617397596
2354,587209.587935434,517572.24802010704,T,21.219136326995017,0.3163320082823886,0.5624340034905327,21.219136326995017,0.3163320082823886
2355,587194.7190278412,517572.53396063764,T,20.493319229286712,0.3023692537891517,0.5498811269621386,20.493319229286712,0.3023692537891517
2356,587195.0049683719,517572.53396063764,T,20.454916594414172,0.2874093386765893,0.5361057159521705,20.454916594414172,0.2874093386765893
2357,587195.2909089027,517572.53396063764,T,20.418992167483925,0.2715338313214857,0.521089081944235,20.418992167483925,0.2715338313214857
2358,587195.5768494331,517572.53396063764,T,20.385458023450298,0.2547826883598342,0.5047600304697611,20.385458023450298,0.2547826883598342
2359,587195.8627899638,517572.53396063764,T,20.355043036189223,0.23730812772295976,0.48714282066244163,20.355043036189223,0.23730812772295976
2360,587196.1487304945,517572.53396063764,T,20.32897778973243,0.21938449117239797,0.46838498179638294,20.32897778973243,0.21938449117239797
2361,587196.434671025,517572.53396063764,T,20.308842854807693,0.20145690317748782,0.4488395071486999,20.308842854807693,0.20145690317748782
2362,587196.7206115557,517572.53396063764,T,20.29600950668199,0.18413860715291694,0.4291137461710088,20.29600950668199,0.18413860715291694
2363,587197.0065520864,517572.53396063764,T,20.292502473378,0.16805290049487134,0.4099425575551669,20.292502473378,0.16805290049487134
2364,587197.2924926169,517572.53396063764,T,20.299473267073456,0.15329112992356914,0.3915241115481512,20.299473267073456,0.15329112992356914
2365,587197.5784331476,517572.53396063764,T,20.31675008720253,0.13903036351527545,0.37286775606812056,20.31675008720253,0.13903036351527545
2366,587197.8643736783,517572.53396063764,T,20.3428862933822,0.1236295275894143,0.351609908263994,20.3428862933822,0.1236295275894143
2367,587198.1503142088,517572.53396063764,T,20.375666427223745,0.10511249994730414,0.32421057963506394,20.375666427223745,0.10511249994730414
2368,587198.4362547395,517572.53396063764,T,20.41283465781145,0.08172625986436143,0.28587805068658456,20.41283465781145,0.08172625986436143
2369,587198.7221952702,517572.53396063764,T,20.45303997704385,0.05263454799524562,0.22942220466913316,20.45303997704385,0.05263454799524562
2370,587199.0081358007,517572.53396063764,T,20.494230370668827,0.02297997843778688,0.15159148537364123,20.494230370668827,0.02297997843778688
2371,587199.2940763314,517572.53396063764,T,20.531455795485844,0.03740131018177346,0.1933941834228048,20.531455795485844,0.03740131018177346
2372,587199.5800168621,517572.53396063764,T,20.566567959313044,0.06958751793320449,0.2637944615286767,20.566567959313044,0.06958751793320449
2373,587199.8659573926,517572.53396063764,T,20.601131132965538,0.09614218017989783,0.3100680250846543,20.601131132965538,0.09614218017989783
2374,587200.1518979233,517572.53396063764,T,20.635133401966833,0.11634940428895309,0.34110028479752563,20.635133401966833,0.11634940428895309
2375,587200.437838454,517572.53396063764,T,20.668707157696712,0.13119052795289712,0.36220233013178854,20.668707157696712,0.13119052795289712
2376,587200.7237789845,517572.53396063764,T,20.70261285807838,0.14200508216348354,0.37683561689877926,20.70261285807838,0.14200508216348354
2377,587201.0097195152,517572.53396063764,T,20.73757141345711,0.15010918279079136,0.38743926335722784,20.73757141345711,0.15010918279079136
2378,587201.2956600457,517572.53396063764,T,20.773661192964475,0.15638872562032788,0.39546014416161823,20.773661192964475,0.15638872562032788
2379,587201.5816005764,517572.53396063764,T,20.810780605882083,0.1611711333519641,0.40146124763414476,20.810780605882083,0.1611711333519641
2380,587201.8675411071,517572.53396063764,T,20.8488142950513,0.16430240287892214,0.4053423280129058,20.8488142950513,0.16430240287892214
2381,587202.1534816376,517572.53396063764,T,20.88777044653696,0.16537946939580686,0.40666874651958057,20.88777044653696,0.16537946939580686
2382,587202.4394221683,517572.53396063764,T,20.92717032335855,0.16414580115848781,0.4051491097836546,20.92717032335855,0.16414580115848781
2383,587202.725362699,517572.53396063764,T,20.966471787811823,0.16065394929296126,0.4008166030654934,20.966471787811823,0.16065394929296126
2384,587203.0113032295,517572.53396063764,T,21.005042147692638,0.1552794862641024,0.3940551817500975,21.005042147692638,0.1552794862641024
2385,587203.2972437602,517572.53396063764,T,21.04245663894779,0.14870798044067324,0.3856267371963117,21.04245663894779,0.14870798044067324
2386,587203.5831842909,517572.53396063764,T,21.07814126923906,0.14159971443796887,0.37629737500807636,21.07814126923906,0.14159971443796887
2387,587203.8691248214,517572.53396063764,T,21.11128438351429,0.1340705292612042,0.3661564273110663,21.11128438351429,0.1340705292612042
2388,587204.1550653521,517572.53396063764,T,21.14147243500672,0.12536455194198057,0.35406856954830174,21.14147243500672,0.12536455194198057
2389,587204.4410058828,517572.53396063764,T,21.169211618439537,0.1139401823018927,0.33755026633361246,21.169211618439537,0.1139401823018927
2390,587204.7269464133,517572.53396063764,T,21.198398873877036,0.0979743785858791,0.31300859187229846,21.198398873877036,0.0979743785858791
2391,587205.012886944,517572.53396063764,T,21.230161600191952,0.07601326286149261,0.2757050287199938,21.230161600191952,0.07601326286149261
2392,587205.2988274747,517572.53396063764,T,21.264487512481633,0.047782499897171676,0.21859208562336305,21.264487512481633,0.047782499897171676
2393,587205.5847680052,517572.53396063764,T,21.298158682772048,0.022926761165704378,0.15141585506711105,21.298158682772048,0.022926761165704378
2394,587205.8707085359,517572.53396063764,T,21.315569687439197,0.04465830745941324,0.2113251226414248,21.315569687439197,0.04465830745941324
2395,587206.1566490666,517572.53396063764,T,21.326377639528708,0.0777913650975534,0.27891103437754733,21.326377639528708,0.0777913650975534
2396,587206.4425895971,517572.53396063764,T,21.33532392100612,0.10634345986762751,0.3261034496407965,21.33532392100612,0.10634345986762751
2397,587206.7285301278,517572.53396063764,T,21.342144573773773,0.12996828327773663,0.3605111416832171,21.342144573773773,0.12996828327773663
2398,587207.0144706585,517572.53396063764,T,21.346251185767567,0.1498250689987126,0.38707243378818984,21.346251185767567,0.1498250689987126
2399,587207.300411189,517572.53396063764,T,21.347099877049722,0.1673777740080162,0.4091182885279222,21.347099877049722,0.1673777740080162
2400,587207.5863517197,517572.53396063764,T,21.344210975742467,0.18398243730395672,0.42893173967888726,21.344210975742467,0.18398243730395672
2401,587207.8722922504,517572.53396063764,T,21.337248288528897,0.20057128613842828,0.4478518573573501,21.337248288528897,0.20057128613842828
2402,587208.1582327809,517572.53396063764,T,21.326085526432195,0.2174969853024917,0.46636572054825354,21.326085526432195,0.2174969853024917
2403,587208.4441733116,517572.53396063764,T,21.311506497978012,0.2346447004010217,0.48440138356637846,21.311506497978012,0.2346447004010217
2404,587208.7301138423,517572.53396063764,T,21.2946386303739,0.2516900978931907,0.5016872510769939,21.2946386303739,0.2516900978931907
2405,587209.0160543728,517572.53396063764,T,21.276097422107053,0.2683359775427382,0.5180115612056725,21.276097422107053,0.2683359775427382
2406,587209.3019949035,517572.53396063764,T,21.25600770157147,0.28435212067600857,0.5332467727759902,21.25600770157147,0.28435212067600857
2407,587209.587935434,517572.53396063764,T,21.234770046914115,0.2995553501585613,0.5473164990739465,21.234770046914115,0.2995553501585613
2408,587209.8738759647,517572.53396063764,T,21.21336101788045,0.3138507702854684,0.5602238572976596,21.21336101788045,0.3138507702854684
2409,587210.1598164954,517572.53396063764,T,21.192183485678534,0.3272338735718287,0.5720435941183405,21.192183485678534,0.3272338735718287
2410,587195.0049683719,517572.81990116823,T,20.488249723981145,0.304951605111464,0.5522242344478048,20.488249723981145,0.304951605111464
2411,587195.2909089027,517572.81990116823,T,20.45315845693852,0.2900462383747593,0.5385594102555068,20.45315845693852,0.2900462383747593
2412,587195.5768494331,517572.81990116823,T,20.421220141524675,0.2742776767735476,0.5237152630710199,20.421220141524675,0.2742776767735476
2413,587195.8627899638,517572.81990116823,T,20.39262635515571,0.2578157217234514,0.5077555728137816,20.39262635515571,0.2578157217234514
2414,587196.1487304945,517572.81990116823,T,20.36843016191448,0.2408712468109323,0.4907863555671982,20.36843016191448,0.2408712468109323
2415,587196.434671025,517572.81990116823,T,20.349673263165712,0.22371101987468853,0.4729809931431585,20.349673263165712,0.22371101987468853
2416,587196.7206115557,517572.81990116823,T,20.336786522661715,0.20667302675783703,0.4546130516800381,20.336786522661715,0.20667302675783703
2417,587197.0065520864,517572.81990116823,T,20.33155851534614,0.18996406962919435,0.4358486774434383,20.33155851534614,0.18996406962919435
2418,587197.2924926169,517572.81990116823,T,20.33478280332372,0.17342124131450085,0.41643876058131385,20.33478280332372,0.17342124131450085
2419,587197.5784331476,517572.81990116823,T,20.34627139265235,0.1563080446232997,0.39535812198979764,20.34627139265235,0.1563080446232997
2420,587197.8643736783,517572.81990116823,T,20.365050168832013,0.13739031502075807,0.37066199565204694,20.365050168832013,0.13739031502075807
2421,587198.1503142088,517572.81990116823,T,20.38959713916352,0.11520831226740072,0.3394234998750097,20.38959713916352,0.11520831226740072
2422,587198.4362547395,517572.81990116823,T,20.41827627397843,0.08845121177125506,0.2974074843901126,20.41827627397843,0.08845121177125506
2423,587198.7221952702,517572.81990116823,T,20.45015116866032,0.0566783136752293,0.23807207663904917,20.45015116866032,0.0566783136752293
2424,587199.0081358007,517572.81990116823,T,20.483740018796713,0.025960245115090284,0.16112183314216072,20.483740018796713,0.025960245115090284
2425,587199.2940763314,517572.81990116823,T,20.51428136965644,0.03751801142134359,0.1936956670174725,20.51428136965644,0.03751801142134359
2426,587199.5800168621,517572.81990116823,T,20.54296986045071,0.06695024984950589,0.2587474634648732,20.54296986045071,0.06695024984950589
2427,587199.8659573926,517572.81990116823,T,20.571544602152166,0.09107969722948303,0.3017941305418033,20.571544602152166,0.09107969722948303
2428,587200.1518979233,517572.81990116823,T,20.600128522403246,0.10892783633848499,0.3300421735755674,20.600128522403246,0.10892783633848499
2429,587200.437838454,517572.81990116823,T,20.62895403977531,0.12167916214051658,0.34882540351946356,20.62895403977531,0.12167916214051658
2430,587200.7237789845,517572.81990116823,T,20.659070454785766,0.13109161251861332,0.36206575717487194,20.659070454785766,0.13109161251861332
2431,587201.0097195152,517572.81990116823,T,20.691069812877853,0.1388831382572845,0.37267028088819276,20.691069812877853,0.1388831382572845
2432,587201.2956600457,517572.81990116823,T,20.725111666251877,0.14611981649481987,0.3822562183860713,20.725111666251877,0.14611981649481987
2433,587201.5816005764,517572.81990116823,T,20.761355769879067,0.15296095682836208,0.39110223321832627,20.761355769879067,0.15296095682836208
2434,587201.8675411071,517572.81990116823,T,20.79944860492189,0.1588789277215817,0.39859619632101567,20.79944860492189,0.1588789277215817
2435,587202.1534816376,517572.81990116823,T,20.838802511762097,0.1631255968742713,0.4038880994462096,20.838802511762097,0.1631255968742713
2436,587202.4394221683,517572.81990116823,T,20.878853091773426,0.16520833950591518,0.40645828753503743,20.878853091773426,0.16520833950591518
2437,587202.725362699,517572.81990116823,T,20.91903795007642,0.16496184125859178,0.4061549473521057,20.91903795007642,0.16496184125859178
2438,587203.0113032295,517572.81990116823,T,20.958887407335702,0.16253276747661255,0.4031535284189046,20.958887407335702,0.16253276747661255
2439,587203.2972437602,517572.81990116823,T,20.99786746596376,0.15831716442785024,0.39789089513062526,20.99786746596376,0.15831716442785024
2440,587203.5831842909,517572.81990116823,T,21.03516206747925,0.15258614769395448,0.39062276904189097,21.03516206747925,0.15258614769395448
2441,587203.8691248214,517572.81990116823,T,21.070421282772884,0.14519557590426055,0.3810453725007831,21.070421282772884,0.14519557590426055
2442,587204.1550653521,517572.81990116823,T,21.103445969441562,0.13545004418865395,0.3680353844247234,21.103445969441562,0.13545004418865395
2443,587204.4410058828,517572.81990116823,T,21.13520685592789,0.12215887059122006,0.3495123325309424,21.13520685592789,0.12215887059122006
2444,587204.7269464133,517572.81990116823,T,21.169332247002025,0.1039450577220935,0.3224051142927071,21.169332247002025,0.1039450577220935
2445,587205.012886944,517572.81990116823,T,21.20631537189919,0.07967161332024816,0.28226160440316383,21.20631537189919,0.07967161332024816
2446,587205.2988274747,517572.81990116823,T,21.245973452447082,0.04912203858390075,0.22163492185100422,21.245973452447082,0.04912203858390075
2447,587205.5847680052,517572.81990116823,T,21.282890042337108,0.02149627814053206,0.14661609100140427,21.282890042337108,0.02149627814053206
2448,587205.8707085359,517572.81990116823,T,21.30247393703509,0.04174720931260486,0.20432133836827923,21.30247393703509,0.04174720931260486
2449,587206.1566490666,517572.81990116823,T,21.315916361966906,0.072314797072754,0.26891410724012604,21.315916361966906,0.072314797072754
2450,587206.4425895971,517572.81990116823,T,21.32769671636257,0.09758053231468003,0.31237882821132423,21.32769671636257,0.09758053231468003
2451,587206.7285301278,517572.81990116823,T,21.337398114512155,0.11754250649784624,0.3428447265131057,21.337398114512155,0.11754250649784624
2452,587207.0144706585,517572.81990116823,T,21.344302959904933,0.1337373855563837,0.3657012244392732,21.344302959904933,0.1337373855563837
2453,587207.300411189,517572.81990116823,T,21.347711927559995,0.14812526609570054,0.38487045365382433,21.347711927559995,0.14812526609570054
2454,587207.5863517197,517572.81990116823,T,21.34701248531247,0.16253329222470686,0.40315417922267266,21.34701248531247,0.16253329222470686
2455,587207.8722922504,517572.81990116823,T,21.34182589935841,0.17810519351010817,0.422025110046912,21.34182589935841,0.17810519351010817
2456,587208.1582327809,517572.81990116823,T,21.332053800773803,0.19504170617206665,0.44163526373249073,21.332053800773803,0.19504170617206665
2457,587208.4441733116,517572.81990116823,T,21.31864824872499,0.21282947434615532,0.46133444955493547,21.31864824872499,0.21282947434615532
2458,587208.7301138423,517572.81990116823,T,21.303229577569653,0.23080491033750644,0.4804215964520188,21.303229577569653,0.23080491033750644
2459,587209.0160543728,517572.81990116823,T,21.28611981389107,0.2484614393214768,0.49845906484031044,21.28611981389107,0.2484614393214768
2460,587209.3019949035,517572.81990116823,T,21.267482410279747,0.2654667678800179,0.5152346726298783,21.267482410279747,0.2654667678800179
2461,587209.587935434,517572.81990116823,T,21.24744585337494,0.281637361769536,0.5306951684060597,21.24744585337494,0.281637361769536
2462,587209.8738759647,517572.81990116823,T,21.22733519985249,0.2968887468262468,0.5448749827494805,21.22733519985249,0.2968887468262468
2463,587210.1598164954,517572.81990116823,T,21.20789481002943,0.31127023613439725,0.5579159758730675,21.20789481002943,0.31127023613439725
2464,587210.4457570259,517572.81990116823,T,21.189057977499175,0.32481070483727414,0.5699216655271794,21.189057977499175,0.32481070483727414
2465,587195.2909089027,517573.1058416988,T,20.4901782280511,0.3074952780281962,0.5545225676455343,20.4901782280511,0.3074952780281962
2466,587195.5768494331,517573.1058416988,T,20.45934970840407,0.29279732544605125,0.5411074989741421,20.45934970840407,0.29279732544605125
2467,587195.8627899638,517573.1058416988,T,20.432183120911244,0.27733914192282755,0.5266299857801752,20.432183120911244,0.27733914192282755
2468,587196.1487304945,517573.1058416988,T,20.409258856327877,0.26127084031227793,0.5111465937598312,20.409258856327877,0.26127084031227793
2469,587196.434671025,517573.1058416988,T,20.390879589771554,0.2447585277320959,0.49473076287218676,20.390879589771554,0.2447585277320959
2470,587196.7206115557,517573.1058416988,T,20.37730563779088,0.22797820868520122,0.47747063646385757,20.37730563779088,0.22797820868520122
2471,587197.0065520864,517573.1058416988,T,20.36991139326286,0.2109337464239526,0.4592752403776548,20.36991139326286,0.2109337464239526
2472,587197.2924926169,517573.1058416988,T,20.369435027710935,0.19341736303173934,0.4397924090201414,20.369435027710935,0.19341736303173934
2473,587197.5784331476,517573.1058416988,T,20.375674764948844,0.174892237666718,0.4182011928088178,20.375674764948844,0.174892237666718
2474,587197.8643736783,517573.1058416988,T,20.387901013252666,0.1545982295862182,0.39318981368572886,20.387901013252666,0.1545982295862182
2475,587198.1503142088,517573.1058416988,T,20.4049687246521,0.13185070066095184,0.36311251790726223,20.4049687246521,0.13185070066095184
2476,587198.4362547395,517573.1058416988,T,20.425560756463707,0.10664315104235254,0.3265626295863514,20.425560756463707,0.10664315104235254
2477,587198.7221952702,517573.1058416988,T,20.449222023177406,0.08116523183409849,0.284895124272246,20.449222023177406,0.08116523183409849
2478,587199.0081358007,517573.1058416988,T,20.474393233406925,0.0634150078057634,0.2518233662823277,20.474393233406925,0.0634150078057634
2479,587199.2940763314,517573.1058416988,T,20.498778143579326,0.06436789705649668,0.2537082912647844,20.498778143579326,0.06436789705649668
2480,587199.5800168621,517573.1058416988,T,20.52200925347384,0.078190774054599,0.2796261326389202,20.52200925347384,0.078190774054599
2481,587199.8659573926,517573.1058416988,T,20.5448714922942,0.09293798406228851,0.30485731754755124,20.5448714922942,0.09293798406228851
2482,587200.1518979233,517573.1058416988,T,20.567845411214815,0.10419575395968306,0.32279367087922134,20.567845411214815,0.10419575395968306
2483,587200.437838454,517573.1058416988,T,20.591490913023204,0.1118652108267599,0.33446257014314756,20.591490913023204,0.1118652108267599
2484,587200.7237789845,517573.1058416988,T,20.617361795204868,0.1176933500608344,0.34306464414281224,20.617361795204868,0.1176933500608344
2485,587201.0097195152,517573.1058416988,T,20.646389331417403,0.1238599395728206,0.3519374086010474,20.646389331417403,0.1238599395728206
2486,587201.2956600457,517573.1058416988,T,20.67883205260473,0.13164169911589735,0.362824612059184,20.67883205260473,0.13164169911589735
2487,587201.5816005764,517573.1058416988,T,20.714389211490445,0.14074423960491678,0.37515895245204633,20.714389211490445,0.14074423960491678
2488,587201.8675411071,517573.1058416988,T,20.752329338835075,0.14980828973711935,0.387050758605534,20.752329338835075,0.14980828973711935
2489,587202.1534816376,517573.1058416988,T,20.791855597961046,0.15747268222511637,0.39682827800588555,20.791855597961046,0.15747268222511637
2490,587202.4394221683,517573.1058416988,T,20.83231167738497,0.1628874630169464,0.4035931900031843,20.83231167738497,0.1628874630169464
2491,587202.725362699,517573.1058416988,T,20.873035932317364,0.1657184862761858,0.40708535502543663,20.873035932317364,0.1657184862761858
2492,587203.0113032295,517573.1058416988,T,20.913256826542565,0.16607415139028292,0.4075219643041132,20.913256826542565,0.16607415139028292
2493,587203.2972437602,517573.1058416988,T,20.952679584160055,0.16421330935847342,0.4052324140027219,20.952679584160055,0.16421330935847342
2494,587203.5831842909,517573.1058416988,T,20.990943170057786,0.16023915364057761,0.4002988304261925,20.990943170057786,0.16023915364057761
2495,587203.8691248214,517573.1058416988,T,21.02773314759285,0.15396255572334422,0.39238062608052426,21.02773314759285,0.15396255572334422
2496,587204.1550653521,517573.1058416988,T,21.062799187164092,0.14485744497349037,0.38060142534348235,21.062799187164092,0.14485744497349037
2497,587204.4410058828,517573.1058416988,T,21.09795966644655,0.13215916576353268,0.3635370211732674,21.09795966644655,0.13215916576353268
2498,587204.7269464133,517573.1058416988,T,21.13583039437408,0.11527704969482792,0.33952474091710594,21.13583039437408,0.11527704969482792
2499,587205.012886944,517573.1058416988,T,21.176097748246033,0.09446258963847093,0.3073476689979459,21.176097748246033,0.09446258963847093
2500,587205.2988274747,517573.1058416988,T,21.21549722858647,0.07251795521441663,0.26929158028875805,21.21549722858647,0.07251795521441663
2501,587205.5847680052,517573.1058416988,T,21.2498787736247,0.05890165507487605,0.24269663177488898,21.2498787736247,0.05890165507487605
2502,587205.8707085359,517573.1058416988,T,21.275878419106565,0.06421873267790715,0.2534141524814807,21.275878419106565,0.06421873267790715
2503,587206.1566490666,517573.1058416988,T,21.295707889676738,0.08024363856675774,0.2832730812603939,21.295707889676738,0.08024363856675774
2504,587206.4425895971,517573.1058416988,T,21.31229990223111,0.09619454899052021,0.3101524608809677,21.31229990223111,0.09619454899052021
2505,587206.7285301278,517573.1058416988,T,21.326143036763558,0.108878963301822,0.32996812467543285,21.326143036763558,0.108878963301822
2506,587207.0144706585,517573.1058416988,T,21.336782004185668,0.1188697277282291,0.34477489428354424,21.336782004185668,0.1188697277282291
2507,587207.300411189,517573.1058416988,T,21.343441305998628,0.12829551678155598,0.3581836355580137,21.343441305998628,0.12829551678155598
2508,587207.5863517197,517573.1058416988,T,21.345340594683808,0.13953654702522322,0.3735459101974257,21.345340594683808,0.13953654702522322
2509,587207.8722922504,517573.1058416988,T,21.34206523643484,0.1539328282431816,0.3923427433293263,21.34206523643484,0.1539328282431816
2510,587208.1582327809,517573.1058416988,T,21.33370532185301,0.17119745877622025,0.4137601464329549,21.33370532185301,0.17119745877622025
2511,587208.4441733116,517573.1058416988,T,21.32177392639295,0.19001878236768122,0.43591143867496895,21.32177392639295,0.19001878236768122
2512,587208.7301138423,517573.1058416988,T,21.307841926073433,0.20917834309585553,0.4573601896709589,21.307841926073433,0.20917834309585553
2513,587209.0160543728,517573.1058416988,T,21.292250816140943,0.22789088370505153,0.47737918231218623,21.292250816140943,0.22789088370505153
2514,587209.3019949035,517573.1058416988,T,21.2753663198671,0.2457843737124042,0.49576645077334974,21.2753663198671,0.2457843737124042
2515,587209.587935434,517573.1058416988,T,21.25793562128723,0.2627794633226148,0.5126201940253766,21.25793562128723,0.2627794633226148
2516,587209.8738759647,517573.1058416988,T,21.24032015284406,0.2788821739855586,0.5280929596061271,21.24032015284406,0.2788821739855586
2517,587210.1598164954,517573.1058416988,T,21.2233110124425,0.2941539345578018,0.5423595989358,21.2233110124425,0.2941539345578018
2518,587210.4457570259,517573.1058416988,T,21.20684642289742,0.3086564442592642,0.5555685774585026,21.20684642289742,0.3086564442592642
2519,587210.7316975566,517573.1058416988,T,21.1908530683589,0.3223472891646931,0.5677563642661287,21.1908530683589,0.3223472891646931
2520,587195.8627899638,517573.39178222953,T,20.47330299344459,0.2957080544964346,0.5437904509058932,20.47330299344459,0.2957080544964346
2521,587196.1487304945,517573.39178222953,T,20.450804499222954,0.2805114568542893,0.5296333230210211,20.450804499222954,0.2805114568542893
2522,587196.434671025,517573.39178222953,T,20.432078463766146,0.2646865536161236,0.5144769709288488,20.432078463766146,0.2646865536161236
2523,587196.7206115557,517573.39178222953,T,20.417458333693645,0.24831993859428098,0.4983171064636262,20.417458333693645,0.24831993859428098
2524,587197.0065520864,517573.39178222953,T,20.407682294954892,0.23134433345325606,0.4809826747953153,20.407682294954892,0.23134433345325606
2525,587197.2924926169,517573.39178222953,T,20.403592213441332,0.21360402840023676,0.46217315845929086,20.403592213441332,0.21360402840023676
2526,587197.5784331476,517573.39178222953,T,20.404994174006358,0.19480273746860471,0.44136463096696443,20.404994174006358,0.19480273746860471
2527,587197.8643736783,517573.39178222953,T,20.41129369716307,0.17462232971232247,0.41787836712651505,20.41129369716307,0.17462232971232247
2528,587198.1503142088,517573.39178222953,T,20.421585042902716,0.15302547280991632,0.3911847042126217,20.421585042902716,0.15302547280991632
2529,587198.4362547395,517573.39178222953,T,20.435133040192284,0.13078613476716983,0.3616436571643001,20.435133040192284,0.13078613476716983
2530,587198.7221952702,517573.39178222953,T,20.451525666040276,0.11035523204485921,0.3321975798299247,20.451525666040276,0.11035523204485921
2531,587199.0081358007,517573.39178222953,T,20.469402897222206,0.09615471670068693,0.3100882401844464,20.469402897222206,0.09615471670068693
2532,587199.2940763314,517573.39178222953,T,20.4872442739112,0.09152247372128537,0.3025268148797481,20.4872442739112,0.09152247372128537
2533,587199.5800168621,517573.39178222953,T,20.504611692260433,0.09408225821455626,0.3067283133565538,20.504611692260433,0.09408225821455626
2534,587199.8659573926,517573.39178222953,T,20.52176342376963,0.0983335703513962,0.3135818399579226,20.52176342376963,0.0983335703513962
2535,587200.1518979233,517573.39178222953,T,20.539155846949715,0.10073436088276314,0.3173867686006509,20.539155846949715,0.10073436088276314
2536,587200.437838454,517573.39178222953,T,20.557664647844504,0.1008330085927194,0.31754213672002557,20.557664647844504,0.1008330085927194
2537,587200.7237789845,517573.39178222953,T,20.579177077066742,0.10079122711904444,0.3174763410382645,20.579177077066742,0.10079122711904444
2538,587201.0097195152,517573.39178222953,T,20.60500495457285,0.10403552668256205,0.32254538701175384,20.60500495457285,0.10403552668256205
2539,587201.2956600457,517573.39178222953,T,20.635688815586686,0.11246528284568545,0.3353584393536048,20.635688815586686,0.11246528284568545
2540,587201.5816005764,517573.39178222953,T,20.670545582269572,0.12464395490862419,0.3530495077303241,20.670545582269572,0.12464395490862419
2541,587201.8675411071,517573.39178222953,T,20.708260392309285,0.13755645371384986,0.370886038715196,20.708260392309285,0.13755645371384986
2542,587202.1534816376,517573.39178222953,T,20.747764490352015,0.14890236089392225,0.3858786867577973,20.747764490352015,0.14890236089392225
2543,587202.4394221683,517573.39178222953,T,20.787987562854436,0.15756442079282904,0.39694385093212997,20.787987562854436,0.15756442079282904
2544,587202.725362699,517573.39178222953,T,20.82798563196881,0.1632796639385972,0.40407878432132166,20.82798563196881,0.1632796639385972
2545,587203.0113032295,517573.39178222953,T,20.867836618547543,0.16625717454464428,0.40774645865371323,20.867836618547543,0.16625717454464428
2546,587203.2972437602,517573.39178222953,T,20.90730659457436,0.16676171529569114,0.4083646841925623,20.90730659457436,0.16676171529569114
2547,587203.5831842909,517573.39178222953,T,20.946086186788285,0.16489610964145174,0.4060740199045634,20.946086186788285,0.16489610964145174
2548,587203.8691248214,517573.39178222953,T,20.983855269292235,0.16052580173207898,0.4006567130750201,20.983855269292235,0.16052580173207898
2549,587204.1550653521,517573.39178222953,T,21.020418684689346,0.1533121001758848,0.39155089091443124,21.020418684689346,0.1533121001758848
2550,587204.4410058828,517573.39178222953,T,21.058604031504082,0.142875611944231,0.37798890452529293,21.058604031504082,0.142875611944231
2551,587204.7269464133,517573.39178222953,T,21.099326232719445,0.1292708918284718,0.3595426147600195,21.099326232719445,0.1292708918284718
2552,587205.012886944,517573.39178222953,T,21.13993790101968,0.11350675492989669,0.3369076356064028,21.13993790101968,0.11350675492989669
2553,587205.2988274747,517573.39178222953,T,21.178510902098367,0.09844394816533815,0.3137577858242535,21.178510902098367,0.09844394816533815
2554,587205.5847680052,517573.39178222953,T,21.213288414630746,0.08889588652446824,0.29815413216064646,21.213288414630746,0.08889588652446824
2555,587205.8707085359,517573.39178222953,T,21.243076002865457,0.08801154881282518,0.29666740436526756,21.243076002865457,0.08801154881282518
2556,587206.1566490666,517573.39178222953,T,21.268290468327624,0.09298090327993738,0.3049277017260606,21.268290468327624,0.09298090327993738
2557,587206.4425895971,517573.39178222953,T,21.290096646814227,0.09864994818812228,0.3140858930103711,21.290096646814227,0.09864994818812228
2558,587206.7285301278,517573.39178222953,T,21.308790837976375,0.10221199587902792,0.31970610860449306,21.308790837976375,0.10221199587902792
2559,587207.0144706585,517573.39178222953,T,21.323960987165865,0.10394995145707592,0.3224127036223541,21.323960987165865,0.10394995145707592
2560,587207.300411189,517573.39178222953,T,21.334591435944475,0.10659451704751516,0.32648815759153527,21.334591435944475,0.10659451704751516
2561,587207.5863517197,517573.39178222953,T,21.33947482057293,0.11384856455098641,0.3374145292529449,21.33947482057293,0.11384856455098641
2562,587207.8722922504,517573.39178222953,T,21.338077163079486,0.12751700820675738,0.3570952368861245,21.338077163079486,0.12751700820675738
2563,587208.1582327809,517573.39178222953,T,21.331195670255607,0.14607900338687357,0.3822028301659651,21.331195670255607,0.14607900338687357
2564,587208.4441733116,517573.39178222953,T,21.320755585281052,0.16669325606855168,0.4082808543987235,21.320755585281052,0.16669325606855168
2565,587208.7301138423,517573.39178222953,T,21.3083399345479,0.18732719116476465,0.4328131134390046,21.3083399345479,0.18732719116476465
2566,587209.0160543728,517573.39178222953,T,21.29492957865969,0.20704348127980057,0.45502030864545,21.29492957865969,0.20704348127980057
2567,587209.3019949035,517573.39178222953,T,21.28120555551307,0.22564076498790292,0.47501659443423966,21.28120555551307,0.22564076498790292
2568,587209.587935434,517573.39178222953,T,21.267041309812253,0.24322861867731832,0.49318213539960903,21.267041309812253,0.24322861867731832
2569,587209.8738759647,517573.39178222953,T,21.25236311017996,0.2599706352051013,0.5098731559957842,21.25236311017996,0.2599706352051013
2570,587210.1598164954,517573.39178222953,T,21.238025860240686,0.2759815181394959,0.5253394313579516,21.238025860240686,0.2759815181394959
2571,587210.4457570259,517573.39178222953,T,21.224163868104412,0.2913419400738072,0.5397610027352914,21.224163868104412,0.2913419400738072
2572,587210.7316975566,517573.39178222953,T,21.210589660183633,0.30599982604829135,0.5531725102066184,21.210589660183633,0.30599982604829135
2573,587211.0176380873,517573.39178222953,T,21.19651545875005,0.3198091468787388,0.5655167078687763,21.19651545875005,0.3198091468787388
2574,587196.1487304945,517573.6777227601,T,20.494169510174572,0.29854929635820504,0.5463966474624502,20.494169510174572,0.29854929635820504
2575,587196.434671025,517573.6777227601,T,20.474354976343534,0.28351453744610144,0.532460831842213,20.474354976343534,0.28351453744610144
2576,587196.7206115557,517573.6777227601,T,20.458044143081253,0.2677710787020793,0.5174660169538472,20.458044143081253,0.2677710787020793
2577,587197.0065520864,517573.6777227601,T,20.44562248849657,0.2512463444176934,0.501244794903342,20.44562248849657,0.2512463444176934
2578,587197.2924926169,517573.6777227601,T,20.437875600714275,0.23385042611392978,0.48358083720711037,20.437875600714275,0.23385042611392978
2579,587197.5784331476,517573.6777227601,T,20.43470888653907,0.2154907433050512,0.46420980526594996,20.43470888653907,0.2154907433050512
2580,587197.8643736783,517573.6777227601,T,20.435652302600445,0.19614282510568407,0.44288014756329286,20.435652302600445,0.19614282510568407
2581,587198.1503142088,517573.6777227601,T,20.440305101932495,0.17608391570800397,0.419623540459784,20.440305101932495,0.17608391570800397
2582,587198.4362547395,517573.6777227601,T,20.447845453757186,0.15621243388551864,0.3952371868707683,20.447845453757186,0.15621243388551864
2583,587198.7221952702,517573.6777227601,T,20.457875223330564,0.1382104146536917,0.37176661315090104,20.457875223330564,0.1382104146536917
2584,587199.0081358007,517573.6777227601,T,20.469280859550782,0.12422759756216772,0.3524593559010283,20.469280859550782,0.12422759756216772
2585,587199.2940763314,517573.6777227601,T,20.481132124241007,0.11524469583253377,0.339477091763986,20.481132124241007,0.11524469583253377
2586,587199.5800168621,517573.6777227601,T,20.4929580475867,0.10976528329737938,0.33130844133130594,20.4929580475867,0.10976528329737938
2587,587199.8659573926,517573.6777227601,T,20.504667958624587,0.10475334875029306,0.32365622000865835,20.504667958624587,0.10475334875029306
2588,587200.1518979233,517573.6777227601,T,20.51648299382873,0.09774564625386692,0.312643001287198,20.51648299382873,0.09774564625386692
2589,587200.437838454,517573.6777227601,T,20.529297737657476,0.08837067158308423,0.29727204978451005,20.529297737657476,0.08837067158308423
2590,587200.7237789845,517573.6777227601,T,20.545375673414302,0.07965000431818998,0.28222332348370854,20.545375673414302,0.07965000431818998
2591,587201.0097195152,517573.6777227601,T,20.567241340395295,0.07830667281982336,0.27983329469493684,20.567241340395295,0.07830667281982336
2592,587201.2956600457,517573.6777227601,T,20.596314850768152,0.08855880817978583,0.297588319965327,20.596314850768152,0.08855880817978583
2593,587201.5816005764,517573.6777227601,T,20.630807852200718,0.10572821401934206,0.32515875202636335,20.630807852200718,0.10572821401934206
2594,587201.8675411071,517573.6777227601,T,20.66831821900034,0.123421209032801,0.3513135480348018,20.66831821900034,0.123421209032801
2595,587202.1534816376,517573.6777227601,T,20.70691763695307,0.13847160414337933,0.37211772887539146,20.70691763695307,0.13847160414337933
2596,587202.4394221683,517573.6777227601,T,20.74559646865738,0.15000060781685196,0.3872991193081285,20.74559646865738,0.15000060781685196
2597,587202.725362699,517573.6777227601,T,20.784354696355127,0.15813169141475167,0.39765775663848385,20.784354696355127,0.15813169141475167
2598,587203.0113032295,517573.6777227601,T,20.82336683399634,0.16337285907620028,0.404194085899584,20.82336683399634,0.16337285907620028
2599,587203.2972437602,517573.6777227601,T,20.862435883057906,0.16613385387999197,0.40759520836240454,20.862435883057906,0.16613385387999197
2600,587203.5831842909,517573.6777227601,T,20.901280471526203,0.1665826598955528,0.40814539063372113,20.901280471526203,0.1665826598955528
2601,587203.8691248214,517573.6777227601,T,20.93954733040136,0.16463533889585516,0.40575280516079637,20.93954733040136,0.16463533889585516
2602,587204.1550653521,517573.6777227601,T,20.97763022208272,0.16005165077572447,0.4000645582599444,20.97763022208272,0.16005165077572447
2603,587204.4410058828,517573.6777227601,T,21.018040910378193,0.1526717058245788,0.39073226872703876,21.018040910378193,0.1526717058245788
2604,587204.7269464133,517573.6777227601,T,21.058833666913078,0.1427966994958484,0.37788450549850333,21.058833666913078,0.1427966994958484
2605,587205.012886944,517573.6777227601,T,21.09896285809018,0.1314554358365533,0.3625678361859382,21.09896285809018,0.1314554358365533
2606,587205.2988274747,517573.6777227601,T,21.13742208442712,0.12053741793294719,0.34718499093847244,21.13742208442712,0.12053741793294719
2607,587205.5847680052,517573.6777227601,T,21.17334639742462,0.11230683899388343,0.33512212549141457,21.17334639742462,0.11230683899388343
2608,587205.8707085359,517573.6777227601,T,21.206017791150153,0.10771059398458963,0.3281929218989795,21.206017791150153,0.10771059398458963
2609,587206.1566490666,517573.6777227601,T,21.23543768610215,0.10524382451201249,0.32441304614952293,21.23543768610215,0.10524382451201249
2610,587206.4425895971,517573.6777227601,T,21.261999490378887,0.10210866557692266,0.3195444657272641,21.261999490378887,0.10210866557692266
2611,587206.7285301278,517573.6777227601,T,21.285680816188588,0.09632866138454542,0.3103685895585206,21.285680816188588,0.09632866138454542
2612,587207.0144706585,517573.6777227601,T,21.306032175211843,0.08825552999458594,0.29707832299679143,21.306032175211843,0.08825552999458594
2613,587207.300411189,517573.6777227601,T,21.321600289631476,0.08179645224019465,0.2860007906286181,21.321600289631476,0.08179645224019465
2614,587207.5863517197,517573.6777227601,T,21.329990754625396,0.084182397531496575,0.29014202992930305,21.329990754625396,0.084182397531496575
2615,587207.8722922504,517573.6777227601,T,21.330263793302503,0.09880779864001694,0.3143370780547801,21.330263793302503,0.09880779864001694
2616,587208.1582327809,517573.6777227601,T,21.324770013198663,0.12066822856909888,0.3473733273714303,21.324770013198663,0.12066822856909888
2617,587208.4441733116,517573.6777227601,T,21.315748210355974,0.14400568744151315,0.3794808130083959,21.315748210355974,0.14400568744151315
2618,587208.7301138423,517573.6777227601,T,21.30584489448171,0.16617229354505358,0.40764235985119796,21.30584489448171,0.16617229354505358
2619,587209.0160543728,517573.6777227601,T,21.295818832487917,0.18655455027649817,0.4319196108959376,21.295818832487917,0.18655455027649817
2620,587209.3019949035,517573.6777227601,T,21.285553619550676,0.2053830178561303,0.4531920319865855,21.285553619550676,0.2053830178561303
2621,587209.587935434,517573.6777227601,T,21.274837294085458,0.22312928535443066,0.47236562677065175,21.274837294085458,0.22312928535443066
2622,587209.8738759647,517573.6777227601,T,21.263443849788473,0.24018642024952783,0.49008817599441,21.263443849788473,0.24018642024952783
2623,587210.1598164954,517573.6777227601,T,21.251953046791606,0.256742225916994,0.5066973711368493,21.251953046791606,0.256742225916994
2624,587210.4457570259,517573.6777227601,T,21.240883550240376,0.2728547539966338,0.5223550076304752,21.240883550240376,0.2728547539966338
2625,587210.7316975566,517573.6777227601,T,21.22984390643654,0.2884167975861422,0.5370445024261418,21.22984390643654,0.2884167975861422
2626,587211.0176380873,517573.6777227601,T,21.217953841998877,0.30328010420866497,0.5507087290107766,21.217953841998877,0.30328010420866497
2627,587211.3035786177,517573.6777227601,T,21.205265658219503,0.3173232295434381,0.563314503224831,21.205265658219503,0.3173232295434381
2628,587196.434671025,517573.9636632907,T,20.51864870549735,0.30127486876076043,0.5488851143552359,20.51864870549735,0.30127486876076043
2629,587196.7206115557,517573.9636632907,T,20.50053113133802,0.2863311152500804,0.5350991639407414,20.50053113133802,0.2863311152500804
2630,587197.0065520864,517573.9636632907,T,20.485561816505687,0.27053583353302135,0.5201305927678369,20.485561816505687,0.27053583353302135
2631,587197.2924926169,517573.9636632907,T,20.474249087973806,0.253836521613769,0.5038219145826917,20.474249087973806,0.253836521613769
2632,587197.5784331476,517573.9636632907,T,20.46696975379388,0.23626252747546292,0.48606843908596137,20.46696975379388,0.23626252747546292
2633,587197.8643736783,517573.9636632907,T,20.46352536844332,0.21794622834643615,0.46684711453155214,20.46352536844332,0.21794622834643615
2634,587198.1503142088,517573.9636632907,T,20.463334398311257,0.199253579002215,0.4463782913653116,20.463334398311257,0.199253579002215
2635,587198.4362547395,517573.9636632907,T,20.46566827420858,0.18085533554279878,0.4252708966562358,20.46566827420858,0.18085533554279878
2636,587198.7221952702,517573.9636632907,T,20.469979720839156,0.16372185765090314,0.4046255771091382,20.469979720839156,0.16372185765090314
2637,587199.0081358007,517573.9636632907,T,20.475662245175677,0.14881613689822784,0.38576694635262343,20.475662245175677,0.14881613689822784
2638,587199.2940763314,517573.9636632907,T,20.482018857295998,0.13622256716827513,0.369083414919006,20.482018857295998,0.13622256716827513
2639,587199.5800168621,517573.9636632907,T,20.48855649166256,0.12472135590357322,0.3531591084816775,20.48855649166256,0.12472135590357322
2640,587199.8659573926,517573.9636632907,T,20.49500377647513,0.11219456847159683,0.3349545767288407,20.49500377647513,0.11219456847159683
2641,587200.1518979233,517573.9636632907,T,20.501302145509538,0.09656991825243312,0.3107570083721896,20.501302145509538,0.09656991825243312
2642,587200.437838454,517573.9636632907,T,20.508010389861855,0.07687083343257334,0.2772558988237641,20.508010389861855,0.07687083343257334
2643,587200.7237789845,517573.9636632907,T,20.517120413007753,0.055445282534842016,0.2354682197980059,20.517120413007753,0.055445282534842016
2644,587201.0097195152,517573.9636632907,T,20.533453138749543,0.045595396316436845,0.2135307854067812,20.533453138749543,0.045595396316436845
2645,587201.2956600457,517573.9636632907,T,20.562050572173888,0.06196079499913942,0.24891925397433484,20.562050572173888,0.06196079499913942
2646,587201.5816005764,517573.9636632907,T,20.59692865520911,0.08726541896548064,0.2954072087229434,20.59692865520911,0.08726541896548064
2647,587201.8675411071,517573.9636632907,T,20.633243034283336,0.10992103591245747,0.3315434148229421,20.633243034283336,0.10992103591245747
2648,587202.1534816376,517573.9636632907,T,20.669636017283416,0.12777825603333132,0.3574608454548992,20.669636017283416,0.12777825603333132
2649,587202.4394221683,517573.9636632907,T,20.706067246072983,0.14106924205457444,0.3755918556819017,20.706067246072983,0.14106924205457444
2650,587202.725362699,517573.9636632907,T,20.742974199374206,0.15068257609167177,0.388178536361391,20.742974199374206,0.15068257609167177
2651,587203.0113032295,517573.9636632907,T,20.78058088775416,0.15755376135875243,0.3969304238260812,20.78058088775416,0.15755376135875243
2652,587203.2972437602,517573.9636632907,T,20.818771537153083,0.16229236770595867,0.40285526893160856,20.818771537153083,0.16229236770595867
2653,587203.5831842909,517573.9636632907,T,20.85726149883801,0.16509993363607225,0.4063249114145873,20.85726149883801,0.16509993363607225
2654,587203.8691248214,517573.9636632907,T,20.89562979408546,0.1658452260018131,0.407240992536131,20.89562979408546,0.1658452260018131
2655,587204.1550653521,517573.9636632907,T,20.934504079172495,0.1642243329241161,0.40524601530936255,20.934504079172495,0.1642243329241161
2656,587204.4410058828,517573.9636632907,T,20.97440130718515,0.16013076815650742,0.4001634268102314,20.97440130718515,0.16013076815650742
2657,587204.7269464133,517573.9636632907,T,21.014612307973014,0.1538405050768787,0.3922250694140785,21.014612307973014,0.1538405050768787
2658,587205.012886944,517573.9636632907,T,21.05436827449595,0.14605038479964563,0.38216538932724614,21.05436827449595,0.14605038479964563
2659,587205.2988274747,517573.9636632907,T,21.093098848033648,0.13784810924343432,0.37127901804900626,21.093098848033648,0.13784810924343432
2660,587205.5847680052,517573.9636632907,T,21.130179229276653,0.13022579254220568,0.3608681096220691,21.130179229276653,0.13022579254220568
2661,587205.8707085359,517573.9636632907,T,21.165117024135398,0.12328796717776018,0.3511238630138376,21.165117024135398,0.12328796717776018
2662,587206.1566490666,517573.9636632907,T,21.197878354276902,0.11589332380674015,0.3404310852533008,21.197878354276902,0.11589332380674015
2663,587206.4425895971,517573.9636632907,T,21.228618396238875,0.10609180290339809,0.32571736659778844,21.228618396238875,0.10609180290339809
2664,587206.7285301278,517573.9636632907,T,21.257180477325488,0.0921145888685442,0.3035038531362398,21.257180477325488,0.0921145888685442
2665,587207.0144706585,517573.9636632907,T,21.2832443448629,0.07356026321849395,0.271219953577339,21.2832443448629,0.07356026321849395
2666,587207.300411189,517573.9636632907,T,21.30527137710968,0.054112461966000114,0.23262085453802311,21.30527137710968,0.054112461966000114
2667,587207.5863517197,517573.9636632907,T,21.31810625039589,0.04946560132011222,0.22240863589373552,21.31810625039589,0.04946560132011222
2668,587207.8722922504,517573.9636632907,T,21.31915827120605,0.06994695466623407,0.2644748658497326,21.31915827120605,0.06994695466623407
2669,587208.1582327809,517573.9636632907,T,21.31438946372283,0.0979345523565301,0.3129449669774705,21.31438946372283,0.0979345523565301
2670,587208.4441733116,517573.9636632907,T,21.30793698471247,0.12416465969688037,0.35237006072718546,21.30793698471247,0.12416465969688037
2671,587208.7301138423,517573.9636632907,T,21.30162979883178,0.14707275852230148,0.38350066300112373,21.30162979883178,0.14707275852230148
2672,587209.0160543728,517573.9636632907,T,21.295428263296536,0.16712480598996982,0.40880900918395846,21.295428263296536,0.16712480598996982
2673,587209.3019949035,517573.9636632907,T,21.289016359519856,0.18530117409448862,0.4304662287502803,21.289016359519856,0.18530117409448862
2674,587209.587935434,517573.9636632907,T,21.28206048836703,0.20255268619159156,0.4500585364056453,21.28206048836703,0.20255268619159156
2675,587209.8738759647,517573.9636632907,T,21.274266797530096,0.21951488706150946,0.46852415846091594,21.274266797530096,0.21951488706150946
2676,587210.1598164954,517573.9636632907,T,21.26581600191379,0.23640900276123042,0.48621908926041807,21.26581600191379,0.23640900276123042
2677,587210.4457570259,517573.9636632907,T,21.25755473074553,0.2531822662875861,0.5031722034130921,21.25755473074553,0.2531822662875861
2678,587210.7316975566,517573.9636632907,T,21.248823169469567,0.26961071321470254,0.5192405157676956,21.248823169469567,0.26961071321470254
2679,587211.0176380873,517573.9636632907,T,21.239155085035243,0.28549901995458044,0.5343210832023947,21.239155085035243,0.28549901995458044
2680,587211.3035786177,517573.9636632907,T,21.228472665046098,0.3006783300704783,0.5483414356680318,21.228472665046098,0.3006783300704783
2681,587211.5895191485,517573.9636632907,T,21.217038313209766,0.3149926113384685,0.5612420256346352,21.217038313209766,0.3149926113384685
2682,587211.8754596792,517573.9636632907,T,21.204745884931086,0.32840206831831753,0.5730637558931096,21.204745884931086,0.32840206831831753
2683,587196.7206115557,517574.24960382143,T,20.545032234885767,0.30392804385239636,0.5512966931266651,20.545032234885767,0.30392804385239636
2684,587197.0065520864,517574.24960382143,T,20.52776661264799,0.2890291492644551,0.537614312741444,20.52776661264799,0.2890291492644551
2685,587197.2924926169,517574.24960382143,T,20.513540775353672,0.27320785098518263,0.5226928840009042,20.513540775353672,0.27320785098518263
2686,587197.5784331476,517574.24960382143,T,20.502907146715874,0.2565670430387657,0.5065244742742109,20.502907146715874,0.2565670430387657
2687,587197.8643736783,517574.24960382143,T,20.495611128547367,0.23929372413624242,0.48917657766520506,20.495611128547367,0.23929372413624242
2688,587198.1503142088,517574.24960382143,T,20.49117103098238,0.22168082043091472,0.47082992728894657,20.49117103098238,0.22168082043091472
2689,587198.4362547395,517574.24960382143,T,20.488908434946186,0.20414035951391493,0.45181894550130913,20.488908434946186,0.20414035951391493
2690,587198.7221952702,517574.24960382143,T,20.488115441406872,0.18718805155640297,0.43265234491032517,20.488115441406872,0.18718805155640297
2691,587199.0081358007,517574.24960382143,T,20.48872351715574,0.17116325443193656,0.413718810826794,20.48872351715574,0.17116325443193656
2692,587199.2940763314,517574.24960382143,T,20.490154717262936,0.1558016009710271,0.3947171151230044,20.490154717262936,0.1558016009710271
2693,587199.5800168621,517574.24960382143,T,20.491934573881817,0.1400511931886461,0.37423414220063633,20.491934573881817,0.1400511931886461
2694,587199.8659573926,517574.24960382143,T,20.493715772921007,0.12226235000726184,0.34966033519297246,20.493715772921007,0.12226235000726184
2695,587200.1518979233,517574.24960382143,T,20.495261720636666,0.10059078794832418,0.31716050817894115,20.495261720636666,0.10059078794832418
2696,587200.437838454,517574.24960382143,T,20.49674551061141,0.0733600010889325,0.2708505142858926,20.49674551061141,0.0733600010889325
2697,587200.7237789845,517574.24960382143,T,20.4988545226532,0.03934225897333959,0.1983488315401419,20.4988545226532,0.03934225897333959
2698,587201.0097195152,517574.24960382143,T,20.504226022474974,0.005575253235452425,0.07466761838610111,20.504226022474974,0.005575253235452425
2699,587201.2956600457,517574.24960382143,T,20.53734890568957,0.04384741164712647,0.20939773553485833,20.53734890568957,0.04384741164712647
2700,587201.5816005764,517574.24960382143,T,20.571092374794663,0.0759225567948383,0.27554048122705727,20.571092374794663,0.0759225567948383
2701,587201.8675411071,517574.24960382143,T,20.60426162506263,0.10037719541138915,0.3168236029897223,20.60426162506263,0.10037719541138915
2702,587202.1534816376,517574.24960382143,T,20.637204106815844,0.11838915397370604,0.3440772500089276,20.637204106815844,0.11838915397370604
2703,587202.4394221683,517574.24960382143,T,20.670387686030185,0.13141826919375524,0.36251657781921537,20.670387686030185,0.13141826919375524
2704,587202.725362699,517574.24960382143,T,20.70460255624728,0.14106348589064566,0.3755841928125379,20.70460255624728,0.14106348589064566
2705,587203.0113032295,517574.24960382143,T,20.74015880768996,0.14867033016026693,0.38557791710660366,20.74015880768996,0.14867033016026693
2706,587203.2972437602,517574.24960382143,T,20.776999495539123,0.1549931565101926,0.3936917023639089,20.776999495539123,0.1549931565101926
2707,587203.5831842909,517574.24960382143,T,20.814397707356,0.1601240711042462,0.40015505882625824,20.814397707356,0.1601240711042462
2708,587203.8691248214,517574.24960382143,T,20.85096884937854,0.16368633768626648,0.4045816823414852,20.85096884937854,0.16368633768626648
2709,587204.1550653521,517574.24960382143,T,20.88887702386323,0.16519875408162932,0.406446495964265,20.88887702386323,0.16519875408162932
2710,587204.4410058828,517574.24960382143,T,20.92797167588077,0.16443426469498515,0.40550495027186184,20.92797167588077,0.16443426469498515
2711,587204.7269464133,517574.24960382143,T,20.967543700279506,0.1614659501688414,0.4018282595448476,20.967543700279506,0.1614659501688414
2712,587205.012886944,517574.24960382143,T,21.007004200373263,0.1566690169063353,0.3958143717784074,21.007004200373263,0.1566690169063353
2713,587205.2988274747,517574.24960382143,T,21.045993566114998,0.15062996542480597,0.38811076437636455,21.045993566114998,0.15062996542480597
2714,587205.5847680052,517574.24960382143,T,21.084115202516365,0.14371576632019487,0.37909862347441314,21.084115202516365,0.14371576632019487
2715,587205.8707085359,517574.24960382143,T,21.12105547572411,0.1357002290790051,0.3683751200597091,21.12105547572411,0.1357002290790051
2716,587206.1566490666,517574.24960382143,T,21.15661833476433,0.12559639776147077,0.3543958207449275,21.15661833476433,0.12559639776147077
2717,587206.4425895971,517574.24960382143,T,21.19068075068164,0.11183412702174012,0.334416098628251,21.19068075068164,0.11183412702174012
2718,587206.7285301278,517574.24960382143,T,21.2230816560959,0.09272117820993893,0.30450152415043663,21.2230816560959,0.09272117820993893
2719,587207.0144706585,517574.24960382143,T,21.253822928054344,0.06680355240760531,0.2584638319138779,21.253822928054344,0.06680355240760531
2720,587207.300411189,517574.24960382143,T,21.28277111253881,0.03311562516428803,0.18197699075511725,21.28277111253881,0.03311562516428803
2721,587207.5863517197,517574.24960382143,T,21.303481483471984,0.012290158449473244,0.1108609870489761,21.303481483471984,0.012290158449473244
2722,587207.8722922504,517574.24960382143,T,21.301806020989243,0.050839410824440955,0.2254759650704282,21.301806020989243,0.050839410824440955
2723,587208.1582327809,517574.24960382143,T,21.299375822269166,0.08352534543652164,0.28900751795848084,21.299375822269166,0.08352534543652164
2724,587208.4441733116,517574.24960382143,T,21.29700888776292,0.10988934731321877,0.3314956218613132,21.29700888776292,0.10988934731321877
2725,587208.7301138423,517574.24960382143,T,21.29516007333478,0.13121564219174178,0.3622369972707672,21.29516007333478,0.13121564219174178
2726,587209.0160543728,517574.24960382143,T,21.29347274871863,0.14914634420067308,0.3861946972715616,21.29347274871863,0.14914634420067308
2727,587209.3019949035,517574.24960382143,T,21.2914561875254,0.16538192693501802,0.4066717680575061,21.2914561875254,0.16538192693501802
2728,587209.587935434,517574.24960382143,T,21.288675695692675,0.1813334740539559,0.4258326831678798,21.288675695692675,0.1813334740539559
2729,587209.8738759647,517574.24960382143,T,21.28479507299247,0.1978093160331394,0.4447575924401284,21.28479507299247,0.1978093160331394
2730,587210.1598164954,517574.24960382143,T,21.27976871359714,0.21493010747691882,0.463605551602781,21.27976871359714,0.21493010747691882
2731,587210.4457570259,517574.24960382143,T,21.27440960859844,0.23237323011104433,0.48205106587481406,21.27440960859844,0.23237323011104433
2732,587210.7316975566,517574.24960382143,T,21.26812379068321,0.2497137561229447,0.4997136741404468,21.26812379068321,0.2497137561229447
2733,587211.0176380873,517574.24960382143,T,21.260727223357044,0.2666228627453971,0.516355364788047,21.260727223357044,0.2666228627453971
2734,587211.3035786177,517574.24960382143,T,21.25210407572011,0.2828589730554436,0.5318448768724238,21.25210407572011,0.2828589730554436
2735,587211.5895191485,517574.24960382143,T,21.242346894627843,0.2982484439000568,0.5461212721548729,21.242346894627843,0.2982484439000568
2736,587211.8754596792,517574.24960382143,T,21.231766205387665,0.3127275366268279,0.559220472288728,21.231766205387665,0.3127275366268279
2737,587212.1614002096,517574.24960382143,T,21.221224097862642,0.3263036106855766,0.5712299105312821,21.221224097862642,0.3263036106855766
2738,587197.0065520864,517574.535544352,T,20.57297347623907,0.3064866319372408,0.5536123480715011,20.57297347623907,0.3064866319372408
2739,587197.2924926169,517574.535544352,T,20.556473495300025,0.291685959019747,0.5400795858202261,20.556473495300025,0.291685959019747
2740,587197.5784331476,517574.535544352,T,20.542819943454706,0.2760586506986658,0.5254128383458724,20.542819943454706,0.2760586506986658
2741,587197.8643736783,517574.535544352,T,20.53211814077076,0.2597798839572497,0.5096860641191299,20.53211814077076,0.2597798839572497
2742,587198.1503142088,517574.535544352,T,20.523970446415923,0.24304108762717722,0.4929919752158013,20.523970446415923,0.24304108762717722
2743,587198.4362547395,517574.535544352,T,20.51758967965679,0.22608836348438202,0.4754875008708242,20.51758967965679,0.22608836348438202
2744,587198.7221952702,517574.535544352,T,20.512372934676314,0.20916029492637722,0.45734045844029286,20.512372934676314,0.20916029492637722
2745,587199.0081358007,517574.535544352,T,20.50853799933764,0.19229585903927396,0.4385155174441082,20.50853799933764,0.19229585903927396
2746,587199.2940763314,517574.535544352,T,20.50567504598549,0.17515283225683165,0.41851264288768103,20.50567504598549,0.17515283225683165
2747,587199.5800168621,517574.535544352,T,20.503378624547747,0.15691350142946434,0.3961230887356408,20.503378624547747,0.15691350142946434
2748,587199.8659573926,517574.535544352,T,20.501350960218392,0.13643405346602347,0.3693698058396537,20.501350960218392,0.13643405346602347
2749,587200.1518979233,517574.535544352,T,20.49943340868779,0.11256723072402477,0.33551040330222964,20.49943340868779,0.11256723072402477
2750,587200.437838454,517574.535544352,T,20.498026365639184,0.08473835900182675,0.2910985383024565,20.498026365639184,0.08473835900182675
2751,587200.7237789845,517574.535544352,T,20.498792491490676,0.0549309282384339,0.234373480237065,20.498792491490676,0.0549309282384339
2752,587201.0097195152,517574.535544352,T,20.506896908887278,0.037928589599423704,0.19475263695114298,20.506896908887278,0.037928589599423704
2753,587201.2956600457,517574.535544352,T,20.528710802816576,0.0534934206522356,0.23128644718667715,20.528710802816576,0.0534934206522356
2754,587201.5816005764,517574.535544352,T,20.555372596699627,0.07716068797473806,0.27777812724319756,20.555372596699627,0.07716068797473806
2755,587201.8675411071,517574.535544352,T,20.58280285737908,0.09670516498281283,0.31097454073093,20.58280285737908,0.09670516498281283
2756,587202.1534816376,517574.535544352,T,20.610614831513917,0.11095452705144354,0.3330983744353063,20.610614831513917,0.11095452705144354
2757,587202.4394221683,517574.535544352,T,20.63930753388505,0.12106751524433008,0.3479475754252788,20.63930753388505,0.12106751524433008
2758,587202.725362699,517574.535544352,T,20.669851144412025,0.12893683116510019,0.35907775086337523,20.669851144412025,0.12893683116510019
2759,587203.0113032295,517574.535544352,T,20.702385110367782,0.13625362806011646,0.3691254909378604,20.702385110367782,0.13625362806011646
2760,587203.2972437602,517574.535544352,T,20.735947799391624,0.1438051094667954,0.37921644145104705,20.735947799391624,0.1438051094667954
2761,587203.5831842909,517574.535544352,T,20.769695306500868,0.1513293888411855,0.3890107824227826,20.769695306500868,0.1513293888411855
2762,587203.8691248214,517574.535544352,T,20.804465605437585,0.15792866666498706,0.39740239891700085,20.804465605437585,0.15792866666498706
2763,587204.1550653521,517574.535544352,T,20.841357168917188,0.16274539849132652,0.4034171519548054,20.841357168917188,0.16274539849132652
2764,587204.4410058828,517574.535544352,T,20.87956467918072,0.16528463612087788,0.40655213210716024,20.87956467918072,0.16528463612087788
2765,587204.7269464133,517574.535544352,T,20.918395728216723,0.16541633233598366,0.4067140670495473,20.918395728216723,0.16541633233598366
2766,587205.012886944,517574.535544352,T,20.95763637668109,0.16335252138268797,0.4041689267901331,20.95763637668109,0.16335252138268797
2767,587205.2988274747,517574.535544352,T,20.997067199242125,0.15941914228902387,0.39927326768646043,20.997067199242125,0.15941914228902387
2768,587205.5847680052,517574.535544352,T,21.03618378471441,0.15370187922140333,0.39204831235627496,21.03618378471441,0.15370187922140333
2769,587205.8707085359,517574.535544352,T,21.074605675799383,0.14587845729258447,0.3819403844745728,21.074605675799383,0.14587845729258447
2770,587206.1566490666,517574.535544352,T,21.112084353451387,0.1351651462677876,0.3676481283344002,21.112084353451387,0.1351651462677876
2771,587206.4425895971,517574.535544352,T,21.148286610450306,0.12044153527028766,0.34704687762647807,21.148286610450306,0.12044153527028766
2772,587206.7285301278,517574.535544352,T,21.18290698805172,0.10068830826498291,0.31731421062565557,21.18290698805172,0.10068830826498291
2773,587207.0144706585,517574.535544352,T,21.215585004984508,0.07556741476640905,0.27489527963646276,21.215585004984508,0.07556741476640905
2774,587207.300411189,517574.535544352,T,21.245339181635043,0.04781453642339052,0.21866535259018635,21.245339181635043,0.04781453642339052
2775,587207.5863517197,517574.535544352,T,21.26626891788541,0.036398159567814496,0.1907830169795375,21.26626891788541,0.036398159567814496
2776,587207.8722922504,517574.535544352,T,21.2743039964206,0.05669429735462713,0.23810564326497416,21.2743039964206,0.05669429735462713
2777,587208.1582327809,517574.535544352,T,21.278736767012152,0.0816375251581203,0.28572281175663994,21.278736767012152,0.0816375251581203
2778,587208.4441733116,517574.535544352,T,21.282378621062957,0.1024315525446822,0.3200492970538792,21.282378621062957,0.1024315525446822
2779,587208.7301138423,517574.535544352,T,21.286181938262256,0.1188032722858675,0.34467850569170616,21.286181938262256,0.1188032722858675
2780,587209.0160543728,517574.535544352,T,21.289849959431805,0.13232526440595938,0.3637653974829923,21.289849959431805,0.13232526440595938
2781,587209.3019949035,517574.535544352,T,21.292844271313953,0.14510041666898313,0.38092048601904194,21.292844271313953,0.14510041666898313
2782,587209.587935434,517574.535544352,T,21.29467398009287,0.15894985179870022,0.39868515372245833,21.29467398009287,0.15894985179870022
2783,587209.8738759647,517574.535544352,T,21.295001063230853,0.17473314590845468,0.418010939938723,21.295001063230853,0.17473314590845468
2784,587210.1598164954,517574.535544352,T,21.293707613998023,0.19220736115713488,0.4384145996167724,21.293707613998023,0.19220736115713488
2785,587210.4457570259,517574.535544352,T,21.29124869973649,0.21052430071484704,0.4588292718592037,21.29124869973649,0.21052430071484704
2786,587210.7316975566,517574.535544352,T,21.28759578766179,0.22891946192109383,0.4784552872746771,21.28759578766179,0.22891946192109383
2787,587211.0176380873,517574.535544352,T,21.28265550492265,0.24686467461459236,0.49685478221970686,21.28265550492265,0.24686467461459236
2788,587211.3035786177,517574.535544352,T,21.27630920629761,0.2640672863274283,0.5138747768935816,21.27630920629761,0.2640672863274283
2789,587211.5895191485,517574.535544352,T,21.26936472793641,0.2803901416977024,0.5295187831396563,21.26936472793641,0.2803901416977024
2790,587211.8754596792,517574.535544352,T,21.263047190773325,0.29578827870191743,0.5438642098004955,21.263047190773325,0.29578827870191743
2791,587212.1614002096,517574.535544352,T,21.25702790887331,0.31031914329467647,0.5570629616970387,21.25702790887331,0.31031914329467647
2792,587212.4473407404,517574.535544352,T,21.250907376911503,0.32399636258366155,0.5692067836767774,21.250907376911503,0.32399636258366155
2793,587197.5784331476,517574.8214848826,T,20.586815973089983,0.2945074166638044,0.5426853753914919,20.586815973089983,0.2945074166638044
2794,587197.8643736783,517574.8214848826,T,20.573196950017167,0.27919788773107057,0.5283917937771844,20.573196950017167,0.27919788773107057
2795,587198.1503142088,517574.8214848826,T,20.561769459901527,0.2632590424672193,0.5130877531838187,20.561769459901527,0.2632590424672193
2796,587198.4362547395,517574.8214848826,T,20.5517765035869,0.24686286384378606,0.49685295998291695,20.5517765035869,0.24686286384378606
2797,587198.7221952702,517574.8214848826,T,20.54278578746767,0.23009135872178088,0.4796783909264424,20.54278578746767,0.23009135872178088
2798,587199.0081358007,517574.8214848826,T,20.535096099823665,0.21286719005867955,0.46137532450129964,20.535096099823665,0.21286719005867955
2799,587199.2940763314,517574.8214848826,T,20.5285500770561,0.194916691214038,0.4414937046142765,20.5285500770561,0.194916691214038
2800,587199.5800168621,517574.8214848826,T,20.52284446015921,0.17572455507832468,0.4191951276891523,20.52284446015921,0.17572455507832468
2801,587199.8659573926,517574.8214848826,T,20.517804515653122,0.15471302675099166,0.39333576846123675,20.517804515653122,0.15471302675099166
2802,587200.1518979233,517574.8214848826,T,20.51347206476475,0.13162863006527525,0.36280660146319726,20.51347206476475,0.13162863006527525
2803,587200.437838454,517574.8214848826,T,20.51056191563082,0.10731797551659997,0.32759422387551335,20.51056191563082,0.10731797551659997
2804,587200.7237789845,517574.8214848826,T,20.511219134117077,0.08544685860439175,0.29231294635098143,20.511219134117077,0.08544685860439175
2805,587201.0097195152,517574.8214848826,T,20.517917349202513,0.07380414353928479,0.2716691803265228,20.517917349202513,0.07380414353928479
2806,587201.2956600457,517574.8214848826,T,20.531280487995684,0.07682527464160861,0.27717372646340166,20.531280487995684,0.07682527464160861
2807,587201.5816005764,517574.8214848826,T,20.549176054618435,0.08737609841485573,0.29559448305889563,20.549176054618435,0.08737609841485573
2808,587201.8675411071,517574.8214848826,T,20.56915793584406,0.09763142277870163,0.3124602739208644,20.56915793584406,0.09763142277870163
2809,587202.1534816376,517574.8214848826,T,20.590339065510676,0.1047845923281061,0.3237044830213293,20.590339065510676,0.1047845923281061
2810,587202.4394221683,517574.8214848826,T,20.612645750736014,0.10931831437304491,0.3306332021637345,20.612645750736014,0.10931831437304491
2811,587202.725362699,517574.8214848826,T,20.636941275939805,0.11344661523239678,0.33681837128101666,20.636941275939805,0.11344661523239678
2812,587203.0113032295,517574.8214848826,T,20.66372619993109,0.11950352198508433,0.34569281448286476,20.66372619993109,0.11950352198508433
2813,587203.2972437602,517574.8214848826,T,20.69272269878081,0.12829059948432786,0.35817677127966835,20.69272269878081,0.12829059948432786
2814,587203.5831842909,517574.8214848826,T,20.72333791076265,0.1386702651368553,0.37238456619045757,20.72333791076265,0.1386702651368553
2815,587203.8691248214,517574.8214848826,T,20.756960552633174,0.1487381943089982,0.385665910224119,20.756960552633174,0.1487381943089982
2816,587204.1550653521,517574.8214848826,T,20.792809169559014,0.1570339075413504,0.39627504027045457,20.792809169559014,0.1570339075413504
2817,587204.4410058828,517574.8214848826,T,20.830029445139107,0.16279769840847821,0.40348196788515617,20.830029445139107,0.16279769840847821
2818,587204.7269464133,517574.8214848826,T,20.868327957989596,0.16586061421828652,0.4072598853536726,20.868327957989596,0.16586061421828652
2819,587205.012886944,517574.8214848826,T,20.90754221732349,0.16643302515208702,0.4079620388615674,20.90754221732349,0.16643302515208702
2820,587205.2988274747,517574.8214848826,T,20.947197577691245,0.16472337286788094,0.40586127293433766,20.947197577691245,0.16472337286788094
2821,587205.5847680052,517574.8214848826,T,20.98685462909918,0.16074655227724904,0.400932104323474,20.98685462909918,0.16074655227724904
2822,587205.8707085359,517574.8214848826,T,21.026142362625453,0.15423415027878817,0.39272655917163046,21.026142362625453,0.15423415027878817
2823,587206.1566490666,517574.8214848826,T,21.06472189275902,0.14466040234225322,0.3803424803282605,21.06472189275902,0.14466040234225322
2824,587206.4425895971,517574.8214848826,T,21.102042239437754,0.13144004058352607,0.36254660470555516,21.102042239437754,0.13144004058352607
2825,587206.7285301278,517574.8214848826,T,21.13757680073972,0.11447572769993639,0.3383426188051638,21.13757680073972,0.11447572769993639
2826,587207.0144706585,517574.8214848826,T,21.170784967595417,0.09494958492800257,0.30813890524891946,21.170784967595417,0.09494958492800257
2827,587207.300411189,517574.8214848826,T,21.200255383913372,0.07723268254049742,0.27790768708421404,21.200255383913372,0.07723268254049742
2828,587207.5863517197,517574.8214848826,T,21.22354957961287,0.06990371610150287,0.26439310902802077,21.22354957961287,0.06990371610150287
2829,587207.8722922504,517574.8214848826,T,21.24055907325459,0.07636585057487616,0.27634371817516706,21.24055907325459,0.07636585057487616
2830,587208.1582327809,517574.8214848826,T,21.253471648313216,0.08873033906368039,0.2978763821850943,21.253471648313216,0.08873033906368039
2831,587208.4441733116,517574.8214848826,T,21.264443138368723,0.10015379317526601,0.3164708409557917,21.264443138368723,0.10015379317526601
2832,587208.7301138423,517574.8214848826,T,21.274901501944214,0.1087518765602678,0.3297754941778843,21.274901501944214,0.1087518765602678
2833,587209.0160543728,517574.8214848826,T,21.284715278369543,0.11564028510472144,0.3400592376406226,21.284715278369543,0.11564028510472144
2834,587209.3019949035,517574.8214848826,T,21.29332205909162,0.12340623617572227,0.3512922375682706,21.29332205909162,0.12340623617572227
2835,587209.587935434,517574.8214848826,T,21.300155085598202,0.1345496613545208,0.36681011621071846,21.300155085598202,0.1345496613545208
2836,587209.8738759647,517574.8214848826,T,21.30490816676227,0.14987694953159192,0.38713944455659893,21.30490816676227,0.14987694953159192
2837,587210.1598164954,517574.8214848826,T,21.30736494601826,0.1682600630795507,0.4101951524330226,21.30736494601826,0.1682600630795507
2838,587210.4457570259,517574.8214848826,T,21.307896947057294,0.18792204386244754,0.43349976224035874,21.307896947057294,0.18792204386244754
2839,587210.7316975566,517574.8214848826,T,21.30705674570157,0.20756991475343006,0.45559841390574446,21.30705674570157,0.20756991475343006
2840,587211.0176380873,517574.8214848826,T,21.30501079991557,0.22651134932176661,0.4759320847786653,21.30501079991557,0.22651134932176661
2841,587211.3035786177,517574.8214848826,T,21.30342498709272,0.24451174481981963,0.49448128864479757,21.30342498709272,0.24451174481981963
2842,587211.5895191485,517574.8214848826,T,21.302174188487292,0.2615732711012953,0.5114423438680995,21.302174188487292,0.2615732711012953
2843,587211.8754596792,517574.8214848826,T,21.300986270577333,0.27774348843026025,0.527013745959496,21.300986270577333,0.27774348843026025
2844,587212.1614002096,517574.8214848826,T,21.299702840337,0.2931091993712134,0.5413956033911002,21.299702840337,0.2931091993712134
2845,587212.4473407404,517574.8214848826,T,21.297874580274673,0.3077096596452281,0.5547158368437196,21.297874580274673,0.3077096596452281
2846,587212.7332812711,517574.8214848826,T,21.295095253665803,0.3214620147698344,0.5669762030013555,21.295095253665803,0.3214620147698344
2847,587197.8643736783,517575.1074254133,T,20.61669354390556,0.2974148118308539,0.5453575082740256,20.61669354390556,0.2974148118308539
2848,587198.1503142088,517575.1074254133,T,20.60349355143212,0.2823150961547588,0.531333319258974,20.60349355143212,0.2823150961547588
2849,587198.4362547395,517575.1074254133,T,20.591050263537294,0.26657378104102153,0.5163078355409896,20.591050263537294,0.26657378104102153
2850,587198.7221952702,517575.1074254133,T,20.579215500738762,0.2502086098746963,0.5002085663747636,20.579215500738762,0.2502086098746963
2851,587199.0081358007,517575.1074254133,T,20.56829265967404,0.2331178417578486,0.4828227850442112,20.56829265967404,0.2331178417578486
2852,587199.2940763314,517575.1074254133,T,20.55859819481722,0.2151492326588161,0.4638418185748414,20.55859819481722,0.2151492326588161
2853,587199.5800168621,517575.1074254133,T,20.550020295104336,0.19607345316655295,0.4428018215483682,20.550020295104336,0.19607345316655295
2854,587199.8659573926,517575.1074254133,T,20.54250236895351,0.17575861080613425,0.4192357460977466,20.54250236895351,0.17575861080613425
2855,587200.1518979233,517575.1074254133,T,20.53617954634004,0.1544958442694369,0.393059593788826,20.53617954634004,0.1544958442694369
2856,587200.437838454,517575.1074254133,T,20.53174602595453,0.13353328340547138,0.36542206201250543,20.53174602595453,0.13353328340547138
2857,587200.7237789845,517575.1074254133,T,20.530911805832552,0.11555716829980586,0.3399370063700124,20.530911805832552,0.11555716829980586
2858,587201.0097195152,517575.1074254133,T,20.533694603533913,0.10399749130465355,0.32248642034146735,20.533694603533913,0.10399749130465355
2859,587201.2956600457,517575.1074254133,T,20.540269992310765,0.09989493921928548,0.3160616066833893,20.540269992310765,0.09989493921928548
2860,587201.5816005764,517575.1074254133,T,20.549800365199758,0.10015255591122094,0.3164688861661142,20.549800365199758,0.10015255591122094
2861,587201.8675411071,517575.1074254133,T,20.56095700770971,0.10053596825211528,0.31707407376213415,20.56095700770971,0.10053596825211528
2862,587202.1534816376,517575.1074254133,T,20.572992893021336,0.09875448699157856,0.31425226648598503,20.572992893021336,0.09875448699157856
2863,587202.4394221683,517575.1074254133,T,20.58636332411266,0.09532011311942272,0.3087395554823235,20.58636332411266,0.09532011311942272
2864,587202.725362699,517575.1074254133,T,20.602579881056794,0.09350598167208135,0.3057874779517326,20.602579881056794,0.09350598167208135
2865,587203.0113032295,517575.1074254133,T,20.62306074066712,0.09751534108486443,0.3122744643496558,20.62306074066712,0.09751534108486443
2866,587203.2972437602,517575.1074254133,T,20.647721253057806,0.10832577110491169,0.3291288062520686,20.647721253057806,0.10832577110491169
2867,587203.5831842909,517575.1074254133,T,20.67684932181499,0.12268090040045958,0.3502583338058633,20.67684932181499,0.12268090040045958
2868,587203.8691248214,517575.1074254133,T,20.709493680135406,0.1368484505525383,0.36993033202555625,20.709493680135406,0.1368484505525383
2869,587204.1550653521,517575.1074254133,T,20.74431911127478,0.14869101331303886,0.385604737150672,20.74431911127478,0.14869101331303886
2870,587204.4410058828,517575.1074254133,T,20.780799764338017,0.1574702967932408,0.3968252723721623,20.780799764338017,0.1574702967932408
2871,587204.7269464133,517575.1074254133,T,20.81857074321469,0.16320527502898813,0.4039867263029667,20.81857074321469,0.16320527502898813
2872,587205.012886944,517575.1074254133,T,20.857401907963283,0.16623690311651473,0.40772160001220775,20.857401907963283,0.16623690311651473
2873,587205.2988274747,517575.1074254133,T,20.896874771563468,0.16682347121944657,0.40844029088649736,20.896874771563468,0.16682347121944657
2874,587205.5847680052,517575.1074254133,T,20.936600530124178,0.1650151328380532,0.40622054704070937,20.936600530124178,0.1650151328380532
2875,587205.8707085359,517575.1074254133,T,20.976202546368572,0.16063427574977865,0.4007920604874536,20.976202546368572,0.16063427574977865
2876,587206.1566490666,517575.1074254133,T,21.015222524386072,0.15336284269397477,0.3916156823902418,21.015222524386072,0.15336284269397477
2877,587206.4425895971,517575.1074254133,T,21.052986850956085,0.14302428264187597,0.37818551352725815,21.052986850956085,0.14302428264187597
2878,587206.7285301278,517575.1074254133,T,21.089210958605403,0.13002504253423752,0.360589853620755,21.089210958605403,0.13002504253423752
2879,587207.0144706585,517575.1074254133,T,21.123235419089166,0.1158617041280743,0.34038464143976044,21.123235419089166,0.1158617041280743
2880,587207.300411189,517575.1074254133,T,21.15395871071282,0.10354458545862535,0.3217834449728969,21.15395871071282,0.10354458545862535
2881,587207.5863517197,517575.1074254133,T,21.181442391238118,0.0966596405209496,0.3109013356692917,21.181442391238118,0.0966596405209496
2882,587207.8722922504,517575.1074254133,T,21.205188726092445,0.09602472689285504,0.3098785679792248,21.205188726092445,0.09602472689285504
2883,587208.1582327809,517575.1074254133,T,21.225728150824477,0.09846624302934333,0.31379331259499993,21.225728150824477,0.09846624302934333
2884,587208.4441733116,517575.1074254133,T,21.244198491428325,0.10018308172158738,0.31651711126191484,21.244198491428325,0.10018308172158738
2885,587208.7301138423,517575.1074254133,T,21.261818709860854,0.09956431449484765,0.3155381347711361,21.261818709860854,0.09956431449484765
2886,587209.0160543728,517575.1074254133,T,21.278394786204256,0.09785464226288379,0.3128172665676941,21.278394786204256,0.09785464226288379
2887,587209.3019949035,517575.1074254133,T,21.293169830973422,0.09892119255935898,0.3145173962746083,21.293169830973422,0.09892119255935898
2888,587209.587935434,517575.1074254133,T,21.30530350438914,0.10710397438638135,0.3272674355727764,21.30530350438914,0.10710397438638135
2889,587209.8738759647,517575.1074254133,T,21.314484390571554,0.12307454560845207,0.35081981929254236,21.314484390571554,0.12307454560845207
2890,587210.1598164954,517575.1074254133,T,21.320453864769497,0.14359346111677315,0.37893727860527676,21.320453864769497,0.14359346111677315
2891,587210.4457570259,517575.1074254133,T,21.324087494829868,0.16526212015256023,0.4065244397973635,21.324087494829868,0.16526212015256023
2892,587210.7316975566,517575.1074254133,T,21.327059128398673,0.1862547540370919,0.43157242038514454,21.327059128398673,0.1862547540370919
2893,587211.0176380873,517575.1074254133,T,21.331184453712588,0.2059766194586192,0.4538464712417837,21.331184453712588,0.2059766194586192
2894,587211.3035786177,517575.1074254133,T,21.335963123159363,0.2244649368708409,0.4737773072560999,21.335963123159363,0.2244649368708409
2895,587211.5895191485,517575.1074254133,T,21.340748274270414,0.2419639917851287,0.4918983551356202,21.340748274270414,0.2419639917851287
2896,587211.8754596792,517575.1074254133,T,21.345038488067065,0.25867957014551185,0.5086055152527466,21.345038488067065,0.25867957014551185
2897,587212.1614002096,517575.1074254133,T,21.3487649343331,0.27473271545546885,0.5241495163171181,21.3487649343331,0.27473271545546885
2898,587212.4473407404,517575.1074254133,T,21.35149458957737,0.2901643546436945,0.5386690585542244,21.35149458957737,0.2901643546436945
2899,587212.7332812711,517575.1074254133,T,21.352469120431497,0.3048680174685263,0.5521485465601864,21.352469120431497,0.3048680174685263
2900,587213.0192218015,517575.1074254133,T,21.351088764847326,0.31872120324560504,0.5645539861214383,21.351088764847326,0.31872120324560504
2901,587198.1503142088,517575.3933659439,T,20.64438714050744,0.3002016942766928,0.5479066474105719,20.64438714050744,0.3002016942766928
2902,587198.4362547395,517575.3933659439,T,20.630622285289892,0.28524513917658173,0.534083457126863,20.630622285289892,0.28524513917658173
2903,587198.7221952702,517575.3933659439,T,20.617259906157745,0.26952936917870063,0.5191621800350066,20.617259906157745,0.26952936917870063
2904,587199.0081358007,517575.3933659439,T,20.604389867020174,0.2529685820501599,0.5029598215068077,20.604389867020174,0.2529685820501599
2905,587199.2940763314,517575.3933659439,T,20.592595473095678,0.2355077105981725,0.4852913667047586,20.592595473095678,0.2355077105981725
2906,587199.5800168621,517575.3933659439,T,20.58188649924942,0.21711805483585134,0.46595928452586,20.58188649924942,0.21711805483585134
2907,587199.8659573926,517575.3933659439,T,20.572267884792858,0.19790387921336244,0.44486388841235747,20.572267884792858,0.19790387921336244
2908,587200.1518979233,517575.3933659439,T,20.56391432263453,0.1783467812003574,0.4223112373597906,20.56391432263453,0.1783467812003574
2909,587200.437838454,517575.3933659439,T,20.55733030248665,0.1594585192709532,0.39932257545868,20.55733030248665,0.1594585192709532
2910,587200.7237789845,517575.3933659439,T,20.55299579841942,0.1427914150814324,0.37787751333128095,20.55299579841942,0.1427914150814324
2911,587201.0097195152,517575.3933659439,T,20.550654707155232,0.12979488816575074,0.36027057632528187,20.550654707155232,0.12979488816575074
2912,587201.2956600457,517575.3933659439,T,20.55045861720812,0.12044633870579431,0.3470537979993798,20.55045861720812,0.12044633870579431
2913,587201.5816005764,517575.3933659439,T,20.551922268696746,0.11284456567875992,0.3359234521118761,20.551922268696746,0.11284456567875992
2914,587201.8675411071,517575.3933659439,T,20.554243875888833,0.10432749465672102,0.3229976697388404,20.554243875888833,0.10432749465672102
2915,587202.1534816376,517575.3933659439,T,20.556852408666078,0.09305639948531232,0.30505147022316137,20.556852408666078,0.09305639948531232
2916,587202.4394221683,517575.3933659439,T,20.560282380145253,0.0794393613087526,0.2818498914471187,20.560282380145253,0.0794393613087526
2917,587202.725362699,517575.3933659439,T,20.56682266176546,0.06833334586391916,0.26140647632359676,20.56682266176546,0.06833334586391916
2918,587203.0113032295,517575.3933659439,T,20.580463032955727,0.06946760409226435,0.26356707702644566,20.580463032955727,0.06946760409226435
2919,587203.2972437602,517575.3933659439,T,20.60294060400757,0.0848528431077672,0.291295113429263,20.60294060400757,0.0848528431077672
2920,587203.5831842909,517575.3933659439,T,20.631695613748878,0.10515495195570317,0.3242760428334217,20.631695613748878,0.10515495195570317
2921,587203.8691248214,517575.3933659439,T,20.663599294289956,0.12384543102756038,0.35191679560310896,20.663599294289956,0.12384543102756038
2922,587204.1550653521,517575.3933659439,T,20.697585545803893,0.13885928509879722,0.37263827648108994,20.697585545803893,0.13885928509879722
2923,587204.4410058828,517575.3933659439,T,20.733011948255005,0.15001376654409618,0.3873161067449896,20.733011948255005,0.15001376654409618
2924,587204.7269464133,517575.3933659439,T,20.76981636786389,0.15783801345361045,0.3972883253427043,20.76981636786389,0.15783801345361045
2925,587205.012886944,517575.3933659439,T,20.80779487322101,0.16295834804181344,0.4036809978706125,20.80779487322101,0.16295834804181344
2926,587205.2988274747,517575.3933659439,T,20.84662473782931,0.16577057420386848,0.4071493266651297,20.84662473782931,0.16577057420386848
2927,587205.5847680052,517575.3933659439,T,20.885956550800472,0.1663691275665461,0.407883718192509,20.885956550800472,0.1663691275665461
2928,587205.8707085359,517575.3933659439,T,20.92540303155632,0.1646054352442764,0.4057159538941948,20.92540303155632,0.1646054352442764
2929,587206.1566490666,517575.3933659439,T,20.96440588149571,0.16022823579841863,0.4002851930791578,20.96440588149571,0.16022823579841863
2930,587206.4425895971,517575.3933659439,T,21.002706057791848,0.1532287646758423,0.39144445924785076,21.002706057791848,0.1532287646758423
2931,587206.7285301278,517575.3933659439,T,21.03978895588154,0.14410877920678306,0.37961662135209917,21.03978895588154,0.14410877920678306
2932,587207.0144706585,517575.3933659439,T,21.074872930311972,0.1340010610850583,0.36606155368333654,21.074872930311972,0.1340010610850583
2933,587207.300411189,517575.3933659439,T,21.108364405707125,0.12460940962243862,0.3530005802012776,21.108364405707125,0.12460940962243862
2934,587207.5863517197,517575.3933659439,T,21.14015787633323,0.11741516409605325,0.3426589617915359,21.14015787633323,0.11741516409605325
2935,587207.8722922504,517575.3933659439,T,21.16966300924689,0.1123881623603777,0.3352434374605679,21.16966300924689,0.1123881623603777
2936,587208.1582327809,517575.3933659439,T,21.196880973488867,0.10771582031181931,0.3282008840814103,21.196880973488867,0.10771582031181931
2937,587208.4441733116,517575.3933659439,T,21.222460431641785,0.10101032761862523,0.31782121958520204,21.222460431641785,0.10101032761862523
2938,587208.7301138423,517575.3933659439,T,21.247193371275532,0.09093977541627504,0.3015622247833356,21.247193371275532,0.09093977541627504
2939,587209.0160543728,517575.3933659439,T,21.270786346427005,0.07871328287117661,0.28055887594438467,21.270786346427005,0.07871328287117661
2940,587209.3019949035,517575.3933659439,T,21.29212280713098,0.07035271404465991,0.26524086043568007,21.29212280713098,0.07035271404465991
2941,587209.587935434,517575.3933659439,T,21.309489875187346,0.0757684999921739,0.2752607854238847,21.309489875187346,0.0757684999921739
2942,587209.8738759647,517575.3933659439,T,21.32234801881672,0.09525191231459484,0.3086290853347993,21.32234801881672,0.09525191231459484
2943,587210.1598164954,517575.3933659439,T,21.33156157512175,0.11983238479959163,0.34616814526988415,21.33156157512175,0.11983238479959163
2944,587210.4457570259,517575.3933659439,T,21.339721697912776,0.1439313338483522,0.3793828328329475,21.339721697912776,0.1439313338483522
2945,587210.7316975566,517575.3933659439,T,21.34966743872313,0.16592149849299695,0.4073346271715639,21.34966743872313,0.16592149849299695
2946,587211.0176380873,517575.3933659439,T,21.360802381316102,0.18582200352894118,0.4310707639459456,21.360802381316102,0.18582200352894118
2947,587211.3035786177,517575.3933659439,T,21.372404356818162,0.20419945284613292,0.45188433569458114,21.372404356818162,0.20419945284613292
2948,587211.5895191485,517575.3933659439,T,21.383742091964077,0.22166231116099183,0.4708102708745762,21.383742091964077,0.22166231116099183
2949,587211.8754596792,517575.3933659439,T,21.39413582093258,0.23860898553943446,0.4884761872798248,21.39413582093258,0.23860898553943446
2950,587212.1614002096,517575.3933659439,T,21.403397043186647,0.25517991361999115,0.5051533565363999,21.403397043186647,0.25517991361999115
2951,587212.4473407404,517575.3933659439,T,21.411120310505694,0.2713597575579911,0.5209220263705414,21.411120310505694,0.2713597575579911
2952,587212.7332812711,517575.3933659439,T,21.416174402151025,0.28697994382577136,0.535705090348945,21.416174402151025,0.28697994382577136
2953,587213.0192218015,517575.3933659439,T,21.41782562112407,0.3019106697070601,0.5494639839944563,21.41782562112407,0.3019106697070601
2954,587213.3051623323,517575.3933659439,T,21.41684414867093,0.3160048742701736,0.5621431083542461,21.41684414867093,0.3160048742701736
2955,587198.4362547395,517575.6793064745,T,20.66887748968841,0.30289578664055006,0.5503596884225352,20.66887748968841,0.30289578664055006
2956,587198.7221952702,517575.6793064745,T,20.65434064720059,0.28801227168451193,0.5366677479451434,20.65434064720059,0.28801227168451193
2957,587199.0081358007,517575.6793064745,T,20.640007225538827,0.2722423767712108,0.5217685087960089,20.640007225538827,0.2722423767712108
2958,587199.2940763314,517575.6793064745,T,20.626417295483556,0.2555672273051541,0.5055365736572914,20.626417295483556,0.2555672273051541
2959,587199.5800168621,517575.6793064745,T,20.613819361196864,0.238077111536246,0.4879314619249777,20.613819361196864,0.238077111536246
2960,587199.8659573926,517575.6793064745,T,20.602261251428672,0.21998960535426476,0.4690304951218681,20.602261251428672,0.21998960535426476
2961,587200.1518979233,517575.6793064745,T,20.591885326919577,0.20172239209723744,0.4491351601658875,20.591885326919577,0.20172239209723744
2962,587200.437838454,517575.6793064745,T,20.582688312970628,0.18391488694367208,0.42885298989708825,20.582688312970628,0.18391488694367208
2963,587200.7237789845,517575.6793064745,T,20.574270820348737,0.16738192371009772,0.40912336001516425,20.574270820348737,0.16738192371009772
2964,587201.0097195152,517575.6793064745,T,20.566941788835756,0.15263299212441156,0.39068272565396533,20.566941788835756,0.15263299212441156
2965,587201.2956600457,517575.6793064745,T,20.560667243100156,0.13924759945817228,0.37315894664093513,20.560667243100156,0.13924759945817228
2966,587201.5816005764,517575.6793064745,T,20.555056813425626,0.12576131006766353,0.35462841125276967,20.555056813425626,0.12576131006766353
2967,587201.8675411071,517575.6793064745,T,20.549480994132125,0.11013435930325859,0.33186497149180805,20.549480994132125,0.11013435930325859
2968,587202.1534816376,517575.6793064745,T,20.54330583283328,0.09047700620088317,0.30079395971475753,20.54330583283328,0.09047700620088317
2969,587202.4394221683,517575.6793064745,T,20.53653743638914,0.0658880358977317,0.25668664923936285,20.53653743638914,0.0658880358977317
2970,587202.725362699,517575.6793064745,T,20.530732425123784,0.039474172752346756,0.1986810830259055,20.530732425123784,0.039474172752346756
2971,587203.0113032295,517575.6793064745,T,20.53715384988344,0.03564831298234482,0.18880760838044852,20.53715384988344,0.03564831298234482
2972,587203.2972437602,517575.6793064745,T,20.561462336347308,0.06258302051498255,0.250165985927309,20.561462336347308,0.06258302051498255
2973,587203.5831842909,517575.6793064745,T,20.590468639374127,0.09010759155116521,0.30017926569162834,20.590468639374127,0.09010759155116521
2974,587203.8691248214,517575.6793064745,T,20.621469233023813,0.11222975345728203,0.33500709463723605,20.621469233023813,0.11222975345728203
2975,587204.1550653521,517575.6793064745,T,20.65386745205295,0.12890081567886974,0.3590275973777918,20.65386745205295,0.12890081567886974
2976,587204.4410058828,517575.6793064745,T,20.68753841442267,0.14108086071009168,0.37560732249264217,20.68753841442267,0.14108086071009168
2977,587204.7269464133,517575.6793064745,T,20.72271343882664,0.14998287991382056,0.3872762320538411,20.72271343882664,0.14998287991382056
2978,587205.012886944,517575.6793064745,T,20.759269686293187,0.15658624366152285,0.39570979727765504,20.759269686293187,0.15658624366152285
2979,587205.2988274747,517575.6793064745,T,20.796962741817563,0.16140879711199616,0.40175713697705007,20.796962741817563,0.16140879711199616
2980,587205.5847680052,517575.6793064745,T,20.83546098798248,0.16449782288936748,0.4055833118970349,20.83546098798248,0.16449782288936748
2981,587205.8707085359,517575.6793064745,T,20.874501778318105,0.1655752636519548,0.40690940472291226,20.874501778318105,0.1655752636519548
2982,587206.1566490666,517575.6793064745,T,20.913689273041815,0.16432027553119832,0.4053643737814145,20.913689273041815,0.16432027553119832
2983,587206.4425895971,517575.6793064745,T,20.952503872835464,0.16071623923246553,0.40089429932647525,20.952503872835464,0.16071623923246553
2984,587206.7285301278,517575.6793064745,T,20.990369024026876,0.1550855366924708,0.39380901042570216,20.990369024026876,0.1550855366924708
2985,587207.0144706585,517575.6793064745,T,21.02716758750882,0.14810746277924258,0.38484732398607446,21.02716758750882,0.14810746277924258
2986,587207.300411189,517575.6793064745,T,21.063858333385397,0.14067402379918081,0.37506535936977814,21.063858333385397,0.14067402379918081
2987,587207.5863517197,517575.6793064745,T,21.09978239627311,0.13330125529099804,0.3651044443594162,21.09978239627311,0.13330125529099804
2988,587207.8722922504,517575.6793064745,T,21.13426100965971,0.12561633940670577,0.3544239543353493,21.13426100965971,0.12561633940670577
2989,587208.1582327809,517575.6793064745,T,21.167019494145983,0.11625675430400102,0.340964447272734,21.167019494145983,0.11625675430400102
2990,587208.4441733116,517575.6793064745,T,21.198680421827497,0.10333431840489166,0.32145655757021296,21.198680421827497,0.10333431840489166
2991,587208.7301138423,517575.6793064745,T,21.22988248949554,0.08526286329342311,0.29199805357814135,21.22988248949554,0.08526286329342311
2992,587209.0160543728,517575.6793064745,T,21.260472816287265,0.06170461888817252,0.24840414426529303,21.260472816287265,0.06170461888817252
2993,587209.3019949035,517575.6793064745,T,21.289372828267936,0.0378569003783419,0.19456849790842787,21.289372828267936,0.0378569003783419
2994,587209.587935434,517575.6793064745,T,21.3117138281284,0.0414788611405402,0.20366359797602565,21.3117138281284,0.0414788611405402
2995,587209.8738759647,517575.6793064745,T,21.32718453095302,0.07084599320917981,0.2661691064139109,21.32718453095302,0.07084599320917981
2996,587210.1598164954,517575.6793064745,T,21.341151854843375,0.10050511192730725,0.31702541211598045,21.341151854843375,0.10050511192730725
2997,587210.4457570259,517575.6793064745,T,21.356716396832613,0.12604619514726614,0.3550298510650423,21.356716396832613,0.12604619514726614
2998,587210.7316975566,517575.6793064745,T,21.374187320769604,0.14768551702482524,0.3842987340921451,21.374187320769604,0.14768551702482524
2999,587211.0176380873,517575.6793064745,T,21.392758009248638,0.16653979893767656,0.40809288028300195,21.392758009248638,0.16653979893767656
3000,587211.3035786177,517575.6793064745,T,21.411577841031324,0.18386511570052316,0.42879495764353753,21.411577841031324,0.18386511570052316
3001,587211.5895191485,517575.6793064745,T,21.42982446758867,0.20067624013603208,0.44796901693759145,21.42982446758867,0.20067624013603208
3002,587211.8754596792,517575.6793064745,T,21.446735128510927,0.21752455209704852,0.4663952745226398,21.446735128510927,0.21752455209704852
3003,587212.1614002096,517575.6793064745,T,21.461939142769424,0.2344856547703135,0.4842371885453589,21.461939142769424,0.2344856547703135
3004,587212.4473407404,517575.6793064745,T,21.47500741416955,0.2513725016101246,0.5013706230027091,21.47500741416955,0.2513725016101246
3005,587212.7332812711,517575.6793064745,T,21.484714022369726,0.267906514324202,0.5175968646777162,21.484714022369726,0.267906514324202
3006,587213.0192218015,517575.6793064745,T,21.490454889070307,0.28387789878016,0.5328019320349355,21.490454889070307,0.28387789878016
3007,587213.3051623323,517575.6793064745,T,21.491992775511434,0.29910526965808065,0.5469051742835138,21.491992775511434,0.29910526965808065
3008,587213.591102863,517575.6793064745,T,21.490497717615327,0.3134575097751336,0.5598727621300518,21.490497717615327,0.3134575097751336
3009,587213.8770433934,517575.6793064745,T,21.48626331100241,0.3269095651445232,0.5717600590671957,21.48626331100241,0.3269095651445232
3010,587198.7221952702,517575.9652470052,T,20.69001769025514,0.3055189725370695,0.5527377068167771,20.69001769025514,0.3055189725370695
3011,587199.0081358007,517575.9652470052,T,20.67461406687067,0.29067990419489775,0.5391473863378156,20.67461406687067,0.29067990419489775
3012,587199.2940763314,517575.9652470052,T,20.659457940736402,0.27494035914735654,0.5243475556797768,20.659457940736402,0.27494035914735654
3013,587199.5800168621,517575.9652470052,T,20.645160000356913,0.25844094884475094,0.5083708772586712,20.645160000356913,0.25844094884475094
3014,587199.8659573926,517575.9652470052,T,20.631795875863855,0.2413856924549864,0.49131017947421607,20.631795875863855,0.2413856924549864
3015,587200.1518979233,517575.9652470052,T,20.619452306293812,0.2240549472568947,0.4733444277235074,20.619452306293812,0.2240549472568947
3016,587200.437838454,517575.9652470052,T,20.607146713980978,0.2068208263630586,0.45477557801959706,20.607146713980978,0.2068208263630586
3017,587200.7237789845,517575.9652470052,T,20.594740383593514,0.1900511745638627,0.435948591652574,20.594740383593514,0.1900511745638627
3018,587201.0097195152,517575.9652470052,T,20.58277142417723,0.1738199697160855,0.41691722165927075,20.58277142417723,0.1738199697160855
3019,587201.2956600457,517575.9652470052,T,20.571134522351574,0.15760012295296016,0.3969888196825701,20.571134522351574,0.15760012295296016
3020,587201.5816005764,517575.9652470052,T,20.55950635027611,0.14022581569422066,0.37446737600787156,20.55950635027611,0.14022581569422066
3021,587201.8675411071,517575.9652470052,T,20.54739400793247,0.1201230901920469,0.3465877813657702,20.54739400793247,0.1201230901920469
3022,587202.1534816376,517575.9652470052,T,20.53423663030936,0.0956576535056942,0.30928571500425656,20.53423663030936,0.0956576535056942
3023,587202.4394221683,517575.9652470052,T,20.519840314078095,0.06546699349741109,0.2558651861770395,20.519840314078095,0.06546699349741109
3024,587202.725362699,517575.9652470052,T,20.50469878425216,0.029301009281109604,0.17117537580244888,20.50469878425216,0.029301009281109604
3025,587203.0113032295,517575.9652470052,T,20.505206323089386,0.01984070238907134,0.14085702818486318,20.505206323089386,0.01984070238907134
3026,587203.2972437602,517575.9652470052,T,20.529794518936672,0.05467054065261757,0.23381732325175902,20.529794518936672,0.05467054065261757
3027,587203.5831842909,517575.9652470052,T,20.556577582884447,0.08310442441979851,0.288278380076964,20.556577582884447,0.08310442441979851
3028,587203.8691248214,517575.9652470052,T,20.58472398053654,0.1044100839847451,0.3231254926259225,20.58472398053654,0.1044100839847451
3029,587204.1550653521,517575.9652470052,T,20.614152904535388,0.11981296109562832,0.3461400888305605,20.614152904535388,0.11981296109562832
3030,587204.4410058828,517575.9652470052,T,20.64505705218087,0.13094230733401052,0.3618595132561952,20.64505705218087,0.13094230733401052
3031,587204.7269464133,517575.9652470052,T,20.677787769355408,0.13952425504928645,0.3735294567357258,20.677787769355408,0.13952425504928645
3032,587205.012886944,517575.9652470052,T,20.712289637216646,0.14684111395148317,0.38319853072719784,20.712289637216646,0.14684111395148317
3033,587205.2988274747,517575.9652470052,T,20.748428767710834,0.15341406190916893,0.39168107167588395,20.748428767710834,0.15341406190916893
3034,587205.5847680052,517575.9652470052,T,20.78610652841947,0.15903555333625932,0.39879261946061556,20.78610652841947,0.15903555333625932
3035,587205.8707085359,517575.9652470052,T,20.824824179236053,0.16310969636643324,0.4038684146679872,20.824824179236053,0.16310969636643324
3036,587206.1566490666,517575.9652470052,T,20.863990262953443,0.1651162475633018,0.4063449858965923,20.863990262953443,0.1651162475633018
3037,587206.4425895971,517575.9652470052,T,20.903115815433882,0.16483798974645153,0.4060024504192697,20.903115815433882,0.16483798974645153
3038,587206.7285301278,517575.9652470052,T,20.941711254066128,0.16236235290363762,0.4029421210343213,20.941711254066128,0.16236235290363762
3039,587207.0144706585,517575.9652470052,T,20.98083816110069,0.158066292793138,0.3975755183523477,20.98083816110069,0.158066292793138
3040,587207.300411189,517575.9652470052,T,21.020415676527286,0.15238209874470487,0.39036149751826815,21.020415676527286,0.15238209874470487
3041,587207.5863517197,517575.9652470052,T,21.059669180866535,0.1454089563091862,0.3813252631405192,21.059669180866535,0.1454089563091862
3042,587207.8722922504,517575.9652470052,T,21.098136182166062,0.13665885329230099,0.3696739824389877,21.098136182166062,0.13665885329230099
3043,587208.1582327809,517575.9652470052,T,21.135550030410553,0.1250267963017511,0.3535912842559204,21.135550030410553,0.1250267963017511
3044,587208.4441733116,517575.9652470052,T,21.172524675202933,0.10900271236335005,0.3301555881146797,21.172524675202933,0.10900271236335005
3045,587208.7301138423,517575.9652470052,T,21.209331096618275,0.08711406143572377,0.29515091298473695,21.209331096618275,0.08711406143572377
3046,587209.0160543728,517575.9652470052,T,21.24586228061767,0.05815168107977615,0.24114659665808297,21.24586228061767,0.05815168107977615
3047,587209.3019949035,517575.9652470052,T,21.281684103205098,0.022018084249146818,0.14838491921063549,21.281684103205098,0.022018084249146818
3048,587209.587935434,517575.9652470052,T,21.30858355682399,0.024930742181412092,0.15789471866218988,21.30858355682399,0.024930742181412092
3049,587209.8738759647,517575.9652470052,T,21.328678556148866,0.06075429886542662,0.24648387141033512,21.328678556148866,0.06075429886542662
3050,587210.1598164954,517575.9652470052,T,21.350660419835723,0.09012914302857734,0.3002151612237086,21.350660419835723,0.09012914302857734
3051,587210.4457570259,517575.9652470052,T,21.37441174409091,0.11344320396966784,0.3368133072930282,21.37441174409091,0.11344320396966784
3052,587210.7316975566,517575.9652470052,T,21.400012095275596,0.1321771614972524,0.36356177122636585,21.400012095275596,0.1321771614972524
3053,587211.0176380873,517575.9652470052,T,21.426528278618125,0.14816403291263427,0.38492081382101734,21.426528278618125,0.14816403291263427
3054,587211.3035786177,517575.9652470052,T,21.45300147282703,0.1632275280260839,0.404014267107096,21.45300147282703,0.1632275280260839
3055,587211.5895191485,517575.9652470052,T,21.478527113169733,0.1787331976381046,0.42276849177546877,21.478527113169733,0.1787331976381046
3056,587211.8754596792,517575.9652470052,T,21.502296056586054,0.1952612602817435,0.4418837633153582,21.502296056586054,0.1952612602817435
3057,587212.1614002096,517575.9652470052,T,21.523776051073824,0.21263679580306505,0.4611255748742039,21.523776051073824,0.21263679580306505
3058,587212.4473407404,517575.9652470052,T,21.542298502326492,0.2303294362143968,0.47992649042785374,21.542298502326492,0.2303294362143968
3059,587212.7332812711,517575.9652470052,T,21.55691848039833,0.24785857606960157,0.49785397062753406,21.55691848039833,0.24785857606960157
3060,587213.0192218015,517575.9652470052,T,21.567044719280545,0.264873537269494,0.514658660929255,21.567044719280545,0.264873537269494
3061,587213.3051623323,517575.9652470052,T,21.57215117028399,0.2811517411000696,0.530237438417988,21.57215117028399,0.2811517411000696
3062,587213.591102863,517575.9652470052,T,21.572822304706996,0.29655189674138444,0.544565787340138,21.572822304706996,0.29655189674138444
3063,587213.8770433934,517575.9652470052,T,21.569918996218114,0.3110561401956356,0.5577240717376609,21.569918996218114,0.3110561401956356
3064,587214.1629839242,517575.9652470052,T,21.56337084247348,0.3246870987346242,0.5698132138996289,21.56337084247348,0.3246870987346242
3065,587199.2940763314,517576.2511875358,T,20.691216753616377,0.2933755537544064,0.5416415362159797,20.691216753616377,0.2933755537544064
3066,587199.5800168621,517576.2511875358,T,20.67538948184655,0.277897647719187,0.5271599830404305,20.67538948184655,0.277897647719187
3067,587199.8659573926,517576.2511875358,T,20.6603535134705,0.26179035146041296,0.5116545235414351,20.6603535134705,0.26179035146041296
3068,587200.1518979233,517576.2511875358,T,20.64588992007628,0.2452192330076131,0.4951961560913141,20.64588992007628,0.2452192330076131
3069,587200.437838454,517576.2511875358,T,20.63048327244407,0.22841054456993254,0.4779231575995586,20.63048327244407,0.22841054456993254
3070,587200.7237789845,517576.2511875358,T,20.614344425192513,0.21147588587163074,0.4598650735505261,20.614344425192513,0.21147588587163074
3071,587201.0097195152,517576.2511875358,T,20.598173889982125,0.19432199473982215,0.4408196850638843,20.598173889982125,0.19432199473982215
3072,587201.2956600457,517576.2511875358,T,20.58188814466473,0.17649272448226994,0.4201103717861176,20.58188814466473,0.17649272448226994
3073,587201.5816005764,517576.2511875358,T,20.565273705529656,0.1571790691536309,0.396458155614979,20.565273705529656,0.1571790691536309
3074,587201.8675411071,517576.2511875358,T,20.54806344621016,0.13543585915820147,0.36801611263394635,20.54806344621016,0.13543585915820147
3075,587202.1534816376,517576.2511875358,T,20.530090312106157,0.11061243574936132,0.3325844791167521,20.530090312106157,0.11061243574936132
3076,587202.4394221683,517576.2511875358,T,20.51230543778772,0.08333453680198712,0.2886772190561408,20.51230543778772,0.08333453680198712
3077,587202.725362699,517576.2511875358,T,20.499232622207998,0.05886356697536513,0.2426181505480683,20.499232622207998,0.05886356697536513
3078,587203.0113032295,517576.2511875358,T,20.498214711625376,0.05258508644825635,0.22931438343081828,20.498214711625376,0.05258508644825635
3079,587203.2972437602,517576.2511875358,T,20.51134017235267,0.06729478953881807,0.25941239280114986,20.51134017235267,0.06729478953881807
3080,587203.5831842909,517576.2511875358,T,20.531171616178636,0.08587654027244233,0.2930469932834021,20.531171616178636,0.08587654027244233
3081,587203.8691248214,517576.2511875358,T,20.55403549209953,0.10092907706001637,0.3176933695562694,20.55403549209953,0.10092907706001637
3082,587204.1550653521,517576.2511875358,T,20.578938321556162,0.11160332380862283,0.33407083651319047,20.578938321556162,0.11160332380862283
3083,587204.4410058828,517576.2511875358,T,20.605951285131194,0.11923625623965632,0.3453060327298907,20.605951285131194,0.11923625623965632
3084,587204.7269464133,517576.2511875358,T,20.63546350951608,0.12588399253034663,0.3548013423457508,20.63546350951608,0.12588399253034663
3085,587205.012886944,517576.2511875358,T,20.667628898897856,0.13314421629721754,0.3648893206127271,20.667628898897856,0.13314421629721754
3086,587205.2988274747,517576.2511875358,T,20.702273586517876,0.14138124539968216,0.3760069752008361,20.702273586517876,0.14138124539968216
3087,587205.5847680052,517576.2511875358,T,20.73896806826698,0.1497864300957569,0.38702251884839584,20.73896806826698,0.1497864300957569
3088,587205.8707085359,517576.2511875358,T,20.77702197656709,0.15713363277596798,0.3964008486065185,20.77702197656709,0.15713363277596798
3089,587206.1566490666,517576.2511875358,T,20.815901483588686,0.16250935169134337,0.40312448659358735,20.815901483588686,0.16250935169134337
3090,587206.4425895971,517576.2511875358,T,20.855127193783137,0.16545481121399838,0.4067613688810657,20.855127193783137,0.16545481121399838
3091,587206.7285301278,517576.2511875358,T,20.89463024995565,0.16591796365169023,0.4073302881589954,20.89463024995565,0.16591796365169023
3092,587207.0144706585,517576.2511875358,T,20.935487049276638,0.1641648324022592,0.4051725958184477,20.935487049276638,0.1641648324022592
3093,587207.300411189,517576.2511875358,T,20.977264948644528,0.1604006104952397,0.40050045005622614,20.977264948644528,0.1604006104952397
3094,587207.5863517197,517576.2511875358,T,21.019390335530243,0.154566456309672,0.39314940710838164,21.019390335530243,0.154566456309672
3095,587207.8722922504,517576.2511875358,T,21.06135032893152,0.14622569787064818,0.3823946886015131,21.06135032893152,0.14622569787064818
3096,587208.1582327809,517576.2511875358,T,21.10284173573637,0.13458764954614286,0.3668618943773567,21.10284173573637,0.13458764954614286
3097,587208.4441733116,517576.2511875358,T,21.14435639101956,0.11874592991156685,0.34459531324666454,21.14435639101956,0.11874592991156685
3098,587208.7301138423,517576.2511875358,T,21.185707762913665,0.09823930582733573,0.3134315010131173,21.185707762913665,0.09823930582733573
3099,587209.0160543728,517576.2511875358,T,21.226241553069386,0.07409228213864684,0.27219897527111825,21.226241553069386,0.07409228213864684
3100,587209.3019949035,517576.2511875358,T,21.264073782935935,0.05292239570257093,0.23004868115807778,21.264073782935935,0.05292239570257093
3101,587209.587935434,517576.2511875358,T,21.29691077604672,0.051948549224293046,0.22792224381199183,21.29691077604672,0.051948549224293046
3102,587209.8738759647,517576.2511875358,T,21.32793531519151,0.0697962450961914,0.2641897899166268,21.32793531519151,0.0697962450961914
3103,587210.1598164954,517576.2511875358,T,21.359467170793874,0.0897171082795683,0.29952814271712147,21.359467170793874,0.0897171082795683
3104,587210.4457570259,517576.2511875358,T,21.392281157294327,0.10614659683392579,0.3258014684342687,21.392281157294327,0.10614659683392579
3105,587210.7316975566,517576.2511875358,T,21.426656710000174,0.11900910152466669,0.34497695796192923,21.426656710000174,0.11900910152466669
3106,587211.0176380873,517576.2511875358,T,21.46165280984499,0.13005745735240273,0.3606347977558499,21.46165280984499,0.13005745735240273
3107,587211.3035786177,517576.2511875358,T,21.49622328043302,0.1415686406327692,0.3762560838481807,21.49622328043302,0.1415686406327692
3108,587211.5895191485,517576.2511875358,T,21.52938289117269,0.15526369071545223,0.394035138934908,21.52938289117269,0.15526369071545223
3109,587211.8754596792,517576.2511875358,T,21.56030317048203,0.1715509725360191,0.414187122610082,21.56030317048203,0.1715509725360191
3110,587212.1614002096,517576.2511875358,T,21.58822770807545,0.18964731485978384,0.43548514883952566,21.58822770807545,0.18964731485978384
3111,587212.4473407404,517576.2511875358,T,21.61242554681675,0.20844018614069718,0.456552500968615,21.61242554681675,0.20844018614069718
3112,587212.7332812711,517576.2511875358,T,21.632245030558284,0.22710429197546259,0.4765546054498504,21.632245030558284,0.22710429197546259
3113,587213.0192218015,517576.2511875358,T,21.647028518549135,0.2451513130491289,0.4951275724993801,21.647028518549135,0.2451513130491289
3114,587213.3051623323,517576.2511875358,T,21.65617692010964,0.2623672652807172,0.5122179860964639,21.65617692010964,0.2623672652807172
3115,587213.591102863,517576.2511875358,T,21.659500086840577,0.2786787234401795,0.5279002968744946,21.659500086840577,0.2786787234401795
3116,587213.8770433934,517576.2511875358,T,21.6583241637581,0.29408770020214464,0.5422985342061554,21.6583241637581,0.29408770020214464
3117,587214.1629839242,517576.2511875358,T,21.652797405206204,0.30865716539238336,0.5555692264627184,21.652797405206204,0.30865716539238336
3118,587214.4489244549,517576.2511875358,T,21.642962006240307,0.322379857624234,0.5677850452629357,21.642962006240307,0.322379857624234
3119,587199.5800168621,517576.5371280664,T,20.70415409456894,0.2962452910377046,0.5442842006137093,20.70415409456894,0.2962452910377046
3120,587199.8659573926,517576.5371280664,T,20.687479400704344,0.281065283075371,0.5301559044992058,20.687479400704344,0.281065283075371
3121,587200.1518979233,517576.5371280664,T,20.670665169464918,0.26523800121836627,0.5150126223874191,20.670665169464918,0.26523800121836627
3122,587200.437838454,517576.5371280664,T,20.652403310777267,0.24891454771167823,0.4989133669402717,20.652403310777267,0.24891454771167823
3123,587200.7237789845,517576.5371280664,T,20.63290975595048,0.23209046787799018,0.48175768585253537,20.63290975595048,0.23209046787799018
3124,587201.0097195152,517576.5371280664,T,20.6129748578122,0.21464036164055728,0.4632929544473532,20.6129748578122,0.21464036164055728
3125,587201.2956600457,517576.5371280664,T,20.59266282823668,0.19627004495245326,0.4430237521312523,20.59266282823668,0.19627004495245326
3126,587201.5816005764,517576.5371280664,T,20.571890138106316,0.17654971059143215,0.4201781890953315,20.571890138106316,0.17654971059143215
3127,587201.8675411071,517576.5371280664,T,20.55062382398633,0.15515659799823628,0.3938992231500797,20.55062382398633,0.15515659799823628
3128,587202.1534816376,517576.5371280664,T,20.52941949055772,0.13233782013408343,0.3637826550759168,20.52941949055772,0.13233782013408343
3129,587202.4394221683,517576.5371280664,T,20.511137878610718,0.10978163500462754,0.33133311788082326,20.511137878610718,0.10978163500462754
3130,587202.725362699,517576.5371280664,T,20.498443192954927,0.09185250927621308,0.3030717889811143,20.498443192954927,0.09185250927621308
3131,587203.0113032295,517576.5371280664,T,20.494624464418443,0.08426596201279248,0.29028600037341185,20.494624464418443,0.08426596201279248
3132,587203.2972437602,517576.5371280664,T,20.500223205690325,0.08717907925430221,0.2952610357874913,20.500223205690325,0.08717907925430221
3133,587203.5831842909,517576.5371280664,T,20.51251311566259,0.09423393435702665,0.3069754621415638,20.51251311566259,0.09423393435702665
3134,587203.8691248214,517576.5371280664,T,20.52897415269968,0.10016522831855061,0.3164889071018929,20.52897415269968,0.10016522831855061
3135,587204.1550653521,517576.5371280664,T,20.548426627262845,0.10336950590140817,0.3215112842520588,20.548426627262845,0.10336950590140817
3136,587204.4410058828,517576.5371280664,T,20.570911518594,0.1050591059755637,0.3241282245895345,20.570911518594,0.1050591059755637
3137,587204.7269464133,517576.5371280664,T,20.596807747834575,0.10806096971471592,0.3287262838817668,20.596807747834575,0.10806096971471592
3138,587205.012886944,517576.5371280664,T,20.626304299737527,0.11476583940367693,0.33877107226514624,20.626304299737527,0.11476583940367693
3139,587205.2988274747,517576.5371280664,T,20.65914002892031,0.12512522740225454,0.3537304445510091,20.65914002892031,0.12512522740225454
3140,587205.5847680052,517576.5371280664,T,20.69451781859022,0.1369694394138695,0.3700938251496092,20.69451781859022,0.1369694394138695
3141,587205.8707085359,517576.5371280664,T,20.7316415428028,0.14800058759688098,0.3847084449253499,20.7316415428028,0.14800058759688098
3142,587206.1566490666,517576.5371280664,T,20.769953567838073,0.15679955123361955,0.3959792308109348,20.769953567838073,0.15679955123361955
3143,587206.4425895971,517576.5371280664,T,20.808663153977193,0.16281095472639187,0.40349839494896617,20.808663153977193,0.16281095472639187
3144,587206.7285301278,517576.5371280664,T,20.84869602449855,0.16605438998815844,0.40749771777049065,20.84869602449855,0.16605438998815844
3145,587207.0144706585,517576.5371280664,T,20.890845421834516,0.16678570998466388,0.4083940621319853,20.890845421834516,0.16678570998466388
3146,587207.300411189,517576.5371280664,T,20.934553695112267,0.1651673225835597,0.4064078279063528,20.934553695112267,0.1651673225835597
3147,587207.5863517197,517576.5371280664,T,20.979225212173258,0.1611423646418932,0.40142541603876203,20.979225212173258,0.1611423646418932
3148,587207.8722922504,517576.5371280664,T,21.024259972727897,0.15440386568069414,0.39294257300615076,21.024259972727897,0.15440386568069414
3149,587208.1582327809,517576.5371280664,T,21.06941383743201,0.14448208689206582,0.3801079937229232,21.06941383743201,0.14448208689206582
3150,587208.4441733116,517576.5371280664,T,21.11488515459428,0.13108745221927642,0.36206001190310483,21.11488515459428,0.13108745221927642
3151,587208.7301138423,517576.5371280664,T,21.16000545519335,0.1146682607016746,0.33862702299384584,21.16000545519335,0.1146682607016746
3152,587209.0160543728,517576.5371280664,T,21.203582449399683,0.0973128284791634,0.31195004163994494,21.203582449399683,0.0973128284791634
3153,587209.3019949035,517576.5371280664,T,21.244663510726866,0.083980189223519,0.2897933560720794,21.244663510726866,0.083980189223519
3154,587209.587935434,517576.5371280664,T,21.285506351509902,0.08055104062999373,0.2838151522205848,21.285506351509902,0.08055104062999373
3155,587209.8738759647,517576.5371280664,T,21.32646364234747,0.08637605950193532,0.2938980426983741,21.32646364234747,0.08637605950193532
3156,587210.1598164954,517576.5371280664,T,21.36777936962636,0.09508471358495463,0.3083580931075989,21.36777936962636,0.09508471358495463
3157,587210.4457570259,517576.5371280664,T,21.410114308712014,0.10220456508590454,0.31969448710590015,21.410114308712014,0.10220456508590454
3158,587210.7316975566,517576.5371280664,T,21.45375376964494,0.10691471875020148,0.3269781624974388,21.45375376964494,0.10691471875020148
3159,587211.0176380873,517576.5371280664,T,21.497720169209668,0.1110282483490866,0.33320901600810054,21.497720169209668,0.1110282483490866
3160,587211.3035786177,517576.5371280664,T,21.540810523335665,0.11773317376191038,0.3431226803373837,21.540810523335665,0.11773317376191038
3161,587211.5895191485,517576.5371280664,T,21.581902654464898,0.1294989890121884,0.3598596796144136,21.581902654464898,0.1294989890121884
3162,587211.8754596792,517576.5371280664,T,21.62017671319284,0.1462191314040046,0.3823861025246663,21.62017671319284,0.1462191314040046
3163,587212.1614002096,517576.5371280664,T,21.654573010877048,0.16579849322725074,0.4071836111967803,21.654573010877048,0.16579849322725074
3164,587212.4473407404,517576.5371280664,T,21.684743625646604,0.18615793728966404,0.4314602383646308,21.684743625646604,0.18615793728966404
3165,587212.7332812711,517576.5371280664,T,21.710093365372476,0.20606808298013563,0.4539472248842762,21.710093365372476,0.20606808298013563
3166,587213.0192218015,517576.5371280664,T,21.72985712845846,0.2250264856632886,0.474369566544154,21.72985712845846,0.2250264856632886
3167,587213.3051623323,517576.5371280664,T,21.743325237763802,0.24295833599844077,0.49290804010326383,21.743325237763802,0.24295833599844077
3168,587213.591102863,517576.5371280664,T,21.749937977076208,0.25994819566925464,0.5098511505030214,21.749937977076208,0.25994819566925464
3169,587213.8770433934,517576.5371280664,T,21.750687773909352,0.27608098226584815,0.5254340893640688,21.750687773909352,0.27608098226584815
3170,587214.1629839242,517576.5371280664,T,21.746319356319976,0.29145435996018026,0.5398651312690793,21.746319356319976,0.29145435996018026
3171,587214.4489244549,517576.5371280664,T,21.736906129178404,0.3060745249091006,0.5532400246810606,21.736906129178404,0.3060745249091006
3172,587214.7348649853,517576.5371280664,T,21.722148148803434,0.319821978675189,0.5655280529515658,21.722148148803434,0.319821978675189
3173,587199.8659573926,517576.823068597,T,20.71350376529884,0.2991179817404582,0.5469167959941057,20.71350376529884,0.2991179817404582
3174,587200.1518979233,517576.823068597,T,20.693990442481553,0.28411211630522204,0.5330216846482159,20.693990442481553,0.28411211630522204
3175,587200.437838454,517576.823068597,T,20.672909348342106,0.2684301916783908,0.5181024914805861,20.672909348342106,0.2684301916783908
3176,587200.7237789845,517576.823068597,T,20.65033518044179,0.25203859585356414,0.5020344568389347,20.65033518044179,0.25203859585356414
3177,587201.0097195152,517576.823068597,T,20.626934591615274,0.2348322564240356,0.48459494056793,20.626934591615274,0.2348322564240356
3178,587201.2956600457,517576.823068597,T,20.60302853093505,0.21668605021413267,0.4654954889299494,20.60302853093505,0.21668605021413267
3179,587201.5816005764,517576.823068597,T,20.578622531656283,0.19746985334723702,0.4443758019370958,20.578622531656283,0.19746985334723702
3180,587201.8675411071,517576.823068597,T,20.554410916678325,0.17725109171286182,0.4210119852365985,20.554410916678325,0.17725109171286182
3181,587202.1534816376,517576.823068597,T,20.532204639647695,0.15664050300259627,0.39577835085132723,20.532204639647695,0.15664050300259627
3182,587202.4394221683,517576.823068597,T,20.51324294028769,0.13716637262189033,0.37035978807355735,20.51324294028769,0.13716637262189033
3183,587202.725362699,517576.823068597,T,20.49957364966575,0.1213246519969548,0.3483168844557421,20.49957364966575,0.1213246519969548
3184,587203.0113032295,517576.823068597,T,20.492879245806026,0.11128020523408626,0.3335868780903803,20.492879245806026,0.11128020523408626
3185,587203.2972437602,517576.823068597,T,20.493192225493814,0.1065515452920903,0.32642234190093405,20.493192225493814,0.1065515452920903
3186,587203.5831842909,517576.823068597,T,20.4992906700237,0.10400991647973098,0.3225056844146022,20.4992906700237,0.10400991647973098
3187,587203.8691248214,517576.823068597,T,20.509676964163436,0.10041972678293128,0.3168907174136397,20.509676964163436,0.10041972678293128
3188,587204.1550653521,517576.823068597,T,20.523397903033036,0.09445710091416488,0.30733873968988173,20.523397903033036,0.09445710091416488
3189,587204.4410058828,517576.823068597,T,20.54063047123622,0.08769239246902065,0.29612901321724733,20.54063047123622,0.08769239246902065
3190,587204.7269464133,517576.823068597,T,20.562114169792878,0.08492637363864808,0.29142129921927135,20.562114169792878,0.08492637363864808
3191,587205.012886944,517576.823068597,T,20.588560279788783,0.0910791847997591,0.3017932815682932,20.588560279788783,0.0910791847997591
3192,587205.2988274747,517576.823068597,T,20.61944999897339,0.10506836734597232,0.32414251085899287,20.61944999897339,0.10506836734597232
3193,587205.5847680052,517576.823068597,T,20.653349678690745,0.1215755142871232,0.3486768049169936,20.653349678690745,0.1215755142871232
3194,587205.8707085359,517576.823068597,T,20.689223652034507,0.1366701345456659,0.3696892405056792,20.689223652034507,0.1366701345456659
3195,587206.1566490666,517576.823068597,T,20.7260607640045,0.14873276857924608,0.3856588759243667,20.7260607640045,0.14873276857924608
3196,587206.4425895971,517576.823068597,T,20.76372197613409,0.15745314608662103,0.3968036618866074,20.76372197613409,0.15745314608662103
3197,587206.7285301278,517576.823068597,T,20.804071730978798,0.1631353981287199,0.4039002328901531,20.804071730978798,0.1631353981287199
3198,587207.0144706585,517576.823068597,T,20.847205684788342,0.1661863997722984,0.4076596616937938,20.847205684788342,0.1661863997722984
3199,587207.300411189,517576.823068597,T,20.89257282557018,0.16684277066066636,0.4084639159836109,20.89257282557018,0.16684277066066636
3200,587207.5863517197,517576.823068597,T,20.939513722708345,0.16509926503218214,0.4063240886683709,20.939513722708345,0.16509926503218214
3201,587207.8722922504,517576.823068597,T,20.987315705951413,0.16075223596509192,0.40093919235351877,20.987315705951413,0.16075223596509192
3202,587208.1582327809,517576.823068597,T,21.0359025874512,0.15353906686615298,0.39184061411006516,21.0359025874512,0.15353906686615298
3203,587208.4441733116,517576.823068597,T,21.08481315558532,0.14352409193254426,0.3788457363262048,21.08481315558532,0.14352409193254426
3204,587208.7301138423,517576.823068597,T,21.133018351003333,0.13144491442802972,0.3625533263232179,21.133018351003333,0.13144491442802972
3205,587209.0160543728,517576.823068597,T,21.17965460595781,0.11906900198415939,0.3450637650987994,21.17965460595781,0.11906900198415939
3206,587209.3019949035,517576.823068597,T,21.226657868992458,0.1091073297758911,0.33031398664890216,21.226657868992458,0.1091073297758911
3207,587209.587935434,517576.823068597,T,21.275457525596035,0.10372673695205845,0.3220663548898867,21.275457525596035,0.10372673695205845
3208,587209.8738759647,517576.823068597,T,21.32531450668972,0.10231746181294746,0.3198710080844268,21.32531450668972,0.10231746181294746
3209,587210.1598164954,517576.823068597,T,21.375905373110353,0.10186645726612477,0.3191652507183775,21.375905373110353,0.10186645726612477
3210,587210.4457570259,517576.823068597,T,21.427746155722442,0.09958132238765285,0.3155650842340655,21.427746155722442,0.09958132238765285
3211,587210.7316975566,517576.823068597,T,21.480901467261067,0.09481160267600003,0.30791492766022244,21.480901467261067,0.09481160267600003
3212,587211.0176380873,517576.823068597,T,21.53427011118806,0.08991069308495597,0.29985111819860866,21.53427011118806,0.08991069308495597
3213,587211.3035786177,517576.823068597,T,21.586235209884165,0.09031501555870065,0.3005245673130579,21.586235209884165,0.09031501555870065
3214,587211.5895191485,517576.823068597,T,21.63534287517262,0.10075347312692236,0.3174168759327745,21.63534287517262,0.10075347312692236
3215,587211.8754596792,517576.823068597,T,21.680705565895014,0.11965530485981823,0.345912279139984,21.680705565895014,0.11965530485981823
3216,587212.1614002096,517576.823068597,T,21.721654037346728,0.1420024722952168,0.37683215400920445,21.721654037346728,0.1420024722952168
3217,587212.4473407404,517576.823068597,T,21.758120741314773,0.1643536625088934,0.405405553130311,21.758120741314773,0.1643536625088934
3218,587212.7332812711,517576.823068597,T,21.789440864627952,0.1853698990274093,0.4305460475110755,21.789440864627952,0.1853698990274093
3219,587213.0192218015,517576.823068597,T,21.814656991409592,0.20485713359660812,0.45261145986000856,21.814656991409592,0.20485713359660812
3220,587213.3051623323,517576.823068597,T,21.832876412949368,0.22308688595889645,0.4723207447899112,21.832876412949368,0.22308688595889645
3221,587213.591102863,517576.823068597,T,21.843385369522146,0.24040382714907366,0.490309929686391,21.843385369522146,0.24040382714907366
3222,587213.8770433934,517576.823068597,T,21.846399909464786,0.2570261725616598,0.5069774872335653,21.846399909464786,0.2570261725616598
3223,587214.1629839242,517576.823068597,T,21.843324803171363,0.2730623577629234,0.5225536888807919,21.843324803171363,0.2730623577629234
3224,587214.4489244549,517576.823068597,T,21.834345888374898,0.28849549202826824,0.5371177636498985,21.834345888374898,0.28849549202826824
3225,587214.7348649853,517576.823068597,T,21.81904413866538,0.3031876986113875,0.5506248256402788,21.81904413866538,0.3031876986113875
3226,587215.020805516,517576.823068597,T,21.79725019239029,0.3170425342945972,0.5630653019806825,21.79725019239029,0.3170425342945972
3227,587200.1518979233,517577.1090091277,T,20.71641223329468,0.30186348972960175,0.5494210495872922,20.71641223329468,0.30186348972960175
3228,587200.437838454,517577.1090091277,T,20.692704008653116,0.2869765467910923,0.535701919719439,20.692704008653116,0.2869765467910923
3229,587200.7237789845,517577.1090091277,T,20.667351738605213,0.27128021750007064,0.5208456753205029,20.667351738605213,0.27128021750007064
3230,587201.0097195152,517577.1090091277,T,20.640708403557404,0.25469609701998003,0.5046742484216725,20.640708403557404,0.25469609701998003
3231,587201.2956600457,517577.1090091277,T,20.613471707046216,0.23721539541254236,0.4870476315644522,20.613471707046216,0.23721539541254236
3232,587201.5816005764,517577.1090091277,T,20.586793817732588,0.2188778965204104,0.46784388049905107,20.586793817732588,0.2188778965204104
3233,587201.8675411071,517577.1090091277,T,20.561636010448712,0.19993412054361887,0.4471399339620863,20.561636010448712,0.19993412054361887
3234,587202.1534816376,517577.1090091277,T,20.538565493945377,0.18098352950072688,0.4254215903086336,20.538565493945377,0.18098352950072688
3235,587202.4394221683,517577.1090091277,T,20.518589677944547,0.16302469240285822,0.4037631637517943,20.518589677944547,0.16302469240285822
3236,587202.725362699,517577.1090091277,T,20.50358150899572,0.14734217679865702,0.3838517640947571,20.50358150899572,0.14734217679865702
3237,587203.0113032295,517577.1090091277,T,20.494186465983088,0.13465873931562486,0.3669587705936797,20.494186465983088,0.13465873931562486
3238,587203.2972437602,517577.1090091277,T,20.49032482469187,0.12426370309646088,0.35251057160950633,20.49032482469187,0.12426370309646088
3239,587203.5831842909,517577.1090091277,T,20.491294845379663,0.11411661945380304,0.337811514685043,20.491294845379663,0.11411661945380304
3240,587203.8691248214,517577.1090091277,T,20.49613721126343,0.10188585088955926,0.3191956310627689,20.49613721126343,0.10188585088955926
3241,587204.1550653521,517577.1090091277,T,20.504109655217686,0.08617450283509547,0.2935549400624957,20.504109655217686,0.08617450283509547
3242,587204.4410058828,517577.1090091277,T,20.515419080219853,0.06813544065544239,0.26102766262494553,20.515419080219853,0.06813544065544239
3243,587204.7269464133,517577.1090091277,T,20.53143465884681,0.0555116564097917,0.2356091178409522,20.53143465884681,0.0555116564097917
3244,587205.012886944,517577.1090091277,T,20.554727734683695,0.06222234066438354,0.2494440631973099,20.554727734683695,0.06222234066438354
3245,587205.2988274747,517577.1090091277,T,20.58397882456321,0.08348397684664582,0.28893593900144343,20.58397882456321,0.08348397684664582
3246,587205.5847680052,517577.1090091277,T,20.616219572189017,0.1059782673978791,0.3255430346327181,20.616219572189017,0.1059782673978791
3247,587205.8707085359,517577.1090091277,T,20.64979254946332,0.12487247945240601,0.3533730032874696,20.64979254946332,0.12487247945240601
3248,587206.1566490666,517577.1090091277,T,20.684406874613813,0.1393857371159945,0.37334399300912086,20.684406874613813,0.1393857371159945
3249,587206.4425895971,517577.1090091277,T,20.720834661979424,0.14996433501866788,0.3872522885906136,20.720834661979424,0.14996433501866788
3250,587206.7285301278,517577.1090091277,T,20.7610503225839,0.15742770950148055,0.39677160873918454,20.7610503225839,0.15742770950148055
3251,587207.0144706585,517577.1090091277,T,20.8048398335369,0.16244455214277173,0.40304410694460197,20.8048398335369,0.16244455214277173
3252,587207.300411189,517577.1090091277,T,20.851628740130906,0.1653497683051679,0.4066322273322269,20.851628740130906,0.1653497683051679
3253,587207.5863517197,517577.1090091277,T,20.900641574601458,0.1661413022060639,0.407604345175642,20.900641574601458,0.1661413022060639
3254,587207.8722922504,517577.1090091277,T,20.951120674938686,0.16459797002824944,0.40570675373753573,20.951120674938686,0.16459797002824944
3255,587208.1582327809,517577.1090091277,T,21.00268529649105,0.16050051869199125,0.40062515983396657,21.00268529649105,0.16050051869199125
3256,587208.4441733116,517577.1090091277,T,21.05446040942415,0.15400777867374765,0.3924382482298937,21.05446040942415,0.15400777867374765
3257,587208.7301138423,517577.1090091277,T,21.10559328516411,0.14573929135925473,0.38175815820916614,21.10559328516411,0.14573929135925473
3258,587209.0160543728,517577.1090091277,T,21.156446565692498,0.13681543323557177,0.3698857029348009,21.156446565692498,0.13681543323557177
3259,587209.3019949035,517577.1090091277,T,21.210310729920906,0.12859192280718437,0.35859715950796983,21.210310729920906,0.12859192280718437
3260,587209.587935434,517577.1090091277,T,21.26658997528302,0.12178734611006974,0.34898043800486833,21.26658997528302,0.12178734611006974
3261,587209.8738759647,517577.1090091277,T,21.324566598906607,0.11571775360299191,0.340173122987387,21.324566598906607,0.11571775360299191
3262,587210.1598164954,517577.1090091277,T,21.383687780955448,0.10847779864369733,0.3293596797479882,21.383687780955448,0.10847779864369733
3263,587210.4457570259,517577.1090091277,T,21.444408647281758,0.09801408947359452,0.3130720196274246,21.444408647281758,0.09801408947359452
3264,587210.7316975566,517577.1090091277,T,21.506674111722344,0.08345933553878378,0.288893294381825,21.506674111722344,0.08345933553878378
3265,587211.0176380873,517577.1090091277,T,21.569458414305767,0.06693024106905993,0.2587087958865332,21.569458414305767,0.06693024106905993
3266,587211.3035786177,517577.1090091277,T,21.630603372186922,0.05791579687738016,0.24065701086272173,21.630603372186922,0.05791579687738016
3267,587211.5895191485,517577.1090091277,T,21.6873208041984,0.06931089451723368,0.26326962323297703,21.6873208041984,0.06931089451723368
3268,587211.8754596792,517577.1090091277,T,21.739245096175985,0.09399670758087769,0.30658882494454637,21.739245096175985,0.09399670758087769
3269,587212.1614002096,517577.1090091277,T,21.786916800192046,0.12035224892971808,0.34691821648584276,21.786916800192046,0.12035224892971808
3270,587212.4473407404,517577.1090091277,T,21.830162466843557,0.1444493412258911,0.38006491712060336,21.830162466843557,0.1444493412258911
3271,587212.7332812711,517577.1090091277,T,21.868047669721086,0.16580240953531192,0.40718842018813833,21.868047669721086,0.16580240953531192
3272,587213.0192218015,517577.1090091277,T,21.899306917418908,0.1849901589110537,0.43010482316646215,21.899306917418908,0.1849901589110537
3273,587213.3051623323,517577.1090091277,T,21.922802433071773,0.20283189876222105,0.450368625419468,21.922802433071773,0.20283189876222105
3274,587213.591102863,517577.1090091277,T,21.937675067398455,0.22000066160393036,0.4690422812539722,21.937675067398455,0.22000066160393036
3275,587213.8770433934,517577.1090091277,T,21.9436647362704,0.2368421139363086,0.48666427230310283,21.9436647362704,0.2368421139363086
3276,587214.1629839242,517577.1090091277,T,21.942395783364226,0.2534200910106523,0.5034084733202773,21.942395783364226,0.2534200910106523
3277,587214.4489244549,517577.1090091277,T,21.93413746537821,0.26961907887501474,0.5192485713750349,21.93413746537821,0.26961907887501474
3278,587214.7348649853,517577.1090091277,T,21.91846464223879,0.28525066315424086,0.5340886285573218,21.91846464223879,0.28525066315424086
3279,587215.020805516,517577.1090091277,T,21.895660691329216,0.3001848712179459,0.5478912950740739,21.895660691329216,0.3001848712179459
3280,587215.3067460468,517577.1090091277,T,21.865696905127855,0.3142774592300021,0.5606045479926132,21.865696905127855,0.3142774592300021
3281,587200.437838454,517577.3949496583,T,20.711531013608987,0.30453186694980466,0.5518440603556449,20.711531013608987,0.30453186694980466
3282,587200.7237789845,517577.3949496583,T,20.683669158219168,0.28970667940793704,0.5382440704809827,20.683669158219168,0.28970667940793704
3283,587201.0097195152,517577.3949496583,T,20.6545563485728,0.273967102378005,0.5234186683506856,20.6545563485728,0.273967102378005
3284,587201.2956600457,517577.3949496583,T,20.625961508050487,0.2573488128002834,0.50729558720758,20.625961508050487,0.2573488128002834
3285,587201.5816005764,517577.3949496583,T,20.598455155237076,0.24000427053849505,0.48990230713734656,20.598455155237076,0.24000427053849505
3286,587201.8675411071,517577.3949496583,T,20.5724332004882,0.22219627525905844,0.47137699907723374,20.5724332004882,0.22219627525905844
3287,587202.1534816376,517577.3949496583,T,20.54837194302785,0.20434465875857966,0.4520449742653707,20.54837194302785,0.20434465875857966
3288,587202.4394221683,517577.3949496583,T,20.52741237847207,0.18702334248089586,0.43246195495198864,20.52741237847207,0.18702334248089586
3289,587202.725362699,517577.3949496583,T,20.510855105143477,0.1708177690573564,0.4133010634602292,20.510855105143477,0.1708177690573564
3290,587203.0113032295,517577.3949496583,T,20.498979918670372,0.155822861871142,0.39474404602367597,20.498979918670372,0.155822861871142
3291,587203.2972437602,517577.3949496583,T,20.49166100449771,0.14126378074616028,0.3758507426441516,20.49166100449771,0.14126378074616028
3292,587203.5831842909,517577.3949496583,T,20.48841465967322,0.12556481882459833,0.35435126474248446,20.48841465967322,0.12556481882459833
3293,587203.8691248214,517577.3949496583,T,20.48854793441931,0.10678706864449979,0.32678290751583045,20.48854793441931,0.10678706864449979
3294,587204.1550653521,517577.3949496583,T,20.49139888343378,0.0831415123544845,0.2883426994991975,20.49139888343378,0.0831415123544845
3295,587204.4410058828,517577.3949496583,T,20.496819408473304,0.05353530168058936,0.23137696877733827,20.496819408473304,0.05353530168058936
3296,587204.7269464133,517577.3949496583,T,20.50528207852318,0.021101003202028547,0.1452618435860861,20.50528207852318,0.021101003202028547
3297,587205.012886944,517577.3949496583,T,20.52620316056062,0.03391176185705906,0.18415146444451388,20.52620316056062,0.03391176185705906
3298,587205.2988274747,517577.3949496583,T,20.554376195284178,0.06717943311732298,0.25918995566441805,20.554376195284178,0.06717943311732298
3299,587205.5847680052,517577.3949496583,T,20.58368581351962,0.09424187474143882,0.30698839512502557,20.58368581351962,0.09424187474143882
3300,587205.8707085359,517577.3949496583,T,20.6139724186,0.11474774214920735,0.3387443610589073,20.6139724186,0.11474774214920735
3301,587206.1566490666,517577.3949496583,T,20.64558283102544,0.1297801276634376,0.36025009044195616,20.64558283102544,0.1297801276634376
3302,587206.4425895971,517577.3949496583,T,20.680316419210165,0.14073058985244216,0.37514076005206654,20.680316419210165,0.14073058985244216
3303,587206.7285301278,517577.3949496583,T,20.719864798232848,0.14896507658930783,0.3859599416899477,20.719864798232848,0.14896507658930783
3304,587207.0144706585,517577.3949496583,T,20.7639886105386,0.15541584081493803,0.39422815832324565,20.7639886105386,0.15541584081493803
3305,587207.300411189,517577.3949496583,T,20.81203908370035,0.16043638877943805,0.40054511453697456,20.81203908370035,0.16043638877943805
3306,587207.5863517197,517577.3949496583,T,20.86293235627642,0.1638737999432866,0.4048132902256133,20.86293235627642,0.1638737999432866
3307,587207.8722922504,517577.3949496583,T,20.91578524398389,0.16531460946700335,0.4065889932929854,20.91578524398389,0.16531460946700335
3308,587208.1582327809,517577.3949496583,T,20.9699781738107,0.1644821977814158,0.40556404892620324,20.9699781738107,0.1644821977814158
3309,587208.4441733116,517577.3949496583,T,21.024480372653354,0.16140512797615175,0.40175257059059594,21.024480372653354,0.16140512797615175
3310,587208.7301138423,517577.3949496583,T,21.078491673943937,0.15642849909368595,0.39551042855237833,21.078491673943937,0.15642849909368595
3311,587209.0160543728,517577.3949496583,T,21.135128412696908,0.1501797650739583,0.38753034084308585,21.135128412696908,0.1501797650739583
3312,587209.3019949035,517577.3949496583,T,21.195447069579128,0.1432626442703516,0.3785005208323386,21.195447069579128,0.1432626442703516
3313,587209.587935434,517577.3949496583,T,21.25835812870621,0.13578062508571678,0.3684842263730115,21.25835812870621,0.13578062508571678
3314,587209.8738759647,517577.3949496583,T,21.323137686291144,0.12701260788071192,0.35638828246831,21.323137686291144,0.12701260788071192
3315,587210.1598164954,517577.3949496583,T,21.389452573010583,0.11547548260855058,0.3398168368526647,21.389452573010583,0.11547548260855058
3316,587210.4457570259,517577.3949496583,T,21.458027521348107,0.09937396764731266,0.31523636790083825,21.458027521348107,0.09937396764731266
3317,587210.7316975566,517577.3949496583,T,21.528722720127593,0.07719954030109154,0.2778480525414773,21.528722720127593,0.07719954030109154
3318,587211.0176380873,517577.3949496583,T,21.60092010599827,0.04832300899743693,0.21982495080731151,21.60092010599827,0.04832300899743693
3319,587211.3035786177,517577.3949496583,T,21.672716919332164,0.019829940751701157,0.1408188224340097,21.672716919332164,0.019829940751701157
3320,587211.5895191485,517577.3949496583,T,21.735579903143623,0.041193759593289477,0.2029624585811117,21.735579903143623,0.041193759593289477
3321,587211.8754596792,517577.3949496583,T,21.793839236305924,0.07524942152410642,0.2743162800930824,21.793839236305924,0.07524942152410642
3322,587212.1614002096,517577.3949496583,T,21.848852330104982,0.10427166458288802,0.32291123328693294,21.848852330104982,0.10427166458288802
3323,587212.4473407404,517577.3949496583,T,21.89969951453872,0.12814593414240896,0.35797476746610085,21.89969951453872,0.12814593414240896
3324,587212.7332812711,517577.3949496583,T,21.94497193756284,0.14809277611573382,0.38482824235720253,21.94497193756284,0.14809277611573382
3325,587213.0192218015,517577.3949496583,T,21.98298599572855,0.1656199469561986,0.40696430673487644,21.98298599572855,0.1656199469561986
3326,587213.3051623323,517577.3949496583,T,22.012272611735494,0.1821343227741393,0.4267719798371717,22.012272611735494,0.1821343227741393
3327,587213.591102863,517577.3949496583,T,22.031796855971805,0.19861632274790145,0.4456639123239635,22.031796855971805,0.19861632274790145
3328,587213.8770433934,517577.3949496583,T,22.041093936504954,0.21544922531939387,0.4641650841235194,22.041093936504954,0.21544922531939387
3329,587214.1629839242,517577.3949496583,T,22.041707468459126,0.2325242593118012,0.48220769312797285,22.041707468459126,0.2325242593118012
3330,587214.4489244549,517577.3949496583,T,22.034135196145634,0.24951330941660446,0.499513072318037,22.034135196145634,0.24951330941660446
3331,587214.7348649853,517577.3949496583,T,22.018377870150005,0.26611678307286807,0.5158650822384357,22.018377870150005,0.26611678307286807
3332,587215.020805516,517577.3949496583,T,21.994847728221306,0.28211122155791946,0.5311414327257096,21.994847728221306,0.28211122155791946
3333,587215.3067460468,517577.3949496583,T,21.963820528632766,0.2973299292562047,0.5452796798489787,21.963820528632766,0.2973299292562047
3334,587215.5926865772,517577.3949496583,T,21.925071428528668,0.3116876227439924,0.5582899092263736,21.925071428528668,0.3116876227439924
3335,587215.878627108,517577.3949496583,T,21.879222693617017,0.32521047238364786,0.570272279164653,21.879222693617017,0.32521047238364786
3336,587201.0097195152,517577.6808901889,T,20.670941584023073,0.292355897109088,0.5406994517373658,20.670941584023073,0.292355897109088
3337,587201.2956600457,517577.6808901889,T,20.641661860785806,0.27672682183291136,0.5260483075088365,20.641661860785806,0.27672682183291136
3338,587201.5816005764,517577.6808901889,T,20.6134060503275,0.2603930236712997,0.5102871972441595,20.6134060503275,0.2603930236712997
3339,587201.8675411071,517577.6808901889,T,20.58653437114739,0.24355682952498187,0.4935147713341333,20.58653437114739,0.24355682952498187
3340,587202.1534816376,517577.6808901889,T,20.561572911175336,0.22646876981916522,0.4758873499255525,20.561572911175336,0.22646876981916522
3341,587202.4394221683,517577.6808901889,T,20.539674457284647,0.20944654045524363,0.45765329721880477,20.539674457284647,0.20944654045524363
3342,587202.725362699,517577.6808901889,T,20.521590670008006,0.19268284438100186,0.43895654042399446,20.521590670008006,0.19268284438100186
3343,587203.0113032295,517577.6808901889,T,20.507537716952136,0.1760291317084058,0.4195582578241141,20.507537716952136,0.1760291317084058
3344,587203.2972437602,517577.6808901889,T,20.497383500952218,0.15879070396830094,0.3984855128712974,20.497383500952218,0.15879070396830094
3345,587203.5831842909,517577.6808901889,T,20.490779278520026,0.13979165233082944,0.37388721873157077,20.490779278520026,0.13979165233082944
3346,587203.8691248214,517577.6808901889,T,20.487239152296645,0.11763652961003941,0.3429818211072409,20.487239152296645,0.11763652961003941
3347,587204.1550653521,517577.6808901889,T,20.486308296201145,0.09109588721069388,0.30182095223939287,20.486308296201145,0.09109588721069388
3348,587204.4410058828,517577.6808901889,T,20.488068636522687,0.05990164214886142,0.244748119806591,20.488068636522687,0.05990164214886142
3349,587204.7269464133,517577.6808901889,T,20.493517373695855,0.0301952539378451,0.17376781617389653,20.493517373695855,0.0301952539378451
3350,587205.012886944,517577.6808901889,T,20.50970068284544,0.03810848513740513,0.19521394708730505,20.50970068284544,0.03810848513740513
3351,587205.2988274747,517577.6808901889,T,20.53250348545621,0.06619330809507211,0.25728060186316437,20.53250348545621,0.06619330809507211
3352,587205.5847680052,517577.6808901889,T,20.55684146245339,0.09000558447018667,0.30000930730593456,20.55684146245339,0.09000558447018667
3353,587205.8707085359,517577.6808901889,T,20.582525059353298,0.10772238977997436,0.3282108922323791,20.582525059353298,0.10772238977997436
3354,587206.1566490666,517577.6808901889,T,20.610142534786807,0.12036770594820695,0.34694049338208843,20.610142534786807,0.12036770594820695
3355,587206.4425895971,517577.6808901889,T,20.642385987704213,0.12967875977735738,0.3601093719654591,20.642385987704213,0.12967875977735738
3356,587206.7285301278,517577.6808901889,T,20.68066159683604,0.13741925122070608,0.3707010267327379,20.68066159683604,0.13741925122070608
3357,587207.0144706585,517577.6808901889,T,20.72479217735806,0.14471234654004397,0.38041076028425375,20.72479217735806,0.14471234654004397
3358,587207.300411189,517577.6808901889,T,20.773786815005543,0.15174278684711917,0.38954176521538636,20.773786815005543,0.15174278684711917
3359,587207.5863517197,517577.6808901889,T,20.826351529496886,0.15796434727643813,0.39744728867667234,20.826351529496886,0.15796434727643813
3360,587207.8722922504,517577.6808901889,T,20.881659427779343,0.16259038850032081,0.40322498496536746,20.881659427779343,0.16259038850032081
3361,587208.1582327809,517577.6808901889,T,20.938444445608123,0.16509290209365868,0.40631625871192834,20.938444445608123,0.16509290209365868
3362,587208.4441733116,517577.6808901889,T,20.995532427596327,0.16528109799225765,0.4065477807001997,20.995532427596327,0.16528109799225765
3363,587208.7301138423,517577.6808901889,T,21.053413933432644,0.1632755630146701,0.40407370987812374,21.053413933432644,0.1632755630146701
3364,587209.0160543728,517577.6808901889,T,21.11547536241042,0.15941944512890951,0.3992736469251502,21.11547536241042,0.15941944512890951
3365,587209.3019949035,517577.6808901889,T,21.180974255104374,0.15395007365957045,0.39236472020248003,21.180974255104374,0.15395007365957045
3366,587209.587935434,517577.6808901889,T,21.24924493478721,0.14672809887070468,0.3830510395113224,21.24924493478721,0.14672809887070468
3367,587209.8738759647,517577.6808901889,T,21.319758239663724,0.1370961140918855,0.3702649241987222,21.319758239663724,0.1370961140918855
3368,587210.1598164954,517577.6808901889,T,21.392364434050855,0.12392443270588933,0.352029022533497,21.392364434050855,0.12392443270588933
3369,587210.4457570259,517577.6808901889,T,21.46776165916561,0.10590581375471689,0.3254317344001917,21.46776165916561,0.10590581375471689
3370,587210.7316975566,517577.6808901889,T,21.545624987803215,0.08200158367402369,0.2863591864669679,21.545624987803215,0.08200158367402369
3371,587211.0176380873,517577.6808901889,T,21.625262669936156,0.05222524027099661,0.22852842333284631,21.625262669936156,0.05222524027099661
3372,587211.3035786177,517577.6808901889,T,21.70416397833578,0.025511937540067944,0.15972456774105837,21.70416397833578,0.025511937540067944
3373,587211.5895191485,517577.6808901889,T,21.77540620672074,0.041797436735270754,0.20444421423770043,21.77540620672074,0.041797436735270754
3374,587211.8754596792,517577.6808901889,T,21.842250632625476,0.07145380404223921,0.2673084436418708,21.842250632625476,0.07145380404223921
3375,587212.1614002096,517577.6808901889,T,21.906010612062857,0.09651545421405437,0.3106693647820048,21.906010612062857,0.09651545421405437
3376,587212.4473407404,517577.6808901889,T,21.965649113065833,0.11634139632840398,0.3410885461700583,21.965649113065833,0.11634139632840398
3377,587212.7332812711,517577.6808901889,T,22.019399626897005,0.13233422189245278,0.36377770944967586,22.019399626897005,0.13233422189245278
3378,587213.0192218015,517577.6808901889,T,22.065085899934466,0.1464511031665624,0.38268930370022414,22.065085899934466,0.1464511031665624
3379,587213.3051623323,517577.6808901889,T,22.100773871896788,0.16057638067368454,0.40071982815139623,22.100773871896788,0.16057638067368454
3380,587213.591102863,517577.6808901889,T,22.125206791695028,0.17591895128012608,0.4194269319918859,22.125206791695028,0.17591895128012608
3381,587213.8770433934,517577.6808901889,T,22.13797163851826,0.1927095838606418,0.43898699737081254,22.13797163851826,0.1927095838606418
3382,587214.1629839242,517577.6808901889,T,22.1403031810571,0.21042213060923529,0.45871792052331606,22.1403031810571,0.21042213060923529
3383,587214.4489244549,517577.6808901889,T,22.13333846993643,0.22836677220338453,0.4778773610492388,22.13333846993643,0.22836677220338453
3384,587214.7348649853,517577.6808901889,T,22.1175143258507,0.24602297237160844,0.49600702855061285,22.1175143258507,0.24602297237160844
3385,587215.020805516,517577.6808901889,T,22.09328583512471,0.26306396876751964,0.5128976201616845,22.09328583512471,0.26306396876751964
3386,587215.3067460468,517577.6808901889,T,22.061106595777122,0.2793279839424593,0.5285148852610106,22.061106595777122,0.2793279839424593
3387,587215.5926865772,517577.6808901889,T,22.02087555807387,0.29473983646784524,0.5428994717881436,22.02087555807387,0.29473983646784524
3388,587215.878627108,517577.6808901889,T,21.972823995053947,0.30934808146750753,0.5561906880445838,21.972823995053947,0.30934808146750753
3389,587216.1645676387,517577.6808901889,T,21.91771660060455,0.3231983471038765,0.5685053624231494,21.91771660060455,0.3231983471038765
3390,587201.2956600457,517577.9668307196,T,20.66043561196022,0.2951090463583736,0.5432394005945939,20.66043561196022,0.2951090463583736
3391,587201.5816005764,517577.9668307196,T,20.631497627301496,0.27978269667203876,0.5289448900141098,20.631497627301496,0.27978269667203876
3392,587201.8675411071,517577.9668307196,T,20.603815061437007,0.2638271480863683,0.51364106931433,20.603815061437007,0.2638271480863683
3393,587202.1534816376,517577.9668307196,T,20.57818397248332,0.24739759595256805,0.4973907879651251,20.57818397248332,0.24739759595256805
3394,587202.4394221683,517577.9668307196,T,20.555412735371466,0.23066361054739198,0.48027451582130815,20.555412735371466,0.23066361054739198
3395,587202.725362699,517577.9668307196,T,20.53594064886382,0.2136265421188931,0.46219751418510796,20.53594064886382,0.2136265421188931
3396,587203.0113032295,517577.9668307196,T,20.520043192325637,0.19609476089840217,0.44282588101690956,20.520043192325637,0.19609476089840217
3397,587203.2972437602,517577.9668307196,T,20.507609671066234,0.17756744638016175,0.4213875251833658,20.507609671066234,0.17756744638016175
3398,587203.5831842909,517577.9668307196,T,20.498407306435737,0.1573321179314263,0.3966511287408953,20.498407306435737,0.1573321179314263
3399,587203.8691248214,517577.9668307196,T,20.492152689136727,0.13475678730996313,0.36709234166618504,20.492152689136727,0.13475678730996313
3400,587204.1550653521,517577.9668307196,T,20.488687355392408,0.10987862706141782,0.3314794519444875,20.488687355392408,0.10987862706141782
3401,587204.4410058828,517577.9668307196,T,20.488501559604867,0.08482413353509811,0.2912458300733216,20.488501559604867,0.08482413353509811
3402,587204.7269464133,517577.9668307196,T,20.49291488266668,0.06696172248451229,0.25876963207554377,20.49291488266668,0.06696172248451229
3403,587205.012886944,517577.9668307196,T,20.503274817497996,0.0664314070787997,0.2577429088816988,20.503274817497996,0.0664314070787997
3404,587205.2988274747,517577.9668307196,T,20.51838432048791,0.07879247318729575,0.2806999700521818,20.51838432048791,0.07879247318729575
3405,587205.5847680052,517577.9668307196,T,20.536154507890274,0.09271382040724627,0.30448944219339735,20.536154507890274,0.09271382040724627
3406,587205.8707085359,517577.9668307196,T,20.55595143503963,0.10345800242084525,0.32164888064603187,20.55595143503963,0.10345800242084525
3407,587206.1566490666,517577.9668307196,T,20.578501908506556,0.11070720156969499,0.3327269174108025,20.578501908506556,0.11070720156969499
3408,587206.4425895971,517577.9668307196,T,20.607053557214783,0.11614864277885134,0.34080587257095696,20.607053557214783,0.11614864277885134
3409,587206.7285301278,517577.9668307196,T,20.64310549846916,0.12203566753938264,0.34933603813431935,20.64310549846916,0.12203566753938264
3410,587207.0144706585,517577.9668307196,T,20.68674644040283,0.12975012731696486,0.3602084498133891,20.68674644040283,0.12975012731696486
3411,587207.300411189,517577.9668307196,T,20.736762617496996,0.13901883107554233,0.37285229123010943,20.736762617496996,0.13901883107554233
3412,587207.5863517197,517577.9668307196,T,20.791568575306144,0.14841487504108386,0.3852465120427229,20.791568575306144,0.14841487504108386
3413,587207.8722922504,517577.9668307196,T,20.849505344013124,0.1564965972463385,0.39559650813213515,20.849505344013124,0.1564965972463385
3414,587208.1582327809,517577.9668307196,T,20.90885420116804,0.16236316150257207,0.4029431244016605,20.90885420116804,0.16236316150257207
3415,587208.4441733116,517577.9668307196,T,20.96825115152609,0.16565880152321086,0.4070120410051905,20.96825115152609,0.16565880152321086
3416,587208.7301138423,517577.9668307196,T,21.03021006856294,0.16645154796751932,0.4079847398708919,21.03021006856294,0.16645154796751932
3417,587209.0160543728,517577.9668307196,T,21.096436421371905,0.16496246298163958,0.40615571272806145,21.096436421371905,0.16496246298163958
3418,587209.3019949035,517577.9668307196,T,21.166207572639173,0.16128813875687406,0.4016069456033773,21.166207572639173,0.16128813875687406
3419,587209.587935434,517577.9668307196,T,21.23895495797702,0.15525614473536925,0.3940255635556775,21.23895495797702,0.15525614473536925
3420,587209.8738759647,517577.9668307196,T,21.314216739464516,0.1463789385447338,0.3825950059066817,21.314216739464516,0.1463789385447338
3421,587210.1598164954,517577.9668307196,T,21.392167412253503,0.13394835838176672,0.36598956048194425,21.392167412253503,0.13394835838176672
3422,587210.4457570259,517577.9668307196,T,21.473259308814434,0.11743648756783776,0.3426900750938634,21.473259308814434,0.11743648756783776
3423,587210.7316975566,517577.9668307196,T,21.556929348949456,0.09715289853232664,0.3116935971949482,21.556929348949456,0.09715289853232664
3424,587211.0176380873,517577.9668307196,T,21.64180856404573,0.07582785393422814,0.27536857833498024,21.64180856404573,0.07582785393422814
3425,587211.3035786177,517577.9668307196,T,21.725734577871357,0.06213964013758231,0.24927823839553725,21.725734577871357,0.06213964013758231
3426,587211.5895191485,517577.9668307196,T,21.80632374853251,0.06601732126516198,0.25693836082835503,21.80632374853251,0.06601732126516198
3427,587211.8754596792,517577.9668307196,T,21.88343062350992,0.0808174767786291,0.2842841479552265,21.88343062350992,0.0808174767786291
3428,587212.1614002096,517577.9668307196,T,21.957213536470036,0.09608351096185785,0.3099734036362763,21.957213536470036,0.09608351096185785
3429,587212.4473407404,517577.9668307196,T,22.026897839903658,0.10826225348042666,0.3290322985368255,22.026897839903658,0.10826225348042666
3430,587212.7332812711,517577.9668307196,T,22.09043521490868,0.11773189183622852,0.3431208123041045,22.09043521490868,0.11773189183622852
3431,587213.0192218015,517577.9668307196,T,22.144967250968552,0.1265969768401504,0.3558046891767313,22.144967250968552,0.1265969768401504
3432,587213.3051623323,517577.9668307196,T,22.187770799051926,0.1373330868279256,0.3705847903353909,22.187770799051926,0.1373330868279256
3433,587213.591102863,517577.9668307196,T,22.217246808044646,0.15139251269294002,0.38909190777108177,22.217246808044646,0.15139251269294002
3434,587213.8770433934,517577.9668307196,T,22.23330491057683,0.168510974132155,0.4105008820114215,22.23330491057683,0.168510974132155
3435,587214.1629839242,517577.9668307196,T,22.23701705118065,0.1873163305263325,0.432800566689015,22.23701705118065,0.1873163305263325
3436,587214.4489244549,517577.9668307196,T,22.230636218421967,0.20652344318566418,0.45444850443770213,22.230636218421967,0.20652344318566418
3437,587214.7348649853,517577.9668307196,T,22.21485198851006,0.22531999283348092,0.4746788312464344,22.21485198851006,0.22531999283348092
3438,587215.020805516,517577.9668307196,T,22.190078364614855,0.24333864363487467,0.4932936687561221,22.190078364614855,0.24333864363487467
3439,587215.3067460468,517577.9668307196,T,22.156692635528152,0.2604980468708629,0.5103900928416057,22.156692635528152,0.2604980468708629
3440,587215.5926865772,517577.9668307196,T,22.114933425332627,0.27682574676080374,0.5261423255743675,22.114933425332627,0.27682574676080374
3441,587215.878627108,517577.9668307196,T,22.064702285963342,0.2924085751069139,0.5407481623703533,22.064702285963342,0.2924085751069139
3442,587216.1645676387,517577.9668307196,T,22.006807076281433,0.30733638460672313,0.5543792786592254,22.006807076281433,0.30733638460672313
3443,587216.4505081691,517577.9668307196,T,21.94229304690728,0.32158182665520024,0.5670818518125935,21.94229304690728,0.32158182665520024
3444,587201.5816005764,517578.2527712502,T,20.65239500053605,0.2980039852060593,0.5458974127123697,20.65239500053605,0.2980039852060593
3445,587201.8675411071,517578.2527712502,T,20.624200174309806,0.28293106921274447,0.5319126518637665,20.624200174309806,0.28293106921274447
3446,587202.1534816376,517578.2527712502,T,20.598139918305247,0.26720573906796913,0.5169194705831549,20.598139918305247,0.26720573906796913
3447,587202.4394221683,517578.2527712502,T,20.574642580205772,0.25091583943796714,0.5009150022089248,20.574642580205772,0.25091583943796714
3448,587202.725362699,517578.2527712502,T,20.553989604607917,0.2339977773902694,0.4837331675523908,20.553989604607917,0.2339977773902694
3449,587203.0113032295,517578.2527712502,T,20.536571352197342,0.2163070793607593,0.465088249003089,20.536571352197342,0.2163070793607593
3450,587203.2972437602,517578.2527712502,T,20.522329624808197,0.19757401873723446,0.44449299065028514,20.522329624808197,0.19757401873723446
3451,587203.5831842909,517578.2527712502,T,20.511125009091092,0.17750901506078362,0.42131818743175997,20.511125009091092,0.17750901506078362
3452,587203.8691248214,517578.2527712502,T,20.50281530440641,0.15609201938799194,0.39508482556027374,20.50281530440641,0.15609201938799194
3453,587204.1550653521,517578.2527712502,T,20.49729894406513,0.1340734414788578,0.3661604040292421,20.49729894406513,0.1340734414788578
3454,587204.4410058828,517578.2527712502,T,20.49515588167733,0.11375882462564789,0.3372815213225413,20.49515588167733,0.11375882462564789
3455,587204.7269464133,517578.2527712502,T,20.496790739208272,0.09925950117211259,0.31505475900565694,20.496790739208272,0.09925950117211259
3456,587205.012886944,517578.2527712502,T,20.502044528249982,0.09377336305975414,0.30622436718810303,20.502044528249982,0.09377336305975414
3457,587205.2988274747,517578.2527712502,T,20.51056775187295,0.09532030359072101,0.3087398639481481,20.51056775187295,0.09532030359072101
3458,587205.5847680052,517578.2527712502,T,20.52147796885483,0.09873601073007623,0.3142228679298759,20.52147796885483,0.09873601073007623
3459,587205.8707085359,517578.2527712502,T,20.534417992743013,0.1004518496109258,0.3169413977550516,20.534417992743013,0.1004518496109258
3460,587206.1566490666,517578.2527712502,T,20.550461616293273,0.0998785282562184,0.3160356439647566,20.550461616293273,0.0998785282562184
3461,587206.4425895971,517578.2527712502,T,20.57365796267504,0.09912436221873885,0.3148402169652709,20.57365796267504,0.09912436221873885
3462,587206.7285301278,517578.2527712502,T,20.606534219442565,0.10178667449841927,0.31904023962255806,20.606534219442565,0.10178667449841927
3463,587207.0144706585,517578.2527712502,T,20.649860079945537,0.11002680658130173,0.33170288901560946,20.649860079945537,0.11002680658130173
3464,587207.300411189,517578.2527712502,T,20.70178590147767,0.12241524006821378,0.3498788934305895,20.70178590147767,0.12241524006821378
3465,587207.5863517197,517578.2527712502,T,20.759558982268306,0.13574509591565942,0.36843601332613973,20.759558982268306,0.13574509591565942
3466,587207.8722922504,517578.2527712502,T,20.820340873459454,0.14756975498180197,0.3841480899103912,20.820340873459454,0.14756975498180197
3467,587208.1582327809,517578.2527712502,T,20.881814804950615,0.15671473471266392,0.3958721191403405,20.881814804950615,0.15671473471266392
3468,587208.4441733116,517578.2527712502,T,20.943138022826446,0.1628939159991483,0.4036011843381388,20.943138022826446,0.1628939159991483
3469,587208.7301138423,517578.2527712502,T,21.008540396178045,0.16628507680455704,0.4077806724264369,21.008540396178045,0.16628507680455704
3470,587209.0160543728,517578.2527712502,T,21.07810026050446,0.16714439726644928,0.4088329698867855,21.07810026050446,0.16714439726644928
3471,587209.3019949035,517578.2527712502,T,21.15121867869619,0.16558428510494058,0.4069204899055104,21.15121867869619,0.16558428510494058
3472,587209.587935434,517578.2527712502,T,21.22743978446844,0.16149267108968626,0.4018615073500898,21.22743978446844,0.16149267108968626
3473,587209.8738759647,517578.2527712502,T,21.306422331427964,0.15456452934552756,0.39314695642409286,21.306422331427964,0.15456452934552756
3474,587210.1598164954,517578.2527712502,T,21.388762981610043,0.1444592619069005,0.38007796819455414,21.388762981610043,0.1444592619069005
3475,587210.4457570259,517578.2527712502,T,21.474480036994375,0.1312586898685277,0.36229641161420256,21.474480036994375,0.1312586898685277
3476,587210.7316975566,517578.2527712502,T,21.562663484179392,0.11595685758896426,0.3405243861883672,21.562663484179392,0.11595685758896426
3477,587211.0176380873,517578.2527712502,T,21.652285827812857,0.1012671506513882,0.31822500004146154,21.652285827812857,0.1012671506513882
3478,587211.3035786177,517578.2527712502,T,21.742013145416387,0.09165538428351218,0.3027464025938412,21.742013145416387,0.09165538428351218
3479,587211.5895191485,517578.2527712502,T,21.830558377132853,0.09012144248466658,0.30020233590807816,21.830558377132853,0.09012144248466658
3480,587211.8754596792,517578.2527712502,T,21.917213248930302,0.0942683407298678,0.30703149794421386,21.917213248930302,0.0942683407298678
3481,587212.1614002096,517578.2527712502,T,22.001359268093058,0.09921165474400223,0.31497881634167435,22.001359268093058,0.09921165474400223
3482,587212.4473407404,517578.2527712502,T,22.082069125162967,0.10207881048901463,0.3194977472362123,22.082069125162967,0.10207881048901463
3483,587212.7332812711,517578.2527712502,T,22.156886957107893,0.10302698921475721,0.320978175605067,22.156886957107893,0.10302698921475721
3484,587213.0192218015,517578.2527712502,T,22.221868935570164,0.10478238145332756,0.3237010680447742,22.221868935570164,0.10478238145332756
3485,587213.3051623323,517578.2527712502,T,22.272674167269724,0.11126333724622986,0.3335615943813524,22.272674167269724,0.11126333724622986
3486,587213.591102863,517578.2527712502,T,22.30699880631267,0.12453104122601513,0.3528895595310452,22.30699880631267,0.12453104122601513
3487,587213.8770433934,517578.2527712502,T,22.325498717898256,0.1430494512911491,0.37821878759674155,22.325498717898256,0.1430494512911491
3488,587214.1629839242,517578.2527712502,T,22.33026397455464,0.16379595340703082,0.4047171276422964,22.33026397455464,0.16379595340703082
3489,587214.4489244549,517578.2527712502,T,22.324561209103223,0.18461216918548762,0.4296651826544567,22.324561209103223,0.18461216918548762
3490,587214.7348649853,517578.2527712502,T,22.309151885717753,0.20451254205250563,0.4522306292728364,22.309151885717753,0.20451254205250563
3491,587215.020805516,517578.2527712502,T,22.284208569903168,0.2232802957463292,0.4725254445491049,22.284208569903168,0.2232802957463292
3492,587215.3067460468,517578.2527712502,T,22.249883392765046,0.2410609427695915,0.4909795746969435,22.249883392765046,0.2410609427695915
3493,587215.5926865772,517578.2527712502,T,22.2065154269451,0.2580744759621024,0.5080103108816812,22.2065154269451,0.2580744759621024
3494,587215.878627108,517578.2527712502,T,22.15402704044361,0.2744900425661559,0.5239179731276222,22.15402704044361,0.2744900425661559
3495,587216.1645676387,517578.2527712502,T,22.09315376853717,0.29042931234821256,0.5389149398079558,22.09315376853717,0.29042931234821256
3496,587216.4505081691,517578.2527712502,T,22.025082836959086,0.3058545746520851,0.5530412052027273,22.025082836959086,0.3058545746520851
3497,587216.7364486998,517578.2527712502,T,21.950892865329493,0.3206055960654946,0.5662204482933256,21.950892865329493,0.3206055960654946
3498,587201.8675411071,517578.5387117808,T,20.64691246601588,0.30082786735476064,0.548477772890352,20.64691246601588,0.30082786735476064
3499,587202.1534816376,517578.5387117808,T,20.62068925490488,0.2859062712220926,0.5347020396651696,20.62068925490488,0.2859062712220926
3500,587202.4394221683,517578.5387117808,T,20.596800195151555,0.2702617306379165,0.5198670316897548,20.596800195151555,0.2702617306379165
3501,587202.725362699,517578.5387117808,T,20.57538001119425,0.2538284097346601,0.5038138641747169,20.57538001119425,0.2538284097346601
3502,587203.0113032295,517578.5387117808,T,20.556828885050294,0.23651962834362722,0.486332836999135,20.556828885050294,0.23651962834362722
3503,587203.2972437602,517578.5387117808,T,20.541215692212766,0.2182581124663812,0.4671810275111578,20.541215692212766,0.2182581124663812
3504,587203.5831842909,517578.5387117808,T,20.528451011269794,0.19902973306146843,0.4461274852118713,20.528451011269794,0.19902973306146843
3505,587203.8691248214,517578.5387117808,T,20.518377983863008,0.1791075817060655,0.4232110368433998,20.518377983863008,0.1791075817060655
3506,587204.1550653521,517578.5387117808,T,20.51098931026825,0.15934626154044304,0.3991819905011285,20.51098931026825,0.15934626154044304
3507,587204.4410058828,517578.5387117808,T,20.506605068140306,0.1413211571256628,0.375927063571729,20.506605068140306,0.1413211571256628
3508,587204.7269464133,517578.5387117808,T,20.50473659672074,0.12705652440852114,0.35644989045940406,20.50473659672074,0.12705652440852114
3509,587205.012886944,517578.5387117808,T,20.505302574644414,0.11751450750170707,0.3428038907330357,20.505302574644414,0.11751450750170707
3510,587205.2988274747,517578.5387117808,T,20.50802130375854,0.11134701359047129,0.3336869994328087,20.50802130375854,0.11134701359047129
3511,587205.5847680052,517578.5387117808,T,20.51238283644209,0.10566292160032104,0.32505833568810544,20.51238283644209,0.10566292160032104
3512,587205.8707085359,517578.5387117808,T,20.518144166226016,0.09799177467223782,0.31303637915142996,20.518144166226016,0.09799177467223782
3513,587206.1566490666,517578.5387117808,T,20.52656361063608,0.08781423852430316,0.29633467317258566,20.52656361063608,0.08781423852430316
3514,587206.4425895971,517578.5387117808,T,20.542397697722414,0.0779896876716954,0.27926633823591307,20.542397697722414,0.0779896876716954
3515,587206.7285301278,517578.5387117808,T,20.570763284856756,0.07554866834765277,0.2748611801394529,20.570763284856756,0.07554866834765277
3516,587207.0144706585,517578.5387117808,T,20.61470262619538,0.08552128060032249,0.2924402171390291,20.61470262619538,0.08552128060032249
3517,587207.300411189,517578.5387117808,T,20.670385134164256,0.10310097861195074,0.32109341103789524,20.670385134164256,0.10310097861195074
3518,587207.5863517197,517578.5387117808,T,20.731878259023503,0.12135840361727804,0.34836533067640074,20.731878259023503,0.12135840361727804
3519,587207.8722922504,517578.5387117808,T,20.79500748868306,0.13693528738947144,0.37004768258897586,20.79500748868306,0.13693528738947144
3520,587208.1582327809,517578.5387117808,T,20.857556466017783,0.1489270157874345,0.38591063186628394,20.857556466017783,0.1489270157874345
3521,587208.4441733116,517578.5387117808,T,20.920945576488304,0.15746634152966996,0.39682028870720554,20.920945576488304,0.15746634152966996
3522,587208.7301138423,517578.5387117808,T,20.988853841570684,0.16305598016139367,0.4038019070799365,20.988853841570684,0.16305598016139367
3523,587209.0160543728,517578.5387117808,T,21.060727570063996,0.16612177183373342,0.4075803869591046,21.060727570063996,0.16612177183373342
3524,587209.3019949035,517578.5387117808,T,21.1361126612935,0.16685250999698764,0.40847583771502033,21.1361126612935,0.16685250999698764
3525,587209.587935434,517578.5387117808,T,21.214687087614813,0.165187135524007,0.40643220286292153,21.214687087614813,0.165187135524007
3526,587209.8738759647,517578.5387117808,T,21.296424167630917,0.16091015691130284,0.40113608278401336,21.296424167630917,0.16091015691130284
3527,587210.1598164954,517578.5387117808,T,21.382015140592628,0.15388100282493988,0.39227669166666007,21.382015140592628,0.15388100282493988
3528,587210.4457570259,517578.5387117808,T,21.470978561856743,0.14440790259178551,0.380010398004825,21.470978561856743,0.14440790259178551
3529,587210.7316975566,517578.5387117808,T,21.562783625465617,0.13348710949574583,0.3653588776747403,21.562783625465617,0.13348710949574583
3530,587211.0176380873,517578.5387117808,T,21.656710711809506,0.1229050557500076,0.3505781735219801,21.656710711809506,0.1229050557500076
3531,587211.3035786177,517578.5387117808,T,21.751877716067508,0.11472844947539508,0.3387158831165068,21.751877716067508,0.11472844947539508
3532,587211.5895191485,517578.5387117808,T,21.847424682863842,0.10984663328693603,0.33143118936958244,21.847424682863842,0.10984663328693603
3533,587211.8754596792,517578.5387117808,T,21.942634813356136,0.1068856986494336,0.3269337832794794,21.942634813356136,0.1068856986494336
3534,587212.1614002096,517578.5387117808,T,22.0367695818035,0.10316861632099303,0.3211987178072058,22.0367695818035,0.10316861632099303
3535,587212.4473407404,517578.5387117808,T,22.12897549213341,0.09669307611060445,0.3109551030464116,22.12897549213341,0.09669307611060445
3536,587212.7332812711,517578.5387117808,T,22.21667779110059,0.08767159239895592,0.29609389118817686,22.21667779110059,0.08767159239895592
3537,587213.0192218015,517578.5387117808,T,22.29461797673084,0.0799175793830292,0.28269697448509984,22.29461797673084,0.0799175793830292
3538,587213.3051623323,517578.5387117808,T,22.354778139027466,0.08110491525206114,0.28478924707941683,22.354778139027466,0.08110491525206114
3539,587213.591102863,517578.5387117808,T,22.392784346684117,0.09537287891664575,0.3088249972341063,22.392784346684117,0.09537287891664575
3540,587213.8770433934,517578.5387117808,T,22.41209475662564,0.11747497673458675,0.34274622789257175,22.41209475662564,0.11747497673458675
3541,587214.1629839242,517578.5387117808,T,22.417670544030493,0.14117851521449934,0.37573729547983303,22.417670544030493,0.14117851521449934
3542,587214.4489244549,517578.5387117808,T,22.413179995282476,0.16365209666345198,0.40453936355248793,22.413179995282476,0.16365209666345198
3543,587214.7348649853,517578.5387117808,T,22.398959833489005,0.18424494905091673,0.42923763703910767,22.398959833489005,0.18424494905091673
3544,587215.020805516,517578.5387117808,T,22.374594823013556,0.20323114024558314,0.4508116460846848,22.374594823013556,0.20323114024558314
3545,587215.3067460468,517578.5387117808,T,22.339828968429035,0.22116606872807282,0.47028296665738684,22.339828968429035,0.22116606872807282
3546,587215.5926865772,517578.5387117808,T,22.294895496732043,0.23854032456266688,0.4884059014412775,22.294895496732043,0.23854032456266688
3547,587215.878627108,517578.5387117808,T,22.240056432677648,0.2556278396617053,0.5055965186408085,22.240056432677648,0.2556278396617053
3548,587216.1645676387,517578.5387117808,T,22.17595322918254,0.27254042647953336,0.5220540455542255,22.17595322918254,0.27254042647953336
3549,587216.4505081691,517578.5387117808,T,22.10397392304284,0.2891811846205329,0.5377556923181128,22.10397392304284,0.2891811846205329
3550,587216.7364486998,517578.5387117808,T,22.02536758682972,0.30537061916383074,0.5526034918129189,22.02536758682972,0.30537061916383074
3551,587217.0223892303,517578.5387117808,T,21.94209431124988,0.32089961323450383,0.5664800201547304,21.94209431124988,0.32089961323450383
3552,587202.1534816376,517578.8246523115,T,20.64535474394968,0.30353253790863466,0.5509378711875185,20.64535474394968,0.30353253790863466
3553,587202.4394221683,517578.8246523115,T,20.62121680973971,0.28870219652266277,0.5373101492831331,20.62121680973971,0.28870219652266277
3554,587202.725362699,517578.8246523115,T,20.59931720328835,0.27301710672564555,0.5225103891078584,20.59931720328835,0.27301710672564555
3555,587203.0113032295,517578.8246523115,T,20.57991486901721,0.25642271970895697,0.5063819899136984,20.57991486901721,0.25642271970895697
3556,587203.2972437602,517578.8246523115,T,20.563210708823938,0.23895324190073525,0.48882843810557425,20.563210708823938,0.23895324190073525
3557,587203.5831842909,517578.8246523115,T,20.54910534545598,0.2207451398887097,0.4698352263173864,20.54910534545598,0.2207451398887097
3558,587203.8691248214,517578.8246523115,T,20.537544690044598,0.20214993528367914,0.4496108709580754,20.537544690044598,0.20214993528367914
3559,587204.1550653521,517578.8246523115,T,20.52850177150837,0.18380148029394489,0.42872074861609494,20.52850177150837,0.18380148029394489
3560,587204.4410058828,517578.8246523115,T,20.52156788407177,0.16661240093755883,0.40818182337967823,20.52156788407177,0.16661240093755883
3561,587204.7269464133,517578.8246523115,T,20.51642912640028,0.15149437982639236,0.38922278944891237,20.51642912640028,0.15149437982639236
3562,587205.012886944,517578.8246523115,T,20.512983420173683,0.1385405526956511,0.37221036081180103,20.512983420173683,0.1385405526956511
3563,587205.2988274747,517578.8246523115,T,20.510907492717028,0.1266036579031381,0.35581407771916235,20.510907492717028,0.1266036579031381
3564,587205.5847680052,517578.8246523115,T,20.50971912993667,0.1136368917703362,0.33710071457998453,20.50971912993667,0.1136368917703362
3565,587205.8707085359,517578.8246523115,T,20.508988909439577,0.0975584948503448,0.312343552599289,20.508988909439577,0.0975584948503448
3566,587206.1566490666,517578.8246523115,T,20.509475927453373,0.0772232825766517,0.2778907745439774,20.509475927453373,0.0772232825766517
3567,587206.4425895971,517578.8246523115,T,20.515165456412376,0.05444560255289984,0.23333581498111222,20.515165456412376,0.05444560255289984
3568,587206.7285301278,517578.8246523115,T,20.535580594479406,0.04222409073379958,0.2054850134043833,20.535580594479406,0.04222409073379958
3569,587207.0144706585,517578.8246523115,T,20.583688411019207,0.05849255600413605,0.24185234339186387,20.583688411019207,0.05849255600413605
3570,587207.300411189,517578.8246523115,T,20.64557969417614,0.08464192135797197,0.2909328468185948,20.64557969417614,0.08464192135797197
3571,587207.5863517197,517578.8246523115,T,20.710280924436702,0.10793354063724314,0.32853240424232605,20.710280924436702,0.10793354063724314
3572,587207.8722922504,517578.8246523115,T,20.774574448694146,0.12624572832903522,0.35531074896354486,20.774574448694146,0.12624572832903522
3573,587208.1582327809,517578.8246523115,T,20.83736945733832,0.13988672602888047,0.3740143393359143,20.83736945733832,0.13988672602888047
3574,587208.4441733116,517578.8246523115,T,20.902355857427928,0.14978019294128198,0.3870144608942694,20.902355857427928,0.14978019294128198
3575,587208.7301138423,517578.8246523115,T,20.971589757410925,0.15688669855759704,0.3960892557967169,20.971589757410925,0.15688669855759704
3576,587209.0160543728,517578.8246523115,T,21.044567824894003,0.16184937669279267,0.4023050791287536,21.044567824894003,0.16184937669279267
3577,587209.3019949035,517578.8246523115,T,21.120985432251803,0.16489604825652215,0.4060739443211324,21.120985432251803,0.16489604825652215
3578,587209.587935434,517578.8246523115,T,21.20067276760352,0.16591295137802153,0.4073241355211124,21.20067276760352,0.16591295137802153
3579,587209.8738759647,517578.8246523115,T,21.283980180668205,0.16460913115395,0.4057205086681594,21.283980180668205,0.16460913115395
3580,587210.1598164954,517578.8246523115,T,21.371309791415005,0.16088781146426445,0.40110822911561467,21.371309791415005,0.16088781146426445
3581,587210.4457570259,517578.8246523115,T,21.462432353721496,0.15502197497298797,0.3937283009550977,21.462432353721496,0.15502197497298797
3582,587210.7316975566,517578.8246523115,T,21.556976764836875,0.14768736949380665,0.3843011442785549,21.556976764836875,0.14768736949380665
3583,587211.0176380873,517578.8246523115,T,21.654424999866826,0.1398683614134708,0.373989787846501,21.654424999866826,0.1398683614134708
3584,587211.3035786177,517578.8246523115,T,21.754160358929763,0.13242948254426065,0.36390861839788935,21.754160358929763,0.13242948254426065
3585,587211.5895191485,517578.8246523115,T,21.85555433323582,0.12544407776882208,0.3541808546051326,21.85555433323582,0.12544407776882208
3586,587211.8754596792,517578.8246523115,T,21.958008351827903,0.1178176579282231,0.3432457689880869,21.958008351827903,0.1178176579282231
3587,587212.1614002096,517578.8246523115,T,22.060982571903935,0.10765753640491608,0.3281120790292794,22.060982571903935,0.10765753640491608
3588,587212.4473407404,517578.8246523115,T,22.164047238138068,0.0931834765371774,0.30525968704887546,22.164047238138068,0.0931834765371774
3589,587212.7332812711,517578.8246523115,T,22.26546460391546,0.0738222193707269,0.2717024463834047,22.26546460391546,0.0738222193707269
3590,587213.0192218015,517578.8246523115,T,22.36040271712406,0.052707422155044224,0.2295809708034275,22.36040271712406,0.052707422155044224
3591,587213.3051623323,517578.8246523115,T,22.433097427673093,0.045760492128232806,0.2139170215953672,22.433097427673093,0.045760492128232806
3592,587213.591102863,517578.8246523115,T,22.470461100623947,0.06632890285866888,0.257543982377125,22.470461100623947,0.06632890285866888
3593,587213.8770433934,517578.8246523115,T,22.488657954923376,0.09503051728830827,0.30827020175214515,22.488657954923376,0.09503051728830827
3594,587214.1629839242,517578.8246523115,T,22.495791422622116,0.12176888654786422,0.34895398915596915,22.495791422622116,0.12176888654786422
3595,587214.4489244549,517578.8246523115,T,22.494124461103624,0.14496591323220284,0.38074389454356694,22.494124461103624,0.14496591323220284
3596,587214.7348649853,517578.8246523115,T,22.482719319993695,0.16514967062519578,0.4063861102759244,22.482719319993695,0.16514967062519578
3597,587215.020805516,517578.8246523115,T,22.46020469555461,0.18340035818443046,0.42825268030034613,22.46020469555461,0.18340035818443046
3598,587215.3067460468,517578.8246523115,T,22.425756267104784,0.20080679100379062,0.4481147074174096,22.425756267104784,0.20080679100379062
3599,587215.5926865772,517578.8246523115,T,22.379448955424888,0.21815411076475927,0.4670697065372141,22.379448955424888,0.21815411076475927
3600,587215.878627108,517578.8246523115,T,22.32202211914458,0.23578430505771514,0.48557626080536015,22.32202211914458,0.23578430505771514
3601,587216.1645676387,517578.8246523115,T,22.254306537021918,0.2537099119782208,0.5036962497162558,22.254306537021918,0.2537099119782208
3602,587216.4505081691,517578.8246523115,T,22.17792699835499,0.27170074513881626,0.5212492159599056,22.17792699835499,0.27170074513881626
3603,587216.7364486998,517578.8246523115,T,22.09469272076993,0.2894828788045307,0.5380361315046888,22.09469272076993,0.2894828788045307
3604,587217.0223892303,517578.8246523115,T,22.006467843222516,0.3067555341929779,0.5538551563296833,22.006467843222516,0.3067555341929779
3605,587217.308329761,517578.8246523115,T,21.91573842980521,0.3231716996987928,0.5684819255691361,21.91573842980521,0.3231716996987928
3606,587217.5942702917,517578.8246523115,T,21.824247830653714,0.33852187776909537,0.581826329559857,21.824247830653714,0.33852187776909537
3607,587202.4394221683,517579.1105928421,T,20.64776771505461,0.3061591890804555,0.5533165360627273,20.64776771505461,0.3061591890804555
3608,587202.725362699,517579.1105928421,T,20.625584376939845,0.29137690784652753,0.5397933936669914,20.625584376939845,0.29137690784652753
3609,587203.0113032295,517579.1105928421,T,20.60550475920582,0.2756702795723037,0.5250431216312653,20.60550475920582,0.2756702795723037
3610,587203.2972437602,517579.1105928421,T,20.587866332855803,0.2591366453808332,0.5090546585395651,20.587866332855803,0.2591366453808332
3611,587203.5831842909,517579.1105928421,T,20.572689977857554,0.24196127907882192,0.49189559774287667,20.572689977857554,0.24196127907882192
3612,587203.8691248214,517579.1105928421,T,20.559925094740837,0.2244245344286164,0.4737346666949933,20.559925094740837,0.2244245344286164
3613,587204.1550653521,517579.1105928421,T,20.549322450339535,0.20691676607379147,0.45488104607005936,20.549322450339535,0.20691676607379147
3614,587204.4410058828,517579.1105928421,T,20.540009328755136,0.18992852781207661,0.43580790242040884,20.540009328755136,0.18992852781207661
3615,587204.7269464133,517579.1105928421,T,20.532124069586626,0.1737772982904786,0.41686604358052315,20.532124069586626,0.1737772982904786
3616,587205.012886944,517579.1105928421,T,20.52550505839194,0.1582172321010094,0.3977652977586273,20.52550505839194,0.1582172321010094
3617,587205.2988274747,517579.1105928421,T,20.51983132477289,0.142247298912381,0.37715686247552355,20.51983132477289,0.142247298912381
3618,587205.5847680052,517579.1105928421,T,20.51465113985376,0.12427640002806825,0.3525285804414562,20.51465113985376,0.12427640002806825
3619,587205.8707085359,517579.1105928421,T,20.50944162715408,0.10249896875790739,0.32015460133802137,20.50944162715408,0.10249896875790739
3620,587206.1566490666,517579.1105928421,T,20.504462364985518,0.07524188626437153,0.27430254512922686,20.504462364985518,0.07524188626437153
3621,587206.4425895971,517579.1105928421,T,20.50138098729708,0.041198611326059086,0.2029744105202897,20.50138098729708,0.041198611326059086
3622,587206.7285301278,517579.1105928421,T,20.501163098898335,0.0010317231498185875,0.03212044753453145,20.501163098898335,0.0010317231498185875
3623,587207.0144706585,517579.1105928421,T,20.566383244698066,0.041708318287961114,0.2042261449667038,20.566383244698066,0.041708318287961114
3624,587207.300411189,517579.1105928421,T,20.632198954964664,0.0741778379118674,0.27235608660697747,20.632198954964664,0.0741778379118674
3625,587207.5863517197,517579.1105928421,T,20.697179372524865,0.0988937358957581,0.3144737443662954,20.697179372524865,0.0988937358957581
3626,587207.8722922504,517579.1105928421,T,20.760706173707405,0.1170811125462687,0.34217117433569516,20.760706173707405,0.1170811125462687
3627,587208.1582327809,517579.1105928421,T,20.82269598819827,0.13022819034767585,0.3608714318807681,20.82269598819827,0.13022819034767585
3628,587208.4441733116,517579.1105928421,T,20.88791008913368,0.13994945683171783,0.3740981914306962,20.88791008913368,0.13994945683171783
3629,587208.7301138423,517579.1105928421,T,20.957089820896766,0.14763222399579934,0.38422938981264737,20.957089820896766,0.14763222399579934
3630,587209.0160543728,517579.1105928421,T,21.029800097690128,0.15407713246659066,0.3925266009668525,21.029800097690128,0.15407713246659066
3631,587209.3019949035,517579.1105928421,T,21.105792791566873,0.15940038315117147,0.3992497753927627,21.105792791566873,0.15940038315117147
3632,587209.587935434,517579.1105928421,T,21.18502241606264,0.16323259565301224,0.4040205386524455,21.18502241606264,0.16323259565301224
3633,587209.8738759647,517579.1105928421,T,21.268471098349575,0.16508974525602502,0.40631237398832076,21.268471098349575,0.16508974525602502
3634,587210.1598164954,517579.1105928421,T,21.356340465144857,0.16474151975095086,0.4058836283356978,21.356340465144857,0.16474151975095086
3635,587210.4457570259,517579.1105928421,T,21.44852594541559,0.16226060278533935,0.40281584227204786,21.44852594541559,0.16226060278533935
3636,587210.7316975566,517579.1105928421,T,21.544776405122764,0.15799852481702661,0.39749028266993724,21.544776405122764,0.15799852481702661
3637,587211.0176380873,517579.1105928421,T,21.644706302349363,0.15242339359354737,0.39041438702172254,21.644706302349363,0.15242339359354737
3638,587211.3035786177,517579.1105928421,T,21.747835891088343,0.14581401668018892,0.3818560156396504,21.747835891088343,0.14581401668018892
3639,587211.5895191485,517579.1105928421,T,21.8536424957969,0.13791708150875584,0.3713718911128787,21.8536424957969,0.13791708150875584
3640,587211.8754596792,517579.1105928421,T,21.961589236974284,0.12778365519692217,0.35746839748000403,21.961589236974284,0.12778365519692217
3641,587212.1614002096,517579.1105928421,T,22.07132190960536,0.11391044369310786,0.3375062128214944,22.07132190960536,0.11391044369310786
3642,587212.4473407404,517579.1105928421,T,22.1826592432477,0.09466384919476305,0.30767490829569294,22.1826592432477,0.09466384919476305
3643,587212.7332812711,517579.1105928421,T,22.294830482547034,0.06862229937651718,0.26195858332285504,22.294830482547034,0.06862229937651718
3644,587213.0192218015,517579.1105928421,T,22.406809835582273,0.03469239536805092,0.18625894708188093,22.406809835582273,0.03469239536805092
3645,587213.3051623323,517579.1105928421,T,22.502414630195616,0.008492229628354423,0.09215329418069884,22.502414630195616,0.008492229628354423
3646,587213.591102863,517579.1105928421,T,22.528127437005853,0.04857520445667448,0.22039783224132328,22.528127437005853,0.04857520445667448
3647,587213.8770433934,517579.1105928421,T,22.548010428855697,0.0816840604081942,0.28580423441263814,22.548010428855697,0.0816840604081942
3648,587214.1629839242,517579.1105928421,T,22.560511182783628,0.10828087284095034,0.32906059144320265,22.560511182783628,0.10828087284095034
3649,587214.4489244549,517579.1105928421,T,22.56498076046049,0.12966702818992937,0.3600930826743682,22.56498076046049,0.12966702818992937
3650,587214.7348649853,517579.1105928421,T,22.559038151223735,0.14752460099608752,0.38408931382698935,22.559038151223735,0.14752460099608752
3651,587215.020805516,517579.1105928421,T,22.54023732253671,0.16367231270790877,0.4045643492794549,22.54023732253671,0.16367231270790877
3652,587215.3067460468,517579.1105928421,T,22.50708644819594,0.17971591187829802,0.42392913544400085,22.50708644819594,0.17971591187829802
3653,587215.5926865772,517579.1105928421,T,22.45957933427066,0.196683143754778,0.4434897335393211,22.45957933427066,0.196683143754778
3654,587215.878627108,517579.1105928421,T,22.399091173136373,0.2148604083554533,0.46353037479269177,22.399091173136373,0.2148604083554533
3655,587216.1645676387,517579.1105928421,T,22.32708451041152,0.2339952154821591,0.48373051948596246,22.32708451041152,0.2339952154821591
3656,587216.4505081691,517579.1105928421,T,22.245718369045072,0.2536199364804838,0.5036069265612655,22.245718369045072,0.2536199364804838
3657,587216.7364486998,517579.1105928421,T,22.15746471068187,0.27325281610938634,0.5227358951797613,22.15746471068187,0.27325281610938634
3658,587217.0223892303,517579.1105928421,T,22.064452060224607,0.2924363794524924,0.5407738709039966,22.064452060224607,0.2924363794524924
3659,587217.308329761,517579.1105928421,T,21.968780257563377,0.3107510567032538,0.5574504970876372,21.968780257563377,0.3107510567032538
3660,587217.5942702917,517579.1105928421,T,21.872793366834316,0.32786842801697563,0.5725979636856698,21.872793366834316,0.32786842801697563
3661,587217.8802108222,517579.1105928421,T,21.7777117126726,0.3436269167918868,0.5861969948676697,21.7777117126726,0.3436269167918868
3662,587203.0113032295,517579.3965333727,T,20.633296516135047,0.2939987271747541,0.5422164947461061,20.633296516135047,0.2939987271747541
3663,587203.2972437602,517579.3965333727,T,20.61494862352777,0.27848062081732655,0.5277126309056157,20.61494862352777,0.27848062081732655
3664,587203.5831842909,517579.3965333727,T,20.598952658519217,0.26229614988349526,0.5121485623171222,20.598952658519217,0.26229614988349526
3665,587203.8691248214,517579.3965333727,T,20.585261591111166,0.24562924008562656,0.4956099677020495,20.585261591111166,0.24562924008562656
3666,587204.1550653521,517579.3965333727,T,20.57311764387598,0.228719238562455,0.4782460021395422,20.57311764387598,0.228719238562455
3667,587204.4410058828,517579.3965333727,T,20.561888844065013,0.21179623394405916,0.46021324833609384,20.561888844065013,0.21179623394405916
3668,587204.7269464133,517579.3965333727,T,20.551870921594862,0.19489029923033563,0.4414638141799797,20.551870921594862,0.19489029923033563
3669,587205.012886944,517579.3965333727,T,20.54296890896773,0.17768100724388547,0.4215222499986038,20.54296890896773,0.17768100724388547
3670,587205.2988274747,517579.3965333727,T,20.53496146062255,0.15939410366965048,0.3992419112138034,20.53496146062255,0.15939410366965048
3671,587205.5847680052,517579.3965333727,T,20.527591808015963,0.13894265672688044,0.3727501263941844,20.527591808015963,0.13894265672688044
3672,587205.8707085359,517579.3965333727,T,20.520675444348296,0.11524659425421979,0.33947988784936844,20.520675444348296,0.11524659425421979
3673,587206.1566490666,517579.3965333727,T,20.515156554134585,0.08782441505088481,0.2963518433397788,20.515156554134585,0.08782441505088481
3674,587206.4425895971,517579.3965333727,T,20.515294267333605,0.05874274058046299,0.24236901736909977,20.515294267333605,0.05874274058046299
3675,587206.7285301278,517579.3965333727,T,20.531249616562214,0.041384992390886534,0.20343301696353652,20.531249616562214,0.041384992390886534
3676,587207.0144706585,517579.3965333727,T,20.575905750426145,0.054300367462198205,0.23302439241890152,20.575905750426145,0.054300367462198205
3677,587207.300411189,517579.3965333727,T,20.63363897149089,0.07685134189093704,0.2772207457802122,20.63363897149089,0.07685134189093704
3678,587207.5863517197,517579.3965333727,T,20.694017467982455,0.0959889375281545,0.3098208151950971,20.694017467982455,0.0959889375281545
3679,587207.8722922504,517579.3965333727,T,20.754150335177286,0.1100095710274951,0.3316769075885373,20.754150335177286,0.1100095710274951
3680,587208.1582327809,517579.3965333727,T,20.81394985527053,0.11992603489329925,0.3463033856220572,20.81394985527053,0.11992603489329925
3681,587208.4441733116,517579.3965333727,T,20.877843407187903,0.12760492211609023,0.3572183115632375,20.877843407187903,0.12760492211609023
3682,587208.7301138423,517579.3965333727,T,20.945447531464648,0.13479968960379474,0.3671507723045054,20.945447531464648,0.13479968960379474
3683,587209.0160543728,517579.3965333727,T,21.01613848655081,0.14236732251157838,0.3773159452124683,21.01613848655081,0.14236732251157838
3684,587209.3019949035,517579.3965333727,T,21.08985053309352,0.15006231941178896,0.3873787802807337,21.08985053309352,0.15006231941178896
3685,587209.587935434,517579.3965333727,T,21.167378906003627,0.1569617447708427,0.3961839784378499,21.167378906003627,0.1569617447708427
3686,587209.8738759647,517579.3965333727,T,21.24964142795796,0.1621792287501269,0.40271482310703055,21.24964142795796,0.1621792287501269
3687,587210.1598164954,517579.3965333727,T,21.336817434160555,0.16520906926735224,0.40645918524170693,21.336817434160555,0.16520906926735224
3688,587210.4457570259,517579.3965333727,T,21.428907849373903,0.16592833795699202,0.40734302247245135,21.428907849373903,0.16592833795699202
3689,587210.7316975566,517579.3965333727,T,21.52573697154517,0.16447823738448086,0.4055591663179133,21.52573697154517,0.16447823738448086
3690,587211.0176380873,517579.3965333727,T,21.6269765267474,0.16106227312375704,0.4013256447372346,21.6269765267474,0.16106227312375704
3691,587211.3035786177,517579.3965333727,T,21.73217920844821,0.15571537150838652,0.39460787056061936,21.73217920844821,0.15571537150838652
3692,587211.5895191485,517579.3965333727,T,21.840808906258548,0.1481142105354723,0.38485609068257226,21.840808906258548,0.1481142105354723
3693,587211.8754596792,517579.3965333727,T,21.95224831681799,0.1375188703512823,0.370835368258318,21.95224831681799,0.1375188703512823
3694,587212.1614002096,517579.3965333727,T,22.066122025249864,0.12288665514578763,0.3505519293140285,22.066122025249864,0.12288665514578763
3695,587212.4473407404,517579.3965333727,T,22.181770355112487,0.1033028715169068,0.32140764072577177,22.181770355112487,0.1033028715169068
3696,587212.7332812711,517579.3965333727,T,22.29752943009892,0.07858518135430374,0.2803304859523911,22.29752943009892,0.07858518135430374
3697,587213.0192218015,517579.3965333727,T,22.40870734024864,0.051607328934605255,0.22717246517702197,22.40870734024864,0.051607328934605255
3698,587213.3051623323,517579.3965333727,T,22.49796632480401,0.039370604167952475,0.19842027156506079,22.49796632480401,0.039370604167952475
3699,587213.591102863,517579.3965333727,T,22.549936343689907,0.057205488111558976,0.2391766880604357,22.549936343689907,0.057205488111558976
3700,587213.8770433934,517579.3965333727,T,22.58437711751473,0.08131420483325763,0.28515645676234935,22.58437711751473,0.08131420483325763
3701,587214.1629839242,517579.3965333727,T,22.60880854362575,0.10177383836582832,0.31902012219580805,22.60880854362575,0.10177383836582832
3702,587214.4489244549,517579.3965333727,T,22.62397515379329,0.11784058761104735,0.34327916862380004,22.62397515379329,0.11784058761104735
3703,587214.7348649853,517579.3965333727,T,22.626992000297292,0.13099171788059713,0.3619277799238366,22.626992000297292,0.13099171788059713
3704,587215.020805516,517579.3965333727,T,22.614306894302327,0.14344445833652203,0.3787406214502506,22.614306894302327,0.14344445833652203
3705,587215.3067460468,517579.3965333727,T,22.583527895194095,0.15729747763991675,0.3966074603936703,22.583527895194095,0.15729747763991675
3706,587215.5926865772,517579.3965333727,T,22.53468531733169,0.17374277681201525,0.41682463556274507,22.53468531733169,0.17374277681201525
3707,587215.878627108,517579.3965333727,T,22.47023771341507,0.1927676434324023,0.43905312142427855,22.47023771341507,0.1927676434324023
3708,587216.1645676387,517579.3965333727,T,22.392869147985586,0.21358287572163795,0.46215027396036235,22.392869147985586,0.21358287572163795
3709,587216.4505081691,517579.3965333727,T,22.305794400154422,0.2353014870604306,0.48507884623062114,22.305794400154422,0.2353014870604306
3710,587216.7364486998,517579.3965333727,T,22.212143501433236,0.25712567894142707,0.5070756146191878,22.212143501433236,0.25712567894142707
3711,587217.0223892303,517579.3965333727,T,22.114318424664905,0.2784270033533173,0.527661826697097,22.114318424664905,0.2784270033533173
3712,587217.308329761,517579.3965333727,T,22.014166340047428,0.2987328994547918,0.5465646342883811,22.014166340047428,0.2987328994547918
3713,587217.5942702917,517579.3965333727,T,21.914029178323023,0.3176552758121054,0.5636091516397737,21.914029178323023,0.3176552758121054
3714,587217.8802108222,517579.3965333727,T,21.815368623582707,0.3350095654190428,0.5788001083440144,21.815368623582707,0.3350095654190428
3715,587218.1661513529,517579.3965333727,T,21.719076739335375,0.35068915256863975,0.5921901321101524,21.719076739335375,0.35068915256863975
3716,587203.2972437602,517579.6824739034,T,20.64418675071582,0.2967625511543069,0.5447591680314402,20.64418675071582,0.2967625511543069
3717,587203.5831842909,517579.6824739034,T,20.6276311382148,0.28155185632961016,0.530614602446644,20.6276311382148,0.28155185632961016
3718,587203.8691248214,517579.6824739034,T,20.613147567356783,0.2656923989598161,0.515453585650363,20.613147567356783,0.2656923989598161
3719,587204.1550653521,517579.6824739034,T,20.599683216166483,0.2493616108373369,0.4993612027754428,20.599683216166483,0.2493616108373369
3720,587204.4410058828,517579.6824739034,T,20.587018311177605,0.2326401798313077,0.4823278758596767,20.587018311177605,0.2326401798313077
3721,587204.7269464133,517579.6824739034,T,20.575451856646787,0.2154473967319691,0.46416311435956337,20.575451856646787,0.2154473967319691
3722,587205.012886944,517579.6824739034,T,20.565059173929594,0.1975284952609494,0.44444177938279994,20.565059173929594,0.1975284952609494
3723,587205.2988274747,517579.6824739034,T,20.555785985100506,0.17840198100621868,0.4223765867164262,20.555785985100506,0.17840198100621868
3724,587205.5847680052,517579.6824739034,T,20.547667556868603,0.1575303712954156,0.3969009590507632,20.547667556868603,0.1575303712954156
3725,587205.8707085359,517579.6824739034,T,20.54102031613734,0.13469507994032573,0.3670082832039704,20.54102031613734,0.13469507994032573
3726,587206.1566490666,517579.6824739034,T,20.537750563218697,0.11073457509826964,0.33276804999619425,20.537750563218697,0.11073457509826964
3727,587206.4425895971,517579.6824739034,T,20.54325867625087,0.0891063513801169,0.2985068699043908,20.54325867625087,0.0891063513801169
3728,587206.7285301278,517579.6824739034,T,20.562709458249696,0.07696674847957509,0.27742881695954924,20.562709458249696,0.07696674847957509
3729,587207.0144706585,517579.6824739034,T,20.59849044970168,0.07868878174159101,0.2805152076832752,20.59849044970168,0.07868878174159101
3730,587207.300411189,517579.6824739034,T,20.6461035547862,0.08811124329111455,0.2968353807939925,20.6461035547862,0.08811124329111455
3731,587207.5863517197,517579.6824739034,T,20.699295769813975,0.09763052372850338,0.31245883525434737,20.699295769813975,0.09763052372850338
3732,587207.8722922504,517579.6824739034,T,20.754205964348756,0.10422983895401582,0.32284646343736806,20.754205964348756,0.10422983895401582
3733,587208.1582327809,517579.6824739034,T,20.81056341852213,0.1082415154827216,0.32900078340745875,20.81056341852213,0.1082415154827216
3734,587208.4441733116,517579.6824739034,T,20.871594186695383,0.11186317133783688,0.3344595212246721,20.871594186695383,0.11186317133783688
3735,587208.7301138423,517579.6824739034,T,20.935953726796043,0.11756836494556178,0.34288243604122065,20.935953726796043,0.11756836494556178
3736,587209.0160543728,517579.6824739034,T,21.002939692587766,0.12628826718276384,0.35537060540056464,21.002939692587766,0.12628826718276384
3737,587209.3019949035,517579.6824739034,T,21.07293849508292,0.1368710292296737,0.3699608482389369,21.07293849508292,0.1368710292296737
3738,587209.587935434,517579.6824739034,T,21.14744788288228,0.14731946478325422,0.38382217859739975,21.14744788288228,0.14731946478325422
3739,587209.8738759647,517579.6824739034,T,21.22716532993375,0.1561073108639137,0.3951041772291375,21.22716532993375,0.1561073108639137
3740,587210.1598164954,517579.6824739034,T,21.312412509434175,0.16246140234238957,0.4030650100695787,21.312412509434175,0.16246140234238957
3741,587210.4457570259,517579.6824739034,T,21.40325136938052,0.16618748652853657,0.4076609946126028,21.40325136938052,0.16618748652853657
3742,587210.7316975566,517579.6824739034,T,21.4995249992068,0.1673863297123896,0.40912874466650423,21.4995249992068,0.1673863297123896
3743,587211.0176380873,517579.6824739034,T,21.60089318931118,0.16619848735891857,0.40767448701006365,21.60089318931118,0.16619848735891857
3744,587211.3035786177,517579.6824739034,T,21.706858828031933,0.1626148790124665,0.4032553521188113,21.706858828031933,0.1626148790124665
3745,587211.5895191485,517579.6824739034,T,21.816779612056436,0.15637884945790168,0.3954476570393377,21.816779612056436,0.15637884945790168
3746,587211.8754596792,517579.6824739034,T,21.929881104497582,0.14700879899900418,0.38341726486819055,21.929881104497582,0.14700879899900418
3747,587212.1614002096,517579.6824739034,T,22.04557496934566,0.13398566309390061,0.3660405211092081,22.04557496934566,0.13398566309390061
3748,587212.4473407404,517579.6824739034,T,22.162445910887584,0.11728731253088338,0.34247235294383016,22.162445910887584,0.11728731253088338
3749,587212.7332812711,517579.6824739034,T,22.277486299745327,0.09813060923652184,0.31325805534179296,22.277486299745327,0.09813060923652184
3750,587213.0192218015,517579.6824739034,T,22.385008233697295,0.08067971109509019,0.28404174181815284,22.385008233697295,0.08067971109509019
3751,587213.3051623323,517579.6824739034,T,22.476192277437196,0.07284217545768754,0.26989289627125707,22.476192277437196,0.07284217545768754
3752,587213.591102863,517579.6824739034,T,22.546102529343756,0.07812041985283809,0.2795003038510658,22.546102529343756,0.07812041985283809
3753,587213.8770433934,517579.6824739034,T,22.599201387206758,0.08954263684323671,0.2992367571727055,22.599201387206758,0.08954263684323671
3754,587214.1629839242,517579.6824739034,T,22.640049276526874,0.10031281234271852,0.3167219795699669,22.640049276526874,0.10031281234271852
3755,587214.4489244549,517579.6824739034,T,22.670172880527637,0.10829296652454357,0.32907896700418815,22.670172880527637,0.10829296652454357
3756,587214.7348649853,517579.6824739034,T,22.686120436473246,0.11448727517969384,0.3383596831475255,22.686120436473246,0.11448727517969384
3757,587215.020805516,517579.6824739034,T,22.68250319134777,0.12162748503449222,0.34875132262758834,22.68250319134777,0.12162748503449222
3758,587215.3067460468,517579.6824739034,T,22.655091737756173,0.13265470501632537,0.36421793615406334,22.655091737756173,0.13265470501632537
3759,587215.5926865772,517579.6824739034,T,22.604030344607377,0.148920279149604,0.38590190353197795,22.604030344607377,0.148920279149604
3760,587215.878627108,517579.6824739034,T,22.53384418185259,0.16961738887987965,0.4118463170648484,22.53384418185259,0.16961738887987965
3761,587216.1645676387,517579.6824739034,T,22.44966100220168,0.19296268586685977,0.4392751823935194,22.44966100220168,0.19296268586685977
3762,587216.4505081691,517579.6824739034,T,22.356094428511177,0.21739137537113726,0.4662524802841667,22.356094428511177,0.21739137537113726
3763,587216.7364486998,517579.6824739034,T,22.25683699316792,0.2417669303327759,0.4916980072491406,22.25683699316792,0.2417669303327759
3764,587217.0223892303,517579.6824739034,T,22.15438667288311,0.2653481297947862,0.5151195296188897,22.15438667288311,0.2653481297947862
3765,587217.308329761,517579.6824739034,T,22.050445514843435,0.2876583875452175,0.5363379415491855,22.050445514843435,0.2876583875452175
3766,587217.5942702917,517579.6824739034,T,21.94676101471361,0.30834593742551486,0.5552890575416689,21.94676101471361,0.30834593742551486
3767,587217.8802108222,517579.6824739034,T,21.8451675219588,0.32720468042554796,0.5720180770094141,21.8451675219588,0.32720468042554796
3768,587218.1661513529,517579.6824739034,T,21.746450177128335,0.3441680036054007,0.5866583363469752,21.746450177128335,0.3441680036054007
3769,587218.4520918836,517579.6824739034,T,21.651243815102927,0.3591654069110813,0.5993041021977751,21.651243815102927,0.3591654069110813
3770,587203.5831842909,517579.968414434,T,20.65798526491537,0.29959597974793695,0.5473536149035073,20.65798526491537,0.29959597974793695
3771,587203.8691248214,517579.968414434,T,20.642952173390437,0.28458957565796494,0.5334693764950008,20.642952173390437,0.28458957565796494
3772,587204.1550653521,517579.968414434,T,20.628618822017422,0.26893889355995876,0.5185931869586784,20.628618822017422,0.26893889355995876
3773,587204.4410058828,517579.968414434,T,20.61501922662241,0.252663434058656,0.5026563777160855,20.61501922662241,0.252663434058656
3774,587204.7269464133,517579.968414434,T,20.60240582080893,0.23566047224944173,0.4854487328744836,20.60240582080893,0.23566047224944173
3775,587205.012886944,517579.968414434,T,20.591111232059767,0.2177879074258485,0.4666775197348256,20.591111232059767,0.2177879074258485
3776,587205.2988274747,517579.968414434,T,20.5812603847482,0.19883742891887185,0.4459119071283832,20.5812603847482,0.19883742891887185
3777,587205.5847680052,517579.968414434,T,20.573136523222146,0.17869434209961796,0.42272253559470657,20.573136523222146,0.17869434209961796
3778,587205.8707085359,517579.968414434,T,20.567630685250872,0.1576459836719501,0.3970465761997578,20.567630685250872,0.1576459836719501
3779,587206.1566490666,517579.968414434,T,20.56669822438318,0.13688362532847195,0.36997787140377997,20.56669822438318,0.13688362532847195
3780,587206.4425895971,517579.968414434,T,20.57470428881758,0.11892571320859757,0.34485607607898916,20.57470428881758,0.11892571320859757
3781,587206.7285301278,517579.968414434,T,20.593443379471886,0.10696514070601568,0.3270552563497729,20.593443379471886,0.10696514070601568
3782,587207.0144706585,517579.968414434,T,20.623676680016178,0.10207750808915815,0.319495709030901,20.623676680016178,0.10207750808915815
3783,587207.300411189,517579.968414434,T,20.663496987922326,0.10148239062117875,0.3185630088713672,20.663496987922326,0.10148239062117875
3784,587207.5863517197,517579.968414434,T,20.709472560104135,0.10111361015069155,0.31798366333931616,20.709472560104135,0.10111361015069155
3785,587207.8722922504,517579.968414434,T,20.75844655133601,0.09861867965554766,0.3140361120246327,20.75844655133601,0.09861867965554766
3786,587208.1582327809,517579.968414434,T,20.8107230419351,0.09437661600530341,0.307207773347784,20.8107230419351,0.09437661600530341
3787,587208.4441733116,517579.968414434,T,20.868153772036024,0.09165997602844045,0.3027539859827455,20.868153772036024,0.09165997602844045
3788,587208.7301138423,517579.968414434,T,20.92818554965121,0.09501249025876334,0.30824096135777174,20.92818554965121,0.09501249025876334
3789,587209.0160543728,517579.968414434,T,20.989839896365837,0.10573320723823908,0.3251664300604216,20.989839896365837,0.10573320723823908
3790,587209.3019949035,517579.968414434,T,21.05477840769906,0.12042962982499869,0.3470297246994826,21.05477840769906,0.12042962982499869
3791,587209.587935434,517579.968414434,T,21.12474197468053,0.13512055730746786,0.3675874825228246,21.12474197468053,0.13512055730746786
3792,587209.8738759647,517579.968414434,T,21.20061450415288,0.14756275874068084,0.384138983625303,21.20061450415288,0.14756275874068084
3793,587210.1598164954,517579.968414434,T,21.28278191851538,0.15698191032172545,0.39620942735089665,21.28278191851538,0.15698191032172545
3794,587210.4457570259,517579.968414434,T,21.37129566561929,0.1633700981959518,0.4041906705948961,21.37129566561929,0.1633700981959518
3795,587210.7316975566,517579.968414434,T,21.46596133244934,0.16698654012600098,0.4086398660507819,21.46596133244934,0.16698654012600098
3796,587211.0176380873,517579.968414434,T,21.566374194349365,0.16805822179753324,0.4099490478065942,21.566374194349365,0.16805822179753324
3797,587211.3035786177,517579.968414434,T,21.6719343608321,0.16662967653936603,0.40820298448120884,21.6719343608321,0.16662967653936603
3798,587211.5895191485,517579.968414434,T,21.781847232794586,0.1625398482733976,0.4031623100854017,21.781847232794586,0.1625398482733976
3799,587211.8754596792,517579.968414434,T,21.895231903295223,0.15550680565287814,0.39434351224900116,21.895231903295223,0.15550680565287814
3800,587212.1614002096,517579.968414434,T,22.011212125799133,0.14539756052799732,0.3813103205107322,22.011212125799133,0.14539756052799732
3801,587212.4473407404,517579.968414434,T,22.127650727080905,0.13265390397637883,0.36421683648120773,22.127650727080905,0.13265390397637883
3802,587212.7332812711,517579.968414434,T,22.241524820192524,0.11875380963139813,0.34460674635212546,22.241524820192524,0.11875380963139813
3803,587213.0192218015,517579.968414434,T,22.348711518343567,0.10656201721069675,0.32643838195086183,22.348711518343567,0.10656201721069675
3804,587213.3051623323,517579.968414434,T,22.44460996225658,0.09941267941620216,0.3152977631005367,22.44460996225658,0.09941267941620216
3805,587213.591102863,517579.968414434,T,22.52676736116324,0.0981561454096516,0.31329881169524343,22.52676736116324,0.0981561454096516
3806,587213.8770433934,517579.968414434,T,22.59602455938443,0.09989728392752041,0.3160653159198592,22.59602455938443,0.09989728392752041
3807,587214.1629839242,517579.968414434,T,22.65427941780721,0.10093153619018666,0.3176972398214795,22.65427941780721,0.10093153619018666
3808,587214.4489244549,517579.968414434,T,22.702386871937357,0.09953644703659,0.3154939730590586,22.702386871937357,0.09953644703659
3809,587214.7348649853,517579.968414434,T,22.735697276893767,0.09684096217528744,0.31119280546839034,22.735697276893767,0.09684096217528744
3810,587215.020805516,517579.968414434,T,22.745213831796182,0.09687509831217482,0.3112476478821564,22.745213831796182,0.09687509831217482
3811,587215.3067460468,517579.968414434,T,22.72195664697661,0.10474953135547395,0.3236503226562179,22.72195664697661,0.10474953135547395
3812,587215.5926865772,517579.968414434,T,22.666140346168056,0.12212476739823329,0.3494635423019593,22.666140346168056,0.12212476739823329
3813,587215.878627108,517579.968414434,T,22.587132338632312,0.1461508687354246,0.38229683327935715,22.587132338632312,0.1461508687354246
3814,587216.1645676387,517579.968414434,T,22.494410377247952,0.1732122446172718,0.41618775164253907,22.494410377247952,0.1732122446172718
3815,587216.4505081691,517579.968414434,T,22.393864185702043,0.2009655400131732,0.4482918023042282,22.393864185702043,0.2009655400131732
3816,587216.7364486998,517579.968414434,T,22.28927619900199,0.2281152498393928,0.47761412231988365,22.28927619900199,0.2281152498393928
3817,587217.0223892303,517579.968414434,T,22.182860714126583,0.25397447140725543,0.5039587993152371,22.182860714126583,0.25397447140725543
3818,587217.308329761,517579.968414434,T,22.07600452067921,0.27816521126400084,0.5274137002998698,22.07600452067921,0.27816521126400084
3819,587217.5942702917,517579.968414434,T,21.969836189805893,0.30044100549903735,0.5481249907630898,21.969836189805893,0.30044100549903735
3820,587217.8802108222,517579.968414434,T,21.86619831716833,0.3206159335970595,0.5662295767593384,21.86619831716833,0.3206159335970595
3821,587218.1661513529,517579.968414434,T,21.76590218853998,0.3386637460858555,0.58194823316671,21.76590218853998,0.3386637460858555
3822,587203.8691248214,517580.2543549646,T,20.673631642204658,0.30231873707442475,0.54983519082942,20.673631642204658,0.30231873707442475
3823,587204.1550653521,517580.2543549646,T,20.658778977564324,0.2874738777526296,0.536165905063563,20.658778977564324,0.2874738777526296
3824,587204.4410058828,517580.2543549646,T,20.644667700319765,0.27187643017231006,0.5214177117938267,20.644667700319765,0.27187643017231006
3825,587204.7269464133,517580.2543549646,T,20.63148353116916,0.25544274379132426,0.5054134384751995,20.63148353116916,0.25544274379132426
3826,587205.012886944,517580.2543549646,T,20.619717671924054,0.23811655561522177,0.487971879943119,20.619717671924054,0.23811655561522177
3827,587205.2988274747,517580.2543549646,T,20.609685193823516,0.21987831399745192,0.46891184032550504,20.609685193823516,0.21987831399745192
3828,587205.5847680052,517580.2543549646,T,20.60210864250275,0.2008352512963622,0.44814646188089247,20.60210864250275,0.2008352512963622
3829,587205.8707085359,517580.2543549646,T,20.59779815460949,0.1814511201493975,0.4259707972964784,20.59779815460949,0.1814511201493975
3830,587206.1566490666,517580.2543549646,T,20.5981118774732,0.16268336531850955,0.4033402599772425,20.5981118774732,0.16268336531850955
3831,587206.4425895971,517580.2543549646,T,20.6060142176769,0.14597584862541613,0.38206785866572984,20.6060142176769,0.14597584862541613
3832,587206.7285301278,517580.2543549646,T,20.622538666343896,0.1326812586889533,0.364254387329725,20.622538666343896,0.1326812586889533
3833,587207.0144706585,517580.2543549646,T,20.648048673585606,0.12281474033922282,0.35044934061747474,20.648048673585606,0.12281474033922282
3834,587207.300411189,517580.2543549646,T,20.6815225172533,0.11460405077187691,0.33853220049483757,20.6815225172533,0.11460405077187691
3835,587207.5863517197,517580.2543549646,T,20.720992533550966,0.10546795244461325,0.32475829849999716,20.720992533550966,0.10546795244461325
3836,587207.8722922504,517580.2543549646,T,20.764254327194422,0.09351348068366896,0.3057997395088311,20.764254327194422,0.09351348068366896
3837,587208.1582327809,517580.2543549646,T,20.81258964311263,0.0789325714490834,0.28094941083597846,20.81258964311263,0.0789325714490834
3838,587208.4441733116,517580.2543549646,T,20.866725035401256,0.06636290981860467,0.2576099955719977,20.866725035401256,0.06636290981860467
3839,587208.7301138423,517580.2543549646,T,20.921773837638906,0.0662790284294225,0.2574471371552275,20.921773837638906,0.0662790284294225
3840,587209.0160543728,517580.2543549646,T,20.976387281949407,0.08175088168498003,0.2859211109466736,20.976387281949407,0.08175088168498003
3841,587209.3019949035,517580.2543549646,T,21.034465796482827,0.10269683925560505,0.32046347569669315,21.034465796482827,0.10269683925560505
3842,587209.587935434,517580.2543549646,T,21.0985198322657,0.12206137426454024,0.3493728298888456,21.0985198322657,0.12206137426454024
3843,587209.8738759647,517580.2543549646,T,21.169477056120133,0.1376898895428699,0.371065883021964,21.169477056120133,0.1376898895428699
3844,587210.1598164954,517580.2543549646,T,21.247609068647012,0.14943968841121447,0.3865742986945905,21.247609068647012,0.14943968841121447
3845,587210.4457570259,517580.2543549646,T,21.33288417835807,0.15782447844015932,0.39727129073236506,21.33288417835807,0.15782447844015932
3846,587210.7316975566,517580.2543549646,T,21.425039977040154,0.16343474664327123,0.40427063539573493,21.425039977040154,0.16343474664327123
3847,587211.0176380873,517580.2543549646,T,21.523582730339122,0.16666036844704746,0.40824057667881014,21.523582730339122,0.16666036844704746
3848,587211.3035786177,517580.2543549646,T,21.62778517538731,0.16760038446190784,0.40939025936373696,21.62778517538731,0.16760038446190784
3849,587211.5895191485,517580.2543549646,T,21.73669181749137,0.16612000993210635,0.40757822553726586,21.73669181749137,0.16612000993210635
3850,587211.8754596792,517580.2543549646,T,21.849402324973155,0.1619903985669822,0.4024803082971665,21.849402324973155,0.1619903985669822
3851,587212.1614002096,517580.2543549646,T,21.964420479259104,0.15523005830490713,0.3939924597056486,21.964420479259104,0.15523005830490713
3852,587212.4473407404,517580.2543549646,T,22.07976134269451,0.1463604506324786,0.3825708439393658,22.07976134269451,0.1463604506324786
3853,587212.7332812711,517580.2543549646,T,22.19296825340694,0.13650129162983696,0.3694608120353726,22.19296825340694,0.13650129162983696
3854,587213.0192218015,517580.2543549646,T,22.301164971916908,0.1272525660937115,0.35672477639450767,22.301164971916908,0.1272525660937115
3855,587213.3051623323,517580.2543549646,T,22.401681710156506,0.11996598950608318,0.34636106811546125,22.401681710156506,0.11996598950608318
3856,587213.591102863,517580.2543549646,T,22.49305426095609,0.11461687821440286,0.33855114564036387,22.49305426095609,0.11461687821440286
3857,587213.8770433934,517580.2543549646,T,22.57530807684309,0.10948788467783212,0.33088953546135624,22.57530807684309,0.10948788467783212
3858,587214.1629839242,517580.2543549646,T,22.649682727693794,0.10223465470743104,0.31974154360581775,22.649682727693794,0.10223465470743104
3859,587214.4489244549,517580.2543549646,T,22.717015758560645,0.09143320900657462,0.30237924698394003,22.717015758560645,0.09143320900657462
3860,587214.7348649853,517580.2543549646,T,22.772612010526107,0.07806723037972953,0.27940513663805383,22.772612010526107,0.07806723037972953
3861,587215.020805516,517580.2543549646,T,22.802490069980614,0.06806901082729942,0.2609003848738047,22.802490069980614,0.06806901082729942
3862,587215.3067460468,517580.2543549646,T,22.783947608067127,0.0727696590913552,0.2697585199606404,22.783947608067127,0.0727696590913552
3863,587215.5926865772,517580.2543549646,T,22.716925558877197,0.09455586586772306,0.30749937539403727,22.716925558877197,0.09455586586772306
3864,587215.878627108,517580.2543549646,T,22.624820986949242,0.12449497691187753,0.3528384572461986,22.624820986949242,0.12449497691187753
3865,587216.1645676387,517580.2543549646,T,22.522518262247754,0.15633235077619048,0.3953888602075057,22.522518262247754,0.15633235077619048
3866,587216.4505081691,517580.2543549646,T,22.415629807717064,0.18760494760475085,0.4331338679955088,22.415629807717064,0.18760494760475085
3867,587216.7364486998,517580.2543549646,T,22.306952419634158,0.21735329975854706,0.4662116469572023,22.306952419634158,0.21735329975854706
3868,587217.0223892303,517580.2543549646,T,22.197943539831968,0.24518185876058143,0.49515841784279646,22.197943539831968,0.24518185876058143
3869,587217.308329761,517580.2543549646,T,22.0894935555411,0.27091122947220786,0.5204913346754275,22.0894935555411,0.27091122947220786
3870,587217.5942702917,517580.2543549646,T,21.98225215727449,0.29443326664343406,0.542617053402705,21.98225215727449,0.29443326664343406
3871,587217.8802108222,517580.2543549646,T,21.87770991978212,0.3156211960782559,0.5618017408999868,21.87770991978212,0.3156211960782559
3872,587204.1550653521,517580.5402954952,T,20.68956990604621,0.3049822552522403,0.5522519852859203,20.68956990604621,0.3049822552522403
3873,587204.4410058828,517580.5402954952,T,20.675135198582264,0.29023791915793423,0.5387373378168012,20.675135198582264,0.29023791915793423
3874,587204.7269464133,517580.5402954952,T,20.66162619470744,0.274621024084607,0.5240429601517484,20.66162619470744,0.274621024084607
3875,587205.012886944,517580.5402954952,T,20.64965896963305,0.2581041948703997,0.5080395603399401,20.64965896963305,0.2581041948703997
3876,587205.2988274747,517580.5402954952,T,20.639926860555867,0.24078176032930132,0.4906951806664717,20.639926860555867,0.24078176032930132
3877,587205.5847680052,517580.5402954952,T,20.632911615354836,0.22286646472811894,0.47208734862112006,20.632911615354836,0.22286646472811894
3878,587205.8707085359,517580.5402954952,T,20.629272158841804,0.20475714016125746,0.4525009836025304,20.629272158841804,0.20475714016125746
3879,587206.1566490666,517580.5402954952,T,20.62969866558264,0.18705067579037374,0.43249355577901244,20.62969866558264,0.18705067579037374
3880,587206.4425895971,517580.5402954952,T,20.635988493937518,0.1704794447955649,0.41289156542071054,20.635988493937518,0.1704794447955649
3881,587206.7285301278,517580.5402954952,T,20.649564829202326,0.15552715171478826,0.3943693087890946,20.649564829202326,0.15552715171478826
3882,587207.0144706585,517580.5402954952,T,20.670533809160354,0.14180774262381493,0.37657368817246767,20.670533809160354,0.14180774262381493
3883,587207.300411189,517580.5402954952,T,20.698267836396134,0.12793042996474838,0.3576736361052466,20.698267836396134,0.12793042996474838
3884,587207.5863517197,517580.5402954952,T,20.731584229765,0.11191214783146568,0.33453273058322064,20.731584229765,0.11191214783146568
3885,587207.8722922504,517580.5402954952,T,20.769089017725477,0.09184481757096172,0.3030590991390322,20.769089017725477,0.09184481757096172
3886,587208.1582327809,517580.5402954952,T,20.813297249948356,0.06661632141690078,0.2581013781770659,20.813297249948356,0.06661632141690078
3887,587208.4441733116,517580.5402954952,T,20.865568134860098,0.03840048428870046,0.19596041510647108,20.865568134860098,0.03840048428870046
3888,587208.7301138423,517580.5402954952,T,20.916268956514255,0.031623975957605965,0.17783131320891146,20.916268956514255,0.031623975957605965
3889,587209.0160543728,517580.5402954952,T,20.960585872495454,0.059601386843565536,0.24413395266444513,20.960585872495454,0.059601386843565536
3890,587209.3019949035,517580.5402954952,T,21.010368813404366,0.08799596797230498,0.2966411434246857,21.010368813404366,0.08799596797230498
3891,587209.587935434,517580.5402954952,T,21.067842634486286,0.1107116765887177,0.3327336421053899,21.067842634486286,0.1107116765887177
3892,587209.8738759647,517580.5402954952,T,21.133273571103274,0.12784649851502097,0.3575562871982829,21.133273571103274,0.12784649851502097
3893,587210.1598164954,517580.5402954952,T,21.20669568047089,0.14045490998350635,0.37477314469356837,21.20669568047089,0.14045490998350635
3894,587210.4457570259,517580.5402954952,T,21.288016913642142,0.1497438532504564,0.38696750929562085,21.288016913642142,0.1497438532504564
3895,587210.7316975566,517580.5402954952,T,21.376943342208452,0.15669402419343628,0.39584596018329693,21.376943342208452,0.15669402419343628
3896,587211.0176380873,517580.5402954952,T,21.472903445817902,0.1618346887465108,0.4022868239782541,21.472903445817902,0.1618346887465108
3897,587211.3035786177,517580.5402954952,T,21.57503255979506,0.16521862797960887,0.40647094358589625,21.57503255979506,0.16521862797960887
3898,587211.5895191485,517580.5402954952,T,21.682116226573225,0.16656921446308953,0.4081289189252454,21.682116226573225,0.16656921446308953
3899,587211.8754596792,517580.5402954952,T,21.793086621086253,0.16557534484061856,0.40690950448547963,21.793086621086253,0.16557534484061856
3900,587212.1614002096,517580.5402954952,T,21.90645816320549,0.16223507013803742,0.4027841483202106,21.90645816320549,0.16223507013803742
3901,587212.4473407404,517580.5402954952,T,22.020433050292805,0.1568885927175253,0.39609164686663784,22.020433050292805,0.1568885927175253
3902,587212.7332812711,517580.5402954952,T,22.132999535557037,0.15020703901614582,0.3875655286737274,22.132999535557037,0.15020703901614582
3903,587213.0192218015,517580.5402954952,T,22.242096770590997,0.14298008766866083,0.3781270787297054,22.242096770590997,0.14298008766866083
3904,587213.3051623323,517580.5402954952,T,22.345993392419338,0.13565870321916546,0.3683187521959281,22.345993392419338,0.13565870321916546
3905,587213.591102863,517580.5402954952,T,22.443724298923968,0.1278627568941621,0.357579021887697,22.443724298923968,0.1278627568941621
3906,587213.8770433934,517580.5402954952,T,22.53521389318481,0.11827091542177383,0.34390538731135606,22.53521389318481,0.11827091542177383
3907,587214.1629839242,517580.5402954952,T,22.622078836898375,0.10503499863816167,0.32409103449210325,22.622078836898375,0.10503499863816167
3908,587214.4489244549,517580.5402954952,T,22.70595570681568,0.08653683429389987,0.29417143691034975,22.70595570681568,0.08653683429389987
3909,587214.7348649853,517580.5402954952,T,22.785621926672757,0.062198960681551854,0.249397194614438,22.785621926672757,0.062198960681551854
3910,587215.020805516,517580.5402954952,T,22.850479226919624,0.03609284768236502,0.1899811771791222,22.850479226919624,0.03609284768236502
3911,587215.3067460468,517580.5402954952,T,22.837075169968074,0.03780527499631009,0.19443578630568523,22.837075169968074,0.03780527499631009
3912,587215.5926865772,517580.5402954952,T,22.74434277022414,0.07155645730576032,0.26750038748712185,22.74434277022414,0.07155645730576032
3913,587215.878627108,517580.5402954952,T,22.63742883131314,0.10911823224729524,0.330330489430351,22.63742883131314,0.10911823224729524
3914,587216.1645676387,517580.5402954952,T,22.527976840668053,0.1452761259234129,0.3811510539450375,22.527976840668053,0.1452761259234129
3915,587216.4505081691,517580.5402954952,T,22.41769023156049,0.17920090354325918,0.4233212769791511,22.41769023156049,0.17920090354325918
3916,587216.7364486998,517580.5402954952,T,22.307547010015085,0.21071646102450378,0.459038626941681,22.307547010015085,0.21071646102450378
3917,587217.0223892303,517580.5402954952,T,22.198144357235794,0.2398038989427613,0.48969776285251837,22.198144357235794,0.2398038989427613
3918,587217.308329761,517580.5402954952,T,22.089930781118106,0.26647837721664164,0.5162154368252093,22.089930781118106,0.26647837721664164
3919,587217.5942702917,517580.5402954952,T,21.983288277241233,0.2907407195559655,0.5392037829577658,21.983288277241233,0.2907407195559655
3920,587204.7269464133,517580.8262360259,T,20.692582411638057,0.2929360866731935,0.5412357034353826,20.692582411638057,0.2929360866731935
3921,587205.012886944,517580.8262360259,T,20.680818662510987,0.27737926268256097,0.5266680763845109,20.680818662510987,0.27737926268256097
3922,587205.2988274747,517580.8262360259,T,20.67131910283452,0.2610653914553906,0.5109455856110223,20.67131910283452,0.2610653914553906
3923,587205.5847680052,517580.8262360259,T,20.664551353765756,0.244194444287549,0.4941603426900514,20.664551353765756,0.244194444287549
3924,587205.8707085359,517580.8262360259,T,20.66104983549008,0.2270348600972103,0.47648175211356236,20.66104983549008,0.2270348600972103
3925,587206.1566490666,517580.8262360259,T,20.660539812009986,0.2099036090814819,0.45815238630992844,20.660539812009986,0.2099036090814819
3926,587206.4425895971,517580.8262360259,T,20.664413750800875,0.19312141255230023,0.439455814106834,20.664413750800875,0.19312141255230023
3927,587206.7285301278,517580.8262360259,T,20.67451352227929,0.17676974025369793,0.4204399365589548,20.67451352227929,0.17676974025369793
3928,587207.0144706585,517580.8262360259,T,20.6908136317388,0.16035810316355498,0.4004473787697392,20.6908136317388,0.16035810316355498
3929,587207.300411189,517580.8262360259,T,20.712851999241,0.14278300983253892,0.3778663915096696,20.712851999241,0.14278300983253892
3930,587207.5863517197,517580.8262360259,T,20.739813761007422,0.12254013214687264,0.3500573269435631,20.739813761007422,0.12254013214687264
3931,587207.8722922504,517580.8262360259,T,20.77071017020987,0.09806435778305113,0.31315229167778913,20.77071017020987,0.09806435778305113
3932,587208.1582327809,517580.8262360259,T,20.80852721240919,0.06808340905321944,0.2609279767545432,20.80852721240919,0.06808340905321944
3933,587208.4441733116,517580.8262360259,T,20.855582735510502,0.03277173142455039,0.18102964239193092,20.855582735510502,0.03277173142455039
3934,587208.7301138423,517580.8262360259,T,20.901380701890393,0.020634430347159546,0.14364689466591174,20.901380701890393,0.020634430347159546
3935,587209.0160543728,517580.8262360259,T,20.937355546271053,0.05364215551583245,0.23160776220980256,20.937355546271053,0.05364215551583245
3936,587209.3019949035,517580.8262360259,T,20.980573820673342,0.08203348496962277,0.2864148825910113,20.980573820673342,0.08203348496962277
3937,587209.587935434,517580.8262360259,T,21.032029408762416,0.10345726795115164,0.3216477389181395,21.032029408762416,0.10345726795115164
3938,587209.8738759647,517580.8262360259,T,21.091832475082008,0.11898860215502341,0.34494724546664146,21.091832475082008,0.11898860215502341
3939,587210.1598164954,517580.8262360259,T,21.16010766093445,0.13026074521797673,0.36091653497446846,21.16010766093445,0.13026074521797673
3940,587210.4457570259,517580.8262360259,T,21.236916389222177,0.13898326996388885,0.3728046002450732,21.236916389222177,0.13898326996388885
3941,587210.7316975566,517580.8262360259,T,21.32206232282051,0.14646697353535984,0.3827100384564793,21.32206232282051,0.14646697353535984
3942,587211.0176380873,517580.8262360259,T,21.414853573193586,0.15325597134672486,0.39147920934160074,21.414853573193586,0.15325597134672486
3943,587211.3035786177,517580.8262360259,T,21.51407886659752,0.15913980985016762,0.39892331324474833,21.51407886659752,0.15913980985016762
3944,587211.5895191485,517580.8262360259,T,21.618634590528902,0.16350160141712233,0.4043533126080734,21.618634590528902,0.16350160141712233
3945,587211.8754596792,517580.8262360259,T,21.72733617494984,0.16580653926886968,0.40719349119168113,21.72733617494984,0.16580653926886968
3946,587212.1614002096,517580.8262360259,T,21.838610701312593,0.16584459015279435,0.40724021185633713,21.838610701312593,0.16584459015279435
3947,587212.4473407404,517580.8262360259,T,21.95081287027921,0.1637283242439971,0.40463356786603494,21.95081287027921,0.1637283242439971
3948,587212.7332812711,517580.8262360259,T,22.062261480802253,0.1597971475603672,0.39974635403011144,22.062261480802253,0.1597971475603672
3949,587213.0192218015,517580.8262360259,T,22.171357559415757,0.15439723893437401,0.3929341407085595,22.171357559415757,0.15439723893437401
3950,587213.3051623323,517580.8262360259,T,22.27679045679376,0.1475860160298225,0.3841692544046471,22.27679045679376,0.1475860160298225
3951,587213.591102863,517580.8262360259,T,22.37774215134424,0.13888532348465177,0.3726732127275205,22.37774215134424,0.13888532348465177
3952,587213.8770433934,517580.8262360259,T,22.47399212524421,0.1272364561799818,0.3567021953674827,22.47399212524421,0.1272364561799818
3953,587214.1629839242,517580.8262360259,T,22.567299511424764,0.11119340397939911,0.3334567497883333,22.567299511424764,0.11119340397939911
3954,587214.4489244549,517580.8262360259,T,22.658837482919893,0.08936070319490377,0.29893260644316433,22.658837482919893,0.08936070319490377
3955,587214.7348649853,517580.8262360259,T,22.74869989486113,0.060666749017266285,0.24630620986338586,22.74869989486113,0.060666749017266285
3956,587215.020805516,517580.8262360259,T,22.83393062184014,0.025643576079772263,0.1601361173494982,22.83393062184014,0.025643576079772263
3957,587215.3067460468,517580.8262360259,T,22.82553455202552,0.02573512601228887,0.1604217130325221,22.82553455202552,0.02573512601228887
3958,587215.5926865772,517580.8262360259,T,22.72143269145953,0.06628750038433562,0.2574635904051981,22.72143269145953,0.06628750038433562
3959,587215.878627108,517580.8262360259,T,22.61357759596577,0.10588422084511956,0.32539855691923336,22.61357759596577,0.10588422084511956
3960,587216.1645676387,517580.8262360259,T,22.505553082666005,0.142917263064075,0.37804399620159956,22.505553082666005,0.142917263064075
3961,587216.4505081691,517580.8262360259,T,22.397412743706575,0.1773141737151324,0.4210868956820342,22.397412743706575,0.1773141737151324
3962,587216.7364486998,517580.8262360259,T,22.28964948838562,0.20912632565731246,0.4573033190971966,22.28964948838562,0.20912632565731246
3963,587217.0223892303,517580.8262360259,T,22.182680816167952,0.23842165608329563,0.48828440081912883,22.182680816167952,0.23842165608329563
3964,587217.308329761,517580.8262360259,T,22.076880149264102,0.26525246112004236,0.5150266605915099,22.076880149264102,0.26525246112004236
3965,587217.5942702917,517580.8262360259,T,21.972596972945645,0.28963566560441617,0.5381780984064812,21.972596972945645,0.28963566560441617
3966,587205.012886944,517581.1121765565,T,20.71269541702433,0.29569974545724026,0.5437828109247664,20.71269541702433,0.29569974545724026
3967,587205.2988274747,517581.1121765565,T,20.703226083521997,0.280429815369704,0.5295562438209034,20.703226083521997,0.280429815369704
3968,587205.5847680052,517581.1121765565,T,20.6963795325569,0.26453090734198115,0.5143256821722799,20.6963795325569,0.26453090734198115
3969,587205.8707085359,517581.1121765565,T,20.692363960815825,0.24815428575648446,0.4981508664616418,20.692363960815825,0.24815428575648446
3970,587206.1566490666,517581.1121765565,T,20.69033843394148,0.2314572872672518,0.4811000803026869,20.69033843394148,0.2314572872672518
3971,587206.4425895971,517581.1121765565,T,20.691329952692644,0.21453886753749607,0.463183405939263,20.691329952692644,0.21453886753749607
3972,587206.7285301278,517581.1121765565,T,20.697548830798485,0.1973288741328816,0.4442171474998254,20.697548830798485,0.1973288741328816
3973,587207.0144706585,517581.1121765565,T,20.70896097969509,0.179410182819127,0.42356839213889297,20.70896097969509,0.179410182819127
3974,587207.300411189,517581.1121765565,T,20.725132071517432,0.16003156803083735,0.40003945809237035,20.725132071517432,0.16003156803083735
3975,587207.5863517197,517581.1121765565,T,20.745336135008706,0.1383183101596932,0.3719116967234201,20.745336135008706,0.1383183101596932
3976,587207.8722922504,517581.1121765565,T,20.768572325467225,0.11369930581538233,0.33719327664617266,20.768572325467225,0.11369930581538233
3977,587208.1582327809,517581.1121765565,T,20.79727792164461,0.08685276469131999,0.2947079311646023,20.79727792164461,0.08685276469131999
3978,587208.4441733116,517581.1121765565,T,20.83297011218419,0.06278341471886942,0.2505661882993582,20.83297011218419,0.06278341471886942
3979,587208.7301138423,517581.1121765565,T,20.869802410995543,0.055385506248559806,0.23534125488014168,20.869802410995543,0.055385506248559806
3980,587209.0160543728,517581.1121765565,T,20.905541714755184,0.06829768064142962,0.261338249480304,20.905541714755184,0.06829768064142962
3981,587209.3019949035,517581.1121765565,T,20.945127349888924,0.08600414789211315,0.2932646379843863,20.945127349888924,0.08600414789211315
3982,587209.587935434,517581.1121765565,T,20.991460010731046,0.1006375578543003,0.31723423184502064,20.991460010731046,0.1006375578543003
3983,587209.8738759647,517581.1121765565,T,21.04562785246766,0.11103795956562743,0.33322358794903373,21.04562785246766,0.11103795956562743
3984,587210.1598164954,517581.1121765565,T,21.108322519104632,0.1184558701722263,0.3441741858016465,21.108322519104632,0.1184558701722263
3985,587210.4457570259,517581.1121765565,T,21.179985872409034,0.1249390649378633,0.35346720489723416,21.179985872409034,0.1249390649378633
3986,587210.7316975566,517581.1121765565,T,21.260631925856604,0.13216338277061795,0.36354282109624714,21.260631925856604,0.13216338277061795
3987,587211.0176380873,517581.1121765565,T,21.349592869885452,0.1405379988211616,0.3748839804808437,21.349592869885452,0.1405379988211616
3988,587211.3035786177,517581.1121765565,T,21.44559264148533,0.14921795362707382,0.38628739770677717,21.44559264148533,0.14921795362707382
3989,587211.5895191485,517581.1121765565,T,21.547398777974404,0.15690822264824655,0.3961164256228799,21.547398777974404,0.15690822264824655
3990,587211.8754596792,517581.1121765565,T,21.65343762176771,0.162653263941155,0.40330294313475445,21.65343762176771,0.162653263941155
3991,587212.1614002096,517581.1121765565,T,21.762140563129563,0.16599910932620743,0.40742988271137826,21.762140563129563,0.16599910932620743
3992,587212.4473407404,517581.1121765565,T,21.871995964145704,0.16690915402309034,0.4085451676658168,21.871995964145704,0.16690915402309034
3993,587212.7332812711,517581.1121765565,T,21.981537404609583,0.16556457356120344,0.4068962687973477,21.981537404609583,0.16556457356120344
3994,587213.0192218015,517581.1121765565,T,22.089385538177147,0.1621327199075221,0.4026570748261132,22.089385538177147,0.1621327199075221
3995,587213.3051623323,517581.1121765565,T,22.1943329407456,0.1565574126183909,0.3956733660715501,22.1943329407456,0.1565574126183909
3996,587213.591102863,517581.1121765565,T,22.295409430458164,0.14843462136172736,0.38527213935311666,22.295409430458164,0.14843462136172736
3997,587213.8770433934,517581.1121765565,T,22.392080770640842,0.13703266089790683,0.37017922807460013,22.392080770640842,0.13703266089790683
3998,587214.1629839242,517581.1121765565,T,22.485320477739315,0.12152838694937278,0.34860921810728523,22.485320477739315,0.12152838694937278
3999,587214.4489244549,517581.1121765565,T,22.57395888914865,0.10158161373236958,0.31871870627932963,22.57395888914865,0.10158161373236958
4000,587214.7348649853,517581.1121765565,T,22.653443187767888,0.07839992037610398,0.2799998578144353,22.653443187767888,0.07839992037610398
4001,587215.020805516,517581.1121765565,T,22.70826842125043,0.058680332825636956,0.24224023783351303,22.70826842125043,0.058680332825636956
4002,587215.3067460468,517581.1121765565,T,22.703591035663006,0.05969091474230532,0.24431724200781516,22.703591035663006,0.05969091474230532
4003,587215.5926865772,517581.1121765565,T,22.63928138603921,0.08407702131433406,0.2899603788698278,22.63928138603921,0.08407702131433406
4004,587215.878627108,517581.1121765565,T,22.551002407191667,0.11659134509613384,0.34145474824072053,22.551002407191667,0.11659134509613384
4005,587216.1645676387,517581.1121765565,T,22.454665118202367,0.1500460980950954,0.38735784243396365,22.454665118202367,0.1500460980950954
4006,587216.4505081691,517581.1121765565,T,22.35476516093098,0.18235135978930872,0.42702618162041156,22.35476516093098,0.18235135978930872
4007,587216.7364486998,517581.1121765565,T,22.253433486863536,0.21281372736336604,0.4613173824639237,22.253433486863536,0.21281372736336604
4008,587217.0223892303,517581.1121765565,T,22.151806083891767,0.24117478693264163,0.4910954967545942,22.151806083891767,0.24117478693264163
4009,587217.308329761,517581.1121765565,T,22.050622023043896,0.26732128021649043,0.5170312178355292,22.050622023043896,0.26732128021649043
4010,587205.2988274747,517581.3981170871,T,20.735063314151436,0.2986733961284155,0.5465101976435714,20.735063314151436,0.2986733961284155
4011,587205.5847680052,517581.3981170871,T,20.727964908838793,0.28373539241097523,0.5326681822776494,20.727964908838793,0.28373539241097523
4012,587205.8707085359,517581.3981170871,T,20.72282448337669,0.2681198273962736,0.5178028846928854,20.72282448337669,0.2681198273962736
4013,587206.1566490666,517581.3981170871,T,20.71895913599704,0.2519184252315983,0.50191475892983894,20.71895913599704,0.2519184252315983
4014,587206.4425895971,517581.3981170871,T,20.716946333905582,0.23513288526905354,0.4849050270610252,20.716946333905582,0.23513288526905354
4015,587206.7285301278,517581.3981170871,T,20.71900455862704,0.21766780333321595,0.4665488220253224,20.71900455862704,0.21766780333321595
4016,587207.0144706585,517581.3981170871,T,20.725363140509284,0.19926855755529876,0.446395068919112,20.725363140509284,0.19926855755529876
4017,587207.300411189,517581.3981170871,T,20.73555248078571,0.17955332562375648,0.42373733093008986,20.73555248078571,0.17955332562375648
4018,587207.5863517197,517581.3981170871,T,20.748825517631666,0.1582492260213489,0.3978055128091476,20.748825517631666,0.1582492260213489
4019,587207.8722922504,517581.3981170871,T,20.76423144415563,0.13563389141405663,0.3682850681388761,20.76423144415563,0.13563389141405663
4020,587208.1582327809,517581.3981170871,T,20.783972770273785,0.11333105564820968,0.33664678172857926,20.783972770273785,0.11333105564820968
4021,587208.4441733116,517581.3981170871,T,20.81000925299007,0.09541306085026932,0.3088900465380348,20.81000925299007,0.09541306085026932
4022,587208.7301138423,517581.3981170871,T,20.839446261972057,0.08718819158037612,0.2952764663503953,20.839446261972057,0.08718819158037612
4023,587209.0160543728,517581.3981170871,T,20.87119610453482,0.08905499225029907,0.29842083079151677,20.87119610453482,0.08905499225029907
4024,587209.3019949035,517581.3981170871,T,20.90670257100279,0.09521013085408762,0.3085613891174455,20.90670257100279,0.09521013085408762
4025,587209.587935434,517581.3981170871,T,20.947756549280186,0.10045015352260818,0.3169387220309443,20.947756549280186,0.10045015352260818
4026,587209.8738759647,517581.3981170871,T,20.995699315704112,0.10304768372228008,0.3210104106135502,20.995699315704112,0.10304768372228008
4027,587210.1598164954,517581.3981170871,T,21.051776869093622,0.10414078528266668,0.32270851442542803,21.051776869093622,0.10414078528266668
4028,587210.4457570259,517581.3981170871,T,21.117282138066845,0.10661166718250972,0.32651442109424467,21.117282138066845,0.10661166718250972
4029,587210.7316975566,517581.3981170871,T,21.19294465021885,0.11306101469201311,0.33624546791297144,21.19294465021885,0.11306101469201311
4030,587211.0176380873,517581.3981170871,T,21.27805876864513,0.12353695254348383,0.35147823907531434,21.27805876864513,0.12353695254348383
4031,587211.3035786177,517581.3981170871,T,21.371006263103116,0.13574593560671752,0.36843715285882545,21.371006263103116,0.13574593560671752
4032,587211.5895191485,517581.3981170871,T,21.469877767309697,0.14723122133232852,0.38370720781909806,21.469877767309697,0.14723122133232852
4033,587211.8754596792,517581.3981170871,T,21.57286327923094,0.15650295616273976,0.39560454517452115,21.57286327923094,0.15650295616273976
4034,587212.1614002096,517581.3981170871,T,21.67844649149019,0.16299651661981526,0.40372827077109086,21.67844649149019,0.16299651661981526
4035,587212.4473407404,517581.3981170871,T,21.785259712498675,0.1667093360934873,0.4083005462811522,21.785259712498675,0.1667093360934873
4036,587212.7332812711,517581.3981170871,T,21.891983561100066,0.1678566508674793,0.4097031252840028,21.891983561100066,0.1678566508674793
4037,587213.0192218015,517581.3981170871,T,21.997314123053343,0.16661680476545132,0.4081872177879304,21.997314123053343,0.16661680476545132
4038,587213.3051623323,517581.3981170871,T,22.09996540204681,0.16297599496779366,0.4037028547927221,22.09996540204681,0.16297599496779366
4039,587213.591102863,517581.3981170871,T,22.19864533827169,0.15668868820739693,0.3958392201480254,22.19864533827169,0.15668868820739693
4040,587213.8770433934,517581.3981170871,T,22.29259153349206,0.14736649769498872,0.3838834428508069,22.29259153349206,0.14736649769498872
4041,587214.1629839242,517581.3981170871,T,22.381497480094676,0.134828976769846,0.3671906545241123,22.381497480094676,0.134828976769846
4042,587214.4489244549,517581.3981170871,T,22.462125479804392,0.11968658051978256,0.34595748368807194,22.462125479804392,0.11968658051978256
4043,587214.7348649853,517581.3981170871,T,22.527896232870866,0.10429564600249303,0.3229483642975964,22.527896232870866,0.10429564600249303
4044,587215.020805516,517581.3981170871,T,22.567083497119743,0.09411214690621295,0.3067770312559481,22.567083497119743,0.09411214690621295
4045,587215.3067460468,517581.3981170871,T,22.566531059317533,0.09623596077063026,0.3102192140577857,22.566531059317533,0.09623596077063026
4046,587215.5926865772,517581.3981170871,T,22.52641046175766,0.11217794972181416,0.3349297683422812,22.52641046175766,0.11217794972181416
4047,587215.878627108,517581.3981170871,T,22.46041424877448,0.1367194394650352,0.36975591876944336,22.46041424877448,0.1367194394650352
4048,587216.1645676387,517581.3981170871,T,22.380418133831864,0.16469241012167235,0.4058231266471544,22.380418133831864,0.16469241012167235
4049,587216.4505081691,517581.3981170871,T,22.29266046510024,0.1933092380631187,0.4396694645561808,22.29266046510024,0.1933092380631187
4050,587216.7364486998,517581.3981170871,T,22.200789399761202,0.2212053902545021,0.4703247710407162,22.200789399761202,0.2212053902545021
4051,587217.0223892303,517581.3981170871,T,22.10686479208076,0.24770515244189523,0.4976998618061846,22.10686479208076,0.24770515244189523
4052,587205.5847680052,517581.6840576178,T,20.758297390041974,0.30170973441101623,0.5492811069124954,20.758297390041974,0.30170973441101623
4053,587205.8707085359,517581.6840576178,T,20.751859707958843,0.28691968714635585,0.535648846863648,20.751859707958843,0.28691968714635585
4054,587206.1566490666,517581.6840576178,T,20.74615691503689,0.27136566395803985,0.5209276955183318,20.74615691503689,0.27136566395803985
4055,587206.4425895971,517581.6840576178,T,20.74138975680865,0.25502528455082424,0.5050002817334107,20.74138975680865,0.25502528455082424
4056,587206.7285301278,517581.6840576178,T,20.739216510624697,0.23782284370280946,0.4876708354031533,20.739216510624697,0.23782284370280946
4057,587207.0144706585,517581.6840576178,T,20.740525412324622,0.21967381021273216,0.46869372751588234,20.740525412324622,0.21967381021273216
4058,587207.300411189,517581.6840576178,T,20.74481984158311,0.2004850674093849,0.4477555889203226,20.74481984158311,0.2004850674093849
4059,587207.5863517197,517581.6840576178,T,20.75155898158386,0.1803540374407887,0.42468110087545535,20.75155898158386,0.1803540374407887
4060,587207.8722922504,517581.6840576178,T,20.76012477045934,0.15989797320328566,0.3998724461666316,20.76012477045934,0.15989797320328566
4061,587208.1582327809,517581.6840576178,T,20.771702812892062,0.14057522308917575,0.3749336249113645,20.771702812892062,0.14057522308917575
4062,587208.4441733116,517581.6840576178,T,20.78946193252843,0.12469469390563834,0.35312135860867766,20.78946193252843,0.12469469390563834
4063,587208.7301138423,517581.6840576178,T,20.811770652403748,0.11425279283047451,0.3380130068954071,20.811770652403748,0.11425279283047451
4064,587209.0160543728,517581.6840576178,T,20.837776242747662,0.1088513298229435,0.3299262490662777,20.837776242747662,0.1088513298229435
4065,587209.3019949035,517581.6840576178,T,20.867762974771413,0.10556487279358595,0.3249074834373409,20.867762974771413,0.10556487279358595
4066,587209.587935434,517581.6840576178,T,20.902588459974332,0.10123150452383872,0.3181689873696661,20.902588459974332,0.10123150452383872
4067,587209.8738759647,517581.6840576178,T,20.9433183586423,0.09446562184741875,0.3073526018230832,20.9433183586423,0.09446562184741875
4068,587210.1598164954,517581.6840576178,T,20.99150621979725,0.08672811531245715,0.29449637572041043,20.99150621979725,0.08672811531245715
4069,587210.4457570259,517581.6840576178,T,21.049657728423632,0.08291870417437444,0.28795608028721054,21.049657728423632,0.08291870417437444
4070,587210.7316975566,517581.6840576178,T,21.120082103549954,0.08854657192093097,0.29756776021762,21.120082103549954,0.08854657192093097
4071,587211.0176380873,517581.6840576178,T,21.201949866586723,0.10276676394602824,0.32057255644553895,21.201949866586723,0.10276676394602824
4072,587211.3035786177,517581.6840576178,T,21.292177867540204,0.11984537529737985,0.34618690803867763,21.292177867540204,0.11984537529737985
4073,587211.5895191485,517581.6840576178,T,21.387918896110463,0.13554662553873278,0.36816657308714595,21.387918896110463,0.13554662553873278
4074,587211.8754596792,517581.6840576178,T,21.487339222959292,0.1481487931661367,0.38490101736178445,21.487339222959292,0.1481487931661367
4075,587212.1614002096,517581.6840576178,T,21.589125774652956,0.15735623179271727,0.39668152439043247,21.589125774652956,0.15735623179271727
4076,587212.4473407404,517581.6840576178,T,21.69211881841158,0.16347101922550183,0.4043154946641321,21.69211881841158,0.16347101922550183
4077,587212.7332812711,517581.6840576178,T,21.79512912383629,0.1669251938471211,0.4085647976112493,21.79512912383629,0.1669251938471211
4078,587213.0192218015,517581.6840576178,T,21.896859057025896,0.16802666018253182,0.4099105514408379,21.896859057025896,0.16802666018253182
4079,587213.3051623323,517581.6840576178,T,21.995868067210054,0.16685891788356333,0.40848368129407975,21.995868067210054,0.16685891788356333
4080,587213.591102863,517581.6840576178,T,22.0905342919224,0.16331534473717216,0.40412293270386446,22.0905342919224,0.16331534473717216
4081,587213.8770433934,517581.6840576178,T,22.180250654169996,0.15724854961328322,0.39654577240626737,22.180250654169996,0.15724854961328322
4082,587214.1629839242,517581.6840576178,T,22.26326644611163,0.14887937075092364,0.38584889626759805,22.26326644611163,0.14887937075092364
4083,587214.4489244549,517581.6840576178,T,22.33569288547138,0.1392013399619512,0.3730969578567362,22.33569288547138,0.1392013399619512
4084,587214.7348649853,517581.6840576178,T,22.391905824949898,0.13042281496713296,0.3611409904277455,22.391905824949898,0.13042281496713296
4085,587215.020805516,517581.6840576178,T,22.42468387607293,0.12602745083668698,0.3550034518658755,22.42468387607293,0.12602745083668698
4086,587215.3067460468,517581.6840576178,T,22.42820402777844,0.12946163544961325,0.3598077756936518,22.42820402777844,0.12946163544961325
4087,587215.5926865772,517581.6840576178,T,22.402665225559012,0.14170371662742556,0.3764355411321114,22.402665225559012,0.14170371662742556
4088,587215.878627108,517581.6840576178,T,22.354324125551518,0.16076361466491892,0.40095338215922177,22.354324125551518,0.16076361466491892
4089,587216.1645676387,517581.6840576178,T,22.290214023799436,0.18372921387590496,0.42863645887383983,22.290214023799436,0.18372921387590496
4090,587216.4505081691,517581.6840576178,T,22.21571026686361,0.20835212009430237,0.45645604398923495,22.21571026686361,0.20835212009430237
4091,587216.7364486998,517581.6840576178,T,22.134789809904454,0.2331634470198299,0.48287001047883465,22.134789809904454,0.2331634470198299
4092,587205.8707085359,517581.9699981484,T,20.778903368638073,0.3045775210452955,0.5518854238384047,20.778903368638073,0.3045775210452955
4093,587206.1566490666,517581.9699981484,T,20.771304942152767,0.2898179423120135,0.5383474178558058,20.771304942152767,0.2898179423120135
4094,587206.4425895971,517581.9699981484,T,20.764073883532237,0.2741754647083999,0.5236176703553843,20.764073883532237,0.2741754647083999
4095,587206.7285301278,517581.9699981484,T,20.757839211291316,0.25759861832831377,0.5075417404788632,20.757839211291316,0.25759861832831377
4096,587207.0144706585,517581.9699981484,T,20.754265936070016,0.24011974312975895,0.4900201456366452,20.754265936070016,0.24011974312975895
4097,587207.300411189,517581.9699981484,T,20.75331846876849,0.22181217886148358,0.4709694033177565,20.75331846876849,0.22181217886148358
4098,587207.5863517197,517581.9699981484,T,20.75449277475551,0.2029517756834486,0.4505016933191801,20.75449277475551,0.2029517756834486
4099,587207.8722922504,517581.9699981484,T,20.75692864668792,0.18414232530419183,0.4291180785100901,20.75692864668792,0.18414232530419183
4100,587208.1582327809,517581.9699981484,T,20.761202833534213,0.16634083449921963,0.40784903395646244,20.761202833534213,0.16634083449921963
4101,587208.4441733116,517581.9699981484,T,20.771449079400902,0.15066154094403197,0.3881514407341959,20.771449079400902,0.15066154094403197
4102,587208.7301138423,517581.9699981484,T,20.786820704620574,0.13773795621289528,0.3711306457474177,20.786820704620574,0.13773795621289528
4103,587209.0160543728,517581.9699981484,T,20.806521785043202,0.12689384909209986,0.35622162917501216,20.806521785043202,0.12689384909209986
4104,587209.3019949035,517581.9699981484,T,20.83033201211538,0.11618114921246377,0.34085355977672255,20.83033201211538,0.11618114921246377
4105,587209.587935434,517581.9699981484,T,20.85843011387141,0.10331625340066569,0.32142845767085665,20.85843011387141,0.10331625340066569
4106,587209.8738759647,517581.9699981484,T,20.891273932220507,0.08683978393888624,0.2946859072620987,20.891273932220507,0.08683978393888624
4107,587210.1598164954,517581.9699981484,T,20.93000798079533,0.0676219047579163,0.26004212112255254,20.93000798079533,0.0676219047579163
4108,587210.4457570259,517581.9699981484,T,20.978400078525585,0.05306682898846052,0.23036238622757083,20.978400078525585,0.05306682898846052
4109,587210.7316975566,517581.9699981484,T,21.043716902785217,0.058815388300332415,0.24251884112442154,21.043716902785217,0.058815388300332415
4110,587211.0176380873,517581.9699981484,T,21.123990856830147,0.08077004857455052,0.28420071881427483,21.123990856830147,0.08077004857455052
4111,587211.3035786177,517581.9699981484,T,21.21175695957556,0.10411232487202161,0.32266441525526424,21.21175695957556,0.10411232487202161
4112,587211.5895191485,517581.9699981484,T,21.30380697673234,0.12366940500469378,0.3516666105911873,21.30380697673234,0.12366940500469378
4113,587211.8754596792,517581.9699981484,T,21.398821916419042,0.13867197276132973,0.3723868590073094,21.398821916419042,0.13867197276132973
4114,587212.1614002096,517581.9699981484,T,21.495928991020147,0.14964564687930587,0.38684059621413297,21.495928991020147,0.14964564687930587
4115,587212.4473407404,517581.9699981484,T,21.59425672236856,0.15744715384265492,0.39679611117380537,21.59425672236856,0.15744715384265492
4116,587212.7332812711,517581.9699981484,T,21.69274957633162,0.1628429693655295,0.40353806433288236,21.69274957633162,0.1628429693655295
4117,587213.0192218015,517581.9699981484,T,21.790084354709226,0.16630187105435645,0.40780126416473556,21.790084354709226,0.16630187105435645
4118,587213.3051623323,517581.9699981484,T,21.884645776542037,0.16796102231378204,0.40983047997163663,21.884645776542037,0.16796102231378204
4119,587213.591102863,517581.9699981484,T,21.974786450836568,0.16773342091740925,0.4095527083507192,21.974786450836568,0.16773342091740925
4120,587213.8770433934,517581.9699981484,T,22.059747699637526,0.1655528385864238,0.40688184843566544,22.059747699637526,0.1655528385864238
4121,587214.1629839242,517581.9699981484,T,22.136981369648097,0.1617851396241437,0.4022252349419958,22.136981369648097,0.1617851396241437
4122,587214.4489244549,517581.9699981484,T,22.202963194773147,0.15737930570148703,0.39671060699392324,22.202963194773147,0.15737930570148703
4123,587214.7348649853,517581.9699981484,T,22.253386654313694,0.15400037209765247,0.3924288115029941,22.253386654313694,0.15400037209765247
4124,587215.020805516,517581.9699981484,T,22.28380130341488,0.15382693778175588,0.3922077737395778,22.28380130341488,0.15382693778175588
4125,587215.3067460468,517581.9699981484,T,22.291226137279367,0.15877930944263116,0.398471215325061,22.291226137279367,0.15877930944263116
4126,587215.5926865772,517581.9699981484,T,22.27583695304662,0.1695416261695004,0.4117543274447767,22.27583695304662,0.1695416261695004
4127,587215.878627108,517581.9699981484,T,22.24094578147181,0.18529866813014323,0.4304633179844053,22.24094578147181,0.18529866813014323
4128,587216.1645676387,517581.9699981484,T,22.190528213471982,0.20449104221312414,0.4522068577687916,22.190528213471982,0.20449104221312414
4129,587216.4505081691,517581.9699981484,T,22.128657109498892,0.2255952869870399,0.4749687221144566,22.128657109498892,0.2255952869870399
4130,587206.4425895971,517582.255938679,T,20.784883452451204,0.2924724579723214,0.540807228106579,20.784883452451204,0.2924724579723214
4131,587206.7285301278,517582.255938679,T,20.77531410161802,0.2767378261225617,0.5260587667956516,20.77531410161802,0.2767378261225617
4132,587207.0144706585,517582.255938679,T,20.767622910636447,0.26012084776836336,0.5100204385790469,20.767622910636447,0.26012084776836336
4133,587207.300411189,517582.255938679,T,20.762135841252096,0.2428118995548877,0.49275947434309947,20.762135841252096,0.2428118995548877
4134,587207.5863517197,517582.255938679,T,20.758271481000442,0.22509950013089128,0.4744465197795124,20.758271481000442,0.22509950013089128
4135,587207.8722922504,517582.255938679,T,20.755297145595133,0.20742101720688105,0.45543497582737436,20.755297145595133,0.20742101720688105
4136,587208.1582327809,517582.255938679,T,20.753187250462492,0.19030133172482333,0.4362354086096443,20.753187250462492,0.19030133172482333
4137,587208.4441733116,517582.255938679,T,20.756510772134703,0.17416563822310976,0.4173315686874284,20.756510772134703,0.17416563822310976
4138,587208.7301138423,517582.255938679,T,20.765278486367993,0.15905267511865193,0.398814085908023,20.765278486367993,0.15905267511865193
4139,587209.0160543728,517582.255938679,T,20.778719024547748,0.14421302556978832,0.3797539013226702,20.778719024547748,0.14421302556978832
4140,587209.3019949035,517582.255938679,T,20.79636864586106,0.12814029832413837,0.35796689557016076,20.79636864586106,0.12814029832413837
4141,587209.587935434,517582.255938679,T,20.817985361389923,0.10896541345148988,0.3300990964111987,20.817985361389923,0.10896541345148988
4142,587209.8738759647,517582.255938679,T,20.843429940197414,0.0849320563174315,0.29143104899346517,20.843429940197414,0.0849320563174315
4143,587210.1598164954,517582.255938679,T,20.87264037621788,0.054810330738617664,0.23411606253868542,20.87264037621788,0.054810330738617664
4144,587210.4457570259,517582.255938679,T,20.906552975067733,0.019984563594110088,0.14136676976613027,20.906552975067733,0.019984563594110088
4145,587210.7316975566,517582.255938679,T,20.96872689302246,0.030559157923099833,0.1748117785593975,20.96872689302246,0.030559157923099833
4146,587211.0176380873,517582.255938679,T,21.04921980742086,0.06507661430451776,0.25510118444358065,21.04921980742086,0.06507661430451776
4147,587211.3035786177,517582.255938679,T,21.13326047154528,0.09282830411168488,0.30467737709203957,21.13326047154528,0.09282830411168488
4148,587211.5895191485,517582.255938679,T,21.22008082657072,0.11377629363869296,0.33730741711188766,21.22008082657072,0.11377629363869296
4149,587211.8754596792,517582.255938679,T,21.309325375102848,0.12908563827801295,0.3592848984831021,21.309325375102848,0.12908563827801295
4150,587212.1614002096,517582.255938679,T,21.4006180027292,0.14022693935780003,0.37446887635396353,21.4006180027292,0.14022693935780003
4151,587212.4473407404,517582.255938679,T,21.493385325415137,0.14864689056966196,0.3855475205077345,21.493385325415137,0.14864689056966196
4152,587212.7332812711,517582.255938679,T,21.586693566824902,0.1554502696858007,0.39427182207938816,21.586693566824902,0.1554502696858007
4153,587213.0192218015,517582.255938679,T,21.679157794879018,0.1611976140182848,0.40149422663132384,21.679157794879018,0.1611976140182848
4154,587213.3051623323,517582.255938679,T,21.768896095323626,0.16592724535812392,0.40734168134150467,21.768896095323626,0.16592724535812392
4155,587213.591102863,517582.255938679,T,21.85462201084914,0.16939500291546683,0.4115762419230085,21.85462201084914,0.16939500291546683
4156,587213.8770433934,517582.255938679,T,21.935049014015583,0.1714879591291524,0.4141110468571835,21.935049014015583,0.1714879591291524
4157,587214.1629839242,517582.255938679,T,22.007469609757607,0.17245037160186574,0.4152714432776058,22.007469609757607,0.17245037160186574
4158,587214.4489244549,517582.255938679,T,22.068840961040692,0.172978828070052,0.415907234933527,22.068840961040692,0.172978828070052
4159,587214.7348649853,517582.255938679,T,22.115948386919456,0.17422711026860876,0.41740521111817563,22.115948386919456,0.17422711026860876
4160,587215.020805516,517582.255938679,T,22.14591413951706,0.17758703465856318,0.42141076713648784,22.14591413951706,0.17758703465856318
4161,587215.3067460468,517582.255938679,T,22.157025510489863,0.18424121375821964,0.42923328593926596,22.157025510489863,0.18424121375821964
4162,587215.5926865772,517582.255938679,T,22.149430090921292,0.1946958142056839,0.4412434863039724,22.149430090921292,0.1946958142056839
4163,587215.878627108,517582.255938679,T,22.12504041732162,0.20862401609415335,0.45675378060192706,22.12504041732162,0.20862401609415335
4164,587216.1645676387,517582.255938679,T,22.08606031339926,0.2252234446550225,0.47457712192542795,22.08606031339926,0.2252234446550225
4165,587206.7285301278,517582.5418792097,T,20.792850634942468,0.29496330737517945,0.5431052452105204,20.792850634942468,0.29496330737517945
4166,587207.0144706585,517582.5418792097,T,20.781514607653293,0.2793393760403457,0.528525662612844,20.781514607653293,0.2793393760403457
4167,587207.300411189,517582.5418792097,T,20.77187991303722,0.26305430653090117,0.5128882008107626,20.77187991303722,0.26305430653090117
4168,587207.5863517197,517582.5418792097,T,20.763514671849894,0.24634560237930608,0.49633214925018315,20.763514671849894,0.24634560237930608
4169,587207.8722922504,517582.5418792097,T,20.755807948472846,0.2294850125814919,0.47904593994886535,20.755807948472846,0.2294850125814919
4170,587208.1582327809,517582.5418792097,T,20.74829482450537,0.21270880820423504,0.46120365155128057,20.74829482450537,0.21270880820423504
4171,587208.4441733116,517582.5418792097,T,20.745190776890478,0.19608111210678336,0.4428104697348329,20.745190776890478,0.19608111210678336
4172,587208.7301138423,517582.5418792097,T,20.74775918488339,0.17940643835464415,0.4235639719742983,20.74775918488339,0.17940643835464415
4173,587209.0160543728,517582.5418792097,T,20.755281656017274,0.16201934551513694,0.4025162673919365,20.755281656017274,0.16201934551513694
4174,587209.3019949035,517582.5418792097,T,20.76723861970765,0.14281665237464858,0.3779109053396694,20.76723861970765,0.14281665237464858
4175,587209.587935434,517582.5418792097,T,20.783290741133435,0.12050610924753141,0.34713989866843514,20.783290741133435,0.12050610924753141
4176,587209.8738759647,517582.5418792097,T,20.803277209523202,0.09400181157285281,0.30659714867045457,20.803277209523202,0.09400181157285281
4177,587210.1598164954,517582.5418792097,T,20.827465545363552,0.06326080209150675,0.251517001595333,20.827465545363552,0.06326080209150675
4178,587210.4457570259,517582.5418792097,T,20.859085167685624,0.034405825384198715,0.18548807342845178,20.859085167685624,0.034405825384198715
4179,587210.7316975566,517582.5418792097,T,20.913001072575177,0.03921454733239822,0.19802663288658479,20.913001072575177,0.03921454733239822
4180,587211.0176380873,517582.5418792097,T,20.983918966597088,0.06592746251280843,0.2567634368690535,20.983918966597088,0.06592746251280843
4181,587211.3035786177,517582.5418792097,T,21.059892602259026,0.08953538537323569,0.2992246403176645,21.059892602259026,0.08953538537323569
4182,587211.5895191485,517582.5418792097,T,21.138938054933405,0.10721203043312766,0.32743248225111643,21.138938054933405,0.10721203043312766
4183,587211.8754596792,517582.5418792097,T,21.22062409987648,0.11978358357318492,0.3460976503433459,21.22062409987648,0.11978358357318492
4184,587212.1614002096,517582.5418792097,T,21.304781162884545,0.12898522491186187,0.35914513070882903,21.304781162884545,0.12898522491186187
4185,587212.4473407404,517582.5418792097,T,21.39109046823048,0.13670441059441138,0.36973559551984087,21.39109046823048,0.13670441059441138
4186,587212.7332812711,517582.5418792097,T,21.478685849230853,0.14433146598633348,0.3799098129639895,21.478685849230853,0.14433146598633348
4187,587213.0192218015,517582.5418792097,T,21.56597130911498,0.15235828411369035,0.3903309930221918,21.56597130911498,0.15235828411369035
4188,587213.3051623323,517582.5418792097,T,21.651030374730798,0.16048351205971506,0.40060393415406576,21.651030374730798,0.16048351205971506
4189,587213.591102863,517582.5418792097,T,21.732948590615617,0.16808653108238708,0.40998357416168163,21.732948590615617,0.16808653108238708
4190,587213.8770433934,517582.5418792097,T,21.809522161235872,0.17476380615625117,0.41804761230779824,21.809522161235872,0.17476380615625117
4191,587214.1629839242,517582.5418792097,T,21.87819712332941,0.18049156214025264,0.42484298527838804,21.87819712332941,0.18049156214025264
4192,587214.4489244549,517582.5418792097,T,21.93640593015137,0.18567810963656045,0.4309038287559771,21.93640593015137,0.18567810963656045
4193,587214.7348649853,517582.5418792097,T,21.98172302580845,0.19108766632620938,0.437135752743023,21.98172302580845,0.19108766632620938
4194,587215.020805516,517582.5418792097,T,22.012187735580337,0.19764022166661321,0.4445674545742336,22.012187735580337,0.19764022166661321
4195,587215.3067460468,517582.5418792097,T,22.02672845921109,0.20612603821262948,0.4540110551656529,22.02672845921109,0.20612603821262948
4196,587215.5926865772,517582.5418792097,T,22.025472495825344,0.21694158970216298,0.4657698892180161,22.025472495825344,0.21694158970216298
4197,587215.878627108,517582.5418792097,T,22.009512917931684,0.22999502307173228,0.479577963496794,22.009512917931684,0.22999502307173228
4198,587216.1645676387,517582.5418792097,T,21.980073494479512,0.24492038853117906,0.4948943205687241,21.980073494479512,0.24492038853117906
4199,587207.0144706585,517582.8278197403,T,20.796374504596095,0.2975450795886557,0.5454769285576208,20.796374504596095,0.2975450795886557
4200,587207.300411189,517582.8278197403,T,20.782999964773662,0.2822894360767203,0.5313091718356839,20.782999964773662,0.2822894360767203
4201,587207.5863517197,517582.8278197403,T,20.77065028585361,0.26650773128360583,0.5162438680348715,20.77065028585361,0.26650773128360583
4202,587207.8722922504,517582.8278197403,T,20.758826028696053,0.25035201816255886,0.5003518943329374,20.758826028696053,0.25035201816255886
4203,587208.1582327809,517582.8278197403,T,20.746996479334925,0.2338952342459183,0.4836271645037304,20.746996479334925,0.2338952342459183
4204,587208.4441733116,517582.8278197403,T,20.73790158988783,0.21704733007980914,0.4658833867823676,20.73790158988783,0.21704733007980914
4205,587208.7301138423,517582.8278197403,T,20.734683287296686,0.19956432930558032,0.4467262353003015,20.734683287296686,0.19956432930558032
4206,587209.0160543728,517582.8278197403,T,20.736715950407042,0.18097749046501624,0.4254144925422925,20.736715950407042,0.18097749046501624
4207,587209.3019949035,517582.8278197403,T,20.74354572767029,0.16064541080758074,0.40080595156207544,20.74354572767029,0.16064541080758074
4208,587209.587935434,517582.8278197403,T,20.754951708396376,0.138034758676837,0.37153029308097746,20.754951708396376,0.138034758676837
4209,587209.8738759647,517582.8278197403,T,20.771111909972305,0.11329232619876997,0.33658925443152515,20.771111909972305,0.11329232619876997
4210,587210.1598164954,517582.8278197403,T,20.79333437679162,0.08855323542036145,0.2975789566154862,20.79333437679162,0.08855323542036145
4211,587210.4457570259,517582.8278197403,T,20.82490714278523,0.07062966121818363,0.26576241498410497,20.82490714278523,0.07062966121818363
4212,587210.7316975566,517582.8278197403,T,20.870229318110454,0.06888124012204835,0.26245235781384846,20.870229318110454,0.06888124012204835
4213,587211.0176380873,517582.8278197403,T,20.927862360801942,0.07997525210823053,0.2827989605854847,20.927862360801942,0.07997525210823053
4214,587211.3035786177,517582.8278197403,T,20.99263302039013,0.09318584415612127,0.3052635650648817,20.99263302039013,0.09318584415612127
4215,587211.5895191485,517582.8278197403,T,21.061675947997973,0.10345671142438306,0.3216468737985542,21.061675947997973,0.10345671142438306
4216,587211.8754596792,517582.8278197403,T,21.134051736667583,0.11025222682412315,0.3320425075560705,21.134051736667583,0.11025222682412315
4217,587212.1614002096,517582.8278197403,T,21.209647479758715,0.11522323968285168,0.339445488529236,21.209647479758715,0.11522323968285168
4218,587212.4473407404,517582.8278197403,T,21.288502208790277,0.12082637687624813,0.34760088733524275,21.288502208790277,0.12082637687624813
4219,587212.7332812711,517582.8278197403,T,21.369974424762795,0.12888127082476647,0.35900037719306993,21.369974424762795,0.12888127082476647
4220,587213.0192218015,517582.8278197403,T,21.45225123542113,0.13956673200316602,0.37358631131663006,21.45225123542113,0.13956673200316602
4221,587213.3051623323,517582.8278197403,T,21.53369094662508,0.15173649830255237,0.3895336934111764,21.53369094662508,0.15173649830255237
4222,587213.591102863,517582.8278197403,T,21.612440769312908,0.1640489559968692,0.40502957422498076,21.612440769312908,0.1640489559968692
4223,587213.8770433934,517582.8278197403,T,21.685920330415193,0.17561371642140453,0.4190629027024517,21.685920330415193,0.17561371642140453
4224,587214.1629839242,517582.8278197403,T,21.751765350529443,0.1861144270885003,0.43140981338919526,21.751765350529443,0.1861144270885003
4225,587214.4489244549,517582.8278197403,T,21.807828682740872,0.19572929050279872,0.4424130315698202,21.807828682740872,0.19572929050279872
4226,587214.7348649853,517582.8278197403,T,21.852255586451776,0.20496967371174576,0.45273576588529624,21.852255586451776,0.20496967371174576
4227,587215.020805516,517582.8278197403,T,21.883658166418154,0.21448334545769077,0.46312346675340343,21.883658166418154,0.21448334545769077
4228,587215.3067460468,517582.8278197403,T,21.90132992938884,0.22484689545347364,0.47418023519909985,21.90132992938884,0.22484689545347364
4229,587215.5926865772,517582.8278197403,T,21.90538904232067,0.23639293848289322,0.48620256939149675,21.90538904232067,0.23639293848289322
4230,587215.878627108,517582.8278197403,T,21.89630939427949,0.2491701108331797,0.4991694209716574,21.89630939427949,0.2491701108331797
4231,587207.300411189,517583.1137602709,T,20.795649716293312,0.3003488793286737,0.5480409467628069,20.795649716293312,0.3003488793286737
4232,587207.5863517197,517583.1137602709,T,20.77988805155743,0.2854984376859521,0.5343205383343897,20.77988805155743,0.2854984376859521
4233,587207.8722922504,517583.1137602709,T,20.764541989902924,0.2700739122691486,0.5196863595180737,20.764541989902924,0.2700739122691486
4234,587208.1582327809,517583.1137602709,T,20.749208612099167,0.25407441560551725,0.5040579486582046,20.749208612099167,0.25407441560551725
4235,587208.4441733116,517583.1137602709,T,20.734926981634846,0.23737665983005504,0.4872131564624,20.734926981634846,0.23737665983005504
4236,587208.7301138423,517583.1137602709,T,20.726276607306495,0.21977640176162877,0.4688031588648148,20.726276607306495,0.21977640176162877
4237,587209.0160543728,517583.1137602709,T,20.723176649468936,0.20103062528015786,0.4483643889518411,20.723176649468936,0.20103062528015786
4238,587209.3019949035,517583.1137602709,T,20.725266919432165,0.18091084721239067,0.42533615789442436,20.725266919432165,0.18091084721239067
4239,587209.587935434,517583.1137602709,T,20.732463553596304,0.15947089518540497,0.39933807129474264,20.732463553596304,0.15947089518540497
4240,587209.8738759647,517583.1137602709,T,20.745304365667927,0.13751860283422188,0.3708350075629617,20.745304365667927,0.13751860283422188
4241,587210.1598164954,517583.1137602709,T,20.76485218057747,0.11730855200200405,0.34250336057038044,20.76485218057747,0.11730855200200405
4242,587210.4457570259,517583.1137602709,T,20.79283140893679,0.10265105865607721,0.3203920390023404,20.79283140893679,0.10265105865607721
4243,587210.7316975566,517583.1137602709,T,20.83062974795648,0.09652187946373572,0.31067970558717817,20.83062974795648,0.09652187946373572
4244,587211.0176380873,517583.1137602709,T,20.877460724382924,0.09722962135187341,0.3118166470089007,20.877460724382924,0.09722962135187341
4245,587211.3035786177,517583.1137602709,T,20.930882651290396,0.09989406426784243,0.3160602225333685,20.930882651290396,0.09989406426784243
4246,587211.5895191485,517583.1137602709,T,20.988814003073912,0.10091441039748622,0.31767028566972744,20.988814003073912,0.10091441039748622
4247,587211.8754596792,517583.1137602709,T,21.050373944952053,0.09957753239951281,0.3155590790953618,21.050373944952053,0.09957753239951281
4248,587212.1614002096,517583.1137602709,T,21.11590467305357,0.09795251850636662,0.31297367062800446,21.11590467305357,0.09795251850636662
4249,587212.4473407404,517583.1137602709,T,21.186424396163993,0.09997296433698644,0.31618501599061655,21.186424396163993,0.09997296433698644
4250,587212.7332812711,517583.1137602709,T,21.261917956588476,0.10859013324291454,0.32953017045926847,21.261917956588476,0.10859013324291454
4251,587213.0192218015,517583.1137602709,T,21.34032117783212,0.123067129901834,0.35080925002319135,21.34032117783212,0.123067129901834
4252,587213.3051623323,517583.1137602709,T,21.419269883291978,0.14043072343670177,0.3747408750546193,21.419269883291978,0.14043072343670177
4253,587213.591102863,517583.1137602709,T,21.49556948360835,0.15814838388023117,0.3976787445668063,21.49556948360835,0.15814838388023117
4254,587213.8770433934,517583.1137602709,T,21.56660473072763,0.17483660875658125,0.41813467777329977,21.56660473072763,0.17483660875658125
4255,587214.1629839242,517583.1137602709,T,21.630268074106166,0.19001654768094967,0.43590887543264095,21.630268074106166,0.19001654768094967
4256,587214.4489244549,517583.1137602709,T,21.684807769932206,0.20377461161265337,0.45141401353154,21.684807769932206,0.20377461161265337
4257,587214.7348649853,517583.1137602709,T,21.728810231814542,0.21650788901155138,0.46530408230699133,21.728810231814542,0.21650788901155138
4258,587215.020805516,517583.1137602709,T,21.761277844555774,0.2287286574484737,0.4782558493614832,21.761277844555774,0.2287286574484737
4259,587215.3067460468,517583.1137602709,T,21.781736618116152,0.2409036295706702,0.4908193451471429,21.781736618116152,0.2409036295706702
4260,587215.5926865772,517583.1137602709,T,21.790282505920572,0.25333337106194875,0.5033223331642942,21.790282505920572,0.25333337106194875
4261,587207.5863517197,517583.3997008016,T,20.790975827688847,0.3032717239454028,0.5507011203415177,20.790975827688847,0.3032717239454028
4262,587207.8722922504,517583.3997008016,T,20.772660475493847,0.28865767234534184,0.5372687152118033,20.772660475493847,0.28865767234534184
4263,587208.1582327809,517583.3997008016,T,20.75441571986597,0.27329692290816104,0.5227780818934178,20.75441571986597,0.27329692290816104
4264,587208.4441733116,517583.3997008016,T,20.736215765345012,0.2570868115364364,0.5070372881124586,20.736215765345012,0.2570868115364364
4265,587208.7301138423,517583.3997008016,T,20.722451678220228,0.23988655740591994,0.489782153008784,20.722451678220228,0.23988655740591994
4266,587209.0160543728,517583.3997008016,T,20.71447814076624,0.2216296922772325,0.4707756283806889,20.71447814076624,0.2216296922772325
4267,587209.3019949035,517583.3997008016,T,20.712052410102828,0.2023537313581168,0.4498374499284345,20.712052410102828,0.2023537313581168
4268,587209.587935434,517583.3997008016,T,20.71530535654215,0.18239425367070625,0.42707640261516,20.71530535654215,0.18239425367070625
4269,587209.8738759647,517583.3997008016,T,20.72451033201367,0.16265235348106039,0.4033018143785872,20.72451033201367,0.16265235348106039
4270,587210.1598164954,517583.3997008016,T,20.740251823356466,0.1446888362263451,0.38037985780840855,20.740251823356466,0.1446888362263451
4271,587210.4457570259,517583.3997008016,T,20.76326126100019,0.13032600129338184,0.3610069269326862,20.76326126100019,0.13032600129338184
4272,587210.7316975566,517583.3997008016,T,20.793852238659884,0.12041090769265775,0.34700274882579496,20.793852238659884,0.12041090769265775
4273,587211.0176380873,517583.3997008016,T,20.831342715700444,0.11367660310288365,0.33715961072299816,20.831342715700444,0.11367660310288365
4274,587211.3035786177,517583.3997008016,T,20.874230593762018,0.10734602700473873,0.3276370354595749,20.874230593762018,0.10734602700473873
4275,587211.5895191485,517583.3997008016,T,20.920990110878147,0.09894942339851028,0.3145622726877943,20.920990110878147,0.09894942339851028
4276,587211.8754596792,517583.3997008016,T,20.970852441422547,0.08784927326331869,0.29639378074331907,20.970852441422547,0.08784927326331869
4277,587212.1614002096,517583.3997008016,T,21.02467476840175,0.07672743145551017,0.2769971686777866,21.02467476840175,0.07672743145551017
4278,587212.4473407404,517583.3997008016,T,21.085694012498145,0.07303195971372874,0.2702442593538829,21.085694012498145,0.07303195971372874
4279,587212.7332812711,517583.3997008016,T,21.156146483797407,0.08348540119342558,0.28893840380507674,21.156146483797407,0.08348540119342558
4280,587213.0192218015,517583.3997008016,T,21.23290819674417,0.10431611135971942,0.3229800479282264,21.23290819674417,0.10431611135971942
4281,587213.3051623323,517583.3997008016,T,21.310382314541783,0.12844399823104274,0.35839084562952045,21.310382314541783,0.12844399823104274
4282,587213.591102863,517583.3997008016,T,21.384764875432715,0.1520739235639196,0.38996656723867956,21.384764875432715,0.1520739235639196
4283,587213.8770433934,517583.3997008016,T,21.453699880255282,0.17379404552547378,0.4168861301668284,21.453699880255282,0.17379404552547378
4284,587214.1629839242,517583.3997008016,T,21.515481096376107,0.19328148295462885,0.43963789981600637,21.515481096376107,0.19328148295462885
4285,587214.4489244549,517583.3997008016,T,21.568756781151652,0.21071031792237277,0.45903193562362604,21.568756781151652,0.21071031792237277
4286,587214.7348649853,517583.3997008016,T,21.612474126891428,0.22647870473516402,0.47589778811753686,21.612474126891428,0.22647870473516402
4287,587215.020805516,517583.3997008016,T,21.64591822759536,0.24104945445053652,0.4909678751716211,21.64591822759536,0.24104945445053652
4288,587215.3067460468,517583.3997008016,T,21.66877327663098,0.25483575177475953,0.5048125907450799,21.66877327663098,0.25483575177475953
4289,587208.1582327809,517583.6856413322,T,20.76228068476937,0.29157008743716134,0.5399723024722299,20.76228068476937,0.29157008743716134
4290,587208.4441733116,517583.6856413322,T,20.74148480551153,0.27608607069642255,0.5254389314624703,20.74148480551153,0.27608607069642255
4291,587208.7301138423,517583.6856413322,T,20.722856025717565,0.2596038577256019,0.5095133538246097,20.722856025717565,0.2596038577256019
4292,587209.0160543728,517583.6856413322,T,20.710264791000835,0.24214402592489007,0.4920813204388987,20.710264791000835,0.24214402592489007
4293,587209.3019949035,517583.6856413322,T,20.7036115673273,0.22389497646954207,0.4731754182853776,20.7036115673273,0.22389497646954207
4294,587209.587935434,517583.6856413322,T,20.70281266129971,0.2052675994479778,0.4530646746856102,20.70281266129971,0.2052675994479778
4295,587209.8738759647,517583.6856413322,T,20.70795702884988,0.18695487176904169,0.43238278384903545,20.70795702884988,0.18695487176904169
4296,587210.1598164954,517583.6856413322,T,20.719260435580875,0.1698579198117357,0.4121382290102869,20.719260435580875,0.1698579198117357
4297,587210.4457570259,517583.6856413322,T,20.736897932546515,0.1547297485592287,0.39335702429120123,20.736897932546515,0.1547297485592287
4298,587210.7316975566,517583.6856413322,T,20.760717489989737,0.14157915372636867,0.37627005425142285,20.760717489989737,0.14157915372636867
4299,587211.0176380873,517583.6856413322,T,20.79001368786539,0.12927653911948306,0.35955046811189534,20.79001368786539,0.12927653911948306
4300,587211.3035786177,517583.6856413322,T,20.823586435789434,0.11583092668735014,0.340339428640512,20.823586435789434,0.11583092668735014
4301,587211.5895191485,517583.6856413322,T,20.860060574053705,0.09917953632373942,0.31492782716638335,20.860060574053705,0.09917953632373942
4302,587211.8754596792,517583.6856413322,T,20.89832471652511,0.0780830657829607,0.27943347291074616,20.89832471652511,0.0780830657829607
4303,587212.1614002096,517583.6856413322,T,20.9385300613065,0.05386395899676716,0.23208610254982343,20.9385300613065,0.05386395899676716
4304,587212.4473407404,517583.6856413322,T,20.987012151187617,0.038961484633404396,0.19738663742362195,20.987012151187617,0.038961484633404396
4305,587212.7332812711,517583.6856413322,T,21.056113739347854,0.05622696201229782,0.23712225119608202,21.056113739347854,0.05622696201229782
4306,587213.0192218015,517583.6856413322,T,21.133703509521403,0.08769330786540395,0.2961305588172284,21.133703509521403,0.08769330786540395
4307,587213.3051623323,517583.6856413322,T,21.21012227359294,0.11932335855825325,0.345432133071394,21.21012227359294,0.11932335855825325
4308,587213.591102863,517583.6856413322,T,21.282449120660225,0.14833240772886547,0.385139465296489,21.282449120660225,0.14833240772886547
4309,587213.8770433934,517583.6856413322,T,21.34911176118578,0.17424664733892073,0.41742861346453086,21.34911176118578,0.17424664733892073
4310,587214.1629839242,517583.6856413322,T,21.408910389008273,0.19719483802796425,0.444066254097251,21.408910389008273,0.19719483802796425
4311,587214.4489244549,517583.6856413322,T,21.460856963176187,0.21752956760441172,0.4664006513764874,21.460856963176187,0.21752956760441172
4312,587214.7348649853,517583.6856413322,T,21.50417706231646,0.2356883548838975,0.48547745043812024,21.50417706231646,0.2356883548838975
4313,587215.020805516,517583.6856413322,T,21.53835399394729,0.2521098228183447,0.5021053901506582,21.53835399394729,0.2521098228183447
4314,587208.4441733116,517583.9715818628,T,20.74990317132257,0.2942001352427088,0.5424021895629744,20.74990317132257,0.2942001352427088
4315,587208.7301138423,517583.9715818628,T,20.72779670110469,0.2785978003375678,0.5278236451103416,20.72779670110469,0.2785978003375678
4316,587209.0160543728,517583.9715818628,T,20.71082780539815,0.262085413041714,0.5119427829764904,20.71082780539815,0.262085413041714
4317,587209.3019949035,517583.9715818628,T,20.699916342759085,0.24489011605856187,0.49486373483875523,20.699916342759085,0.24489011605856187
4318,587209.587935434,517583.9715818628,T,20.6949080579213,0.22735915896531067,0.47682193632981135,20.6949080579213,0.22735915896531067
4319,587209.8738759647,517583.9715818628,T,20.69573622511118,0.20994639813331828,0.458199081331814,20.69573622511118,0.20994639813331828
4320,587210.1598164954,517583.9715818628,T,20.70236348031036,0.1931029944564477,0.43943485803523563,20.70236348031036,0.1931029944564477
4321,587210.4457570259,517583.9715818628,T,20.7146650298435,0.17703988159207584,0.4207610742358136,20.7146650298435,0.17703988159207584
4322,587210.7316975566,517583.9715818628,T,20.73227812332886,0.16143723465038085,0.40179252687224143,20.73227812332886,0.16143723465038085
4323,587211.0176380873,517583.9715818628,T,20.75449707871702,0.1452941054723804,0.38117463907293253,20.75449707871702,0.1452941054723804
4324,587211.3035786177,517583.9715818628,T,20.78028794564835,0.127066860875099,0.356464389350604,20.78028794564835,0.127066860875099
4325,587211.5895191485,517583.9715818628,T,20.808407930561458,0.10501890430780303,0.3240662035877901,20.808407930561458,0.10501890430780303
4326,587211.8754596792,517583.9715818628,T,20.837544841294868,0.07756319071432995,0.27850168888954685,20.837544841294868,0.07756319071432995
4327,587212.1614002096,517583.9715818628,T,20.86641851717743,0.04347119757625495,0.20849747618677533,20.86641851717743,0.04347119757625495
4328,587212.4473407404,517583.9715818628,T,20.895406426655665,0.0035580658537894263,0.05964952517656302,20.895406426655665,0.0035580658537894263
4329,587212.7332812711,517583.9715818628,T,20.971519952385098,0.04229434614155255,0.2056558925524687,20.971519952385098,0.04229434614155255
4330,587213.0192218015,517583.9715818628,T,21.0482817190674,0.08202215336467925,0.2863951001059188,21.0482817190674,0.08202215336467925
4331,587213.3051623323,517583.9715818628,T,21.121706239950722,0.1177480555772988,0.3431443655042274,21.121706239950722,0.1177480555772988
4332,587213.591102863,517583.9715818628,T,21.190732639789807,0.14962253561187025,0.38681072323795557,21.190732639789807,0.14962253561187025
4333,587213.8770433934,517583.9715818628,T,21.254374962335557,0.17790933534693276,0.42179300059025726,21.254374962335557,0.17790933534693276
4334,587214.1629839242,517583.9715818628,T,21.311735619948465,0.20294825796260998,0.4504977890762728,21.311735619948465,0.20294825796260998
4335,587214.4489244549,517583.9715818628,T,21.3620393389981,0.2251268235712799,0.4744753139745838,21.3620393389981,0.2251268235712799
4336,587214.7348649853,517583.9715818628,T,21.404675501926565,0.2448464059888477,0.4948195691247949,21.404675501926565,0.2448464059888477
4337,587208.7301138423,517584.25752239337,T,20.737528283434912,0.2966272322519434,0.5446349532043857,20.737528283434912,0.2966272322519434
4338,587209.0160543728,517584.25752239337,T,20.71624402201795,0.28115202598698497,0.5302377070588106,20.71624402201795,0.28115202598698497
4339,587209.3019949035,517584.25752239337,T,20.70103036733516,0.2649894563425016,0.5147712660420175,20.70103036733516,0.2649894563425016
4340,587209.587935434,517584.25752239337,T,20.691718940737022,0.24840055487884427,0.49839798843779887,20.691718940737022,0.24840055487884427
4341,587209.8738759647,517584.25752239337,T,20.688129382608683,0.23165625265722067,0.48130681758855304,20.688129382608683,0.23165625265722067
4342,587210.1598164954,517584.25752239337,T,20.690072376173227,0.21494737501119188,0.46362417431707753,20.690072376173227,0.21494737501119188
4343,587210.4457570259,517584.25752239337,T,20.697276591129185,0.19824458460288266,0.4452466559143175,20.697276591129185,0.19824458460288266
4344,587210.7316975566,517584.25752239337,T,20.709311187419818,0.18116418145521607,0.42563385844551427,20.709311187419818,0.18116418145521607
4345,587211.0176380873,517584.25752239337,T,20.725543447949285,0.1629322279877667,0.4036486442288227,20.725543447949285,0.1629322279877667
4346,587211.3035786177,517584.25752239337,T,20.74516881752423,0.1425164172807402,0.37751346635681776,20.74516881752423,0.1425164172807402
4347,587211.5895191485,517584.25752239337,T,20.76733635972314,0.11894259651035216,0.3448805539753614,20.76733635972314,0.11894259651035216
4348,587211.8754596792,517584.25752239337,T,20.791450467254002,0.09191201238514282,0.3031699397782419,20.791450467254002,0.09191201238514282
4349,587212.1614002096,517584.25752239337,T,20.818725897017437,0.06372730937898546,0.2524426853346824,20.818725897017437,0.06372730937898546
4350,587212.4473407404,517584.25752239337,T,20.856311042769114,0.04733436829993452,0.21756463016753097,20.856311042769114,0.04733436829993452
4351,587212.7332812711,517584.25752239337,T,20.913614864682927,0.062575619206436,0.25015119269441033,20.913614864682927,0.062575619206436
4352,587213.0192218015,517584.25752239337,T,20.980172043021295,0.09373003573731663,0.306153614607629,20.980172043021295,0.09373003573731663
4353,587213.3051623323,517584.25752239337,T,21.04690399973567,0.1265582378720782,0.3557502464821046,21.04690399973567,0.1265582378720782
4354,587213.591102863,517584.25752239337,T,21.110810004335672,0.15753681948321113,0.3969090821374728,21.110810004335672,0.15753681948321113
4355,587213.8770433934,517584.25752239337,T,21.170419550360013,0.1858260907391416,0.43107550468466843,21.170419550360013,0.1858260907391416
4356,587214.1629839242,517584.25752239337,T,21.224722749580195,0.2113045645474833,0.45967876234114113,21.224722749580195,0.2113045645474833
4357,587214.4489244549,517584.25752239337,T,21.272904722882622,0.23411208147649887,0.4838513009970097,21.272904722882622,0.23411208147649887
4358,587214.7348649853,517584.25752239337,T,21.314340942311215,0.25449472362035164,0.5044747006742277,21.314340942311215,0.25449472362035164
4359,587209.0160543728,517584.5434629241,T,20.726595207539713,0.29913707496654646,0.5469342510453578,20.726595207539713,0.29913707496654646
4360,587209.3019949035,517584.5434629241,T,20.707087920574587,0.28401458581728223,0.5329301885024738,20.707087920574587,0.28401458581728223
4361,587209.587935434,517584.5434629241,T,20.693440549401775,0.26832833437928927,0.5180041837468973,20.693440549401775,0.26832833437928927
4362,587209.8738759647,517584.5434629241,T,20.685431655737325,0.2522417336591717,0.5022367306949699,20.685431655737325,0.2522417336591717
4363,587210.1598164954,517584.5434629241,T,20.682793448769008,0.23582317502222105,0.48561628372844035,20.682793448769008,0.23582317502222105
4364,587210.4457570259,517584.5434629241,T,20.685199504541618,0.2189790944979247,0.4679520215769184,20.685199504541618,0.2189790944979247
4365,587210.7316975566,517584.5434629241,T,20.69223238334515,0.20141009862160217,0.4487873645966452,20.69223238334515,0.20141009862160217
4366,587211.0176380873,517584.5434629241,T,20.703383098767294,0.18264846254735576,0.4273739142102098,20.703383098767294,0.18264846254735576
4367,587211.3035786177,517584.5434629241,T,20.71811323508719,0.16223193580195663,0.4027802574629951,20.71811323508719,0.16223193580195663
4368,587211.5895191485,517584.5434629241,T,20.73602266801782,0.1400833659395522,0.3742771245207917,20.73602266801782,0.1400833659395522
4369,587211.8754596792,517584.5434629241,T,20.757740982725796,0.11727361095792237,0.34245234844854305,20.757740982725796,0.11727361095792237
4370,587212.1614002096,517584.5434629241,T,20.7853889115114,0.09756924803799898,0.3123607658429576,20.7853889115114,0.09756924803799898
4371,587212.4473407404,517584.5434629241,T,20.822294671932614,0.08870837587995445,0.2978395136310064,20.822294671932614,0.08870837587995445
4372,587212.7332812711,517584.5434629241,T,20.87051620214952,0.09683732717655552,0.31118696498496773,20.87051620214952,0.09683732717655552
4373,587213.0192218015,517584.5434629241,T,20.926499099640278,0.11789885362542003,0.34336402494352847,20.926499099640278,0.11789885362542003
4374,587213.3051623323,517584.5434629241,T,20.98501725221052,0.14434042051815657,0.37992159785692176,20.98501725221052,0.14434042051815657
4375,587213.591102863,517584.5434629241,T,21.04265256442795,0.17169904053811258,0.41436582935627375,21.04265256442795,0.17169904053811258
4376,587213.8770433934,517584.5434629241,T,21.097396458345393,0.19800504934222415,0.4449775829659559,21.097396458345393,0.19800504934222415
4377,587214.1629839242,517584.5434629241,T,21.147970473692844,0.22246236030439503,0.47165915691778426,21.147970473692844,0.22246236030439503
4378,587214.4489244549,517584.5434629241,T,21.19348181165631,0.24480567662034086,0.4947784116352904,21.19348181165631,0.24480567662034086
4379,587209.3019949035,517584.82940345467,T,20.71798446103052,0.3018432999293346,0.5494026755753331,20.71798446103052,0.3018432999293346
4380,587209.587935434,517584.82940345467,T,20.70012294939579,0.28711291297403896,0.5358291826450282,20.70012294939579,0.28711291297403896
4381,587209.8738759647,517584.82940345467,T,20.68781516132969,0.2718017759987732,0.5213461191941234,20.68781516132969,0.2718017759987732
4382,587210.1598164954,517584.82940345467,T,20.680771770422886,0.25594413160613705,0.5059092128101019,20.680771770422886,0.25594413160613705
4383,587210.4457570259,517584.82940345467,T,20.678670538245736,0.23947675464281876,0.48936362210816076,20.678670538245736,0.23947675464281876
4384,587210.7316975566,517584.82940345467,T,20.681149260521206,0.22224688553507269,0.4714306794588921,20.681149260521206,0.22224688553507269
4385,587211.0176380873,517584.82940345467,T,20.68782742608467,0.20408874188782386,0.45176181986509645,20.68782742608467,0.20408874188782386
4386,587211.3035786177,517584.82940345467,T,20.698383719066314,0.185006842062972,0.4301242170152385,20.698383719066314,0.185006842062972
4387,587211.5895191485,517584.82940345467,T,20.713315100904488,0.16550874079559208,0.40682765490511097,20.713315100904488,0.16550874079559208
4388,587211.8754596792,517584.82940345467,T,20.733416572997076,0.14715569503444254,0.3836087786201491,20.733416572997076,0.14715569503444254
4389,587212.1614002096,517584.82940345467,T,20.759732730564153,0.13303120488525833,0.3647344306276257,20.759732730564153,0.13303120488525833
4390,587212.4473407404,517584.82940345467,T,20.793621386526045,0.12725830947885944,0.35673282646661414,20.793621386526045,0.12725830947885944
4391,587212.7332812711,517584.82940345467,T,20.835385005945586,0.13238703257021264,0.36385028867683017,20.835385005945586,0.13238703257021264
4392,587213.0192218015,517584.82940345467,T,20.883176366115787,0.1470361135121263,0.3834528830405716,20.883176366115787,0.1470361135121263
4393,587213.3051623323,517584.82940345467,T,20.93399667948223,0.16749287430185075,0.40925893307519967,20.93399667948223,0.16749287430185075
4394,587213.591102863,517584.82940345467,T,20.98515713453776,0.19042459304830794,0.4363766641885287,20.98515713453776,0.19042459304830794
4395,587213.8770433934,517584.82940345467,T,21.034696088263523,0.21370612612971973,0.4622835992437107,21.034696088263523,0.21370612612971973
4396,587214.1629839242,517584.82940345467,T,21.081238002222616,0.23616097111310047,0.4859639607142699,21.081238002222616,0.23616097111310047
4397,587209.587935434,517585.11534398526,T,20.711611901288755,0.30476711811833057,0.5520571692481954,20.711611901288755,0.30476711811833057
4398,587209.8738759647,517585.11534398526,T,20.695093669126866,0.29037764772341335,0.5388670037434221,20.695093669126866,0.29037764772341335
4399,587210.1598164954,517585.11534398526,T,20.683807142485954,0.27534648349446245,0.5247346791421951,20.683807142485954,0.27534648349446245
4400,587210.4457570259,517585.11534398526,T,20.677442480231427,0.25967662662194135,0.5095847590165363,20.677442480231427,0.25967662662194135
4401,587210.7316975566,517585.11534398526,T,20.67568401894055,0.24336016705257568,0.4933154843024651,20.67568401894055,0.24336016705257568
4402,587211.0176380873,517585.11534398526,T,20.678327551329158,0.22646058216661674,0.4758787473365634,20.678327551329158,0.22646058216661674
4403,587211.3035786177,517585.11534398526,T,20.685839185265174,0.20927473551102305,0.4574655566389923,20.685839185265174,0.20927473551102305
4404,587211.5895191485,517585.11534398526,T,20.69841020169325,0.19258361953154274,0.4388435023234852,20.69841020169325,0.19258361953154274
4405,587211.8754596792,517585.11534398526,T,20.71635600644139,0.1778496975864817,0.4217222991335432,20.71635600644139,0.1778496975864817
4406,587212.1614002096,517585.11534398526,T,20.740208366970123,0.16723294936105107,0.4089412541686777,20.740208366970123,0.16723294936105107
4407,587212.4473407404,517585.11534398526,T,20.770410433121892,0.16303911616581335,0.4037810250195189,20.770410433121892,0.16303911616581335
4408,587212.7332812711,517585.11534398526,T,20.806737943539908,0.16654778814385185,0.40810266863113237,20.806737943539908,0.16654778814385185
4409,587213.0192218015,517585.11534398526,T,20.847955378420906,0.1771885333903799,0.42093768350004007,20.847955378420906,0.1771885333903799
4410,587213.3051623323,517585.11534398526,T,20.892146026931222,0.1930147275034158,0.43933441420336716,20.892146026931222,0.1930147275034158
4411,587213.591102863,517585.11534398526,T,20.9373283013023,0.2118165976197147,0.46023537197798553,20.9373283013023,0.2118165976197147
4412,587213.8770433934,517585.11534398526,T,20.981821162439022,0.23181086935676123,0.4814674125595223,20.981821162439022,0.23181086935676123
4413,587210.1598164954,517585.401284516,T,20.69190457585854,0.293990872204853,0.5422092513088033,20.69190457585854,0.293990872204853
4414,587210.4457570259,517585.401284516,T,20.68138847600437,0.27940176334231265,0.528584679443429,20.68138847600437,0.27940176334231265
4415,587210.7316975566,517585.401284516,T,20.675895175858393,0.2643204135869867,0.5141210106453409,20.675895175858393,0.2643204135869867
4416,587211.0176380873,517585.401284516,T,20.675596816828126,0.24897783608356558,0.4989767891230669,20.675596816828126,0.24897783608356558
4417,587211.3035786177,517585.401284516,T,20.680434444967204,0.23383589575843156,0.4835658132647836,20.680434444967204,0.23383589575843156
4418,587211.5895191485,517585.401284516,T,20.690449431797933,0.2196898115947132,0.4687107973950602,20.690449431797933,0.2196898115947132
4419,587211.8754596792,517585.401284516,T,20.705790358509063,0.20772834831389822,0.45577225487506173,20.705790358509063,0.20772834831389822
4420,587212.1614002096,517585.401284516,T,20.72663924521523,0.19942536682255735,0.4465706739392516,20.72663924521523,0.19942536682255735
4421,587212.4473407404,517585.401284516,T,20.75301521989519,0.19615861731221956,0.44289797618889565,20.75301521989519,0.19615861731221956
4422,587212.7332812711,517585.401284516,T,20.784517138495563,0.19865388877190077,0.4457060564676015,20.784517138495563,0.19865388877190077
4423,587213.0192218015,517585.401284516,T,20.820198345138454,0.20664012254918582,0.4545768609918303,20.820198345138454,0.20664012254918582
4424,587213.3051623323,517585.401284516,T,20.85870235810334,0.21901282114212978,0.467988056623382,20.85870235810334,0.21901282114212978
4425,587213.591102863,517585.401284516,T,20.898546682943408,0.23432307105700145,0.48406928332316385,20.898546682943408,0.23432307105700145
4426,587210.4457570259,517585.68722504657,T,20.691522580261505,0.2983571288271739,0.5462207693114332,20.691522580261505,0.2983571288271739
4427,587210.7316975566,517585.68722504657,T,20.683096059158544,0.28468982591812236,0.5335633288730799,20.683096059158544,0.28468982591812236
4428,587211.0176380873,517585.68722504657,T,20.679953944433628,0.2710244182698902,0.5206000559641636,20.679953944433628,0.2710244182698902
4429,587211.3035786177,517585.68722504657,T,20.68202094151835,0.25785373459725325,0.5077930036907295,20.68202094151835,0.25785373459725325
4430,587211.5895191485,517585.68722504657,T,20.689272255775478,0.24589011487295703,0.4958730834326028,20.689272255775478,0.24589011487295703
4431,587211.8754596792,517585.68722504657,T,20.701713605249367,0.2360563078326054,0.4858562625227809,20.701713605249367,0.2360563078326054
4432,587212.1614002096,517585.68722504657,T,20.719314445123068,0.22936982994935656,0.47892570399734924,20.719314445123068,0.22936982994935656
4433,587212.4473407404,517585.68722504657,T,20.741892229481344,0.2267043665270915,0.47613481969615656,20.741892229481344,0.2267043665270915
4434,587212.7332812711,517585.68722504657,T,20.768990884029044,0.2285067300716029,0.47802377563422815,20.768990884029044,0.2285067300716029
4435,587213.0192218015,517585.68722504657,T,20.799831358956286,0.2346318929529497,0.4843881635144997,20.799831358956286,0.2346318929529497
4436,587213.3051623323,517585.68722504657,T,20.833378337337102,0.24440529582944057,0.49437363990148236,20.833378337337102,0.24440529582944057
4437,587210.7316975566,517585.97316557716,T,20.69752998632423,0.3041237900101793,0.5514741970484016,20.69752998632423,0.3041237900101793
4438,587211.0176380873,517585.97316557716,T,20.691477731319942,0.2921277878091681,0.5404884714859033,20.691477731319942,0.2921277878091681
4439,587211.3035786177,517585.97316557716,T,20.69065952242347,0.2807688547161233,0.5298762635900227,20.69065952242347,0.2807688547161233
4440,587211.5895191485,517585.97316557716,T,20.69498462152429,0.27065232589561344,0.5202425644789298,20.69498462152429,0.27065232589561344
4441,587211.8754596792,517585.97316557716,T,20.704354841458084,0.26248670914888855,0.512334567591226,20.704354841458084,0.26248670914888855
4442,587212.1614002096,517585.97316557716,T,20.718615278780973,0.2569909950938516,0.5069427927230563,20.718615278780973,0.2569909950938516
4443,587212.4473407404,517585.97316557716,T,20.737487075717866,0.254747159408537,0.5047248353395511,20.737487075717866,0.254747159408537
4444,587212.7332812711,517585.97316557716,T,20.760507131636455,0.2560460945209703,0.5060099747247778,20.760507131636455,0.2560460945209703
4445,587213.0192218015,517585.97316557716,T,20.787008419533954,0.26080035964807524,0.5106861655146684,20.787008419533954,0.26080035964807524
4446,587213.3051623323,517585.97316557716,T,20.81615790209759,0.2685692582781471,0.5182366817180613,20.81615790209759,0.2685692582781471
4447,587211.0176380873,517586.2591061079,T,20.709775567247988,0.3119067560428047,0.5584861287828058,20.709775567247988,0.3119067560428047
4448,587211.3035786177,517586.2591061079,T,20.70638669639084,0.3021986135531133,0.549725944042223,20.70638669639084,0.3021986135531133
4449,587211.5895191485,517586.2591061079,T,20.707826826385993,0.29365882405836613,0.5419029655375269,20.707826826385993,0.29365882405836613
4450,587211.8754596792,517586.2591061079,T,20.71404534194496,0.28683703677121514,0.5355716915327164,20.71404534194496,0.28683703677121514
4451,587212.1614002096,517586.2591061079,T,20.72495280976254,0.2822593386388089,0.5312808472350654,20.72495280976254,0.2822593386388089
4452,587212.4473407404,517586.2591061079,T,20.740234590212665,0.28032934667305226,0.5294613741086807,20.740234590212665,0.28032934667305226
4453,587212.7332812711,517586.2591061079,T,20.759440400231945,0.28124354465240814,0.5303239996949112,20.759440400231945,0.28124354465240814
4454,587213.0192218015,517586.2591061079,T,20.78198535189396,0.28494166762878165,0.5337992765345244,20.78198535189396,0.28494166762878165
4455,587211.3035786177,517586.54504663846,T,20.727298611753266,0.3218359028866916,0.5673058283560037,20.727298611753266,0.3218359028866916
4456,587211.5895191485,517586.54504663846,T,20.726379469246606,0.31465765526044903,0.5609435401717797,20.726379469246606,0.31465765526044903
4457,587211.8754596792,517586.54504663846,T,20.730011978801997,0.3089569816644917,0.5558389889747675,20.730011978801997,0.3089569816644917
4458,587212.1614002096,517586.54504663846,T,20.738001829902306,0.30512123342067676,0.5523777995364013,20.738001829902306,0.30512123342067676
4459,587212.4473407404,517586.54504663846,T,20.75006852876466,0.30343901190070605,0.5508529857418457,20.75006852876466,0.30343901190070605
4460,587212.7332812711,517586.54504663846,T,20.7658285877189,0.3040460647027644,0.5514037220610362,20.7658285877189,0.3040460647027644
4461,587211.8754596792,517586.83098716906,T,20.750642808258515,0.3287874927166317,0.573399941329463,20.750642808258515,0.3287874927166317
4462,587212.1614002096,517586.83098716906,T,20.755869738077568,0.32554354719872985,0.5705642358216381,20.755869738077568,0.32554354719872985
4463,587212.4473407404,517586.83098716906,T,20.7649835096613,0.3240423123226314,0.5692471452037607,20.7649835096613,0.3240423123226314
4464,587212.1614002096,517587.11692769977,T,20.778688723866665,0.3436045953164709,0.5861779553313745,20.778688723866665,0.3436045953164709
