grid_id,X,Y,Variable,Prediccion,Varianza_kriging,Error_estandar_kriging,var1.pred,var1.var
1,587191.5271684568,517550.00172497844,N,16.569771022940245,31.125545020604733,5.579027246806089,16.569771022940245,31.125545020604733
2,587191.2391117347,517550.2897817006,N,16.5331270684408,29.81235690711977,5.460069313398848,16.5331270684408,29.81235690711977
3,587191.5271684568,517550.2897817006,N,16.56823164234182,29.95390910203598,5.473016453660264,16.56823164234182,29.95390910203598
4,587191.815225179,517550.2897817006,N,16.604055676889693,30.181767215370652,5.493793517722581,16.604055676889693,30.181767215370652
5,587190.9510550125,517550.5778384228,N,16.48695541854227,28.381991744306895,5.32747517538157,16.48695541854227,28.381991744306895
6,587191.2391117347,517550.5778384228,N,16.525188222056244,28.44166431372985,5.333072689709924,16.525188222056244,28.44166431372985
7,587191.5271684568,517550.5778384228,N,16.565588454760817,28.625212963929428,5.350253542022979,16.565588454760817,28.625212963929428
8,587191.815225179,517550.5778384228,N,16.606926422609416,28.914686688191342,5.377237830726045,16.606926422609416,28.914686688191342
9,587192.1032819011,517550.5778384228,N,16.647880026961978,29.28715818158459,5.4117610979776805,16.647880026961978,29.28715818158459
10,587190.6629982904,517550.86589514493,N,16.431199307959275,26.884384685419075,5.18501539876393,16.431199307959275,26.884384685419075
11,587190.9510550125,517550.86589514493,N,16.47096348823764,26.795988987185723,5.176484230361928,16.47096348823764,26.795988987185723
12,587191.2391117347,517550.86589514493,N,16.514869777266203,26.879122579405546,5.184507939950092,16.514869777266203,26.879122579405546
13,587191.5271684568,517550.86589514493,N,16.561620666566878,27.119525640085058,5.207641082110504,16.561620666566878,27.119525640085058
14,587191.815225179,517550.86589514493,N,16.609595483398216,27.490248799110454,5.243114417892333,16.609595483398216,27.490248799110454
15,587192.1032819011,517550.86589514493,N,16.657047125821073,27.958069870764497,5.287539112929993,16.657047125821073,27.958069870764497
16,587192.3913386234,517550.86589514493,N,16.702312141139444,28.489844795516213,5.337587919230578,16.702312141139444,28.489844795516213
17,587192.6793953455,517550.86589514493,N,16.74398480237502,29.056904520517058,5.3904456699346355,16.74398480237502,29.056904520517058
18,587190.3749415682,517551.1539518671,N,16.36705029252868,25.417058449795,5.041533343120424,16.36705029252868,25.417058449795
19,587190.6629982904,517551.1539518671,N,16.405764605232935,25.088411207078018,5.008833317957189,16.405764605232935,25.088411207078018
20,587190.9510550125,517551.1539518671,N,16.45096178456685,24.980659700104844,4.998065595818531,16.45096178456685,24.980659700104844
21,587191.2391117347,517551.1539518671,N,16.501634244774213,25.097462493581723,5.009736768891328,16.501634244774213,25.097462493581723
22,587191.5271684568,517551.1539518671,N,16.556086232289086,25.4162126274357,5.041449456995052,16.556086232289086,25.4162126274357
23,587191.815225179,517551.1539518671,N,16.61213574640526,25.89531307709133,5.088743762176607,16.61213574640526,25.89531307709133
24,587192.1032819011,517551.1539518671,N,16.667432825788282,26.485795340092675,5.146435207023662,16.667432825788282,26.485795340092675
25,587192.3913386234,517551.1539518671,N,16.719784148425507,27.14176912517458,5.209776302795983,16.719784148425507,27.14176912517458
26,587192.6793953455,517551.1539518671,N,16.767400652715448,27.82647133005294,5.275080220248118,16.767400652715448,27.82647133005294
27,587192.9674520676,517551.1539518671,N,16.809036407173842,28.51382205852868,5.33983352348448,16.809036407173842,28.51382205852868
28,587190.3749415682,517551.4420085892,N,16.331615573067488,23.461326371432584,4.843689334735722,16.331615573067488,23.461326371432584
29,587190.6629982904,517551.4420085892,N,16.37453671528084,23.034001883030115,4.799375155479108,16.37453671528084,23.034001883030115
30,587190.9510550125,517551.4420085892,N,16.42599831286996,22.900344782937857,4.785430469972148,16.42599831286996,22.900344782937857
31,587191.2391117347,517551.4420085892,N,16.484822495052075,23.066698788421988,4.802780318567776,16.484822495052075,23.066698788421988
32,587191.5271684568,517551.4420085892,N,16.548739851818176,23.495752638160514,4.84724175569576,16.548739851818176,23.495752638160514
33,587191.815225179,517551.4420085892,N,16.614733087922538,24.121151625402295,4.911328906253611,16.614733087922538,24.121151625402295
34,587192.1032819011,517551.4420085892,N,16.679580105769965,24.869518558994375,4.986934785917535,16.679580105769965,24.869518558994375
35,587192.3913386234,517551.4420085892,N,16.740363586139253,25.677680500456457,5.067314920197526,16.740363586139253,25.677680500456457
36,587192.6793953455,517551.4420085892,N,16.794812521726648,26.500062744134627,5.147821164738984,16.794812521726648,26.500062744134627
37,587192.9674520676,517551.4420085892,N,16.84145835895107,27.308213524340513,5.225726124122897,16.84145835895107,27.308213524340513
38,587193.2555087898,517551.4420085892,N,16.87964220347871,28.086628816443664,5.299681954272696,16.87964220347871,28.086628816443664
39,587190.0868848461,517551.73006531136,N,16.25282003322962,22.13927409734267,4.705239005336782,16.25282003322962,22.13927409734267
40,587190.3749415682,517551.73006531136,N,16.28898260614252,21.252648546781387,4.610059494928605,16.28898260614252,21.252648546781387
41,587190.6629982904,517551.73006531136,N,16.336202485595457,20.683405509517918,4.547901220290291,16.336202485595457,20.683405509517918
42,587190.9510550125,517551.73006531136,N,16.394860295364712,20.513583665855155,4.529192385608626,16.394860295364712,20.513583665855155
43,587191.2391117347,517551.73006531136,N,16.46363481381392,20.755332166699834,4.555802033308717,16.46363481381392,20.755332166699834
44,587191.5271684568,517551.73006531136,N,16.539381416118378,21.343756273682015,4.6199303321242855,16.539381416118378,21.343756273682015
45,587191.815225179,517551.73006531136,N,16.617782527632432,22.168808640971186,4.708376433652176,16.617782527632432,22.168808640971186
46,587192.1032819011,517551.73006531136,N,16.6943348112166,23.11917218253989,4.808240029630373,16.6943348112166,23.11917218253989
47,587192.3913386234,517551.73006531136,N,16.7651470418983,24.10982261584701,4.9101754159955435,16.7651470418983,24.10982261584701
48,587192.6793953455,517551.73006531136,N,16.82737079954381,25.088037279181055,5.008795990972387,16.82737079954381,25.088037279181055
49,587192.9674520676,517551.73006531136,N,16.879334232088226,26.026980199304948,5.101664453813574,16.879334232088226,26.026980199304948
50,587193.2555087898,517551.73006531136,N,16.920483408142232,26.91613442801946,5.188076177931417,16.920483408142232,26.91613442801946
51,587193.5435655119,517551.73006531136,N,16.9512011585312,27.753361751045333,5.268145950051625,16.9512011585312,27.753361751045333
52,587189.798828124,517552.01812203357,N,16.17522978481793,21.377018155898632,4.623528755820454,16.17522978481793,21.377018155898632
53,587190.0868848461,517552.01812203357,N,16.20086065636316,19.967821214779175,4.468536809155674,16.20086065636316,19.967821214779175
54,587190.3749415682,517552.01812203357,N,16.237940587984635,18.778241849413014,4.333386879729643,16.237940587984635,18.778241849413014
55,587190.6629982904,517552.01812203357,N,16.289148167715126,17.995658238669105,4.242128974780129,16.289148167715126,17.995658238669105
56,587190.9510550125,517552.01812203357,N,16.35598950962998,17.77218680318677,4.215707153395118,16.35598950962998,17.77218680318677
57,587191.2391117347,517552.01812203357,N,16.43713503415789,18.13398582115959,4.258401791888548,16.43713503415789,18.13398582115959
58,587191.5271684568,517552.01812203357,N,16.5279788192198,18.95987053451009,4.354293345022828,16.5279788192198,18.95987053451009
59,587191.815225179,517552.01812203357,N,16.622064801203088,20.05899757921257,4.478727227596314,16.622064801203088,20.05899757921257
60,587192.1032819011,517552.01812203357,N,16.713008042245345,21.26264844726879,4.611143941287106,16.713008042245345,21.26264844726879
61,587192.3913386234,517552.01812203357,N,16.795671384513717,22.463013128410854,4.739516128088484,16.795671384513717,22.463013128410854
62,587192.6793953455,517552.01812203357,N,16.866578577576377,23.607706209504745,4.858776204920818,16.866578577576377,23.607706209504745
63,587192.9674520676,517552.01812203357,N,16.923934101812545,24.679701375979235,4.967866883882783,16.923934101812545,24.679701375979235
64,587193.2555087898,517552.01812203357,N,16.967452208714683,25.679248277519225,5.0674696128856285,16.967452208714683,25.679248277519225
65,587193.5435655119,517552.01812203357,N,16.998058657074637,26.612317105948666,5.158712737296841,16.998058657074637,26.612317105948666
66,587193.8316222341,517552.01812203357,N,17.017509253064667,27.484976949663622,5.242611653523807,17.017509253064667,27.484976949663622
67,587189.5107714018,517552.3061787557,N,16.103774160819523,21.31624719788123,4.6169521546016945,16.103774160819523,21.31624719788123
68,587189.798828124,517552.3061787557,N,16.117865211804762,19.502268002849032,4.416137226451306,16.117865211804762,19.502268002849032
69,587190.0868848461,517552.3061787557,N,16.141228196030212,17.68019145747497,4.204781975022602,16.141228196030212,17.68019145747497
70,587190.3749415682,517552.3061787557,N,16.177458485176743,16.053019923987375,4.006622009122819,16.177458485176743,16.053019923987375
71,587190.6629982904,517552.3061787557,N,16.231452607076346,14.930963002477247,3.864060429454649,16.231452607076346,14.930963002477247
72,587190.9510550125,517552.3061787557,N,16.30737042054006,14.6203463308282,3.823656147044109,16.30737042054006,14.6203463308282
73,587191.2391117347,517552.3061787557,N,16.40435146987815,15.186107252085103,3.8969356232923715,16.40435146987815,15.186107252085103
74,587191.5271684568,517552.3061787557,N,16.51497668015593,16.37798567643098,4.046972408656993,16.51497668015593,16.37798567643098
75,587191.815225179,517552.3061787557,N,16.62906211498881,17.84967042011428,4.224887030455877,16.62906211498881,17.84967042011428
76,587192.1032819011,517552.3061787557,N,16.7375922810961,19.355190242641584,4.399453402712839,16.7375922810961,19.355190242641584
77,587192.3913386234,517552.3061787557,N,16.83403022829742,20.777094414174062,4.558189817698914,16.83403022829742,20.777094414174062
78,587192.6793953455,517552.3061787557,N,16.914334548677736,22.081976075709612,4.699146313503083,16.914334548677736,22.081976075709612
79,587192.9674520676,517552.3061787557,N,16.976742839274994,23.27607699077469,4.824528680687337,16.976742839274994,23.27607699077469
80,587193.2555087898,517552.3061787557,N,17.02147839514296,24.37740765425524,4.937348241136657,17.02147839514296,24.37740765425524
81,587193.5435655119,517552.3061787557,N,17.050314607923912,25.402235019517235,5.04006299757426,17.050314607923912,25.402235019517235
82,587193.8316222341,517552.3061787557,N,17.066013626690758,26.360967686179606,5.1342932995865755,17.066013626690758,26.360967686179606
83,587194.1196789562,517552.3061787557,N,17.071744203344444,27.258918309407264,5.221007403692056,17.071744203344444,27.258918309407264
84,587194.4077356784,517552.3061787557,N,17.070591187049754,28.098634752340867,5.300814536685929,17.070591187049754,28.098634752340867
85,587189.2227146797,517552.59423547785,N,16.040117710305854,21.860124625883774,4.675481218643037,16.040117710305854,21.860124625883774
86,587189.5107714018,517552.59423547785,N,16.044281290892947,19.912373424479643,4.462328251538612,16.044281290892947,19.912373424479643
87,587189.798828124,517552.59423547785,N,16.05516011713471,17.741203028554033,4.212030748766447,16.05516011713471,17.741203028554033
88,587190.0868848461,517552.59423547785,N,16.07485605129165,15.420894051110045,3.926944620326348,16.07485605129165,15.420894051110045
89,587190.3749415682,517552.59423547785,N,16.10747880171004,13.169224965707594,3.628942678757491,16.10747880171004,13.169224965707594
90,587190.6629982904,517552.59423547785,N,16.161092877002893,11.46836206291968,3.3864970194759776,16.161092877002893,11.46836206291968
91,587190.9510550125,517552.59423547785,N,16.246396978199932,10.994613935187875,3.315812711114407,16.246396978199932,10.994613935187875
92,587191.2391117347,517552.59423547785,N,16.364765806777754,11.942442400129408,3.4557839052998394,16.364765806777754,11.942442400129408
93,587191.5271684568,517552.59423547785,N,16.50206489059589,13.712680388906755,3.703063649048819,16.50206489059589,13.712680388906755
94,587191.815225179,517552.59423547785,N,16.641457009919044,15.663376366628517,3.957698367312562,16.641457009919044,15.663376366628517
95,587192.1032819011,517552.59423547785,N,16.770959580776474,17.487020743402336,4.181748527040135,16.770959580776474,17.487020743402336
96,587192.3913386234,517552.59423547785,N,16.882913786218683,19.104186070346607,4.370833566992297,16.882913786218683,19.104186070346607
97,587192.6793953455,517552.59423547785,N,16.972902403933187,20.533319541793574,4.53137060300673,16.972902403933187,20.533319541793574
98,587192.9674520676,517552.59423547785,N,17.03937845121071,21.820216408930346,4.6712114498200945,17.03937845121071,21.820216408930346
99,587193.2555087898,517552.59423547785,N,17.083381692363194,23.005827459607648,4.7964390394966605,17.083381692363194,23.005827459607648
100,587193.5435655119,517552.59423547785,N,17.107959822012074,24.11563939496847,4.910767699145264,17.107959822012074,24.11563939496847
101,587193.8316222341,517552.59423547785,N,17.117326283101114,25.160791794596197,5.016053408267918,17.117326283101114,25.160791794596197
102,587194.1196789562,517552.59423547785,N,17.115994805460662,26.14380147839365,5.113100965010729,17.115994805460662,26.14380147839365
103,587194.4077356784,517552.59423547785,N,17.10810461697523,27.06418235494335,5.202324706796313,17.10810461697523,27.06418235494335
104,587194.6957924005,517552.59423547785,N,17.09701810746657,27.92192875389197,5.284120433325869,17.09701810746657,27.92192875389197
105,587188.9346579574,517552.8822922,N,15.983267248777471,22.72565325378073,4.7671430913893,15.983267248777471,22.72565325378073
106,587189.2227146797,517552.8822922,N,15.97918628419108,20.901830673251492,4.571851995991503,15.97918628419108,20.901830673251492
107,587189.5107714018,517552.8822922,N,15.980786196444996,18.77255758494279,4.332730961523319,15.980786196444996,18.77255758494279
108,587189.798828124,517552.8822922,N,15.988983950512337,16.300496476075274,4.03738733292649,15.988983950512337,16.300496476075274
109,587190.0868848461,517552.8822922,N,16.004921157873508,13.48255638552651,3.6718600716158165,16.004921157873508,13.48255638552651
110,587190.3749415682,517552.8822922,N,16.031263411875955,10.43377039610491,3.230134733429073,16.031263411875955,10.43377039610491
111,587190.6629982904,517552.8822922,N,16.077352329751736,7.692646397529,2.773562041406141,16.077352329751736,7.692646397529
112,587190.9510550125,517552.8822922,N,16.16982364244039,6.831085597412164,2.613634556974667,16.16982364244039,6.831085597412164
113,587191.2391117347,517552.8822922,N,16.3205051662245,8.611357647802858,2.9345114836720025,16.3205051662245,8.611357647802858
114,587191.5271684568,517552.8822922,N,16.49388684033808,11.256183973874542,3.355023691998991,16.49388684033808,11.256183973874542
115,587191.815225179,517552.8822922,N,16.663595470008527,13.712690793768637,3.703065053947694,16.663595470008527,13.712690793768637
116,587192.1032819011,517552.8822922,N,16.81676918269072,15.776059343731214,3.9719087783748526,16.81676918269072,15.776059343731214
117,587192.3913386234,517552.8822922,N,16.945420393338438,17.49381364254965,4.182560656171008,16.945420393338438,17.49381364254965
118,587192.6793953455,517552.8822922,N,17.04474376275359,18.970509379840895,4.355514823742527,17.04474376275359,18.970509379840895
119,587192.9674520676,517552.8822922,N,17.113411524865686,20.301469873026168,4.505715245443965,17.113411524865686,20.301469873026168
120,587193.2555087898,517552.8822922,N,17.153633037683232,21.548492439609195,4.642035376815778,17.153633037683232,21.548492439609195
121,587193.5435655119,517552.8822922,N,17.170356503330904,22.738451209891807,4.768485211248096,17.170356503330904,22.738451209891807
122,587193.8316222341,517552.8822922,N,17.169894385749465,23.874530721127297,4.8861570503952585,17.169894385749465,23.874530721127297
123,587194.1196789562,517552.8822922,N,17.158578047123985,24.94995852566803,4.994993345908283,17.158578047123985,24.94995852566803
124,587194.4077356784,517552.8822922,N,17.141840854496046,25.95773685920932,5.094873586185365,17.141840854496046,25.95773685920932
125,587194.6957924005,517552.8822922,N,17.123788931983672,26.89492791588752,5.186032001047383,17.123788931983672,26.89492791588752
126,587194.9838491228,517552.8822922,N,17.107131744183864,27.763030137490862,5.269063497196713,17.107131744183864,27.763030137490862
127,587188.6466012353,517553.17034892214,N,15.932137757973841,23.610512322416668,4.859064963798763,15.932137757973841,23.610512322416668
128,587188.9346579574,517553.17034892214,N,15.920003002185876,22.047354433996684,4.695461045946041,15.920003002185876,22.047354433996684
129,587189.2227146797,517553.17034892214,N,15.913432749819037,20.205324053005185,4.495033264949792,15.913432749819037,20.205324053005185
130,587189.5107714018,517553.17034892214,N,15.913615054471807,18.01866680106135,4.2448400206676045,15.913615054471807,18.01866680106135
131,587189.798828124,517553.17034892214,N,15.921375288093387,15.41437851491958,3.926114939086677,15.921375288093387,15.41437851491958
132,587190.0868848461,517553.17034892214,N,15.937017538600314,12.314051914863786,3.50913834364845,15.937017538600314,12.314051914863786
133,587190.3749415682,517553.17034892214,N,15.96030275797008,8.64357279235686,2.9399953728461647,15.96030275797008,8.64357279235686
134,587190.6629982904,517553.17034892214,N,15.991760085663204,4.418830637323305,2.102101481214288,15.991760085663204,4.418830637323305
135,587190.9510550125,517553.17034892214,N,16.076192279069012,2.21362207387867,1.4878246112625875,16.076192279069012,2.21362207387867
136,587191.2391117347,517553.17034892214,N,16.28566669865602,6.091687505239621,2.4681344179844866,16.28566669865602,6.091687505239621
137,587191.5271684568,517553.17034892214,N,16.49987424094435,9.576780557857637,3.0946373871356294,16.49987424094435,9.576780557857637
138,587191.815225179,517553.17034892214,N,16.700698772025312,12.26434716294142,3.5020489949373093,16.700698772025312,12.26434716294142
139,587192.1032819011,517553.17034892214,N,16.878523521060433,14.323018213417035,3.7845763585132,16.878523521060433,14.323018213417035
140,587192.3913386234,517553.17034892214,N,17.024470367258452,15.96081283177845,3.9950986010082965,17.024470367258452,15.96081283177845
141,587192.6793953455,517553.17034892214,N,17.132189028661696,17.368446963824077,4.167546876020002,17.132189028661696,17.368446963824077
142,587192.9674520676,517553.17034892214,N,17.200069830454655,18.683568467586436,4.322449359748062,17.200069830454655,18.683568467586436
143,587193.2555087898,517553.17034892214,N,17.231965393342477,19.974287975896505,4.469260338791701,17.231965393342477,19.974287975896505
144,587193.5435655119,517553.17034892214,N,17.23577072080851,21.25047762934722,4.609824034531819,17.23577072080851,21.25047762934722
145,587193.8316222341,517553.17034892214,N,17.220891185337905,22.491726935328856,4.742544352489374,17.220891185337905,22.491726935328856
146,587194.1196789562,517553.17034892214,N,17.196071981846274,23.672779800218986,4.865468096721937,17.196071981846274,23.672779800218986
147,587194.4077356784,517553.17034892214,N,17.168233922723758,24.776864301909583,4.977636417207426,17.168233922723758,24.776864301909583
148,587194.6957924005,517553.17034892214,N,17.14215748477441,25.798379745912136,5.079210543569949,17.14215748477441,25.798379745912136
149,587194.9838491228,517553.17034892214,N,17.120634822801176,26.74015010064481,5.171087903008884,17.120634822801176,26.74015010064481
150,587195.2719058449,517553.17034892214,N,17.104813046209173,27.609370155162757,5.254461928224693,17.104813046209173,27.609370155162757
151,587188.3585445131,517553.45840564434,N,15.887031679250859,24.301562563675525,4.929661505993645,15.887031679250859,24.301562563675525
152,587188.6466012353,517553.45840564434,N,15.86607952889512,23.023180770588006,4.798247677078374,15.86607952889512,23.023180770588006
153,587188.9346579574,517553.45840564434,N,15.85017853013753,21.53816498521361,4.640922859218154,15.85017853013753,21.53816498521361
154,587189.2227146797,517553.45840564434,N,15.841346230460577,19.786434171807837,4.448194484485569,15.841346230460577,19.786434171807837
155,587189.5107714018,517553.45840564434,N,15.841473215632178,17.701571905807587,4.2073236036472865,15.841473215632178,17.701571905807587
156,587189.798828124,517553.45840564434,N,15.852138919095434,15.213759628908749,3.9004819739243444,15.852138919095434,15.213759628908749
157,587190.0868848461,517553.45840564434,N,15.874519908726137,12.257426365402187,3.501060748602084,15.874519908726137,12.257426365402187
158,587190.3749415682,517553.45840564434,N,15.909728828065164,8.802424850011343,2.9668880750731637,15.909728828065164,8.802424850011343
159,587190.6629982904,517553.45840564434,N,15.962331668011268,5.061268787500728,2.249726380585143,15.962331668011268,5.061268787500728
160,587190.9510550125,517553.45840564434,N,16.075642484662204,3.431394907228768,1.8524024690192917,16.075642484662204,3.431394907228768
161,587191.2391117347,517553.45840564434,N,16.292222741839204,6.240616816230813,2.498122658363839,16.292222741839204,6.240616816230813
162,587191.5271684568,517553.45840564434,N,16.5279750475636,9.195279466660795,3.0323719208996764,16.5279750475636,9.195279466660795
163,587191.815225179,517553.45840564434,N,16.75468331572633,11.456889606812316,3.384802742673835,16.75468331572633,11.456889606812316
164,587192.1032819011,517553.45840564434,N,16.957402188622176,13.128369043156274,3.623309128842897,16.957402188622176,13.128369043156274
165,587192.3913386234,517553.45840564434,N,17.121865184598022,14.445646461164204,3.80074288280123,17.121865184598022,14.445646461164204
166,587192.6793953455,517553.45840564434,N,17.23704357685138,15.64809138102964,3.9557668511970774,17.23704357685138,15.64809138102964
167,587192.9674520676,517553.45840564434,N,17.29982790365978,16.897142280022805,4.110613370291933,17.29982790365978,16.897142280022805
168,587193.2555087898,517553.45840564434,N,17.31673152806705,18.23854715970975,4.270661208725149,17.31673152806705,18.23854715970975
169,587193.5435655119,517553.45840564434,N,17.300617692441516,19.63140996741792,4.430734698378805,17.300617692441516,19.63140996741792
170,587193.8316222341,517553.45840564434,N,17.265543743204276,21.007725580619113,4.583418547396595,17.265543743204276,21.007725580619113
171,587194.1196789562,517553.45840564434,N,17.223306401876787,22.313985753392153,4.723768173121131,17.223306401876787,22.313985753392153
172,587194.4077356784,517553.45840564434,N,17.18230248255116,23.523503660755857,4.85010346907732,17.18230248255116,23.523503660755857
173,587194.6957924005,517553.45840564434,N,17.147690331618854,24.63170597304692,4.963033948407659,17.147690331618854,24.63170597304692
174,587194.9838491228,517553.45840564434,N,17.121974811574148,25.646683416576305,5.0642554651771174,17.121974811574148,25.646683416576305
175,587195.2719058449,517553.45840564434,N,17.105638579886907,26.581054840184915,5.155681801681027,17.105638579886907,26.581054840184915
176,587195.5599625671,517553.45840564434,N,17.097722561777008,27.446916507841113,5.238980483628576,17.097722561777008,27.446916507841113
177,587195.8480192892,517553.45840564434,N,17.09634354870297,28.253664448154545,5.315417617474147,17.09634354870297,28.253664448154545
178,587188.3585445131,517553.7464623665,N,15.819081470366235,23.65361060499833,4.863497774750013,15.819081470366235,23.65361060499833
179,587188.6466012353,517553.7464623665,N,15.792242718444545,22.491905932554165,4.74256322388581,15.792242718444545,22.491905932554165
180,587188.9346579574,517553.7464623665,N,15.771528468843606,21.15807925833113,4.599791218993655,15.771528468843606,21.15807925833113
181,587189.2227146797,517553.7464623665,N,15.759937456343211,19.597715022634475,4.4269306548255845,15.759937456343211,19.597715022634475
182,587189.5107714018,517553.7464623665,N,15.76053814262495,17.758766970664688,4.214115206145258,15.76053814262495,17.758766970664688
183,587189.798828124,517553.7464623665,N,15.77640405244344,15.60421901441367,3.950217590768092,15.77640405244344,15.60421901441367
184,587190.0868848461,517553.7464623665,N,15.810910939562698,13.142050771903207,3.625196652859429,15.810910939562698,13.142050771903207
185,587190.3749415682,517553.7464623665,N,15.86909475748027,10.50957993607526,3.241848228414659,15.86909475748027,10.50957993607526
186,587190.6629982904,517553.7464623665,N,15.961910953097204,8.208748612675091,2.8650913794633306,15.961910953097204,8.208748612675091
187,587190.9510550125,517553.7464623665,N,16.110697335604748,7.336717061169388,2.708637491649517,16.110697335604748,7.336717061169388
188,587191.2391117347,517553.7464623665,N,16.322079302255087,8.273545287256509,2.8763771114470558,16.322079302255087,8.273545287256509
189,587191.5271684568,517553.7464623665,N,16.56773149529889,9.813704517670997,3.132683277586644,16.56773149529889,9.813704517670997
190,587191.815225179,517553.7464623665,N,16.81831737753554,11.11610627126409,3.33408252316347,16.81831737753554,11.11610627126409
191,587192.1032819011,517553.7464623665,N,17.04969901172891,12.04507596388617,3.4706016717402433,17.04969901172891,12.04507596388617
192,587192.3913386234,517553.7464623665,N,17.237394026751765,12.797805196309712,3.57740201770918,17.237394026751765,12.797805196309712
193,587192.6793953455,517553.7464623665,N,17.360361302516797,13.668663196607513,3.6971155238384847,17.360361302516797,13.668663196607513
194,587192.9674520676,517553.7464623665,N,17.411796119237685,14.843488341967996,3.8527247944757224,17.411796119237685,14.843488341967996
195,587193.2555087898,517553.7464623665,N,17.403716319131092,16.29710371517878,4.036967143187913,17.403716319131092,16.29710371517878
196,587193.5435655119,517553.7464623665,N,17.35819912188095,17.876913451782922,4.228109914818076,17.35819912188095,17.876913451782922
197,587193.8316222341,517553.7464623665,N,17.296196909153707,19.43562700173554,4.408585601044346,17.296196909153707,19.43562700173554
198,587194.1196789562,517553.7464623665,N,17.23282412860838,20.888127442760045,4.570353098258388,17.23282412860838,20.888127442760045
199,587194.4077356784,517553.7464623665,N,17.177409705216846,22.206324874418332,4.712358737874095,17.177409705216846,22.206324874418332
200,587194.6957924005,517553.7464623665,N,17.134837013047097,23.396321063542892,4.836974370775898,17.134837013047097,23.396321063542892
201,587194.9838491228,517553.7464623665,N,17.106765579641642,24.478360934638975,4.9475611097427565,17.106765579641642,24.478360934638975
202,587195.2719058449,517553.7464623665,N,17.092553780631924,25.47408747797228,5.047186095040709,17.092553780631924,25.47408747797228
203,587195.5599625671,517553.7464623665,N,17.089996519477832,26.400438949560026,5.138135746509626,17.089996519477832,26.400438949560026
204,587195.8480192892,517553.7464623665,N,17.095962835045203,27.26823966991863,5.221900005737244,17.095962835045203,27.26823966991863
205,587196.1360760113,517553.7464623665,N,17.106947854054336,28.083368173970204,5.299374319103172,17.106947854054336,28.083368173970204
206,587188.070487791,517554.03451908863,N,15.781501456146037,23.88283395092576,4.887006645271291,15.781501456146037,23.88283395092576
207,587188.3585445131,517554.03451908863,N,15.743315124876085,22.95847373527353,4.791500154990453,15.743315124876085,22.95847373527353
208,587188.6466012353,517554.03451908863,N,15.708550423551563,21.958190441664975,4.685956726396967,15.708550423551563,21.958190441664975
209,587188.9346579574,517554.03451908863,N,15.680982030198896,20.834440372815163,4.564475914364667,15.680982030198896,20.834440372815163
210,587189.2227146797,517554.03451908863,N,15.664865793985971,19.539578831990347,4.420359581752411,15.664865793985971,19.539578831990347
211,587189.5107714018,517554.03451908863,N,15.664714226284833,18.037096974883948,4.247010357284751,15.664714226284833,18.037096974883948
212,587189.798828124,517554.03451908863,N,15.685250866781661,16.319508961806957,4.039741199855129,15.685250866781661,16.319508961806957
213,587190.0868848461,517554.03451908863,N,15.731741365394067,14.44028703267519,3.800037767269582,15.731741365394067,14.44028703267519
214,587190.3749415682,517554.03451908863,N,15.810908016588426,12.569590634481163,3.5453618481730693,15.810908016588426,12.569590634481163
215,587190.6629982904,517554.03451908863,N,15.93199992099052,11.051305079247072,3.324350324386266,15.93199992099052,11.051305079247072
216,587190.9510550125,517554.03451908863,N,16.104619987009322,10.29213680162727,3.2081360322821832,16.104619987009322,10.29213680162727
217,587191.2391117347,517554.03451908863,N,16.32943297304257,10.326271126277003,3.2134515907785204,16.32943297304257,10.326271126277003
218,587191.5271684568,517554.03451908863,N,16.592968984507827,10.684578856855682,3.268727406324315,16.592968984507827,10.684578856855682
219,587191.815225179,517554.03451908863,N,16.873845638333545,10.901890970569136,3.301801170659605,16.873845638333545,10.901890970569136
220,587192.1032819011,517554.03451908863,N,17.144713374822462,10.858243234766425,3.2951848559324293,17.144713374822462,10.858243234766425
221,587192.3913386234,517554.03451908863,N,17.368110404796184,10.809861846533423,3.287835434831467,17.368110404796184,10.809861846533423
222,587192.6793953455,517554.03451908863,N,17.50257183712764,11.23907120647213,3.3524724020448144,17.50257183712764,11.23907120647213
223,587192.9674520676,517554.03451908863,N,17.532327972806982,12.420702533763464,3.52430170867414,17.532327972806982,12.420702533763464
224,587193.2555087898,517554.03451908863,N,17.48357467570105,14.14538580022157,3.7610352032680536,17.48357467570105,14.14538580022157
225,587193.5435655119,517554.03451908863,N,17.39659630739233,16.03010800014373,4.003761731190273,17.39659630739233,16.03010800014373
226,587193.8316222341,517554.03451908863,N,17.30119648853367,17.823221220714345,4.221755703580484,17.30119648853367,17.823221220714345
227,587194.1196789562,517554.03451908863,N,17.21449783361539,19.428522946809256,4.407779820591003,17.21449783361539,19.428522946809256
228,587194.4077356784,517554.03451908863,N,17.14525636841735,20.840791800653278,4.56517160692271,17.14525636841735,20.840791800653278
229,587194.6957924005,517554.03451908863,N,17.097076086433454,22.093411544543315,4.700362916259054,17.097076086433454,22.093411544543315
230,587194.9838491228,517554.03451908863,N,17.070132340798395,23.227614630022334,4.819503566761035,17.070132340798395,23.227614630022334
231,587195.2719058449,517554.03451908863,N,17.062181961892282,24.277144515983778,4.927184238079978,17.062181961892282,24.277144515983778
232,587195.5599625671,517554.03451908863,N,17.069359106515645,25.26325594910569,5.02625665372409,17.069359106515645,25.26325594910569
233,587195.8480192892,517554.03451908863,N,17.08692159977636,26.196020815298212,5.118204843038056,17.08692159977636,26.196020815298212
234,587196.1360760113,517554.03451908863,N,17.10992816032724,27.078352687987422,5.203686451736636,17.10992816032724,27.078352687987422
235,587196.4241327335,517554.03451908863,N,17.13378070473911,27.91008242238406,5.282999377473375,17.13378070473911,27.91008242238406
236,587187.7824310688,517554.3225758108,N,15.75470819533397,23.74529944579345,4.872914881853925,15.75470819533397,23.74529944579345
237,587188.070487791,517554.3225758108,N,15.707043623974778,22.938935462576342,4.7894608738955515,15.707043623974778,22.938935462576342
238,587188.3585445131,517554.3225758108,N,15.658378960091541,22.15374186602738,4.706776164852901,15.658378960091541,22.15374186602738
239,587188.6466012353,517554.3225758108,N,15.612662166696639,21.349702780843263,4.620573858390672,15.612662166696639,21.349702780843263
240,587188.9346579574,517554.3225758108,N,15.57494721789811,20.478010522706885,4.525263585992189,15.57494721789811,20.478010522706885
241,587189.2227146797,517554.3225758108,N,15.550985943984857,19.492061963026437,4.414981535977975,15.550985943984857,19.492061963026437
242,587189.5107714018,517554.3225758108,N,15.546837544703248,18.361100135217452,4.284985429988934,15.546837544703248,18.361100135217452
243,587189.798828124,517554.3225758108,N,15.568666449053541,17.086474923749208,4.133578948532278,15.568666449053541,17.086474923749208
244,587190.0868848461,517554.3225758108,N,15.622818674690548,15.720938281331556,3.964963843634839,15.622818674690548,15.720938281331556
245,587190.3749415682,517554.3225758108,N,15.716063549361449,14.385077245744917,3.792766437014665,15.716063549361449,14.385077245744917
246,587190.6629982904,517554.3225758108,N,15.85538146685744,13.25274560744538,3.640432063292128,15.85538146685744,13.25274560744538
247,587190.9510550125,517554.3225758108,N,16.04609607195868,12.455707835394001,3.529264489294335,16.04609607195868,12.455707835394001
248,587191.2391117347,517554.3225758108,N,16.28840903235965,11.93538805682783,3.4547630970629273,16.28840903235965,11.93538805682783
249,587191.5271684568,517554.3225758108,N,16.57549333967985,11.426460337580005,3.38030476992534,16.57549333967985,11.426460337580005
250,587191.815225179,517554.3225758108,N,16.89387870975618,10.638567455400823,3.2616816913060083,16.89387870975618,10.638567455400823
251,587192.1032819011,517554.3225758108,N,17.220075644009306,9.480173834310277,3.0789890929183685,17.220075644009306,9.480173834310277
252,587192.3913386234,517554.3225758108,N,17.505651810975674,8.311489714925868,2.8829654376918685,17.505651810975674,8.311489714925868
253,587192.6793953455,517554.3225758108,N,17.66383081679147,8.142605260439666,2.853525058666853,17.66383081679147,8.142605260439666
254,587192.9674520676,517554.3225758108,N,17.650092963649893,9.605372827824674,3.099253592048362,17.650092963649893,9.605372827824674
255,587193.2555087898,517554.3225758108,N,17.53590263523455,11.907890969225912,3.450781211439797,17.53590263523455,11.907890969225912
256,587193.5435655119,517554.3225758108,N,17.395703065425064,14.228461882315584,3.7720633454802406,17.395703065425064,14.228461882315584
257,587193.8316222341,517554.3225758108,N,17.264211977078787,16.266850684321472,4.033218402754985,17.264211977078787,16.266850684321472
258,587194.1196789562,517554.3225758108,N,17.15580718899095,17.98614536741748,4.241007588700765,17.15580718899095,17.98614536741748
259,587194.4077356784,517554.3225758108,N,17.076381938230487,19.44336208642022,4.409462788868982,17.076381938230487,19.44336208642022
260,587194.6957924005,517554.3225758108,N,17.027385772721715,20.717904404539116,4.551692476929776,17.027385772721715,20.717904404539116
261,587194.9838491228,517554.3225758108,N,17.00711365113054,21.879044583485392,4.6775040976449604,17.00711365113054,21.879044583485392
262,587195.2719058449,517554.3225758108,N,17.011369044997767,22.972515149049553,4.792965172943525,17.011369044997767,22.972515149049553
263,587195.5599625671,517554.3225758108,N,17.034218791752664,24.01983090344487,4.901003050748374,17.034218791752664,24.01983090344487
264,587195.8480192892,517554.3225758108,N,17.06890557612964,25.025168414401247,5.002516208309699,17.06890557612964,25.025168414401247
265,587196.1360760113,517554.3225758108,N,17.108730635773345,25.984245128892848,5.097474387271882,17.108730635773345,25.984245128892848
266,587196.4241327335,517554.3225758108,N,17.14773236047121,26.891252886342812,5.185677668959267,17.14773236047121,26.891252886342812
267,587196.7121894556,517554.3225758108,N,17.181100097933907,27.742523828596873,5.267117221839369,17.181100097933907,27.742523828596873
268,587187.4943743467,517554.6106325329,N,15.737103423404093,23.356101794933682,4.832815100428909,15.737103423404093,23.356101794933682
269,587187.7824310688,517554.6106325329,N,15.684548366413766,22.520442646316106,4.745570845147727,15.684548366413766,22.520442646316106
270,587188.070487791,517554.6106325329,N,15.625521788403697,21.79885179563274,4.668924051174183,15.625521788403697,21.79885179563274
271,587188.3585445131,517554.6106325329,N,15.56304549604765,21.170462583784307,4.601137096825556,15.56304549604765,21.170462583784307
272,587188.6466012353,517554.6106325329,N,15.502186575173738,20.59048193238071,4.537673625590618,15.502186575173738,20.59048193238071
273,587188.9346579574,517554.6106325329,N,15.449626498831684,20.00091643863169,4.47223841477975,15.449626498831684,20.00091643863169
274,587189.2227146797,517554.6106325329,N,15.412924959677394,19.3461832509808,4.398429634651531,15.412924959677394,19.3461832509808
275,587189.5107714018,517554.6106325329,N,15.399797504026317,18.588618199756535,4.311451982772919,15.399797504026317,18.588618199756535
276,587189.798828124,517554.6106325329,N,15.417638754563754,17.720763730401657,4.209603749808485,15.417638754563754,17.720763730401657
277,587190.0868848461,517554.6106325329,N,15.473331191433452,16.772260328538408,4.095395014957459,15.473331191433452,16.772260328538408
278,587190.3749415682,517554.6106325329,N,15.573167092294375,15.805671456249748,3.975634723695041,15.573167092294375,15.805671456249748
279,587190.6629982904,517554.6106325329,N,15.722517903876595,14.889324411581065,3.8586687356627367,15.722517903876595,14.889324411581065
280,587190.9510550125,517554.6106325329,N,15.92493348396912,14.040528698738818,3.7470693480023582,15.92493348396912,14.040528698738818
281,587191.2391117347,517554.6106325329,N,16.181007167645458,13.16702605619261,3.628639697764523,16.181007167645458,13.16702605619261
282,587191.5271684568,517554.6106325329,N,16.487998277549575,12.064071878664949,3.473337282595076,16.487998277549575,12.064071878664949
283,587191.815225179,517554.6106325329,N,16.84021936651268,10.482329380606211,3.2376425652944167,16.84021936651268,10.482329380606211
284,587192.1032819011,517554.6106325329,N,17.227382295769512,8.234711184798833,2.869618647973774,17.227382295769512,8.234711184798833
285,587192.3913386234,517554.6106325329,N,17.617636043046247,5.4631302325045565,2.33733400105859,17.617636043046247,5.4631302325045565
286,587192.6793953455,517554.6106325329,N,17.84334413778481,4.173632018800378,2.0429468957367387,17.84334413778481,4.173632018800378
287,587192.9674520676,517554.6106325329,N,17.724132724941672,6.761543812755207,2.6002968701198728,17.724132724941672,6.761543812755207
288,587193.2555087898,517554.6106325329,N,17.518090688399898,10.000552893457726,3.162365079091553,17.518090688399898,10.000552893457726
289,587193.5435655119,517554.6106325329,N,17.32587648427778,12.733335517083145,3.568379956938883,17.32587648427778,12.733335517083145
290,587193.8316222341,517554.6106325329,N,17.165804289117833,14.899261110489439,3.8599561021453908,17.165804289117833,14.899261110489439
291,587194.1196789562,517554.6106325329,N,17.0435678890537,16.611841945938483,4.075762744068708,17.0435678890537,16.611841945938483
292,587194.4077356784,517554.6106325329,N,16.961427959304302,18.016782314134296,4.24461804101786,16.961427959304302,18.016782314134296
293,587194.6957924005,517554.6106325329,N,16.919083860334897,19.24809917421249,4.387265569145831,16.919083860334897,19.24809917421249
294,587194.9838491228,517554.6106325329,N,16.913256806951093,20.4033140394333,4.517002771687582,16.913256806951093,20.4033140394333
295,587195.2719058449,517554.6106325329,N,16.93767200040903,21.533694176192448,4.640441161806973,16.93767200040903,21.533694176192448
296,587195.5599625671,517554.6106325329,N,16.983883458932905,22.650915054483253,4.759297748038386,16.983883458932905,22.650915054483253
297,587195.8480192892,517554.6106325329,N,17.042613878826764,23.74366731596773,4.872747409415732,17.042613878826764,23.74366731596773
298,587196.1360760113,517554.6106325329,N,17.10503329179186,24.794082571450534,4.979365679627329,17.10503329179186,24.794082571450534
299,587196.4241327335,517554.6106325329,N,17.163631782421678,25.78787868583723,5.078176708803784,17.163631782421678,25.78787868583723
300,587196.7121894556,517554.6106325329,N,17.212652207945766,26.71784399349743,5.1689306431308815,17.212652207945766,26.71784399349743
301,587197.0002461778,517554.6106325329,N,17.24819473635004,27.583136382228815,5.251965001999615,17.24819473635004,27.583136382228815
302,587187.2063176245,517554.8986892551,N,15.722991026891535,22.909221172653485,4.7863578191202425,15.722991026891535,22.909221172653485
303,587187.4943743467,517554.8986892551,N,15.672132119782168,21.883074561859342,4.677934860796946,15.672132119782168,21.883074561859342
304,587187.7824310688,517554.8986892551,N,15.609992734243793,21.03704934807581,4.5866163288502575,15.609992734243793,21.03704934807581
305,587188.070487791,517554.8986892551,N,15.536955652682355,20.39463052117043,4.516041465838243,15.536955652682355,20.39463052117043
306,587188.3585445131,517554.8986892551,N,15.456383994049395,19.938133438424366,4.465213705795543,15.456383994049395,19.938133438424366
307,587188.6466012353,517554.8986892551,N,15.374821923987149,19.609896953422602,4.4283063301247125,15.374821923987149,19.609896953422602
308,587188.9346579574,517554.8986892551,N,15.301181157261187,19.330214692807736,4.396614003162859,15.301181157261187,19.330214692807736
309,587189.2227146797,517554.8986892551,N,15.245366146323859,19.02194321654066,4.361415276781226,15.245366146323859,19.02194321654066
310,587189.5107714018,517554.8986892551,N,15.217002822247391,18.629916802320153,4.316238733239874,15.217002822247391,18.629916802320153
311,587189.798828124,517554.8986892551,N,15.224635585315353,18.12983243197714,4.257914094010956,15.224635585315353,18.12983243197714
312,587190.0868848461,517554.8986892551,N,15.27537788407597,17.526489673867797,4.1864650570460755,15.27537788407597,17.526489673867797
313,587190.3749415682,517554.8986892551,N,15.374800048240804,16.841262456817976,4.103810723805129,15.374800048240804,16.841262456817976
314,587190.6629982904,517554.8986892551,N,15.526809783998797,16.08748884154485,4.0109211961275,15.526809783998797,16.08748884154485
315,587190.9510550125,517554.8986892551,N,15.733417981183889,15.237152158171899,3.9034794937557824,15.733417981183889,15.237152158171899
316,587191.2391117347,517554.8986892551,N,15.994569973834762,14.193798954866477,3.767465853178563,15.994569973834762,14.193798954866477
317,587191.5271684568,517554.8986892551,N,16.308392556038598,12.790611773819144,3.5763964788344067,16.308392556038598,12.790611773819144
318,587191.815225179,517554.8986892551,N,16.671931602220816,10.81538028954169,3.288674549045814,16.671931602220816,10.81538028954169
319,587192.1032819011,517554.8986892551,N,17.081925586711368,8.044362728167028,2.8362585792143546,17.081925586711368,8.044362728167028
320,587192.3913386234,517554.8986892551,N,17.533932973383315,4.28313560154104,2.0695737729158243,17.533932973383315,4.28313560154104
321,587192.6793953455,517554.8986892551,N,17.878082818004522,1.279424060999681,1.1311162897773512,17.878082818004522,1.279424060999681
322,587192.9674520676,517554.8986892551,N,17.614407270957077,5.580445535671066,2.3622966654658484,17.614407270957077,5.580445535671066
323,587193.2555087898,517554.8986892551,N,17.365784366280774,9.146269835324198,3.0242800523966356,17.365784366280774,9.146269835324198
324,587193.5435655119,517554.8986892551,N,17.15668447752052,11.834399580170384,3.4401162160849137,17.15668447752052,11.834399580170384
325,587193.8316222341,517554.8986892551,N,16.989627901848046,13.823899428688755,3.718050487646551,16.989627901848046,13.823899428688755
326,587194.1196789562,517554.8986892551,N,16.867504428117872,15.319221005691883,3.91397764501688,16.867504428117872,15.319221005691883
327,587194.4077356784,517554.8986892551,N,16.793058389265024,16.528644503151202,4.065543567980941,16.793058389265024,16.528644503151202
328,587194.6957924005,517554.8986892551,N,16.766870924806483,17.633214130114105,4.199192080640525,16.766870924806483,17.633214130114105
329,587194.9838491228,517554.8986892551,N,16.785304145756946,18.75155276190988,4.330306312711594,16.785304145756946,18.75155276190988
330,587195.2719058449,517554.8986892551,N,16.8399508390773,19.92522529562408,4.463768060240595,16.8399508390773,19.92522529562408
331,587195.5599625671,517554.8986892551,N,16.91911576056609,21.136588403793294,4.597454557012314,16.91911576056609,21.136588403793294
332,587195.8480192892,517554.8986892551,N,17.0102453718573,22.343214110679785,4.726860915097861,17.0102453718573,22.343214110679785
333,587196.1360760113,517554.8986892551,N,17.101930011661235,23.50562543598107,4.848260042116251,17.101930011661235,23.50562543598107
334,587196.4241327335,517554.8986892551,N,17.1849780902803,24.599370771822162,4.959775274326667,17.1849780902803,24.599370771822162
335,587196.7121894556,517554.8986892551,N,17.2527624072643,25.615310902475166,5.0611570715079734,17.2527624072643,25.615310902475166
336,587197.0002461778,517554.8986892551,N,17.30116182557054,26.5548357554204,5.153138437439887,17.30116182557054,26.5548357554204
337,587197.2883028999,517554.8986892551,N,17.32829835412807,27.424532652973785,5.236843768241878,17.32829835412807,27.424532652973785
338,587197.5763596221,517554.8986892551,N,17.334163105309713,28.232270857033377,5.313404827136116,17.334163105309713,28.232270857033377
339,587186.9182609024,517555.18674597726,N,15.70341926916392,22.65354142407018,4.759573659905914,15.70341926916392,22.65354142407018
340,587187.2063176245,517555.18674597726,N,15.660199505375545,21.30651404448032,4.615897967295239,15.660199505375545,21.30651404448032
341,587187.4943743467,517555.18674597726,N,15.604288478605204,20.135038515286734,4.487208320914768,15.604288478605204,20.135038515286734
342,587187.7824310688,517555.18674597726,N,15.531949801017577,19.232185785229028,4.385451605619315,15.531949801017577,19.232185785229028
343,587188.070487791,517555.18674597726,N,15.441982403240162,18.654459672181055,4.319080882801462,15.441982403240162,18.654459672181055
344,587188.3585445131,517555.18674597726,N,15.337868800558862,18.3887092236991,4.288205828047332,15.337868800558862,18.3887092236991
345,587188.6466012353,517555.18674597726,N,15.228321252624836,18.3500846912069,4.283699883419343,15.228321252624836,18.3500846912069
346,587188.9346579574,517555.18674597726,N,15.125615590502573,18.416774096892613,4.291476913242411,15.125615590502573,18.416774096892613
347,587189.2227146797,517555.18674597726,N,15.042937445587043,18.474486722486827,4.298195751997206,15.042937445587043,18.474486722486827
348,587189.5107714018,517555.18674597726,N,14.992266683494735,18.44353818635439,4.294594065375025,14.992266683494735,18.44353818635439
349,587189.798828124,517555.18674597726,N,14.98329677615631,18.283477201133707,4.2759182874715584,14.98329677615631,18.283477201133707
350,587190.0868848461,517555.18674597726,N,15.02311372919819,17.9830685421794,4.2406448262238845,15.02311372919819,17.9830685421794
351,587190.3749415682,517555.18674597726,N,15.11623783576919,17.542892937826668,4.188423681747904,15.11623783576919,17.542892937826668
352,587190.6629982904,517555.18674597726,N,15.264767104668332,16.954508832708598,4.117585315777755,15.264767104668332,16.954508832708598
353,587190.9510550125,517555.18674597726,N,15.468506136667024,16.180528536938024,4.022502770283449,15.468506136667024,16.180528536938024
354,587191.2391117347,517555.18674597726,N,15.725054701631134,15.143291999372185,3.8914382944320454,15.725054701631134,15.143291999372185
355,587191.5271684568,517555.18674597726,N,16.02974811388541,13.73104733265498,3.7055427851604925,16.02974811388541,13.73104733265498
356,587191.815225179,517555.18674597726,N,16.37478885113689,11.829820922837756,3.4394506716680437,16.37478885113689,11.829820922837756
357,587192.1032819011,517555.18674597726,N,16.74476671522461,9.408375374066468,3.067307512145867,16.74476671522461,9.408375374066468
358,587192.3913386234,517555.18674597726,N,17.095778958630675,6.815891036082468,2.6107261511086275,17.095778958630675,6.815891036082468
359,587192.6793953455,517555.18674597726,N,17.290082206644477,5.672298117124739,2.381658690309075,17.290082206644477,5.672298117124739
360,587192.9674520676,517555.18674597726,N,17.22414453104315,7.262743354532396,2.6949477461599134,17.22414453104315,7.262743354532396
361,587193.2555087898,517555.18674597726,N,17.053982069582293,9.615767656632054,3.1009301276604178,17.053982069582293,9.615767656632054
362,587193.5435655119,517555.18674597726,N,16.879655362522552,11.589042181073998,3.404268229895229,16.879655362522552,11.589042181073998
363,587193.8316222341,517555.18674597726,N,16.73170725687896,13.023827832394684,3.6088540885431604,16.73170725687896,13.023827832394684
364,587194.1196789562,517555.18674597726,N,16.624369593807895,14.049795613528273,3.7483056990496753,16.624369593807895,14.049795613528273
365,587194.4077356784,517555.18674597726,N,16.567772518758762,14.89430506726724,3.859314066938222,16.567772518758762,14.89430506726724
366,587194.6957924005,517555.18674597726,N,16.567653998659935,15.784166798276292,3.972929246573149,16.567653998659935,15.784166798276292
367,587194.9838491228,517555.18674597726,N,16.621812365540396,16.854163838070466,4.105382301086035,16.621812365540396,16.854163838070466
368,587195.2719058449,517555.18674597726,N,16.71907320588845,18.10856263844759,4.255415683390706,16.71907320588845,18.10856263844759
369,587195.5599625671,517555.18674597726,N,16.842851641671835,19.465003328733257,4.411916060934666,16.842851641671835,19.465003328733257
370,587195.8480192892,517555.18674597726,N,16.97609279672742,20.826908596534196,4.563650796953487,16.97609279672742,20.826908596534196
371,587196.1360760113,517555.18674597726,N,17.104345117663794,22.126315931299313,4.703861810395721,17.104345117663794,22.126315931299313
372,587196.4241327335,517555.18674597726,N,17.216763769408935,23.331285270072534,4.830246916056418,17.216763769408935,23.331285270072534
373,587196.7121894556,517555.18674597726,N,17.30609024401516,24.436342363134003,4.94331289350917,17.30609024401516,24.436342363134003
374,587197.0002461778,517555.18674597726,N,17.3683027860011,25.450064169612638,5.044805662224526,17.3683027860011,25.450064169612638
375,587197.2883028999,517555.18674597726,N,17.4021556908436,26.385551148222575,5.136686787046936,17.4021556908436,26.385551148222575
376,587197.5763596221,517555.18674597726,N,17.40863926640903,27.254933731605195,5.220625798848754,17.40863926640903,27.254933731605195
377,587197.8644163442,517555.18674597726,N,17.390384837647222,28.067228686904564,5.297851327368914,17.390384837647222,28.067228686904564
378,587186.6302041803,517555.4748026994,N,15.670151920325768,22.81639320202876,4.776650835264052,15.670151920325768,22.81639320202876
379,587186.9182609024,517555.4748026994,N,15.635867977387926,21.12069382189226,4.595725603415881,15.635867977387926,21.12069382189226
380,587187.2063176245,517555.4748026994,N,15.59265218980788,19.494533816689398,4.41526146640144,15.59265218980788,19.494533816689398
381,587187.4943743467,517555.4748026994,N,15.533850479208395,18.0797369329028,4.2520273908928194,15.533850479208395,18.0797369329028
382,587187.7824310688,517555.4748026994,N,15.451901042435289,17.04161585736128,4.128149204832751,15.451901042435289,17.04161585736128
383,587188.070487791,517555.4748026994,N,15.342058405703852,16.502818955151266,4.062366176891402,15.342058405703852,16.502818955151266
384,587188.3585445131,517555.4748026994,N,15.207348815138408,16.461017147974513,4.057217907381179,15.207348815138408,16.461017147974513
385,587188.6466012353,517555.4748026994,N,15.060136233408759,16.77500678490171,4.0957303115441706,15.060136233408759,16.77500678490171
386,587188.9346579574,517555.4748026994,N,14.918273201899497,17.243787625455727,4.152563982102591,14.918273201899497,17.243787625455727
387,587189.2227146797,517555.4748026994,N,14.799725664131067,17.69601995680828,4.206663756090838,14.799725664131067,17.69601995680828
388,587189.5107714018,517555.4748026994,N,14.719353129827914,18.026241419269123,4.245732141724101,14.719353129827914,18.026241419269123
389,587189.798828124,517555.4748026994,N,14.687915631617267,18.186949172758737,4.264615946689542,14.687915631617267,18.186949172758737
390,587190.0868848461,517555.4748026994,N,14.712116939779529,18.165113823357448,4.2620551173533,14.712116939779529,18.165113823357448
391,587190.3749415682,517555.4748026994,N,14.794963514388142,17.958747147893096,4.237776203139224,14.794963514388142,17.958747147893096
392,587190.6629982904,517555.4748026994,N,14.936188200029816,17.55844947338594,4.190280357372994,14.936188200029816,17.55844947338594
393,587190.9510550125,517555.4748026994,N,15.132618998813118,16.936101241938037,4.115349467777681,15.132618998813118,16.936101241938037
394,587191.2391117347,517555.4748026994,N,15.378319221015808,16.044099955582617,4.00550870122418,15.378319221015808,16.044099955582617
395,587191.5271684568,517555.4748026994,N,15.664125232761045,14.830762210057406,3.8510728648075987,15.664125232761045,14.830762210057406
396,587191.815225179,517555.4748026994,N,15.975694545413067,13.281888627855666,3.6444325522439933,15.975694545413067,13.281888627855666
397,587192.1032819011,517555.4748026994,N,16.288107493447562,11.51049370422727,3.3927118510458962,16.288107493447562,11.51049370422727
398,587192.3913386234,517555.4748026994,N,16.555297827490957,9.915568149368761,3.1488995140157714,16.555297827490957,9.915568149368761
399,587192.6793953455,517555.4748026994,N,16.710098832094104,9.207579948538925,3.034399437868872,16.710098832094104,9.207579948538925
400,587192.9674520676,517555.4748026994,N,16.721752457901694,9.69313157025745,3.113379445274451,16.721752457901694,9.69313157025745
401,587193.2555087898,517555.4748026994,N,16.63774575403831,10.761512725542866,3.2804744665281067,16.63774575403831,10.761512725542866
402,587193.5435655119,517555.4748026994,N,16.51917932788932,11.73680720624482,3.4259023929827332,16.51917932788932,11.73680720624482
403,587193.8316222341,517555.4748026994,N,16.404756558036674,12.356179613320876,3.515135788745703,16.404756558036674,12.356179613320876
404,587194.1196789562,517555.4748026994,N,16.32002890959342,12.681586052344025,3.5611214599257948,16.32002890959342,12.681586052344025
405,587194.4077356784,517555.4748026994,N,16.286603775590937,12.979158440361854,3.6026599118376206,16.286603775590937,12.979158440361854
406,587194.6957924005,517555.4748026994,N,16.320682200432298,13.57291335907097,3.684143504136473,16.320682200432298,13.57291335907097
407,587194.9838491228,517555.4748026994,N,16.423691163034704,14.62989787523175,3.824904949829701,16.423691163034704,14.62989787523175
408,587195.2719058449,517555.4748026994,N,16.57894420949709,16.060709430908187,4.007581493982149,16.57894420949709,16.060709430908187
409,587195.5599625671,517555.4748026994,N,16.761220220080194,17.650929197539515,4.201300893478057,16.761220220080194,17.650929197539515
410,587195.8480192892,517555.4748026994,N,16.94723867459029,19.221629344662304,4.384247865331328,16.94723867459029,19.221629344662304
411,587196.1360760113,517555.4748026994,N,17.119399311510012,20.67915705413257,4.547434117624198,17.119399311510012,20.67915705413257
412,587196.4241327335,517555.4748026994,N,17.265618001422407,21.996803131546038,4.6900749601201515,17.265618001422407,21.996803131546038
413,587196.7121894556,517555.4748026994,N,17.378453983801126,23.184420161504185,4.815020265949478,17.378453983801126,23.184420161504185
414,587197.0002461778,517555.4748026994,N,17.454411810542318,24.265332796388474,4.925985464492204,17.454411810542318,24.265332796388474
415,587197.2883028999,517555.4748026994,N,17.49332863127826,25.262758059106403,5.026207124572803,17.49332863127826,25.262758059106403
416,587197.5763596221,517555.4748026994,N,17.49767584417998,26.193851123882844,5.117992880405643,17.49767584417998,26.193851123882844
417,587197.8644163442,517555.4748026994,N,17.471758655712012,27.068817501254152,5.202770175709682,17.471758655712012,27.068817501254152
418,587198.1524730665,517555.4748026994,N,17.420915828742967,27.892620493828755,5.2813464659903495,17.420915828742967,27.892620493828755
419,587186.342147458,517555.76285942155,N,15.62106706208207,23.498179075484565,4.847492039754636,15.62106706208207,23.498179075484565
420,587186.6302041803,517555.76285942155,N,15.59059109897458,21.562881776653935,4.643585013397939,15.59059109897458,21.562881776653935
421,587186.9182609024,517555.76285942155,N,15.557739907257881,19.534463329314672,4.419780914176027,15.557739907257881,19.534463329314672
422,587187.2063176245,517555.76285942155,N,15.517395734335127,17.520067452705717,4.185697964820887,15.517395734335127,17.520067452705717
423,587187.4943743467,517555.76285942155,N,15.460091168056707,15.714761242357053,3.964184814354277,15.460091168056707,15.714761242357053
424,587187.7824310688,517555.76285942155,N,15.371791625418886,14.404879222231168,3.79537603173008,15.371791625418886,14.404879222231168
425,587188.070487791,517555.76285942155,N,15.239677174006014,13.859703698324605,3.722862299135519,15.239677174006014,13.859703698324605
426,587188.3585445131,517555.76285942155,N,15.064661131058564,14.110498196060654,3.7563943078517004,15.064661131058564,14.110498196060654
427,587188.6466012353,517555.76285942155,N,14.866412495421578,14.888786086334237,3.858598979724926,14.866412495421578,14.888786086334237
428,587188.9346579574,517555.76285942155,N,14.672792213650315,15.841159422227307,3.980095403658976,14.672792213650315,15.841159422227307
429,587189.2227146797,517555.76285942155,N,14.508491334446497,16.719144300568942,4.088905024645221,14.508491334446497,16.719144300568942
430,587189.5107714018,517555.76285942155,N,14.391403255334216,17.404525648460435,4.171873158242042,14.391403255334216,17.404525648460435
431,587189.798828124,517555.76285942155,N,14.33293581685568,17.863083745205984,4.226474150542741,14.33293581685568,17.863083745205984
432,587190.0868848461,517555.76285942155,N,14.33888740895393,18.09806536083545,4.2541821024534725,14.33888740895393,18.09806536083545
433,587190.3749415682,517555.76285942155,N,14.410190338129613,18.11955570582595,4.2567071435354755,14.410190338129613,18.11955570582595
434,587190.6629982904,517555.76285942155,N,14.543623563561038,17.928313719324073,4.234183949632334,14.543623563561038,17.928313719324073
435,587190.9510550125,517555.76285942155,N,14.732483220343118,17.511254116433097,4.184645040673473,14.732483220343118,17.511254116433097
436,587191.2391117347,517555.76285942155,N,14.966964317113321,16.84774309006546,4.1046002351100475,14.966964317113321,16.84774309006546
437,587191.5271684568,517555.76285942155,N,15.233861735480877,15.928210437223804,3.9910162161063445,15.233861735480877,15.928210437223804
438,587191.815225179,517555.76285942155,N,15.515156284398499,14.788191902811919,3.845541821747869,15.515156284398499,14.788191902811919
439,587192.1032819011,517555.76285942155,N,15.785450934907033,13.55684302355954,3.681961844392136,15.785450934907033,13.55684302355954
440,587192.3913386234,517555.76285942155,N,16.010651636606635,12.488731997537716,3.5339400104610883,16.010651636606635,12.488731997537716
441,587192.6793953455,517555.76285942155,N,16.15601285047699,11.874834270241815,3.445988141337955,16.15601285047699,11.874834270241815
442,587192.9674520676,517555.76285942155,N,16.207626693976135,11.782543597312744,3.432570989406154,16.207626693976135,11.782543597312744
443,587193.2555087898,517555.76285942155,N,16.18315293161999,11.939488112967444,3.455356437904409,16.18315293161999,11.939488112967444
444,587193.5435655119,517555.76285942155,N,16.115052709718295,11.975515719332238,3.46056580913183,16.115052709718295,11.975515719332238
445,587193.8316222341,517555.76285942155,N,16.03412097590566,11.679609979657974,3.4175444371153354,16.03412097590566,11.679609979657974
446,587194.1196789562,517555.76285942155,N,15.969288441926626,11.105991403354642,3.332565288685976,15.969288441926626,11.105991403354642
447,587194.4077356784,517555.76285942155,N,15.954735683674993,10.629641678052167,3.2603131257675493,15.954735683674993,10.629641678052167
448,587194.6957924005,517555.76285942155,N,16.02686844264956,10.841373108733759,3.2926240460662615,16.02686844264956,10.841373108733759
449,587194.9838491228,517555.76285942155,N,16.19531652967043,12.017928776894035,3.4666884453169478,16.19531652967043,12.017928776894035
450,587195.2719058449,517555.76285942155,N,16.428613268713153,13.81952761831401,3.717462524130406,16.428613268713153,13.81952761831401
451,587195.5599625671,517555.76285942155,N,16.685066861904783,15.768330414948277,3.9709357102512093,16.685066861904783,15.768330414948277
452,587195.8480192892,517555.76285942155,N,16.934198110840885,17.59304504474643,4.194406399569125,16.934198110840885,17.59304504474643
453,587196.1360760113,517555.76285942155,N,17.156512263361805,19.206229161494146,4.3824912049534275,17.156512263361805,19.206229161494146
454,587196.4241327335,517555.76285942155,N,17.33968720264418,20.614884986230866,4.540361768210862,17.33968720264418,20.614884986230866
455,587196.7121894556,517555.76285942155,N,17.47663714889883,21.861620114876953,4.6756411447925466,17.47663714889883,21.861620114876953
456,587197.0002461778,517555.76285942155,N,17.564792886936267,22.992969078337868,4.795098443028867,17.564792886936267,22.992969078337868
457,587197.2883028999,517555.76285942155,N,17.605560720519037,24.04459201162544,4.903528526645424,17.605560720519037,24.04459201162544
458,587197.5763596221,517555.76285942155,N,17.603486425244228,25.03735883535604,5.003734488894874,17.603486425244228,25.03735883535604
459,587197.8644163442,517555.76285942155,N,17.565148152401477,25.979863770320577,5.097044611372415,17.565148152401477,25.979863770320577
460,587198.1524730665,517555.76285942155,N,17.49803841765172,26.87340962175395,5.183956946363844,17.49803841765172,26.87340962175395
461,587198.4405297886,517555.76285942155,N,17.409673091527726,27.716607989919627,5.264656493060077,17.409673091527726,27.716607989919627
462,587186.342147458,517556.0509161437,N,15.527117537405807,22.63936582045893,4.75808425949551,15.527117537405807,22.63936582045893
463,587186.6302041803,517556.0509161437,N,15.494313981243991,20.430885552690675,4.520053711261701,15.494313981243991,20.430885552690675
464,587186.9182609024,517556.0509161437,N,15.46244691756483,18.029431235479436,4.246107774830902,15.46244691756483,18.029431235479436
465,587187.2063176245,517556.0509161437,N,15.427500381769427,15.519360058779167,3.939461899648119,15.427500381769427,15.519360058779167
466,587187.4943743467,517556.0509161437,N,15.378801449204834,13.118121676037243,3.6218947632471656,15.378801449204834,13.118121676037243
467,587187.7824310688,517556.0509161437,N,15.293213762631087,11.283719890886696,3.3591248697967,15.293213762631087,11.283719890886696
468,587188.070487791,517556.0509161437,N,15.138591470349118,10.639875204365259,3.2618821567256626,15.138591470349118,10.639875204365259
469,587188.3585445131,517556.0509161437,N,14.908055300537645,11.340793260377593,3.367609428122209,14.908055300537645,11.340793260377593
470,587188.6466012353,517556.0509161437,N,14.639517304199792,12.779691622977593,3.5748694553756217,14.639517304199792,12.779691622977593
471,587188.9346579574,517556.0509161437,N,14.379391835186176,14.310727825625618,3.782952263196777,14.379391835186176,14.310727825625618
472,587189.2227146797,517556.0509161437,N,14.159840393847643,15.621000510421391,3.9523411429710102,14.159840393847643,15.621000510421391
473,587189.5107714018,517556.0509161437,N,14.000539084186185,16.62612871036106,4.077515016570884,14.000539084186185,16.62612871036106
474,587189.798828124,517556.0509161437,N,13.912652147473286,17.33911281638336,4.164026034546778,13.912652147473286,17.33911281638336
475,587190.0868848461,517556.0509161437,N,13.900502215071953,17.798633653155576,4.218842691207575,13.900502215071953,17.798633653155576
476,587190.3749415682,517556.0509161437,N,13.962372823170984,18.035989206227203,4.246879937816374,13.962372823170984,18.035989206227203
477,587190.6629982904,517556.0509161437,N,14.091469298875548,18.064285216254376,4.250210020252455,14.091469298875548,18.064285216254376
478,587190.9510550125,517556.0509161437,N,14.27710636149862,17.88135430361194,4.22863504024785,14.27710636149862,17.88135430361194
479,587191.2391117347,517556.0509161437,N,14.505687608830515,17.481373767905065,4.181073279423008,14.505687608830515,17.481373767905065
480,587191.5271684568,517556.0509161437,N,14.76105160390957,16.872391552102492,4.107601678851358,14.76105160390957,16.872391552102492
481,587191.815225179,517556.0509161437,N,15.024118486496704,16.097267716687053,4.012140042008386,15.024118486496704,16.097267716687053
482,587192.1032819011,517556.0509161437,N,15.272480509542914,15.250069559903707,3.90513374417621,15.272480509542914,15.250069559903707
483,587192.3913386234,517556.0509161437,N,15.48178366642806,14.465840843549703,3.8033985912009936,15.48178366642806,14.465840843549703
484,587192.6793953455,517556.0509161437,N,15.631301172816087,13.854862177871833,3.7222120006619495,15.631301172816087,13.854862177871833
485,587192.9674520676,517556.0509161437,N,15.71230391797149,13.401922811834318,3.6608636702060235,15.71230391797149,13.401922811834318
486,587193.2555087898,517556.0509161437,N,15.731411747571205,12.933293368968878,3.5962888328065192,15.731411747571205,12.933293368968878
487,587193.5435655119,517556.0509161437,N,15.70510785076191,12.203137645601794,3.4932989631008957,15.70510785076191,12.203137645601794
488,587193.8316222341,517556.0509161437,N,15.6529617630416,11.021466875846222,3.319859466279593,15.6529617630416,11.021466875846222
489,587194.1196789562,517556.0509161437,N,15.598310304240512,9.386938538671616,3.0638111134127732,15.598310304240512,9.386938538671616
490,587194.4077356784,517556.0509161437,N,15.582963841580616,7.757823004310058,2.7852868800735875,15.582963841580616,7.757823004310058
491,587194.6957924005,517556.0509161437,N,15.687802396983548,7.418375122445757,2.7236694223869673,15.687802396983548,7.418375122445757
492,587194.9838491228,517556.0509161437,N,15.949429130200958,9.083891822209385,3.013949538762948,15.949429130200958,9.083891822209385
493,587195.2719058449,517556.0509161437,N,16.287113012226587,11.582666669182753,3.403331701316043,16.287113012226587,11.582666669182753
494,587195.5599625671,517556.0509161437,N,16.631700394541404,13.992186683811408,3.740613142763016,16.631700394541404,13.992186683811408
495,587195.8480192892,517556.0509161437,N,16.95084200906493,16.052558030483024,4.0065643674453835,16.95084200906493,16.052558030483024
496,587196.1360760113,517556.0509161437,N,17.2267903223058,17.76278895009299,4.214592382436645,17.2267903223058,17.76278895009299
497,587196.4241327335,517556.0509161437,N,17.44803781924382,19.20171755602427,4.381976444028912,17.44803781924382,19.20171755602427
498,587196.7121894556,517556.0509161437,N,17.607906283305972,20.461147691254332,4.523400014508371,17.607906283305972,20.461147691254332
499,587197.0002461778,517556.0509161437,N,17.704825488882896,21.61596206907752,4.649296943525711,17.704825488882896,21.61596206907752
500,587197.2883028999,517556.0509161437,N,17.742239247622965,22.71248882414601,4.765762145150134,17.742239247622965,22.71248882414601
501,587197.5763596221,517556.0509161437,N,17.72754422859689,23.76986834366473,4.87543519530972,17.72754422859689,23.76986834366473
502,587197.8644163442,517556.0509161437,N,17.67039565468594,24.78900581059472,4.978855873651568,17.67039565468594,24.78900581059472
503,587198.1524730665,517556.0509161437,N,17.581046474357382,25.76288263091013,5.075714987162905,17.581046474357382,25.76288263091013
504,587198.4405297886,517556.0509161437,N,17.469174974811494,26.684038533249144,5.165659544845086,17.469174974811494,26.684038533249144
505,587198.7285865108,517556.0509161437,N,17.343284708539223,27.548145076942223,5.248632686418647,17.343284708539223,27.548145076942223
506,587186.0540907359,517556.3389728659,N,15.457485376985728,24.154778849606632,4.914751148288857,15.457485376985728,24.154778849606632
507,587186.342147458,517556.3389728659,N,15.414499810201278,22.004001314839343,4.6908422820256215,15.414499810201278,22.004001314839343
508,587186.6302041803,517556.3389728659,N,15.37507161161718,19.565590667688944,4.423300879172583,15.37507161161718,19.565590667688944
509,587186.9182609024,517556.3389728659,N,15.34003791355693,16.821064489494916,4.1013491060253475,15.34003791355693,16.821064489494916
510,587187.2063176245,517556.3389728659,N,15.308811282630723,13.78540832935738,3.712870631917759,15.308811282630723,13.78540832935738
511,587187.4943743467,517556.3389728659,N,15.275311803641536,10.586622518828133,3.2537090402843543,15.275311803641536,10.586622518828133
512,587187.7824310688,517556.3389728659,N,15.212938195078529,7.7504309228102475,2.783959576360664,15.212938195078529,7.7504309228102475
513,587188.070487791,517556.3389728659,N,15.043808950618917,6.757146869690696,2.5994512631881936,15.043808950618917,6.757146869690696
514,587188.3585445131,517556.3389728659,N,14.72762544388976,8.327226406883376,2.8856934013999784,14.72762544388976,8.327226406883376
515,587188.6466012353,517556.3389728659,N,14.36256773724262,10.71755561791264,3.273767801465559,14.36256773724262,10.71755561791264
516,587188.9346579574,517556.3389728659,N,14.023081597792537,12.853928237432388,3.5852375426786423,14.023081597792537,12.853928237432388
517,587189.2227146797,517556.3389728659,N,13.742179192500368,14.516560717821411,3.810060461176622,13.742179192500368,14.516560717821411
518,587189.5107714018,517556.3389728659,N,13.538149714106236,15.743942379417959,3.96786370474314,13.538149714106236,15.743942379417959
519,587189.798828124,517556.3389728659,N,13.421358187304604,16.631929865894964,4.078226313717149,13.421358187304604,16.631929865894964
520,587190.0868848461,517556.3389728659,N,13.394583690422628,17.266453711513442,4.155292253441801,13.394583690422628,17.266453711513442
521,587190.3749415682,517556.3389728659,N,13.452982555209726,17.699705054069607,4.207101740399156,13.452982555209726,17.699705054069607
522,587190.6629982904,517556.3389728659,N,13.585360567830023,17.949720657974122,4.236711066142477,13.585360567830023,17.949720657974122
523,587190.9510550125,517556.3389728659,N,13.776375084121781,18.01358496555499,4.244241388700105,13.776375084121781,18.01358496555499
524,587191.2391117347,517556.3389728659,N,14.008569157534938,17.88519802595967,4.229089503186197,14.008569157534938,17.88519802595967
525,587191.5271684568,517556.3389728659,N,14.263540287849924,17.57142754731894,4.19182866387916,14.263540287849924,17.57142754731894
526,587191.815225179,517556.3389728659,N,14.522334173808861,17.10302369903913,4.135580213106636,14.522334173808861,17.10302369903913
527,587192.1032819011,517556.3389728659,N,14.765800450302905,16.53532676478997,4.066365301444272,14.765800450302905,16.53532676478997
528,587192.3913386234,517556.3389728659,N,14.975962913797458,15.930519610133572,3.9913055019797183,14.975962913797458,15.930519610133572
529,587192.6793953455,517556.3389728659,N,15.138969910077263,15.317794738413848,3.9137954390097915,15.138969910077263,15.317794738413848
530,587192.9674520676,517556.3389728659,N,15.248412602942036,14.648974233511378,3.8273978410287293,15.248412602942036,14.648974233511378
531,587193.2555087898,517556.3389728659,N,15.306267675713276,13.785066173956892,3.71282455469645,15.306267675713276,13.785066173956892
532,587193.5435655119,517556.3389728659,N,15.32033462067245,12.527576410375284,3.539431650756274,15.32033462067245,12.527576410375284
533,587193.8316222341,517556.3389728659,N,15.300403460549024,10.669770516005656,3.2664614670933525,15.300403460549024,10.669770516005656
534,587194.1196789562,517556.3389728659,N,15.256638514201883,8.052019852507641,2.8376081217299265,15.256638514201883,8.052019852507641
535,587194.4077356784,517556.3389728659,N,15.208714837861361,4.750192331856544,2.1794935952777066,15.208714837861361,4.750192331856544
536,587194.6957924005,517556.3389728659,N,15.307902593777586,3.188724665605818,1.7857000491700217,15.307902593777586,3.188724665605818
537,587194.9838491228,517556.3389728659,N,15.730000496632004,6.436532686269651,2.5370322596036594,15.730000496632004,6.436532686269651
538,587195.2719058449,517556.3389728659,N,16.190873851178747,9.855263088490211,3.139309333036522,16.190873851178747,9.855263088490211
539,587195.5599625671,517556.3389728659,N,16.624049749092475,12.602745844931578,3.5500346258778346,16.624049749092475,12.602745844931578
540,587195.8480192892,517556.3389728659,N,17.01201097860282,14.73167201917768,3.8381860323827035,17.01201097860282,14.73167201917768
541,587196.1360760113,517556.3389728659,N,17.34109811302807,16.39368661806358,4.048911781956181,17.34109811302807,16.39368661806358
542,587196.4241327335,517556.3389728659,N,17.599432045174993,17.753633894878263,4.213506128496583,17.599432045174993,17.753633894878263
543,587196.7121894556,517556.3389728659,N,17.77923744544934,18.95608903813046,4.353859097183838,17.77923744544934,18.95608903813046
544,587197.0002461778,517556.3389728659,N,17.879326529077712,20.10176581667153,4.483499282555037,17.879326529077712,20.10176581667153
545,587197.2883028999,517556.3389728659,N,17.905715059474375,21.23882482542383,4.608559951375682,17.905715059474375,21.23882482542383
546,587197.5763596221,517556.3389728659,N,17.869854958786373,22.372552282061978,4.729963243204113,17.869854958786373,22.372552282061978
547,587197.8644163442,517556.3389728659,N,17.785654460346876,23.48539406841777,4.846173136446713,17.785654460346876,23.48539406841777
548,587198.1524730665,517556.3389728659,N,17.666865302973523,24.555331220611787,4.955333613452457,17.666865302973523,24.555331220611787
549,587198.4405297886,517556.3389728659,N,17.525596866978734,25.566240056363153,5.056306958281227,17.525596866978734,25.566240056363153
550,587198.7285865108,517556.3389728659,N,17.371846283414726,26.510675188245365,5.1488518320345324,17.371846283414726,26.510675188245365
551,587199.0166432329,517556.3389728659,N,17.213609332262223,27.38833464776574,5.233386537201866,17.213609332262223,27.38833464776574
552,587199.304699955,517556.3389728659,N,17.057201053642594,28.2031539263261,5.3106641699815755,17.057201053642594,28.2031539263261
553,587185.7660340137,517556.62702958804,N,15.394866139107016,25.86416440095491,5.085682294535799,15.394866139107016,25.86416440095491
554,587186.0540907359,517556.62702958804,N,15.337019179780997,23.91442235316438,4.890237453658501,15.337019179780997,23.91442235316438
555,587186.342147458,517556.62702958804,N,15.280656389877937,21.67916781871422,4.6560893267541825,15.280656389877937,21.67916781871422
556,587186.6302041803,517556.62702958804,N,15.227385845164937,19.114024359966095,4.371958869884996,15.227385845164937,19.114024359966095
557,587186.9182609024,517556.62702958804,N,15.179349543967719,16.16823186055036,4.020973994015674,15.179349543967719,16.16823186055036
558,587187.2063176245,517556.62702958804,N,15.13929755776645,12.785812817277472,3.5757254952355435,15.13929755776645,12.785812817277472
559,587187.4943743467,517556.62702958804,N,15.110262164763563,8.915334905223615,2.985855807841969,15.110262164763563,8.915334905223615
560,587187.7824310688,517556.62702958804,N,15.091160208653946,4.597731452100737,2.144232135777453,15.091160208653946,4.597731452100737
561,587188.070487791,517556.62702958804,N,14.956138821564595,2.231644392253703,1.4938689340948565,14.956138821564595,2.231644392253703
562,587188.3585445131,517556.62702958804,N,14.477171826886035,5.928721111486157,2.4348965299343126,14.477171826886035,5.928721111486157
563,587188.6466012353,517556.62702958804,N,14.002915729425602,9.268973113305742,3.044498827936339,14.002915729425602,9.268973113305742
564,587188.9346579574,517556.62702958804,N,13.585332531333705,11.745589333484077,3.4271838779797146,13.585332531333705,11.745589333484077
565,587189.2227146797,517556.62702958804,N,13.244140652461327,13.517466906666677,3.6766107907509977,13.244140652461327,13.517466906666677
566,587189.5107714018,517556.62702958804,N,12.996418164113757,14.784905109628179,3.8451144468829765,12.996418164113757,14.784905109628179
567,587189.798828124,517556.62702958804,N,12.85408562901483,15.728597747168045,3.9659296195429445,12.85408562901483,15.728597747168045
568,587190.0868848461,517556.62702958804,N,12.819700502926592,16.4755617919858,4.059009952191027,12.819700502926592,16.4755617919858
569,587190.3749415682,517556.62702958804,N,12.88482498318979,17.08500194124093,4.133400771911783,12.88482498318979,17.08500194124093
570,587190.6629982904,517556.62702958804,N,13.0323567852862,17.56103377132344,4.19058871416934,13.0323567852862,17.56103377132344
571,587190.9510550125,517556.62702958804,N,13.240964031970917,17.88157798159648,4.22866148817761,13.240964031970917,17.88157798159648
572,587191.2391117347,517556.62702958804,N,13.488851749655318,18.025362761110014,4.24562866500475,13.488851749655318,18.025362761110014
573,587191.5271684568,517556.62702958804,N,13.755674250344391,17.98746403070888,4.24116305165327,13.755674250344391,17.98746403070888
574,587191.815225179,517556.62702958804,N,14.023058265718838,17.78288579607744,4.2169759065090044,14.023058265718838,17.78288579607744
575,587192.1032819011,517556.62702958804,N,14.274761280718261,17.439584313811995,4.1760728338729916,14.274761280718261,17.439584313811995
576,587192.3913386234,517556.62702958804,N,14.497276432245144,16.98128164787197,4.120835066812547,14.497276432245144,16.98128164787197
577,587192.6793953455,517556.62702958804,N,14.681061276341833,16.402924050079097,4.050052351523261,14.681061276341833,16.402924050079097
578,587192.9674520676,517556.62702958804,N,14.821730152064426,15.648748240925864,3.955849875933851,14.821730152064426,15.648748240925864
579,587193.2555087898,517556.62702958804,N,14.920146593173625,14.606185294377722,3.821803931964292,14.920146593173625,14.606185294377722
580,587193.5435655119,517556.62702958804,N,14.981017972447665,13.119803116879101,3.6221268775236326,14.981017972447665,13.119803116879101
581,587193.8316222341,517556.62702958804,N,15.010784808415195,11.016699955495785,3.3191414485519872,15.010784808415195,11.016699955495785
582,587194.1196789562,517556.62702958804,N,15.016375853662195,8.138795901441794,2.8528574975700756,15.016375853662195,8.138795901441794
583,587194.4077356784,517556.62702958804,N,15.010398388733062,4.462749132383119,2.1125219838816163,15.010398388733062,4.462749132383119
584,587194.6957924005,517556.62702958804,N,15.146463969238782,2.4339150508759015,1.5601009745769348,15.146463969238782,2.4339150508759015
585,587194.9838491228,517556.62702958804,N,15.654789662910087,5.98068986682539,2.4455449018215534,15.654789662910087,5.98068986682539
586,587195.2719058449,517556.62702958804,N,16.183817510730666,9.31153306239499,3.0514804705904623,16.183817510730666,9.31153306239499
587,587195.5599625671,517556.62702958804,N,16.680419531575858,11.84462839073288,3.4416025904704455,16.680419531575858,11.84462839073288
588,587195.8480192892,517556.62702958804,N,17.127326399049505,13.70602440486148,3.7021648268089686,17.127326399049505,13.70602440486148
589,587196.1360760113,517556.62702958804,N,17.506694346779124,15.094784076912022,3.885200648217801,17.506694346779124,15.094784076912022
590,587196.4241327335,517556.62702958804,N,17.800654736772337,16.225892979229688,4.028137656439969,17.800654736772337,16.225892979229688
591,587196.7121894556,517556.62702958804,N,17.996421682998857,17.287507864906985,4.157824895892921,17.996421682998857,17.287507864906985
592,587197.0002461778,517556.62702958804,N,18.09173985805709,18.397628137365086,4.289245637331241,18.09173985805709,18.397628137365086
593,587197.2883028999,517556.62702958804,N,18.096298882758134,19.58796053873739,4.425828796817314,18.096298882758134,19.58796053873739
594,587197.5763596221,517556.62702958804,N,18.027860383525887,20.827480699558187,4.563713476935004,18.027860383525887,20.827480699558187
595,587197.8644163442,517556.62702958804,N,17.906412252627085,22.063293397261695,4.69715801280537,17.906412252627085,22.063293397261695
596,587198.1524730665,517556.62702958804,N,17.75001074905969,23.250664420221366,4.821894277171718,17.75001074905969,23.250664420221366
597,587198.4405297886,517556.62702958804,N,17.57320823283556,24.36400485045108,4.935990766852292,17.57320823283556,24.36400485045108
598,587198.7285865108,517556.62702958804,N,17.38714237526755,25.395168785803293,5.039361942329931,17.38714237526755,25.395168785803293
599,587199.0166432329,517556.62702958804,N,17.200236063173282,26.34713642642986,5.132946174121628,17.200236063173282,26.34713642642986
600,587199.304699955,517556.62702958804,N,17.018920397881995,27.227857579432087,5.218031964201837,17.018920397881995,27.227857579432087
601,587199.5927566772,517556.62702958804,N,16.848170499609758,28.04605310582933,5.29585244373645,16.848170499609758,28.04605310582933
602,587185.4779772916,517556.9150863102,N,15.34805298720946,27.580461198032143,5.251710311701526,15.34805298720946,27.580461198032143
603,587185.7660340137,517556.9150863102,N,15.275762352990157,25.881943749602513,5.087429974908993,15.275762352990157,25.881943749602513
604,587186.0540907359,517556.9150863102,N,15.201456625539857,23.9382992350576,4.892678125020856,15.201456625539857,23.9382992350576
605,587186.342147458,517556.9150863102,N,15.125840130933389,21.712532533728627,4.659670861094014,15.125840130933389,21.712532533728627
606,587186.6302041803,517556.9150863102,N,15.049889967638073,19.162941163503938,4.377549675732297,15.049889967638073,19.162941163503938
607,587186.9182609024,517556.9150863102,N,14.97487868259149,16.244316414303803,4.030423850453424,14.97487868259149,16.244316414303803
608,587187.2063176245,517556.9150863102,N,14.902201871324328,12.913786579807189,3.5935757373133503,14.902201871324328,12.913786579807189
609,587187.4943743467,517556.9150863102,N,14.832118409981703,9.15839560424975,3.026284124838537,14.832118409981703,9.15839560424975
610,587187.7824310688,517556.9150863102,N,14.753945380600172,5.183155654450151,2.276654487279559,14.753945380600172,5.183155654450151
611,587188.070487791,517556.9150863102,N,14.542423641192727,3.313180910541407,1.8202145232201086,14.542423641192727,3.313180910541407
612,587188.3585445131,517556.9150863102,N,14.050175533089428,6.099972520712262,2.4698122440202335,14.050175533089428,6.099972520712262
613,587188.6466012353,517556.9150863102,N,13.529221594944886,9.011254593389927,3.0018751795152854,13.529221594944886,9.011254593389927
614,587188.9346579574,517556.9150863102,N,13.055773376043398,11.160455427290225,3.3407267812992765,13.055773376043398,11.160455427290225
615,587189.2227146797,517556.9150863102,N,12.660593921868784,12.65037097522194,3.556736000214514,12.660593921868784,12.65037097522194
616,587189.5107714018,517556.9150863102,N,12.370987798498533,13.709972903090026,3.702698057240156,12.370987798498533,13.709972903090026
617,587189.798828124,517556.9150863102,N,12.207694937594557,14.566236052739924,3.8165738631316866,12.207694937594557,14.566236052739924
618,587190.0868848461,517556.9150863102,N,12.176186449495548,15.368088291656546,3.920215337408973,12.176186449495548,15.368088291656546
619,587190.3749415682,517556.9150863102,N,12.263125889371501,16.153132923839365,4.019096033169569,12.263125889371501,16.153132923839365
620,587190.6629982904,517556.9150863102,N,12.442169266099079,16.877526419009435,4.108226675709294,12.442169266099079,16.877526419009435
621,587190.9510550125,517556.9150863102,N,12.683494431621218,17.474326999416537,4.180230495967481,12.683494431621218,17.474326999416537
622,587191.2391117347,517556.9150863102,N,12.960208016936804,17.894375217786603,4.2301743720308504,12.960208016936804,17.894375217786603
623,587191.5271684568,517556.9150863102,N,13.250380246605207,18.118466168498873,4.256579162719621,13.250380246605207,18.118466168498873
624,587191.815225179,517556.9150863102,N,13.536749161791269,18.151422912019925,4.260448674966044,13.536749161791269,18.151422912019925
625,587192.1032819011,517556.9150863102,N,13.805983367177845,18.008300353579173,4.243618780425401,13.805983367177845,18.008300353579173
626,587192.3913386234,517556.9150863102,N,14.04836116728995,17.69768913441765,4.206862148254641,14.04836116728995,17.69768913441765
627,587192.6793953455,517556.9150863102,N,14.25793965055405,17.205591322540876,4.147962309681812,14.25793965055405,17.205591322540876
628,587192.9674520676,517556.9150863102,N,14.432833406083285,16.484933720259992,4.0601642479412074,14.432833406083285,16.484933720259992
629,587193.2555087898,517556.9150863102,N,14.575161285803707,15.456512333168066,3.9314771184846116,14.575161285803707,15.456512333168066
630,587193.5435655119,517556.9150863102,N,14.690653356747527,14.02545638499012,3.7450575943488666,14.690653356747527,14.02545638499012
631,587193.8316222341,517556.9150863102,N,14.788805522983658,12.11977136612645,3.481346200268863,14.788805522983658,12.11977136612645
632,587194.1196789562,517556.9150863102,N,14.886379755554453,9.785407718417842,3.128163633574472,14.886379755554453,9.785407718417842
633,587194.4077356784,517556.9150863102,N,15.023069708127043,7.481635817245036,2.735257906897453,15.023069708127043,7.481635817245036
634,587194.6957924005,517556.9150863102,N,15.291015614819765,6.615377877468338,2.572037689744911,15.291015614819765,6.615377877468338
635,587194.9838491228,517556.9150863102,N,15.737145366546196,7.944333421721392,2.818569392745439,15.737145366546196,7.944333421721392
636,587195.2719058449,517556.9150863102,N,16.2644840043987,9.963064371246862,3.156432221868048,16.2644840043987,9.963064371246862
637,587195.5599625671,517556.9150863102,N,16.79638550314326,11.683981398861844,3.4181839328599395,16.79638550314326,11.683981398861844
638,587195.8480192892,517556.9150863102,N,17.293433494800283,12.919760787599882,3.594406875633292,17.293433494800283,12.919760787599882
639,587196.1360760113,517556.9150863102,N,17.72353749134426,13.786753884615264,3.713051828969704,17.72353749134426,13.786753884615264
640,587196.4241327335,517556.9150863102,N,18.0550027425297,14.519672124816628,3.8104687539483417,18.0550027425297,14.519672124816628
641,587196.7121894556,517556.9150863102,N,18.263380708696403,15.35742526092741,3.9188550956787633,18.263380708696403,15.35742526092741
642,587197.0002461778,517556.9150863102,N,18.343103930962304,16.431741228175014,4.053608420675955,18.343103930962304,16.431741228175014
643,587197.2883028999,517556.9150863102,N,18.310636071409615,17.724643375799772,4.210064533448362,18.310636071409615,17.724643375799772
644,587197.5763596221,517556.9150863102,N,18.194710626786954,19.12825195199472,4.373585708774291,18.194710626786954,19.12825195199472
645,587197.8644163442,517556.9150863102,N,18.02413331084018,20.530676427988876,4.5310789474460575,18.02413331084018,20.530676427988876
646,587198.1524730665,517556.9150863102,N,17.821744810229944,21.859533704443233,4.675418024566706,17.821744810229944,21.859533704443233
647,587198.4405297886,517556.9150863102,N,17.603880367870698,23.084477737652684,4.804630863828425,17.603880367870698,23.084477737652684
648,587198.7285865108,517556.9150863102,N,17.381930431515997,24.203499063257837,4.919705180522288,17.381930431515997,24.203499063257837
649,587199.0166432329,517556.9150863102,N,17.164030397892738,25.228336786854317,5.022781777745706,17.164030397892738,25.228336786854317
650,587199.304699955,517556.9150863102,N,16.956274109624534,26.174172230501267,5.116069998592794,16.956274109624534,26.174172230501267
651,587199.5927566772,517556.9150863102,N,16.763422162467364,27.05411406632464,5.201356944714008,16.763422162467364,27.05411406632464
652,587199.8808133993,517556.9150863102,N,16.589236678290963,27.877366259323615,5.279902106983009,16.589236678290963,27.877366259323615
653,587185.1899205694,517557.2031430323,N,15.320705224751395,29.195001368622158,5.403239895527697,15.320705224751395,29.195001368622158
654,587185.4779772916,517557.2031430323,N,15.237015858634402,27.744914610146363,5.2673441704664,15.237015858634402,27.744914610146363
655,587185.7660340137,517557.2031430323,N,15.148211810815022,26.09501982400514,5.108328476518042,15.148211810815022,26.09501982400514
656,587186.0540907359,517557.2031430323,N,15.054051866480616,24.219408265876908,4.921321800682913,15.054051866480616,24.219408265876908
657,587186.342147458,517557.2031430323,N,14.954184657918637,22.091863891013407,4.700198282095491,14.954184657918637,22.091863891013407
658,587186.6302041803,517557.2031430323,N,14.84795873915711,19.68983300660826,4.437322729598137,14.84795873915711,19.68983300660826
659,587186.9182609024,517557.2031430323,N,14.733918910343666,17.00463973387302,4.123668237609934,14.733918910343666,17.00463973387302
660,587187.2063176245,517557.2031430323,N,14.608379381592032,14.069279650941974,3.750903844534271,14.608379381592032,14.069279650941974
661,587187.4943743467,517557.2031430323,N,14.461058135506693,11.040157320448186,3.3226732190283452,14.461058135506693,11.040157320448186
662,587187.7824310688,517557.2031430323,N,14.262101543735566,8.430599696726278,2.903549499617025,14.262101543735566,8.430599696726278
663,587188.070487791,517557.2031430323,N,13.946612047224136,7.360063956405513,2.7129437805464223,13.946612047224136,7.360063956405513
664,587188.3585445131,517557.2031430323,N,13.487605112881837,8.223057612875431,2.8675874202673284,13.487605112881837,8.223057612875431
665,587188.6466012353,517557.2031430323,N,12.962773659649452,9.72915929539104,3.1191600304234215,12.962773659649452,9.72915929539104
666,587188.9346579574,517557.2031430323,N,12.44886933387221,10.974431323629227,3.3127679248068715,12.44886933387221,10.974431323629227
667,587189.2227146797,517557.2031430323,N,11.999470198259232,11.802221091874292,3.4354360846731367,11.999470198259232,11.802221091874292
668,587189.5107714018,517557.2031430323,N,11.663455547342421,12.393433001987178,3.5204307977841545,11.663455547342421,12.393433001987178
669,587189.798828124,517557.2031430323,N,11.481627944148496,13.022094404995102,3.6086139174196927,11.481627944148496,13.022094404995102
670,587190.0868848461,517557.2031430323,N,11.467411594515177,13.857049215067262,3.722505770991801,11.467411594515177,13.857049215067262
671,587190.3749415682,517557.2031430323,N,11.597859513773027,14.866211102670297,3.85567258758706,11.597859513773027,14.866211102670297
672,587190.6629982904,517557.2031430323,N,11.82970948659025,15.897371450537737,3.9871507935539303,11.82970948659025,15.897371450537737
673,587190.9510550125,517557.2031430323,N,12.120661549244566,16.805956143503646,4.09950681710662,12.120661549244566,16.805956143503646
674,587191.2391117347,517557.2031430323,N,12.438517010833646,17.509910150743558,4.184484454594563,12.438517010833646,17.509910150743558
675,587191.5271684568,517557.2031430323,N,12.761012538146387,17.983930987655583,4.24074651301579,12.761012538146387,17.983930987655583
676,587191.815225179,517557.2031430323,N,13.073161742329615,18.235351462923312,4.270287046900163,13.073161742329615,18.235351462923312
677,587192.1032819011,517557.2031430323,N,13.365092134574137,18.281131959229757,4.275644040285599,13.365092134574137,18.281131959229757
678,587192.3913386234,517557.2031430323,N,13.630883542305344,18.13047977809795,4.257990110145625,13.630883542305344,18.13047977809795
679,587192.6793953455,517557.2031430323,N,13.868140006325316,17.774012529581626,4.2159236864039205,13.868140006325316,17.774012529581626
680,587192.9674520676,517557.2031430323,N,14.077912012557853,17.180883723302372,4.144982958143781,14.077912012557853,17.180883723302372
681,587193.2555087898,517557.2031430323,N,14.2647310093089,16.306268625673624,4.038102106890516,14.2647310093089,16.306268625673624
682,587193.5435655119,517557.2031430323,N,14.436872800712868,15.112861938171305,3.8875264549802493,14.436872800712868,15.112861938171305
683,587193.8316222341,517557.2031430323,N,14.607520624242175,13.614199524504595,3.6897424740088023,14.607520624242175,13.614199524504595
684,587194.1196789562,517557.2031430323,N,14.798082270348374,11.955712859168383,3.4577034082130846,14.798082270348374,11.955712859168383
685,587194.4077356784,517557.2031430323,N,15.04348222342098,10.528265029710717,3.24472880680508,15.04348222342098,10.528265029710717
686,587194.6957924005,517557.2031430323,N,15.386959772357288,9.907629988536558,3.1476387957541374,15.386959772357288,9.907629988536558
687,587194.9838491228,517557.2031430323,N,15.843043091183333,10.270103904331474,3.204700283073516,15.843043091183333,10.270103904331474
688,587195.2719058449,517557.2031430323,N,16.377065690992843,11.099482297890706,3.331588554712407,16.377065690992843,11.099482297890706
689,587195.5599625671,517557.2031430323,N,16.940462023695762,11.826625234543558,3.4389860765265623,16.940462023695762,11.826625234543558
690,587195.8480192892,517557.2031430323,N,17.490187856300352,12.216042284931644,3.4951455312950337,17.490187856300352,12.216042284931644
691,587196.1360760113,517557.2031430323,N,17.981423610085987,12.339254657999168,3.5127275240187883,17.981423610085987,12.339254657999168
692,587196.4241327335,517557.2031430323,N,18.36140354284646,12.490315350428977,3.534164024267829,18.36140354284646,12.490315350428977
693,587196.7121894556,517557.2031430323,N,18.581964599828698,13.03106996343801,3.609857332837132,18.581964599828698,13.03106996343801
694,587197.0002461778,517557.2031430323,N,18.630266042482788,14.126973075741274,3.758586579519125,18.630266042482788,14.126973075741274
695,587197.2883028999,517557.2031430323,N,18.538602109199058,15.637534967048213,3.9544323191892174,18.538602109199058,15.637534967048213
696,587197.5763596221,517557.2031430323,N,18.356445531712374,17.301208298763317,4.1594721178009255,18.356445531712374,17.301208298763317
697,587197.8644163442,517557.2031430323,N,18.12451313918431,18.92215948951701,4.349960860687945,18.12451313918431,18.92215948951701
698,587198.1524730665,517557.2031430323,N,17.869309224777176,20.408758788927038,4.51760542643191,17.869309224777176,20.408758788927038
699,587198.4405297886,517557.2031430323,N,17.606930185688338,21.74195602436818,4.662827042081679,17.606930185688338,21.74195602436818
700,587198.7285865108,517557.2031430323,N,17.347425742045566,22.938820337502932,4.7894488552967065,17.347425742045566,22.938820337502932
701,587199.0166432329,517557.2031430323,N,17.09768336852594,24.027592472469124,4.901794821539262,17.09768336852594,24.027592472469124
702,587199.304699955,517557.2031430323,N,16.863000728419866,25.03398251081334,5.003397097054494,16.863000728419866,25.03398251081334
703,587199.5927566772,517557.2031430323,N,16.647788732293712,25.975791023511647,5.09664507529332,16.647788732293712,25.975791023511647
704,587199.8808133993,517557.2031430323,N,16.455762442378532,26.862807027000056,5.182934210174778,16.455762442378532,26.862807027000056
705,587200.1688701215,517557.2031430323,N,16.2898778591709,27.699206260746983,5.263003539875969,16.2898778591709,27.699206260746983
706,587185.4779772916,517557.49119975447,N,15.122890359844433,28.044530170792648,5.295708656147225,15.122890359844433,28.044530170792648
707,587185.7660340137,517557.49119975447,N,15.016166358369269,26.47911307050125,5.145785952651086,15.016166358369269,26.47911307050125
708,587186.0540907359,517557.49119975447,N,14.90017708050267,24.718601034350254,4.971780469243413,14.90017708050267,24.718601034350254
709,587186.342147458,517557.49119975447,N,14.773289178772067,22.75112443249655,4.769813878181889,14.773289178772067,22.75112443249655
710,587186.6302041803,517557.49119975447,N,14.632960831100258,20.57672138911551,4.536157116890409,14.632960831100258,20.57672138911551
711,587186.9182609024,517557.49119975447,N,14.47490932075467,18.22210300388349,4.268735527516725,14.47490932075467,18.22210300388349
712,587187.2063176245,517557.49119975447,N,14.291406379790342,15.770772104090101,3.9712431434111535,14.291406379790342,15.770772104090101
713,587187.4943743467,517557.49119975447,N,14.068077588880579,13.418146231298023,3.66307879130357,14.068077588880579,13.418146231298023
714,587187.7824310688,517557.49119975447,N,13.780245690636255,11.529053793775525,3.3954460375296094,13.780245690636255,11.529053793775525
715,587188.070487791,517557.49119975447,N,13.398685452406598,10.524063582110328,3.2440813155823216,13.398685452406598,10.524063582110328
716,587188.3585445131,517557.49119975447,N,12.91730935485312,10.424694591265805,3.2287295630426844,12.91730935485312,10.424694591265805
717,587188.6466012353,517557.49119975447,N,12.369246096120282,10.715077624373423,3.273389317568783,12.369246096120282,10.715077624373423
718,587188.9346579574,517557.49119975447,N,11.805805953151555,10.885414518416162,3.299305156910491,11.805805953151555,10.885414518416162
719,587189.2227146797,517557.49119975447,N,11.285621388914816,10.787783295845724,3.284476106755189,11.285621388914816,10.787783295845724
720,587189.5107714018,517557.49119975447,N,10.882814117377478,10.650947578765226,3.2635789524332375,10.882814117377478,10.650947578765226
721,587189.798828124,517557.49119975447,N,10.677711794924182,10.921452509031482,3.304762095678217,10.677711794924182,10.921452509031482
722,587190.0868848461,517557.49119975447,N,10.702445938953346,11.849401271324368,3.4422959302367317,10.702445938953346,11.849401271324368
723,587190.3749415682,517557.49119975447,N,10.90880524585118,13.224144459476955,3.6365016787397413,10.90880524585118,13.224144459476955
724,587190.6629982904,517557.49119975447,N,11.219479322299911,14.667522991989678,3.8298202297222357,11.219479322299911,14.667522991989678
725,587190.9510550125,517557.49119975447,N,11.57591567002302,15.929861940232424,3.9912231133115603,11.57591567002302,15.929861940232424
726,587191.2391117347,517557.49119975447,N,11.943366153896644,16.914844922399777,4.11276609137935,11.943366153896644,16.914844922399777
727,587191.5271684568,517557.49119975447,N,12.302393178162664,17.61540351092816,4.1970708251026885,12.302393178162664,17.61540351092816
728,587191.815225179,517557.49119975447,N,12.642235877806185,18.06050656470189,4.249765471729221,12.642235877806185,18.06050656470189
729,587192.1032819011,517557.49119975447,N,12.957343657185913,18.282881782078526,4.275848662204794,12.957343657185913,18.282881782078526
730,587192.3913386234,517557.49119975447,N,13.245822405532886,18.301866905373625,4.278068127715316,13.245822405532886,18.301866905373625
731,587192.6793953455,517557.49119975447,N,13.508833938339905,18.117435176109844,4.2564580552508495,13.508833938339905,18.117435176109844
732,587192.9674520676,517557.49119975447,N,13.750437028816247,17.713530234100908,4.2087444961770855,13.750437028816247,17.713530234100908
733,587193.2555087898,517557.49119975447,N,13.977674338137687,17.070071645767968,4.131594322506503,13.977674338137687,17.070071645767968
734,587193.5435655119,517557.49119975447,N,14.200953383545542,16.18420940333833,4.022960278618014,14.200953383545542,16.18420940333833
735,587193.8316222341,517557.49119975447,N,14.434905121210036,15.101945873543873,3.886122215466708,14.434905121210036,15.101945873543873
736,587194.1196789562,517557.49119975447,N,14.699570834754532,13.95542359010051,3.7356958642400895,14.699570834754532,13.95542359010051
737,587194.4077356784,517557.49119975447,N,15.020004457938988,12.97299008257122,3.601803726269828,15.020004457938988,12.97299008257122
738,587194.6957924005,517557.49119975447,N,15.41942927545905,12.382679607409386,3.518903182443272,15.41942927545905,12.382679607409386
739,587194.9838491228,517557.49119975447,N,15.905422131870049,12.206173631489923,3.4937334803172844,15.905422131870049,12.206173631489923
740,587195.2719058449,517557.49119975447,N,16.463716999128636,12.192279096791506,3.49174442031365,16.463716999128636,12.192279096791506
741,587195.5599625671,517557.49119975447,N,17.066785513501515,12.014097860713765,3.466135868761316,17.066785513501515,12.014097860713765
742,587195.8480192892,517557.49119975447,N,17.680242714917327,11.482094353988877,3.388523919642427,17.680242714917327,11.482094353988877
743,587196.1360760113,517557.49119975447,N,18.255493868379457,10.663077619466938,3.265436819089743,18.255493868379457,10.663077619466938
744,587196.4241327335,517557.49119975447,N,18.713023835534262,9.984064593034699,3.1597570465203013,18.713023835534262,9.984064593034699
745,587196.7121894556,517557.49119975447,N,18.952078146566027,10.148583516720546,3.185684152065384,18.952078146566027,10.148583516720546
746,587197.0002461778,517557.49119975447,N,18.940967853995076,11.444646829922117,3.382993767348991,18.940967853995076,11.444646829922117
747,587197.2883028999,517557.49119975447,N,18.756578275273878,13.393794960497099,3.6597534015964928,18.756578275273878,13.393794960497099
748,587197.5763596221,517557.49119975447,N,18.487675887186388,15.44015021421965,3.9293956550873888,18.487675887186388,15.44015021421965
749,587197.8644163442,517557.49119975447,N,18.18581503652282,17.312692117033883,4.160852330596928,18.18581503652282,17.312692117033883
750,587198.1524730665,517557.49119975447,N,17.87578421248387,18.942999457033313,4.352355621618403,17.87578421248387,18.942999457033313
751,587198.4405297886,517557.49119975447,N,17.569595362643668,20.354648306508057,4.5116126059878034,17.569595362643668,20.354648306508057
752,587198.7285865108,517557.49119975447,N,17.27391558281039,21.60125458260129,4.647714985086896,17.27391558281039,21.60125458260129
753,587199.0166432329,517557.49119975447,N,16.993505020802825,22.73527371329338,4.768152022879868,16.993505020802825,22.73527371329338
754,587199.304699955,517557.49119975447,N,16.732652519791575,23.794320072161607,4.877942196476051,16.732652519791575,23.794320072161607
755,587199.5927566772,517557.49119975447,N,16.495554920457298,24.798675629516634,4.97982686742387,16.495554920457298,24.798675629516634
756,587199.8808133993,517557.49119975447,N,16.286153810815527,25.755242327846158,5.0749622981699245,16.286153810815527,25.755242327846158
757,587200.1688701215,517557.49119975447,N,16.107767091477847,26.66360099355458,5.1636809538888615,16.107767091477847,26.66360099355458
758,587200.4569268436,517557.49119975447,N,15.96272852737541,27.521150847688734,5.246060507436865,15.96272852737541,27.521150847688734
759,587185.7660340137,517557.7792564767,N,14.884402726730213,26.99682305297693,5.195846711843694,14.884402726730213,26.99682305297693
760,587186.0540907359,517557.7792564767,N,14.746406490334106,25.378141064549926,5.037672187087001,14.746406490334106,25.378141064549926
761,587186.342147458,517557.7792564767,N,14.592487696940475,23.598579330510777,4.857836898302657,14.592487696940475,23.598579330510777
762,587186.6302041803,517557.7792564767,N,14.418630778077125,21.67350105660919,4.655480754616991,14.418630778077125,21.67350105660919
763,587186.9182609024,517557.7792564767,N,14.218797857634398,19.645463899145447,4.432320374154541,14.218797857634398,19.645463899145447
764,587187.2063176245,517557.7792564767,N,13.983787340001713,17.601638540506904,4.19543067401988,13.983787340001713,17.601638540506904
765,587187.4943743467,517557.7792564767,N,13.700044629631073,15.689744770775148,3.9610282466520164,13.700044629631073,15.689744770775148
766,587187.7824310688,517557.7792564767,N,13.350133439160512,14.102366319910626,3.7553117473667386,13.350133439160512,14.102366319910626
767,587188.070487791,517557.7792564767,N,12.918371438687654,12.977081558912545,3.6023716575212705,12.918371438687654,12.977081558912545
768,587188.3585445131,517557.7792564767,N,12.401501111315495,12.241807837472999,3.498829495341692,12.401501111315495,12.241807837472999
769,587188.6466012353,517557.7792564767,N,11.814404799061318,11.602131212554005,3.406190131591894,11.814404799061318,11.602131212554005
770,587188.9346579574,517557.7792564767,N,11.18701193864154,10.738723834013433,3.276999211781021,11.18701193864154,10.738723834013433
771,587189.2227146797,517557.7792564767,N,10.567650532065961,9.53817616174279,3.0883937834646007,10.567650532065961,9.53817616174279
772,587189.5107714018,517557.7792564767,N,10.050031985820848,8.329897005085863,2.8861560950658687,10.050031985820848,8.329897005085863
773,587189.798828124,517557.7792564767,N,9.799217028686167,8.0588744232794909,2.838815672649334,9.799217028686167,8.0588744232794909
774,587190.0868848461,517557.7792564767,N,9.905164134460236,9.32172876036975,3.053150628509794,9.905164134460236,9.32172876036975
775,587190.3749415682,517557.7792564767,N,10.237205895680944,11.351762734737832,3.3692377082565477,10.237205895680944,11.351762734737832
776,587190.6629982904,517557.7792564767,N,10.651868378990631,13.33057934337551,3.6511065916206156,10.651868378990631,13.33057934337551
777,587190.9510550125,517557.7792564767,N,11.081421190866601,14.951846832238072,3.8667618018489414,11.081421190866601,14.951846832238072
778,587191.2391117347,517557.7792564767,N,11.498202259901767,16.173531332410715,4.021632918655147,11.498202259901767,16.173531332410715
779,587191.5271684568,517557.7792564767,N,11.89057413266899,17.046751352221964,4.128771167335623,11.89057413266899,17.046751352221964
780,587191.815225179,517557.7792564767,N,12.253938465788309,17.64275706449912,4.200328209140224,12.253938465788309,17.64275706449912
781,587192.1032819011,517557.7792564767,N,12.587588905543411,18.019915581457678,4.244987112048478,12.587588905543411,18.019915581457678
782,587192.3913386234,517557.7792564767,N,12.893613603222414,18.210374182165253,4.267361501228277,12.893613603222414,18.210374182165253
783,587192.6793953455,517557.7792564767,N,13.17650900617366,18.220331992865425,4.268528082707835,13.17650900617366,18.220331992865425
784,587192.9674520676,517557.7792564767,N,13.443056185855378,18.039918380190887,4.247342507991425,13.443056185855378,18.039918380190887
785,587193.2555087898,517557.7792564767,N,13.702352809791908,17.658699601798034,4.202225553417859,13.702352809791908,17.658699601798034
786,587193.5435655119,517557.7792564767,N,13.966000393972713,17.08381222032811,4.13325685390203,13.966000393972713,17.08381222032811
787,587193.8316222341,517557.7792564767,N,14.24836845855117,16.35767671637699,4.044462475580283,14.24836845855117,16.35767671637699
788,587194.1196789562,517557.7792564767,N,14.566489673406553,15.567339469708928,3.945546789699614,14.566489673406553,15.567339469708928
789,587194.4077356784,517557.7792564767,N,14.938464997911652,14.82712153395828,3.850600152438355,14.938464997911652,14.82712153395828
790,587194.6957924005,517557.7792564767,N,15.379211699579026,14.216670901847806,3.7705000864404985,15.379211699579026,14.216670901847806
791,587194.9838491228,517557.7792564767,N,15.894938769265298,13.700373492264733,3.701401557824378,15.894938769265298,13.700373492264733
792,587195.2719058449,517557.7792564767,N,16.480963257651595,13.107869249268408,3.6204791463656307,16.480963257651595,13.107869249268408
793,587195.5599625671,517557.7792564767,N,17.124335229628333,12.20683128306905,3.49382759778857,17.124335229628333,12.20683128306905
794,587195.8480192892,517557.7792564767,N,17.80562863339555,10.809177274229038,3.287731326344815,17.80562863339555,10.809177274229038
795,587196.1360760113,517557.7792564767,N,18.49035817186298,8.89617824401519,2.982646181499775,18.49035817186298,8.89617824401519
796,587196.4241327335,517557.7792564767,N,19.087704899593106,6.9426450775808295,2.6348899554973504,19.087704899593106,6.9426450775808295
797,587196.7121894556,517557.7792564767,N,19.370618028816544,6.549712882954873,2.5592406848428446,19.370618028816544,6.549712882954873
798,587197.0002461778,517557.7792564767,N,19.235613864908988,8.5321661290962,2.9209871840006763,19.235613864908988,8.5321661290962
799,587197.2883028999,517557.7792564767,N,18.913537630045926,11.25002133206568,3.3541051462447746,18.913537630045926,11.25002133206568
800,587197.5763596221,517557.7792564767,N,18.547180223688397,13.74317775291848,3.7071792178040814,18.547180223688397,13.74317775291848
801,587197.8644163442,517557.7792564767,N,18.179096602494074,15.818447875656915,3.9772412393085883,18.179096602494074,15.818447875656915
802,587198.1524730665,517557.7792564767,N,17.82162021401485,17.515128455824364,4.185107938372004,17.82162021401485,17.515128455824364
803,587198.4405297886,517557.7792564767,N,17.478603553923865,18.93421371228863,4.35134619540765,17.478603553923865,18.93421371228863
804,587198.7285865108,517557.7792564767,N,17.152014479524457,20.179583089369565,4.492169085126869,17.152014479524457,20.179583089369565
805,587199.0166432329,517557.7792564767,N,16.844319145586983,21.33109333766353,4.618559660507107,16.844319145586983,21.33109333766353
806,587199.304699955,517557.7792564767,N,16.55917515745494,22.43479433876439,4.736538223087025,16.55917515745494,22.43479433876439
807,587199.5927566772,517557.7792564767,N,16.301174093152177,23.506583027170073,4.848358797280794,16.301174093152177,23.506583027170073
808,587199.8808133993,517557.7792564767,N,16.075108321713355,24.54347729951578,4.954137392070972,16.075108321713355,24.54347729951578
809,587200.1688701215,517557.7792564767,N,15.8851656746787,25.53544014277028,5.053260347812121,15.8851656746787,25.53544014277028
810,587200.4569268436,517557.7792564767,N,15.734299289300274,26.47333523286222,5.145224507527559,15.734299289300274,26.47333523286222
811,587200.7449835659,517557.7792564767,N,15.623855231151886,27.352282588132503,5.229940973675755,15.623855231151886,27.352282588132503
812,587201.033040288,517557.7792564767,N,15.55344717952424,28.171801411324534,5.307711504153606,15.55344717952424,28.171801411324534
813,587186.0540907359,517558.0673131988,N,14.599375949647472,26.137779517390882,5.112512055476337,14.599375949647472,26.137779517390882
814,587186.342147458,517558.0673131988,N,14.420863405370989,24.546439286519416,4.954436323792992,14.420863405370989,24.546439286519416
815,587186.6302041803,517558.0673131988,N,14.217497241898135,22.85350048425205,4.78053349368583,14.217497241898135,22.85350048425205
816,587186.9182609024,517558.0673131988,N,13.982662275893407,21.100061568562882,4.593480332880819,13.982662275893407,21.100061568562882
817,587187.2063176245,517558.0673131988,N,13.707409915764552,19.35264380701274,4.399163989556736,13.707409915764552,19.35264380701274
818,587187.4943743467,517558.0673131988,N,13.38035512524722,17.699331449375272,4.207057338493888,13.38035512524722,17.699331449375272
819,587187.7824310688,517558.0673131988,N,12.988887330501731,16.22258659441503,4.027727224430055,12.988887330501731,16.22258659441503
820,587188.070487791,517558.0673131988,N,12.522474900977533,14.9411773073913,3.865381909642474,12.522474900977533,14.9411773073913
821,587188.3585445131,517558.0673131988,N,11.976906948505462,13.75135947124369,3.7082825500821386,11.976906948505462,13.75135947124369
822,587188.6466012353,517558.0673131988,N,11.356189779461555,12.428853515586693,3.525457915730479,11.356189779461555,12.428853515586693
823,587188.9346579574,517558.0673131988,N,10.67142338127681,10.705945800985143,3.2719941627370215,10.67142338127681,10.705945800985143
824,587189.2227146797,517558.0673131988,N,9.94307201947409,8.38504665290423,2.895694502689161,9.94307201947409,8.38504665290423
825,587189.5107714018,517558.0673131988,N,9.232631457165136,5.598797439158282,2.366177812244524,9.232631457165136,5.598797439158282
826,587189.798828124,517558.0673131988,N,8.851130922779758,4.227995787326676,2.0562090816175957,8.851130922779758,4.227995787326676
827,587190.0868848461,517558.0673131988,N,9.155317235615794,6.616022731769882,2.5721630453316684,9.155317235615794,6.616022731769882
828,587190.3749415682,517558.0673131988,N,9.668330073370445,9.66605050334264,3.109027259987059,9.668330073370445,9.66605050334264
829,587190.6629982904,517558.0673131988,N,10.186808008440579,12.159974331588916,3.487115474369743,10.186808008440579,12.159974331588916
830,587190.9510550125,517558.0673131988,N,10.675798269364606,14.020422753829301,3.7443854974921185,10.675798269364606,14.020422753829301
831,587191.2391117347,517558.0673131988,N,11.127583693752586,15.354075109642187,3.9184276323089327,11.127583693752586,15.354075109642187
832,587191.5271684568,517558.0673131988,N,11.540891271954443,16.298767054360308,4.037173151396941,11.540891271954443,16.298767054360308
833,587191.815225179,517558.0673131988,N,11.91712445184172,16.9780992531111,4.120448914027585,11.91712445184172,16.9780992531111
834,587192.1032819011,517558.0673131988,N,12.259709858549513,17.47757995611506,4.180619566058967,12.259709858549513,17.47757995611506
835,587192.3913386234,517558.0673131988,N,12.574043744161104,17.836451741935626,4.2233223582785655,12.574043744161104,17.836451741935626
836,587192.6793953455,517558.0673131988,N,12.867412558560893,18.05605368587094,4.2492415424250645,12.867412558560893,18.05605368587094
837,587192.9674520676,517558.0673131988,N,13.148823080791157,18.11879697444684,4.256618020735105,13.148823080791157,18.11879697444684
838,587193.2555087898,517558.0673131988,N,13.428847221265997,18.008525233067317,4.243645276536119,13.428847221265997,18.008525233067317
839,587193.5435655119,517558.0673131988,N,13.719528712904738,17.726062396095763,4.210233057218539,13.719528712904738,17.726062396095763
840,587193.8316222341,517558.0673131988,N,14.034232771660085,17.297063051968234,4.158973797942016,14.034232771660085,17.297063051968234
841,587194.1196789562,517558.0673131988,N,14.387111882425634,16.768673762819322,4.094957113672782,14.387111882425634,16.768673762819322
842,587194.4077356784,517558.0673131988,N,14.791740557899447,16.189628776871835,4.023633777678063,14.791740557899447,16.189628776871835
843,587194.6957924005,517558.0673131988,N,15.258822884464953,15.573688436524698,3.9463512814401986,15.258822884464953,15.573688436524698
844,587194.9838491228,517558.0673131988,N,15.793925189008215,14.863176266036303,3.8552790127351746,15.793925189008215,14.863176266036303
845,587195.2719058449,517558.0673131988,N,16.39689460284436,13.920007565139356,3.7309526350704796,16.39689460284436,13.920007565139356
846,587195.5599625671,517558.0673131988,N,17.06347778671348,12.551981283390045,3.542877542816015,17.06347778671348,12.551981283390045
847,587195.8480192892,517558.0673131988,N,17.78764100100162,10.552663929356997,3.248486405906141,17.78764100100162,10.552663929356997
848,587196.1360760113,517558.0673131988,N,18.562070342075938,7.736973572076358,2.7815415819427107,18.562070342075938,7.736973572076358
849,587196.4241327335,517558.0673131988,N,19.36658653403436,4.041134849668648,2.0102574088082967,19.36658653403436,4.041134849668648
850,587196.7121894556,517558.0673131988,N,19.804609668088656,2.2897581600288333,1.5131946867567416,19.804609668088656,2.2897581600288333
851,587197.0002461778,517558.0673131988,N,19.377655606213334,6.259127722551723,2.5018248784740553,19.377655606213334,6.259127722551723
852,587197.2883028999,517558.0673131988,N,18.916278604106413,9.77016247727801,3.125725912052752,18.916278604106413,9.77016247727801
853,587197.5763596221,517558.0673131988,N,18.48167655041663,12.490402729742675,3.5341763863370876,18.48167655041663,12.490402729742675
854,587197.8644163442,517558.0673131988,N,18.073885946246484,14.559896529263893,3.815743247293231,18.073885946246484,14.559896529263893
855,587198.1524730665,517558.0673131988,N,17.688899988642063,16.158699514482848,4.0197884912620525,17.688899988642063,16.158699514482848
856,587198.4405297886,517558.0673131988,N,17.32301371974035,17.467432875291333,4.179405804093608,17.32301371974035,17.467432875291333
857,587198.7285865108,517558.0673131988,N,16.974496513978114,18.63977692235636,4.31738079422656,16.974496513978114,18.63977692235636
858,587199.0166432329,517558.0673131988,N,16.644591175849904,19.77825178221655,4.447274646591612,16.644591175849904,19.77825178221655
859,587199.304699955,517558.0673131988,N,16.337541282320725,20.926196083039645,4.574515939751401,16.337541282320725,20.926196083039645
860,587199.5927566772,517558.0673131988,N,16.059576121112595,22.08094262465692,4.699036350642216,16.059576121112595,22.08094262465692
861,587199.8808133993,517558.0673131988,N,15.817395892261267,23.21775790939465,4.8184808715397685,15.817395892261267,23.21775790939465
862,587200.1688701215,517558.0673131988,N,15.61681122147656,24.310190448045088,4.930536527401971,15.61681122147656,24.310190448045088
863,587200.4569268436,517558.0673131988,N,15.461843064463036,25.34038376624844,5.033923297612752,15.461843064463036,25.34038376624844
864,587200.7449835659,517558.0673131988,N,15.354274973901692,26.300896259393465,5.128439944017426,15.354274973901692,26.300896259393465
865,587201.033040288,517558.0673131988,N,15.293554664671134,27.192182318168186,5.21461238426867,15.293554664671134,27.192182318168186
866,587201.3210970102,517558.0673131988,N,15.276959673440938,28.019032078031042,5.293300678974418,15.276959673440938,28.019032078031042
867,587186.6302041803,517558.35536992096,N,14.039020434255908,24.033617534720502,4.902409360173883,14.039020434255908,24.033617534720502
868,587186.9182609024,517558.35536992096,N,13.77796120231308,22.49597058692673,4.742991733803331,13.77796120231308,22.49597058692673
869,587187.2063176245,517558.35536992096,N,13.47482756658525,20.956329352582348,4.577808356908615,13.47482756658525,20.956329352582348
870,587187.4943743467,517558.35536992096,N,13.120531222430703,19.457579623233432,4.411074656275207,13.120531222430703,19.457579623233432
871,587187.7824310688,517558.35536992096,N,12.705791588889264,18.02193763703068,4.24522527518042,12.705791588889264,18.02193763703068
872,587188.070487791,517558.35536992096,N,12.222941147823573,16.619471820472068,4.0766986423418725,12.222941147823573,16.619471820472068
873,587188.3585445131,517558.35536992096,N,11.667732532025726,15.143166954565269,3.8914222277420976,11.667732532025726,15.143166954565269
874,587188.6466012353,517558.35536992096,N,11.039882595879178,13.411003746643374,3.662103732370695,11.039882595879178,13.411003746643374
875,587188.9346579574,517558.35536992096,N,10.341930477101243,11.196106777597766,3.3460583942301074,10.341930477101243,11.196106777597766
876,587189.2227146797,517558.35536992096,N,9.577514300165117,8.263968028671602,2.8747118166299037,9.577514300165117,8.263968028671602
877,587189.5107714018,517558.35536992096,N,8.752018470595761,4.408060647385626,2.0995381986012127,8.752018470595761,4.408060647385626
878,587189.798828124,517558.35536992096,N,8.113317667544564,1.090823094679782,1.044424767362294,8.113317667544564,1.090823094679782
879,587190.0868848461,517558.35536992096,N,8.729132784325499,5.423988359689485,2.3289457614314433,8.729132784325499,5.423988359689485
880,587190.3749415682,517558.35536992096,N,9.334229243915033,8.923924359500427,2.9872938187430487,9.334229243915033,8.923924359500427
881,587190.6629982904,517558.35536992096,N,9.888209904687633,11.475809661073042,3.387596443065945,9.888209904687633,11.475809661073042
882,587190.9510550125,517558.35536992096,N,10.392880979524111,13.264320353040711,3.6420214652086704,10.392880979524111,13.264320353040711
883,587191.2391117347,517558.35536992096,N,10.850765789424429,14.49168773617367,3.806794942753506,10.850765789424429,14.49168773617367
884,587191.5271684568,517558.35536992096,N,11.264545934532848,15.357850285634171,3.9189093234768997,11.264545934532848,15.357850285634171
885,587191.815225179,517558.35536992096,N,11.637779928616215,16.03140314593546,4.003923469040768,11.637779928616215,16.03140314593546
886,587192.1032819011,517558.35536992096,N,11.975754238651422,16.617830531162866,4.076497336091717,11.975754238651422,16.617830531162866
887,587192.3913386234,517558.35536992096,N,12.285903701540738,17.148029962045594,4.141017986201653,12.285903701540738,17.148029962045594
888,587192.6793953455,517558.35536992096,N,12.577593985724267,17.597772189713737,4.194969867557303,12.577593985724267,17.597772189713737
889,587192.9674520676,517558.35536992096,N,12.861553379478305,17.922862773255794,4.233540217507777,12.861553379478305,17.922862773255794
890,587193.2555087898,517558.35536992096,N,13.149342040516405,18.088004848779537,4.252999511965589,13.149342040516405,18.088004848779537
891,587193.5435655119,517558.35536992096,N,13.452973442744291,18.08029447021974,4.252092951737972,13.452973442744291,18.08029447021974
892,587193.8316222341,517558.35536992096,N,13.784548398579352,17.90924382079503,4.231931452752399,13.784548398579352,17.90924382079503
893,587194.1196789562,517558.35536992096,N,14.15567626244069,17.59677043237287,4.194850466032475,14.15567626244069,17.59677043237287
894,587194.4077356784,517558.35536992096,N,14.576526857013047,17.15905120846292,4.1423485136408935,14.576526857013047,17.15905120846292
895,587194.6957924005,517558.35536992096,N,15.054616189682053,16.583925429320118,4.072336605601276,15.054616189682053,16.583925429320118
896,587194.9838491228,517558.35536992096,N,15.593807500213568,15.812701974953319,3.9765188261786615,15.593807500213568,15.812701974953319
897,587195.2719058449,517558.35536992096,N,16.194104790892403,14.736741628691243,3.8388463929533887,16.194104790892403,14.736741628691243
898,587195.5599625671,517558.35536992096,N,16.85225207881329,13.21179620360545,3.6348034614825395,16.85225207881329,13.21179620360545
899,587195.8480192892,517558.35536992096,N,17.562075899771042,11.085395490891475,3.329473755849635,17.562075899771042,11.085395490891475
900,587196.1360760113,517558.35536992096,N,18.31107882467549,8.247384773535908,2.871826034692197,18.31107882467549,8.247384773535908
901,587196.4241327335,517558.35536992096,N,19.04992914020469,4.873015586447777,2.2074907896631815,19.04992914020469,4.873015586447777
902,587196.7121894556,517558.35536992096,N,19.41316106129035,3.5480024697151347,1.8836142040543054,19.41316106129035,3.5480024697151347
903,587197.0002461778,517558.35536992096,N,19.099594298802597,6.485671110278119,2.5466980799219447,19.099594298802597,6.485671110278119
904,587197.2883028999,517558.35536992096,N,18.671632394613145,9.52307914588453,3.0859486622243946,18.671632394613145,9.52307914588453
905,587197.5763596221,517558.35536992096,N,18.25138726040652,11.868347883508639,3.4450468623095154,18.25138726040652,11.868347883508639
906,587197.8644163442,517558.35536992096,N,17.850758096887866,13.581303263678555,3.685281978855696,17.850758096887866,13.581303263678555
907,587198.1524730665,517558.35536992096,N,17.467624381635474,14.850356208816104,3.853615991353589,17.467624381635474,14.850356208816104
908,587198.4405297886,517558.35536992096,N,17.097612347841093,15.89622370916664,3.9870068609379943,17.097612347841093,15.89622370916664
909,587198.7285865108,517558.35536992096,N,16.73823554906513,16.914135510968535,4.112679845425429,16.73823554906513,16.914135510968535
910,587199.0166432329,517558.35536992096,N,16.391478379725967,18.0200685929858,4.245005134624198,16.391478379725967,18.0200685929858
911,587199.304699955,517558.35536992096,N,16.064214550446014,19.23305859056508,4.385551115944845,16.064214550446014,19.23305859056508
912,587199.5927566772,517558.35536992096,N,15.766292686410948,20.506224873891956,4.528379939215785,15.766292686410948,20.506224873891956
913,587199.8808133993,517558.35536992096,N,15.5078321780143,21.775157765991665,4.666385942674659,15.5078321780143,21.775157765991665
914,587200.1688701215,517558.35536992096,N,15.297201226761256,22.989946315929227,4.794783239723067,15.297201226761256,22.989946315929227
915,587200.4569268436,517558.35536992096,N,15.139969522547291,24.12436839661308,4.911656380144389,15.139969522547291,24.12436839661308
916,587200.7449835659,517558.35536992096,N,15.038522953087378,25.17175676310787,5.017146276829874,15.038522953087378,25.17175676310787
917,587201.033040288,517558.35536992096,N,14.992074639333804,26.13699817853269,5.112435640527193,14.992074639333804,26.13699817853269
918,587201.3210970102,517558.35536992096,N,14.996969820307712,27.029552552798116,5.1989953407171,14.996969820307712,27.029552552798116
919,587201.6091537323,517558.35536992096,N,15.04723615539008,27.859023564692933,5.278164791354371,15.04723615539008,27.859023564692933
920,587186.9182609024,517558.6434266431,N,13.611003890767696,23.799806119121268,4.878504496166962,13.611003890767696,23.799806119121268
921,587187.2063176245,517558.6434266431,N,13.291777986368752,22.411406764789238,4.7340687325797495,13.291777986368752,22.411406764789238
922,587187.4943743467,517558.6434266431,N,12.924674942795255,21.01920075881688,4.584670190844362,12.924674942795255,21.01920075881688
923,587187.7824310688,517558.6434266431,N,12.503282048683502,19.617165045529976,4.429126894268212,12.503282048683502,19.617165045529976
924,587188.070487791,517558.6434266431,N,12.022811739385185,18.162407086064025,4.261737566540674,12.022811739385185,18.162407086064025
925,587188.3585445131,517558.6434266431,N,11.481396974512146,16.566639244437738,4.07021366078462,11.481396974512146,16.566639244437738
926,587188.6466012353,517558.6434266431,N,10.881328720843488,14.70494680473383,3.834702961734302,10.881328720843488,14.70494680473383
927,587188.9346579574,517558.6434266431,N,10.231285300335347,12.449699698145782,3.528413198329496,10.231285300335347,12.449699698145782
928,587189.2227146797,517558.6434266431,N,9.554821200041822,9.75443593899772,3.1232092371465794,9.554821200041822,9.75443593899772
929,587189.5107714018,517558.6434266431,N,8.92947873682483,6.941841540479303,2.6347374708838265,8.92947873682483,6.941841540479303
930,587189.798828124,517558.6434266431,N,8.618610586048923,5.618053975206081,2.3702434421818532,8.618610586048923,5.618053975206081
931,587190.0868848461,517558.6434266431,N,8.842890043757993,7.15474599899993,2.6748356957016872,8.842890043757993,7.15474599899993
932,587190.3749415682,517558.6434266431,N,9.295739031163176,9.479614909219226,3.0788983271974453,9.295739031163176,9.479614909219226
933,587190.6629982904,517558.6434266431,N,9.780007445206657,11.383029067608643,3.373874489012394,9.780007445206657,11.383029067608643
934,587190.9510550125,517558.6434266431,N,10.244367774010612,12.69885080091308,3.5635446960734307,10.244367774010612,12.69885080091308
935,587191.2391117347,517558.6434266431,N,10.674278884588333,13.551939054783649,3.681295839074014,10.674278884588333,13.551939054783649
936,587191.5271684568,517558.6434266431,N,11.065274133759308,14.158125633701863,3.7627284825910388,11.065274133759308,14.158125633701863
937,587191.815225179,517558.6434266431,N,11.417492529780006,14.727618307294337,3.8376579195251805,11.417492529780006,14.727618307294337
938,587192.1032819011,517558.6434266431,N,11.735182187543721,15.379656380204521,3.92169050030781,11.735182187543721,15.379656380204521
939,587192.3913386234,517558.6434266431,N,12.02656778307501,16.108950324048713,4.013595685174169,12.02656778307501,16.108950324048713
940,587192.6793953455,517558.6434266431,N,12.302648519916016,16.829791902123837,4.102412936568409,12.302648519916016,16.829791902123837
941,587192.9674520676,517558.6434266431,N,12.575599294315195,17.446513597970622,4.176902392679367,12.575599294315195,17.446513597970622
942,587193.2555087898,517558.6434266431,N,12.857658623450664,17.89514871907965,4.230265797686908,12.857658623450664,17.89514871907965
943,587193.5435655119,517558.6434266431,N,13.160530059668087,18.150300218114104,4.260316915220522,13.160530059668087,18.150300218114104
944,587193.8316222341,517558.6434266431,N,13.494944128045065,18.213952243276793,4.267780716400129,13.494944128045065,18.213952243276793
945,587194.1196789562,517558.6434266431,N,13.870138970810775,18.098587762560253,4.254243500619147,13.870138970810775,18.098587762560253
946,587194.4077356784,517558.6434266431,N,14.29320468941468,17.809783681079654,4.220163940071482,14.29320468941468,17.809783681079654
947,587194.6957924005,517558.6434266431,N,14.768379431347089,17.331379707904635,4.163097369496015,14.768379431347089,17.331379707904635
948,587194.9838491228,517558.6434266431,N,15.296450154837604,16.617378086930398,4.076441841475283,15.296450154837604,16.617378086930398
949,587195.2719058449,517558.6434266431,N,15.874260590515616,15.59528814566336,3.949087001531286,15.874260590515616,15.59528814566336
950,587195.5599625671,517558.6434266431,N,16.49375813464072,14.185040953491129,3.7663033538857604,16.49375813464072,14.185040953491129
951,587195.8480192892,517558.6434266431,N,17.138620233116537,12.342303388507197,3.5131614520979815,17.138620233116537,12.342303388507197
952,587196.1360760113,517558.6434266431,N,17.772655911046183,10.162677168019579,3.1878954135949282,17.772655911046183,10.162677168019579
953,587196.4241327335,517558.6434266431,N,18.30570317892554,8.151910788564502,2.8551551251314704,18.30570317892554,8.151910788564502
954,587196.7121894556,517558.6434266431,N,18.562132409778826,7.481913158218159,2.735308603835801,18.562132409778826,7.481913158218159
955,587197.0002461778,517558.6434266431,N,18.472939489499474,8.589763411163055,2.9308298161379236,18.472939489499474,8.589763411163055
956,587197.2883028999,517558.6434266431,N,18.1975781251581,10.30036619894743,3.2094183583552067,18.1975781251581,10.30036619894743
957,587197.5763596221,517558.6434266431,N,17.862027841740574,11.767706380059831,3.430409068909979,17.862027841740574,11.767706380059831
958,587197.8644163442,517558.6434266431,N,17.512271775619666,12.795355493498999,3.5770596155919736,17.512271775619666,12.795355493498999
959,587198.1524730665,517558.6434266431,N,17.16013562445088,13.493385445339152,3.673334377012138,17.16013562445088,13.493385445339152
960,587198.4405297886,517558.6434266431,N,16.805164411810804,14.108827113283802,3.756171869508077,16.805164411810804,14.108827113283802
961,587198.7285865108,517558.6434266431,N,16.44548420518407,14.896524716162892,3.8596016266141886,16.44548420518407,14.896524716162892
962,587199.0166432329,517558.6434266431,N,16.085346126454677,15.98384550734291,3.997980178457981,16.085346126454677,15.98384550734291
963,587199.304699955,517558.6434266431,N,15.737118576681251,17.324996441383615,4.162330650174685,15.737118576681251,17.324996441383615
964,587199.5927566772,517558.6434266431,N,15.417206872013457,18.782606959544687,4.3338905107933545,15.417206872013457,18.782606959544687
965,587199.8808133993,517558.6434266431,N,15.14103115791515,20.229019087026355,4.497668183295246,15.14103115791515,20.229019087026355
966,587200.1688701215,517558.6434266431,N,14.92041986492124,21.588606095781955,4.646354064832119,14.92041986492124,21.588606095781955
967,587200.4569268436,517558.6434266431,N,14.762858083688727,22.833836182137357,4.778476345252465,14.762858083688727,22.833836182137357
968,587200.7449835659,517558.6434266431,N,14.67140664526804,23.96694680446722,4.895604845620939,14.67140664526804,23.96694680446722
969,587201.033040288,517558.6434266431,N,14.644879013252847,25.003203631947837,5.000320352932183,14.644879013252847,25.003203631947837
970,587201.3210970102,517558.6434266431,N,14.67830539320895,25.95995053677801,5.095090827137237,14.67830539320895,25.95995053677801
971,587201.6091537323,517558.6434266431,N,14.763730575815263,26.851205572962183,5.181814891807906,14.763730575815263,26.851205572962183
972,587201.8972104545,517558.6434266431,N,14.89125729297808,27.686241982472577,5.2617717531714145,14.89125729297808,27.686241982472577
973,587187.2063176245,517558.93148336525,N,13.158947896184205,23.738527637344724,4.872219990655669,13.158947896184205,23.738527637344724
974,587187.4943743467,517558.93148336525,N,12.79120956458101,22.43689653093604,4.736760130187726,12.79120956458101,22.43689653093604
975,587187.7824310688,517558.93148336525,N,12.377054050072811,21.086938963866384,4.592051716157647,12.377054050072811,21.086938963866384
976,587188.070487791,517558.93148336525,N,11.914881736406048,19.65124090691009,4.432972017384058,11.914881736406048,19.65124090691009
977,587188.3585445131,517558.93148336525,N,11.4066528744291,18.071633961785885,4.251074447923241,11.4066528744291,18.071633961785885
978,587188.6466012353,517558.93148336525,N,10.860196415382493,16.285632433905082,4.035546113465324,10.860196415382493,16.285632433905082
979,587188.9346579574,517558.93148336525,N,10.29388294960057,14.268604626335506,3.7773806567958577,10.29388294960057,14.268604626335506
980,587189.2227146797,517558.93148336525,N,9.747536369717231,12.12367668555344,3.4819070472305027,9.747536369717231,12.12367668555344
981,587189.5107714018,517558.93148336525,N,9.303725280228267,10.24246953053197,3.2003858408841848,9.303725280228267,10.24246953053197
982,587189.798828124,517558.93148336525,N,9.090814595815461,9.340161446201943,3.0561677712785897,9.090814595815461,9.340161446201943
983,587190.0868848461,517558.93148336525,N,9.171869567556723,9.724352561313113,3.1183894178426645,9.171869567556723,9.724352561313113
984,587190.3749415682,517558.93148336525,N,9.455430803347868,10.739017375080405,3.2770439995643033,9.455430803347868,10.739017375080405
985,587190.6629982904,517558.93148336525,N,9.824420761059331,11.662202770022276,3.414996745243292,9.824420761059331,11.662202770022276
986,587190.9510550125,517558.93148336525,N,10.212742461185613,12.21098591016503,3.4944221139073957,10.212742461185613,12.21098591016503
987,587191.2391117347,517558.93148336525,N,10.589192802476326,12.434985532133123,3.5263274850945314,10.589192802476326,12.434985532133123
988,587191.5271684568,517558.93148336525,N,10.938317136107422,12.581838828422084,3.547088782145449,10.938317136107422,12.581838828422084
989,587191.815225179,517558.93148336525,N,11.253111760872077,12.950481524703042,3.5986777467151794,11.253111760872077,12.950481524703042
990,587192.1032819011,517558.93148336525,N,11.534620263692165,13.687942116309253,3.6997218971578465,11.534620263692165,13.687942116309253
991,587192.3913386234,517558.93148336525,N,11.791657784700995,14.697585204571851,3.8337429758099133,11.791657784700995,14.697585204571851
992,587192.6793953455,517558.93148336525,N,12.037334639901609,15.765532692765742,3.970583419696121,12.037334639901609,15.765532692765742
993,587192.9674520676,517558.93148336525,N,12.285400267972015,16.71514727792652,4.088416231002724,12.285400267972015,16.71514727792652
994,587193.2555087898,517558.93148336525,N,12.54859545824134,17.454984520074756,4.177916289261281,12.54859545824134,17.454984520074756
995,587193.5435655119,517558.93148336525,N,12.838136866652098,17.95990612674619,4.237912944687065,12.838136866652098,17.95990612674619
996,587193.8316222341,517558.93148336525,N,13.163340058681712,18.239376035256264,4.270758250622044,13.163340058681712,18.239376035256264
997,587194.1196789562,517558.93148336525,N,13.531133317003395,18.311590763386626,4.27920445449696,13.531133317003395,18.311590763386626
998,587194.4077356784,517558.93148336525,N,13.945543151492046,18.185906411267947,4.264493687563384,13.945543151492046,18.185906411267947
999,587194.6957924005,517558.93148336525,N,14.407242021188306,17.853295272830255,4.2253159968019265,14.407242021188306,17.853295272830255
1000,587194.9838491228,517558.93148336525,N,14.913117342220735,17.28540385388952,4.1575718699608215,14.913117342220735,17.28540385388952
1001,587195.2719058449,517558.93148336525,N,15.455580096232122,16.443889972033194,4.05510665359534,15.455580096232122,16.443889972033194
1002,587195.5599625671,517558.93148336525,N,16.020916366431365,15.303194746735226,3.9119297982882086,16.020916366431365,15.303194746735226
1003,587195.8480192892,517558.93148336525,N,16.585331250911757,13.89339153629308,3.7273840070876894,16.585331250911757,13.89339153629308
1004,587196.1360760113,517558.93148336525,N,17.10701951884098,12.372436920778133,3.5174475007849275,17.10701951884098,12.372436920778133
1005,587196.4241327335,517558.93148336525,N,17.517510131504462,11.10287242688604,3.332097301533381,17.517510131504462,11.10287242688604
1006,587196.7121894556,517558.93148336525,N,17.73783283243256,10.545359638794427,3.2473619506908107,17.73783283243256,10.545359638794427
1007,587197.0002461778,517558.93148336525,N,17.744127736125726,10.791679947537986,3.285069245470784,17.744127736125726,10.791679947537986
1008,587197.2883028999,517558.93148336525,N,17.592994771120587,11.400673968327089,3.376488407847284,17.592994771120587,11.400673968327089
1009,587197.5763596221,517558.93148336525,N,17.356570636278363,11.887758607315833,3.4478629043678395,17.356570636278363,11.887758607315833
1010,587197.8644163442,517558.93148336525,N,17.07952429590475,12.04435226016095,3.4704974081766653,17.07952429590475,12.04435226016095
1011,587198.1524730665,517558.93148336525,N,16.779390790135338,11.955846031495797,3.4577226654975957,16.779390790135338,11.955846031495797
1012,587198.4405297886,517558.93148336525,N,16.455997044702592,11.953004740698944,3.4573117795042645,16.455997044702592,11.953004740698944
1013,587198.7285865108,517558.93148336525,N,16.10391124430877,12.447264601713217,3.5280681118302146,16.10391124430877,12.447264601713217
1014,587199.0166432329,517558.93148336525,N,15.729220532756205,13.600199410622237,3.6878448192165347,15.729220532756205,13.600199410622237
1015,587199.304699955,517558.93148336525,N,15.354661798524607,15.205802998634555,3.899461885777902,15.354661798524607,15.205802998634555
1016,587199.5927566772,517558.93148336525,N,15.007744496193515,16.94978192106546,4.117011285030132,15.007744496193515,16.94978192106546
1017,587199.8808133993,517558.93148336525,N,14.710952209434993,18.622095235999968,4.3153325753642635,14.710952209434993,18.622095235999968
1018,587200.1688701215,517558.93148336525,N,14.479938030998488,20.136553973118534,4.487377181953678,14.479938030998488,20.136553973118534
1019,587200.4569268436,517558.93148336525,N,14.324188209732755,21.483767107909514,4.635058479448723,14.324188209732755,21.483767107909514
1020,587200.7449835659,517558.93148336525,N,14.247433566719955,22.68889450425988,4.763286103548671,14.247433566719955,22.68889450425988
1021,587201.033040288,517558.93148336525,N,14.247851339716274,23.785313147356167,4.877018879126486,14.247851339716274,23.785313147356167
1022,587201.3210970102,517558.93148336525,N,14.318607706380092,24.801101736610622,4.98007045498461,14.318607706380092,24.801101736610622
1023,587201.6091537323,517558.93148336525,N,14.44898200412158,25.754445186815776,5.074883760916675,14.44898200412158,25.754445186815776
1024,587201.8972104545,517558.93148336525,N,14.62591155738472,26.654459120028843,5.16279566901779,14.62591155738472,26.654459120028843
1025,587202.1852671766,517558.93148336525,N,14.83559195477756,27.504352343705257,5.244459204122505,14.83559195477756,27.504352343705257
1026,587187.4943743467,517559.21954008745,N,12.714352192920133,23.746818552566978,4.873070751853186,12.714352192920133,23.746818552566978
1027,587187.7824310688,517559.21954008745,N,12.317546573668896,22.471185660034926,4.74037821909127,12.317546573668896,22.471185660034926
1028,587188.070487791,517559.21954008745,N,11.88428591965657,21.107447854779856,4.594284259248643,11.88428591965657,21.107447854779856
1029,587188.3585445131,517559.21954008745,N,11.420013156086096,19.625832375678673,4.430105233025359,11.420013156086096,19.625832375678673
1030,587188.6466012353,517559.21954008745,N,10.936726430646964,18.009519765210474,4.243762453909323,10.936726430646964,18.009519765210474
1031,587188.9346579574,517559.21954008745,N,10.456962829675916,16.2879590907671,4.035834373554879,10.456962829675916,16.2879590907671
1032,587189.2227146797,517559.21954008745,N,10.019530376364784,14.585457104402247,3.819091135912083,10.019530376364784,14.585457104402247
1033,587189.5107714018,517559.21954008745,N,9.682772659512384,13.153564940478098,3.626784380202123,9.682772659512384,13.153564940478098
1034,587189.798828124,517559.21954008745,N,9.509685346730613,12.280238150118223,3.5043170732852102,9.509685346730613,12.280238150118223
1035,587190.0868848461,517559.21954008745,N,9.525554874585346,12.019791903194553,3.4669571533543,9.525554874585346,12.019791903194553
1036,587190.3749415682,517559.21954008745,N,9.695458107568427,12.071009499032913,3.4743358356717495,9.695458107568427,12.071009499032913
1037,587190.6629982904,517559.21954008745,N,9.95820561715179,12.034351848583434,3.469056334016995,9.95820561715179,12.034351848583434
1038,587190.9510550125,517559.21954008745,N,10.26277765692086,11.68034803490781,3.4176524157538037,10.26277765692086,11.68034803490781
1039,587191.2391117347,517559.21954008745,N,10.575253543881718,11.048752736635151,3.3239664162917095,10.575253543881718,11.048752736635151
1040,587191.5271684568,517559.21954008745,N,10.872416734562716,10.488808674734349,3.238643029840484,10.872416734562716,10.488808674734349
1041,587191.815225179,517559.21954008745,N,11.137948284103613,10.55023413073202,3.2481123950276136,11.137948284103613,10.55023413073202
1042,587192.1032819011,517559.21954008745,N,11.368098355731012,11.483428638928538,3.38872079683891,11.368098355731012,11.483428638928538
1043,587192.3913386234,517559.21954008745,N,11.574695035339367,12.950642169524963,3.5987000666247475,11.574695035339367,12.950642169524963
1044,587192.6793953455,517559.21954008745,N,11.775160423707959,14.479003291626793,3.8051285512616775,11.775160423707959,14.479003291626793
1045,587192.9674520676,517559.21954008745,N,11.985082414793148,15.797650608290086,3.9746258450689527,11.985082414793148,15.797650608290086
1046,587193.2555087898,517559.21954008745,N,12.217403548598302,16.8176395365157,4.100931544968253,12.217403548598302,16.8176395365157
1047,587193.5435655119,517559.21954008745,N,12.482739016568349,17.542853822329125,4.188419012268128,12.482739016568349,17.542853822329125
1048,587193.8316222341,517559.21954008745,N,12.789072374246201,18.010233667270022,4.24384656500091,12.789072374246201,18.010233667270022
1049,587194.1196789562,517559.21954008745,N,13.141119442938361,18.25677345350123,4.272794571881643,13.141119442938361,18.25677345350123
1050,587194.4077356784,517559.21954008745,N,13.539810263803023,18.303392208372127,4.278246394069903,13.539810263803023,18.303392208372127
1051,587194.6957924005,517559.21954008745,N,13.982059885218053,18.150718358012156,4.260365988739953,13.982059885218053,18.150718358012156
1052,587194.9838491228,517559.21954008745,N,14.460663802359147,17.784296388110395,4.2171431548040195,14.460663802359147,17.784296388110395
1053,587195.2719058449,517559.21954008745,N,14.963910151094828,17.18785053713029,4.145823264097288,14.963910151094828,17.18785053713029
1054,587195.5599625671,517559.21954008745,N,15.474409050620404,16.364339946779946,4.04528613904875,15.474409050620404,16.364339946779946
1055,587195.8480192892,517559.21954008745,N,15.966830159406168,15.364431359483365,3.91974888985039,15.966830159406168,15.364431359483365
1056,587196.1360760113,517559.21954008745,N,16.40539517000146,14.314938584655204,3.783508766298184,16.40539517000146,14.314938584655204
1057,587196.4241327335,517559.21954008745,N,16.745518880096505,13.414898817676425,3.66263550161307,16.745518880096505,13.414898817676425
1058,587196.7121894556,517559.21954008745,N,16.94776982065621,12.840644281864193,3.583384473073493,16.94776982065621,12.840644281864193
1059,587197.0002461778,517559.21954008745,N,17.0015221903093,12.58254392280214,3.5471881713269933,17.0015221903093,12.58254392280214
1060,587197.2883028999,517559.21954008745,N,16.931863071523676,12.408098639397233,3.522513114155465,16.931863071523676,12.408098639397233
1061,587197.5763596221,517559.21954008745,N,16.779156425672795,12.02374141439392,3.4675266998819088,16.779156425672795,12.02374141439392
1062,587197.8644163442,517559.21954008745,N,16.57677367418694,11.255193456171302,3.3548760716561947,16.57677367418694,11.255193456171302
1063,587198.1524730665,517559.21954008745,N,16.340777622820735,10.177913096511533,3.1902841717488952,16.340777622820735,10.177913096511533
1064,587198.4405297886,517559.21954008745,N,16.064691547074066,9.277979601866592,3.045977610204414,16.064691547074066,9.277979601866592
1065,587198.7285865108,517559.21954008745,N,15.725397833070138,9.408179471058276,3.067275577945072,15.725397833070138,9.408179471058276
1066,587199.0166432329,517559.21954008745,N,15.3261518316735,10.862490198302613,3.2958292125507067,15.3261518316735,10.862490198302613
1067,587199.304699955,517559.21954008745,N,14.913106494098447,12.978087057246599,3.602511215422736,14.913106494098447,12.978087057246599
1068,587199.5927566772,517559.21954008745,N,14.531537601858835,15.122703707550913,3.8887920627813095,14.531537601858835,15.122703707550913
1069,587199.8808133993,517559.21954008745,N,14.210534970091253,17.03797721939997,4.127708470737725,14.210534970091253,17.03797721939997
1070,587200.1688701215,517559.21954008745,N,13.96863015161804,18.68003728879917,4.322040870792312,13.96863015161804,18.68003728879917
1071,587200.4569268436,517559.21954008745,N,13.817230880414687,20.090782431000918,4.482274247633774,13.817230880414687,20.090782431000918
1072,587200.7449835659,517559.21954008745,N,13.760929832576924,21.33519355354731,4.61900352387258,13.760929832576924,21.33519355354731
1073,587201.033040288,517559.21954008745,N,13.797096033646522,22.47141357844901,4.7404022591388815,13.797096033646522,22.47141357844901
1074,587201.3210970102,517559.21954008745,N,13.916272474578495,23.538498176103843,4.851649016170053,13.916272474578495,23.538498176103843
1075,587201.6091537323,517559.21954008745,N,14.103806617100142,24.55557798215885,4.955358511970537,14.103806617100142,24.55557798215885
1076,587201.8972104545,517559.21954008745,N,14.342255419157766,25.52742252157616,5.052466973823398,14.342255419157766,25.52742252157616
1077,587202.1852671766,517559.21954008745,N,14.613778177248392,26.451643843644607,5.143116160815795,14.613778177248392,26.451643843644607
1078,587202.4733238987,517559.21954008745,N,14.901946095015438,27.324350676979908,5.227269906651072,14.901946095015438,27.324350676979908
1079,587202.7613806209,517559.21954008745,N,15.19279802717383,28.143193969204575,5.305015925443068,15.19279802717383,28.143193969204575
1080,587187.7824310688,517559.5075968096,N,12.312441782489481,23.782261054936292,4.876705963551246,12.312441782489481,23.782261054936292
1081,587188.070487791,517559.5075968096,N,11.913117959544499,22.518590957089742,4.745375744563305,11.913117959544499,22.518590957089742
1082,587188.3585445131,517559.5075968096,N,11.495375111098209,21.166908533488765,4.600750866270501,11.495375111098209,21.166908533488765
1083,587188.6466012353,517559.5075968096,N,11.072633119502687,19.733109067648297,4.442196423803015,11.072633119502687,19.733109067648297
1084,587188.9346579574,517559.5075968096,N,10.66635244845115,18.257940348422867,4.272931119082411,10.66635244845115,18.257940348422867
1085,587189.2227146797,517559.5075968096,N,10.307487726643167,16.832590856894416,4.102754057568454,10.307487726643167,16.832590856894416
1086,587189.5107714018,517559.5075968096,N,10.03397098795994,15.587850487689048,3.94814519587224,10.03397098795994,15.587850487689048
1087,587189.798828124,517559.5075968096,N,9.879663957062292,14.626195175886998,3.8244208941860727,9.879663957062292,14.626195175886998
1088,587190.0868848461,517559.5075968096,N,9.85735908290862,13.917767693344343,3.730652448747316,9.85735908290862,13.917767693344343
1089,587190.3749415682,517559.5075968096,N,9.951518539379556,13.268243294685355,3.6425599919130165,9.951518539379556,13.268243294685355
1090,587190.6629982904,517559.5075968096,N,10.129430725835105,12.412529569493646,3.523142002459402,10.129430725835105,12.412529569493646
1091,587190.9510550125,517559.5075968096,N,10.357210988164251,11.14856661503196,3.3389469320478815,10.357210988164251,11.14856661503196
1092,587191.2391117347,517559.5075968096,N,10.606845376100047,9.466925404626878,3.07683691550704,10.606845376100047,9.466925404626878
1093,587191.5271684568,517559.5075968096,N,10.852708330724285,7.801122035848662,2.793048878170352,10.852708330724285,7.801122035848662
1094,587191.815225179,517559.5075968096,N,11.06391893661008,7.358568445680785,2.7126681414579235,11.06391893661008,7.358568445680785
1095,587192.1032819011,517559.5075968096,N,11.226665683539167,8.8229184504831,2.9703397870417283,11.226665683539167,8.8229184504831
1096,587192.3913386234,517559.5075968096,N,11.366197206714338,11.06146757181256,3.325878466181914,11.366197206714338,11.06146757181256
1097,587192.6793953455,517559.5075968096,N,11.508070472481661,13.148076609430873,3.626027662529738,11.508070472481661,13.148076609430873
1098,587192.9674520676,517559.5075968096,N,11.668410873961113,14.813513509685043,3.8488327463901366,11.668410873961113,14.813513509685043
1099,587193.2555087898,517559.5075968096,N,11.859617664956962,16.050578326225537,4.006317302239744,11.859617664956962,16.050578326225537
1100,587193.5435655119,517559.5075968096,N,12.091864149311967,16.931330848457662,4.114769841492676,12.091864149311967,16.931330848457662
1101,587193.8316222341,517559.5075968096,N,12.372258706867875,17.53857802224753,4.187908549890689,12.372258706867875,17.53857802224753
1102,587194.1196789562,517559.5075968096,N,12.70359320730607,17.93575878025765,4.235063019632371,12.70359320730607,17.93575878025765
1103,587194.4077356784,517559.5075968096,N,13.083658263365885,18.155754249874583,4.260956964095575,13.083658263365885,18.155754249874583
1104,587194.6957924005,517559.5075968096,N,13.50539159439084,18.203532370532375,4.266559781666299,13.50539159439084,18.203532370532375
1105,587194.9838491228,517559.5075968096,N,13.957481215599193,18.068224377220638,4.250673402794037,13.957481215599193,18.068224377220638
1106,587195.2719058449,517559.5075968096,N,14.42478786654952,17.73972136439039,4.2118548603187165,14.42478786654952,17.73972136439039
1107,587195.5599625671,517559.5075968096,N,14.888184715871208,17.22607767787919,4.150431023144366,14.888184715871208,17.22607767787919
1108,587195.8480192892,517559.5075968096,N,15.324012374082503,16.568270247762307,4.070414014294161,15.324012374082503,16.568270247762307
1109,587196.1360760113,517559.5075968096,N,15.704318856649545,15.844681753068532,3.980537872331895,15.704318856649545,15.844681753068532
1110,587196.4241327335,517559.5075968096,N,16.000186663595628,15.150286020516267,3.892336832869975,16.000186663595628,15.150286020516267
1111,587196.7121894556,517559.5075968096,N,16.18984122591579,14.54018311332474,3.813159203773787,16.18984122591579,14.54018311332474
1112,587197.0002461778,517559.5075968096,N,16.268104226525494,13.964580449395873,3.7369212527688984,16.268104226525494,13.964580449395873
1113,587197.2883028999,517559.5075968096,N,16.248706238141175,13.257251034003044,3.6410508145318494,16.248706238141175,13.257251034003044
1114,587197.5763596221,517559.5075968096,N,16.156646731938533,12.196152862937529,3.4922990798237095,16.156646731938533,12.196152862937529
1115,587197.8644163442,517559.5075968096,N,16.017505417077494,10.59079099355376,3.2543495499951693,16.017505417077494,10.59079099355376
1116,587198.1524730665,517559.5075968096,N,15.84852338948452,8.39438265520636,2.8973061031251706,15.84852338948452,8.39438265520636
1117,587198.4405297886,517559.5075968096,N,15.642144641932878,6.070099606764725,2.4637572134373804,15.642144641932878,6.070099606764725
1118,587198.7285865108,517559.5075968096,N,15.323290399600737,5.644979014881351,2.375916457891849,15.323290399600737,5.644979014881351
1119,587199.0166432329,517559.5075968096,N,14.870249352375836,8.030280573767342,2.8337749687946894,14.870249352375836,8.030280573767342
1120,587199.304699955,517559.5075968096,N,14.40166599658179,10.961920271245086,3.310879078318187,14.40166599658179,10.961920271245086
1121,587199.5927566772,517559.5075968096,N,13.979603761045254,13.51943735103494,3.676878751201206,13.979603761045254,13.51943735103494
1122,587199.8808133993,517559.5075968096,N,13.632298580774151,15.594545743915079,3.94899300378148,13.632298580774151,15.594545743915079
1123,587200.1688701215,517559.5075968096,N,13.379450244679804,17.26756160660023,4.155425562634979,13.379450244679804,17.26756160660023
1124,587200.4569268436,517559.5075968096,N,13.235260637570606,18.660829834203724,4.319818264024972,13.235260637570606,18.660829834203724
1125,587200.7449835659,517559.5075968096,N,13.206309600418969,19.889557972557213,4.459771067281056,13.206309600418969,19.889557972557213
1126,587201.033040288,517559.5075968096,N,13.28929723253333,21.037689729992785,4.5866861381604025,13.28929723253333,21.037689729992785
1127,587201.3210970102,517559.5075968096,N,13.471023423998128,22.149932284124862,4.706371456241513,13.471023423998128,22.149932284124862
1128,587201.6091537323,517559.5075968096,N,13.731052029321727,23.237957889563564,4.820576510082955,13.731052029321727,23.237957889563564
1129,587201.8972104545,517559.5075968096,N,14.04575052230059,24.29425537405443,4.928920305102775,14.04575052230059,24.29425537405443
1130,587202.1852671766,517559.5075968096,N,14.391974776878982,25.305512959970294,5.030458523829641,14.391974776878982,25.305512959970294
1131,587202.4733238987,517559.5075968096,N,14.749457287391728,26.260928362190192,5.124541770947935,14.749457287391728,26.260928362190192
1132,587202.7613806209,517559.5075968096,N,15.10187522178745,27.15519570906938,5.211064738522194,15.10187522178745,27.15519570906938
1133,587203.049437343,517559.5075968096,N,15.437001735532244,27.988088090500508,5.29037693274312,15.437001735532244,27.988088090500508
1134,587188.3585445131,517559.79565353174,N,11.61039953694224,22.641625115773866,4.758321670061185,11.61039953694224,22.641625115773866
1135,587188.6466012353,517559.79565353174,N,11.23997235073802,21.366855921158706,4.622429655620376,11.23997235073802,21.366855921158706
1136,587188.9346579574,517559.79565353174,N,10.89115895232596,20.0708586961351,4.4800511934725815,10.89115895232596,20.0708586961351
1137,587189.2227146797,517559.79565353174,N,10.586877518120335,18.80624403999166,4.336616658178546,10.586877518120335,18.80624403999166
1138,587189.5107714018,517559.79565353174,N,10.351761202527827,17.628655841529294,4.19864928775068,10.351761202527827,17.628655841529294
1139,587189.798828124,517559.79565353174,N,10.205603721834049,16.556839424511292,4.069009636817206,10.205603721834049,16.556839424511292
1140,587190.0868848461,517559.79565353174,N,10.155902177263957,15.528293412116875,3.940595565662236,10.155902177263957,15.528293412116875
1141,587190.3749415682,517559.79565353174,N,10.195082738756856,14.387873973245322,3.793135111388114,10.195082738756856,14.387873973245322
1142,587190.6629982904,517559.79565353174,N,10.30494813361195,12.923344956299927,3.5949054168781585,10.30494813361195,12.923344956299927
1143,587190.9510550125,517559.79565353174,N,10.464298872684122,10.92052097255701,3.304621154165332,10.464298872684122,10.92052097255701
1144,587191.2391117347,517559.79565353174,N,10.654255388040468,8.220289303957916,2.867104690093809,10.654255388040468,8.220289303957916
1145,587191.5271684568,517559.79565353174,N,10.857443763113192,4.903843056578523,2.2144622499782027,10.857443763113192,4.903843056578523
1146,587191.815225179,517559.79565353174,N,11.023042436832696,3.240627395895129,1.8001742682015898,11.023042436832696,3.240627395895129
1147,587192.1032819011,517559.79565353174,N,11.092709333763079,6.285729302221269,2.507135676867383,11.092709333763079,6.285729302221269
1148,587192.3913386234,517559.79565353174,N,11.15203197972998,9.538208113203252,3.088398956288396,11.15203197972998,9.538208113203252
1149,587192.6793953455,517559.79565353174,N,11.227073264723385,12.066492431942812,3.473685712890965,11.227073264723385,12.066492431942812
1150,587192.9674520676,517559.79565353174,N,11.329635223329703,13.910331079365113,3.7296556247682053,11.329635223329703,13.910331079365113
1151,587193.2555087898,517559.79565353174,N,11.471465762359124,15.215477096154713,3.9007021286115546,11.471465762359124,15.215477096154713
1152,587193.5435655119,517559.79565353174,N,11.66354090481548,16.138673694082065,4.017296814287198,11.66354090481548,16.138673694082065
1153,587193.8316222341,517559.79565353174,N,11.91338713536512,16.81354415577526,4.100432191339745,11.91338713536512,16.81354415577526
1154,587194.1196789562,517559.79565353174,N,12.222497260680358,17.32849329059664,4.162750688018277,12.222497260680358,17.32849329059664
1155,587194.4077356784,517559.79565353174,N,12.585308641984916,17.71994298592146,4.209506263912843,12.585308641984916,17.71994298592146
1156,587194.6957924005,517559.79565353174,N,12.990154761590487,17.983790715454976,4.240729974362312,12.990154761590487,17.983790715454976
1157,587194.9838491228,517559.79565353174,N,13.421227455494062,18.097607882785766,4.254128334075709,13.421227455494062,18.097607882785766
1158,587195.2719058449,517559.79565353174,N,13.860243660288216,18.042389495219368,4.247633399343612,13.860243660288216,18.042389495219368
1159,587195.5599625671,517559.79565353174,N,14.287266042571156,17.817228737901566,4.221045929375984,14.287266042571156,17.817228737901566
1160,587195.8480192892,517559.79565353174,N,14.681074379883263,17.44479005768902,4.176696069585267,14.681074379883263,17.44479005768902
1161,587196.1360760113,517559.79565353174,N,15.020089867082984,16.96546366977195,4.118915351129706,15.020089867082984,16.96546366977195
1162,587196.4241327335,517559.79565353174,N,15.284917383575758,16.41699197596265,4.051788737824648,15.284917383575758,16.41699197596265
1163,587196.7121894556,517559.79565353174,N,15.462606852223912,15.801569376836346,3.975118787764253,15.462606852223912,15.801569376836346
1164,587197.0002461778,517559.79565353174,N,15.550697639486708,15.05569791997908,3.8801672541243732,15.550697639486708,15.05569791997908
1165,587197.2883028999,517559.79565353174,N,15.558047465035537,14.044127504609694,3.7475495333096926,15.558047465035537,14.044127504609694
1166,587197.5763596221,517559.79565353174,N,15.501621308824726,12.582047206945433,3.5471181551994335,15.501621308824726,12.582047206945433
1167,587197.8644163442,517559.79565353174,N,15.40166485425886,10.466752681078269,3.2352361090155797,15.40166485425886,10.466752681078269
1168,587198.1524730665,517559.79565353174,N,15.278085946121289,7.499648269201365,2.738548569808716,15.278085946121289,7.499648269201365
1169,587198.4405297886,517559.79565353174,N,15.148560687588962,3.5037850887125477,1.8718400275430984,15.148560687588962,3.5037850887125477
1170,587198.7285865108,517559.79565353174,N,14.880390230275932,1.7713656270553049,1.3309266046838588,14.880390230275932,1.7713656270553049
1171,587199.0166432329,517559.79565353174,N,14.319820308028799,6.2517429377853935,2.50034856325781,14.319820308028799,6.2517429377853935
1172,587199.304699955,517559.79565353174,N,13.800523218065313,9.755218515475367,3.1233345186635657,13.800523218065313,9.755218515475367
1173,587199.5927566772,517559.79565353174,N,13.343661793139564,12.407560062505588,3.5224366655066475,13.343661793139564,12.407560062505588
1174,587199.8808133993,517559.79565353174,N,12.97131880379743,14.396121893919984,3.794222172451158,12.97131880379743,14.396121893919984
1175,587200.1688701215,517559.79565353174,N,12.707194649693506,15.919169296544347,3.9898833687896627,12.707194649693506,15.919169296544347
1176,587200.4569268436,517559.79565353174,N,12.57233440014891,17.170075351517387,4.143678963375105,12.57233440014891,17.170075351517387
1177,587200.7449835659,517559.79565353174,N,12.578461857454222,18.31040779260674,4.279066229051233,12.578461857454222,18.31040779260674
1178,587201.033040288,517559.79565353174,N,12.72228236354182,19.44312220796448,4.409435588367799,12.72228236354182,19.44312220796448
1179,587201.3210970102,517559.79565353174,N,12.98486916165906,20.604935352548566,4.539265948647266,12.98486916165906,20.604935352548566
1180,587201.6091537323,517559.79565353174,N,13.33680174531986,21.78366725947086,4.667297639905866,13.33680174531986,21.78366725947086
1181,587201.8972104545,517559.79565353174,N,13.745511753969751,22.946607547672237,4.790261741040069,13.745511753969751,22.946607547672237
1182,587202.1852671766,517559.79565353174,N,14.18100741891866,24.06277095146454,4.905381835439983,14.18100741891866,24.06277095146454
1183,587202.4733238987,517559.79565353174,N,14.618719659303498,25.112817525069907,5.011269053350649,14.618719659303498,25.112817525069907
1184,587202.7613806209,517559.79565353174,N,15.040159034791225,26.08962225031929,5.107800138055452,15.040159034791225,26.08962225031929
1185,587203.049437343,517559.79565353174,N,15.432446030989476,26.99463393843063,5.195636047533606,15.432446030989476,26.99463393843063
1186,587203.3374940652,517559.79565353174,N,15.787425723006324,27.833629438848053,5.275758660026826,15.787425723006324,27.833629438848053
1187,587188.6466012353,517560.0837102539,N,11.420911540085772,22.87255276258155,4.782525772286183,11.420911540085772,22.87255276258155
1188,587188.9346579574,517560.0837102539,N,11.115489108444743,21.703167736599916,4.658665875183572,11.115489108444743,21.703167736599916
1189,587189.2227146797,517560.0837102539,N,10.848764551303887,20.534484027357102,4.531499092723853,10.848764551303887,20.534484027357102
1190,587189.5107714018,517560.0837102539,N,10.63700754722696,19.380528557715582,4.402332172578029,10.63700754722696,19.380528557715582
1191,587189.798828124,517560.0837102539,N,10.492471823827106,18.223465205591584,4.26889508018077,10.492471823827106,18.223465205591584
1192,587190.0868848461,517560.0837102539,N,10.419818001709046,16.993265571832,4.122288875349713,10.419818001709046,16.993265571832
1193,587190.3749415682,517560.0837102539,N,10.41489445624681,15.56344403230486,3.9450531089333714,10.41489445624681,15.56344403230486
1194,587190.6629982904,517560.0837102539,N,10.466748627458161,13.767142874498125,3.7104100682401837,10.466748627458161,13.767142874498125
1195,587190.9510550125,517560.0837102539,N,10.561465026695611,11.4238638187608,3.3799206823179744,10.561465026695611,11.4238638187608
1196,587191.2391117347,517560.0837102539,N,10.68555870260792,8.37013792903761,2.893119065824566,10.68555870260792,8.37013792903761
1197,587191.5271684568,517560.0837102539,N,10.826511072549707,4.561517873215564,2.1357710254649405,10.826511072549707,4.561517873215564
1198,587191.815225179,517560.0837102539,N,10.934198744914625,2.2714701007958475,1.5071397084530178,10.934198744914625,2.2714701007958475
1199,587192.1032819011,517560.0837102539,N,10.92646850026838,5.823093706204336,2.4131087224168613,10.92646850026838,5.823093706204336
1200,587192.3913386234,517560.0837102539,N,10.916899681270817,9.101979424845501,3.016948694433749,10.916899681270817,9.101979424845501
1201,587192.6793953455,517560.0837102539,N,10.925974280269184,11.513350303901644,3.3931328155410663,10.925974280269184,11.513350303901644
1202,587192.9674520676,517560.0837102539,N,10.96578669984661,13.19020065430505,3.631831583967661,10.96578669984661,13.19020065430505
1203,587193.2555087898,517560.0837102539,N,11.050958388105162,14.329741315892182,3.785464478223535,11.050958388105162,14.329741315892182
1204,587193.5435655119,517560.0837102539,N,11.196518537108634,15.138200479684961,3.890784044339259,11.196518537108634,15.138200479684961
1205,587193.8316222341,517560.0837102539,N,11.413105234905217,15.790638485321226,3.9737436360843947,11.413105234905217,15.790638485321226
1206,587194.1196789562,517560.0837102539,N,11.701986870997844,16.39161894830951,4.048656437425818,11.701986870997844,16.39161894830951
1207,587194.4077356784,517560.0837102539,N,12.053418619054085,16.962506249522484,4.118556330745336,12.053418619054085,16.962506249522484
1208,587194.6957924005,517560.0837102539,N,12.44946506499542,17.46644703064322,4.179287861662944,12.44946506499542,17.46644703064322
1209,587194.9838491228,517560.0837102539,N,12.868619580608966,17.849545987610686,4.224872304296389,12.868619580608966,17.849545987610686
1210,587195.2719058449,517560.0837102539,N,13.289173478964898,18.07151052826869,4.251059929978486,13.289173478964898,18.07151052826869
1211,587195.5599625671,517560.0837102539,N,13.690618356539648,18.117396567903366,4.256453519998,13.690618356539648,18.117396567903366
1212,587195.8480192892,517560.0837102539,N,14.054027194207158,17.99491277899916,4.242041110008148,14.054027194207158,17.99491277899916
1213,587196.1360760113,517560.0837102539,N,14.362573891394035,17.72254226181028,4.209814991399299,14.362573891394035,17.72254226181028
1214,587196.4241327335,517560.0837102539,N,14.602851660685918,17.311438880948128,4.160701729389903,14.602851660685918,17.311438880948128
1215,587196.7121894556,517560.0837102539,N,14.766839299164442,16.745074905348606,4.092074645622756,14.766839299164442,16.745074905348606
1216,587197.0002461778,517560.0837102539,N,14.85351305666145,15.964373278934016,3.9955441780731213,14.85351305666145,15.964373278934016
1217,587197.2883028999,517560.0837102539,N,14.868887785149997,14.866677775838028,3.855733104850234,14.868887785149997,14.866677775838028
1218,587197.5763596221,517560.0837102539,N,14.824108478047636,13.321316782120341,3.649837911759965,14.824108478047636,13.321316782120341
1219,587197.8644163442,517560.0837102539,N,14.732195875801624,11.20156653562153,3.3468741439769634,14.732195875801624,11.20156653562153
1220,587198.1524730665,517560.0837102539,N,14.603204364267581,8.459236375862925,2.908476641794279,14.603204364267581,8.459236375862925
1221,587198.4405297886,517560.0837102539,N,14.428454029497974,5.47142731146358,2.3391082299593533,14.428454029497974,5.47142731146358
1222,587198.7285865108,517560.0837102539,N,14.11312338568151,4.616444053433173,2.148591178757181,14.11312338568151,4.616444053433173
1223,587199.0166432329,517560.0837102539,N,13.620209785828514,7.0581824808282745,2.6567240129204754,13.620209785828514,7.0581824808282745
1224,587199.304699955,517560.0837102539,N,13.102807202151936,9.772781901789536,3.126144894560957,13.102807202151936,9.772781901789536
1225,587199.5927566772,517560.0837102539,N,12.627241670693287,11.905672668721758,3.4504597764242604,12.627241670693287,11.905672668721758
1226,587199.8808133993,517560.0837102539,N,12.230954905052808,13.453532932927049,3.667905796626605,12.230954905052808,13.453532932927049
1227,587200.1688701215,517560.0837102539,N,11.951262006553282,14.59179399164989,3.819920678711783,11.951262006553282,14.59179399164989
1228,587200.4569268436,517560.0837102539,N,11.82421450954736,15.546866187094244,3.942951456345138,11.82421450954736,15.546866187094244
1229,587200.7449835659,517560.0837102539,N,11.873105646563067,16.521381252838186,4.064650200550865,11.873105646563067,16.521381252838186
1230,587201.033040288,517560.0837102539,N,12.095939586095518,17.6277299893918,4.19853903035232,12.095939586095518,17.6277299893918
1231,587201.3210970102,517560.0837102539,N,12.463812685910419,18.86912628615039,4.3438607581448085,12.463812685910419,18.86912628615039
1232,587201.6091537323,517560.0837102539,N,12.932366439521147,20.180371688214862,4.492256859109334,12.932366439521147,20.180371688214862
1233,587201.8972104545,517560.0837102539,N,13.456024753540962,21.484837424381713,4.635173936799105,13.456024753540962,21.484837424381713
1234,587202.1852671766,517560.0837102539,N,13.996458480748634,22.727877300563275,4.767376353987933,13.996458480748634,22.727877300563275
1235,587202.4733238987,517560.0837102539,N,14.524944830103536,23.883363587668246,4.887060833227703,14.524944830103536,23.883363587668246
1236,587202.7613806209,517560.0837102539,N,15.021631353249564,24.94668660773278,4.994665815420765,15.021631353249564,24.94668660773278
1237,587203.049437343,517560.0837102539,N,15.473914065616103,25.92497119549585,5.091657018642934,15.473914065616103,25.92497119549585
1238,587203.3374940652,517560.0837102539,N,15.874818300714692,26.82931329878714,5.179702047298391,15.874818300714692,26.82931329878714
1239,587203.6255507873,517560.0837102539,N,16.221593018183746,27.670196856444196,5.2602468436798855,16.221593018183746,27.670196856444196
1240,587188.9346579574,517560.371766976,N,11.331757805456096,23.168418302049982,4.813358318476818,11.331757805456096,23.168418302049982
1241,587189.2227146797,517560.371766976,N,11.090741444291844,22.066537665080848,4.697503343807309,11.090741444291844,22.066537665080848
1242,587189.5107714018,517560.371766976,N,10.892746138094235,20.93228927901171,4.575181884801053,10.892746138094235,20.93228927901171
1243,587189.798828124,517560.371766976,N,10.745542510170795,19.735970419082424,4.442518477067082,10.745542510170795,19.735970419082424
1244,587190.0868848461,517560.371766976,N,10.65189901520948,18.416027923318833,4.291389975674412,10.65189901520948,18.416027923318833
1245,587190.3749415682,517560.371766976,N,10.6089174438129,16.881017125035562,4.108651497150319,10.6089174438129,16.881017125035562
1246,587190.6629982904,517560.371766976,N,10.608876961464489,15.026495549200666,3.8764023977395157,10.608876961464489,15.026495549200666
1247,587190.9510550125,517560.371766976,N,10.640863343908784,12.773014452589628,3.5739354292697607,10.640863343908784,12.773014452589628
1248,587191.2391117347,517560.371766976,N,10.691552270191554,10.158126170492656,3.1871815402472223,10.691552270191554,10.158126170492656
1249,587191.5271684568,517560.371766976,N,10.741875608702076,7.625738584831938,2.7614739877159695,10.741875608702076,7.625738584831938
1250,587191.815225179,517560.371766976,N,10.75805933476498,6.590688235400713,2.567233576323104,10.75805933476498,6.590688235400713
1251,587192.1032819011,517560.371766976,N,10.721174328385796,7.86100485170387,2.8037483574143867,10.721174328385796,7.86100485170387
1252,587192.3913386234,517560.371766976,N,10.661790368762876,9.847157112509969,3.1380180229740504,10.661790368762876,9.847157112509969
1253,587192.6793953455,517560.371766976,N,10.608006566273108,11.50263379148967,3.3915533007000893,10.608006566273108,11.50263379148967
1254,587192.9674520676,517560.371766976,N,10.579937222032074,12.62946627835705,3.553796037810421,10.579937222032074,12.62946627835705
1255,587193.2555087898,517560.371766976,N,10.599474594772763,13.33763957655822,3.652073325736796,10.599474594772763,13.33763957655822
1256,587193.5435655119,517560.371766976,N,10.690638177547376,13.84907506972842,3.7214345445981474,10.690638177547376,13.84907506972842
1257,587193.8316222341,517560.371766976,N,10.872115108862882,14.384885432846684,3.792741150256195,10.872115108862882,14.384885432846684
1258,587194.1196789562,517560.371766976,N,11.146701244883756,15.06084142169755,3.880829991341743,11.146701244883756,15.06084142169755
1259,587194.4077356784,517560.371766976,N,11.497933280138023,15.849910507667266,3.981194608112905,11.497933280138023,15.849910507667266
1260,587194.6957924005,517560.371766976,N,11.897752962503281,16.641549940699814,4.079405586687822,11.897752962503281,16.641549940699814
1261,587194.9838491228,517560.371766976,N,12.316679474202957,17.325073220609543,4.162339873269547,12.316679474202957,17.325073220609543
1262,587195.2719058449,517560.371766976,N,12.729138476886325,17.831752993261624,4.222766035818421,12.729138476886325,17.831752993261624
1263,587195.5599625671,517560.371766976,N,13.114348931756336,18.13659159881909,4.258707738131262,13.114348931756336,18.13659159881909
1264,587195.8480192892,517560.371766976,N,13.455657984032491,18.242818497919256,4.271161258711646,13.455657984032491,18.242818497919256
1265,587196.1360760113,517560.371766976,N,13.74006129316711,18.163021906467186,4.261809698527984,13.74006129316711,18.163021906467186
1266,587196.4241327335,517560.371766976,N,13.958372184813037,17.901854809589352,4.23105835572961,13.958372184813037,17.901854809589352
1267,587196.7121894556,517560.371766976,N,14.105778336483343,17.44284980080567,4.176463791391669,14.105778336483343,17.44284980080567
1268,587197.0002461778,517560.371766976,N,14.18216209602183,16.742675111528595,4.091781410526299,14.18216209602183,16.742675111528595
1269,587197.2883028999,517560.371766976,N,14.191551275117746,15.736773937182239,3.966960289337699,14.191551275117746,15.736773937182239
1270,587197.5763596221,517560.371766976,N,14.14036290887907,14.360687315058268,3.789549750967556,14.14036290887907,14.360687315058268
1271,587197.8644163442,517560.371766976,N,14.034237997715145,12.59726496902624,3.5492625951070793,14.034237997715145,12.59726496902624
1272,587198.1524730665,517560.371766976,N,13.872450493559782,10.583563094464008,3.253238862190111,13.872450493559782,10.583563094464008
1273,587198.4405297886,517560.371766976,N,13.63783828866692,8.835465033596991,2.972451014499144,13.63783828866692,8.835465033596991
1274,587198.7285865108,517560.371766976,N,13.295456909411632,8.29986635116092,2.880948862989574,13.295456909411632,8.29986635116092
1275,587199.0166432329,517560.371766976,N,12.845342955572567,9.208468014201797,3.0345457673598855,12.845342955572567,9.208468014201797
1276,587199.304699955,517560.371766976,N,12.345860507485455,10.629291074866774,3.260259356993976,12.345860507485455,10.629291074866774
1277,587199.5927566772,517560.371766976,N,11.856678909507472,11.841936117595615,3.4412114316902436,11.856678909507472,11.841936117595615
1278,587199.8808133993,517560.371766976,N,11.428944471724417,12.65355655678403,3.5571837957552925,11.428944471724417,12.65355655678403
1279,587200.1688701215,517560.371766976,N,11.11895753499527,13.173870152306108,3.6295826416140615,11.11895753499527,13.173870152306108
1280,587200.4569268436,517560.371766976,N,10.989102696555149,13.667370767617118,3.696940730876966,10.989102696555149,13.667370767617118
1281,587200.7449835659,517560.371766976,N,11.086946160379746,14.409024240940491,3.7959220541181415,11.086946160379746,14.409024240940491
1282,587201.033040288,517560.371766976,N,11.414062628561474,15.519670776811516,3.9395013360591102,11.414062628561474,15.519670776811516
1283,587201.3210970102,517560.371766976,N,11.92122712661688,16.918934491517653,4.113263241213435,11.92122712661688,16.918934491517653
1284,587201.6091537323,517560.371766976,N,12.537636831487912,18.4361203610637,4.2937303549551995,12.537636831487912,18.4361203610637
1285,587201.8972104545,517560.371766976,N,13.199498609309787,19.928181679106377,4.464099201306617,13.199498609309787,19.928181679106377
1286,587202.1852671766,517560.371766976,N,13.859933592900184,21.31801121945503,4.617143188103985,13.859933592900184,21.31801121945503
1287,587202.4733238987,517560.371766976,N,14.48766286228997,22.58233829952193,4.752087783229801,14.48766286228997,22.58233829952193
1288,587202.7613806209,517560.371766976,N,15.063189184363782,23.72846355980405,4.87118707912189,15.063189184363782,23.72846355980405
1289,587203.049437343,517560.371766976,N,15.575573423878748,24.775504806537,4.977499855001203,15.575573423878748,24.775504806537
1290,587203.3374940652,517560.371766976,N,16.020097127365442,25.742992482432864,5.073755264341479,16.020097127365442,25.742992482432864
1291,587203.6255507873,517560.371766976,N,16.396495016276063,26.645731519032097,5.161950359993023,16.396495016276063,26.645731519032097
1292,587203.9136075096,517560.371766976,N,16.70753256960571,27.49290610209871,5.243367820599534,16.70753256960571,27.49290610209871
1293,587189.2227146797,517560.6598236982,N,11.313377916733948,23.447468504553168,4.842258616033758,11.313377916733948,23.447468504553168
1294,587189.5107714018,517560.6598236982,N,11.122933314272379,22.346067543221697,4.727162737120619,11.122933314272379,22.346067543221697
1295,587189.798828124,517560.6598236982,N,10.970410854386255,21.15842021000685,4.599828280491224,10.970410854386255,21.15842021000685
1296,587190.0868848461,517560.6598236982,N,10.857150378440487,19.839520885825056,4.454157707785509,10.857150378440487,19.839520885825056
1297,587190.3749415682,517560.6598236982,N,10.78050112369958,18.334910398324144,4.281928350442607,10.78050112369958,18.334910398324144
1298,587190.6629982904,517560.6598236982,N,10.734066538409248,16.601064289217582,4.074440365156616,10.734066538409248,16.601064289217582
1299,587190.9510550125,517560.6598236982,N,10.708249169637229,14.647583372093688,3.827216138669684,10.708249169637229,14.647583372093688
1300,587191.2391117347,517560.6598236982,N,10.690325869078183,12.61743549462866,3.552102967909103,10.690325869078183,12.61743549462866
1301,587191.5271684568,517560.6598236982,N,10.663726168116051,10.902011267674212,3.301819387500505,10.663726168116051,10.902011267674212
1302,587191.815225179,517560.6598236982,N,10.610133556994274,10.0848359223725,3.175663068143801,10.610133556994274,10.0848359223725
1303,587192.1032819011,517560.6598236982,N,10.521616477950325,10.33821759735122,3.215309875789769,10.521616477950325,10.33821759735122
1304,587192.3913386234,517560.6598236982,N,10.408358602485514,11.105436419668719,3.3324820209070474,10.408358602485514,11.105436419668719
1305,587192.6793953455,517560.6598236982,N,10.288623199969116,11.777477174398832,3.4318329176110587,10.288623199969116,11.777477174398832
1306,587192.9674520676,517560.6598236982,N,10.184032885508984,12.099511557016633,3.4784352167341903,10.184032885508984,12.099511557016633
1307,587193.2555087898,517560.6598236982,N,10.123919766445942,12.129903757551336,3.4828011366644716,10.123919766445942,12.129903757551336
1308,587193.5435655119,517560.6598236982,N,10.147351030111585,12.142551102757308,3.4846163494360907,10.147351030111585,12.142551102757308
1309,587193.8316222341,517560.6598236982,N,10.291073612049928,12.47218843269117,3.5315985661865885,10.291073612049928,12.47218843269117
1310,587194.1196789562,517560.6598236982,N,10.562984548545797,13.264026575711686,3.641981133354714,10.562984548545797,13.264026575711686
1311,587194.4077356784,517560.6598236982,N,10.932546704528644,14.371623640415834,3.790992434761092,10.932546704528644,14.371623640415834
1312,587194.6957924005,517560.6598236982,N,11.353256446123535,15.534490072589326,3.9413817466200007,11.353256446123535,15.534490072589326
1313,587194.9838491228,517560.6598236982,N,11.784770220527093,16.55869514707553,4.069237661660416,11.784770220527093,16.55869514707553
1314,587195.2719058449,517560.6598236982,N,12.198252776854567,17.354001797473835,4.1658134616751425,12.198252776854567,17.354001797473835
1315,587195.5599625671,517560.6598236982,N,12.57387071683844,17.901727095526883,4.231043263253979,12.57387071683844,17.901727095526883
1316,587195.8480192892,517560.6598236982,N,12.89784702503844,18.216970175385324,4.268134273354732,12.89784702503844,18.216970175385324
1317,587196.1360760113,517560.6598236982,N,13.160799211857448,18.321185643749185,4.280325413300861,13.160799211857448,18.321185643749185
1318,587196.4241327335,517560.6598236982,N,13.357073009337357,18.225199130139583,4.269098163563305,13.357073009337357,18.225199130139583
1319,587196.7121894556,517560.6598236982,N,13.484473283851058,17.921308852851947,4.233356688592629,13.484473283851058,17.921308852851947
1320,587197.0002461778,517560.6598236982,N,13.543859181169307,17.384321255194173,4.1694509536861295,13.543859181169307,17.384321255194173
1321,587197.2883028999,517560.6598236982,N,13.538213570474834,16.582567700376963,4.072169900725775,13.538213570474834,16.582567700376963
1322,587197.5763596221,517560.6598236982,N,13.470962623857268,15.501471893033461,3.9371908631705246,13.470962623857268,15.501471893033461
1323,587197.8644163442,517560.6598236982,N,13.343435518215248,14.184677357277533,3.7662550839365,13.343435518215248,14.184677357277533
1324,587198.1524730665,517560.6598236982,N,13.151591990550667,12.795483780580716,3.577077547465349,13.151591990550667,12.795483780580716
1325,587198.4405297886,517560.6598236982,N,12.883959116895499,11.661088755192951,3.4148336350681787,12.883959116895499,11.661088755192951
1326,587198.7285865108,517560.6598236982,N,12.527962041066184,11.14373378621533,3.3382231480557634,12.527962041066184,11.14373378621533
1327,587199.0166432329,517560.6598236982,N,12.087868442410294,11.275673999187541,3.3579270389911007,12.087868442410294,11.275673999187541
1328,587199.304699955,517560.6598236982,N,11.591818502913048,11.67547484206613,3.416939396896897,11.591818502913048,11.67547484206613
1329,587199.5927566772,517560.6598236982,N,11.080174957691781,11.9270700750334,3.453559044671656,11.080174957691781,11.9270700750334
1330,587199.8808133993,517560.6598236982,N,10.60266061274184,11.847023088165475,3.441950477297062,10.60266061274184,11.847023088165475
1331,587200.1688701215,517560.6598236982,N,10.2308907944895,11.537003675395027,3.396616504022058,10.2308907944895,11.537003675395027
1332,587200.4569268436,517560.6598236982,N,10.068586983127698,11.373243384721764,3.37242396277837,10.068586983127698,11.373243384721764
1333,587200.7449835659,517560.6598236982,N,10.217764321384028,11.830519113066577,3.4395521675163727,10.217764321384028,11.830519113066577
1334,587201.033040288,517560.6598236982,N,10.689250901983817,13.061650830452145,3.614090595219238,10.689250901983817,13.061650830452145
1335,587201.3210970102,517560.6598236982,N,11.385092783501438,14.777009604984208,3.844087616715338,11.385092783501438,14.777009604984208
1336,587201.6091537323,517560.6598236982,N,12.18649894517079,16.605516949295193,4.074986742223242,12.18649894517079,16.605516949295193
1337,587201.8972104545,517560.6598236982,N,13.008527731346568,18.327652439128666,4.281080755969065,13.008527731346568,18.327652439128666
1338,587202.1852671766,517560.6598236982,N,13.799823499887522,19.866696982405404,4.457207307541955,13.799823499887522,19.866696982405404
1339,587202.4733238987,517560.6598236982,N,14.530538447284098,21.2249032722318,4.607049302127317,14.530538447284098,21.2249032722318
1340,587202.7613806209,517560.6598236982,N,15.184088946787346,22.436256240183916,4.736692542289811,15.184088946787346,22.436256240183916
1341,587203.049437343,517560.6598236982,N,15.752763393498265,23.539355105618263,4.851737328588416,15.752763393498265,23.539355105618263
1342,587203.3374940652,517560.6598236982,N,16.235179952709498,24.564414306328096,4.9562500245980425,16.235179952709498,24.564414306328096
1343,587203.6255507873,517560.6598236982,N,16.634406522210877,25.529663793022422,5.052688768667869,16.634406522210877,25.529663793022422
1344,587203.9136075096,517560.6598236982,N,16.95635247928613,26.44324207505217,5.142299298470692,16.95635247928613,26.44324207505217
1345,587204.2016642317,517560.6598236982,N,17.20843977172332,27.307191117367573,5.225628298814179,17.20843977172332,27.307191117367573
1346,587204.4897209539,517560.6598236982,N,17.39863485300842,28.121188779363745,5.302941521397699,17.39863485300842,28.121188779363745
1347,587189.5107714018,517560.94788042037,N,11.331868386006672,23.658014376969117,4.863950490801599,11.331868386006672,23.658014376969117
1348,587189.798828124,517560.94788042037,N,11.172755153173231,22.51662591024028,4.745168691441884,11.172755153173231,22.51662591024028
1349,587190.0868848461,517560.94788042037,N,11.04156318758567,21.258137227687083,4.610654750432642,11.04156318758567,21.258137227687083
1350,587190.3749415682,517560.94788042037,N,10.93555767996435,19.85754489878879,4.456180528074327,10.93555767996435,19.85754489878879
1351,587190.6629982904,517560.94788042037,N,10.849021876795081,18.310792166058675,4.2791111420549335,10.849021876795081,18.310792166058675
1352,587190.9510550125,517560.94788042037,N,10.773476523022946,16.664405893925185,4.082206008266264,10.773476523022946,16.664405893925185
1353,587191.2391117347,517560.94788042037,N,10.69795901320429,15.051979275319672,3.8796880384020147,10.69795901320429,15.051979275319672
1354,587191.5271684568,517560.94788042037,N,10.60976003367611,13.703780892611183,3.7018618143592534,10.60976003367611,13.703780892611183
1355,587191.815225179,517560.94788042037,N,10.4970657460945,12.847051969058645,3.5842784446885045,10.4970657460945,12.847051969058645
1356,587192.1032819011,517560.94788042037,N,10.353849539183628,12.491365534799264,3.5343125972102785,10.353849539183628,12.491365534799264
1357,587192.3913386234,517560.94788042037,N,10.18263797505928,12.359994630441156,3.515678402590481,10.18263797505928,12.359994630441156
1358,587192.6793953455,517560.94788042037,N,9.99302265013451,12.100535013474321,3.47858232811505,9.99302265013451,12.100535013474321
1359,587192.9674520676,517560.94788042037,N,9.80203132919889,11.50710149859988,3.3922118888123545,9.80203132919889,11.50710149859988
1360,587193.2555087898,517560.94788042037,N,9.641570625146294,10.632797775792033,3.2607971074251205,9.641570625146294,10.632797775792033
1361,587193.5435655119,517560.94788042037,N,9.571382401919916,9.877487411122637,3.1428470231817895,9.571382401919916,9.877487411122637
1362,587193.8316222341,517560.94788042037,N,9.67056083455363,9.8995576827339,3.146356254897703,9.67056083455363,9.8995576827339
1363,587194.1196789562,517560.94788042037,N,9.962903038044175,10.962370841226827,3.310947121478509,9.962903038044175,10.962370841226827
1364,587194.4077356784,517560.94788042037,N,10.38044186364234,12.593262246282354,3.548698669411416,10.38044186364234,12.593262246282354
1365,587194.6957924005,517560.94788042037,N,10.842011096586297,14.239900818988287,3.77357931134199,10.842011096586297,14.239900818988287
1366,587194.9838491228,517560.94788042037,N,11.296655781101578,15.629907779499089,3.9534678169297255,11.296655781101578,15.629907779499089
1367,587195.2719058449,517560.94788042037,N,11.716313083425774,16.69228358047927,4.085619118380869,11.716313083425774,16.69228358047927
1368,587195.5599625671,517560.94788042037,N,12.084773813804144,17.446503729574374,4.1769012113736155,12.084773813804144,17.446503729574374
1369,587195.8480192892,517560.94788042037,N,12.392218724218488,17.93949722674374,4.235504365095583,12.392218724218488,17.93949722674374
1370,587196.1360760113,517560.94788042037,N,12.633048748858087,18.21340368009413,4.267716447948965,12.633048748858087,18.21340368009413
1371,587196.4241327335,517560.94788042037,N,12.804992378476305,18.291081787652907,4.276807429339426,12.804992378476305,18.291081787652907
1372,587196.7121894556,517560.94788042037,N,12.908478765683713,18.173923691174743,4.263088515521903,12.908478765683713,18.173923691174743
1373,587197.0002461778,517560.94788042037,N,12.945837006447126,17.848986606496684,4.22480610282847,12.945837006447126,17.848986606496684
1374,587197.2883028999,517560.94788042037,N,12.920165728445967,17.303363597536098,4.159731192942171,12.920165728445967,17.303363597536098
1375,587197.5763596221,517560.94788042037,N,12.833860167805685,16.544697974287352,4.067517421509999,12.833860167805685,16.544697974287352
1376,587197.8644163442,517560.94788042037,N,12.686934988440198,15.62615064620598,3.952992619042689,12.686934988440198,15.62615064620598
1377,587198.1524730665,517560.94788042037,N,12.475685675019614,14.666593965353679,3.8296989392579777,12.475685675019614,14.666593965353679
1378,587198.4405297886,517560.94788042037,N,12.193162579579083,13.83637012467663,3.719727157289447,12.193162579579083,13.83637012467663
1379,587198.7285865108,517560.94788042037,N,11.83345128541001,13.268043091360184,3.642532510679923,11.83345128541001,13.268043091360184
1380,587199.0166432329,517560.94788042037,N,11.398445122430616,12.928197890094825,3.595580327303901,11.398445122430616,12.928197890094825
1381,587199.304699955,517560.94788042037,N,10.900852468641043,12.599741153688369,3.5496114088289112,10.900852468641043,12.599741153688369
1382,587199.5927566772,517560.94788042037,N,10.362634337398973,12.014991964459158,3.466264843381007,10.362634337398973,12.014991964459158
1383,587199.8808133993,517560.94788042037,N,9.818488424199641,11.009343919308613,3.3180331401763623,9.818488424199641,11.009343919308613
1384,587200.1688701215,517560.94788042037,N,9.337140825059333,9.660870819996532,3.108194141297569,9.337140825059333,9.660870819996532
1385,587200.4569268436,517560.94788042037,N,9.07257521433052,8.519209662996861,2.918768518227655,9.07257521433052,8.519209662996861
1386,587200.7449835659,517560.94788042037,N,9.26589814780677,8.634074488996497,2.9383795685711704,9.26589814780677,8.634074488996497
1387,587201.033040288,517560.94788042037,N,9.958991958409191,10.291366072658832,3.208015909040794,9.958991958409191,10.291366072658832
1388,587201.3210970102,517560.94788042037,N,10.913439993316917,12.587086430978673,3.547828410588465,10.913439993316917,12.587086430978673
1389,587201.6091537323,517560.94788042037,N,11.93380765152101,14.824894398940675,3.85031094834439,11.93380765152101,14.824894398940675
1390,587201.8972104545,517560.94788042037,N,12.927333311295966,16.774179407239735,4.09562930539859,12.927333311295966,16.774179407239735
1391,587202.1852671766,517560.94788042037,N,13.850264970599422,18.420496310763646,4.291910566491763,13.850264970599422,18.420496310763646
1392,587202.4733238987,517560.94788042037,N,14.679825641095528,19.82517725635794,4.452547277273756,14.679825641095528,19.82517725635794
1393,587202.7613806209,517560.94788042037,N,15.40450174137745,21.06456946143269,4.589615393628609,15.40450174137745,21.06456946143269
1394,587203.049437343,517560.94788042037,N,16.020750052679464,22.202055239518756,4.711905690855745,16.020750052679464,22.202055239518756
1395,587203.3374940652,517560.94788042037,N,16.53125677695046,23.277468506259044,4.824672891114904,16.53125677695046,23.277468506259044
1396,587203.6255507873,517560.94788042037,N,16.943165993340592,24.308127957708443,4.930327368208773,16.943165993340592,24.308127957708443
1397,587203.9136075096,517560.94788042037,N,17.266179236242472,25.296186537164974,5.029531443103321,17.266179236242472,25.296186537164974
1398,587204.2016642317,517560.94788042037,N,17.510917848026942,26.237036809834546,5.122210148933227,17.510917848026942,26.237036809834546
1399,587204.4897209539,517560.94788042037,N,17.68783172174683,27.125434000830968,5.208208329246341,17.68783172174683,27.125434000830968
1400,587204.777777676,517560.94788042037,N,17.806661206682776,27.95848525078452,5.287578391928059,17.806661206682776,27.95848525078452
1401,587189.798828124,517561.2359371425,N,11.357969173920756,23.812788036789712,4.879834837040052,11.357969173920756,23.812788036789712
1402,587190.0868848461,517561.2359371425,N,11.211113776521717,22.64389158652722,4.758559822732843,11.211113776521717,22.64389158652722
1403,587190.3749415682,517561.2359371425,N,11.080416561007258,21.37124645802601,4.622904547795251,11.080416561007258,21.37124645802601
1404,587190.6629982904,517561.2359371425,N,10.960720984305947,20.00740824873038,4.472964145701414,10.960720984305947,20.00740824873038
1405,587190.9510550125,517561.2359371425,N,10.844698825396062,18.599252527086957,4.312685071633095,10.844698825396062,18.599252527086957
1406,587191.2391117347,517561.2359371425,N,10.723264495856286,17.236249247642114,4.15165620537661,10.723264495856286,17.236249247642114
1407,587191.5271684568,517561.2359371425,N,10.586476857293022,16.032299714684772,4.004035428749947,10.586476857293022,16.032299714684772
1408,587191.815225179,517561.2359371425,N,10.425245103468791,15.06173769894049,3.880945464566655,10.425245103468791,15.06173769894049
1409,587192.1032819011,517561.2359371425,N,10.233438136866559,14.276436895393935,3.7784172473926083,10.233438136866559,14.276436895393935
1410,587192.3913386234,517561.2359371425,N,10.009025011303452,13.48813894393182,3.672620174198772,10.009025011303452,13.48813894393182
1411,587192.6793953455,517561.2359371425,N,9.7539797475807255,12.447999383107227,3.5281722439681467,9.7539797475807255,12.447999383107227
1412,587192.9674520676,517561.2359371425,N,9.475510307407497,10.958006426529218,3.3102879673117895,9.475510307407497,10.958006426529218
1413,587193.2555087898,517561.2359371425,N,9.19457069306678,8.993542515690116,2.9989235594943255,9.19457069306678,8.993542515690116
1414,587193.5435655119,517561.2359371425,N,8.979664932375101,7.005938295475991,2.6468733055203058,8.979664932375101,7.005938295475991
1415,587193.8316222341,517561.2359371425,N,9.01197714741024,6.506364669671235,2.5507576658066196,9.01197714741024,6.506364669671235
1416,587194.1196789562,517561.2359371425,N,9.37930030935929,8.291656284609063,2.879523621123651,9.37930030935929,8.291656284609063
1417,587194.4077356784,517561.2359371425,N,9.886359540358733,10.768535674648337,3.2815447086164067,9.886359540358733,10.768535674648337
1418,587194.6957924005,517561.2359371425,N,10.402055072785359,12.961031615620675,3.6001432770961594,10.402055072785359,12.961031615620675
1419,587194.9838491228,517561.2359371425,N,10.880884555169477,14.664821079667728,3.829467466850675,10.880884555169477,14.664821079667728
1420,587195.2719058449,517561.2359371425,N,11.304222877775903,15.912843888513812,3.9890906092133096,11.304222877775903,15.912843888513812
1421,587195.5599625671,517561.2359371425,N,11.662275533350641,16.79887514722906,4.098643086099235,11.662275533350641,16.79887514722906
1422,587195.8480192892,517561.2359371425,N,11.949649022407431,17.417214137002574,4.173393599578474,11.949649022407431,17.417214137002574
1423,587196.1360760113,517561.2359371425,N,12.164373652064565,17.835970781324495,4.223265416869332,12.164373652064565,17.835970781324495
1424,587196.4241327335,517561.2359371425,N,12.307494617912717,18.088135463060258,4.253014867486388,12.307494617912717,18.088135463060258
1425,587196.7121894556,517561.2359371425,N,12.38235113809479,18.176773581176416,4.263422754217134,12.38235113809479,18.176773581176416
1426,587197.0002461778,517561.2359371425,N,12.393456500616107,18.089412661219868,4.253165016927967,12.393456500616107,18.089412661219868
1427,587197.2883028999,517561.2359371425,N,12.345183509951752,17.81565455826145,4.220859457297939,12.345183509951752,17.81565455826145
1428,587197.5763596221,517561.2359371425,N,12.240472168612495,17.363679005970738,4.166974802656087,12.240472168612495,17.363679005970738
1429,587197.8644163442,517561.2359371425,N,12.079778525162578,16.772084049868642,4.095373493329838,12.079778525162578,16.772084049868642
1430,587198.1524730665,517561.2359371425,N,11.860648655085381,16.110208461157505,4.013752416524655,11.860648655085381,16.110208461157505
1431,587198.4405297886,517561.2359371425,N,11.578518760891937,15.455250599932043,3.9313166496648475,11.578518760891937,15.455250599932043
1432,587198.7285865108,517561.2359371425,N,11.229024116566936,14.841579205811962,3.8524770221004516,11.229024116566936,14.841579205811962
1433,587199.0166432329,517561.2359371425,N,10.810721681274403,14.208392396625221,3.7694021272113196,10.810721681274403,14.208392396625221
1434,587199.304699955,517561.2359371425,N,10.326165036891629,13.393393055872044,3.659698492481593,10.326165036891629,13.393393055872044
1435,587199.5927566772,517561.2359371425,N,9.781208153946345,12.182728857506225,3.4903766068300173,9.781208153946345,12.182728857506225
1436,587199.8808133993,517561.2359371425,N,9.186095106519183,10.381158841601982,3.221980577471252,9.186095106519183,10.381158841601982
1437,587200.1688701215,517561.2359371425,N,8.568436820395574,7.904847144602678,2.811556000616505,8.568436820395574,7.904847144602678
1438,587200.4569268436,517561.2359371425,N,8.056175743796388,5.159822921456118,2.27152436074459,8.056175743796388,5.159822921456118
1439,587200.7449835659,517561.2359371425,N,8.249979032493325,4.742482783045652,2.17772422107246,8.249979032493325,4.742482783045652
1440,587201.033040288,517561.2359371425,N,9.344548331878567,7.6144248353352255,2.7594247290577116,9.344548331878567,7.6144248353352255
1441,587201.3210970102,517561.2359371425,N,10.619090666462487,10.732061632849364,3.2759825446496755,10.619090666462487,10.732061632849364
1442,587201.6091537323,517561.2359371425,N,11.857105338508626,13.326692377153606,3.6505742530667153,11.857105338508626,13.326692377153606
1443,587201.8972104545,517561.2359371425,N,13.007149047180024,15.383561681618428,3.9221883791600867,13.007149047180024,15.383561681618428
1444,587202.1852671766,517561.2359371425,N,14.046413162387314,17.021427101074035,4.125703225036192,14.046413162387314,17.021427101074035
1445,587202.4733238987,517561.2359371425,N,14.960860510531068,18.382245826394325,4.287452136921686,14.960860510531068,18.382245826394325
1446,587202.7613806209,517561.2359371425,N,15.743065763968072,19.591492682726887,4.426227816406074,15.743065763968072,19.591492682726887
1447,587203.049437343,517561.2359371425,N,16.39290889861832,20.736116700008495,4.553692644437972,16.39290889861832,20.736116700008495
1448,587203.3374940652,517561.2359371425,N,16.91730106772258,21.858246519674797,4.675280368028724,16.91730106772258,21.858246519674797
1449,587203.6255507873,517561.2359371425,N,17.328185402458594,22.964240140427755,4.792101849963934,17.328185402458594,22.964240140427755
1450,587203.9136075096,517561.2359371425,N,17.63976865866959,24.04139367775436,4.903202390046158,17.63976865866959,24.04139367775436
1451,587204.2016642317,517561.2359371425,N,17.86624033105401,25.07289928451224,5.007284621879631,17.86624033105401,25.07289928451224
1452,587204.4897209539,517561.2359371425,N,18.02053946580013,26.04634742302699,5.103562228779717,18.02053946580013,26.04634742302699
1453,587204.777777676,517561.2359371425,N,18.114023355492762,26.9561686179654,5.191933032885285,18.114023355492762,26.9561686179654
1454,587205.0658343981,517561.2359371425,N,18.156630023305247,27.802544696720737,5.2728118396848505,18.156630023305247,27.802544696720737
1455,587190.3749415682,517561.52399386466,N,11.220588801564169,22.819078502354344,4.776931913095931,11.220588801564169,22.819078502354344
1456,587190.6629982904,517561.52399386466,N,11.074797828551976,21.607613690010965,4.648399045909351,11.074797828551976,21.607613690010965
1457,587190.9510550125,517561.52399386466,N,10.927494808966058,20.366891511252597,4.512969256626129,10.927494808966058,20.366891511252597
1458,587191.2391117347,517561.52399386466,N,10.771235497367453,19.145675733802218,4.375577188646341,10.771235497367453,19.145675733802218
1459,587191.5271684568,517561.52399386466,N,10.598033551001857,17.98923584967589,4.241371930127785,10.598033551001857,17.98923584967589
1460,587191.815225179,517561.52399386466,N,10.400339854544164,16.903213748419457,4.11135181520865,10.400339854544164,16.903213748419457
1461,587192.1032819011,517561.52399386466,N,10.171982082393988,15.817744829362287,3.9771528546640353,10.171982082393988,15.817744829362287
1462,587192.3913386234,517561.52399386466,N,9.908528053050125,14.580773837948202,3.818477947814836,9.908528053050125,14.580773837948202
1463,587192.6793953455,517561.52399386466,N,9.6069139489963,12.98826971675702,3.6039242107398737,9.6069139489963,12.98826971675702
1464,587192.9674520676,517561.52399386466,N,9.264905105403564,10.827545418920973,3.2905235782350766,9.264905105403564,10.827545418920973
1465,587193.2555087898,517561.52399386466,N,8.881743376433853,7.914568563013518,2.813284301846068,8.881743376433853,7.914568563013518
1466,587193.5435655119,517561.52399386466,N,8.46867269070022,4.195799516968236,2.0483650839067327,8.46867269070022,4.195799516968236
1467,587193.8316222341,517561.52399386466,N,8.335368110528126,2.2927459295806316,1.5141816038971785,8.335368110528126,2.2927459295806316
1468,587194.1196789562,517561.52399386466,N,8.9249906073069,6.098682824223874,2.469551138207888,8.9249906073069,6.098682824223874
1469,587194.4077356784,517561.52399386466,N,9.530311899521024,9.472791979995307,3.077790113051133,9.530311899521024,9.472791979995307
1470,587194.6957924005,517561.52399386466,N,10.080745684886347,11.99600654932057,3.4635251622184833,10.080745684886347,11.99600654932057
1471,587194.9838491228,517561.52399386466,N,10.566297383579279,13.802303439840664,3.7151451438457506,10.566297383579279,13.802303439840664
1472,587195.2719058449,517561.52399386466,N,10.98079281478057,15.067105775485109,3.8816369968719524,10.98079281478057,15.067105775485109
1473,587195.5599625671,517561.52399386466,N,11.31929840991445,15.96275273089568,3.9953413785176957,11.31929840991445,15.96275273089568
1474,587195.8480192892,517561.52399386466,N,11.579037219265295,16.631467317144693,4.0781696037738175,11.579037219265295,16.631467317144693
1475,587196.1360760113,517561.52399386466,N,11.760578987377723,17.16327137098094,4.1428578748227585,11.760578987377723,17.16327137098094
1476,587196.4241327335,517561.52399386466,N,11.868089709311043,17.59023829159375,4.194071803342636,11.868089709311043,17.59023829159375
1477,587196.7121894556,517561.52399386466,N,11.908304337034643,17.901432040627768,4.231008395244302,11.908304337034643,17.901432040627768
1478,587197.0002461778,517561.52399386466,N,11.888778831198525,18.068679821047198,4.250726975594551,11.888778831198525,18.068679821047198
1479,587197.2883028999,517561.52399386466,N,11.816192586735877,18.06965857910266,4.250842102348976,11.816192586735877,18.06965857910266
1480,587197.5763596221,517561.52399386466,N,11.695111887179646,17.901473103434647,4.23101324784438,11.695111887179646,17.901473103434647
1481,587197.8644163442,517561.52399386466,N,11.527319582091536,17.583722789249865,4.193294979994833,11.527319582091536,17.583722789249865
1482,587198.1524730665,517561.52399386466,N,11.31179119887998,17.150472083572076,4.141312845411715,11.31179119887998,17.150472083572076
1483,587198.4405297886,517561.52399386466,N,11.045424238696837,16.62983033243386,4.0779688979238005,11.045424238696837,16.62983033243386
1484,587198.7285865108,517561.52399386466,N,10.724389523950173,16.01454791284169,4.0018180759302,10.724389523950173,16.01454791284169
1485,587199.0166432329,517561.52399386466,N,10.34546389910641,15.237205701760885,3.9034863521934957,10.34546389910641,15.237205701760885
1486,587199.304699955,517561.52399386466,N,9.906498775984566,14.166496975731098,3.763840721355129,9.906498775984566,14.166496975731098
1487,587199.5927566772,517561.52399386466,N,9.405790665170153,12.626535973463733,3.5533837357459346,9.405790665170153,12.626535973463733
1488,587199.8808133993,517561.52399386466,N,8.840975934852718,10.423808428635617,3.2285923292722507,8.840975934852718,10.423808428635617
1489,587200.1688701215,517561.52399386466,N,8.208420592642991,7.366982228038922,2.7142185298974955,8.208420592642991,7.366982228038922
1490,587200.4569268436,517561.52399386466,N,7.50714011376704,3.292109197980195,1.8144170408095806,7.50714011376704,3.292109197980195
1491,587200.7449835659,517561.52399386466,N,7.628652128481777,2.047537260295938,1.4309218218672668,7.628652128481777,2.047537260295938
1492,587201.033040288,517561.52399386466,N,9.18531451644299,6.413493361712374,2.5324875837232397,9.18531451644299,6.413493361712374
1493,587201.3210970102,517561.52399386466,N,10.66103334597948,9.807832361902319,3.1317458967646656,10.66103334597948,9.807832361902319
1494,587201.6091537323,517561.52399386466,N,12.033866899992946,12.352671547504968,3.5146367589702594,12.033866899992946,12.352671547504968
1495,587201.8972104545,517561.52399386466,N,13.290484672897815,14.239270601550702,3.773495806483784,13.290484672897815,14.239270601550702
1496,587202.1852671766,517561.52399386466,N,14.415238554272442,15.674189348707786,3.9590642011348827,14.415238554272442,15.674189348707786
1497,587202.4733238987,517561.52399386466,N,15.392897963350535,16.860848696928205,4.106196378271283,15.392897963350535,16.860848696928205
1498,587202.7613806209,517561.52399386466,N,16.21383471358896,17.967650308948564,4.238826524988792,16.21383471358896,17.967650308948564
1499,587203.049437343,517561.52399386466,N,16.878555195987833,19.096515569773068,4.369956014626814,16.878555195987833,19.096515569773068
1500,587203.3374940652,517561.52399386466,N,17.398220974727405,20.275506550733432,4.502833169320559,17.398220974727405,20.275506550733432
1501,587203.6255507873,517561.52399386466,N,17.790831418156642,21.481244444726972,4.634786342942571,17.790831418156642,21.481244444726972
1502,587203.9136075096,517561.52399386466,N,18.07612976674292,22.672287056630932,4.761542508119709,18.07612976674292,22.672287056630932
1503,587204.2016642317,517561.52399386466,N,18.27214000745042,23.81312961472425,4.879869835838273,18.27214000745042,23.81312961472425
1504,587204.4897209539,517561.52399386466,N,18.393960778286093,24.883296880281556,4.988316036527914,18.393960778286093,24.883296880281556
1505,587204.777777676,517561.52399386466,N,18.45400174119509,25.876347914572907,5.086879978392738,18.45400174119509,25.876347914572907
1506,587205.0658343981,517561.52399386466,N,18.46272769931125,26.794982323342346,5.176386995129165,18.46272769931125,26.794982323342346
1507,587205.3538911203,517561.52399386466,N,18.429355240500378,27.6460930678803,5.257955217371132,18.429355240500378,27.6460930678803
1508,587190.6629982904,517561.8120505868,N,11.195146902167387,23.079507044837385,4.804113554531927,11.195146902167387,23.079507044837385
1509,587190.9510550125,517561.8120505868,N,11.025165400102523,21.9557308707003,4.685694278407449,11.025165400102523,21.9557308707003
1510,587191.2391117347,517561.8120505868,N,10.844340159731063,20.819931890184815,4.562886355168712,10.844340159731063,20.819931890184815
1511,587191.5271684568,517561.8120505868,N,10.646342795633572,19.680687618269488,4.436292102451042,10.646342795633572,19.680687618269488
1512,587191.815225179,517561.8120505868,N,10.425115191284684,18.514904343251892,4.3028948794098945,10.425115191284684,18.514904343251892
1513,587192.1032819011,517561.8120505868,N,10.175420001745014,17.251503577195784,4.153492936938233,10.175420001745014,17.251503577195784
1514,587192.3913386234,517561.8120505868,N,9.893139112772332,15.769806078936282,3.971121513997813,9.893139112772332,15.769806078936282
1515,587192.6793953455,517561.8120505868,N,9.57535960363536,13.915706421162538,3.7303761768972494,9.57535960363536,13.915706421162538
1516,587192.9674520676,517561.8120505868,N,9.220819462687544,11.52989977036763,3.395570610422883,9.220819462687544,11.52989977036763
1517,587193.2555087898,517561.8120505868,N,8.833077300063817,8.495684512573773,2.9147357534729923,8.833077300063817,8.495684512573773
1518,587193.5435655119,517561.8120505868,N,8.444278697811663,4.960140078155189,2.227137193384186,8.444278697811663,4.960140078155189
1519,587193.8316222341,517561.8120505868,N,8.349369829320242,3.4249854108996547,1.8506716107671979,8.349369829320242,3.4249854108996547
1520,587194.1196789562,517561.8120505868,N,8.833185096322325,6.341537163688162,2.5182408867477637,8.833185096322325,6.341537163688162
1521,587194.4077356784,517561.8120505868,N,9.393260164619694,9.33267358742731,3.0549424851259164,9.393260164619694,9.33267358742731
1522,587194.6957924005,517561.8120505868,N,9.912816863172491,11.569246403808476,3.401359493468527,9.912816863172491,11.569246403808476
1523,587194.9838491228,517561.8120505868,N,10.371056152051999,13.114375489646488,3.621377567949314,10.371056152051999,13.114375489646488
1524,587195.2719058449,517561.8120505868,N,10.757422927652016,14.153627076582925,3.7621306565007715,10.757422927652016,14.153627076582925
1525,587195.5599625671,517561.8120505868,N,11.063900126441785,14.897914700121076,3.859781690733438,11.063900126441785,14.897914700121076
1526,587195.8480192892,517561.8120505868,N,11.285934311785171,15.528367461840437,3.9406049614038245,11.285934311785171,15.528367461840437
1527,587196.1360760113,517561.8120505868,N,11.424673616509796,16.147160129016257,4.018352912452595,11.424673616509796,16.147160129016257
1528,587196.4241327335,517561.8120505868,N,11.48737618529735,16.76348592867201,4.09432362285543,11.48737618529735,16.76348592867201
1529,587196.7121894556,517561.8120505868,N,11.485144783608842,17.325611942028356,4.162404586537493,11.485144783608842,17.325611942028356
1530,587197.0002461778,517561.8120505868,N,11.429682398183434,17.768991804351163,4.215328196516988,11.429682398183434,17.768991804351163
1531,587197.2883028999,517561.8120505868,N,11.330868974666469,18.04836214687984,4.248336397565503,11.330868974666469,18.04836214687984
1532,587197.5763596221,517561.8120505868,N,11.195559733806508,18.14712479744175,4.259944224686722,11.195559733806508,18.14712479744175
1533,587197.8644163442,517561.8120505868,N,11.027262138033334,18.0716766429813,4.2510794679682595,11.027262138033334,18.0716766429813
1534,587198.1524730665,517561.8120505868,N,10.826417180344857,17.837752577527322,4.223476361663141,10.826417180344857,17.837752577527322
1535,587198.4405297886,517561.8120505868,N,10.591193588764177,17.452509675063624,4.177620097024575,10.591193588764177,17.452509675063624
1536,587198.7285865108,517561.8120505868,N,10.318674304103471,16.896334278358513,4.110515086745031,10.318674304103471,16.896334278358513
1537,587199.0166432329,517561.8120505868,N,10.006177620473572,16.111006358230973,4.013851810696425,10.006177620473572,16.111006358230973
1538,587199.304699955,517561.8120505868,N,9.65255047230588,15.001022770230536,3.8731153830257288,9.65255047230588,15.001022770230536
1539,587199.5927566772,517561.8120505868,N,9.259973642344223,13.45109670818936,3.66757368135793,9.259973642344223,13.45109670818936
1540,587199.8808133993,517561.8120505868,N,8.838898371286728,11.364249231962406,3.371090214153636,8.838898371286728,11.364249231962406
1541,587200.1688701215,517561.8120505868,N,8.427006635773711,8.760529501931543,2.959819167099832,8.427006635773711,8.760529501931543
1542,587200.4569268436,517561.8120505868,N,8.175685158794549,6.1722578277256765,2.4844029117125257,8.175685158794549,6.1722578277256765
1543,587200.7449835659,517561.8120505868,N,8.564058634765157,5.618798530110122,2.370400499938802,8.564058634765157,5.618798530110122
1544,587201.033040288,517561.8120505868,N,9.719136237197485,7.657470526194264,2.767213494870655,9.719136237197485,7.657470526194264
1545,587201.3210970102,517561.8120505868,N,11.105824303342708,10.044880243245982,3.1693659055473513,11.105824303342708,10.044880243245982
1546,587201.6091537323,517561.8120505868,N,12.487594361013763,11.949462193569481,3.456799414714351,12.487594361013763,11.949462193569481
1547,587201.8972104545,517561.8120505868,N,13.788276360573779,13.318752780770206,3.6494866461969973,13.788276360573779,13.318752780770206
1548,587202.1852671766,517561.8120505868,N,14.96504337231878,14.316392589986144,3.7837009118039635,14.96504337231878,14.316392589986144
1549,587202.4733238987,517561.8120505868,N,15.984189437394626,15.175920531429819,3.8956283872348267,15.984189437394626,15.175920531429819
1550,587202.7613806209,517561.8120505868,N,16.823624704407536,16.10839122958829,4.013526034497383,16.823624704407536,16.10839122958829
1551,587203.049437343,517561.8120505868,N,17.480745708763816,17.220881674941445,4.149805016496733,17.480745708763816,17.220881674941445
1552,587203.3374940652,517561.8120505868,N,17.972596173047602,18.497101745221965,4.300825705050364,17.972596173047602,18.497101745221965
1553,587203.6255507873,517561.8120505868,N,18.32634779226083,19.850922414765577,4.455437398815696,18.32634779226083,19.850922414765577
1554,587203.9136075096,517561.8120505868,N,18.568941112814517,21.1930212249306,4.603587864365206,18.568941112814517,21.1930212249306
1555,587204.2016642317,517561.8120505868,N,18.722123030159473,22.46472460638469,4.739696678732162,18.722123030159473,22.46472460638469
1556,587204.4897209539,517561.8120505868,N,18.802152582447018,23.640878679092364,4.862188671688128,18.802152582447018,23.640878679092364
1557,587204.777777676,517561.8120505868,N,18.821386158860914,24.71956240818906,4.971877151357328,18.821386158860914,24.71956240818906
1558,587205.0658343981,517561.8120505868,N,18.789977910201188,25.710469114023297,5.070549192545449,18.789977910201188,25.710469114023297
1559,587205.3538911203,517561.8120505868,N,18.717050851725762,26.626434692055692,5.160080880379269,18.717050851725762,26.626434692055692
1560,587205.6419478424,517561.8120505868,N,18.6112625029563,27.478795478114098,5.242022079132641,18.6112625029563,27.478795478114098
1561,587205.9300045646,517561.8120505868,N,18.480909278155362,28.275773831377943,5.317496951703681,18.480909278155362,28.275773831377943
1562,587190.9510550125,517562.100107309,N,11.139005494057553,23.383945893793015,4.83569497526395,11.139005494057553,23.383945893793015
1563,587191.2391117347,517562.100107309,N,10.94275453920567,22.310216980572125,4.7233692403381005,10.94275453920567,22.310216980572125
1564,587191.5271684568,517562.100107309,N,10.730504321601138,21.19111030468291,4.603380312844346,10.730504321601138,21.19111030468291
1565,587191.815225179,517562.100107309,N,10.497961410054069,19.99605799058106,4.471695203228979,10.497961410054069,19.99605799058106
1566,587192.1032819011,517562.100107309,N,10.241827148343459,18.66628484173916,4.320449611063547,10.241827148343459,18.66628484173916
1567,587192.3913386234,517562.100107309,N,9.960515568830408,17.118926647573623,4.137502464962846,9.960515568830408,17.118926647573623
1568,587192.6793953455,517562.100107309,N,9.65544660067009,15.26609656158994,3.9071852479233615,9.65544660067009,15.26609656158994
1569,587192.9674520676,517562.100107309,N,9.334378150728728,13.057531424145319,3.6135206411677405,9.334378150728728,13.057531424145319
1570,587193.2555087898,517562.100107309,N,9.02142440246054,10.582342250167475,3.2530512215714458,9.02142440246054,10.582342250167475
1571,587193.5435655119,517562.100107309,N,8.786116158435966,8.33686949547489,2.8873637622362183,8.786116158435966,8.33686949547489
1572,587193.8316222341,517562.100107309,N,8.77415500107444,7.50398425870768,2.7393401137331743,8.77415500107444,7.50398425870768
1573,587194.1196789562,517562.100107309,N,9.046131824525316,8.542922353054701,2.9228278007872275,9.046131824525316,8.542922353054701
1574,587194.4077356784,517562.100107309,N,9.458336637059805,10.212577185354892,3.1957123126706652,9.458336637059805,10.212577185354892
1575,587194.6957924005,517562.100107309,N,9.891216257531969,11.616569406978476,3.408308877871616,9.891216257531969,11.616569406978476
1576,587194.9838491228,517562.100107309,N,10.292096142461272,12.544781092063518,3.541861246867742,10.292096142461272,12.544781092063518
1577,587195.2719058449,517562.100107309,N,10.633774560759633,13.098524640265245,3.619188395243503,10.633774560759633,13.098524640265245
1578,587195.5599625671,517562.100107309,N,10.897542616649368,13.509887812382418,3.6755799287163406,10.897542616649368,13.509887812382418
1579,587195.8480192892,517562.100107309,N,11.071790009548813,14.01398850157862,3.743526212220053,11.071790009548813,14.01398850157862
1580,587196.1360760113,517562.100107309,N,11.156141950726674,14.721637178437241,3.836878572282063,11.156141950726674,14.721637178437241
1581,587196.4241327335,517562.100107309,N,11.162112161869132,15.578802917190828,3.946999229438844,11.162112161869132,15.578802917190828
1582,587196.7121894556,517562.100107309,N,11.107395777909105,16.446476689914324,4.055425586780545,11.107395777909105,16.446476689914324
1583,587197.0002461778,517562.100107309,N,11.009346296347926,17.19863552403246,4.147123765217583,11.009346296347926,17.19863552403246
1584,587197.2883028999,517562.100107309,N,10.881697843165508,17.76296160176973,4.2146128649936205,10.881697843165508,17.76296160176973
1585,587197.5763596221,517562.100107309,N,10.73382778920815,18.116053084374357,4.256295699828004,10.73382778920815,18.116053084374357
1586,587197.8644163442,517562.100107309,N,10.571001566809855,18.263259126157138,4.273553454229529,10.571001566809855,18.263259126157138
1587,587198.1524730665,517562.100107309,N,10.395000694899508,18.217957872940513,4.2682499777942375,10.395000694899508,18.217957872940513
1588,587198.4405297886,517562.100107309,N,10.20512747407106,17.98453760494783,4.240818034878156,10.20512747407106,17.98453760494783
1589,587198.7285865108,517562.100107309,N,9.999658233907228,17.546883933829832,4.188900086398556,9.999658233907228,17.546883933829832
1590,587199.0166432329,517562.100107309,N,9.777770734470511,16.864895482404194,4.106689114408856,9.777770734470511,16.864895482404194
1591,587199.304699955,517562.100107309,N,9.542175990083056,15.882297831889398,3.9852600707970613,9.542175990083056,15.882297831889398
1592,587199.5927566772,517562.100107309,N,9.303502871749398,14.550107048580578,3.8144602565213046,9.303502871749398,14.550107048580578
1593,587199.8808133993,517562.100107309,N,9.089509810024268,12.876241116291093,3.588347964773078,9.089509810024268,12.876241116291093
1594,587200.1688701215,517562.100107309,N,8.966064679511074,11.028682630129047,3.320946044447131,8.966064679511074,11.028682630129047
1595,587200.4569268436,517562.100107309,N,9.072994859627169,9.506030632351754,3.0831851440274805,9.072994859627169,9.506030632351754
1596,587200.7449835659,517562.100107309,N,9.60161562215108,9.058504440935453,3.0097349452959232,9.60161562215108,9.058504440935453
1597,587201.033040288,517562.100107309,N,10.582032478935803,9.787166342050895,3.128444716157039,10.582032478935803,9.787166342050895
1598,587201.3210970102,517562.100107309,N,11.827696106716537,10.938682253655237,3.3073678739528263,11.827696106716537,10.938682253655237
1599,587201.6091537323,517562.100107309,N,13.159170735879716,11.89985410066034,3.449616515014436,13.159170735879716,11.89985410066034
1600,587201.8972104545,517562.100107309,N,14.468185657127536,12.490107956935537,3.5341346829083267,14.468185657127536,12.490107956935537
1601,587202.1852671766,517562.100107309,N,15.679883258006981,12.824898364316242,3.5811867256980947,15.679883258006981,12.824898364316242
1602,587202.4733238987,517562.100107309,N,16.72986283446247,13.192684567101754,3.6321735320743906,16.72986283446247,13.192684567101754
1603,587202.7613806209,517562.100107309,N,17.570833444307475,13.89408933740995,3.727477610584663,17.570833444307475,13.89408933740995
1604,587203.049437343,517562.100107309,N,18.19395973822189,15.040477755360419,3.878205481322569,18.19395973822189,15.040477755360419
1605,587203.3374940652,517562.100107309,N,18.629471500296653,16.50857010865709,4.063073972826127,18.629471500296653,16.50857010865709
1606,587203.6255507873,517562.100107309,N,18.921020532713264,18.090569376275354,4.253300997610603,18.921020532713264,18.090569376275354
1607,587203.9136075096,517562.100107309,N,19.104723937848707,19.629199084700364,4.430485197436096,19.104723937848707,19.629199084700364
1608,587204.2016642317,517562.100107309,N,19.204582579868966,21.048105115853723,4.587821391014882,19.204582579868966,21.048105115853723
1609,587204.4897209539,517562.100107309,N,19.235756063077545,22.32986090839946,4.725448223015406,19.235756063077545,22.32986090839946
1610,587204.777777676,517562.100107309,N,19.2087274432248,23.487637880296788,4.8464046343961815,19.2087274432248,23.487637880296788
1611,587205.0658343981,517562.100107309,N,19.13224346572591,24.544680527381672,4.95425882724971,19.13224346572591,24.544680527381672
1612,587205.3538911203,517562.100107309,N,19.01487142087189,25.52267453268372,5.051997083598101,19.01487142087189,25.52267453268372
1613,587205.6419478424,517562.100107309,N,18.865487552626227,26.43704434574526,5.1416966407738665,18.865487552626227,26.43704434574526
1614,587205.9300045646,517562.100107309,N,18.69309849642836,27.296698208125736,5.224624216929456,18.69309849642836,27.296698208125736
1615,587206.2180612867,517562.100107309,N,18.506369191790686,28.10589583737929,5.301499395206916,18.506369191790686,28.10589583737929
1616,587191.2391117347,517562.38816403114,N,11.064584457723246,23.659676193183323,4.864121317687638,11.064584457723246,23.659676193183323
1617,587191.5271684568,517562.38816403114,N,10.846846338748009,22.576492459912043,4.751472662229263,10.846846338748009,22.576492459912043
1618,587191.815225179,517562.38816403114,N,10.612963370095306,21.40002420570218,4.62601601874682,10.612963370095306,21.40002420570218
1619,587192.1032819011,517562.38816403114,N,10.361965343568345,20.08958149088922,4.482140280143987,10.361965343568345,20.08958149088922
1620,587192.3913386234,517562.38816403114,N,10.095408025550958,18.59928596994287,4.312688948897528,10.095408025550958,18.59928596994287
1621,587192.6793953455,517562.38816403114,N,9.819329124508975,16.899361644089527,4.110883316768979,9.819329124508975,16.899361644089527
1622,587192.9674520676,517562.38816403114,N,9.548103851160846,15.017747100814656,3.875273809786175,9.548103851160846,15.017747100814656
1623,587193.2555087898,517562.38816403114,N,9.311601479196703,13.111654252025403,3.6210018298842934,9.311601479196703,13.111654252025403
1624,587193.5435655119,517562.38816403114,N,9.163198858765597,11.54515345905059,3.397815983694613,9.163198858765597,11.54515345905059
1625,587193.8316222341,517562.38816403114,N,9.167131757775351,10.783027514704516,3.283752048298488,9.167131757775351,10.783027514704516
1626,587194.1196789562,517562.38816403114,N,9.341596773651752,10.907719978610475,3.302683753950789,9.341596773651752,10.907719978610475
1627,587194.4077356784,517562.38816403114,N,9.633323237328316,11.442771853408805,3.382716638060127,9.633323237328316,11.442771853408805
1628,587194.6957924005,517562.38816403114,N,9.97194858169639,11.869687184353074,3.4452412374684407,9.97194858169639,11.869687184353074
1629,587194.9838491228,517562.38816403114,N,10.30569905560599,11.961507193478164,3.4585411944168256,10.30569905560599,11.961507193478164
1630,587195.2719058449,517562.38816403114,N,10.5974758815439,11.789382435709781,3.433567013429297,10.5974758815439,11.789382435709781
1631,587195.5599625671,517562.38816403114,N,10.815346622896872,11.661299434607068,3.4148644826123142,10.815346622896872,11.661299434607068
1632,587195.8480192892,517562.38816403114,N,10.9343425563474,11.958224468362275,3.458066579515535,10.9343425563474,11.958224468362275
1633,587196.1360760113,517562.38816403114,N,10.950408104038164,12.821140108621723,3.580661965142999,10.950408104038164,12.821140108621723
1634,587196.4241327335,517562.38816403114,N,10.884054148098901,14.040228658021439,3.7470293110704964,10.884054148098901,14.040228658021439
1635,587196.7121894556,517562.38816403114,N,10.764388591775383,15.303209460498024,3.9119316789149097,10.764388591775383,15.303209460498024
1636,587197.0002461778,517562.38816403114,N,10.615987468305407,16.401609861525863,4.049890104870237,10.615987468305407,16.401609861525863
1637,587197.2883028999,517562.38816403114,N,10.45635795913035,17.249773281777905,4.153284637702779,10.45635795913035,17.249773281777905
1638,587197.5763596221,517562.38816403114,N,10.297084532973283,17.83744937513362,4.2234404666259495,10.297084532973283,17.83744937513362
1639,587197.8644163442,517562.38816403114,N,10.144924340574786,18.186320710124953,4.264542262673094,10.144924340574786,18.186320710124953
1640,587198.1524730665,517562.38816403114,N,10.002648173750059,18.321532934571245,4.280365981381878,10.002648173750059,18.321532934571245
1641,587198.4405297886,517562.38816403114,N,9.870193120176804,18.255587794598004,4.272655824495814,9.870193120176804,18.255587794598004
1642,587198.7285865108,517562.38816403114,N,9.746489009559111,17.982193907985657,4.2405416998286505,9.746489009559111,17.982193907985657
1643,587199.0166432329,517562.38816403114,N,9.632056036325244,17.479237278099873,4.1808177762370695,9.632056036325244,17.479237278099873
1644,587199.304699955,517562.38816403114,N,9.532510723237904,16.721272170140935,4.089165216782141,9.532510723237904,16.721272170140935
1645,587199.5927566772,517562.38816403114,N,9.463547934395576,15.703373977805997,3.9627482859507994,9.463547934395576,15.703373977805997
1646,587199.8808133993,517562.38816403114,N,9.458433901351698,14.479469232205183,3.8051897761090947,9.458433901351698,14.479469232205183
1647,587200.1688701215,517562.38816403114,N,9.577633993542282,13.212133474518607,3.63484985584255,9.577633993542282,13.212133474518607
1648,587200.4569268436,517562.38816403114,N,9.910695150007326,12.190443785304696,3.4914816031743166,9.910695150007326,12.190443785304696
1649,587200.7449835659,517562.38816403114,N,10.542238942101054,11.694953335687968,3.41978849282934,10.542238942101054,11.694953335687968
1650,587201.033040288,517562.38816403114,N,11.482359855941066,11.715915762315982,3.4228519924641763,11.482359855941066,11.715915762315982
1651,587201.3210970102,517562.38816403114,N,12.651851388368144,11.918545069899658,3.452324589302063,12.651851388368144,11.918545069899658
1652,587201.6091537323,517562.38816403114,N,13.94355024460873,11.941135521891486,3.4555948144844018,13.94355024460873,11.941135521891486
1653,587201.8972104545,517562.38816403114,N,15.262611051528252,11.622129314572723,3.4091244205180784,15.262611051528252,11.622129314572723
1654,587202.1852671766,517562.38816403114,N,16.51982430396495,11.08057442345837,3.3287496787019553,16.51982430396495,11.08057442345837
1655,587202.4733238987,517562.38816403114,N,17.61309069205315,10.748156394680759,3.278438102920468,17.61309069205315,10.748156394680759
1656,587202.7613806209,517562.38816403114,N,18.445818538401515,11.181157856186404,3.3438238374929985,18.445818538401515,11.181157856186404
1657,587203.049437343,517562.38816403114,N,18.99983055183208,12.515658072883278,3.5377475988096267,18.99983055183208,12.515658072883278
1658,587203.3374940652,517562.38816403114,N,19.342561715311646,14.355544466633653,3.788871133548046,19.342561715311646,14.355544466633653
1659,587203.6255507873,517562.38816403114,N,19.548226691523297,16.271073594320605,4.033741884940161,19.548226691523297,16.271073594320605
1660,587203.9136075096,517562.38816403114,N,19.661126615454197,18.03995844831672,4.24734722483537,19.661126615454197,18.03995844831672
1661,587204.2016642317,517562.38816403114,N,19.702500348844808,19.599348636153206,4.42711515957663,19.702500348844808,19.599348636153206
1662,587204.4897209539,517562.38816403114,N,19.682344938357772,20.965009003448596,4.578756272553563,19.682344938357772,20.965009003448596
1663,587204.777777676,517562.38816403114,N,19.606858859213013,22.180330672719624,4.7095998421011975,19.606858859213013,22.180330672719624
1664,587205.0658343981,517562.38816403114,N,19.482301379861475,23.289098066656077,4.825877958118717,19.482301379861475,23.289098066656077
1665,587205.3538911203,517562.38816403114,N,19.316518787769354,24.323333648465756,4.931869184038214,19.316518787769354,24.323333648465756
1666,587205.6419478424,517562.38816403114,N,19.118963138935694,25.300907910915097,5.030000786373209,19.118963138935694,25.300907910915097
1667,587205.9300045646,517562.38816403114,N,18.899895552250335,26.228645100524062,5.121390934162717,18.899895552250335,26.228645100524062
1668,587206.2180612867,517562.38816403114,N,18.6693669129785,27.10721325975753,5.206458802272186,18.6693669129785,27.10721325975753
1669,587206.506118009,517562.38816403114,N,18.436367186695698,27.9353090580479,5.285386367906125,18.436367186695698,27.9353090580479
1670,587191.5271684568,517562.6762207533,N,10.989681947424787,23.867425987995517,4.88542996961327,10.989681947424787,23.867425987995517
1671,587191.815225179,517562.6762207533,N,10.761378046356533,22.744512693863665,4.7691207464126615,10.761378046356533,22.744512693863665
1672,587192.1032819011,517562.6762207533,N,10.522505029642101,21.5056995252997,4.637423802640826,10.522505029642101,21.5056995252997
1673,587192.3913386234,517562.6762207533,N,10.276994062910966,20.132368718273707,4.486910821297177,10.276994062910966,20.132368718273707
1674,587192.6793953455,517562.6762207533,N,10.03338363046348,18.6283983029157,4.31606282425496,10.03338363046348,18.6283983029157
1675,587192.9674520676,517562.6762207533,N,9.8073219227221209,17.046431618848413,4.128732446992468,9.8073219227221209,17.046431618848413
1676,587193.2555087898,517562.6762207533,N,9.624150319004567,15.515344682971758,3.9389522316184236,9.624150319004567,15.515344682971758
1677,587193.5435655119,517562.6762207533,N,9.51790991523004,14.235408889365871,3.7729840828402486,9.51790991523004,14.235408889365871
1678,587193.8316222341,517562.6762207533,N,9.519622938037244,13.380063310567039,3.6578768856492476,9.519622938037244,13.380063310567039
1679,587194.1196789562,517562.6762207533,N,9.636431648476563,12.92655959511614,3.5953524994242416,9.636431648476563,12.92655959511614
1680,587194.4077356784,517562.6762207533,N,9.844242599613661,12.61941073251503,3.5523809948420553,9.844242599613661,12.61941073251503
1681,587194.6957924005,517562.6762207533,N,10.103708483246491,12.143092939989833,3.4846940956115264,10.103708483246491,12.143092939989833
1682,587194.9838491228,517562.6762207533,N,10.376382729688842,11.309154316671682,3.3629086096222838,10.376382729688842,11.309154316671682
1683,587195.2719058449,517562.6762207533,N,10.625799667709757,10.18028661559894,3.190656141861567,10.625799667709757,10.18028661559894
1684,587195.5599625671,517562.6762207533,N,10.80745768563899,9.213146810170556,3.035316591423464,10.80745768563899,9.213146810170556
1685,587195.8480192892,517562.6762207533,N,10.868952688851593,9.208056015413133,3.03447788184609,10.868952688851593,9.208056015413133
1686,587196.1360760113,517562.6762207533,N,10.797116969179772,10.436764196522123,3.2305981174578373,10.797116969179772,10.436764196522123
1687,587196.4241327335,517562.6762207533,N,10.637526454437129,12.248320475334044,3.499760059680384,10.637526454437129,12.248320475334044
1688,587196.7121894556,517562.6762207533,N,10.439192227789043,14.012401318911369,3.7433142158936334,10.439192227789043,14.012401318911369
1689,587197.0002461778,517562.6762207533,N,10.23305845166143,15.467368517721967,3.9328575511607293,10.23305845166143,15.467368517721967
1690,587197.2883028999,517562.6762207533,N,10.038618155615083,16.565634526777774,4.070090235704582,10.038618155615083,16.565634526777774
1691,587197.5763596221,517562.6762207533,N,9.86892729097437,17.343970430073583,4.164609276999895,9.86892729097437,17.343970430073583
1692,587197.8644163442,517562.6762207533,N,9.731993596849303,17.859676164186908,4.226071007944247,9.731993596849303,17.859676164186908
1693,587198.1524730665,517562.6762207533,N,9.631138356857985,18.159914014490774,4.261445061770805,9.631138356857985,18.159914014490774
1694,587198.4405297886,517562.6762207533,N,9.565980979640777,18.269126139003113,4.274239831713134,9.565980979640777,18.269126139003113
1695,587198.7285865108,517562.6762207533,N,9.534631819938888,18.189007589424264,4.264857276559705,9.534631819938888,18.189007589424264
1696,587199.0166432329,517562.6762207533,N,9.53692443677232,17.90757955099823,4.231734815769796,9.53692443677232,17.90757955099823
1697,587199.304699955,517562.6762207533,N,9.578279494165491,17.41452521576965,4.173071436696196,9.578279494165491,17.41452521576965
1698,587199.5927566772,517562.6762207533,N,9.673927389068833,16.720886060199653,4.089118005169287,9.673927389068833,16.720886060199653
1699,587199.8808133993,517562.6762207533,N,9.853023613671915,15.88037456237108,3.985018765623454,9.853023613671915,15.88037456237108
1700,587200.1688701215,517562.6762207533,N,10.160488712153533,15.002244864176507,3.873273146084137,10.160488712153533,15.002244864176507
1701,587200.4569268436,517562.6762207533,N,10.650682077537617,14.2299509423076,3.7722607203516034,10.650682077537617,14.2299509423076
1702,587200.7449835659,517562.6762207533,N,11.366695840172476,13.659637020772744,3.6958946171086566,11.366695840172476,13.659637020772744
1703,587201.033040288,517562.6762207533,N,12.314277488406399,13.239767203410592,3.638649090446974,12.314277488406399,13.239767203410592
1704,587201.3210970102,517562.6762207533,N,13.456450096888972,12.765458962991557,3.572878246315085,13.456450096888972,12.765458962991557
1705,587201.6091537323,517562.6762207533,N,14.733224883852198,11.988302881428902,3.462412869868194,14.733224883852198,11.988302881428902
1706,587201.8972104545,517562.6762207533,N,16.07901330891176,10.747534964107313,3.2783433261492476,16.07901330891176,10.747534964107313
1707,587202.1852671766,517562.6762207533,N,17.415182544316703,9.115266320859858,3.0191499334845657,17.415182544316703,9.115266320859858
1708,587202.4733238987,517562.6762207533,N,18.60472858154141,7.705481185617532,2.775874850496242,18.60472858154141,7.705481185617532
1709,587202.7613806209,517562.6762207533,N,19.430325301048498,7.831864152732391,2.7985467930217625,19.430325301048498,7.831864152732391
1710,587203.049437343,517562.6762207533,N,19.853252884062307,9.744146663161628,3.1215615744626324,19.853252884062307,9.744146663161628
1711,587203.3374940652,517562.6762207533,N,20.058907225097304,12.227990650357244,3.4968543936454153,20.058907225097304,12.227990650357244
1712,587203.6255507873,517562.6762207533,N,20.164184938916755,14.549362555976847,3.8143626670751756,20.164184938916755,14.549362555976847
1713,587203.9136075096,517562.6762207533,N,20.20668245522835,16.52174483303399,4.064694924964725,20.20668245522835,16.52174483303399
1714,587204.2016642317,517562.6762207533,N,20.194618877362547,18.163863604823785,4.2619084463211765,20.194618877362547,18.163863604823785
1715,587204.4897209539,517562.6762207533,N,20.12782637146928,19.556972456263708,4.422326588602848,20.12782637146928,19.556972456263708
1716,587204.777777676,517562.6762207533,N,20.006070121147516,20.788504731669352,4.5594412740673995,20.006070121147516,20.788504731669352
1717,587205.0658343981,517562.6762207533,N,19.832635474594422,21.926467103454126,4.682570565774116,19.832635474594422,21.926467103454126
1718,587205.3538911203,517562.6762207533,N,19.61520455733852,23.010682470903724,4.796945118604519,19.61520455733852,23.010682470903724
1719,587205.6419478424,517562.6762207533,N,19.36486697549849,24.05591539042368,4.904683006109945,19.36486697549849,24.05591539042368
1720,587205.9300045646,517562.6762207533,N,19.09422952458188,25.061189482707746,5.006115208693038,19.09422952458188,25.061189482707746
1721,587206.2180612867,517562.6762207533,N,18.815556941196313,26.01943824189074,5.100925233905192,18.815556941196313,26.01943824189074
1722,587206.506118009,517562.6762207533,N,18.539474291410382,26.924027732502395,5.188836838107592,18.539474291410382,26.924027732502395
1723,587206.7941747311,517562.6762207533,N,18.274323452682435,27.771588078303715,5.269875527780871,18.274323452682435,27.771588078303715
1724,587191.815225179,517562.96427747543,N,10.933613354396801,24.027226629424106,4.901757504143193,10.933613354396801,24.027226629424106
1725,587192.1032819011,517562.96427747543,N,10.709718035489342,22.88300944186893,4.7836188646117,10.709718035489342,22.88300944186893
1726,587192.3913386234,517562.96427747543,N,10.48582606187886,21.640937059928913,4.651982057137464,10.48582606187886,21.640937059928913
1727,587192.6793953455,517562.96427747543,N,10.27084080239067,20.316702558264335,4.507405302195969,10.27084080239067,20.316702558264335
1728,587192.9674520676,517562.96427747543,N,10.078559750861965,18.956730250328942,4.353932733785507,10.078559750861965,18.956730250328942
1729,587193.2555087898,517562.96427747543,N,9.927810571859158,17.641750024502908,4.20020833108346,9.927810571859158,17.641750024502908
1730,587193.5435655119,517562.96427747543,N,9.839772426385323,16.465403149321343,4.057758389717326,9.839772426385323,16.465403149321343
1731,587193.8316222341,517562.96427747543,N,9.831009223523107,15.47636186145808,3.934000744974266,9.831009223523107,15.47636186145808
1732,587194.1196789562,517562.96427747543,N,9.905050176682348,14.612204414756341,3.8225913219642433,9.905050176682348,14.612204414756341
1733,587194.4077356784,517562.96427747543,N,10.04986248996427,13.690253649586062,3.7000342768123193,10.04986248996427,13.690253649586062
1734,587194.6957924005,517562.96427747543,N,10.243711364552382,12.474057216526942,3.531863136720751,10.243711364552382,12.474057216526942
1735,587194.9838491228,517562.96427747543,N,10.462635903355824,10.765161361609337,3.2810305334771477,10.462635903355824,10.765161361609337
1736,587195.2719058449,517562.96427747543,N,10.681353314009492,8.513601051311952,2.917807576128342,10.681353314009492,8.513601051311952
1737,587195.5599625671,517562.96427747543,N,10.855770683300529,6.162104293098861,2.4823586149263086,10.855770683300529,6.162104293098861
1738,587195.8480192892,517562.96427747543,N,10.869255629405965,5.623520723336543,2.3713963657171577,10.869255629405965,5.623520723336543
1739,587196.1360760113,517562.96427747543,N,10.671264643177732,7.812928143563201,2.7951615594743715,10.671264643177732,7.812928143563201
1740,587196.4241327335,517562.96427747543,N,10.394393205222022,10.521936592853516,3.2437534728850026,10.394393205222022,10.521936592853516
1741,587196.7121894556,517562.96427747543,N,10.108363039622716,12.79965705623674,3.5776608358306885,10.108363039622716,12.79965705623674
1742,587197.0002461778,517562.96427747543,N,9.840802039850992,14.525598653122094,3.8112463385514843,9.840802039850992,14.525598653122094
1743,587197.2883028999,517562.96427747543,N,9.610176502053356,15.773551391587867,3.971593054630329,9.610176502053356,15.773551391587867
1744,587197.5763596221,517562.96427747543,N,9.431145483194882,16.658104051918567,4.0814340680597265,9.431145483194882,16.658104051918567
1745,587197.8644163442,517562.96427747543,N,9.31360699733531,17.284269017150315,4.157435389413805,9.31360699733531,17.284269017150315
1746,587198.1524730665,517562.96427747543,N,9.26126435474573,17.72397888987952,4.209985616350669,9.26126435474573,17.72397888987952
1747,587198.4405297886,517562.96427747543,N,9.272050827321948,18.00933150960891,4.243740273580478,9.272050827321948,18.00933150960891
1748,587198.7285865108,517562.96427747543,N,9.340947863150523,18.140503479102122,4.259166993568358,9.340947863150523,18.140503479102122
1749,587199.0166432329,517562.96427747543,N,9.46423122487777,18.102591719273153,4.254714058461879,9.46423122487777,18.102591719273153
1750,587199.304699955,517562.96427747543,N,9.64374553121037,17.8841903947074,4.228970370516611,9.64374553121037,17.8841903947074
1751,587199.5927566772,517562.96427747543,N,9.890241857586117,17.492864353502082,4.182447172828616,9.890241857586117,17.492864353502082
1752,587199.8808133993,517562.96427747543,N,10.225048721874058,16.964172959831668,4.118758667345256,10.225048721874058,16.964172959831668
1753,587200.1688701215,517562.96427747543,N,10.678750848269777,16.35851057163068,4.044565560308138,10.678750848269777,16.35851057163068
1754,587200.4569268436,517562.96427747543,N,11.28487491588259,15.737209301453666,3.967015162745621,11.28487491588259,15.737209301453666
1755,587200.7449835659,517562.96427747543,N,12.06839132057928,15.117446004429826,3.8881159967817096,12.06839132057928,15.117446004429826
1756,587201.033040288,517562.96427747543,N,13.034531683851942,14.430030901006724,3.798688049972875,13.034531683851942,14.430030901006724
1757,587201.3210970102,517562.96427747543,N,14.166547151675829,13.516432042792422,3.676470051937377,14.166547151675829,13.516432042792422
1758,587201.6091537323,517562.96427747543,N,15.433691349853639,12.169620700322204,3.4884983446064877,15.433691349853639,12.169620700322204
1759,587201.8972104545,517562.96427747543,N,16.80091125285351,10.188915069838407,3.1920079996513806,16.80091125285351,10.188915069838407
1760,587202.1852671766,517562.96427747543,N,18.229267946796988,7.448058214073601,2.729113081950545,18.229267946796988,7.448058214073601
1761,587202.4733238987,517562.96427747543,N,19.629179391627478,4.230902917885163,2.056915875257217,19.629179391627478,4.230902917885163
1762,587202.7613806209,517562.96427747543,N,20.47471412834956,3.894395522801383,1.9734222869931775,20.47471412834956,3.894395522801383
1763,587203.049437343,517562.96427747543,N,20.63322668911394,7.310698977127768,2.7038304268440667,20.63322668911394,7.310698977127768
1764,587203.3374940652,517562.96427747543,N,20.684616578164764,10.564965083456098,3.250379221484179,20.684616578164764,10.564965083456098
1765,587203.6255507873,517562.96427747543,N,20.709232655851064,13.164730472023692,3.628323369274532,20.709232655851064,13.164730472023692
1766,587203.9136075096,517562.96427747543,N,20.704971444516765,15.184108420250084,3.8966791528492672,20.704971444516765,15.184108420250084
1767,587204.2016642317,517562.96427747543,N,20.659098608907172,16.775058744791526,4.095736654716893,20.659098608907172,16.775058744791526
1768,587204.4897209539,517562.96427747543,N,20.559140571301413,18.096888051697736,4.254043729405909,20.559140571301413,18.096888051697736
1769,587204.777777676,517562.96427747543,N,20.397915998852024,19.284144458783285,4.391371591972522,20.397915998852024,19.284144458783285
1770,587205.0658343981,517562.96427747543,N,20.176446657082163,20.42556683005176,4.519465325683091,20.176446657082163,20.42556683005176
1771,587205.3538911203,517562.96427747543,N,19.90401095441023,21.559310575237397,4.643200466837222,19.90401095441023,21.559310575237397
1772,587205.6419478424,517562.96427747543,N,19.595495262487358,22.68523136621743,4.762901570074426,19.595495262487358,22.68523136621743
1773,587205.9300045646,517562.96427747543,N,19.267691710040122,23.784765452880293,4.876962728264416,19.267691710040122,23.784765452880293
1774,587206.2180612867,517562.96427747543,N,18.936250498455347,24.83744129317886,4.983717617720616,18.936250498455347,24.83744129317886
1775,587206.506118009,517562.96427747543,N,18.613965294401453,25.829361758564396,5.082259513106783,18.613965294401453,25.829361758564396
1776,587206.7941747311,517562.96427747543,N,18.310203134472633,26.754898747124457,5.172513774474115,18.310203134472633,26.754898747124457
1777,587207.0822314533,517562.96427747543,N,18.031029231764045,27.614818702406385,5.254980371267469,18.031029231764045,27.614818702406385
1778,587192.3913386234,517563.2523341976,N,10.707037504053677,23.073321662230182,4.803469752400881,10.707037504053677,23.073321662230182
1779,587192.6793953455,517563.2523341976,N,10.514255523915576,21.89465387446146,4.679172349300831,10.514255523915576,21.89465387446146
1780,587192.9674520676,517563.2523341976,N,10.344524777527443,20.68795370587828,4.548401225252482,10.344524777527443,20.68795370587828
1781,587193.2555087898,517563.2523341976,N,10.211110461128673,19.49456685690241,4.415265207991747,10.211110461128673,19.49456685690241
1782,587193.5435655119,517563.2523341976,N,10.127282263451708,18.347729147916375,4.283424931980993,10.127282263451708,18.347729147916375
1783,587193.8316222341,517563.2523341976,N,10.102459043557424,17.240726646905387,4.152195400857886,10.102459043557424,17.240726646905387
1784,587194.1196789562,517563.2523341976,N,10.138490959236636,16.097864201326228,4.012214376292253,10.138490959236636,16.097864201326228
1785,587194.4077356784,517563.2523341976,N,10.228748887558424,14.770734779325378,3.8432713642579777,10.228748887558424,14.770734779325378
1786,587194.6957924005,517563.2523341976,N,10.360860680466978,13.063765130284464,3.614383091245927,10.360860680466978,13.063765130284464
1787,587194.9838491228,517563.2523341976,N,10.52106451020084,10.76860709610525,3.281555590890584,10.52106451020084,10.76860709610525
1788,587195.2719058449,517563.2523341976,N,10.697662843168223,7.687322679909806,2.7726021495897686,10.697662843168223,7.687322679909806
1789,587195.5599625671,517563.2523341976,N,10.882026670655758,3.653047023931727,1.9112945937065084,10.882026670655758,3.653047023931727
1790,587195.8480192892,517563.2523341976,N,10.896278848798783,1.6831200708781728,1.297351174847494,10.896278848798783,1.6831200708781728
1791,587196.1360760113,517563.2523341976,N,10.500432995027056,6.087655091126686,2.467317387594609,10.500432995027056,6.087655091126686
1792,587196.4241327335,517563.2523341976,N,10.11207656415693,9.479463366215741,3.07887371715953,10.11207656415693,9.479463366215741
1793,587196.7121894556,517563.2523341976,N,9.746756663902367,11.955064619144757,3.4576096684190305,9.746756663902367,11.955064619144757
1794,587197.0002461778,517563.2523341976,N,9.420726809523595,13.701268543236885,3.7015224628842773,9.420726809523595,13.701268543236885
1795,587197.2883028999,517563.2523341976,N,9.153819210635234,14.912436309329383,3.8616623764033777,9.153819210635234,14.912436309329383
1796,587197.5763596221,517563.2523341976,N,8.965912669608214,15.773264575545552,3.971556946028289,8.965912669608214,15.773264575545552
1797,587197.8644163442,517563.2523341976,N,8.871499517606935,16.433275152464578,4.053797621054186,8.871499517606935,16.433275152464578
1798,587198.1524730665,517563.2523341976,N,8.875117072491687,16.982745718266436,4.121012705424048,8.875117072491687,16.982745718266436
1799,587198.4405297886,517563.2523341976,N,8.971014290257106,17.44764776293776,4.177038156749081,8.971014290257106,17.44764776293776
1800,587198.7285865108,517563.2523341976,N,9.147689721814796,17.808638423518993,4.220028249137557,9.147689721814796,17.808638423518993
1801,587199.0166432329,517563.2523341976,N,9.394451117514302,18.030851242407625,4.246274984313619,9.394451117514302,18.030851242407625
1802,587199.304699955,517563.2523341976,N,9.706740510328757,18.08824331525854,4.253027546966813,9.706740510328757,18.08824331525854
1803,587199.5927566772,517563.2523341976,N,10.088866001907755,17.975821628109404,4.2397902811470995,10.088866001907755,17.975821628109404
1804,587199.8808133993,517563.2523341976,N,10.554120809073932,17.710263345878978,4.208356371064477,10.554120809073932,17.710263345878978
1805,587200.1688701215,517563.2523341976,N,11.122326019053066,17.31996975699038,4.161726775869648,11.122326019053066,17.31996975699038
1806,587200.4569268436,517563.2523341976,N,11.814741442528376,16.82487778690508,4.1018139629809,11.814741442528376,16.82487778690508
1807,587200.7449835659,517563.2523341976,N,12.647284974647278,16.21028555950588,4.026199890654447,12.647284974647278,16.21028555950588
1808,587201.033040288,517563.2523341976,N,13.624867955172125,15.406541691079909,3.925116774196649,13.624867955172125,15.406541691079909
1809,587201.3210970102,517563.2523341976,N,14.74002718958118,14.287375897417085,3.7798645342680053,14.74002718958118,14.287375897417085
1810,587201.6091537323,517563.2523341976,N,15.976260014608018,12.687695107187094,3.5619790997684273,15.976260014608018,12.687695107187094
1811,587201.8972104545,517563.2523341976,N,17.313002254279922,10.42974275241277,3.229511225001822,17.313002254279922,10.42974275241277
1812,587202.1852671766,517563.2523341976,N,18.727524555761214,7.355326435938085,2.7120705071841487,18.727524555761214,7.355326435938085
1813,587202.4733238987,517563.2523341976,N,20.1731655017039,3.4923889933115455,1.868793459243569,20.1731655017039,3.4923889933115455
1814,587202.7613806209,517563.2523341976,N,21.023626629843783,2.860566534738641,1.6913209437415009,21.023626629843783,2.860566534738641
1815,587203.049437343,517563.2523341976,N,21.081576747229988,6.716624330337581,2.591645101154396,21.081576747229988,6.716624330337581
1816,587203.3374940652,517563.2523341976,N,21.10653930612611,9.918336596945386,3.1493390730350685,21.10653930612611,9.918336596945386
1817,587203.6255507873,517563.2523341976,N,21.126769742806967,12.320563845239626,3.5100660741985505,21.126769742806967,12.320563845239626
1818,587203.9136075096,517563.2523341976,N,21.125284419497888,14.085763959397605,3.753100579440632,21.125284419497888,14.085763959397605
1819,587204.2016642317,517563.2523341976,N,21.079400438543132,15.42089486863745,3.926944724418393,21.079400438543132,15.42089486863745
1820,587204.4897209539,517563.2523341976,N,20.967764023681987,16.537476732671248,4.066629652755615,20.967764023681987,16.537476732671248
1821,587204.777777676,517563.2523341976,N,20.777263173302256,17.609988524145315,4.196425684334862,20.777263173302256,17.609988524145315
1822,587205.0658343981,517563.2523341976,N,20.508513338128328,18.73773950598038,4.328711067509632,20.508513338128328,18.73773950598038
1823,587205.3538911203,517563.2523341976,N,20.17585198460446,19.937825743539452,4.465179250997596,20.17585198460446,19.937825743539452
1824,587205.6419478424,517563.2523341976,N,19.801751066166645,21.173854742920472,4.6015057038887255,19.801751066166645,21.173854742920472
1825,587205.9300045646,517563.2523341976,N,19.40993194457183,22.394971290469016,4.73233254225324,19.40993194457183,22.394971290469016
1826,587206.2180612867,517563.2523341976,N,19.020793136592015,23.56130717839152,4.85399909130518,19.020793136592015,23.56130717839152
1827,587206.506118009,517563.2523341976,N,18.649654967344546,24.6517089188848,4.9650487327804544,18.649654967344546,24.6517089188848
1828,587206.7941747311,517563.2523341976,N,18.306736536810323,25.6608418222208,5.065653148629582,18.306736536810323,25.6608418222208
1829,587207.0822314533,517563.2523341976,N,17.997851224516733,26.5929278759379,5.156833124693672,17.997851224516733,26.5929278759379
1830,587207.3702881754,517563.2523341976,N,17.72529922469226,27.45610007804062,5.2398568757209985,17.72529922469226,27.45610007804062
1831,587207.6583448976,517563.2523341976,N,17.488760072317888,28.258740103603856,5.315895042568453,17.488760072317888,28.258740103603856
1832,587192.6793953455,517563.5403909198,N,10.753588057371257,23.339795858987067,4.8311278040419365,10.753588057371257,23.339795858987067
1833,587192.9674520676,517563.5403909198,N,10.597296212258229,22.240523270226483,4.715985927695977,10.597296212258229,22.240523270226483
1834,587193.2555087898,517563.5403909198,N,10.470799166443719,21.12233194110876,4.595903822003759,10.470799166443719,21.12233194110876
1835,587193.5435655119,517563.5403909198,N,10.38233343850493,19.987387477630218,4.470725609745046,10.38233343850493,19.987387477630218
1836,587193.8316222341,517563.5403909198,N,10.337153086481493,18.807473696371147,4.336758431867188,10.337153086481493,18.807473696371147
1837,587194.1196789562,517563.5403909198,N,10.335682878445745,17.51114663922824,4.184632198799345,10.335682878445745,17.51114663922824
1838,587194.4077356784,517563.5403909198,N,10.373037866976306,15.984312590133849,3.9980385928769935,10.373037866976306,15.984312590133849
1839,587194.6957924005,517563.5403909198,N,10.440121163464037,14.08714245479803,3.753284222490755,10.440121163464037,14.08714245479803
1840,587194.9838491228,517563.5403909198,N,10.52518620371563,11.686210327874361,3.418509957258332,10.52518620371563,11.686210327874361
1841,587195.2719058449,517563.5403909198,N,10.613018197967548,8.72527760621709,2.9538580883680057,10.613018197967548,8.72527760621709
1842,587195.5599625671,517563.5403909198,N,10.669121643376922,5.5517347259250895,2.3562119441860676,10.669121643376922,5.5517347259250895
1843,587195.8480192892,517563.5403909198,N,10.553320091945206,4.518305110317134,2.1256305206496102,10.553320091945206,4.518305110317134
1844,587196.1360760113,517563.5403909198,N,10.189466844229479,6.929058697608104,2.63231052454077,10.189466844229479,6.929058697608104
1845,587196.4241327335,517563.5403909198,N,9.76175692828729,9.60167471385098,3.0986569209660786,9.76175692828729,9.60167471385098
1846,587196.7121894556,517563.5403909198,N,9.342052265035434,11.637942957643828,3.4114429436301332,9.342052265035434,11.637942957643828
1847,587197.0002461778,517563.5403909198,N,8.963222202166492,13.03407948788402,3.6102741568867067,8.963222202166492,13.03407948788402
1848,587197.2883028999,517563.5403909198,N,8.65754758376657,13.961444216503379,3.7365016012981154,8.65754758376657,13.961444216503379
1849,587197.5763596221,517563.5403909198,N,8.457988697322426,14.63545281672514,3.825631035100633,8.457988697322426,14.63545281672514
1850,587197.8644163442,517563.5403909198,N,8.389345268453258,15.243549239948656,3.904298815401897,8.389345268453258,15.243549239948656
1851,587198.1524730665,517563.5403909198,N,8.458167924980094,15.884001058058946,3.9854737557859976,8.458167924980094,15.884001058058946
1852,587198.4405297886,517563.5403909198,N,8.65135910696414,16.55079132183161,4.068266377934416,8.65135910696414,16.55079132183161
1853,587198.7285865108,517563.5403909198,N,8.945543924569973,17.17487232906005,4.14425775369487,8.945543924569973,17.17487232906005
1854,587199.0166432329,517563.5403909198,N,9.31897159443924,17.680232772970687,4.2047868879374475,9.31897159443924,17.680232772970687
1855,587199.304699955,517563.5403909198,N,9.758693265315472,18.01689688224197,4.2446315366874865,9.758693265315472,18.01689688224197
1856,587199.5927566772,517563.5403909198,N,10.262342614923465,18.16720069674784,4.262299930407038,10.262342614923465,18.16720069674784
1857,587199.8808133993,517563.5403909198,N,10.836625647744864,18.13687789629974,4.258741351185787,10.836625647744864,18.13687789629974
1858,587200.1688701215,517563.5403909198,N,11.49403817688766,17.939703591487138,4.235528726320616,11.49403817688766,17.939703591487138
1859,587200.4569268436,517563.5403909198,N,12.248514988370596,17.579872567789373,4.192835862252346,12.248514988370596,17.579872567789373
1860,587200.7449835659,517563.5403909198,N,13.110782585531496,17.035860926027706,4.1274521106885915,13.110782585531496,17.035860926027706
1861,587201.033040288,517563.5403909198,N,14.084655982702907,16.251371902110282,4.031299034072055,14.084655982702907,16.251371902110282
1862,587201.3210970102,517563.5403909198,N,15.165305002089978,15.139003674563924,3.890887260582594,15.165305002089978,15.139003674563924
1863,587201.6091537323,517563.5403909198,N,16.33899636889455,13.600199642268711,3.6878448506232893,16.33899636889455,13.600199642268711
1864,587201.8972104545,517563.5403909198,N,17.581086389333535,11.570008137812263,3.4014714665585926,17.581086389333535,11.570008137812263
1865,587202.1852671766,517563.5403909198,N,18.84281321390557,9.134975780953837,3.022412245368563,18.84281321390557,9.134975780953837
1866,587202.4733238987,517563.5403909198,N,19.997315285679022,6.918790819981274,2.6303594469161955,19.997315285679022,6.918790819981274
1867,587202.7613806209,517563.5403909198,N,20.773437621507064,6.555170434060876,2.560306707029624,20.773437621507064,6.555170434060876
1868,587203.049437343,517563.5403909198,N,21.121609414733236,8.258243183456301,2.8737159190595545,21.121609414733236,8.258243183456301
1869,587203.3374940652,517563.5403909198,N,21.289944262230193,10.32656843901482,3.213497851098522,21.289944262230193,10.32656843901482
1870,587203.6255507873,517563.5403909198,N,21.39509004801862,11.993027872752236,3.4630951290359087,21.39509004801862,11.993027872752236
1871,587203.9136075096,517563.5403909198,N,21.454012034598314,13.1726269179934,3.6294113734865325,21.454012034598314,13.1726269179934
1872,587204.2016642317,517563.5403909198,N,21.449129387133116,14.020704885577537,3.7444231712745206,21.449129387133116,14.020704885577537
1873,587204.4897209539,517563.5403909198,N,21.35249459025323,14.780667622143767,3.8445633851119903,21.35249459025323,14.780667622143767
1874,587204.777777676,517563.5403909198,N,21.143802534222125,15.673672540326649,3.9589989315894805,21.143802534222125,15.673672540326649
1875,587205.0658343981,517563.5403909198,N,20.825228187377235,16.7994041471865,4.098707619138806,20.825228187377235,16.7994041471865
1876,587205.3538911203,517563.5403909198,N,20.422404684694683,18.117679086364824,4.256486706940928,20.422404684694683,18.117679086364824
1877,587205.6419478424,517563.5403909198,N,19.971771946907904,19.518692474872424,4.417996432193266,19.971771946907904,19.518692474872424
1878,587205.9300045646,517563.5403909198,N,19.507552608063808,20.900264656928265,4.571680725611563,19.507552608063808,20.900264656928265
1879,587206.2180612867,517563.5403909198,N,19.05589267520446,22.200702820748184,4.7117621778638386,19.05589267520446,22.200702820748184
1880,587206.506118009,517563.5403909198,N,18.634362416537734,23.396854593464873,4.8370295216656345,18.634362416537734,23.396854593464873
1881,587206.7941747311,517563.5403909198,N,18.253366093158988,24.490157807668844,4.9487531568738445,18.253366093158988,24.490157807668844
1882,587207.0822314533,517563.5403909198,N,17.917762951986475,25.49319268213311,5.0490783992856665,17.917762951986475,25.49319268213311
1883,587207.3702881754,517563.5403909198,N,17.628284233588218,26.420610021217524,5.140098250152182,17.628284233588218,26.420610021217524
1884,587207.6583448976,517563.5403909198,N,17.382752952387257,27.28454195156479,5.223460725569284,17.382752952387257,27.28454195156479
1885,587207.9464016197,517563.5403909198,N,17.17714595927882,28.093311283548395,5.300312376034869,17.17714595927882,28.093311283548395
1886,587192.9674520676,517563.8284476419,N,10.834189435117814,23.63713678068156,4.861803860778585,10.834189435117814,23.63713678068156
1887,587193.2555087898,517563.8284476419,N,10.707628411572385,22.577063079254188,4.75153270842727,10.707628411572385,22.577063079254188
1888,587193.5435655119,517563.8284476419,N,10.608946820132848,21.463371864660644,4.632857850685756,10.608946820132848,21.463371864660644
1889,587193.8316222341,517563.8284476419,N,10.540554289934377,20.264486135532326,4.5016092828601115,10.540554289934377,20.264486135532326
1890,587194.1196789562,517563.8284476419,N,10.50134086804765,18.92454281436686,4.350234799912168,10.50134086804765,18.92454281436686
1891,587194.4077356784,517563.8284476419,N,10.486150555077614,17.36941711989017,4.167663268534319,10.486150555077614,17.36941711989017
1892,587194.6957924005,517563.8284476419,N,10.485709551353636,15.527796157836494,3.940532471359232,10.485709551353636,15.527796157836494
1893,587194.9838491228,517563.8284476419,N,10.485976811938464,13.377516963387475,3.657528805544459,10.485976811938464,13.377516963387475
1894,587195.2719058449,517563.8284476419,N,10.464397005437883,11.05058953303823,3.324242700682101,10.464397005437883,11.05058953303823
1895,587195.5599625671,517563.8284476419,N,10.379271375164624,9.058205188264091,3.0096852307615314,10.379271375164624,9.058205188264091
1896,587195.8480192892,517563.8284476419,N,10.167396779090943,8.359458374525738,2.8912727948994608,10.167396779090943,8.359458374525738
1897,587196.1360760113,517563.8284476419,N,9.810859108998251,9.191960670939993,3.0318246438308387,9.810859108998251,9.191960670939993
1898,587196.4241327335,517563.8284476419,N,9.370349769260446,10.566707364969863,3.250647222472759,9.370349769260446,10.566707364969863
1899,587196.7121894556,517563.8284476419,N,8.908766561979505,11.718976822393298,3.4232991137780084,8.908766561979505,11.718976822393298
1900,587197.0002461778,517563.8284476419,N,8.474722376052458,12.440725541515762,3.527141270422233,8.474722376052458,12.440725541515762
1901,587197.2883028999,517563.8284476419,N,8.118610573368345,12.831065717974377,3.5820476990088195,8.118610573368345,12.831065717974377
1902,587197.5763596221,517563.8284476419,N,7.896348030378048,13.13743067200646,3.6245593762561623,7.896348030378048,13.13743067200646
1903,587197.8644163442,517563.8284476419,N,7.8537478041025945,13.613046277540645,3.6895861932662104,7.8537478041025945,13.613046277540645
1904,587198.1524730665,517563.8284476419,N,8.001532765720386,14.361783437603082,3.7896943725850876,8.001532765720386,14.361783437603082
1905,587198.4405297886,517563.8284476419,N,8.310849191733348,15.296135677746722,3.911027445281703,8.310849191733348,15.296135677746722
1906,587198.7285865108,517563.8284476419,N,8.736684841780466,16.244828528395395,4.030487380999399,8.736684841780466,16.244828528395395
1907,587199.0166432329,517563.8284476419,N,9.241513605301979,17.066736428134504,4.131190679227298,9.241513605301979,17.066736428134504
1908,587199.304699955,517563.8284476419,N,9.803606290937001,17.687570049497108,4.205659288327706,9.803606290937001,17.687570049497108
1909,587199.5927566772,517563.8284476419,N,10.41551948134444,18.086925891741252,4.252872663475977,10.41551948134444,18.086925891741252
1910,587199.8808133993,517563.8284476419,N,11.079840376688505,18.273220048701596,4.274718709892102,11.079840376688505,18.273220048701596
1911,587200.1688701215,517563.8284476419,N,11.804803239483956,18.261309987328456,4.2733254015261295,11.804803239483956,18.261309987328456
1912,587200.4569268436,517563.8284476419,N,12.60019025674422,18.055923024671827,4.249226167747703,12.60019025674422,18.055923024671827
1913,587200.7449835659,517563.8284476419,N,13.47362482559908,17.641838059433795,4.200218810899474,13.47362482559908,17.641838059433795
1914,587201.033040288,517563.8284476419,N,14.427535790059332,16.98256256544495,4.1209904835421485,14.427535790059332,16.98256256544495
1915,587201.3210970102,517563.8284476419,N,15.456870869187572,16.0301619493263,4.003768468496436,15.456870869187572,16.0301619493263
1916,587201.6091537323,517563.8284476419,N,16.546736004650864,14.750445194874194,3.840630832932813,16.546736004650864,14.750445194874194
1917,587201.8972104545,517563.8284476419,N,17.66757437001991,13.173255828542601,3.629498013299167,17.66757437001991,13.173255828542601
1918,587202.1852671766,517563.8284476419,N,18.764017556894366,11.486653340293083,3.38919656265214,18.764017556894366,11.486653340293083
1919,587202.4733238987,517563.8284476419,N,19.74004233767608,10.153887034528404,3.186516441904608,19.74004233767608,10.153887034528404
1920,587202.7613806209,517563.8284476419,N,20.484345730985922,9.760344804878333,3.1241550545512835,20.484345730985922,9.760344804878333
1921,587203.049437343,517563.8284476419,N,20.97654016243277,10.323611242510205,3.2130376970260097,20.97654016243277,10.323611242510205
1922,587203.3374940652,517563.8284476419,N,21.300145439944252,11.223858591872196,3.3502027687697047,21.300145439944252,11.223858591872196
1923,587203.6255507873,517563.8284476419,N,21.53090817887724,11.937793786675373,3.4551112553252716,21.53090817887724,11.937793786675373
1924,587203.9136075096,517563.8284476419,N,21.693500848592265,12.302103952410079,3.50743552362835,21.693500848592265,12.302103952410079
1925,587204.2016642317,517563.8284476419,N,21.770725571255976,12.44345246464141,3.5275278120294686,21.770725571255976,12.44345246464141
1926,587204.4897209539,517563.8284476419,N,21.71973290737166,12.681935112326894,3.5611704694281197,21.71973290737166,12.681935112326894
1927,587204.777777676,517563.8284476419,N,21.502207428248322,13.350833370996693,3.6538792222782477,21.502207428248322,13.350833370996693
1928,587205.0658343981,517563.8284476419,N,21.122631634654475,14.547735230142957,3.814149345547832,21.122631634654475,14.547735230142957
1929,587205.3538911203,517563.8284476419,N,20.630896277070043,16.09613536795814,4.011998924221957,20.630896277070043,16.09613536795814
1930,587205.6419478424,517563.8284476419,N,20.088195724759636,17.747672250092595,4.2127986244410724,20.088195724759636,17.747672250092595
1931,587205.9300045646,517563.8284476419,N,19.54250455750204,19.33297558968588,4.396927971855564,19.54250455750204,19.33297558968588
1932,587206.2180612867,517563.8284476419,N,19.02495631367575,20.77914331716335,4.558414561792658,19.02495631367575,20.77914331716335
1933,587206.506118009,517563.8284476419,N,18.553811204345617,22.07626435175289,4.69853853360307,18.553811204345617,22.07626435175289
1934,587206.7941747311,517563.8284476419,N,18.1383670346153,23.244147084205235,4.8212184232002215,18.1383670346153,23.244147084205235
1935,587207.0822314533,517563.8284476419,N,17.78156454283614,24.310368554567525,4.930554588945094,17.78156454283614,24.310368554567525
1936,587207.3702881754,517563.8284476419,N,17.481787965610334,25.298673751825024,5.029778698096471,17.481787965610334,25.298673751825024
1937,587207.6583448976,517563.8284476419,N,17.234335751342474,26.224890365617185,5.121024347297832,17.234335751342474,26.224890365617185
1938,587207.9464016197,517563.8284476419,N,17.032724491856854,27.09743488739236,5.2055196558453565,17.032724491856854,27.09743488739236
1939,587208.2344583418,517563.8284476419,N,16.869793975385175,27.91981097144,5.283920038327605,16.869793975385175,27.91981097144
1940,587193.2555087898,517564.11650436406,N,10.924513057791996,23.89963932757764,4.888725736587975,10.924513057791996,23.89963932757764
1941,587193.5435655119,517564.11650436406,N,10.812568548562224,22.825282680425097,4.777581258380133,10.812568548562224,22.825282680425097
1942,587193.8316222341,517564.11650436406,N,10.71995899167064,21.654513931671932,4.6534410850113845,10.71995899167064,21.654513931671932
1943,587194.1196789562,517564.11650436406,N,10.644120100435924,20.350640919196827,4.511168464954155,10.644120100435924,20.350640919196827
1944,587194.4077356784,517564.11650436406,N,10.579004919473203,18.875766004724547,4.34462495558875,10.579004919473203,18.875766004724547
1945,587194.6957924005,517564.11650436406,N,10.514509207003856,17.212424060995485,4.148785853836697,10.514509207003856,17.212424060995485
1946,587194.9838491228,517564.11650436406,N,10.43540882404211,15.403315180287915,3.924705744420582,10.43540882404211,15.403315180287915
1947,587195.2719058449,517564.11650436406,N,10.319314586728112,13.612123667244171,3.689461162181298,10.319314586728112,13.612123667244171
1948,587195.5599625671,517564.11650436406,N,10.135447622062095,12.168168625423789,3.4882902151948008,10.135447622062095,12.168168625423789
1949,587195.8480192892,517564.11650436406,N,9.85312083502104,11.435486328198492,3.3816395917067346,9.85312083502104,11.435486328198492
1950,587196.1360760113,517564.11650436406,N,9.464905149685162,11.433942766949844,3.381411357251561,9.464905149685162,11.433942766949844
1951,587196.4241327335,517564.11650436406,N,8.99568874240608,11.749921397962543,3.4278158348958225,8.99568874240608,11.749921397962543
1952,587196.7121894556,517564.11650436406,N,8.48556916696019,11.937356002103737,3.4550479015642805,8.48556916696019,11.937356002103737
1953,587197.0002461778,517564.11650436406,N,7.981712933427689,11.795440928075626,3.4344491447793524,7.981712933427689,11.795440928075626
1954,587197.2883028999,517564.11650436406,N,7.54817007162657,11.410960101113437,3.3780112642076014,7.54817007162657,11.410960101113437
1955,587197.5763596221,517564.11650436406,N,7.275409832621923,11.13472802216213,3.3368739895540154,7.275409832621923,11.13472802216213
1956,587197.8644163442,517564.11650436406,N,7.254653281748606,11.407334329371823,3.3774745490339115,7.254653281748606,11.407334329371823
1957,587198.1524730665,517564.11650436406,N,7.5061772837650835,12.36131783099171,3.5158665832183837,7.5061772837650835,12.36131783099171
1958,587198.4405297886,517564.11650436406,N,7.962559821491094,13.706040053482168,3.7021669402502866,7.962559821491094,13.706040053482168
1959,587198.7285865108,517564.11650436406,N,8.538996410035296,15.073118529453053,3.8824114322741545,8.538996410035296,15.073118529453053
1960,587199.0166432329,517564.11650436406,N,9.179400240612447,16.24395110525362,4.030378531261501,9.179400240612447,16.24395110525362
1961,587199.304699955,517564.11650436406,N,9.856767076855022,17.14137616586058,4.140214507227927,9.856767076855022,17.14137616586058
1962,587199.5927566772,517564.11650436406,N,10.5625068092862,17.765577331780722,4.214923170329528,10.5625068092862,17.765577331780722
1963,587199.8808133993,517564.11650436406,N,11.298284332040755,18.145688732839115,4.259775666961714,11.298284332040755,18.145688732839115
1964,587200.1688701215,517564.11650436406,N,12.070767927780405,18.310887013295815,4.279122224626894,12.070767927780405,18.310887013295815
1965,587200.4569268436,517564.11650436406,N,12.887865908773943,18.275449638549386,4.274979489839616,12.887865908773943,18.275449638549386
1966,587200.7449835659,517564.11650436406,N,13.75565484965151,18.034451983215032,4.246698951328553,13.75565484965151,18.034451983215032
1967,587201.033040288,517564.11650436406,N,14.675749848407703,17.56862642524486,4.191494533605509,14.675749848407703,17.56862642524486
1968,587201.3210970102,517564.11650436406,N,15.642947155760266,16.858115943678584,4.1058636050992465,15.642947155760266,16.858115943678584
1969,587201.6091537323,517564.11650436406,N,16.642665238271686,15.906131038968516,3.9882491194719165,16.642665238271686,15.906131038968516
1970,587201.8972104545,517564.11650436406,N,17.647493642077496,14.773675262008831,3.843653894669606,17.647493642077496,14.773675262008831
1971,587202.1852671766,517564.11650436406,N,18.613435551815446,13.617803271860641,3.690230788427824,18.613435551815446,13.617803271860641
1972,587202.4733238987,517564.11650436406,N,19.48211467829854,12.689270986839173,3.562200301336124,19.48211467829854,12.689270986839173
1973,587202.7613806209,517564.11650436406,N,20.202201830471733,12.201449363788008,3.493057308975621,20.202201830471733,12.201449363788008
1974,587203.049437343,517564.11650436406,N,20.763798476078435,12.114655084981576,3.480611309092352,20.763798476078435,12.114655084981576
1975,587203.3374940652,517564.11650436406,N,21.20089672941818,12.130649691314666,3.4829082232115542,21.20089672941818,12.130649691314666
1976,587203.6255507873,517564.11650436406,N,21.5551283503425,11.930453579036252,3.454048867493952,21.5551283503425,11.930453579036252
1977,587203.9136075096,517564.11650436406,N,21.844125667286608,11.370154487993409,3.3719659677988165,21.844125667286608,11.370154487993409
1978,587204.2016642317,517564.11650436406,N,22.044355740681734,10.585585505146422,3.253549677682273,22.044355740681734,10.585585505146422
1979,587204.4897209539,517564.11650436406,N,22.080265731489597,10.074990921033674,3.1741126194629063,22.080265731489597,10.074990921033674
1980,587204.777777676,517564.11650436406,N,21.860226226643295,10.500351742211283,3.240424623750919,21.860226226643295,10.500351742211283
1981,587205.0658343981,517564.11650436406,N,21.389521361367468,11.96778832268716,3.459449135727704,21.389521361367468,11.96778832268716
1982,587205.3538911203,517564.11650436406,N,20.776736492413775,13.94620432913795,3.7344617187940155,20.776736492413775,13.94620432913795
1983,587205.6419478424,517564.11650436406,N,20.123897334593977,15.948995446117998,3.9936193416646506,20.123897334593977,15.948995446117998
1984,587205.9300045646,517564.11650436406,N,19.49058397314965,17.759907331889547,4.2142505065420055,19.49058397314965,17.759907331889547
1985,587206.2180612867,517564.11650436406,N,18.908026071888614,19.33448616624274,4.397099744859416,18.908026071888614,19.33448616624274
1986,587206.506118009,517564.11650436406,N,18.39210347135612,20.703645273543817,4.550125852495051,18.39210347135612,20.703645273543817
1987,587206.7941747311,517564.11650436406,N,17.949460339324943,21.920571063105978,4.681940950407852,17.949460339324943,21.920571063105978
1988,587207.0822314533,517564.11650436406,N,17.580217337571526,23.034058408262943,4.799381044287164,17.580217337571526,23.034058408262943
1989,587207.3702881754,517564.11650436406,N,17.279659359890267,24.0775075724059,4.906883692569643,17.279659359890267,24.0775075724059
1990,587207.6583448976,517564.11650436406,N,17.039837555116723,25.067957093893305,5.00679109748882,17.039837555116723,25.067957093893305
1991,587207.9464016197,517564.11650436406,N,16.85118108458138,26.010548088943516,5.100053733927076,16.85118108458138,26.010548088943516
1992,587208.2344583418,517564.11650436406,N,16.70389665560327,26.904364686144707,5.186941746939588,16.70389665560327,26.904364686144707
1993,587208.522515064,517564.11650436406,N,16.58896701910148,27.74705074374578,5.26754693797272,16.58896701910148,27.74705074374578
1994,587193.5435655119,517564.4045610862,N,10.999313914938378,24.09840956244279,4.9090130945479045,10.999313914938378,24.09840956244279
1995,587193.8316222341,517564.4045610862,N,10.883449249843089,22.987864245556498,4.794566116506946,10.883449249843089,22.987864245556498
1996,587194.1196789562,517564.4045610862,N,10.774194036007293,21.765171822657628,4.665315833109012,10.774194036007293,21.765171822657628
1997,587194.4077356784,517564.4045610862,N,10.664862305231676,20.41715969036511,4.5185351266052045,10.664862305231676,20.41715969036511
1998,587194.6957924005,517564.4045610862,N,10.545202591740239,18.95398883353107,4.353617901645833,10.545202591740239,18.95398883353107
1999,587194.9838491228,517564.4045610862,N,10.400811577859654,17.431747383872246,4.175134415066448,10.400811577859654,17.431747383872246
2000,587195.2719058449,517564.4045610862,N,10.21286955339507,15.97161893244329,3.996450791945685,10.21286955339507,15.97161893244329
2001,587195.5599625671,517564.4045610862,N,9.959788656356178,14.744539026305132,3.839861849898396,9.959788656356178,14.744539026305132
2002,587195.8480192892,517564.4045610862,N,9.623248650159399,13.878765017715088,3.7254214550457356,9.623248650159399,13.878765017715088
2003,587196.1360760113,517564.4045610862,N,9.197087732988553,13.327232841742621,3.6506482769150224,9.197087732988553,13.327232841742621
2004,587196.4241327335,517564.4045610862,N,8.69084216221243,12.851603721255449,3.5849133491976413,8.69084216221243,12.851603721255449
2005,587196.7121894556,517564.4045610862,N,8.126085396457428,12.16473117970436,3.4877974682748367,8.126085396457428,12.16473117970436
2006,587197.0002461778,517564.4045610862,N,7.536482123948453,11.089706776908534,3.3301211354706806,7.536482123948453,11.089706776908534
2007,587197.2883028999,517564.4045610862,N,6.98384934602602,9.693166651506841,3.1133850792195368,6.98384934602602,9.693166651506841
2008,587197.5763596221,517564.4045610862,N,6.599193321378911,8.49316681652063,2.9143038305092057,6.599193321378911,8.49316681652063
2009,587197.8644163442,517564.4045610862,N,6.5863125504853866,8.47760459871018,2.9116326345729435,6.5863125504853866,8.47760459871018
2010,587198.1524730665,517564.4045610862,N,6.995723922476262,9.915619936384699,3.148907737039099,6.995723922476262,9.915619936384699
2011,587198.4405297886,517564.4045610862,N,7.647506275589167,11.921978055291497,3.4528217526092333,7.647506275589167,11.921978055291497
2012,587198.7285865108,517564.4045610862,N,8.391547294944585,13.798803293083015,3.714674049372706,8.391547294944585,13.798803293083015
2013,587199.0166432329,517564.4045610862,N,9.163749639621976,15.31007960734498,3.9128096819734255,9.163749639621976,15.31007960734498
2014,587199.304699955,517564.4045610862,N,9.942418925771928,16.436616137861357,4.054209681042824,9.942418925771928,16.436616137861357
2015,587199.5927566772,517564.4045610862,N,10.72346740641077,17.23369203654191,4.1513482191382005,10.72346740641077,17.23369203654191
2016,587199.8808133993,517564.4045610862,N,11.51055406144862,17.76909925380579,4.215340941585365,11.51055406144862,17.76909925380579
2017,587200.1688701215,517564.4045610862,N,12.31066850022281,18.09473472410341,4.253790630026754,12.31066850022281,18.09473472410341
2018,587200.4569268436,517564.4045610862,N,13.13136765838628,18.236127437727898,4.270377903386057,13.13136765838628,18.236127437727898
2019,587200.7449835659,517564.4045610862,N,13.97842868212786,18.194691757904774,4.265523620600966,13.97842868212786,18.194691757904774
2020,587201.033040288,517564.4045610862,N,14.853662329710565,17.95876971858323,4.237778866173084,14.853662329710565,17.95876971858323
2021,587201.3210970102,517564.4045610862,N,15.752905052239994,17.51980668415654,4.185666814756824,15.752905052239994,17.51980668415654
2022,587201.6091537323,517564.4045610862,N,16.66420321285565,16.89101074659121,4.1098674852835835,16.66420321285565,16.89101074659121
2023,587201.8972104545,517564.4045610862,N,17.56642487000676,16.125012681721742,4.015596180110961,17.56642487000676,16.125012681721742
2024,587202.1852671766,517564.4045610862,N,18.42959454524556,15.320441864229757,3.914133603267747,18.42959454524556,15.320441864229757
2025,587202.4733238987,517564.4045610862,N,19.22003407261273,14.596075159453184,3.8204810115289387,19.22003407261273,14.596075159453184
2026,587202.7613806209,517564.4045610862,N,19.912559538739956,14.017860349713544,3.7440433156833994,19.912559538739956,14.017860349713544
2027,587203.049437343,517564.4045610862,N,20.503567919357863,13.520400026724491,3.6770096582310594,20.503567919357863,13.520400026724491
2028,587203.3374940652,517564.4045610862,N,21.011756633584486,12.90850819720054,3.5928412429719936,21.011756633584486,12.90850819720054
2029,587203.6255507873,517564.4045610862,N,21.464346452536024,11.947790821874154,3.4565576549327446,21.464346452536024,11.947790821874154
2030,587203.9136075096,517564.4045610862,N,21.87903715356082,10.47585813472582,3.236643034800999,21.87903715356082,10.47585813472582
2031,587204.2016642317,517564.4045610862,N,22.24047299343954,8.547688672253916,2.9236430480231195,22.24047299343954,8.547688672253916
2032,587204.4897209539,517564.4045610862,N,22.43938126479449,6.835082864361686,2.6143991402159092,22.43938126479449,6.835082864361686
2033,587204.777777676,517564.4045610862,N,22.221438866140495,7.011693813530345,2.647960311925076,22.221438866140495,7.011693813530345
2034,587205.0658343981,517564.4045610862,N,21.585447801194753,9.236619344410343,3.039180702822776,21.585447801194753,9.236619344410343
2035,587205.3538911203,517564.4045610862,N,20.809796998890413,11.907793544053037,3.4507670950171407,20.809796998890413,11.907793544053037
2036,587205.6419478424,517564.4045610862,N,20.03821163621261,14.298142341703922,3.781288449947177,20.03821163621261,14.298142341703922
2037,587205.9300045646,517564.4045610862,N,19.322009652114765,16.28066549508583,4.034930667940384,19.322009652114765,16.28066549508583
2038,587206.2180612867,517564.4045610862,N,18.683400651418136,17.909346444548447,4.2319435776659935,18.683400651418136,17.909346444548447
2039,587206.506118009,517564.4045610862,N,18.133227856951507,19.285174150454175,4.391488830733169,18.133227856951507,19.285174150454175
2040,587206.7941747311,517564.4045610862,N,17.675012763882656,20.506117013651316,4.528368029837163,17.675012763882656,20.506117013651316
2041,587207.0822314533,517564.4045610862,N,17.305836644725435,21.644026160312112,4.652314065098369,17.305836644725435,21.644026160312112
2042,587207.3702881754,517564.4045610862,N,17.017321502541144,22.73779288929373,4.768416182475448,17.017321502541144,22.73779288929373
2043,587207.6583448976,517564.4045610862,N,16.797461460208375,23.798802870500925,4.878401671705696,16.797461460208375,23.798802870500925
2044,587207.9464016197,517564.4045610862,N,16.63284948342877,24.822415269010833,4.982209878057209,16.63284948342877,24.822415269010833
2045,587208.2344583418,517564.4045610862,N,16.510581498970033,25.79888486540982,5.079260267539932,16.510581498970033,25.79888486540982
2046,587208.522515064,517564.4045610862,N,16.41945639183667,26.720187251709387,5.169157305761684,16.41945639183667,26.720187251709387
2047,587208.8105717861,517564.4045610862,N,16.350489212762387,27.582572100852325,5.251911280748402,16.350489212762387,27.582572100852325
2048,587194.1196789562,517564.69261780835,N,10.901097323018742,23.134213988684362,4.809803944932097,10.901097323018742,23.134213988684362
2049,587194.4077356784,517564.69261780835,N,10.755484100308866,21.918875740049813,4.681759897736087,10.755484100308866,21.918875740049813
2050,587194.6957924005,517564.69261780835,N,10.592281781460589,20.63014992083319,4.542042483380488,10.592281781460589,20.63014992083319
2051,587194.9838491228,517564.69261780835,N,10.398929169107564,19.312654701723122,4.394616559123574,10.398929169107564,19.312654701723122
2052,587195.2719058449,517564.69261780835,N,10.16039912076879,18.037739490135362,4.2470859998515875,10.16039912076879,18.037739490135362
2053,587195.5599625671,517564.69261780835,N,9.860954081812238,16.88037864068459,4.108573796426759,9.860954081812238,16.88037864068459
2054,587195.8480192892,517564.69261780835,N,9.48753924096484,15.867629675701831,3.983419344696442,9.48753924096484,15.867629675701831
2055,587196.1360760113,517564.69261780835,N,9.033459774596018,14.925980952236193,3.8634157105126796,9.033459774596018,14.925980952236193
2056,587196.4241327335,517564.69261780835,N,8.499665541833018,13.877687554952868,3.725276842726305,8.499665541833018,13.877687554952868
2057,587196.7121894556,517564.69261780835,N,7.893271343020295,12.495941040137197,3.534959835717684,7.893271343020295,12.495941040137197
2058,587197.0002461778,517564.69261780835,N,7.227174811528405,10.578994877473395,3.2525366834938843,7.227174811528405,10.578994877473395
2059,587197.2883028999,517564.69261780835,N,6.529916809074926,8.042443429614446,2.835920208612091,6.529916809074926,8.042443429614446
2060,587197.5763596221,517564.69261780835,N,5.911727891400645,5.277726839556783,2.297330372314087,5.911727891400645,5.277726839556783
2061,587197.8644163442,517564.69261780835,N,5.857874382267113,4.731579843493482,2.175219493176144,5.857874382267113,4.731579843493482
2062,587198.1524730665,517564.69261780835,N,6.564132284864485,7.41265843758795,2.7226197747000866,6.564132284864485,7.41265843758795
2063,587198.4405297886,517564.69261780835,N,7.455669091778297,10.328653903143405,3.213822319784248,7.455669091778297,10.328653903143405
2064,587198.7285865108,517564.69261780835,N,8.35610842402023,12.664764770916605,3.558758880693746,8.35610842402023,12.664764770916605
2065,587199.0166432329,517564.69261780835,N,9.235103665023146,14.394707445478263,3.794035772825325,9.235103665023146,14.394707445478263
2066,587199.304699955,517564.69261780835,N,10.08879253541972,15.630892241416786,3.953592321094423,10.08879253541972,15.630892241416786
2067,587199.5927566772,517564.69261780835,N,10.920373059759473,16.50707074322742,4.06288945742158,10.920373059759473,16.50707074322742
2068,587199.8808133993,517564.69261780835,N,11.735944346281368,17.13796586370369,4.139802635839502,11.735944346281368,17.13796586370369
2069,587200.1688701215,517564.69261780835,N,12.543111255117179,17.598330883643477,4.195036457963563,12.543111255117179,17.598330883643477
2070,587200.4569268436,517564.69261780835,N,13.349704121265475,17.918209100346417,4.232990562279394,13.349704121265475,17.918209100346417
2071,587200.7449835659,517564.69261780835,N,14.162056271077828,18.093784741078018,4.253678965446031,14.162056271077828,18.093784741078018
2072,587201.033040288,517564.69261780835,N,14.983097066521447,18.106861251814465,4.255215770300546,14.983097066521447,18.106861251814465
2073,587201.3210970102,517564.69261780835,N,15.810709869315783,17.944352517616714,4.236077491927729,15.810709869315783,17.944352517616714
2074,587201.6091537323,517564.69261780835,N,16.636691497062003,17.61259986574557,4.1967368115889245,16.636691497062003,17.61259986574557
2075,587201.8972104545,517564.69261780835,N,17.446690957849228,17.143694929656593,4.140494527185925,17.446690957849228,17.143694929656593
2076,587202.1852671766,517564.69261780835,N,18.22188066523773,16.589438302198147,4.073013417876026,18.22188066523773,16.589438302198147
2077,587202.4733238987,517564.69261780835,N,18.943312084145248,15.99718953465293,3.9996486764030825,18.943312084145248,15.99718953465293
2078,587202.7613806209,517564.69261780835,N,19.59866035252161,15.370004515964135,3.920459732730861,19.59866035252161,15.370004515964135
2079,587203.049437343,517564.69261780835,N,20.188118783120732,14.63252693520708,3.8252486109019217,20.188118783120732,14.63252693520708
2080,587203.3374940652,517564.69261780835,N,20.725077302261212,13.630171129862664,3.6919061648236218,20.725077302261212,13.630171129862664
2081,587203.6255507873,517564.69261780835,N,21.23110525746224,12.162450774464245,3.487470541017407,21.23110525746224,12.162450774464245
2082,587203.9136075096,517564.69261780835,N,21.728993591024427,10.0248827255693,3.1662095201627607,21.728993591024427,10.0248827255693
2083,587204.2016642317,517564.69261780835,N,22.235382617691265,7.050961632407143,2.6553646891542306,22.235382617691265,7.050961632407143
2084,587204.4897209539,517564.69261780835,N,22.7262283830144,3.330002693128218,1.8248294970019028,22.7262283830144,3.330002693128218
2085,587204.777777676,517564.69261780835,N,22.522517284687346,3.2086119904991706,1.7912598891560014,22.522517284687346,3.2086119904991706
2086,587205.0658343981,517564.69261780835,N,21.576438207414395,7.139977438061979,2.6720736213775957,21.576438207414395,7.139977438061979
2087,587205.3538911203,517564.69261780835,N,20.643569639975496,10.462106450855957,3.234517962673257,20.643569639975496,10.462106450855957
2088,587205.6419478424,517564.69261780835,N,19.78198401319942,13.032092299348385,3.6099989334275966,19.78198401319942,13.032092299348385
2089,587205.9300045646,517564.69261780835,N,19.007593474396614,14.994216497278483,3.8722366272321844,19.007593474396614,14.994216497278483
2090,587206.2180612867,517564.69261780835,N,18.33201122416296,16.52648959564201,4.065278538506557,18.33201122416296,16.52648959564201
2091,587206.506118009,517564.69261780835,N,17.76377303376113,17.803048325656786,4.219365867717184,17.76377303376113,17.803048325656786
2092,587206.7941747311,517564.69261780835,N,17.30576131367283,18.96627465163567,4.355028662550416,17.30576131367283,18.96627465163567
2093,587207.0822314533,517564.69261780835,N,16.95299718028307,20.10535572335199,4.483899611203622,16.95299718028307,20.10535572335199
2094,587207.3702881754,517564.69261780835,N,16.692943501866427,21.252905095917118,4.610087319771408,16.692943501866427,21.252905095917118
2095,587207.6583448976,517564.69261780835,N,16.508365492853898,22.400989349831104,4.73296834447803,16.508365492853898,22.400989349831104
2096,587207.9464016197,517564.69261780835,N,16.380998128529875,23.524530353232443,4.850209310249656,16.380998128529875,23.524530353232443
2097,587208.2344583418,517564.69261780835,N,16.29432487038915,24.599295984838783,4.959767734968925,16.29432487038915,24.599295984838783
2098,587208.522515064,517564.69261780835,N,16.234943745021315,25.61009172178537,5.060641433828855,16.234943745021315,25.61009172178537
2099,587208.8105717861,517564.69261780835,N,16.192846602877868,26.551481329724314,5.152812953108652,16.192846602877868,26.551481329724314
2100,587209.0986285083,517564.69261780835,N,16.161112328283142,27.425012254415847,5.236889559119597,16.161112328283142,27.425012254415847
2101,587209.3866852304,517564.69261780835,N,16.135367313237893,28.235831748418796,5.313739902217533,16.135367313237893,28.235831748418796
2102,587194.4077356784,517564.98067453055,N,10.859477229115669,23.33512978282273,4.8306448620057685,10.859477229115669,23.33512978282273
2103,587194.6957924005,517564.98067453055,N,10.664949874303606,22.18460893669378,4.710054026940007,10.664949874303606,22.18460893669378
2104,587194.9838491228,517564.98067453055,N,10.438442467766537,21.006793763549087,4.583316895387999,10.438442467766537,21.006793763549087
2105,587195.2719058449,517564.98067453055,N,10.16823365185823,19.835751389008482,4.453734544066191,10.16823365185823,19.835751389008482
2106,587195.5599625671,517564.98067453055,N,9.842612431675741,18.6939621479356,4.323651483172019,9.842612431675741,18.6939621479356
2107,587195.8480192892,517564.98067453055,N,9.451754685805092,17.564506621106023,4.191003056680587,9.451754685805092,17.564506621106023
2108,587196.1360760113,517564.98067453055,N,8.989393389088164,16.36769878164899,4.045701271924187,8.989393389088164,16.36769878164899
2109,587196.4241327335,517564.98067453055,N,8.453254618677772,14.959624461129016,3.8677673742262493,8.453254618677772,14.959624461129016
2110,587196.7121894556,517564.98067453055,N,7.844014544778746,13.154297793872228,3.6268854122886522,7.844014544778746,13.154297793872228
2111,587197.0002461778,517564.98067453055,N,7.163624961239954,10.75263355624109,3.2791208511186487,7.163624961239954,10.75263355624109
2112,587197.2883028999,517564.98067453055,N,6.414132735349503,7.562095245964197,2.7499264073724223,6.414132735349503,7.562095245964197
2113,587197.5763596221,517564.98067453055,N,5.599349373072711,3.413556908398426,1.8475813671929109,5.599349373072711,3.413556908398426
2114,587197.8644163442,517564.98067453055,N,5.416406367528779,1.8855104525692146,1.3731389050526588,5.416406367528779,1.8855104525692146
2115,587198.1524730665,517564.98067453055,N,6.493264239659082,6.248623966133212,2.499724778077221,6.493264239659082,6.248623966133212
2116,587198.4405297886,517564.98067453055,N,7.521392281192137,9.55268509622909,3.090741835907537,7.521392281192137,9.55268509622909
2117,587198.7285865108,517564.98067453055,N,8.498667297473999,11.939709738754328,3.4553885076434354,8.498667297473999,11.939709738754328
2118,587199.0166432329,517564.98067453055,N,9.430024706099557,13.604017776386176,3.688362478985244,9.430024706099557,13.604017776386176
2119,587199.304699955,517564.98067453055,N,10.319733412640765,14.74862213973812,3.8403934876179187,10.319733412640765,14.74862213973812
2120,587199.5927566772,517564.98067453055,N,11.17176527191138,15.567731065965237,3.945596414480989,11.17176527191138,15.567731065965237
2121,587199.8808133993,517564.98067453055,N,11.99097789050341,16.217051471093495,4.027040038426921,11.99097789050341,16.217051471093495
2122,587200.1688701215,517564.98067453055,N,12.784012792768014,16.785665671423054,4.097031324193538,12.784012792768014,16.785665671423054
2123,587200.4569268436,517564.98067453055,N,13.558856213391419,17.291458343441146,4.158299934280973,13.558856213391419,17.291458343441146
2124,587200.7449835659,517564.98067453055,N,14.322979501632677,17.70497172521114,4.207727620130745,14.322979501632677,17.70497172521114
2125,587201.033040288,517564.98067453055,N,15.081086859777244,17.983732239358435,4.240723079777602,15.081086859777244,17.983732239358435
2126,587201.3210970102,517564.98067453055,N,15.833520477709959,18.097707413433266,4.254140032184327,15.833520477709959,18.097707413433266
2127,587201.6091537323,517564.98067453055,N,16.5757336797736,18.03985325787188,4.247334841741569,16.5757336797736,18.03985325787188
2128,587201.8972104545,517564.98067453055,N,17.298898423161777,17.82421229470531,4.221873078943196,17.298898423161777,17.82421229470531
2129,587202.1852671766,517564.98067453055,N,17.99176039859831,17.474262934648497,4.18022283313324,17.99176039859831,17.474262934648497
2130,587202.4733238987,517564.98067453055,N,18.6437768970426,17.00315435785559,4.123488129952066,18.6437768970426,17.00315435785559
2131,587202.7613806209,517564.98067453055,N,19.24891100261889,16.39050116276946,4.048518391062274,19.24891100261889,16.39050116276946
2132,587203.049437343,517564.98067453055,N,19.808489844013103,15.56594027862494,3.9453694730183306,19.808489844013103,15.56594027862494
2133,587203.3374940652,517564.98067453055,N,20.33146038117148,14.40942051641239,3.7959742512841665,20.33146038117148,14.40942051641239
2134,587203.6255507873,517564.98067453055,N,20.83175029392961,12.768841695641642,3.573351605375777,20.83175029392961,12.768841695641642
2135,587203.9136075096,517564.98067453055,N,21.323514585103144,10.489244679376101,3.2387103419997443,21.323514585103144,10.489244679376101
2136,587204.2016642317,517564.98067453055,N,21.811648670572232,7.470943268768783,2.7333026302933936,21.811648670572232,7.470943268768783
2137,587204.4897209539,517564.98067453055,N,22.234941829301775,4.033364194271,2.008323727458051,22.234941829301775,4.033364194271
2138,587204.777777676,517564.98067453055,N,22.017640674390698,3.8249619906305994,1.9557510042514612,22.017640674390698,3.8249619906305994
2139,587205.0658343981,517564.98067453055,N,21.12835849926104,7.123523281540607,2.668992933962285,21.12835849926104,7.123523281540607
2140,587205.3538911203,517564.98067453055,N,20.197832352201026,10.074952834740733,3.1741066199390238,20.197832352201026,10.074952834740733
2141,587205.6419478424,517564.98067453055,N,19.32319184267133,12.305367282536832,3.5079006945090154,19.32319184267133,12.305367282536832
2142,587205.9300045646,517564.98067453055,N,18.531877036813928,13.931714544941192,3.732521204888352,18.531877036813928,13.931714544941192
2143,587206.2180612867,517564.98067453055,N,17.844000332425576,15.156246241393376,3.893102392872987,17.844000332425576,15.156246241393376
2144,587206.506118009,517564.98067453055,N,17.276170181725966,16.197610619279832,4.024625525347648,17.276170181725966,16.197610619279832
2145,587206.7941747311,517564.98067453055,N,16.836618176474857,17.2359725214091,4.151622878033252,16.836618176474857,17.2359725214091
2146,587207.0822314533,517564.98067453055,N,16.52020200597223,18.36629873028599,4.285591992979032,16.52020200597223,18.36629873028599
2147,587207.3702881754,517564.98067453055,N,16.3089344633492,19.592070231584373,4.426293057580391,16.3089344633492,19.592070231584373
2148,587207.6583448976,517564.98067453055,N,16.17807987950755,20.861944403142086,4.567487756211514,16.17807987950755,20.861944403142086
2149,587207.9464016197,517564.98067453055,N,16.102988117564184,22.11508853050314,4.702668235215317,16.102988117564184,22.11508853050314
2150,587208.2344583418,517564.98067453055,N,16.06311863512129,23.307598641666708,4.827794386846514,16.06311863512129,23.307598641666708
2151,587208.522515064,517564.98067453055,N,16.043190906357953,24.418217343742032,4.941479266752218,16.043190906357953,24.418217343742032
2152,587208.8105717861,517564.98067453055,N,16.032795537407353,25.44319060941482,5.0441243649829675,16.032795537407353,25.44319060941482
2153,587209.0986285083,517564.98067453055,N,16.025496402443615,26.388544683526074,5.136978166541695,16.025496402443615,26.388544683526074
2154,587209.3866852304,517564.98067453055,N,16.017885954240132,27.263767117231154,5.221471738622278,16.017885954240132,27.263767117231154
2155,587209.6747419527,517564.98067453055,N,16.008734717539525,28.07799213314054,5.298867061282113,16.008734717539525,28.07799213314054
2156,587194.6957924005,517565.2687312527,N,10.76779633382693,23.603350288079923,4.858327931303107,10.76779633382693,23.603350288079923
2157,587194.9838491228,517565.2687312527,N,10.522387328636395,22.52433497551897,4.745980928693137,10.522387328636395,22.52433497551897
2158,587195.2719058449,517565.2687312527,N,10.237041634110637,21.420069426013455,4.628182086523115,10.237041634110637,21.420069426013455
2159,587195.5599625671,517565.2687312527,N,9.903384845225343,20.287193220268886,4.504130684190778,9.903384845225343,20.287193220268886
2160,587195.8480192892,517565.2687312527,N,9.514692850339479,19.093626999667247,4.369625498789026,9.514692850339479,19.093626999667247
2161,587196.1360760113,517565.2687312527,N,9.06703210932762,17.7687701512293,4.215301905110629,9.06703210932762,17.7687701512293
2162,587196.4241327335,517565.2687312527,N,8.560081764583511,16.20617372007099,4.025689222986666,8.560081764583511,16.20617372007099
2163,587196.7121894556,517565.2687312527,N,7.998087286765456,14.28194716435154,3.779146353920623,7.998087286765456,14.28194716435154
2164,587197.0002461778,517565.2687312527,N,7.393176691164214,11.892510032940066,3.4485518747642563,7.393176691164214,11.892510032940066
2165,587197.2883028999,517565.2687312527,N,6.779813109784678,9.049124114846707,3.0081762107374472,6.779813109784678,9.049124114846707
2166,587197.5763596221,517565.2687312527,N,6.283729150594501,6.259137115113256,2.5018267556154354,6.283729150594501,6.259137115113256
2167,587197.8644163442,517565.2687312527,N,6.310709040881784,5.547823534385355,2.3553818234811432,6.310709040881784,5.547823534385355
2168,587198.1524730665,517565.2687312527,N,7.00040660432334,7.547644215245537,2.7472976204345856,7.00040660432334,7.547644215245537
2169,587198.4405297886,517565.2687312527,N,7.907977093165952,9.894515495813877,3.1455548788431393,7.907977093165952,9.894515495813877
2170,587198.7285865108,517565.2687312527,N,8.844117682296805,11.712509759417408,3.4223544175636467,8.844117682296805,11.712509759417408
2171,587199.0166432329,517565.2687312527,N,9.761842580198572,12.94490148848904,3.597902373396065,9.761842580198572,12.94490148848904
2172,587199.304699955,517565.2687312527,N,10.64558613472634,13.74967398636469,3.708055283617639,10.64558613472634,13.74967398636469
2173,587199.5927566772,517565.2687312527,N,11.488013293630845,14.347927826575313,3.7878658670252983,11.488013293630845,14.347927826575313
2174,587199.8808133993,517565.2687312527,N,12.286613809522308,14.93428681707528,3.8644904990276894,12.286613809522308,14.93428681707528
2175,587200.1688701215,517565.2687312527,N,13.044594725175429,15.601403503005375,3.949861200473426,13.044594725175429,15.601403503005375
2176,587200.4569268436,517565.2687312527,N,13.770107043404458,16.324470288439038,4.040355218101379,13.770107043404458,16.324470288439038
2177,587200.7449835659,517565.2687312527,N,14.47263314911409,17.014513470989417,4.1248652670104775,14.47263314911409,17.014513470989417
2178,587201.033040288,517565.2687312527,N,15.159190910836644,17.583450432123545,4.193262504556988,15.159190910836644,17.583450432123545
2179,587201.3210970102,517565.2687312527,N,15.832435831001739,17.977119155046584,4.239943296206517,15.832435831001739,17.977119155046584
2180,587201.6091537323,517565.2687312527,N,16.49060629327887,18.177555856323778,4.263514495850082,16.49060629327887,18.177555856323778
2181,587201.8972104545,517565.2687312527,N,17.128596504223268,18.19056233392817,4.265039546584319,17.128596504223268,18.19056233392817
2182,587202.1852671766,517565.2687312527,N,17.739716370347796,18.028738829851857,4.246026239892054,17.739716370347796,18.028738829851857
2183,587202.4733238987,517565.2687312527,N,18.31785203833077,17.694258755012534,4.2064544161339175,18.31785203833077,17.694258755012534
2184,587202.7613806209,517565.2687312527,N,18.859519303841225,17.164704219510295,4.143030801178082,18.859519303841225,17.164704219510295
2185,587203.049437343,517565.2687312527,N,19.3649641488392,16.38660102497308,4.048036687700975,19.3649641488392,16.38660102497308
2186,587203.3374940652,517565.2687312527,N,19.837400744644697,15.28141282505733,3.909144769007325,19.837400744644697,15.28141282505733
2187,587203.6255507873,517565.2687312527,N,20.279578054459662,13.76817921292588,3.710549718427969,20.279578054459662,13.76817921292588
2188,587203.9136075096,517565.2687312527,N,20.685805397694885,11.81440980862888,3.437209596261025,20.685805397694885,11.81440980862888
2189,587204.2016642317,517565.2687312527,N,21.021860086180084,9.564810016474958,3.092702704185282,21.021860086180084,9.564810016474958
2190,587204.4897209539,517565.2687312527,N,21.173594596994715,7.6750458249437195,2.7703873059454556,21.173594596994715,7.6750458249437195
2191,587204.777777676,517565.2687312527,N,20.932409558296218,7.427147755676743,2.725279390388579,20.932409558296218,7.427147755676743
2192,587205.0658343981,517565.2687312527,N,20.29842598788605,8.843784572575625,2.9738501261118766,20.29842598788605,8.843784572575625
2193,587205.3538911203,517565.2687312527,N,19.499270015016528,10.607112165340606,3.256856178178675,19.499270015016528,10.607112165340606
2194,587205.6419478424,517565.2687312527,N,18.67915387329404,12.030275388045865,3.4684687382252513,18.67915387329404,12.030275388045865
2195,587205.9300045646,517565.2687312527,N,17.905922501416775,13.011028421418262,3.6070803181268727,17.905922501416775,13.011028421418262
2196,587206.2180612867,517565.2687312527,N,17.224302048192268,13.70131833484082,3.7015291887057735,17.224302048192268,13.70131833484082
2197,587206.506118009,517565.2687312527,N,16.670909916242977,14.3584047981888,3.789248579624831,16.670909916242977,14.3584047981888
2198,587206.7941747311,517565.2687312527,N,16.267862450894775,15.215928004853565,3.9007599265852755,16.267862450894775,15.215928004853565
2199,587207.0822314533,517565.2687312527,N,16.01149342121395,16.363551023021262,4.045188626383356,16.01149342121395,16.363551023021262
2200,587207.3702881754,517565.2687312527,N,15.874024294806727,17.731930293280914,4.210929860883569,15.874024294806727,17.731930293280914
2201,587207.6583448976,517565.2687312527,N,15.818443392731222,19.184782267889048,4.380043637669498,15.818443392731222,19.184782267889048
2202,587207.9464016197,517565.2687312527,N,15.811663605341385,20.607330638842786,4.539529781689155,15.811663605341385,20.607330638842786
2203,587208.2344583418,517565.2687312527,N,15.829284225946243,21.936207280577378,4.683610496249382,15.829284225946243,21.936207280577378
2204,587208.522515064,517565.2687312527,N,15.855171215071026,23.151429007875784,4.811593188110959,15.855171215071026,23.151429007875784
2205,587208.8105717861,517565.2687312527,N,15.879619623426652,24.258486496190454,4.925290498659998,15.879619623426652,24.258486496190454
2206,587209.0986285083,517565.2687312527,N,15.89762017249633,25.273141848672648,5.027239983198798,15.89762017249633,25.273141848672648
2207,587209.3866852304,517565.2687312527,N,15.90749199895344,26.21190015558294,5.119755868748327,15.90749199895344,26.21190015558294
2208,587209.6747419527,517565.2687312527,N,15.909800609892258,27.087601203226544,5.204575026188646,15.909800609892258,27.087601203226544
2209,587209.9627986748,517565.2687312527,N,15.906477085557027,27.908546211194125,5.282853983520094,15.906477085557027,27.908546211194125
2210,587194.9838491228,517565.55678797484,N,10.649613566499035,23.89118913658222,4.887861407260052,10.649613566499035,23.89118913658222
2211,587195.2719058449,517565.55678797484,N,10.363004209320248,22.842188738256137,4.779350242266844,10.363004209320248,22.842188738256137
2212,587195.5599625671,517565.55678797484,N,10.03661611217207,21.73279517440223,4.661844610709609,10.03661611217207,21.73279517440223
2213,587195.8480192892,517565.55678797484,N,9.667052131814977,20.531118439486484,4.531127722707282,9.667052131814977,20.531118439486484
2214,587196.1360760113,517565.55678797484,N,9.254038470300253,19.18482016632152,4.380047963929336,9.254038470300253,19.18482016632152
2215,587196.4241327335,517565.55678797484,N,8.802056242371949,17.628864133457956,4.19867409231271,8.802056242371949,17.628864133457956
2216,587196.7121894556,517565.55678797484,N,8.32331797758168,15.808350455216875,3.975971636621277,8.32331797758168,15.808350455216875
2217,587197.0002461778,517565.55678797484,N,7.844727706087488,13.727136070684715,3.705014989265862,7.844727706087488,13.727136070684715
2218,587197.2883028999,517565.55678797484,N,7.424758961079872,11.549716355309194,3.398487362829115,7.424758961079872,11.549716355309194
2219,587197.5763596221,517565.55678797484,N,7.183964209173608,9.773523755083646,3.1262635453658807,7.183964209173608,9.773523755083646
2220,587197.8644163442,517565.55678797484,N,7.290876443928189,9.159226832900563,3.0264214565887158,7.290876443928189,9.159226832900563
2221,587198.1524730665,517565.55678797484,N,7.784335571751933,9.803363553701912,3.131032346319966,7.784335571751933,9.803363553701912
2222,587198.4405297886,517565.55678797484,N,8.517803437116786,10.90281345510847,3.3019408618429966,8.517803437116786,10.90281345510847
2223,587198.7285865108,517565.55678797484,N,9.35145306719415,11.805168897840225,3.435865087258262,9.35145306719415,11.805168897840225
2224,587199.0166432329,517565.55678797484,N,10.211363743603915,12.31383744069481,3.509107784137559,10.211363743603915,12.31383744069481
2225,587199.304699955,517565.55678797484,N,11.05890456965638,12.53198173596849,3.540053917099073,11.05890456965638,12.53198173596849
2226,587199.5927566772,517565.55678797484,N,11.869260625871826,12.728684572093938,3.567728208831768,11.869260625871826,12.728684572093938
2227,587199.8808133993,517565.55678797484,N,12.627035592167458,13.18057487748705,3.630506146184999,12.627035592167458,13.18057487748705
2228,587200.1688701215,517565.55678797484,N,13.330133093700004,13.98181171555639,3.7392260851085735,13.330133093700004,13.98181171555639
2229,587200.4569268436,517565.55678797484,N,13.988754066825575,15.003372982639858,3.8734187719171107,13.988754066825575,15.003372982639858
2230,587200.7449835659,517565.55678797484,N,14.616573630140593,16.037896258089358,4.004734230643696,14.616573630140593,16.037896258089358
2231,587201.033040288,517565.55678797484,N,15.223452043745716,16.930114070005303,4.114621983852867,15.223452043745716,16.930114070005303
2232,587201.3210970102,517565.55678797484,N,15.813600693362327,17.605847687562896,4.195932278715053,15.813600693362327,17.605847687562896
2233,587201.6091537323,517565.55678797484,N,16.38664190725272,18.04924192611992,4.248439940274538,16.38664190725272,18.04924192611992
2234,587201.8972104545,517565.55678797484,N,16.93934958461853,18.27272391559027,4.274660678415337,16.93934958461853,18.27272391559027
2235,587202.1852671766,517565.55678797484,N,17.467350039997374,18.29324744360672,4.27706060789495,17.467350039997374,18.29324744360672
2236,587202.4733238987,517565.55678797484,N,17.966565812581447,18.116364400400226,4.256332270911216,17.966565812581447,18.116364400400226
2237,587202.7613806209,517565.55678797484,N,18.4341268538291,17.72813783097518,4.210479525063051,18.4341268538291,17.72813783097518
2238,587203.049437343,517565.55678797484,N,18.868296739228093,17.095890396376095,4.134717692464154,18.868296739228093,17.095890396376095
2239,587203.3374940652,517565.55678797484,N,19.26683475009684,16.17985170074213,4.0224186381755604,19.26683475009684,16.17985170074213
2240,587203.6255507873,517565.55678797484,N,19.623029820924263,14.959528020661443,3.867754907005024,19.623029820924263,14.959528020661443
2241,587203.9136075096,517565.55678797484,N,19.918112070130764,13.482937217394463,3.671911929416944,19.918112070130764,13.482937217394463
2242,587204.2016642317,517565.55678797484,N,20.10873924244488,11.94820498121169,3.456617563632357,20.10873924244488,11.94820498121169
2243,587204.4897209539,517565.55678797484,N,20.117012984162542,10.773019671797744,3.282227851901471,20.117012984162542,10.773019671797744
2244,587204.777777676,517565.55678797484,N,19.862255188624264,10.407991618822852,3.2261419092815573,19.862255188624264,10.407991618822852
2245,587205.0658343981,517565.55678797484,N,19.34768400366785,10.817118181756365,3.28893876223872,19.34768400366785,10.817118181756365
2246,587205.3538911203,517565.55678797484,N,18.665618587791307,11.481759904314304,3.3884745689342726,18.665618587791307,11.481759904314304
2247,587205.6419478424,517565.55678797484,N,17.914638727394678,11.953100593410941,3.457325641794672,17.914638727394678,11.953100593410941
2248,587205.9300045646,517565.55678797484,N,17.16927757252509,12.087258288555734,3.4766734515274416,17.16927757252509,12.087258288555734
2249,587206.2180612867,517565.55678797484,N,16.49447985478074,12.026767095983997,3.46796296058421,16.49447985478074,12.026767095983997
2250,587206.506118009,517565.55678797484,N,15.956521034435706,12.132360694895487,3.483153843127732,15.956521034435706,12.132360694895487
2251,587206.7941747311,517565.55678797484,N,15.605361139115493,12.778851669770962,3.57475197318233,15.605361139115493,12.778851669770962
2252,587207.0822314533,517565.55678797484,N,15.438981967403233,14.043692970065754,3.7474915570372875,15.438981967403233,14.043692970065754
2253,587207.3702881754,517565.55678797484,N,15.406800093624907,15.68441355796664,3.960355231285022,15.406800093624907,15.68441355796664
2254,587207.6583448976,517565.55678797484,N,15.45033733962972,17.409399630082984,4.172457265219499,15.45033733962972,17.409399630082984
2255,587207.9464016197,517565.55678797484,N,15.52681908037049,19.040520304885483,4.363544465785296,15.52681908037049,19.040520304885483
2256,587208.2344583418,517565.55678797484,N,15.610005592294089,20.511456895426026,4.5289575947922085,15.610005592294089,20.511456895426026
2257,587208.522515064,517565.55678797484,N,15.68509311937858,21.821515168167256,4.671350465140381,15.68509311937858,21.821515168167256
2258,587208.8105717861,517565.55678797484,N,15.744668140412092,22.997832462244503,4.795605536555786,15.744668140412092,22.997832462244503
2259,587209.0986285083,517565.55678797484,N,15.786240522532175,24.07243985775322,4.9063672770954705,15.786240522532175,24.07243985775322
2260,587209.3866852304,517565.55678797484,N,15.810660094253869,25.07097379538723,5.007092349396727,15.810660094253869,25.07097379538723
2261,587209.6747419527,517565.55678797484,N,15.82092030803404,26.009397814713896,5.099940961885137,15.82092030803404,26.009397814713896
2262,587209.9627986748,517565.55678797484,N,15.821161056061317,26.895393545456983,5.186076893515654,15.821161056061317,26.895393545456983
2263,587210.250855397,517565.55678797484,N,15.81585370530738,27.731548141041035,5.266075212246881,15.81585370530738,27.731548141041035
2264,587195.2719058449,517565.844844697,N,10.538838251389649,24.140212478033508,4.913269021540904,10.538838251389649,24.140212478033508
2265,587195.5599625671,517565.844844697,N,10.231294243584347,23.073880100169752,4.803527880648738,10.231294243584347,23.073880100169752
2266,587195.8480192892,517565.844844697,N,9.89304643266966,21.909525804725142,4.680761242012365,9.89304643266966,21.909525804725142
2267,587196.1360760113,517565.844844697,N,9.527529469855834,20.614545109181783,4.540324339645989,9.527529469855834,20.614545109181783
2268,587196.4241327335,517565.844844697,N,9.143810973775452,19.15864175768483,4.377058573709613,9.143810973775452,19.15864175768483
2269,587196.7121894556,517565.844844697,N,8.759898668782567,17.535298266255026,4.187516957130446,8.759898668782567,17.535298266255026
2270,587197.0002461778,517565.844844697,N,8.408379422577086,15.798558959740268,3.9747401122262405,8.408379422577086,15.798558959740268
2271,587197.2883028999,517565.844844697,N,8.14428839496366,14.112196647295818,3.756620375722814,8.14428839496366,14.112196647295818
2272,587197.5763596221,517565.844844697,N,8.047355504562418,12.767392522740106,3.573148824599964,8.047355504562418,12.767392522740106
2273,587197.8644163442,517565.844844697,N,8.194879811141183,12.044225318327538,3.470479119419614,8.194879811141183,12.044225318327538
2274,587198.1524730665,517565.844844697,N,8.603154776029918,11.918701271872772,3.4523472119520036,8.603154776029918,11.918701271872772
2275,587198.4405297886,517565.844844697,N,9.213594915116452,12.026723976764853,3.4679567437851433,9.213594915116452,12.026723976764853
2276,587198.7285865108,517565.844844697,N,9.94589259117819,11.979992688383172,3.4612126037536575,9.94589259117819,11.979992688383172
2277,587199.0166432329,517565.844844697,N,10.736140502556603,11.60079892996685,3.4059945581234934,10.736140502556603,11.60079892996685
2278,587199.304699955,517565.844844697,N,11.537015977796589,10.992971827575245,3.315565084201371,11.537015977796589,10.992971827575245
2279,587199.5927566772,517565.844844697,N,12.30676645804315,10.559912070093723,3.249601832547139,12.30676645804315,10.559912070093723
2280,587199.8808133993,517565.844844697,N,13.01023563898043,10.81935666678853,3.2892790496989655,13.01023563898043,10.81935666678853
2281,587200.1688701215,517565.844844697,N,13.638908291483663,11.888294202094393,3.4479405740375504,13.638908291483663,11.888294202094393
2282,587200.4569268436,517565.844844697,N,14.212548349197384,13.373021457154332,3.656914198768455,14.212548349197384,13.373021457154332
2283,587200.7449835659,517565.844844697,N,14.75363848675254,14.846634501824484,3.853133076059596,14.75363848675254,14.846634501824484
2284,587201.033040288,517565.844844697,N,15.274558176802813,16.086755238081864,4.010829744339924,15.274558176802813,16.086755238081864
2285,587201.3210970102,517565.844844697,N,15.779195152339204,17.02902603629252,4.126624048334488,15.779195152339204,17.02902603629252
2286,587201.6091537323,517565.844844697,N,16.266679731640775,17.685965718016806,4.2054685491651,16.266679731640775,17.685965718016806
2287,587201.8972104545,517565.844844697,N,16.733994787402363,18.09487278585981,4.253806858081337,16.733994787402363,18.09487278585981
2288,587202.1852671766,517565.844844697,N,17.177588483895253,18.289147887257354,4.276581331771601,17.177588483895253,18.289147887257354
2289,587202.4733238987,517565.844844697,N,17.594231508053447,18.28479953003654,4.276072909812991,17.594231508053447,18.28479953003654
2290,587202.7613806209,517565.844844697,N,17.981110287930804,18.078086376053193,4.25183329589169,17.981110287930804,18.078086376053193
2291,587203.049437343,517565.844844697,N,18.335000984124445,17.652224262969302,4.201455017368304,18.335000984124445,17.652224262969302
2292,587203.3374940652,517565.844844697,N,18.65029730862331,16.9921936123681,4.122158853364108,18.65029730862331,16.9921936123681
2293,587203.6255507873,517565.844844697,N,18.915661814253014,16.107765895598867,4.013448130423373,18.915661814253014,16.107765895598867
2294,587203.9136075096,517565.844844697,N,19.109395052129074,15.064090330439415,3.8812485530354035,19.109395052129074,15.064090330439415
2295,587204.2016642317,517565.844844697,N,19.195369232008822,14.009167906485649,3.742882299309671,19.195369232008822,14.009167906485649
2296,587204.4897209539,517565.844844697,N,19.12634842496718,13.156926698743453,3.6272478132522807,19.12634842496718,13.156926698743453
2297,587204.777777676,517565.844844697,N,18.864704339915857,12.66577010637035,3.5589001259336217,18.864704339915857,12.66577010637035
2298,587205.0658343981,517565.844844697,N,18.411332466764307,12.474431673390269,3.53191614755932,18.411332466764307,12.474431673390269
2299,587205.3538911203,517565.844844697,N,17.80805429641967,12.313303885085807,3.5090317589166684,17.80805429641967,12.313303885085807
2300,587205.6419478424,517565.844844697,N,17.112844011203183,11.89647160906754,3.4491262095011166,17.112844011203183,11.89647160906754
2301,587205.9300045646,517565.844844697,N,16.384900827753714,11.092678618134789,3.33056731175558,16.384900827753714,11.092678618134789
2302,587206.2180612867,517565.844844697,N,15.69477827643256,10.051892074151002,3.17047190086129,15.69477827643256,10.051892074151002
2303,587206.506118009,517565.844844697,N,15.148293526455497,9.351052143570293,3.0579490093149513,15.148293526455497,9.351052143570293
2304,587206.7941747311,517565.844844697,N,14.860855930640344,9.790735854489915,3.1290151572803087,14.860855930640344,9.790735854489915
2305,587207.0822314533,517565.844844697,N,14.829752267451433,11.42536344587753,3.38014251857485,14.829752267451433,11.42536344587753
2306,587207.3702881754,517565.844844697,N,14.942572236888301,13.554356184333349,3.6816241231735414,14.942572236888301,13.554356184333349
2307,587207.6583448976,517565.844844697,N,15.107091890892516,15.641826169020215,3.9549748632602224,15.107091890892516,15.641826169020215
2308,587207.9464016197,517565.844844697,N,15.276015259240639,17.488286876302023,4.181899912276958,15.276015259240639,17.488286876302023
2309,587208.2344583418,517565.844844697,N,15.426984505078895,19.07202147831902,4.367152559542547,15.426984505078895,19.07202147831902
2310,587208.522515064,517565.844844697,N,15.54972137157755,20.440385138663302,4.521104415810732,15.54972137157755,20.440385138663302
2311,587208.8105717861,517565.844844697,N,15.640666530404847,21.656528304486976,4.6536575190367175,15.640666530404847,21.656528304486976
2312,587209.0986285083,517565.844844697,N,15.700725217107383,22.77393480189742,4.772204396491984,15.700725217107383,22.77393480189742
2313,587209.3866852304,517565.844844697,N,15.733941354412018,23.8268453346184,4.881274970191538,15.733941354412018,23.8268453346184
2314,587209.6747419527,517565.844844697,N,15.746321757957821,24.83092587130229,4.983063903995442,15.746321757957821,24.83092587130229
2315,587209.9627986748,517565.844844697,N,15.744704036750859,25.78923849407112,5.078310594486234,15.744704036750859,25.78923849407112
2316,587210.250855397,517565.844844697,N,15.735793618190915,26.6990777127506,5.167115028016175,15.735793618190915,26.6990777127506
2317,587210.5389121191,517565.844844697,N,15.725478471047724,27.55698251195768,5.249474498648191,15.725478471047724,27.55698251195768
2318,587195.5599625671,517566.1329014191,N,10.473896888387781,24.33073662817469,4.932619651683544,10.473896888387781,24.33073662817469
2319,587195.8480192892,517566.1329014191,N,10.17376303677933,23.232585549389558,4.820019247823556,10.17376303677933,23.232585549389558
2320,587196.1360760113,517566.1329014191,N,9.860886227973563,22.026772174971466,4.693268815545458,9.860886227973563,22.026772174971466
2321,587196.4241327335,517566.1329014191,N,9.54704418130755,20.704916158790205,4.55026550420854,9.54704418130755,20.704916158790205
2322,587196.7121894556,517566.1329014191,N,9.251989665515548,19.282116136868087,4.391140641891135,9.251989665515548,19.282116136868087
2323,587197.0002461778,517566.1329014191,N,9.006276177197295,17.81577414047599,4.220873622897988,9.006276177197295,17.81577414047599
2324,587197.2883028999,517566.1329014191,N,8.852715890627413,16.417450379792786,4.051845305511155,8.852715890627413,16.417450379792786
2325,587197.5763596221,517566.1329014191,N,8.841471047303553,15.230381797734756,3.902612176188502,8.841471047303553,15.230381797734756
2326,587197.8644163442,517566.1329014191,N,9.013203108255437,14.34515652968739,3.7875000369224274,9.013203108255437,14.34515652968739
2327,587198.1524730665,517566.1329014191,N,9.37725341550879,13.696346056948649,3.700857475903206,9.37725341550879,13.696346056948649
2328,587198.4405297886,517566.1329014191,N,9.907075015983377,13.05944507936117,3.613785422429114,9.907075015983377,13.05944507936117
2329,587198.7285865108,517566.1329014191,N,10.557898994119313,12.168805935284729,3.4883815638895825,10.557898994119313,12.168805935284729
2330,587199.0166432329,517566.1329014191,N,11.284752921170368,10.85325287533322,3.2944275489579704,11.284752921170368,10.85325287533322
2331,587199.304699955,517566.1329014191,N,12.045230218861114,9.175297983474744,3.0290754337709624,12.045230218861114,9.175297983474744
2332,587199.5927566772,517566.1329014191,N,12.785149793683917,7.715419786931094,2.77766444822464,12.785149793683917,7.715419786931094
2333,587199.8808133993,517566.1329014191,N,13.429267788896235,7.712950114426707,2.777219853455377,13.429267788896235,7.712950114426707
2334,587200.1688701215,517566.1329014191,N,13.958709814120988,9.411288306703113,3.0677823108400495,13.958709814120988,9.411288306703113
2335,587200.4569268436,517566.1329014191,N,14.428660616716982,11.621384768860887,3.409015219804817,14.428660616716982,11.621384768860887
2336,587200.7449835659,517566.1329014191,N,14.875145338965838,13.601818307765937,3.6880643036376055,14.875145338965838,13.601818307765937
2337,587201.033040288,517566.1329014191,N,15.308420414361933,15.158605098790716,3.893405334509973,15.308420414361933,15.158605098790716
2338,587201.3210970102,517566.1329014191,N,15.728536348075213,16.304885287586377,4.037930817582983,15.728536348075213,16.304885287586377
2339,587201.6091537323,517566.1329014191,N,16.132128081350245,17.115043185862547,4.137033138115109,16.132128081350245,17.115043185862547
2340,587201.8972104545,517566.1329014191,N,16.515165813920778,17.667191093516198,4.203235788474898,16.515165813920778,17.667191093516198
2341,587202.1852671766,517566.1329014191,N,16.874195134062447,18.017483310354372,4.244700614926143,16.874195134062447,18.017483310354372
2342,587202.4733238987,517566.1329014191,N,17.20662581261595,18.1918794614191,4.2651939535523,17.20662581261595,18.1918794614191
2343,587202.7613806209,517566.1329014191,N,17.510161737398885,18.190805645825083,4.265068070479659,17.510161737398885,18.190805645825083
2344,587203.049437343,517566.1329014191,N,17.781462219210763,18.00221235837822,4.242901408043583,17.781462219210763,18.00221235837822
2345,587203.3374940652,517566.1329014191,N,18.014170058333512,17.618480975609216,4.197437429624082,18.014170058333512,17.618480975609216
2346,587203.6255507873,517566.1329014191,N,18.196535529578398,17.053875235506474,4.129633789515298,18.196535529578398,17.053875235506474
2347,587203.9136075096,517566.1329014191,N,18.309285915781945,16.358655444139764,4.044583469795099,18.309285915781945,16.358655444139764
2348,587204.2016642317,517566.1329014191,N,18.32546083321828,15.620386726560627,3.952263494070281,18.32546083321828,15.620386726560627
2349,587204.4897209539,517566.1329014191,N,18.21516256718642,14.935572195856635,3.8646568018203937,18.21516256718642,14.935572195856635
2350,587204.777777676,517566.1329014191,N,17.956529673688248,14.345207691820251,3.787506790993285,17.956529673688248,14.345207691820251
2351,587205.0658343981,517566.1329014191,N,17.546934600511385,13.773302104733737,3.7112399686268924,17.546934600511385,13.773302104733737
2352,587205.3538911203,517566.1329014191,N,17.00411913521419,13.032463005526655,3.6100502774236616,17.00411913521419,13.032463005526655
2353,587205.6419478424,517566.1329014191,N,16.35734653700807,11.898305067674878,3.4493919852163626,16.35734653700807,11.898305067674878
2354,587205.9300045646,517566.1329014191,N,15.640635409982963,10.202119239984347,3.194075647191899,15.640635409982963,10.202119239984347
2355,587206.2180612867,517566.1329014191,N,14.902849461357228,7.968416581262,2.822838390921804,14.902849461357228,7.968416581262
2356,587206.506118009,517566.1329014191,N,14.272917825471065,5.907001671482223,2.4304324042199204,14.272917825471065,5.907001671482223
2357,587206.7941747311,517566.1329014191,N,14.059643808543488,6.191569894973599,2.488286537956109,14.059643808543488,6.191569894973599
2358,587207.0822314533,517566.1329014191,N,14.249221915233784,8.787250728081602,2.9643297266130166,14.249221915233784,8.787250728081602
2359,587207.3702881754,517566.1329014191,N,14.544636100303645,11.632873614095786,3.4106998715946535,14.544636100303645,11.632873614095786
2360,587207.6583448976,517566.1329014191,N,14.835992889930862,14.072613673373914,3.75134824741371,14.835992889930862,14.072613673373914
2361,587207.9464016197,517566.1329014191,N,15.092800465040586,16.050544975965128,4.006313140028514,15.092800465040586,16.050544975965128
2362,587208.2344583418,517566.1329014191,N,15.30429588305057,17.655955790234408,4.201899069496364,15.30429588305057,17.655955790234408
2363,587208.522515064,517566.1329014191,N,15.46666275078413,19.008730039113143,4.359900232701793,15.46666275078413,19.008730039113143
2364,587208.8105717861,517566.1329014191,N,15.580460538824497,20.21658117666845,4.496285264156229,15.580460538824497,20.21658117666845
2365,587209.0986285083,517566.1329014191,N,15.650100853348956,21.354267196127992,4.621067754981309,15.650100853348956,21.354267196127992
2366,587209.3866852304,517566.1329014191,N,15.683186472622694,22.458692359451298,4.739060282318774,15.683186472622694,22.458692359451298
2367,587209.6747419527,517566.1329014191,N,15.689274681257213,23.536958152321084,4.851490302197984,15.689274681257213,23.536958152321084
2368,587209.9627986748,517566.1329014191,N,15.678402071240424,24.58021213772261,4.9578434966951725,15.678402071240424,24.58021213772261
2369,587210.250855397,517566.1329014191,N,15.659837871400043,25.57584337465074,5.057256506709022,15.659837871400043,25.57584337465074
2370,587210.5389121191,517566.1329014191,N,15.641292981214185,26.514479992710697,5.149221299644316,15.641292981214185,26.514479992710697
2371,587210.8269688413,517566.1329014191,N,15.628566663417203,27.392123955895215,5.233748556808515,15.628566663417203,27.392123955895215
2372,587211.1150255634,517566.1329014191,N,15.62551269677533,28.209395411418843,5.311251774433108,15.62551269677533,28.209395411418843
2373,587196.1360760113,517566.42095814133,N,10.229411804290713,23.386564943382005,4.835965771527132,10.229411804290713,23.386564943382005
2374,587196.4241327335,517566.42095814133,N,9.979696121510354,22.197229205733507,4.711393552414562,9.979696121510354,22.197229205733507
2375,587196.7121894556,517566.42095814133,N,9.759969240109978,20.942085969844243,4.57625239359066,9.759969240109978,20.942085969844243
2376,587197.0002461778,517566.42095814133,N,9.595750622461894,19.663056556446303,4.434304517784756,9.595750622461894,19.663056556446303
2377,587197.2883028999,517566.42095814133,N,9.518398116692904,18.42200069593333,4.292085821128619,9.518398116692904,18.42200069593333
2378,587197.5763596221,517566.42095814133,N,9.560201529726758,17.277051484702074,4.1565672717642945,9.560201529726758,17.277051484702074
2379,587197.8644163442,517566.42095814133,N,9.74515141291641,16.2372538557533,4.029547599390445,9.74515141291641,16.2372538557533
2380,587198.1524730665,517566.42095814133,N,10.07977760780479,15.220688632478137,3.9013700968349743,10.07977760780479,15.220688632478137
2381,587198.4405297886,517566.42095814133,N,10.551398821741433,14.054276069716526,3.7489033155999802,10.551398821741433,14.054276069716526
2382,587198.7285865108,517566.42095814133,N,11.135205249045793,12.519257554135425,3.538256287231809,11.135205249045793,12.519257554135425
2383,587199.0166432329,517566.42095814133,N,11.803436001577317,10.409588070048251,3.2263893240041956,11.803436001577317,10.409588070048251
2384,587199.304699955,517566.42095814133,N,12.529357364991824,7.600683143742825,2.7569336487740914,12.529357364991824,7.600683143742825
2385,587199.5927566772,517566.42095814133,N,13.273795367098456,4.371565605152842,2.090828927758759,13.273795367098456,4.371565605152842
2386,587199.8808133993,517566.42095814133,N,13.867582803410237,3.8771464284868404,1.969047086406732,13.867582803410237,3.8771464284868404
2387,587200.1688701215,517566.42095814133,N,14.252126582883037,7.118085825699755,2.6679741051404067,14.252126582883037,7.118085825699755
2388,587200.4569268436,517566.42095814133,N,14.609580334886566,10.193917955655149,3.1927915615735314,14.609580334886566,10.193917955655149
2389,587200.7449835659,517566.42095814133,N,14.965827733186178,12.556542639554253,3.543521220418223,14.965827733186178,12.556542639554253
2390,587201.033040288,517566.42095814133,N,15.318069801519625,14.271039226810448,3.7777029034600442,15.318069801519625,14.271039226810448
2391,587201.3210970102,517566.42095814133,N,15.659740552195366,15.483437812313356,3.9348999748803473,15.659740552195366,15.483437812313356
2392,587201.6091537323,517566.42095814133,N,15.984086336099056,16.34443143871075,4.042824685626468,15.984086336099056,16.34443143871075
2393,587201.8972104545,517566.42095814133,N,16.28567938894455,16.977291635096066,4.120350911645277,16.28567938894455,16.977291635096066
2394,587202.1852671766,517566.42095814133,N,16.56122503608825,17.458438017144147,4.178329572585694,16.56122503608825,17.458438017144147
2395,587202.4733238987,517566.42095814133,N,16.80939069289244,17.814521603182552,4.220725246113818,16.80939069289244,17.814521603182552
2396,587202.7613806209,517566.42095814133,N,17.029586204696482,18.03651520614401,4.246941865171221,17.029586204696482,18.03651520614401
2397,587203.049437343,517566.42095814133,N,17.220092615280056,18.10205589245938,4.254651089391395,17.220092615280056,18.10205589245938
2398,587203.3374940652,517566.42095814133,N,17.37606934875406,17.99578778344651,4.24214424359268,17.37606934875406,17.99578778344651
2399,587203.6255507873,517566.42095814133,N,17.487889974987958,17.7223814609451,4.209795893026775,17.487889974987958,17.7223814609451
2400,587203.9136075096,517566.42095814133,N,17.5403653047756,17.31026026430496,4.1605600902168165,17.5403653047756,17.31026026430496
2401,587204.2016642317,517566.42095814133,N,17.513753951074385,16.803183850044807,4.099168677920537,17.513753951074385,16.803183850044807
2402,587204.4897209539,517566.42095814133,N,17.387446113497738,16.236377436420753,4.029438848825076,17.387446113497738,16.236377436420753
2403,587204.777777676,517566.42095814133,N,17.145831727310693,15.6014498020595,3.9498670613147855,17.145831727310693,15.6014498020595
2404,587205.0658343981,517566.42095814133,N,16.78333899005661,14.818809724281289,3.849520713579976,16.78333899005661,14.818809724281289
2405,587205.3538911203,517566.42095814133,N,16.305024492227243,13.73832456386622,3.706524593722025,16.305024492227243,13.73832456386622
2406,587205.6419478424,517566.42095814133,N,15.722517272941046,12.166784417060844,3.488091801696286,15.722517272941046,12.166784417060844
2407,587205.9300045646,517566.42095814133,N,15.048742125987848,9.900119450624993,3.146445526403563,15.048742125987848,9.900119450624993
2408,587206.2180612867,517566.42095814133,N,14.294803504164673,6.745143720330197,2.597141451736928,14.294803504164673,6.745143720330197
2409,587206.506118009,517566.42095814133,N,13.475916785206419,2.5759147417147044,1.6049656512569683,13.475916785206419,2.5759147417147044
2410,587206.7941747311,517566.42095814133,N,13.355802318223562,2.86783634877718,1.693468732742704,13.355802318223562,2.86783634877718
2411,587207.0822314533,517566.42095814133,N,13.85916912209747,7.11190660335652,2.666815817291573,13.85916912209747,7.11190660335652
2412,587207.3702881754,517566.42095814133,N,14.305738693081361,10.421634694081755,3.2282556735924364,14.305738693081361,10.421634694081755
2413,587207.6583448976,517566.42095814133,N,14.689648114429607,12.926168377530994,3.5952980930002165,14.689648114429607,12.926168377530994
2414,587207.9464016197,517566.42095814133,N,15.009585045378975,14.811435554296828,3.848562790743686,15.009585045378975,14.811435554296828
2415,587208.2344583418,517566.42095814133,N,15.263846918707229,16.273531432082503,4.034046533207383,15.263846918707229,16.273531432082503
2416,587208.522515064,517566.42095814133,N,15.451661238455975,17.498948084385162,4.183174402817215,15.451661238455975,17.498948084385162
2417,587208.8105717861,517566.42095814133,N,15.575351272334686,18.636705938829763,4.31702512603642,15.575351272334686,18.636705938829763
2418,587209.0986285083,517566.42095814133,N,15.64187871377538,19.774974031321175,4.446906119013665,15.64187871377538,19.774974031321175
2419,587209.3866852304,517566.42095814133,N,15.66258932118408,20.939062463305966,4.5759220342250115,15.66258932118408,20.939062463305966
2420,587209.6747419527,517566.42095814133,N,15.651275110513115,22.111867133358547,4.702325715362404,15.651275110513115,22.111867133358547
2421,587209.9627986748,517566.42095814133,N,15.621787120579883,23.261176722553927,4.822984213384275,15.621787120579883,23.261176722553927
2422,587210.250855397,517566.42095814133,N,15.58626974353847,24.358994204397543,4.935483178412985,15.58626974353847,24.358994204397543
2423,587210.5389121191,517566.42095814133,N,15.554281259631805,25.3891005167515,5.0387598193158105,15.554281259631805,25.3891005167515
2424,587210.8269688413,517566.42095814133,N,15.532573550840656,26.34655216351073,5.1328892607878,15.532573550840656,26.34655216351073
2425,587211.1150255634,517566.42095814133,N,15.525249555827324,27.233896551212805,5.218610595859094,15.525249555827324,27.233896551212805
2426,587211.4030822855,517566.42095814133,N,15.534119614945705,28.057203817185208,5.296905116875816,15.534119614945705,28.057203817185208
2427,587196.4241327335,517566.7090148635,N,10.418477377450415,23.596044448835357,4.8575759848751066,10.418477377450415,23.596044448835357
2428,587196.7121894556,517566.7090148635,N,10.25913801991426,22.47152462046324,4.740413971423091,10.25913801991426,22.47152462046324
2429,587197.0002461778,517566.7090148635,N,10.15532692821745,21.319485432839873,4.617302830965268,10.15532692821745,21.319485432839873
2430,587197.2883028999,517566.7090148635,N,10.129695556269606,20.167130451282734,4.490782832790151,10.129695556269606,20.167130451282734
2431,587197.5763596221,517566.7090148635,N,10.203745863773683,19.027549078752077,4.362057894933546,10.203745863773683,19.027549078752077
2432,587197.8644163442,517566.7090148635,N,10.392765209473241,17.875621765828004,4.22795716225082,10.392765209473241,17.875621765828004
2433,587198.1524730665,517566.7090148635,N,10.701530511502945,16.62938523076078,4.07791432361701,10.701530511502945,16.62938523076078
2434,587198.4405297886,517566.7090148635,N,11.123499758795166,15.15047076443803,3.8923605645466646,11.123499758795166,15.15047076443803
2435,587198.7285865108,517566.7090148635,N,11.643969538248822,13.264231189147075,3.642009224198516,11.643969538248822,13.264231189147075
2436,587199.0166432329,517566.7090148635,N,12.244829777749404,10.787158209580438,3.2843809476947765,12.244829777749404,10.787158209580438
2437,587199.304699955,517566.7090148635,N,12.907826804149064,7.556979315178631,2.7489960558681474,12.907826804149064,7.556979315178631
2438,587199.5927566772,517566.7090148635,N,13.610076421953952,3.57248343113049,1.8901014340850837,13.610076421953952,3.57248343113049
2439,587199.8808133993,517566.7090148635,N,14.149590001667198,2.6978653497578335,1.6425179906953329,14.149590001667198,2.6978653497578335
2440,587200.1688701215,517566.7090148635,N,14.435060501063845,6.555814859688822,2.560432553239554,14.435060501063845,6.555814859688822
2441,587200.4569268436,517566.7090148635,N,14.72018652829527,9.683549887080487,3.1118402733881583,14.72018652829527,9.683549887080487
2442,587200.7449835659,517566.7090148635,N,15.010476455180786,11.94520434268482,3.456183493781084,15.010476455180786,11.94520434268482
2443,587201.033040288,517566.7090148635,N,15.297624233312256,13.507268100363833,3.675223544270992,15.297624233312256,13.507268100363833
2444,587201.3210970102,517566.7090148635,N,15.572006593775619,14.573025691138323,3.8174632534103488,15.572006593775619,14.573025691138323
2445,587201.6091537323,517566.7090148635,N,15.824621953850496,15.344062334157748,3.917149771729152,15.824621953850496,15.344062334157748
2446,587201.8972104545,517566.7090148635,N,16.049002840256076,15.98142987455037,3.9976780603933544,16.049002840256076,15.98142987455037
2447,587202.1852671766,517566.7090148635,N,16.24268755509982,16.571451020980664,4.0708047141788395,16.24268755509982,16.571451020980664
2448,587202.4733238987,517566.7090148635,N,16.406966680496655,17.121661686142833,4.137832969821623,16.406966680496655,17.121661686142833
2449,587202.7613806209,517566.7090148635,N,16.544763146189677,17.590648982851526,4.194120763980399,16.544763146189677,17.590648982851526
2450,587203.049437343,517566.7090148635,N,16.657864743058735,17.92749435530558,4.234087192690484,16.657864743058735,17.92749435530558
2451,587203.3374940652,517566.7090148635,N,16.744684925019317,18.09807505662925,4.254183242013589,16.744684925019317,18.09807505662925
2452,587203.6255507873,517566.7090148635,N,16.798991744090923,18.09351535754298,4.253647300557838,16.798991744090923,18.09351535754298
2453,587203.9136075096,517566.7090148635,N,16.809754106797495,17.925648843998548,4.233869252114258,16.809754106797495,17.925648843998548
2454,587204.2016642317,517566.7090148635,N,16.762349938237655,17.613828537317886,4.196883193194432,16.762349938237655,17.613828537317886
2455,587204.4897209539,517566.7090148635,N,16.641250362495967,17.165716356940507,4.143152948774702,16.641250362495967,17.165716356940507
2456,587204.777777676,517566.7090148635,N,16.43359186430218,16.5568109507306,4.06900613795686,16.43359186430218,16.5568109507306
2457,587205.0658343981,517566.7090148635,N,16.132186928226258,15.717402981689505,3.964518001181166,16.132186928226258,15.717402981689505
2458,587205.3538911203,517566.7090148635,N,15.73659938716066,14.534862079542716,3.8124614200726956,15.73659938716066,14.534862079542716
2459,587205.6419478424,517566.7090148635,N,15.252435486440742,12.872356829091556,3.587806687809637,15.252435486440742,12.872356829091556
2460,587205.9300045646,517566.7090148635,N,14.691313052234413,10.604245535934938,3.2564160569458775,14.691313052234413,10.604245535934938
2461,587206.2180612867,517566.7090148635,N,14.079413201587323,7.70780648343524,2.7762936594379277,14.079413201587323,7.70780648343524
2462,587206.506118009,517566.7090148635,N,13.523921675195156,4.769572057157037,2.1839349938029375,13.523921675195156,4.769572057157037
2463,587206.7941747311,517566.7090148635,N,13.45511050209137,4.800466910221,2.1909967846213285,13.45511050209137,4.800466910221
2464,587207.0822314533,517566.7090148635,N,13.848114570497902,7.596956999566866,2.7562577890260673,13.848114570497902,7.596956999566866
2465,587207.3702881754,517566.7090148635,N,14.29408020630987,10.265123797119887,3.203923188392613,14.29408020630987,10.265123797119887
2466,587207.6583448976,517566.7090148635,N,14.700419742609661,12.30087696658847,3.507260607167433,14.700419742609661,12.30087696658847
2467,587207.9464016197,517566.7090148635,N,15.045679628414995,13.773075539718048,3.711209444334562,15.045679628414995,13.773075539718048
2468,587208.2344583418,517566.7090148635,N,15.319592243108307,14.877106475766922,3.857085230555182,15.319592243108307,14.877106475766922
2469,587208.522515064,517566.7090148635,N,15.515742085368403,15.838883027864757,3.979809421048294,15.515742085368403,15.838883027864757
2470,587208.8105717861,517566.7090148635,N,15.63350831661545,16.84427617316563,4.104177892485367,15.63350831661545,16.84427617316563
2471,587209.0986285083,517566.7090148635,N,15.680858027363763,17.981955420588534,4.240513579814188,15.680858027363763,17.981955420588534
2472,587209.3866852304,517566.7090148635,N,15.67358783867129,19.238727734722445,4.386197411736326,15.67358783867129,19.238727734722445
2473,587209.6747419527,517566.7090148635,N,15.631073260900514,20.54626245644688,4.532798523698895,15.631073260900514,20.54626245644688
2474,587209.9627986748,517566.7090148635,N,15.571860507098526,21.833358238978946,4.67261792135618,15.571860507098526,21.833358238978946
2475,587210.250855397,517566.7090148635,N,15.511203260780272,23.052608362027904,4.801313191412106,15.511203260780272,23.052608362027904
2476,587210.5389121191,517566.7090148635,N,15.460334924416307,24.183351566969037,4.917657121736838,15.460334924416307,24.183351566969037
2477,587210.8269688413,517566.7090148635,N,15.42660379780841,25.223939388061346,5.022344013313042,15.42660379780841,25.223939388061346
2478,587211.1150255634,517566.7090148635,N,15.413930954889063,26.182491967306586,5.116883032404257,15.413930954889063,26.182491967306586
2479,587211.4030822855,517566.7090148635,N,15.4233987299998,27.069956428912967,5.202879628524282,15.4233987299998,27.069956428912967
2480,587211.6911390077,517566.7090148635,N,15.453911267274616,27.896214922372575,5.281686749739384,15.453911267274616,27.896214922372575
2481,587196.7121894556,517566.9970715856,N,10.735260107186157,23.86381757037645,4.8850606516579145,10.735260107186157,23.86381757037645
2482,587197.0002461778,517566.9970715856,N,10.674972111139947,22.802937025624548,4.775242090787079,10.674972111139947,22.802937025624548
2483,587197.2883028999,517566.9970715856,N,10.683399291455228,21.710690563893163,4.659473206693345,10.683399291455228,21.710690563893163
2484,587197.5763596221,517566.9970715856,N,10.775203486330057,20.5791306878692,4.536422675178009,10.775203486330057,20.5791306878692
2485,587197.8644163442,517566.9970715856,N,10.960436440035851,19.373523363334265,4.401536477564881,10.960436440035851,19.373523363334265
2486,587198.1524730665,517566.9970715856,N,11.242240920258187,18.025245636701992,4.245614871452896,11.242240920258187,18.025245636701992
2487,587198.4405297886,517566.9970715856,N,11.616215771905448,16.436494073833135,4.054194627029286,11.616215771905448,16.436494073833135
2488,587198.7285865108,517566.9970715856,N,12.071442596111671,14.500718407931464,3.8079808833463784,12.071442596111671,14.500718407931464
2489,587199.0166432329,517566.9970715856,N,12.59162537313126,12.146663368281356,3.485206359497434,12.59162537313126,12.146663368281356
2490,587199.304699955,517566.9970715856,N,13.152647356863074,9.452354996227793,3.0744682460919632,13.152647356863074,9.452354996227793
2491,587199.5927566772,517566.9970715856,N,13.706528072329181,7.0240186064350905,2.650286514027321,13.706528072329181,7.0240186064350905
2492,587199.8808133993,517566.9970715856,N,14.15766064224265,6.51418139705303,2.5522894422563107,14.15766064224265,6.51418139705303
2493,587200.1688701215,517566.9970715856,N,14.479880162157787,8.171102703745989,2.858514072686365,14.479880162157787,8.171102703745989
2494,587200.4569268436,517566.9970715856,N,14.750521073921078,10.198395844960531,3.1934927344461785,14.750521073921078,10.198395844960531
2495,587200.7449835659,517566.9970715856,N,15.005051369752513,11.786435337791675,3.4331378267980552,15.005051369752513,11.786435337791675
2496,587201.033040288,517566.9970715856,N,15.246548075289788,12.842678282073875,3.5836682717676136,15.246548075289788,12.842678282073875
2497,587201.3210970102,517566.9970715856,N,15.467564755908157,13.51501492689705,3.6762773190956435,15.467564755908157,13.51501492689705
2498,587201.6091537323,517566.9970715856,N,15.657852771883912,14.032728607871759,3.7460283778785977,15.657852771883912,14.032728607871759
2499,587201.8972104545,517566.9970715856,N,15.809722367716779,14.599140393262127,3.8208821485701607,15.809722367716779,14.599140393262127
2500,587202.1852671766,517566.9970715856,N,15.922349947366337,15.299256381609386,3.9114263870881407,15.922349947366337,15.299256381609386
2501,587202.4733238987,517566.9970715856,N,16.001913212070473,16.085215553631528,4.010637798858372,16.001913212070473,16.085215553631528
2502,587202.7613806209,517566.9970715856,N,16.057441391001056,16.845365400420064,4.104310587713857,16.057441391001056,16.845365400420064
2503,587203.049437343,517566.9970715856,N,16.096221630735002,17.479245588442264,4.180818770102606,16.096221630735002,17.479245588442264
2504,587203.3374940652,517566.9970715856,N,16.12117503099998,17.929346340237263,4.234305886475051,16.12117503099998,17.929346340237263
2505,587203.6255507873,517566.9970715856,N,16.12998388940714,18.178350160519642,4.263607646174733,16.12998388940714,18.178350160519642
2506,587203.9136075096,517566.9970715856,N,16.115324583559286,18.23292751282691,4.27000322164128,16.115324583559286,18.23292751282691
2507,587204.2016642317,517566.9970715856,N,16.06605667874709,18.105270644207614,4.255028865261388,16.06605667874709,18.105270644207614
2508,587204.4897209539,517566.9970715856,N,15.969358706330443,17.796372961999147,4.218574754819351,15.969358706330443,17.796372961999147
2509,587204.777777676,517566.9970715856,N,15.813479537565957,17.283781988152118,4.157376815751985,15.813479537565957,17.283781988152118
2510,587205.0658343981,517566.9970715856,N,15.59043720033766,16.517571049151844,4.064181473452169,15.59043720033766,16.517571049151844
2511,587205.3538911203,517566.9970715856,N,15.298206824052052,15.428604452811516,3.9279262280256124,15.298206824052052,15.428604452811516
2512,587205.6419478424,517566.9970715856,N,14.943011563381534,13.953810738537253,3.7354799877040237,14.943011563381534,13.953810738537253
2513,587205.9300045646,517566.9970715856,N,14.54449580693227,12.091772496445751,3.4773226045976453,14.54449580693227,12.091772496445751
2514,587206.2180612867,517566.9970715856,N,14.15089716769067,10.032827214329776,3.1674638457810023,14.15089716769067,10.032827214329776
2515,587206.506118009,517566.9970715856,N,13.872020485018183,8.419256332424187,2.901595480494169,13.872020485018183,8.419256332424187
2516,587206.7941747311,517566.9970715856,N,13.860655644823643,8.236869155936573,2.869994626464756,13.860655644823643,8.236869155936573
2517,587207.0822314533,517566.9970715856,N,14.113203178807316,9.40336151393877,3.066490096827115,14.113203178807316,9.40336151393877
2518,587207.3702881754,517566.9970715856,N,14.480086168243911,10.87788616179567,3.2981640592601926,14.480086168243911,10.87788616179567
2519,587207.6583448976,517566.9970715856,N,14.858037091320359,12.0558630152146,3.472155384658728,14.858037091320359,12.0558630152146
2520,587207.9464016197,517566.9970715856,N,15.198506263735315,12.83014473424912,3.581919141221521,15.198506263735315,12.83014473424912
2521,587208.2344583418,517566.9970715856,N,15.47366638313568,13.354908698293025,3.6544368510473713,15.47366638313568,13.354908698293025
2522,587208.522515064,517566.9970715856,N,15.663629456892611,13.9064835519848,3.729139787133864,15.663629456892611,13.9064835519848
2523,587208.8105717861,517566.9970715856,N,15.759078570595241,14.734131658006444,3.8385064358427803,15.759078570595241,14.734131658006444
2524,587209.0986285083,517566.9970715856,N,15.767991525137242,15.91403676143306,3.9892401233108368,15.767991525137242,15.91403676143306
2525,587209.3866852304,517566.9970715856,N,15.713509848436237,17.341356296676874,4.164295414193964,15.713509848436237,17.341356296676874
2526,587209.6747419527,517566.9970715856,N,15.623487898074023,18.850598367500066,4.341727578683406,15.623487898074023,18.850598367500066
2527,587209.9627986748,517566.9970715856,N,15.522272844752067,20.315209785697316,4.507239708036097,15.522272844752067,20.315209785697316
2528,587210.250855397,517566.9970715856,N,15.428102939956542,21.671855518302298,4.655304019965001,15.428102939956542,21.671855518302298
2529,587210.5389121191,517566.9970715856,N,15.35335480240233,22.90501458373487,4.7859183636722085,15.35335480240233,22.90501458373487
2530,587210.8269688413,517566.9970715856,N,15.305389612719726,24.024932185091668,4.901523455528054,15.305389612719726,24.024932185091668
2531,587211.1150255634,517566.9970715856,N,15.287367498674577,25.050815295053557,5.005078949932114,15.287367498674577,25.050815295053557
2532,587211.4030822855,517566.9970715856,N,15.299055429165616,26.001025093198674,5.099120031260166,15.299055429165616,26.001025093198674
2533,587211.6911390077,517566.9970715856,N,15.337704790025812,26.88899252037289,5.185459721217868,15.337704790025812,26.88899252037289
2534,587211.9791957298,517566.9970715856,N,15.398966640563263,27.72286174716995,5.265250397385669,15.398966640563263,27.72286174716995
2535,587197.0002461778,517567.28512830776,N,11.150952448714026,24.14141040014858,4.913390926859838,11.150952448714026,24.14141040014858
2536,587197.2883028999,517567.28512830776,N,11.180513604609542,23.102591385392685,4.806515513903256,11.180513604609542,23.102591385392685
2537,587197.5763596221,517567.28512830776,N,11.279607072718548,21.99768491934229,4.690168964903321,11.279607072718548,21.99768491934229
2538,587197.8644163442,517567.28512830776,N,11.454751566298398,20.795156222882735,4.560170635281397,11.454751566298398,20.795156222882735
2539,587198.1524730665,517567.28512830776,N,11.707487839703449,19.446721936388986,4.409843754192317,11.707487839703449,19.446721936388986
2540,587198.4405297886,517567.28512830776,N,12.033699519619159,17.896611039368228,4.230438634393392,12.033699519619159,17.896611039368228
2541,587198.7285865108,517567.28512830776,N,12.423509239762513,16.105744701440152,4.01319631982291,12.423509239762513,16.105744701440152
2542,587199.0166432329,517567.28512830776,N,12.86076177233479,14.10095505823783,3.7551238405993788,12.86076177233479,14.10095505823783
2543,587199.304699955,517567.28512830776,N,13.320462506562077,12.068359637181084,3.473954466768539,13.320462506562077,12.068359637181084
2544,587199.5927566772,517567.28512830776,N,13.764510888890355,10.472314678690655,3.23609559171089,13.764510888890355,10.472314678690655
2545,587199.8808133993,517567.28512830776,N,14.14957222527795,9.905613311698442,3.1473184318874443,14.14957222527795,9.905613311698442
2546,587200.1688701215,517567.28512830776,N,14.462163790191171,10.37477465086782,3.2209897005218475,14.462163790191171,10.37477465086782
2547,587200.4569268436,517567.28512830776,N,14.724707573762391,11.216106349720116,3.349045587883228,14.724707573762391,11.216106349720116
2548,587200.7449835659,517567.28512830776,N,14.958665010044504,11.871468543751554,3.4454997523946442,14.958665010044504,11.871468543751554
2549,587201.033040288,517567.28512830776,N,15.169858203106768,12.161240331241139,3.487296994986395,15.169858203106768,12.161240331241139
2550,587201.3210970102,517567.28512830776,N,15.351669598933487,12.198298188058619,3.492606217147679,15.351669598933487,12.198298188058619
2551,587201.6091537323,517567.28512830776,N,15.49030860525573,12.280833178243077,3.5044019715556427,15.49030860525573,12.280833178243077
2552,587201.8972104545,517567.28512830776,N,15.573805368277203,12.715614739186659,3.5658960639910213,15.573805368277203,12.715614739186659
2553,587202.1852671766,517567.28512830776,N,15.603327165214175,13.583077484235575,3.685522688064147,15.603327165214175,13.583077484235575
2554,587202.4733238987,517567.28512830776,N,15.594144522803639,14.702689995695419,3.834408689184738,15.594144522803639,14.702689995695419
2555,587202.7613806209,517567.28512830776,N,15.565307695341433,15.827424377238701,3.9783695626774924,15.565307695341433,15.827424377238701
2556,587203.049437343,517567.28512830776,N,15.53147507504727,16.789773686041325,4.097532633920238,15.53147507504727,16.789773686041325
2557,587203.3374940652,517567.28512830776,N,15.500704087656713,17.518226992684973,4.185478108016452,15.500704087656713,17.518226992684973
2558,587203.6255507873,517567.28512830776,N,15.474617554340007,18.00313607751115,4.243010261301657,15.474617554340007,18.00313607751115
2559,587203.9136075096,517567.28512830776,N,15.449010011293453,18.261850537868188,4.273388648118515,15.449010011293453,18.261850537868188
2560,587204.2016642317,517567.28512830776,N,15.414905833677885,18.31394898072037,4.279479989522135,15.414905833677885,18.31394898072037
2561,587204.4897209539,517567.28512830776,N,15.360425389669832,18.16616930450331,4.262178938583329,15.360425389669832,18.16616930450331
2562,587204.777777676,517567.28512830776,N,15.273441904552707,17.80610131468594,4.219727635130725,15.273441904552707,17.80610131468594
2563,587205.0658343981,517567.28512830776,N,15.14465054641806,17.204921322896297,4.147881546391639,15.14465054641806,17.204921322896297
2564,587205.3538911203,517567.28512830776,N,14.970756396908671,16.330628413478017,4.0411172234269594,14.970756396908671,16.330628413478017
2565,587205.6419478424,517567.28512830776,N,14.758118956953982,15.174996589092668,3.8955097983566502,14.758118956953982,15.174996589092668
2566,587205.9300045646,517567.28512830776,N,14.528028891179366,13.800194488490527,3.7148613013799756,14.528028891179366,13.800194488490527
2567,587206.2180612867,517567.28512830776,N,14.324219985028893,12.40589017417716,3.522199621568482,14.324219985028893,12.40589017417716
2568,587206.506118009,517567.28512830776,N,14.214998492103547,11.35986979585762,3.370440593729197,14.214998492103547,11.35986979585762
2569,587206.7941747311,517567.28512830776,N,14.263779303933308,11.004111489327647,3.317244562785151,14.263779303933308,11.004111489327647
2570,587207.0822314533,517567.28512830776,N,14.471706956347496,11.268077698091753,3.356795748640622,14.471706956347496,11.268077698091753
2571,587207.3702881754,517567.28512830776,N,14.77894591724311,11.710676927082828,3.422086633485895,14.77894591724311,11.710676927082828
2572,587207.6583448976,517567.28512830776,N,15.119679747491915,11.944118384809892,3.456026386590515,15.119679747491915,11.944118384809892
2573,587207.9464016197,517567.28512830776,N,15.445240439747456,11.843984403488934,3.4415090299879982,15.445240439747456,11.843984403488934
2574,587208.2344583418,517567.28512830776,N,15.716279050854242,11.572383676482373,3.4018206414334036,15.716279050854242,11.572383676482373
2575,587208.522515064,517567.28512830776,N,15.894269990066856,11.541289050893653,3.397247275500218,15.894269990066856,11.541289050893653
2576,587208.8105717861,517567.28512830776,N,15.952197850902431,12.178391147044728,3.489755170072068,15.952197850902431,12.178391147044728
2577,587209.0986285083,517567.28512830776,N,15.898765036521393,13.531545405191089,3.678524895279504,15.898765036521393,13.531545405191089
2578,587209.3866852304,517567.28512830776,N,15.773464123151891,15.276763767975721,3.9085500851307664,15.773464123151891,15.276763767975721
2579,587209.6747419527,517567.28512830776,N,15.617928516790533,17.077948745475116,4.132547488592856,15.617928516790533,17.077948745475116
2580,587209.9627986748,517567.28512830776,N,15.462612773057238,18.752935880494483,4.330466011931566,15.462612773057238,18.752935880494483
2581,587210.250855397,517567.28512830776,N,15.327558169066206,20.245474817288525,4.499497173828263,15.327558169066206,20.245474817288525
2582,587210.5389121191,517567.28512830776,N,15.225260877846111,21.565749847216228,4.64389382385259,15.225260877846111,21.565749847216228
2583,587210.8269688413,517567.28512830776,N,15.162375121104452,22.74881444971407,4.769571726026779,15.162375121104452,22.74881444971407
2584,587211.1150255634,517567.28512830776,N,15.140665091457466,23.831180256287755,4.881718985796679,15.140665091457466,23.831180256287755
2585,587211.4030822855,517567.28512830776,N,15.157898260115692,24.840133903049168,4.983987751093412,15.157898260115692,24.840133903049168
2586,587211.6911390077,517567.28512830776,N,15.20895605978517,25.791461037819946,5.0785294168509,15.20895605978517,25.791461037819946
2587,587211.9791957298,517567.28512830776,N,15.287074205511605,26.691847924784962,5.16641538446,15.287074205511605,26.691847924784962
2588,587212.2672524521,517567.28512830776,N,15.384984725363482,27.542811383652634,5.24812455870215,15.384984725363482,27.542811383652634
2589,587197.2883028999,517567.5731850299,N,11.624376555165373,24.377811516667105,4.937389139683757,11.624376555165373,24.377811516667105
2590,587197.5763596221,517567.5731850299,N,11.723273956282464,23.319897297537747,4.829067953294688,11.723273956282464,23.319897297537747
2591,587197.8644163442,517567.5731850299,N,11.883831608449036,22.16344659699523,4.70780698382965,11.883831608449036,22.16344659699523
2592,587198.1524730665,517567.5731850299,N,12.106214352887797,20.87998030857311,4.569461708841985,12.106214352887797,20.87998030857311
2593,587198.4405297886,517567.5731850299,N,12.38610776176748,19.446328832077015,4.409799182738032,12.38610776176748,19.446328832077015
2594,587198.7285865108,517567.5731850299,N,12.71430891820457,17.865445965526664,4.2267535965001155,12.71430891820457,17.865445965526664
2595,587199.0166432329,517567.5731850299,N,13.076225049272075,16.19943301869729,4.024851925064733,13.076225049272075,16.19943301869729
2596,587199.304699955,517567.5731850299,N,13.45126639177902,14.60708860074058,3.8219221081467083,13.45126639177902,14.60708860074058
2597,587199.5927566772,517567.5731850299,N,13.81396256603284,13.340841367839845,3.652511651978655,13.81396256603284,13.340841367839845
2598,587199.8808133993,517567.5731850299,N,14.141146132543224,12.611534837717102,3.5512722843675477,14.141146132543224,12.611534837717102
2599,587200.1688701215,517567.5731850299,N,14.423607446182984,12.364193359159948,3.516275495344463,14.423607446182984,12.364193359159948
2600,587200.4569268436,517567.5731850299,N,14.667516671856099,12.273883523415055,3.503410270495743,14.667516671856099,12.273883523415055
2601,587200.7449835659,517567.5731850299,N,14.882783339144577,11.998041089861896,3.4638188592739514,14.882783339144577,11.998041089861896
2602,587201.033040288,517567.5731850299,N,15.072831878937944,11.378004192116006,3.3731297324763547,15.072831878937944,11.378004192116006
2603,587201.3210970102,517567.5731850299,N,15.229518006636066,10.534404283539647,3.2456747039005074,15.229518006636066,10.534404283539647
2604,587201.6091537323,517567.5731850299,N,15.330256619581727,9.93404848242605,3.1518325593892276,15.330256619581727,9.93404848242605
2605,587201.8972104545,517567.5731850299,N,15.348456199107344,10.195164995952556,3.1929868455652235,15.348456199107344,10.195164995952556
2606,587202.1852671766,517567.5731850299,N,15.286557702480197,11.407370175931634,3.3774798557403174,15.286557702480197,11.407370175931634
2607,587202.4733238987,517567.5731850299,N,15.179324124794105,13.045935862537982,3.6119158160923384,15.179324124794105,13.045935862537982
2608,587202.7613806209,517567.5731850299,N,15.061469466587662,14.626411214348646,3.824449138679798,15.061469466587662,14.626411214348646
2609,587203.049437343,517567.5731850299,N,14.955413840383084,15.93109842848392,3.991378011224184,14.955413840383084,15.93109842848392
2610,587203.3374940652,517567.5731850299,N,14.873887958146634,16.912931848549658,4.1125335072859475,14.873887958146634,16.912931848549658
2611,587203.6255507873,517567.5731850299,N,14.822237101236649,17.598457501922837,4.195051549376102,14.822237101236649,17.598457501922837
2612,587203.9136075096,517567.5731850299,N,14.798945823123834,18.03365961560428,4.246605658123236,14.798945823123834,18.03365961560428
2613,587204.2016642317,517567.5731850299,N,14.796094501857738,18.256197128084228,4.272727130075618,14.796094501857738,18.256197128084228
2614,587204.4897209539,517567.5731850299,N,14.80096993821288,18.28361792971715,4.2759347433885315,14.80096993821288,18.28361792971715
2615,587204.777777676,517567.5731850299,N,14.799051036559927,18.113045762396084,4.255942405906838,14.799051036559927,18.113045762396084
2616,587205.0658343981,517567.5731850299,N,14.777820193326471,17.72970241307054,4.21066531715245,14.777820193326471,17.72970241307054
2617,587205.3538911203,517567.5731850299,N,14.730699892675434,17.122570645914855,4.137942803606021,14.730699892675434,17.122570645914855
2618,587205.6419478424,517567.5731850299,N,14.660762080491168,16.306420565186336,4.038120920079826,14.660762080491168,16.306420565186336
2619,587205.9300045646,517567.5731850299,N,14.58400854905937,15.347980399793135,3.9176498567116913,14.58400854905937,15.347980399793135
2620,587206.2180612867,517567.5731850299,N,14.53079434587111,14.38379236603415,3.792597047675135,14.53079434587111,14.38379236603415
2621,587206.506118009,517567.5731850299,N,14.540609231447432,13.593463016297582,3.6869313820977982,14.540609231447432,13.593463016297582
2622,587206.7941747311,517567.5731850299,N,14.644944611720085,13.090542898469314,3.6180855294574386,14.644944611720085,13.090542898469314
2623,587207.0822314533,517567.5731850299,N,14.84728075597327,12.798023926121708,3.5774325886201837,14.84728075597327,12.798023926121708
2624,587207.3702881754,517567.5731850299,N,15.122584693745313,12.468677051417872,3.5311013935340165,15.122584693745313,12.468677051417872
2625,587207.6583448976,517567.5731850299,N,15.43488203693255,11.841582922803273,3.44116011292751,15.43488203693255,11.841582922803273
2626,587207.9464016197,517567.5731850299,N,15.749008447296497,10.792560891561424,3.285203325756478,15.749008447296497,10.792560891561424
2627,587208.2344583418,517567.5731850299,N,16.025490333177032,9.480478944789194,3.079038639703827,16.025490333177032,9.480478944789194
2628,587208.522515064,517567.5731850299,N,16.20244680092923,8.573698371299635,2.9280878353115765,16.20244680092923,8.573698371299635
2629,587208.8105717861,517567.5731850299,N,16.208807957835877,9.057115573990263,3.009504207338854,16.208807957835877,9.057115573990263
2630,587209.0986285083,517567.5731850299,N,16.058581915434857,10.897711956145105,3.301168271407125,16.058581915434857,10.897711956145105
2631,587209.3866852304,517567.5731850299,N,15.834496920451258,13.185778681494458,3.6312227529434846,15.834496920451258,13.185778681494458
2632,587209.6747419527,517567.5731850299,N,15.596924552779312,15.35198998914992,3.918161557305916,15.596924552779312,15.35198998914992
2633,587209.9627986748,517567.5731850299,N,15.378339758269988,17.22573572786839,4.150389828421951,15.378339758269988,17.22573572786839
2634,587210.250855397,517567.5731850299,N,15.197680890101523,18.811810138518297,4.3372583665857745,15.197680890101523,18.811810138518297
2635,587210.5389121191,517567.5731850299,N,15.066438126848952,20.174865747907617,4.4916439916702675,15.066438126848952,20.174865747907617
2636,587210.8269688413,517567.5731850299,N,14.990128693700418,21.38795093855557,4.624710903240933,14.990128693700418,21.38795093855557
2637,587211.1150255634,517567.5731850299,N,14.968643356325272,22.50876907343403,4.744340741708381,14.968643356325272,22.50876907343403
2638,587211.4030822855,517567.5731850299,N,14.99699452152251,23.57175852840158,4.855075543016976,14.99699452152251,23.57175852840158
2639,587211.6911390077,517567.5731850299,N,15.066781545282522,24.59061158628079,4.958892173286367,15.066781545282522,24.59061158628079
2640,587211.9791957298,517567.5731850299,N,15.167988599490501,25.565902694666597,5.056273597686996,15.167988599490501,25.565902694666597
2641,587212.2672524521,517567.5731850299,N,15.2905801432762,26.492953555485983,5.147130613796971,15.2905801432762,26.492953555485983
2642,587212.5553091742,517567.5731850299,N,15.425584881886657,27.36718496012555,5.231365496705956,15.425584881886657,27.36718496012555
2643,587212.8433658964,517567.5731850299,N,15.565641784609118,28.186505330669476,5.3090964702734,15.565641784609118,28.186505330669476
2644,587197.8644163442,517567.8612417521,N,12.256388679692286,23.476465192577205,4.8452518193151946,12.256388679692286,23.476465192577205
2645,587198.1524730665,517567.8612417521,N,12.448442435782706,22.288655178876052,4.721086228705853,12.448442435782706,22.288655178876052
2646,587198.4405297886,517567.8612417521,N,12.684930358694013,20.99378323685485,4.581897340278899,12.684930358694013,20.99378323685485
2647,587198.7285865108,517567.8612417521,N,12.957619321933059,19.610643077419525,4.428390574172464,12.957619321933059,19.610643077419525
2648,587199.0166432329,517567.8612417521,N,13.254356807255501,18.196177925885387,4.26569782402427,13.254356807255501,18.196177925885387
2649,587199.304699955,517567.8612417521,N,13.55955843444482,16.851131111803976,4.105012924681721,13.55955843444482,16.851131111803976
2650,587199.5927566772,517567.8612417521,N,13.856194108665516,15.693163030341468,3.9614597095441306,13.856194108665516,15.693163030341468
2651,587199.8808133993,517567.8612417521,N,14.13003457356449,14.78157919763781,3.844681937122733,14.13003457356449,14.78157919763781
2652,587200.1688701215,517567.8612417521,N,14.37424398529552,14.037036963983168,3.746603390270068,14.37424398529552,14.037036963983168
2653,587200.4569268436,517567.8612417521,N,14.589956251894755,13.24621116158916,3.6395344704493677,14.589956251894755,13.24621116158916
2654,587200.7449835659,517567.8612417521,N,14.782026196110587,12.159449259069085,3.487040186041607,14.782026196110587,12.159449259069085
2655,587201.033040288,517567.8612417521,N,14.953423129652624,10.605813313948529,3.2566567694414053,14.953423129652624,10.605813313948529
2656,587201.3210970102,517567.8612417521,N,15.09834391466025,8.633074349009254,2.9382093780071656,15.09834391466025,8.633074349009254
2657,587201.6091537323,517567.8612417521,N,15.185011974460238,6.8782121842298345,2.622634588391954,15.185011974460238,6.8782121842298345
2658,587201.8972104545,517567.8612417521,N,15.140723731346906,6.923100136808597,2.63117846920512,15.140723731346906,6.923100136808597
2659,587202.1852671766,517567.8612417521,N,14.965129337772478,8.93933691641532,2.989872391326312,14.965129337772478,8.93933691641532
2660,587202.4733238987,517567.8612417521,N,14.745619183355052,11.353810652612097,3.369541608677966,14.745619183355052,11.353810652612097
2661,587202.7613806209,517567.8612417521,N,14.534312007071332,13.42379131708567,3.6638492486844583,14.534312007071332,13.42379131708567
2662,587203.049437343,517567.8612417521,N,14.356594040222118,15.01322534963422,3.8746903553231475,14.356594040222118,15.01322534963422
2663,587203.3374940652,517567.8612417521,N,14.228478457865219,16.169922526186582,4.021184219379483,14.228478457865219,16.169922526186582
2664,587203.6255507873,517567.8612417521,N,14.159492790744594,16.987296631567194,4.121564828019474,14.159492790744594,16.987296631567194
2665,587203.9136075096,517567.8612417521,N,14.151175663581732,17.55332587213497,4.189668945410242,14.151175663581732,17.55332587213497
2666,587204.2016642317,517567.8612417521,N,14.195841653694014,17.9277603661095,4.234118605578911,14.195841653694014,17.9277603661095
2667,587204.4897209539,517567.8612417521,N,14.277814325950773,18.136175076370197,4.258658835404662,14.277814325950773,18.136175076370197
2668,587204.777777676,517567.8612417521,N,14.377333792236573,18.177183426651336,4.263470819256458,14.377333792236573,18.177183426651336
2669,587205.0658343981,517567.8612417521,N,14.475770324197839,18.037580801472863,4.247067317746784,14.475770324197839,18.037580801472863
2670,587205.3538911203,517567.8612417521,N,14.560485343394074,17.709886608169924,4.208311610155541,14.560485343394074,17.709886608169924
2671,587205.6419478424,517567.8612417521,N,14.628345198586905,17.20845436238644,4.148307409340156,14.628345198586905,17.20845436238644
2672,587205.9300045646,517567.8612417521,N,14.687382314045147,16.58021490792481,4.0718810036547985,14.687382314045147,16.58021490792481
2673,587206.2180612867,517567.8612417521,N,14.755734059477982,15.901676279759801,3.9876905947878907,14.755734059477982,15.901676279759801
2674,587206.506118009,517567.8612417521,N,14.85638847434685,15.249514167923158,3.9050626330346043,14.85638847434685,15.249514167923158
2675,587206.7941747311,517567.8612417521,N,15.007807652390868,14.644193714698119,3.8267732771485323,15.007807652390868,14.644193714698119
2676,587207.0822314533,517567.8612417521,N,15.21539666226942,14.00171453387471,3.741886493985983,15.21539666226942,14.00171453387471
2677,587207.3702881754,517567.8612417521,N,15.470686540524436,13.141152018424298,3.6250726914676203,15.470686540524436,13.141152018424298
2678,587207.6583448976,517567.8612417521,N,15.757812124925863,11.845346962108046,3.4417069837666374,15.757812124925863,11.845346962108046
2679,587207.9464016197,517567.8612417521,N,16.059538839968717,9.935933182232816,3.152131529970286,16.059538839968717,9.935933182232816
2680,587208.2344583418,517567.8612417521,N,16.35416068596006,7.392948204241445,2.7189976469723995,16.35416068596006,7.392948204241445
2681,587208.522515064,517567.8612417521,N,16.575670823740698,4.921704436714471,2.2184914777195948,16.575670823740698,4.921704436714471
2682,587208.8105717861,517567.8612417521,N,16.512597404781662,5.403115751585615,2.32446031404832,16.512597404781662,5.403115751585615
2683,587209.0986285083,517567.8612417521,N,16.207319732867767,8.415915993136286,2.901019819500771,16.207319732867767,8.415915993136286
2684,587209.3866852304,517567.8612417521,N,15.862482248646254,11.40836307771577,3.3776268410994974,15.862482248646254,11.40836307771577
2685,587209.6747419527,517567.8612417521,N,15.536646649541991,13.873348313452073,3.724694391953798,15.536646649541991,13.873348313452073
2686,587209.9627986748,517567.8612417521,N,15.252562428857706,15.830572088528063,3.978765146188961,15.252562428857706,15.830572088528063
2687,587210.250855397,517567.8612417521,N,15.025619375129617,17.402522508096933,4.171633074480177,15.025619375129617,17.402522508096933
2688,587210.5389121191,517567.8612417521,N,14.866758534842058,18.72657716984927,4.327421538266092,14.866758534842058,18.72657716984927
2689,587210.8269688413,517567.8612417521,N,14.78106745035286,19.91921672060377,4.463094971049101,14.78106745035286,19.91921672060377
2690,587211.1150255634,517567.8612417521,N,14.766495078425034,21.057022808192276,4.588793175573756,14.766495078425034,21.057022808192276
2691,587211.4030822855,517567.8612417521,N,14.814374131846128,22.17372293743051,4.70889827214716,14.814374131846128,22.17372293743051
2692,587211.6911390077,517567.8612417521,N,14.91172710541888,23.27115885792467,4.824018952898576,14.91172710541888,23.27115885792467
2693,587211.9791957298,517567.8612417521,N,15.044164028909737,24.33572933910262,4.93312571693674,15.044164028909737,24.33572933910262
2694,587212.2672524521,517567.8612417521,N,15.19819911292368,25.35182876964112,5.035059956906285,15.19819911292368,25.35182876964112
2695,587212.5553091742,517567.8612417521,N,15.36254408654814,26.30884857223943,5.129215200421935,15.36254408654814,26.30884857223943
2696,587212.8433658964,517567.8612417521,N,15.528532199947216,27.202733128439203,5.2156239443080255,15.528532199947216,27.202733128439203
2697,587213.1314226185,517567.8612417521,N,15.690011970863946,28.034597214003554,5.294770742346032,15.690011970863946,28.034597214003554
2698,587198.1524730665,517568.14929847425,N,12.74375246191526,23.63793924478809,4.861886387482547,12.74375246191526,23.63793924478809
2699,587198.4405297886,517568.14929847425,N,12.940561933794935,22.474144146973092,4.740690260602679,12.940561933794935,22.474144146973092
2700,587198.7285865108,517568.14929847425,N,13.164224519848265,21.25084456938799,4.609863834148248,13.164224519848265,21.25084456938799
2701,587199.0166432329,517568.14929847425,N,13.404963874953317,20.00663089773714,4.472877250466095,13.404963874953317,20.00663089773714
2702,587199.304699955,517568.14929847425,N,13.651107480578506,18.79405515829526,4.335211085782936,13.651107480578506,18.79405515829526
2703,587199.5927566772,517568.14929847425,N,13.8907211747592,17.65625312114862,4.201934449887173,13.8907211747592,17.65625312114862
2704,587199.8808133993,517568.14929847425,N,14.114028048459103,16.587390349846835,4.07276200505834,14.114028048459103,16.587390349846835
2705,587200.1688701215,517568.14929847425,N,14.315572796173907,15.499401933008881,3.9369279816893883,14.315572796173907,15.499401933008881
2706,587200.4569268436,517568.14929847425,N,14.49468892930279,14.223953366929894,3.771465678874712,14.49468892930279,14.223953366929894
2707,587200.7449835659,517568.14929847425,N,14.654083032563186,12.549833275261664,3.5425743852827796,14.654083032563186,12.549833275261664
2708,587201.033040288,517568.14929847425,N,14.797787348094472,10.267951233206135,3.2043644039350667,14.797787348094472,10.267951233206135
2709,587201.3210970102,517568.14929847425,N,14.929071392551165,7.214745218589291,2.68602777695788,14.929071392551165,7.214745218589291
2710,587201.6091537323,517568.14929847425,N,15.040446596723836,3.48787726801398,1.8675859466203906,15.040446596723836,3.48787726801398
2711,587201.8972104545,517568.14929847425,N,14.941641028743964,3.1604980876760806,1.7777789760473828,14.941641028743964,3.1604980876760806
2712,587202.1852671766,517568.14929847425,N,14.605841852700058,6.9522367874604525,2.636709462087253,14.605841852700058,6.9522367874604525
2713,587202.4733238987,517568.14929847425,N,14.27136228454041,10.120102526516712,3.1812108585437575,14.27136228454041,10.120102526516712
2714,587202.7613806209,517568.14929847425,N,13.97029421161816,12.474036308413465,3.5318601767926014,13.97029421161816,12.474036308413465
2715,587203.049437343,517568.14929847425,N,13.72349544232878,14.152977116871758,3.76204427364588,13.72349544232878,14.152977116871758
2716,587203.3374940652,517568.14929847425,N,13.551757921440071,15.329498969821168,3.9152904068307843,13.551757921440071,15.329498969821168
2717,587203.6255507873,517568.14929847425,N,13.47202922056486,16.16870657583882,4.021033023470315,13.47202922056486,16.16870657583882
2718,587203.9136075096,517568.14929847425,N,13.491118183418768,16.801187339774398,4.0989251444463335,13.491118183418768,16.801187339774398
2719,587204.2016642317,517568.14929847425,N,13.60117704496658,17.303732563456,4.159775542436875,13.60117704496658,17.303732563456
2720,587204.4897209539,517568.14929847425,N,13.780574336329645,17.698078208832484,4.206908390829599,13.780574336329645,17.698078208832484
2721,587204.777777676,517568.14929847425,N,14.000163979551917,17.968656833634824,4.238945250134145,14.000163979551917,17.968656833634824
2722,587205.0658343981,517568.14929847425,N,14.231425494701709,18.088078367023442,4.2530081550619485,14.231425494701709,18.088078367023442
2723,587205.3538911203,517568.14929847425,N,14.452929067769448,18.0382326619257,4.247144059474048,14.452929067769448,18.0382326619257
2724,587205.6419478424,517568.14929847425,N,14.653764095962888,17.821839230026754,4.221592025530979,14.653764095962888,17.821839230026754
2725,587205.9300045646,517568.14929847425,N,14.834085110556867,17.46365592586644,4.178953927224664,14.834085110556867,17.46365592586644
2726,587206.2180612867,517568.14929847425,N,15.003093391506974,17.00010171063365,4.123117959825264,15.003093391506974,17.00010171063365
2727,587206.506118009,517568.14929847425,N,15.174659384922142,16.456020664312966,4.05660210820743,15.174659384922142,16.456020664312966
2728,587206.7941747311,517568.14929847425,N,15.361573942154628,15.813913962298239,3.976671216268481,15.361573942154628,15.813913962298239
2729,587207.0822314533,517568.14929847425,N,15.570887979379707,14.99167827169838,3.871908866657166,15.570887979379707,14.99167827169838
2730,587207.3702881754,517568.14929847425,N,15.802834242346972,13.84443452286487,3.7208110033788158,15.802834242346972,13.84443452286487
2731,587207.6583448976,517568.14929847425,N,16.053320590868072,12.187879029081872,3.4911142961928174,16.053320590868072,12.187879029081872
2732,587207.9464016197,517568.14929847425,N,16.317593816261276,9.825029780635113,3.1344903542099334,16.317593816261276,9.825029780635113
2733,587208.2344583418,517568.14929847425,N,16.592876509194888,6.562577660002978,2.5617528491255706,16.592876509194888,6.562577660002978
2734,587208.522515064,517568.14929847425,N,16.87844223767173,2.2294397294446417,1.4931308480654473,16.87844223767173,2.2294397294446417
2735,587208.8105717861,517568.14929847425,N,16.720677733652487,3.0157256760177744,1.7365844857126227,16.720677733652487,3.0157256760177744
2736,587209.0986285083,517568.14929847425,N,16.252798914638365,7.221390850495904,2.6872645665240897,16.252798914638365,7.221390850495904
2737,587209.3866852304,517568.14929847425,N,15.813205473171287,10.438493399315327,3.2308657352659096,15.813205473171287,10.438493399315327
2738,587209.6747419527,517568.14929847425,N,15.41420953820245,12.843316205954023,3.5837572749774815,15.41420953820245,12.843316205954023
2739,587209.9627986748,517568.14929847425,N,15.070983839623421,14.632895264106786,3.825296755038331,15.070983839623421,14.632895264106786
2740,587210.250855397,517568.14929847425,N,14.800375528539652,16.01381470388731,4.001726465400567,14.800375528539652,16.01381470388731
2741,587210.5389121191,517568.14929847425,N,14.617064566588967,17.1827861721098,4.1452124399251,14.617064566588967,17.1827861721098
2742,587210.8269688413,517568.14929847425,N,14.528382672162088,18.294400553052103,4.277195407396312,14.528382672162088,18.294400553052103
2743,587211.1150255634,517568.14929847425,N,14.530688449280895,19.434209572074685,4.4084248402433595,14.530688449280895,19.434209572074685
2744,587211.4030822855,517568.14929847425,N,14.610067231113254,20.618244517378297,4.540731716075978,14.610067231113254,20.618244517378297
2745,587211.6911390077,517568.14929847425,N,14.746831432650334,21.818768982909898,4.671056516775396,14.746831432650334,21.818768982909898
2746,587211.9791957298,517568.14929847425,N,14.920648367370209,22.995893961807695,4.795403420131375,14.920648367370209,22.995893961807695
2747,587212.2672524521,517568.14929847425,N,15.113892398340525,24.11798180994326,4.911006191193741,15.113892398340525,24.11798180994326
2748,587212.5553091742,517568.14929847425,N,15.312928422278256,25.168170439096414,5.016788857336574,15.312928422278256,25.168170439096414
2749,587212.8433658964,517568.14929847425,N,15.508095022293897,26.14238109110053,5.112962066268488,15.508095022293897,26.14238109110053
2750,587213.1314226185,517568.14929847425,N,15.693131849786154,27.044423780187397,5.200425346083472,15.693131849786154,27.044423780187397
2751,587213.4194793407,517568.14929847425,N,15.864464333529472,27.88144138203881,5.280288001808122,15.864464333529472,27.88144138203881
2752,587198.4405297886,517568.4373551964,N,13.161704507121609,23.854247155771635,4.884080993981533,13.161704507121609,23.854247155771635
2753,587198.7285865108,517568.4373551964,N,13.342329723407353,22.75401300094889,4.7701166653394225,13.342329723407353,22.75401300094889
2754,587199.0166432329,517568.4373551964,N,13.534618942284867,21.625178107381554,4.650287959619442,13.534618942284867,21.625178107381554
2755,587199.304699955,517568.4373551964,N,13.729576840220547,20.48859849440006,4.526433308290321,13.729576840220547,20.48859849440006
2756,587199.5927566772,517568.4373551964,N,13.918233960599375,19.349287830774934,4.398782539609674,13.918233960599375,19.349287830774934
2757,587199.8808133993,517568.4373551964,N,14.093039465383015,18.175724665613444,4.263299739123845,14.093039465383015,18.175724665613444
2758,587200.1688701215,517568.4373551964,N,14.248986045419237,16.885225086086695,4.1091635506617035,14.248986045419237,16.885225086086695
2759,587200.4569268436,517568.4373551964,N,14.383913396244132,15.346130265699951,3.917413721538734,14.383913396244132,15.346130265699951
2760,587200.7449835659,517568.4373551964,N,14.497897760586504,13.39726019361092,3.6602267953790677,14.497897760586504,13.39726019361092
2761,587201.033040288,517568.4373551964,N,14.59204501449538,10.877591938637195,3.2981194548768538,14.59204501449538,10.877591938637195
2762,587201.3210970102,517568.4373551964,N,14.666130869849095,7.680239942709052,2.7713245827057236,14.666130869849095,7.680239942709052
2763,587201.6091537323,517568.4373551964,N,14.703651064305738,4.081295814887617,2.020221724189604,14.703651064305738,4.081295814887617
2764,587201.8972104545,517568.4373551964,N,14.536100761808493,3.681837496291865,1.9188114801334355,14.536100761808493,3.681837496291865
2765,587202.1852671766,517568.4373551964,N,14.145234348248753,6.971954566826669,2.6404459030297645,14.145234348248753,6.971954566826669
2766,587202.4733238987,517568.4373551964,N,13.739112320098917,9.860844288225127,3.1401981288168948,13.739112320098917,9.860844288225127
2767,587202.7613806209,517568.4373551964,N,13.363672345937413,11.96607814961974,3.45920195270813,13.363672345937413,11.96607814961974
2768,587203.049437343,517568.4373551964,N,13.050373888241758,13.40742189723687,3.6616146571201167,13.050373888241758,13.40742189723687
2769,587203.3374940652,517568.4373551964,N,12.833761510255727,14.382827560212242,3.792469849611496,12.833761510255727,14.382827560212242
2770,587203.6255507873,517568.4373551964,N,12.74606111491974,15.10007131602705,3.885881021856826,12.74606111491974,15.10007131602705
2771,587203.9136075096,517568.4373551964,N,12.80473440084918,15.725057143069009,3.9654832168436935,12.80473440084918,15.725057143069009
2772,587204.2016642317,517568.4373551964,N,13.001740087977534,16.339634048973167,4.0422313205670415,13.001740087977534,16.339634048973167
2773,587204.4897209539,517568.4373551964,N,13.30431403332895,16.938396812249312,4.115628361775308,13.30431403332895,16.938396812249312
2774,587204.777777676,517568.4373551964,N,13.667300619337674,17.466014020489798,4.179236057043177,13.667300619337674,17.466014020489798
2775,587205.0658343981,517568.4373551964,N,14.047440902503826,17.86240322157622,4.226393642525057,14.047440902503826,17.86240322157622
2776,587205.3538911203,517568.4373551964,N,14.412224078502224,18.08944823706218,4.253169199204539,14.412224078502224,18.08944823706218
2777,587205.6419478424,517568.4373551964,N,14.742730305239776,18.136834147454763,4.258736214824154,14.742730305239776,18.136834147454763
2778,587205.9300045646,517568.4373551964,N,15.03272906397059,18.014729281836296,4.244376194664688,15.03272906397059,18.014729281836296
2779,587206.2180612867,517568.4373551964,N,15.285771767659721,17.739189205137762,4.211791685866926,15.285771767659721,17.739189205137762
2780,587206.506118009,517568.4373551964,N,15.51115276708603,17.313594630717567,4.160960782165288,15.51115276708603,17.313594630717567
2781,587206.7941747311,517568.4373551964,N,15.71955305059688,16.710710163129065,4.0878735502861465,15.71955305059688,16.710710163129065
2782,587207.0822314533,517568.4373551964,N,15.91951766309509,15.862694220169757,3.9827997966467956,15.91951766309509,15.862694220169757
2783,587207.3702881754,517568.4373551964,N,16.115701782077323,14.665483160335064,3.8295539114020922,16.115701782077323,14.665483160335064
2784,587207.6583448976,517568.4373551964,N,16.308667104937665,12.999603088439738,3.6054962333137635,16.308667104937665,12.999603088439738
2785,587207.9464016197,517568.4373551964,N,16.494318412000055,10.773773953080592,3.282342753747785,16.494318412000055,10.773773953080592
2786,587208.2344583418,517568.4373551964,N,16.65725729875777,8.049587503431574,2.837179497922466,16.65725729875777,8.049587503431574
2787,587208.522515064,517568.4373551964,N,16.732829108175334,5.589762470060696,2.3642678507437975,16.732829108175334,5.589762470060696
2788,587208.8105717861,517568.4373551964,N,16.54595361801788,5.74272433456955,2.3963982003351507,16.54595361801788,5.74272433456955
2789,587209.0986285083,517568.4373551964,N,16.13186653053852,8.105686280062978,2.847048696468499,16.13186653053852,8.105686280062978
2790,587209.3866852304,517568.4373551964,N,15.668488060636117,10.476597585194195,3.236757263866754,15.668488060636117,10.476597585194195
2791,587209.6747419527,517568.4373551964,N,15.223008881174486,12.300856389631168,3.5072576736862615,15.223008881174486,12.300856389631168
2792,587209.9627986748,517568.4373551964,N,14.829066952779943,13.605751573473668,3.688597507654321,14.829066952779943,13.605751573473668
2793,587210.250855397,517568.4373551964,N,14.516162940995434,14.580288917180512,3.8184144506824444,14.516162940995434,14.580288917180512
2794,587210.5389121191,517568.4373551964,N,14.31058527355677,15.458950264323821,3.9317871590822184,14.31058527355677,15.458950264323821
2795,587210.8269688413,517568.4373551964,N,14.226920308629058,16.433772332931795,4.053858943393541,14.226920308629058,16.433772332931795
2796,587211.1150255634,517568.4373551964,N,14.260191323476993,17.58484249756905,4.193428489621476,14.260191323476993,17.58484249756905
2797,587211.4030822855,517568.4373551964,N,14.38770748081516,18.878743209717566,4.344967572918993,14.38770748081516,18.878743209717566
2798,587211.6911390077,517568.4373551964,N,14.579199430968341,20.22806144615382,4.497561722328424,14.579199430968341,20.22806144615382
2799,587211.9791957298,517568.4373551964,N,14.80630619509336,21.551089438694795,4.642315094723192,14.80630619509336,21.551089438694795
2800,587212.2672524521,517568.4373551964,N,15.046884447266812,22.79770260447387,4.774693980191177,15.046884447266812,22.79770260447387
2801,587212.5553091742,517568.4373551964,N,15.285440116085436,23.948681702498057,4.8937390308942765,15.285440116085436,23.948681702498057
2802,587212.8433658964,517568.4373551964,N,15.512048729702688,25.00507371166633,5.000507345426695,15.512048729702688,25.00507371166633
2803,587213.1314226185,517568.4373551964,N,15.721043657721301,25.977409119006168,5.096803814058981,15.721043657721301,25.977409119006168
2804,587213.4194793407,517568.4373551964,N,15.90986675672906,26.87821654036541,5.1844205597506665,15.90986675672906,26.87821654036541
2805,587213.7075360628,517568.4373551964,N,16.0781256321467,27.718143490194375,5.264802322043476,16.0781256321467,27.718143490194375
2806,587198.7285865108,517568.72541191854,N,13.498476325356837,24.11989137502139,4.911200604233286,13.498476325356837,24.11989137502139
2807,587199.0166432329,517568.72541191854,N,13.648568147775862,23.075578510796323,4.803704665234565,13.648568147775862,23.075578510796323
2808,587199.304699955,517568.72541191854,N,13.798548559664544,21.994052812983163,4.689781744706587,13.798548559664544,21.994052812983163
2809,587199.5927566772,517568.72541191854,N,13.941095144491905,20.863664914248247,4.5676760955926206,13.941095144491905,20.863664914248247
2810,587199.8808133993,517568.72541191854,N,14.069624468023374,19.648108606064902,4.432618707498413,14.069624468023374,19.648108606064902
2811,587200.1688701215,517568.72541191854,N,14.178823119112046,18.281732009606586,4.275714210469005,14.178823119112046,18.281732009606586
2812,587200.4569268436,517568.72541191854,N,14.264626734579396,16.676218138330206,4.08365254867872,14.264626734579396,16.676218138330206
2813,587200.7449835659,517568.72541191854,N,14.323404603662482,14.743308561213812,3.8397016239824953,14.323404603662482,14.743308561213812
2814,587201.033040288,517568.72541191854,N,14.349847973661277,12.444744492238883,3.5277109422738824,14.349847973661277,12.444744492238883
2815,587201.3210970102,517568.72541191854,N,14.331408712823439,9.917843574131227,3.1492607980494767,14.331408712823439,9.917843574131227
2816,587201.6091537323,517568.72541191854,N,14.233350376653375,7.808284309254823,2.7943307444278718,14.233350376653375,7.808284309254823
2817,587201.8972104545,517568.72541191854,N,13.99277928422227,7.419145096448899,2.7238107673714964,13.99277928422227,7.419145096448899
2818,587202.1852671766,517568.72541191854,N,13.611452140384365,8.782169387164814,2.96347252174958,13.611452140384365,8.782169387164814
2819,587202.4733238987,517568.72541191854,N,13.169274051562265,10.502531643218704,3.2407609666895683,13.169274051562265,10.502531643218704
2820,587202.7613806209,517568.72541191854,N,12.72970090055875,11.853745448127656,3.442926872317746,12.72970090055875,11.853745448127656
2821,587203.049437343,517568.72541191854,N,12.34442689396355,12.72341823226288,3.566990080202478,12.34442689396355,12.72341823226288
2822,587203.3374940652,517568.72541191854,N,12.070972279337003,13.254171182150085,3.640627855487304,12.070972279337003,13.254171182150085
2823,587203.6255507873,517568.72541191854,N,11.96949778764536,13.687225232723366,3.6996250124469867,11.96949778764536,13.687225232723366
2824,587203.9136075096,517568.72541191854,N,12.079294273695602,14.236811490684886,3.773169952531278,12.079294273695602,14.236811490684886
2825,587204.2016642317,517568.72541191854,N,12.39214219874319,14.977749589378774,3.870109764512988,12.39214219874319,14.977749589378774
2826,587204.4897209539,517568.72541191854,N,12.853239797713012,15.834013569809576,3.9791976037650576,12.853239797713012,15.834013569809576
2827,587204.777777676,517568.72541191854,N,13.389912005440394,16.668445454171053,4.082700754913474,13.389912005440394,16.668445454171053
2828,587205.0658343981,517568.72541191854,N,13.938342470258455,17.368310167000487,4.167530463835926,13.938342470258455,17.368310167000487
2829,587205.3538911203,517568.72541191854,N,14.453998595708148,17.873935674074932,4.227757759625654,14.453998595708148,17.873935674074932
2830,587205.6419478424,517568.72541191854,N,14.911394644240277,18.169764714462108,4.262600698454185,14.911394644240277,18.169764714462108
2831,587205.9300045646,517568.72541191854,N,15.300417821565553,18.264182135731403,4.273661443742521,15.300417821565553,18.264182135731403
2832,587206.2180612867,517568.72541191854,N,15.62212038919091,18.169700735494928,4.2625931937606865,15.62212038919091,18.169700735494928
2833,587206.506118009,517568.72541191854,N,15.88452867576436,17.886866517627656,4.2292867622836425,15.88452867576436,17.886866517627656
2834,587206.7941747311,517568.72541191854,N,16.09863390844792,17.39389489048251,4.170598864729442,16.09863390844792,17.39389489048251
2835,587207.0822314533,517568.72541191854,N,16.27493944910591,16.644950783736267,4.079822396102099,16.27493944910591,16.644950783736267
2836,587207.3702881754,517568.72541191854,N,16.420858793214293,15.580575482625457,3.9472237690084735,16.420858793214293,15.580575482625457
2837,587207.6583448976,517568.72541191854,N,16.538595430440374,14.155275167898921,3.762349687083714,16.538595430440374,14.155275167898921
2838,587207.9464016197,517568.72541191854,N,16.621932486984118,12.39576162551643,3.520761512161315,16.621932486984118,12.39576162551643
2839,587208.2344583418,517568.72541191854,N,16.64877107242856,10.523829940027317,3.244045304866644,16.64877107242856,10.523829940027317
2840,587208.522515064,517568.72541191854,N,16.569580143775763,9.138543438987421,3.0230023881875154,16.569580143775763,9.138543438987421
2841,587208.8105717861,517568.72541191854,N,16.32662421667829,8.98674588391335,2.9977901667583993,16.32662421667829,8.98674588391335
2842,587209.0986285083,517568.72541191854,N,15.933270204174125,9.930323240770552,3.151241539579369,15.933270204174125,9.930323240770552
2843,587209.3866852304,517568.72541191854,N,15.464026576700178,11.13223410855653,3.3365002785188747,15.464026576700178,11.13223410855653
2844,587209.6747419527,517568.72541191854,N,14.982705296600741,12.065287183046514,3.473512225838066,14.982705296600741,12.065287183046514
2845,587209.9627986748,517568.72541191854,N,14.537336548789696,12.62655079047512,3.5533858206610662,14.537336548789696,12.62655079047512
2846,587210.250855397,517568.72541191854,N,14.17504005317787,12.978270611998806,3.602536691277246,14.17504005317787,12.978270611998806
2847,587210.5389121191,517568.72541191854,N,13.9435978621509,13.422337061037952,3.663650783172156,13.9435978621509,13.422337061037952
2848,587210.8269688413,517568.72541191854,N,13.873845843799224,14.227626016756597,3.7719525469916237,13.873845843799224,14.227626016756597
2849,587211.1150255634,517568.72541191854,N,13.958513866699143,15.45216590630033,3.9309243068647772,13.958513866699143,15.45216590630033
2850,587211.4030822855,517568.72541191854,N,14.157304664782218,16.947999772589778,4.116794842178777,14.157304664782218,16.947999772589778
2851,587211.6911390077,517568.72541191854,N,14.422354135081658,18.517985577070323,4.303252906473232,14.422354135081658,18.517985577070323
2852,587211.9791957298,517568.72541191854,N,14.715295648754266,20.02533411092279,4.474967498309098,14.715295648754266,20.02533411092279
2853,587212.2672524521,517568.72541191854,N,15.010292071999922,21.40884282410043,4.626969075334352,15.010292071999922,21.40884282410043
2854,587212.5553091742,517568.72541191854,N,15.291448458200659,22.658862618404086,4.760132626135966,15.291448458200659,22.658862618404086
2855,587212.8433658964,517568.72541191854,N,15.549835282518735,23.79110379645795,4.877612509871807,15.549835282518735,23.79110379645795
2856,587213.1314226185,517568.72541191854,N,15.781321308381036,24.828465620056335,4.9828170365824525,15.781321308381036,24.828465620056335
2857,587213.4194793407,517568.72541191854,N,15.985068779961725,25.791158930150715,5.078499673146658,15.985068779961725,25.791158930150715
2858,587213.7075360628,517568.72541191854,N,16.16240984449472,26.69310131600279,5.166536684859867,16.16240984449472,26.69310131600279
2859,587213.995592785,517568.72541191854,N,16.3159553177329,27.542180727254774,5.248064474380509,16.3159553177329,27.542180727254774
2860,587199.0166432329,517569.0134686407,N,13.751527024147064,24.386960831957218,4.938315586508948,13.751527024147064,24.386960831957218
2861,587199.304699955,517569.0134686407,N,13.861984961262413,23.357913613950952,4.8330025464457345,13.861984961262413,23.357913613950952
2862,587199.5927566772,517569.0134686407,N,13.963102563100858,22.258080081373855,4.717846975196828,13.963102563100858,22.258080081373855
2863,587199.8808133993,517569.0134686407,N,14.048602875288523,21.05685182387061,4.588774544894378,14.048602875288523,21.05685182387061
2864,587200.1688701215,517569.0134686407,N,14.11253197883343,19.710391680276665,4.439638688032694,14.11253197883343,19.710391680276665
2865,587200.4569268436,517569.0134686407,N,14.148966122250147,18.172152170071524,4.262880736083467,14.148966122250147,18.172152170071524
2866,587200.7449835659,517569.0134686407,N,14.151024772094818,16.41786342192522,4.051896274823088,14.151024772094818,16.41786342192522
2867,587201.033040288,517569.0134686407,N,14.108810635960392,14.49362563196451,3.8070494653950204,14.108810635960392,14.49362563196451
2868,587201.3210970102,517569.0134686407,N,14.005882868438782,12.596993926366947,3.5492244119479044,14.005882868438782,12.596993926366947
2869,587201.6091537323,517569.0134686407,N,13.816384354907433,11.147926838820627,3.3388511255850606,13.816384354907433,11.147926838820627
2870,587201.8972104545,517569.0134686407,N,13.51475288947814,10.601075431894758,3.2559292731714486,13.51475288947814,10.601075431894758
2871,587202.1852671766,517569.0134686407,N,13.103634336517995,10.905429987748835,3.3023370493862125,13.103634336517995,10.905429987748835
2872,587202.4733238987,517569.0134686407,N,12.619032136678605,11.50342852638364,3.3916704625278147,12.619032136678605,11.50342852638364
2873,587202.7613806209,517569.0134686407,N,12.109264436141665,11.915187128042751,3.45183822448891,12.109264436141665,11.915187128042751
2874,587203.049437343,517569.0134686407,N,11.632714596882959,11.980645671835104,3.461306931180057,11.632714596882959,11.980645671835104
2875,587203.3374940652,517569.0134686407,N,11.271356622998017,11.827264908104741,3.43907907848958,11.271356622998017,11.827264908104741
2876,587203.6255507873,517569.0134686407,N,11.132593541969733,11.791097491123013,3.4338167526999768,11.132593541969733,11.791097491123013
2877,587203.9136075096,517569.0134686407,N,11.303975844170326,12.217625794147706,3.4953720537516038,11.303975844170326,12.217625794147706
2878,587204.2016642317,517569.0134686407,N,11.776865592548027,13.167654029729622,3.6287262268914176,11.776865592548027,13.167654029729622
2879,587204.4897209539,517569.0134686407,N,12.44752882962971,14.39676235789858,3.7943065714170463,12.44752882962971,14.39676235789858
2880,587204.777777676,517569.0134686407,N,13.195652409495931,15.615352735098082,3.9516265935811905,13.195652409495931,15.615352735098082
2881,587205.0658343981,517569.0134686407,N,13.932694360978882,16.646746608780003,4.080042476345069,13.932694360978882,16.646746608780003
2882,587205.3538911203,517569.0134686407,N,14.605006310645937,17.425107157918884,4.174339128283528,14.605006310645937,17.425107157918884
2883,587205.6419478424,517569.0134686407,N,15.184376473533403,17.94870238839618,4.236590892261864,15.184376473533403,17.94870238839618
2884,587205.9300045646,517569.0134686407,N,15.660145974457945,18.240646798432554,4.270907022920606,15.660145974457945,18.240646798432554
2885,587206.2180612867,517569.0134686407,N,16.03388826607004,18.32356475235092,4.280603316397225,16.03388826607004,18.32356475235092
2886,587206.506118009,517569.0134686407,N,16.31516920653151,18.20560964523876,4.266803211449851,16.31516920653151,18.20560964523876
2887,587206.7941747311,517569.0134686407,N,16.517549859158827,17.875992612014848,4.2280010184500725,16.517549859158827,17.875992612014848
2888,587207.0822314533,517569.0134686407,N,16.654816469841684,17.30962064953657,4.160483223080772,16.654816469841684,17.30962064953657
2889,587207.3702881754,517569.0134686407,N,16.737679199810074,16.48167176951856,4.059762526246893,16.737679199810074,16.48167176951856
2890,587207.6583448976,517569.0134686407,N,16.77087923945675,15.394518774239792,3.923584939088205,16.77087923945675,15.394518774239792
2891,587207.9464016197,517569.0134686407,N,16.750225479346497,14.120478630080523,3.7577225323432972,16.750225479346497,14.120478630080523
2892,587208.2344583418,517569.0134686407,N,16.659654399072384,12.85399330153954,3.585246616557854,16.659654399072384,12.85399330153954
2893,587208.522515064,517569.0134686407,N,16.47251763056308,11.91262576486134,3.4514671901759897,16.47251763056308,11.91262576486134
2894,587208.8105717861,517569.0134686407,N,16.16714355854088,11.551480598871814,3.398746915978272,16.16714355854088,11.551480598871814
2895,587209.0986285083,517569.0134686407,N,15.750681585405218,11.677688122213143,3.417263250352999,15.750681585405218,11.677688122213143
2896,587209.3866852304,517569.0134686407,N,15.258350342012575,11.910055838044405,3.451094875259793,15.258350342012575,11.910055838044405
2897,587209.6747419527,517569.0134686407,N,14.733739266842973,11.910181807302461,3.4511131258338175,14.733739266842973,11.910181807302461
2898,587209.9627986748,517569.0134686407,N,14.22372530049276,11.571484142419434,3.4016884252411232,14.22372530049276,11.571484142419434
2899,587210.250855397,517569.0134686407,N,13.789732911623476,11.078208680498097,3.3283943096481368,13.789732911623476,11.078208680498097
2900,587210.5389121191,517569.0134686407,N,13.515236492973244,10.906148159554354,3.3024457844988695,13.515236492973244,10.906148159554354
2901,587210.8269688413,517569.0134686407,N,13.469576311908343,11.550587029555155,3.398615457734981,13.469576311908343,11.550587029555155
2902,587211.1150255634,517569.0134686407,N,13.638486655963657,13.015627947138855,3.6077178308646665,13.638486655963657,13.015627947138855
2903,587211.4030822855,517569.0134686407,N,13.940506066819626,14.87715696821155,3.8570917759643146,13.940506066819626,14.87715696821155
2904,587211.6911390077,517569.0134686407,N,14.299507564765097,16.75577588331766,4.093381961571343,14.299507564765097,16.75577588331766
2905,587211.9791957298,517569.0134686407,N,14.668401420739539,18.471539480523365,4.297852891912817,14.668401420739539,18.471539480523365
2906,587212.2672524521,517569.0134686407,N,15.021343389711447,19.981981744630346,4.470120998880271,15.021343389711447,19.981981744630346
2907,587212.5553091742,517569.0134686407,N,15.344730886650556,21.30972422576518,4.616245685160743,15.344730886650556,21.30972422576518
2908,587212.8433658964,517569.0134686407,N,15.632207864672395,22.498211667737042,4.743227979734586,15.632207864672395,22.498211667737042
2909,587213.1314226185,517569.0134686407,N,15.882128565872002,23.588387163173145,4.856787741210557,15.882128565872002,23.588387163173145
2910,587213.4194793407,517569.0134686407,N,16.096041528817914,24.608908001226606,4.9607366389707295,16.096041528817914,24.608908001226606
2911,587213.7075360628,517569.0134686407,N,16.277525643151048,25.575070862942564,5.057180129572464,16.277525643151048,25.575070862942564
2912,587213.995592785,517569.0134686407,N,16.4311979189121,26.492350494236053,5.147072031187834,16.4311979189121,26.492350494236053
2913,587214.2836495071,517569.0134686407,N,16.561913514040445,27.36111775336013,5.230785577077322,16.561913514040445,27.36111775336013
2914,587214.5717062292,517569.0134686407,N,16.67420002493733,28.18040428666913,5.308521855156021,16.67420002493733,28.18040428666913
2915,587199.304699955,517569.3015253629,N,13.92407455918438,24.611819900172986,4.961030124900773,13.92407455918438,24.611819900172986
2916,587199.5927566772,517569.3015253629,N,13.988841105207284,23.562987255928643,4.854172149391556,13.988841105207284,23.562987255928643
2917,587199.8808133993,517569.3015253629,N,14.035978109263509,22.41600937596791,4.734554823419823,14.035978109263509,22.41600937596791
2918,587200.1688701215,517569.3015253629,N,14.058991276852208,21.146477767184216,4.598529957191126,14.058991276852208,21.146477767184216
2919,587200.4569268436,517569.3015253629,N,14.050713537756755,19.737765486138155,4.44272050506648,14.050713537756755,19.737765486138155
2920,587200.7449835659,517569.3015253629,N,14.00248756444073,18.200750171283687,4.266233722064895,14.00248756444073,18.200750171283687
2921,587201.033040288,517569.3015253629,N,13.90291951105931,16.6025539460658,4.074623166142582,13.90291951105931,16.6025539460658
2922,587201.3210970102,517569.3015253629,N,13.736753648582942,15.093212941391839,3.8849984480552675,13.736753648582942,15.093212941391839
2923,587201.6091537323,517569.3015253629,N,13.485954008408163,13.887620618596184,3.7266098022996967,13.485954008408163,13.887620618596184
2924,587201.8972104545,517569.3015253629,N,13.136258481576284,13.13987742255353,3.6248968844028555,13.136258481576284,13.13987742255353
2925,587202.1852671766,517569.3015253629,N,12.68698248057931,12.772938978812991,3.573924870336951,12.68698248057931,12.772938978812991
2926,587202.4733238987,517569.3015253629,N,12.153988745867945,12.492880229923932,3.53452687497548,12.153988745867945,12.492880229923932
2927,587202.7613806209,517569.3015253629,N,11.566582093903452,11.99290043888174,3.463076730146437,11.566582093903452,11.99290043888174
2928,587203.049437343,517569.3015253629,N,10.973191399419814,11.128559828737275,3.335949614238392,10.973191399419814,11.128559828737275
2929,587203.3374940652,517569.3015253629,N,10.467623646739,10.035050121311212,3.167814723324458,10.467623646739,10.035050121311212
2930,587203.6255507873,517569.3015253629,N,10.229894121935743,9.254370456488587,3.0420996789205623,10.229894121935743,9.254370456488587
2931,587203.9136075096,517569.3015253629,N,10.472058748259261,9.536976253550423,3.0881995164740283,10.472058748259261,9.536976253550423
2932,587204.2016642317,517569.3015253629,N,11.184464850280088,10.925565583111556,3.3053843321331873,11.184464850280088,10.925565583111556
2933,587204.4897209539,517569.3015253629,N,12.137255399151082,12.730129685078287,3.5679307287387583,12.137255399151082,12.730129685078287
2934,587204.777777676,517569.3015253629,N,13.135369221740707,14.415091975812139,3.79672121386495,13.135369221740707,14.415091975812139
2935,587205.0658343981,517569.3015253629,N,14.074195746984532,15.777904495116745,3.9721410467299303,14.074195746984532,15.777904495116745
2936,587205.3538911203,517569.3015253629,N,14.901496506100157,16.79315638114834,4.097945385330109,14.901496506100157,16.79315638114834
2937,587205.6419478424,517569.3015253629,N,15.59219776415132,17.50279123603985,4.18363373588557,15.59219776415132,17.50279123603985
2938,587205.9300045646,517569.3015253629,N,16.138204935091167,17.961778038541944,4.238133791958666,16.138204935091167,17.961778038541944
2939,587206.2180612867,517569.3015253629,N,16.54398516438202,18.21189956481074,4.267540224158495,16.54398516438202,18.21189956481074
2940,587206.506118009,517569.3015253629,N,16.823079575471716,18.27190094243443,4.274564415520537,16.823079575471716,18.27190094243443
2941,587206.7941747311,517569.3015253629,N,16.99401917873648,18.13932161849527,4.259028248144789,16.99401917873648,18.13932161849527
2942,587207.0822314533,517569.3015253629,N,17.07591032343933,17.800810866741426,4.219100717776411,17.07591032343933,17.800810866741426
2943,587207.3702881754,517569.3015253629,N,17.084469775418718,17.248465114597852,4.1531271488599835,17.084469775418718,17.248465114597852
2944,587207.6583448976,517569.3015253629,N,17.02899330162829,16.500558277284778,4.062087920920075,17.02899330162829,16.500558277284778
2945,587207.9464016197,517569.3015253629,N,16.91043348398929,15.623240282977894,3.9526244803899466,16.91043348398929,15.623240282977894
2946,587208.2344583418,517569.3015253629,N,16.72121746396878,14.74014099586142,3.839289126369805,16.72121746396878,14.74014099586142
2947,587208.522515064,517569.3015253629,N,16.44872258493231,13.999582193213746,3.7416015545770964,16.44872258493231,13.999582193213746
2948,587208.8105717861,517569.3015253629,N,16.083838953474302,13.47856575303605,3.671316623915193,16.083838953474302,13.47856575303605
2949,587209.0986285083,517569.3015253629,N,15.629907833141235,13.088488044039996,3.6178015484600583,15.629907833141235,13.088488044039996
2950,587209.3866852304,517569.3015253629,N,15.103509067026065,12.599562123831795,3.5495861905061266,15.103509067026065,12.599562123831795
2951,587209.6747419527,517569.3015253629,N,14.529125068418894,11.769149251577515,3.430619368507313,14.529125068418894,11.769149251577515
2952,587209.9627986748,517569.3015253629,N,13.939593858463985,10.474170358964638,3.2363822949343666,13.939593858463985,10.474170358964638
2953,587210.250855397,517569.3015253629,N,13.39457637939549,8.873927262845267,2.97891377230783,13.39457637939549,8.873927262845267
2954,587210.5389121191,517569.3015253629,N,13.02811325049299,7.740328545673785,2.7821445946740053,13.02811325049299,7.740328545673785
2955,587210.8269688413,517569.3015253629,N,13.022373384857262,8.307575701068464,2.8822865404169073,13.022373384857262,8.307575701068464
2956,587211.1150255634,517569.3015253629,N,13.336264591652846,10.396315543426649,3.224331797974062,13.336264591652846,10.396315543426649
2957,587211.4030822855,517569.3015253629,N,13.780035552764168,12.846425919282936,3.584191110876056,13.780035552764168,12.846425919282936
2958,587211.6911390077,517569.3015253629,N,14.246635669231907,15.08169530264799,3.883515842976309,14.246635669231907,15.08169530264799
2959,587211.9791957298,517569.3015253629,N,14.692926516526537,16.9727867144046,4.119804208260946,14.692926516526537,16.9727867144046
2960,587212.2672524521,517569.3015253629,N,15.100312229112253,18.553825931750822,4.30741522629881,15.100312229112253,18.553825931750822
2961,587212.5553091742,517569.3015253629,N,15.46035632404266,19.907130191435453,4.461740713156184,15.46035632404266,19.907130191435453
2962,587212.8433658964,517569.3015253629,N,15.770295026097143,21.115366028799016,4.595145920294481,15.770295026097143,21.115366028799016
2963,587213.1314226185,517569.3015253629,N,16.03145562988057,22.239871935262517,4.715916871114515,16.03145562988057,22.239871935262517
2964,587213.4194793407,517569.3015253629,N,16.248213992392735,23.31457828699829,4.828517193404026,16.248213992392735,23.31457828699829
2965,587213.7075360628,517569.3015253629,N,16.426850000439426,24.350601174594566,4.93463283077825,16.426850000439426,24.350601174594566
2966,587213.995592785,517569.3015253629,N,16.574371130485627,25.345682867929355,5.034449609235289,16.574371130485627,25.345682867929355
2967,587214.2836495071,517569.3015253629,N,16.697544329923925,26.293101527757397,5.127679936165809,16.697544329923925,26.293101527757397
2968,587214.5717062292,517569.3015253629,N,16.802268475495964,27.187283230744573,5.214142617031546,16.802268475495964,27.187283230744573
2969,587214.8597629514,517569.3015253629,N,16.893274418561038,28.025979837412127,5.293956916845104,16.893274418561038,28.025979837412127
2970,587199.8808133993,517569.589582085,N,14.037645636756139,23.71892572616698,4.870207975658429,14.037645636756139,23.71892572616698
2971,587200.1688701215,517569.589582085,N,14.026441297595971,22.550108563478364,4.7486954591212065,14.026441297595971,22.550108563478364
2972,587200.4569268436,517569.589582085,N,13.981674580633452,21.28271960075451,4.61331980256675,13.981674580633452,21.28271960075451
2973,587200.7449835659,517569.589582085,N,13.894312677439075,19.938106917194325,4.465210736034115,13.894312677439075,19.938106917194325
2974,587201.033040288,517569.589582085,N,13.753354537788091,18.571317182570915,4.30944511307093,13.753354537788091,18.571317182570915
2975,587201.3210970102,517569.589582085,N,13.545794487448147,17.271669475357665,4.155919810987414,13.545794487448147,17.271669475357665
2976,587201.6091537323,517569.589582085,N,13.25801632742916,16.13359857746147,4.016665106461014,13.25801632742916,16.13359857746147
2977,587201.8972104545,517569.589582085,N,12.879132503511201,15.190518129459068,3.897501523984188,12.879132503511201,15.190518129459068
2978,587202.1852671766,517569.589582085,N,12.404641356850497,14.352565233916817,3.788477957427866,12.404641356850497,14.352565233916817
2979,587202.4733238987,517569.589582085,N,11.837533827385803,13.415550172478914,3.662724419401344,11.837533827385803,13.415550172478914
2980,587202.7613806209,517569.589582085,N,11.187662019192835,12.141570743669554,3.4844756770093195,11.187662019192835,12.141570743669554
2981,587203.049437343,517569.589582085,N,10.476234068499338,10.355138105926263,3.217940040759968,10.476234068499338,10.355138105926263
2982,587203.3374940652,517569.589582085,N,9.763744119750205,8.076480684224851,2.841914967803374,9.763744119750205,8.076480684224851
2983,587203.6255507873,517569.589582085,N,9.27568732704127,5.980611749619804,2.445528930440162,9.27568732704127,5.980611749619804
2984,587203.9136075096,517569.589582085,N,9.596772811901015,6.12434235630834,2.4747408664965995,9.596772811901015,6.12434235630834
2985,587204.2016642317,517569.589582085,N,10.714817555294031,8.518267552939742,2.918607125486358,10.714817555294031,8.518267552939742
2986,587204.4897209539,517569.589582085,N,12.025973110304662,11.12603176663316,3.3355706808030856,12.025973110304662,11.12603176663316
2987,587204.777777676,517569.589582085,N,13.286413657423209,13.2664313561898,3.642311265692404,13.286413657423209,13.2664313561898
2988,587205.0658343981,517569.589582085,N,14.417787276170635,14.873801622274074,3.856656793425372,14.417787276170635,14.873801622274074
2989,587205.3538911203,517569.589582085,N,15.384290644161982,16.030949209918614,4.003866782239216,15.384290644161982,16.030949209918614
2990,587205.6419478424,517569.589582085,N,16.167120519639326,16.849577081963506,4.104823635914642,16.167120519639326,16.849577081963506
2991,587205.9300045646,517569.589582085,N,16.76090431112849,17.426821758110524,4.174544497081151,16.76090431112849,17.426821758110524
2992,587206.2180612867,517569.589582085,N,17.173721761321723,17.82519174507586,4.22198907448561,17.173721761321723,17.82519174507586
2993,587206.506118009,517569.589582085,N,17.42514901501256,18.068901607062166,4.250753063524411,17.42514901501256,18.068901607062166
2994,587206.7941747311,517569.589582085,N,17.541453638510287,18.15381492410054,4.260729388743263,17.541453638510287,18.15381492410054
2995,587207.0822314533,517569.589582085,N,17.54964487762061,18.064770520521165,4.250267111667355,17.54964487762061,18.064770520521165
2996,587207.3702881754,517569.589582085,N,17.47244080579103,17.793673757075595,4.218254823629743,17.47244080579103,17.793673757075595
2997,587207.6583448976,517569.589582085,N,17.325173320593546,17.354157426829296,4.165832140980874,17.325173320593546,17.354157426829296
2998,587207.9464016197,517569.589582085,N,17.114736290590784,16.78916435499155,4.097458279835385,17.114736290590784,16.78916435499155
2999,587208.2344583418,517569.589582085,N,16.840566611476433,16.164492214178345,4.0205089496453486,16.840566611476433,16.164492214178345
3000,587208.522515064,517569.589582085,N,16.49783912869946,15.539385661426909,3.942002747516408,16.49783912869946,15.539385661426909
3001,587208.8105717861,517569.589582085,N,16.082341184135778,14.91752528463116,3.862321230119416,16.082341184135778,14.91752528463116
3002,587209.0986285083,517569.589582085,N,15.594608460098337,14.20902965604156,3.769486656832938,15.594608460098337,14.20902965604156
3003,587209.3866852304,517569.589582085,N,15.04059650266311,13.238674886836783,3.6384989881593732,15.04059650266311,13.238674886836783
3004,587209.6747419527,517569.589582085,N,14.429456159092442,11.794989512068527,3.434383425313564,14.429456159092442,11.794989512068527
3005,587209.9627986748,517569.589582085,N,13.772471522247095,9.688688088741415,3.1126657528140433,13.772471522247095,9.688688088741415
3006,587210.250855397,517569.589582085,N,13.09177662779634,6.843946714296662,2.6160937892775675,13.09177662779634,6.843946714296662
3007,587210.5389121191,517569.589582085,N,12.50419008205934,3.883351162122867,1.9706220241646715,12.50419008205934,3.883351162122867
3008,587210.8269688413,517569.589582085,N,12.584930698205369,4.7005736531379965,2.1680806380616926,12.584930698205369,4.7005736531379965
3009,587211.1150255634,517569.589582085,N,13.151080730404825,8.14141350883573,2.8533162300796118,13.151080730404825,8.14141350883573
3010,587211.4030822855,517569.589582085,N,13.749081628112604,11.237527153239949,3.352242108386557,13.749081628112604,11.237527153239949
3011,587211.6911390077,517569.589582085,N,14.310186270556812,13.700009718650653,3.7013524175158805,14.310186270556812,13.700009718650653
3012,587211.9791957298,517569.589582085,N,14.818635631323133,15.619552752889032,3.952157986833147,14.818635631323133,15.619552752889032
3013,587212.2672524521,517569.589582085,N,15.26729537690684,17.147818445749042,4.1409924469562895,15.26729537690684,17.147818445749042
3014,587212.5553091742,517569.589582085,N,15.652512832796683,18.43789041237761,4.293936470463624,15.652512832796683,18.43789041237761
3015,587212.8433658964,517569.589582085,N,15.974153797848075,19.613935711766487,4.4287623227902495,15.974153797848075,19.613935711766487
3016,587213.1314226185,517569.589582085,N,16.236071169859066,20.75317305201101,4.555565063964186,16.236071169859066,20.75317305201101
3017,587213.4194793407,517569.589582085,N,16.445632696475624,21.884871518980606,4.678126924205948,16.445632696475624,21.884871518980606
3018,587213.7075360628,517569.589582085,N,16.612277069182554,23.004636728459058,4.796314911310459,16.612277069182554,23.004636728459058
3019,587213.995592785,517569.589582085,N,16.74581442481065,24.09368800742241,4.908532164244461,16.74581442481065,24.09368800742241
3020,587214.2836495071,517569.589582085,N,16.85513034556278,25.133466581410723,5.013328892204333,16.85513034556278,25.133466581410723
3021,587214.5717062292,517569.589582085,N,16.947497086184644,26.112426782390173,5.110031974693522,16.947497086184644,26.112426782390173
3022,587214.8597629514,517569.589582085,N,17.02837225386772,27.026830768771852,5.198733573551529,17.02837225386772,27.026830768771852
3023,587215.1478196735,517569.589582085,N,17.101491720726724,27.878640086853814,5.280022735448571,17.101491720726724,27.878640086853814
3024,587200.1688701215,517569.8776388072,N,14.021050690775136,23.887589739623838,4.88749319586471,14.021050690775136,23.887589739623838
3025,587200.4569268436,517569.8776388072,N,13.949874756087828,22.748790017354477,4.769569164752145,13.949874756087828,22.748790017354477
3026,587200.7449835659,517569.8776388072,N,13.836397818718234,21.555563090158575,4.642796903824092,13.836397818718234,21.555563090158575
3027,587201.033040288,517569.8776388072,N,13.670941019705703,20.342740586954587,4.5102927384987535,13.670941019705703,20.342740586954587
3028,587201.3210970102,517569.8776388072,N,13.442858758294058,19.153952332879417,4.3765228587178,13.442858758294058,19.153952332879417
3029,587201.6091537323,517569.8776388072,N,13.141523915436524,18.019132174753025,4.24489483671304,13.141523915436524,18.019132174753025
3030,587201.8972104545,517569.8776388072,N,12.75791068363913,16.920294387875572,4.113428544155784,12.75791068363913,16.920294387875572
3031,587202.1852671766,517569.8776388072,N,12.285894255723342,15.765188925295554,3.970540130170649,12.285894255723342,15.765188925295554
3032,587202.4733238987,517569.8776388072,N,11.722169863023822,14.390642976057894,3.7935000956976257,11.722169863023822,14.390642976057894
3033,587202.7613806209,517569.8776388072,N,11.06473099220103,12.593521599360015,3.5487352112210364,11.06473099220103,12.593521599360015
3034,587203.049437343,517569.8776388072,N,10.311061551795225,10.165469770470493,3.188333384461307,10.311061551795225,10.165469770470493
3035,587203.3374940652,517569.8776388072,N,9.457861520626219,6.915867674390068,2.6298037330550104,9.457861520626219,6.915867674390068
3036,587203.6255507873,517569.8776388072,N,8.517062397257515,2.735329724173314,1.653883225676261,8.517062397257515,2.735329724173314
3037,587203.9136075096,517569.8776388072,N,8.925266550059536,2.7663137773252187,1.6632239107604299,8.925266550059536,2.7663137773252187
3038,587204.2016642317,517569.8776388072,N,10.66096938422148,6.927481252946112,2.6320108762970778,10.66096938422148,6.927481252946112
3039,587204.4897209539,517569.8776388072,N,12.276393319041734,10.106256436409838,3.1790338841242063,12.276393319041734,10.106256436409838
3040,587204.777777676,517569.8776388072,N,13.735558895144125,12.41511314883498,3.5235086417993897,13.735558895144125,12.41511314883498
3041,587205.0658343981,517569.8776388072,N,15.014803710124799,14.038380378413509,3.746782670293743,15.014803710124799,14.038380378413509
3042,587205.3538911203,517569.8776388072,N,16.089069697859998,15.167108112909016,3.8944971579022902,16.089069697859998,15.167108112909016
3043,587205.6419478424,517569.8776388072,N,16.93723691811508,15.978276909488587,3.9972836913945184,16.93723691811508,15.978276909488587
3044,587205.9300045646,517569.8776388072,N,17.550711056017754,16.60858023266025,4.075362589102992,17.550711056017754,16.60858023266025
3045,587206.2180612867,517569.8776388072,N,17.939652214016355,17.13375321468558,4.139293806277295,17.939652214016355,17.13375321468558
3046,587206.506118009,517569.8776388072,N,18.13199624290856,17.568893449855953,4.19152638663482,18.13199624290856,17.568893449855953
3047,587206.7941747311,517569.8776388072,N,18.165618243916196,17.89045665847871,4.229711179085247,18.165618243916196,17.89045665847871
3048,587207.0822314533,517569.8776388072,N,18.07869973886439,18.065193295703214,4.250316846507236,18.07869973886439,18.065193295703214
3049,587207.3702881754,517569.8776388072,N,17.90280501737768,18.07186964910845,4.251102168745001,17.90280501737768,18.07186964910845
3050,587207.6583448976,517569.8776388072,N,17.659836574235026,17.91113202613438,4.2321545371281495,17.659836574235026,17.91113202613438
3051,587207.9464016197,517569.8776388072,N,17.361976657608373,17.604245397413635,4.195741340623089,17.361976657608373,17.604245397413635
3052,587208.2344583418,517569.8776388072,N,17.013527816720792,17.181087187358973,4.145007501484041,17.013527816720792,17.181087187358973
3053,587208.522515064,517569.8776388072,N,16.613930488877166,16.657773086527865,4.081393522625313,16.613930488877166,16.657773086527865
3054,587208.8105717861,517569.8776388072,N,16.161179218292283,16.009759734126508,4.001219780782669,16.161179218292283,16.009759734126508
3055,587209.0986285083,517569.8776388072,N,15.654459350700161,15.154006502601199,3.8928147274949008,15.654459350700161,15.154006502601199
3056,587209.3866852304,517569.8776388072,N,15.095012396734962,13.951939066300675,3.7352294529654633,15.095012396734962,13.951939066300675
3057,587209.6747419527,517569.8776388072,N,14.48540119984753,12.230501885147495,3.497213445751845,14.48540119984753,12.230501885147495
3058,587209.9627986748,517569.8776388072,N,13.828530068169394,9.80833667058286,3.1318264113106364,13.828530068169394,9.80833667058286
3059,587210.250855397,517569.8776388072,N,13.129229143441632,6.52806482996438,2.5550077945016882,13.129229143441632,6.52806482996438
3060,587210.5389121191,517569.8776388072,N,12.431140789609993,2.5173270461575132,1.5866086619445618,12.431140789609993,2.5173270461575132
3061,587210.8269688413,517569.8776388072,N,12.591345454518699,3.5681629777969386,1.8889581725906317,12.591345454518699,3.5681629777969386
3062,587211.1150255634,517569.8776388072,N,13.27633531036303,7.449983144358425,2.729465725074859,13.27633531036303,7.449983144358425
3063,587211.4030822855,517569.8776388072,N,13.930393995403827,10.504965075344789,3.2411363864152323,13.930393995403827,10.504965075344789
3064,587211.6911390077,517569.8776388072,N,14.530228180682343,12.779035606342532,3.5747777002692813,14.530228180682343,12.779035606342532
3065,587211.9791957298,517569.8776388072,N,15.068031694284652,14.455386939845855,3.8020240582939313,15.068031694284652,14.455386939845855
3066,587212.2672524521,517569.8776388072,N,15.536954430752736,15.744877210020507,3.9679815032356824,15.536954430752736,15.744877210020507
3067,587212.5553091742,517569.8776388072,N,15.931684119372955,16.852907662371205,4.105229306917119,15.931684119372955,16.852907662371205
3068,587212.8433658964,517569.8776388072,N,16.251122890012404,17.938787328846328,4.235420561035979,16.251122890012404,17.938787328846328
3069,587213.1314226185,517569.8776388072,N,16.50034462037226,19.08372559710124,4.368492371184965,16.50034462037226,19.08372559710124
3070,587213.4194793407,517569.8776388072,N,16.68996972787639,20.29230444926835,4.50469804196334,16.68996972787639,20.29230444926835
3071,587213.7075360628,517569.8776388072,N,16.833373790851642,21.524698467951968,4.639471787601685,16.833373790851642,21.524698467951968
3072,587213.995592785,517569.8776388072,N,16.943723446456758,22.732998957812956,4.767913480529293,16.943723446456758,22.732998957812956
3073,587214.2836495071,517569.8776388072,N,17.03216472852929,23.88231948081973,4.886954008461685,17.03216472852929,23.88231948081973
3074,587214.5717062292,517569.8776388072,N,17.107188954581183,24.95578888850944,4.995576932498332,17.107188954581183,24.95578888850944
3075,587214.8597629514,517569.8776388072,N,17.174683202423196,25.950790798902553,5.094191869070358,17.174683202423196,25.950790798902553
3076,587215.1478196735,517569.8776388072,N,17.238269293854348,26.872871810379,5.183905073434408,17.238269293854348,26.872871810379
3077,587215.4358763958,517569.8776388072,N,17.299738781822175,27.730604038036013,5.265985571385095,17.299738781822175,27.730604038036013
3078,587200.4569268436,517570.1656955293,N,13.959230312462063,24.10910455191049,4.910102295462946,13.959230312462063,24.10910455191049
3079,587200.7449835659,517570.1656955293,N,13.832689626476181,23.031587656794244,4.799123634247636,13.832689626476181,23.031587656794244
3080,587201.033040288,517570.1656955293,N,13.658844872486002,21.92370410174356,4.682275526038975,13.658844872486002,21.92370410174356
3081,587201.3210970102,517570.1656955293,N,13.429587223943562,20.80053224401809,4.560760051133812,13.429587223943562,20.80053224401809
3082,587201.6091537323,517570.1656955293,N,13.137258644507297,19.66025011395953,4.4339880597448085,13.137258644507297,19.66025011395953
3083,587201.8972104545,517570.1656955293,N,12.775592102954516,18.466540067255814,4.297271235011332,12.775592102954516,18.466540067255814
3084,587202.1852671766,517570.1656955293,N,12.340518692636564,17.137410394715403,4.139735546470982,12.340518692636564,17.137410394715403
3085,587202.4733238987,517570.1656955293,N,11.8306015433937,15.54911981479211,3.943237225274699,11.8306015433937,15.54911981479211
3086,587202.7613806209,517570.1656955293,N,11.247650595513079,13.556208914684545,3.6818757331942296,11.247650595513079,13.556208914684545
3087,587203.049437343,517570.1656955293,N,10.6002095703127,11.026678069334558,3.320644225046483,10.6002095703127,11.026678069334558
3088,587203.3374940652,517570.1656955293,N,9.922471321223751,7.9281637119209245,2.81569950668052,9.922471321223751,7.9281637119209245
3089,587203.6255507873,517570.1656955293,N,9.401700979449611,4.805031837740652,2.1920382838218524,9.401700979449611,4.805031837740652
3090,587203.9136075096,517570.1656955293,N,9.894718724937327,4.681355039258903,2.163643926171518,9.894718724937327,4.681355039258903
3091,587204.2016642317,517570.1656955293,N,11.38719861991056,7.4592540947309605,2.731163505675001,11.38719861991056,7.4592540947309605
3092,587204.4897209539,517570.1656955293,N,13.002338548236711,10.07236823661619,3.1736994559372174,13.002338548236711,10.07236823661619
3093,587204.777777676,517570.1656955293,N,14.526002591841896,11.99644055981517,3.4635878160969398,14.526002591841896,11.99644055981517
3094,587205.0658343981,517570.1656955293,N,15.887402754579016,13.300662816192814,3.6470073781379733,15.887402754579016,13.300662816192814
3095,587205.3538911203,517570.1656955293,N,17.033808534316464,14.175055899034044,3.764977542965435,17.033808534316464,14.175055899034044
3096,587205.6419478424,517570.1656955293,N,17.920344785452407,14.833498568480543,3.851428120643113,17.920344785452407,14.833498568480543
3097,587205.9300045646,517570.1656955293,N,18.522672013078108,15.446660354188335,3.930223957255914,18.522672013078108,15.446660354188335
3098,587206.2180612867,517570.1656955293,N,18.850234641209745,16.08999468491675,4.011233561501593,18.850234641209745,16.08999468491675
3099,587206.506118009,517570.1656955293,N,18.944267376397267,16.742166008495886,4.091719199614739,18.944267376397267,16.742166008495886
3100,587206.7941747311,517570.1656955293,N,18.861029191131767,17.33184986160901,4.163153835928839,18.861029191131767,17.33184986160901
3101,587207.0822314533,517570.1656955293,N,18.654175401798,17.789239183180975,4.217729150049938,18.654175401798,17.789239183180975
3102,587207.3702881754,517570.1656955293,N,18.36535298225771,18.072529026466647,4.251179721732151,18.36535298225771,18.072529026466647
3103,587207.6583448976,517570.1656955293,N,18.02232211669386,18.170510327466598,4.26268815742679,18.02232211669386,18.170510327466598
3104,587207.9464016197,517570.1656955293,N,17.640837234881573,18.092313231724354,4.253505992910361,17.640837234881573,18.092313231724354
3105,587208.2344583418,517570.1656955293,N,17.22779168745103,17.851524887508457,4.225106494220999,17.22779168745103,17.851524887508457
3106,587208.522515064,517570.1656955293,N,16.78459360252968,17.44835163494035,4.1771224108158895,16.78459360252968,17.44835163494035
3107,587208.8105717861,517570.1656955293,N,16.310302719283296,16.85404158958485,4.105367412252507,16.310302719283296,16.85404158958485
3108,587209.0986285083,517570.1656955293,N,15.804152666604754,16.00369429602043,4.000461760349726,15.804152666604754,16.00369429602043
3109,587209.3866852304,517570.1656955293,N,15.267376333205576,14.802843283400763,3.847446332751214,15.267376333205576,14.802843283400763
3110,587209.6747419527,517570.1656955293,N,14.705172689901294,13.151047467026522,3.626437296717885,14.705172689901294,13.151047467026522
3111,587209.9627986748,517570.1656955293,N,14.131911860459443,10.994258239866115,3.3157590744603436,14.131911860459443,10.994258239866115
3112,587210.250855397,517570.1656955293,N,13.590750954769545,8.474169614027327,2.9110427021992185,13.590750954769545,8.474169614027327
3113,587210.5389121191,517570.1656955293,N,13.224931242003006,6.43098611322945,2.5359389017145997,13.224931242003006,6.43098611322945
3114,587210.8269688413,517570.1656955293,N,13.307034776705095,6.636037352148882,2.5760507277902898,13.307034776705095,6.636037352148882
3115,587211.1150255634,517570.1656955293,N,13.768027789354981,8.625839243217547,2.93697790989608,13.768027789354981,8.625839243217547
3116,587211.4030822855,517570.1656955293,N,14.340449213545064,10.698133253202853,3.27080009373897,14.340449213545064,10.698133253202853
3117,587211.6911390077,517570.1656955293,N,14.913094638068767,12.299256754924778,3.5070296199098148,14.913094638068767,12.299256754924778
3118,587211.9791957298,517570.1656955293,N,15.445071764088691,13.425676477326167,3.6641065046374086,15.445071764088691,13.425676477326167
3119,587212.2672524521,517570.1656955293,N,15.91348571576125,14.262605673611816,3.776586510807321,15.91348571576125,14.262605673611816
3120,587212.5553091742,517570.1656955293,N,16.302370743691906,15.055590908717313,3.880153464583239,16.302370743691906,15.055590908717313
3121,587212.8433658964,517570.1656955293,N,16.604549885819143,16.003762693152922,4.000470308995296,16.604549885819143,16.003762693152922
3122,587213.1314226185,517570.1656955293,N,16.825104899348943,17.175890404526243,4.1443805815255725,16.825104899348943,17.175890404526243
3123,587213.4194793407,517570.1656955293,N,16.979365053849147,18.51424488158248,4.302818248727511,16.979365053849147,18.51424488158248
3124,587213.7075360628,517570.1656955293,N,17.086372997190615,19.910321653977267,4.462098346515602,17.086372997190615,19.910321653977267
3125,587213.995592785,517570.1656955293,N,17.163414586307994,21.27220952301414,4.6121805605390325,17.163414586307994,21.27220952301414
3126,587214.2836495071,517570.1656955293,N,17.22382383048497,22.548264011441294,4.748501238437376,17.22382383048497,22.548264011441294
3127,587214.5717062292,517570.1656955293,N,17.276877181500804,23.7218567636745,4.870508881387498,17.276877181500804,23.7218567636745
3128,587214.8597629514,517570.1656955293,N,17.328383750632884,24.797564187696008,4.979715271749582,17.328383750632884,24.797564187696008
3129,587215.1478196735,517570.1656955293,N,17.381367458292985,25.788878597113857,5.078275159649569,17.381367458292985,25.788878597113857
3130,587215.4358763958,517570.1656955293,N,17.436712077824396,26.710280369244124,5.168198948303377,17.436712077824396,26.710280369244124
3131,587215.7239331179,517570.1656955293,N,17.493770792757648,27.573461605343134,5.251043858638312,17.493770792757648,27.573461605343134
3132,587200.7449835659,517570.45375225146,N,13.882209062244698,24.371264900321187,4.936726131792322,13.882209062244698,24.371264900321187
3133,587201.033040288,517570.45375225146,N,13.714179320329434,23.342245865432943,4.831381362036425,13.714179320329434,23.342245865432943
3134,587201.3210970102,517570.45375225146,N,13.500503577962142,22.27052287477068,4.719165484995274,13.500503577962142,22.27052287477068
3135,587201.6091537323,517570.45375225146,N,13.236909999157724,21.141559140760535,4.597995121872199,13.236909999157724,21.141559140760535
3136,587201.8972104545,517570.45375225146,N,12.92113143398622,19.918428137295628,4.463006625280275,12.92113143398622,19.918428137295628
3137,587202.1852671766,517570.45375225146,N,12.55414369340766,18.53928930180681,4.305727499715561,12.55414369340766,18.53928930180681
3138,587202.4733238987,517570.45375225146,N,12.142119135105922,16.925942603083993,4.114115044950006,12.142119135105922,16.925942603083993
3139,587202.7613806209,517570.45375225146,N,11.700684866196523,15.008816554705936,3.874121391322933,11.700684866196523,15.008816554705936
3140,587203.049437343,517570.45375225146,N,11.266256747351223,12.781492727957938,3.5751213584937136,11.266256747351223,12.781492727957938
3141,587203.3374940652,517570.45375225146,N,10.92762595207609,10.428611516648497,3.2293360798542627,10.92762595207609,10.428611516648497
3142,587203.6255507873,517570.45375225146,N,10.895011043056401,8.588446759173788,2.9306051865056455,10.895011043056401,8.588446759173788
3143,587203.9136075096,517570.45375225146,N,11.473639467486695,8.264893837474192,2.874872838487677,11.473639467486695,8.264893837474192
3144,587204.2016642317,517570.45375225146,N,12.654310797994933,9.369778813319833,3.061009443520198,12.654310797994933,9.369778813319833
3145,587204.4897209539,517570.45375225146,N,14.111997783274326,10.798219856375878,3.2860644936421863,14.111997783274326,10.798219856375878
3146,587204.777777676,517570.45375225146,N,15.607915633374542,11.90916255565673,3.450965452689541,15.607915633374542,11.90916255565673
3147,587205.0658343981,517570.45375225146,N,17.00780718739811,12.583392923948109,3.5473078417228057,17.00780718739811,12.583392923948109
3148,587205.3538911203,517570.45375225146,N,18.20926693765201,12.96388932072227,3.600540142912209,18.20926693765201,12.96388932072227
3149,587205.6419478424,517570.45375225146,N,19.1203835437388,13.308801176948553,3.6481229662593,19.1203835437388,13.308801176948553
3150,587205.9300045646,517570.45375225146,N,19.682234469934567,13.846251194173588,3.7210551184003697,19.682234469934567,13.846251194173588
3151,587206.2180612867,517570.45375225146,N,19.90193661990066,14.637577008406089,3.8259086513410234,19.90193661990066,14.637577008406089
3152,587206.506118009,517570.45375225146,N,19.847462466156674,15.572439684631998,3.9461930622603854,19.847462466156674,15.572439684631998
3153,587206.7941747311,517570.45375225146,N,19.606397422577416,16.485384250637676,4.060219729354272,19.606397422577416,16.485384250637676
3154,587207.0822314533,517570.45375225146,N,19.25277995097533,17.252020345206613,4.153555145319081,19.25277995097533,17.252020345206613
3155,587207.3702881754,517570.45375225146,N,18.837581279384363,17.812042017807418,4.220431496637212,18.837581279384363,17.812042017807418
3156,587207.6583448976,517570.45375225146,N,18.39170907583331,18.152882757044843,4.260619996789768,18.39170907583331,18.152882757044843
3157,587207.9464016197,517570.45375225146,N,17.931625569907908,18.285483610364558,4.2761528983847805,17.931625569907908,18.285483610364558
3158,587208.2344583418,517570.45375225146,N,17.46429000465296,18.22333964665192,4.268880373898046,17.46429000465296,18.22333964665192
3159,587208.522515064,517570.45375225146,N,16.991115011603135,17.96717087314272,4.238769971718532,16.991115011603135,17.96717087314272
3160,587208.8105717861,517570.45375225146,N,16.511221518936093,17.496423994597734,4.182872696436951,16.511221518936093,17.496423994597734
3161,587209.0986285083,517570.45375225146,N,16.024242793987558,16.769739727067936,4.095087267332399,16.024242793987558,16.769739727067936
3162,587209.3866852304,517570.45375225146,N,15.533077580900642,15.737366036443955,3.967034917472237,15.533077580900642,15.737366036443955
3163,587209.6747419527,517570.45375225146,N,15.047659284852013,14.370521252833937,3.7908470363276248,15.047659284852013,14.370521252833937
3164,587209.9627986748,517570.45375225146,N,14.592194332641792,12.719980454893372,3.5665081599364625,14.592194332641792,12.719980454893372
3165,587210.250855397,517570.45375225146,N,14.219532575227113,11.025222183205589,3.3204250003885933,14.219532575227113,11.025222183205589
3166,587210.5389121191,517570.45375225146,N,14.025477597972047,9.825444338829495,3.1345564819970138,14.025477597972047,9.825444338829495
3167,587210.8269688413,517570.45375225146,N,14.104474705242438,9.679301572793639,3.111157593693003,14.104474705242438,9.679301572793639
3168,587211.1150255634,517570.45375225146,N,14.435068325377227,10.42074451342833,3.2281177973283954,14.435068325377227,10.42074451342833
3169,587211.4030822855,517570.45375225146,N,14.905775724063528,11.365185444431479,3.371229070299359,14.905775724063528,11.365185444431479
3170,587211.6911390077,517570.45375225146,N,15.423595298338808,12.054866038893813,3.472011814336727,15.423595298338808,12.054866038893813
3171,587211.9791957298,517570.45375225146,N,15.93141971042548,12.397229969795246,3.520970032504572,15.93141971042548,12.397229969795246
3172,587212.2672524521,517570.45375225146,N,16.38885946697147,12.56832374377889,3.5451831749260703,16.38885946697147,12.56832374377889
3173,587212.5553091742,517570.45375225146,N,16.76265885198684,12.903522274181208,3.5921473068599523,16.76265885198684,12.903522274181208
3174,587212.8433658964,517570.45375225146,N,17.033345860182326,13.696313168867611,3.7008530325950004,17.033345860182326,13.696313168867611
3175,587213.1314226185,517570.45375225146,N,17.206383088585675,14.98015399583035,3.870420390064928,17.206383088585675,14.98015399583035
3176,587213.4194793407,517570.45375225146,N,17.306851683538863,16.554934258348155,4.068775523219259,17.306851683538863,16.554934258348155
3177,587213.7075360628,517570.45375225146,N,17.362937513371406,18.190102204206436,4.264985604220304,17.362937513371406,18.190102204206436
3178,587213.995592785,517570.45375225146,N,17.396605382835205,19.74116528515732,4.443103114396212,17.396605382835205,19.74116528515732
3179,587214.2836495071,517570.45375225146,N,17.422643153224293,21.151679382384543,4.59909549611492,17.422643153224293,21.151679382384543
3180,587214.5717062292,517570.45375225146,N,17.450233963068474,22.419539547244405,4.734927617951979,17.450233963068474,22.419539547244405
3181,587214.8597629514,517570.45375225146,N,17.48439523250917,23.56684243763423,4.854569232963335,17.48439523250917,23.56684243763423
3182,587215.1478196735,517570.45375225146,N,17.526974557155174,24.620668714004697,4.961921877055774,17.526974557155174,24.620668714004697
3183,587215.4358763958,517570.45375225146,N,17.577438038743146,25.60336622648704,5.0599768997977685,17.577438038743146,25.60336622648704
3184,587215.7239331179,517570.45375225146,N,17.63361472009964,26.529575654296337,5.150686910917449,17.63361472009964,26.529575654296337
3185,587216.0119898401,517570.45375225146,N,17.6924131500274,27.407192559433255,5.235187920164209,17.6924131500274,27.407192559433255
3186,587216.3000465622,517570.45375225146,N,17.750450443378384,28.23985210917154,5.3141181873544685,17.750450443378384,28.23985210917154
3187,587201.033040288,517570.74180897366,N,13.829344282044378,24.627819160429045,4.962642356691548,13.829344282044378,24.627819160429045
3188,587201.3210970102,517570.74180897366,N,13.644276614693421,23.608376231195436,4.8588451540664925,13.644276614693421,23.608376231195436
3189,587201.6091537323,517570.74180897366,N,13.42420829721838,22.514389124300152,4.744932994711322,13.42420829721838,22.514389124300152
3190,587201.8972104545,517570.74180897366,N,13.171333251067658,21.316643936011154,4.6169951197733745,13.171333251067658,21.316643936011154
3191,587202.1852671766,517570.74180897366,N,12.89248741836583,19.97599891055096,4.469451746081499,12.89248741836583,19.97599891055096
3192,587202.4733238987,517570.74180897366,N,12.602073712629508,18.454876411498486,4.295913920401396,12.602073712629508,18.454876411498486
3193,587202.7613806209,517570.74180897366,N,12.327510411216236,16.74245450317786,4.091754452942877,12.327510411216236,16.74245450317786
3194,587203.049437343,517570.74180897366,N,12.119511032910665,14.900066331809779,3.860060405202201,12.119511032910665,14.900066331809779
3195,587203.3374940652,517570.74180897366,N,12.06814023523911,13.127908718184322,3.6232456055564772,12.06814023523911,13.127908718184322
3196,587203.6255507873,517570.74180897366,N,12.309497241525769,11.796331860347484,3.4345788475950707,12.309497241525769,11.796331860347484
3197,587203.9136075096,517570.74180897366,N,12.96884447576855,11.248171710883174,3.3538294099257904,12.96884447576855,11.248171710883174
3198,587204.2016642317,517570.74180897366,N,14.04156513537955,11.3956622440904,3.3757461758980636,14.04156513537955,11.3956622440904
3199,587204.4897209539,517570.74180897366,N,15.390071141709313,11.762988399981289,3.429721329784869,15.390071141709313,11.762988399981289
3200,587204.777777676,517570.74180897366,N,16.854504883725653,11.934620461849452,3.4546520030025385,16.854504883725653,11.934620461849452
3201,587205.0658343981,517570.74180897366,N,18.29645081800869,11.770435548322387,3.430806836346574,18.29645081800869,11.770435548322387
3202,587205.3538911203,517570.74180897366,N,19.575007879523948,11.416409036106494,3.378817697968698,19.575007879523948,11.416409036106494
3203,587205.6419478424,517570.74180897366,N,20.527888449680106,11.256758018040482,3.3551092408505094,20.527888449680106,11.256758018040482
3204,587205.9300045646,517570.74180897366,N,21.02452558257737,11.68669721492791,3.4185811698609574,21.02452558257737,11.68669721492791
3205,587206.2180612867,517570.74180897366,N,21.072082192599083,12.73865200106072,3.5691248228467325,21.072082192599083,12.73865200106072
3206,587206.506118009,517570.74180897366,N,20.80279901920122,14.08913324499702,3.7535494195490515,20.80279901920122,14.08913324499702
3207,587206.7941747311,517570.74180897366,N,20.35833827125418,15.404370426941929,3.9248401785221687,20.35833827125418,15.404370426941929
3208,587207.0822314533,517570.74180897366,N,19.834201430306315,16.502916282126744,4.062378155973018,19.834201430306315,16.502916282126744
3209,587207.3702881754,517570.74180897366,N,19.284664986578424,17.327943062461845,4.162684598004255,19.284664986578424,17.327943062461845
3210,587207.6583448976,517570.74180897366,N,18.73822054696469,17.887274640202175,4.229335011583047,18.73822054696469,17.887274640202175
3211,587207.9464016197,517570.74180897366,N,18.208202343524086,18.21049154014306,4.267375251854828,18.208202343524086,18.21049154014306
3212,587208.2344583418,517570.74180897366,N,17.69903287108049,18.323546747177428,4.280601213285048,17.69903287108049,18.323546747177428
3213,587208.522515064,517570.74180897366,N,17.210283218490492,18.23611156813271,4.270376045283683,17.210283218490492,18.23611156813271
3214,587208.8105717861,517570.74180897366,N,16.739859965380145,17.9389972073684,4.235445337549335,16.739859965380145,17.9389972073684
3215,587209.0986285083,517570.74180897366,N,16.2869086587897,17.410606991333644,4.172601944989918,16.2869086587897,17.410606991333644
3216,587209.3866852304,517570.74180897366,N,15.854814880570906,16.63258192586353,4.078306256997325,15.854814880570906,16.63258192586353
3217,587209.6747419527,517570.74180897366,N,15.454836834374376,15.61611533962988,3.951723084887133,15.454836834374376,15.61611533962988
3218,587209.9627986748,517570.74180897366,N,15.110866966588336,14.439937438189526,3.7999917681739164,15.110866966588336,14.439937438189526
3219,587210.250855397,517570.74180897366,N,14.863866124312326,13.288252288670623,3.645305513762958,14.863866124312326,13.288252288670623
3220,587210.5389121191,517570.74180897366,N,14.767440100333259,12.430600891315482,3.5257057295406096,14.767440100333259,12.430600891315482
3221,587210.8269688413,517570.74180897366,N,14.86077280911188,12.052851984333445,3.4717217607886504,14.86077280911188,12.052851984333445
3222,587211.1150255634,517570.74180897366,N,15.13439334285564,12.047633025752154,3.470970041033508,15.13439334285564,12.047633025752154
3223,587211.4030822855,517570.74180897366,N,15.536122613776197,12.080218675804746,3.475660897700572,15.536122613776197,12.080218675804746
3224,587211.6911390077,517570.74180897366,N,16.00578854129603,11.851521902755886,3.4426039421861887,16.00578854129603,11.851521902755886
3225,587211.9791957298,517570.74180897366,N,16.49160169213049,11.269802666596416,3.3570526755766608,16.49160169213049,11.269802666596416
3226,587212.2672524521,517570.74180897366,N,16.943920187048164,10.542568516537175,3.2469321699932654,16.943920187048164,10.542568516537175
3227,587212.5553091742,517570.74180897366,N,17.305794787550774,10.224474800324602,3.1975732673896,17.305794787550774,10.224474800324602
3228,587212.8433658964,517570.74180897366,N,17.531986576124957,10.897819295308175,3.301184529121051,17.531986576124957,10.897819295308175
3229,587213.1314226185,517570.74180897366,N,17.632810146453057,12.501696151958926,3.5357737699065144,17.632810146453057,12.501696151958926
3230,587213.4194793407,517570.74180897366,N,17.65769273112366,14.490381103414965,3.806623320400242,17.65769273112366,14.490381103414965
3231,587213.7075360628,517570.74180897366,N,17.648740469824194,16.44609627392799,4.055378684405192,17.648740469824194,16.44609627392799
3232,587213.995592785,517570.74180897366,N,17.630998176699332,18.198990618677954,4.2660274985843625,17.630998176699332,18.198990618677954
3233,587214.2836495071,517570.74180897366,N,17.618584129211545,19.724290382309167,4.441203708715596,17.618584129211545,19.724290382309167
3234,587214.5717062292,517570.74180897366,N,17.619298591029867,21.05863050509636,4.588968348670141,17.619298591029867,21.05863050509636
3235,587214.8597629514,517570.74180897366,N,17.636647571144582,22.254447723285068,4.717462000195133,17.636647571144582,22.254447723285068
3236,587215.1478196735,517570.74180897366,N,17.670773048694194,23.357312515843773,4.832940359226852,17.670773048694194,23.357312515843773
3237,587215.4358763958,517570.74180897366,N,17.719204490022666,24.397325316821814,4.9393648697805075,17.719204490022666,24.397325316821814
3238,587215.7239331179,517570.74180897366,N,17.77772919445607,25.389430001257114,5.038792514209839,17.77772919445607,25.389430001257114
3239,587216.0119898401,517570.74180897366,N,17.841319235057835,26.33818407391505,5.132074051873672,17.841319235057835,26.33818407391505
3240,587216.3000465622,517570.74180897366,N,17.90494463569858,27.24324737245468,5.219506429965834,17.90494463569858,27.24324737245468
3241,587216.5881032844,517570.74180897366,N,17.96415656950568,28.103402446362605,5.301264230951198,17.96415656950568,28.103402446362605
3242,587201.3210970102,517571.0298656958,N,13.84567821853922,24.842291648564665,4.984204214171473,13.84567821853922,24.842291648564665
3243,587201.6091537323,517571.0298656958,N,13.677888882495747,23.80327098853767,4.878859599182751,13.677888882495747,23.80327098853767
3244,587201.8972104545,517571.0298656958,N,13.496270163200169,22.66725173187266,4.7610137294354296,13.496270163200169,22.66725173187266
3245,587202.1852671766,517571.0298656958,N,13.31236912526532,21.413755116062685,4.627499877478408,13.31236912526532,21.413755116062685
3246,587202.4733238987,517571.0298656958,N,13.1459718924254,20.032028540956478,4.475715422248881,13.1459718924254,20.032028540956478
3247,587202.7613806209,517571.0298656958,N,13.029311601450786,18.53931985653528,4.30573104786345,13.029311601450786,18.53931985653528
3248,587203.049437343,517571.0298656958,N,13.01248596654333,17.005081588765645,4.123721812727629,13.01248596654333,17.005081588765645
3249,587203.3374940652,517571.0298656958,N,13.166846870595375,15.567948889747445,3.945624017788244,13.166846870595375,15.567948889747445
3250,587203.6255507873,517571.0298656958,N,13.576048349327186,14.407617080151688,3.7957366979483296,13.576048349327186,14.407617080151688
3251,587203.9136075096,517571.0298656958,N,14.302779421190774,13.631840562507245,3.692132251491981,14.302779421190774,13.631840562507245
3252,587204.2016642317,517571.0298656958,N,15.34790884912908,13.147724167932306,3.6259790633609987,15.34790884912908,13.147724167932306
3253,587204.4897209539,517571.0298656958,N,16.648013655698524,12.685876182071066,3.5617237655482303,16.648013655698524,12.685876182071066
3254,587204.777777676,517571.0298656958,N,18.109168046066117,11.966931414133633,3.4593252830766916,18.109168046066117,11.966931414133633
3255,587205.0658343981,517571.0298656958,N,19.624884167295974,10.855237497681268,3.2947287441732236,19.624884167295974,10.855237497681268
3256,587205.3538911203,517571.0298656958,N,21.04805092438682,9.495807826154987,3.081526866044654,21.04805092438682,9.495807826154987
3257,587205.6419478424,517571.0298656958,N,22.12113948107873,8.518149196102739,2.918586849162234,22.12113948107873,8.518149196102739
3258,587205.9300045646,517571.0298656958,N,22.53125108492633,8.849065675059517,2.9747379170373174,22.53125108492633,8.849065675059517
3259,587206.2180612867,517571.0298656958,N,22.298126581155095,10.45209075262064,3.2329693398825543,22.298126581155095,10.45209075262064
3260,587206.506118009,517571.0298656958,N,21.729641627168363,12.431845940814943,3.525882292535436,21.729641627168363,12.431845940814943
3261,587206.7941747311,517571.0298656958,N,21.044196301455994,14.216002140553964,3.770411402029487,21.044196301455994,14.216002140553964
3262,587207.0822314533,517571.0298656958,N,20.34060131720418,15.629101349008948,3.9533658253454043,20.34060131720418,15.629101349008948
3263,587207.3702881754,517571.0298656958,N,19.661676738405752,16.671176339271327,4.08303518712138,19.661676738405752,16.671176339271327
3264,587207.6583448976,517571.0298656958,N,19.026152951543093,17.40044049292606,4.171383522636831,19.026152951543093,17.40044049292606
3265,587207.9464016197,517571.0298656958,N,18.440865335082215,17.880848282443264,4.228575207140493,18.440865335082215,17.880848282443264
3266,587208.2344583418,517571.0298656958,N,17.905851969690296,18.157978531388597,4.261217963374861,17.905851969690296,18.157978531388597
3267,587208.522515064,517571.0298656958,N,17.417425661247368,18.251300716394784,4.272154107285314,17.417425661247368,18.251300716394784
3268,587208.8105717861,517571.0298656958,N,16.970928127161873,18.158245667400756,4.2612493082898535,16.970928127161873,18.158245667400756
3269,587209.0986285083,517571.0298656958,N,16.563510937710536,17.86628882792777,4.226853300970803,16.563510937710536,17.86628882792777
3270,587209.3866852304,517571.0298656958,N,16.196881114342514,17.369785849528718,4.167707505275378,16.196881114342514,17.369785849528718
3271,587209.6747419527,517571.0298656958,N,15.879906931382063,16.689174686718097,4.085238632775091,15.879906931382063,16.689174686718097
3272,587209.9627986748,517571.0298656958,N,15.630634632105375,15.888313959466688,3.9860147966943984,15.630634632105375,15.888313959466688
3273,587210.250855397,517571.0298656958,N,15.475951785115928,15.077241457711775,3.882942371155124,15.475951785115928,15.077241457711775
3274,587210.5389121191,517571.0298656958,N,15.445334914822284,14.37622707228652,3.791599540073624,15.445334914822284,14.37622707228652
3275,587210.8269688413,517571.0298656958,N,15.557242275028749,13.832504913020042,3.7192075651971943,15.557242275028749,13.832504913020042
3276,587211.1150255634,517571.0298656958,N,15.806756302900286,13.348868013617743,3.653610271172576,15.806756302900286,13.348868013617743
3277,587211.4030822855,517571.0298656958,N,16.167226450252222,12.709103100617986,3.564982903271485,16.167226450252222,12.709103100617986
3278,587211.6911390077,517571.0298656958,N,16.602823992725117,11.68335353120732,3.4180920893398,16.602823992725117,11.68335353120732
3279,587211.9791957298,517571.0298656958,N,17.07684263098038,10.143568553098728,3.1848969454440326,17.07684263098038,10.143568553098728
3280,587212.2672524521,517571.0298656958,N,17.544862915114877,8.237124692608955,2.870039144786871,17.544862915114877,8.237124692608955
3281,587212.5553091742,517571.0298656958,N,17.921966363547828,6.848360132935783,2.6169371664095764,17.921966363547828,6.848360132935783
3282,587212.8433658964,517571.0298656958,N,18.087715632758652,7.55522064765591,2.748676162747425,18.087715632758652,7.55522064765591
3283,587213.1314226185,517571.0298656958,N,18.077495537185957,9.9347102296402,3.1519375358087602,18.077495537185957,9.9347102296402
3284,587213.4194793407,517571.0298656958,N,18.00507754126221,12.542155635437467,3.5414905951361026,18.00507754126221,12.542155635437467
3285,587213.7075360628,517571.0298656958,N,17.92273507687164,14.833076779561644,3.851373362783936,17.92273507687164,14.833076779561644
3286,587213.995592785,517571.0298656958,N,17.850926483535396,16.73056830218449,4.090301737303068,17.850926483535396,16.73056830218449
3287,587214.2836495071,517571.0298656958,N,17.799888647234006,18.29976213552453,4.277822125278766,17.799888647234006,18.29976213552453
3288,587214.5717062292,517571.0298656958,N,17.77518216817851,19.64071702539831,4.431784857751819,17.77518216817851,19.64071702539831
3289,587214.8597629514,517571.0298656958,N,17.7786236066215,20.84553782424617,4.565691385129548,17.7786236066215,20.84553782424617
3290,587215.1478196735,517571.0298656958,N,17.8084010041611,21.978896781584,4.688165609445127,17.8084010041611,21.978896781584
3291,587215.4358763958,517571.0298656958,N,17.859613415893808,23.07394153272149,4.803534275168804,17.859613415893808,23.07394153272149
3292,587215.7239331179,517571.0298656958,N,17.92539302993129,24.13919789539411,4.913165771210464,17.92539302993129,24.13919789539411
3293,587216.0119898401,517571.0298656958,N,17.998231913343385,25.169948183533986,5.016966033723368,17.998231913343385,25.169948183533986
3294,587216.3000465622,517571.0298656958,N,18.071090546671073,26.158113755288223,5.114500342681406,18.071090546671073,26.158113755288223
3295,587216.5881032844,517571.0298656958,N,18.13809459405987,27.09791988743998,5.205566240808005,18.13809459405987,27.09791988743998
3296,587216.8761600065,517571.0298656958,N,18.194842383913645,27.98761829026156,5.290332531161114,18.194842383913645,27.98761829026156
3297,587201.8972104545,517571.31792241795,N,13.865307294250153,23.95981331408909,4.894876230722192,13.865307294250153,23.95981331408909
3298,587202.1852671766,517571.31792241795,N,13.772286469541676,22.810743509180995,4.776059412233164,13.772286469541676,22.810743509180995
3299,587202.4733238987,517571.31792241795,N,13.717900272494372,21.570972698448706,4.644456125150576,13.717900272494372,21.570972698448706
3300,587202.7613806209,517571.31792241795,N,13.733653350832073,20.263381219500452,4.501486556627761,13.733653350832073,20.263381219500452
3301,587203.049437343,517571.31792241795,N,13.862530574579324,18.939998417866896,4.352010847627438,13.862530574579324,18.939998417866896
3302,587203.3374940652,517571.31792241795,N,14.15739049273839,17.678572189355155,4.204589419831044,14.15739049273839,17.678572189355155
3303,587203.6255507873,517571.31792241795,N,14.672042138207253,16.552727777877053,4.068504366210887,14.672042138207253,16.552727777877053
3304,587203.9136075096,517571.31792241795,N,15.444134325493096,15.574532418075746,3.9464582118750156,15.444134325493096,15.574532418075746
3305,587204.2016642317,517571.31792241795,N,16.479243146643242,14.646265728782444,3.82704399357813,16.479243146643242,14.646265728782444
3306,587204.4897209539,517571.31792241795,N,17.75007737561649,13.571405802749743,3.68393889780351,17.75007737561649,13.571405802749743
3307,587204.777777676,517571.31792241795,N,19.2098469760339,12.120779480346023,3.481490985245549,19.2098469760339,12.120779480346023
3308,587205.0658343981,517571.31792241795,N,20.802088026441446,10.110816757887932,3.179751052816546,20.802088026441446,10.110816757887932
3309,587205.3538911203,517571.31792241795,N,22.440172594995254,7.520564519895664,2.7423647678410075,22.440172594995254,7.520564519895664
3310,587205.6419478424,517571.31792241795,N,23.845801555113738,5.0232906608234575,2.241269876838454,23.845801555113738,5.0232906608234575
3311,587205.9300045646,517571.31792241795,N,24.13725518259543,5.34583251459045,2.3121056452053503,24.13725518259543,5.34583251459045
3312,587206.2180612867,517571.31792241795,N,23.410315074698538,8.168654452889758,2.858085802226686,23.410315074698538,8.168654452889758
3313,587206.506118009,517571.31792241795,N,22.480580095066593,10.944307804232363,3.3082182219787684,22.480580095066593,10.944307804232363
3314,587206.7941747311,517571.31792241795,N,21.5619413580755,13.131771934331033,3.623778681753486,21.5619413580755,13.131771934331033
3315,587207.0822314533,517571.31792241795,N,20.703096550535804,14.741440528783976,3.8394583639862505,20.703096550535804,14.741440528783976
3316,587207.3702881754,517571.31792241795,N,19.920090946609502,15.889158607157672,3.9861207466856383,19.920090946609502,15.889158607157672
3317,587207.6583448976,517571.31792241795,N,19.21902928208931,16.703475395772006,4.086988548524697,19.21902928208931,16.703475395772006
3318,587207.9464016197,517571.31792241795,N,18.600347793182202,17.289682114207213,4.158086352423097,18.600347793182202,17.289682114207213
3319,587208.2344583418,517571.31792241795,N,18.059800397697888,17.712015973974296,4.208564597814116,18.059800397697888,17.712015973974296
3320,587208.522515064,517571.31792241795,N,17.589846540333554,17.992235633580087,4.24172554906374,17.589846540333554,17.992235633580087
3321,587208.8105717861,517571.31792241795,N,17.182108385655006,18.122497730721342,4.257052704715005,17.182108385655006,18.122497730721342
3322,587209.0986285083,517571.31792241795,N,16.830269576815052,18.084958404182544,4.2526413444096764,16.830269576815052,18.084958404182544
3323,587209.3866852304,517571.31792241795,N,16.532604338785593,17.870303498545677,4.22732817492866,16.532604338785593,17.870303498545677
3324,587209.6747419527,517571.31792241795,N,16.29364233009782,17.49085321853666,4.182206740291142,16.29364233009782,17.49085321853666
3325,587209.9627986748,517571.31792241795,N,16.12452996323337,16.985201344205304,4.121310634277075,16.12452996323337,16.985201344205304
3326,587210.250855397,517571.31792241795,N,16.041264100852494,16.40903784800952,4.050807061316241,16.041264100852494,16.40903784800952
3327,587210.5389121191,517571.31792241795,N,16.059916252289963,15.806455010754929,3.9757332670533785,16.059916252289963,15.806455010754929
3328,587210.8269688413,517571.31792241795,N,16.18966938858646,15.167523440713893,3.8945504799288315,16.18966938858646,15.167523440713893
3329,587211.1150255634,517571.31792241795,N,16.42760566198847,14.398284391523367,3.7945071342037777,16.42760566198847,14.398284391523367
3330,587211.4030822855,517571.31792241795,N,16.759335436610286,13.328955864556184,3.6508842578964598,16.759335436610286,13.328955864556184
3331,587211.6911390077,517571.31792241795,N,17.164613721014668,11.75345348872198,3.428331006294751,17.164613721014668,11.75345348872198
3332,587211.9791957298,517571.31792241795,N,17.623039749500172,9.473106854966382,3.077841265394689,17.623039749500172,9.473106854966382
3333,587212.2672524521,517571.31792241795,N,18.114832944495078,6.353080822523875,2.5205318531063785,18.114832944495078,6.353080822523875
3334,587212.5553091742,517571.31792241795,N,18.587384346580315,2.8076080068176514,1.6755918377748358,18.587384346580315,2.8076080068176514
3335,587212.8433658964,517571.31792241795,N,18.648021266211884,4.1691848407488585,2.041858183309717,18.648021266211884,4.1691848407488585
3336,587213.1314226185,517571.31792241795,N,18.477142701653484,7.977923773052241,2.8245218662726335,18.477142701653484,7.977923773052241
3337,587213.4194793407,517571.31792241795,N,18.30827770565848,11.121237004701284,3.3348518714781448,18.30827770565848,11.121237004701284
3338,587213.7075360628,517571.31792241795,N,18.16016975480131,13.55136471736431,3.681217830740842,18.16016975480131,13.55136471736431
3339,587213.995592785,517571.31792241795,N,18.04028569165462,15.416294945728355,3.926358993485995,18.04028569165462,15.416294945728355
3340,587214.2836495071,517571.31792241795,N,17.955059089850653,16.891626496326467,4.109942395743092,17.955059089850653,16.891626496326467
3341,587214.5717062292,517571.31792241795,N,17.90927194372003,18.144416872452005,4.2596263770960014,17.90927194372003,18.144416872452005
3342,587214.8597629514,517571.31792241795,N,17.904140215738785,19.305736720424353,4.393829391365163,17.904140215738785,19.305736720424353
3343,587215.1478196735,517571.31792241795,N,17.93608332898673,20.452615840189235,4.522456836741423,17.93608332898673,20.452615840189235
3344,587215.4358763958,517571.31792241795,N,17.99717990852888,21.609091005537223,4.648557949035079,17.99717990852888,21.609091005537223
3345,587215.7239331179,517571.31792241795,N,18.077039554142573,22.76432125141808,4.77119704596426,18.077039554142573,22.76432125141808
3346,587216.0119898401,517571.31792241795,N,18.164969127553448,23.894922071430916,4.888243250026631,18.164969127553448,23.894922071430916
3347,587216.3000465622,517571.31792241795,N,18.251542954092553,24.980534696709864,4.998053090625375,18.251542954092553,24.980534696709864
3348,587216.5881032844,517571.31792241795,N,18.329373848141962,26.010008339418455,5.100000817589979,18.329373848141962,26.010008339418455
3349,587216.8761600065,517571.31792241795,N,18.393292763052973,26.981046674957177,5.194328317978868,18.393292763052973,26.981046674957177
3350,587217.1642167286,517571.31792241795,N,18.44019788847258,27.897063820584677,5.2817671115437,18.44019788847258,27.897063820584677
3351,587202.1852671766,517571.6059791401,N,14.23836958726142,24.13519488306022,4.912758378249455,14.23836958726142,24.13519488306022
3352,587202.4733238987,517571.6059791401,N,14.27700854183264,23.020705820439314,4.797989768688478,14.27700854183264,23.020705820439314
3353,587202.7613806209,517571.6059791401,N,14.395273924548034,21.855732766427334,4.675011525806897,14.395273924548034,21.855732766427334
3354,587203.049437343,517571.6059791401,N,14.627771639992783,20.67109592099807,4.546547692590288,14.627771639992783,20.67109592099807
3355,587203.3374940652,517571.6059791401,N,15.013094714473668,19.502032898032034,4.416110607540535,15.013094714473668,19.502032898032034
3356,587203.6255507873,517571.6059791401,N,15.587516445805464,18.36698937528293,4.285672569770459,15.587516445805464,18.36698937528293
3357,587203.9136075096,517571.6059791401,N,16.376138478482357,17.238215897246544,4.1518930498323945,16.376138478482357,17.238215897246544
3358,587204.2016642317,517571.6059791401,N,17.386015022208944,16.02102432655481,4.002627178061281,17.386015022208944,16.02102432655481
3359,587204.4897209539,517571.6059791401,N,18.606201614201666,14.558129183452202,3.815511654215225,18.606201614201666,14.558129183452202
3360,587204.777777676,517571.6059791401,N,20.014716277437806,12.655923355396991,3.557516458907392,20.014716277437806,12.655923355396991
3361,587205.0658343981,517571.6059791401,N,21.587449019965014,10.113033202774599,3.1800995586262073,21.587449019965014,10.113033202774599
3362,587205.3538911203,517571.6059791401,N,23.304421857773356,6.73628363833208,2.595435153944725,23.304421857773356,6.73628363833208
3363,587205.6419478424,517571.6059791401,N,25.150323880074907,2.3492555565213555,1.5327281417529188,25.150323880074907,2.3492555565213555
3364,587205.9300045646,517571.6059791401,N,25.264609560124228,2.8697720370556974,1.694040152137988,25.264609560124228,2.8697720370556974
3365,587206.2180612867,517571.6059791401,N,24.00777771754953,7.041582113492618,2.6535979562647802,24.00777771754953,7.041582113492618
3366,587206.506118009,517571.6059791401,N,22.856448025665774,10.148972131749408,3.1857451454486134,22.856448025665774,10.148972131749408
3367,587206.7941747311,517571.6059791401,N,21.80741053120397,12.378101760593355,3.518252657299267,21.80741053120397,12.378101760593355
3368,587207.0822314533,517571.6059791401,N,20.86066073171245,13.926994139898637,3.731888816658213,20.86066073171245,13.926994139898637
3369,587207.3702881754,517571.6059791401,N,20.0192657646568,14.997169229658216,3.872617878084309,20.0192657646568,14.997169229658216
3370,587207.6583448976,517571.6059791401,N,19.28654259583672,15.775049690019639,3.971781677033575,19.28654259583672,15.775049690019639
3371,587207.9464016197,517571.6059791401,N,18.662363284656173,16.402182037884323,4.049960745227579,18.662363284656173,16.402182037884323
3372,587208.2344583418,517571.6059791401,N,18.140646149576376,16.951642793392836,4.1172372767904495,18.140646149576376,16.951642793392836
3373,587208.522515064,517571.6059791401,N,17.7100015898321,17.43003384731227,4.1749292026706595,17.7100015898321,17.43003384731227
3374,587208.8105717861,517571.6059791401,N,17.35720393483239,17.804448769700482,4.21953181878043,17.35720393483239,17.804448769700482
3375,587209.0986285083,517571.6059791401,N,17.07122079836924,18.035147755022326,4.2467808696732074,17.07122079836924,18.035147755022326
3376,587209.3866852304,517571.6059791401,N,16.845956820807796,18.09764693500249,4.254132923993148,16.845956820807796,18.09764693500249
3377,587209.6747419527,517571.6059791401,N,16.681251839148285,17.990619891198108,4.24153508663999,16.681251839148285,17.990619891198108
3378,587209.9627986748,517571.6059791401,N,16.582299535882786,17.732185856115585,4.2109602059525075,16.582299535882786,17.732185856115585
3379,587210.250855397,517571.6059791401,N,16.55756797550039,17.3465437649318,4.1649182182765365,16.55756797550039,17.3465437649318
3380,587210.5389121191,517571.6059791401,N,16.61536130505174,16.842604683498852,4.103974254731486,16.61536130505174,16.842604683498852
3381,587210.8269688413,517571.6059791401,N,16.759892602740905,16.19057533365094,4.023751400577693,16.759892602740905,16.19057533365094
3382,587211.1150255634,517571.6059791401,N,16.988632561344268,15.307894340876894,3.912530426830812,16.988632561344268,15.307894340876894
3383,587211.4030822855,517571.6059791401,N,17.292384688417844,14.06348161731231,3.7501308800243636,17.292384688417844,14.06348161731231
3384,587211.6911390077,517571.6059791401,N,17.657699981135636,12.298281957623109,3.506890639529997,17.657699981135636,12.298281957623109
3385,587211.9791957298,517571.6059791401,N,18.069456553252326,9.855833081528948,3.1394001149151007,18.069456553252326,9.855833081528948
3386,587212.2672524521,517571.6059791401,N,18.50936745697513,6.651026863621828,2.5789584842765167,18.50936745697513,6.651026863621828
3387,587212.5553091742,517571.6059791401,N,18.9158454475306,3.2547867958281844,1.8041027675352046,18.9158454475306,3.2547867958281844
3388,587212.8433658964,517571.6059791401,N,18.941674227217188,4.3298340835383184,2.080825337105044,18.941674227217188,4.3298340835383184
3389,587213.1314226185,517571.6059791401,N,18.73849399477744,7.771207825795892,2.787688617079729,18.73849399477744,7.771207825795892
3390,587213.4194793407,517571.6059791401,N,18.530312951488753,10.611410228099556,3.257515959761296,18.530312951488753,10.611410228099556
3391,587213.7075360628,517571.6059791401,N,18.343124373042464,12.728117318059477,3.567648710013288,18.343124373042464,12.728117318059477
3392,587213.995592785,517571.6059791401,N,18.188092535795736,14.275540129139435,3.7782985759650383,18.188092535795736,14.275540129139435
3393,587214.2836495071,517571.6059791401,N,18.075679097800542,15.464770655192552,3.932527260578438,18.075679097800542,15.464770655192552
3394,587214.5717062292,517571.6059791401,N,18.014625950314894,16.509402795089255,4.063176441540443,18.014625950314894,16.509402795089255
3395,587214.8597629514,517571.6059791401,N,18.008179686104835,17.573227152276537,4.192043314694701,18.008179686104835,17.573227152276537
3396,587215.1478196735,517571.6059791401,N,18.051393053019666,18.731729581827246,4.328016818570284,18.051393053019666,18.731729581827246
3397,587215.4358763958,517571.6059791401,N,18.13214020402428,19.97636393905159,4.469492581832035,18.13214020402428,19.97636393905159
3398,587215.7239331179,517571.6059791401,N,18.235019932913197,21.25474781266159,4.610287172472187,18.235019932913197,21.25474781266159
3399,587216.0119898401,517571.6059791401,N,18.34520438555692,22.5120383450169,4.74468527354733,18.34520438555692,22.5120383450169
3400,587216.3000465622,517571.6059791401,N,18.450571709998798,23.712105364066712,4.8695077127022515,18.450571709998798,23.712105364066712
3401,587216.5881032844,517571.6059791401,N,18.542316738696115,24.840247295813054,4.983999126786947,18.542316738696115,24.840247295813054
3402,587216.8761600065,517571.6059791401,N,18.61478079527309,25.897117029591463,5.08892100838591,18.61478079527309,25.897117029591463
3403,587217.1642167286,517571.6059791401,N,18.66499854228619,26.891041866546704,5.18565732251435,18.66499854228619,26.891041866546704
3404,587217.4522734508,517571.6059791401,N,18.6921680972386,27.832017025467547,5.27560584440001,18.6921680972386,27.832017025467547
3405,587217.7403301729,517571.6059791401,N,18.697113130711685,28.728206035291397,5.359869964401319,18.697113130711685,28.728206035291397
3406,587202.4733238987,517571.89403586223,N,14.796839438047861,24.360404270644313,4.935626026214336,14.796839438047861,24.360404270644313
3407,587202.7613806209,517571.89403586223,N,14.989020328283353,23.304120794602188,4.827434183352704,14.989020328283353,23.304120794602188
3408,587203.049437343,517571.89403586223,N,15.289433143446399,22.215190456821908,4.713299317550489,15.289433143446399,22.215190456821908
3409,587203.3374940652,517571.89403586223,N,15.725920002735839,21.103511887829985,4.5938558845299,15.725920002735839,21.103511887829985
3410,587203.6255507873,517571.89403586223,N,16.323082272304863,19.9615840267809,4.467838854164382,16.323082272304863,19.9615840267809
3411,587203.9136075096,517571.89403586223,N,17.097246404544556,18.74972475638464,4.33009523641047,17.097246404544556,18.74972475638464
3412,587204.2016642317,517571.89403586223,N,18.052647793513408,17.387910525945326,4.16988135633921,18.052647793513408,17.387910525945326
3413,587204.4897209539,517571.89403586223,N,19.18041647260474,15.761494858402669,3.9700749184873914,19.18041647260474,15.761494858402669
3414,587204.777777676,517571.89403586223,N,20.459287523396153,13.742854763699945,3.707135654882344,20.459287523396153,13.742854763699945
3415,587205.0658343981,517571.89403586223,N,21.852113095535138,11.23422193467026,3.351749085875949,21.852113095535138,11.23422193467026
3416,587205.3538911203,517571.89403586223,N,23.27725683289236,8.286438637254427,2.8786174871376065,23.27725683289236,8.286438637254427
3417,587205.6419478424,517571.89403586223,N,24.451225481062295,5.630187211029305,2.3728015532339204,24.451225481062295,5.630187211029305
3418,587205.9300045646,517571.89403586223,N,24.594162846948926,5.650178702889308,2.377010454938999,24.594162846948926,5.650178702889308
3419,587206.2180612867,517571.89403586223,N,23.784888717677898,7.98616609754093,2.825980555053578,23.784888717677898,7.98616609754093
3420,587206.506118009,517571.89403586223,N,22.755301986685286,10.3071717353212,3.210478427792531,22.755301986685286,10.3071717353212
3421,587206.7941747311,517571.89403586223,N,21.735091630066492,12.032334645864461,3.4687655795490793,21.735091630066492,12.032334645864461
3422,587207.0822314533,517571.89403586223,N,20.786764675018013,13.186243306217806,3.631286728725481,20.786764675018013,13.186243306217806
3423,587207.3702881754,517571.89403586223,N,19.939118521539484,13.950910062521713,3.735091707377707,19.939118521539484,13.950910062521713
3424,587207.6583448976,517571.89403586223,N,19.211019795817734,14.54707016459298,3.814062160557033,19.211019795817734,14.54707016459298
3425,587207.9464016197,517571.89403586223,N,18.611445571849263,15.150232021062067,3.8923298962269457,18.611445571849263,15.150232021062067
3426,587208.2344583418,517571.89403586223,N,18.135853283228556,15.827182043650861,3.9783391061661475,18.135853283228556,15.827182043650861
3427,587208.522515064,517571.89403586223,N,17.768163670696655,16.53738378967953,4.066618225218533,17.768163670696655,16.53738378967953
3428,587208.8105717861,517571.89403586223,N,17.488327259103812,17.191638385910924,4.146280066024354,17.488327259103812,17.191638385910924
3429,587209.0986285083,517571.89403586223,N,17.279410494014307,17.710288036367682,4.2083593045708065,17.279410494014307,17.710288036367682
3430,587209.3866852304,517571.89403586223,N,17.130842704305035,18.048508011339184,4.2483535647753214,17.130842704305035,18.048508011339184
3431,587209.6747419527,517571.89403586223,N,17.038538009417067,18.194953927043937,4.265554351669187,17.038538009417067,18.194953927043937
3432,587209.9627986748,517571.89403586223,N,17.003409738987088,18.15843292891836,4.261271280840773,17.003409738987088,18.15843292891836
3433,587210.250855397,517571.89403586223,N,17.029087995771782,17.950867939503034,4.236846461639014,17.029087995771782,17.950867939503034
3434,587210.5389121191,517571.89403586223,N,17.11923045429969,17.570262133321368,4.19168965136034,17.11923045429969,17.570262133321368
3435,587210.8269688413,517571.89403586223,N,17.274939604693763,16.98735979511765,4.121572490581435,17.274939604693763,16.98735979511765
3436,587211.1150255634,517571.89403586223,N,17.49299458459147,16.141069397122287,4.017594976739478,17.49299458459147,16.141069397122287
3437,587211.4030822855,517571.89403586223,N,17.76528996566038,14.947311454728602,3.8661753005688455,17.76528996566038,14.947311454728602
3438,587211.6911390077,517571.89403586223,N,18.078872121055504,13.325702235919472,3.650438636098335,18.078872121055504,13.325702235919472
3439,587211.9791957298,517571.89403586223,N,18.414324038966413,11.259763334958096,3.3555570826552925,18.414324038966413,11.259763334958096
3440,587212.2672524521,517571.89403586223,N,18.736602399486014,8.958182131466211,2.993022240389505,18.736602399486014,8.958182131466211
3441,587212.5553091742,517571.89403586223,N,18.967884919348688,7.260311482097984,2.6944965173660895,18.967884919348688,7.260311482097984
3442,587212.8433658964,517571.89403586223,N,19.00191173132389,7.474659137085556,2.7339822854374085,19.00191173132389,7.474659137085556
3443,587213.1314226185,517571.89403586223,N,18.86927651389606,9.140116458515196,3.023262552031364,18.86927651389606,9.140116458515196
3444,587213.4194793407,517571.89403586223,N,18.674654971282123,10.919812342248836,3.3045139343402434,18.674654971282123,10.919812342248836
3445,587213.7075360628,517571.89403586223,N,18.473392364282905,12.290274866230808,3.5057488310246656,18.473392364282905,12.290274866230808
3446,587213.995592785,517571.89403586223,N,18.294011174134273,13.228818000061944,3.637144209412371,18.294011174134273,13.228818000061944
3447,587214.2836495071,517571.89403586223,N,18.158856831483526,13.921099581793557,3.7310989777535464,18.158856831483526,13.921099581793557
3448,587214.5717062292,517571.89403586223,N,18.08691727971894,14.627646764493806,3.8246106683548597,18.08691727971894,14.627646764493806
3449,587214.8597629514,517571.89403586223,N,18.087516433603852,15.556434180887933,3.9441645732509607,18.087516433603852,15.556434180887933
3450,587215.1478196735,517571.89403586223,N,18.154206128117412,16.762071744237634,4.094150918595654,18.154206128117412,16.762071744237634
3451,587215.4358763958,517571.89403586223,N,18.267631624296705,18.158627540382277,4.261294115686252,18.267631624296705,18.158627540382277
3452,587215.7239331179,517571.89403586223,N,18.404651692090223,19.615865538538326,4.428980191707605,18.404651692090223,19.615865538538326
3453,587216.0119898401,517571.89403586223,N,18.545197086191088,21.034062376682005,4.586290699103362,18.545197086191088,21.034062376682005
3454,587216.3000465622,517571.89403586223,N,18.6744817375805,22.363539613335803,4.729010426435514,18.6744817375805,22.363539613335803
3455,587216.5881032844,517571.89403586223,N,18.78273666715277,23.593642179325794,4.857328708181668,18.78273666715277,23.593642179325794
3456,587216.8761600065,517571.89403586223,N,18.864332442138302,24.735190836092542,4.973448585849917,18.864332442138302,24.735190836092542
3457,587217.1642167286,517571.89403586223,N,18.91692886088182,25.80627421529328,5.079987619600394,18.91692886088182,25.80627421529328
3458,587217.4522734508,517571.89403586223,N,18.94071469637866,26.823497827645987,5.179140645671441,18.94071469637866,26.823497827645987
3459,587217.7403301729,517571.89403586223,N,18.9376951249532,27.79805862830928,5.272386426307283,18.9376951249532,27.79805862830928
3460,587218.0283868952,517571.89403586223,N,18.911027325561133,28.735189586808215,5.36052139132083,18.911027325561133,28.735189586808215
3461,587202.7613806209,517572.18209258444,N,15.503495876475347,24.618007033780497,4.961653659192719,15.503495876475347,24.618007033780497
3462,587203.049437343,517572.18209258444,N,15.842730008513632,23.603209470510727,4.858313438891188,15.842730008513632,23.603209470510727
3463,587203.3374940652,517572.18209258444,N,16.29957625723313,22.540646879640576,4.747699114270046,16.29957625723313,22.540646879640576
3464,587203.6255507873,517572.18209258444,N,16.889827140573033,21.41363470644402,4.627486867236256,16.889827140573033,21.41363470644402
3465,587203.9136075096,517572.18209258444,N,17.62218110976926,20.185450613875656,4.492822121325933,17.62218110976926,20.185450613875656
3466,587204.2016642317,517572.18209258444,N,18.495133603673356,18.79874719302514,4.335752206137378,18.495133603673356,18.79874719302514
3467,587204.4897209539,517572.18209258444,N,19.49422853346439,17.185829442749558,4.145579506263214,19.49422853346439,17.185829442749558
3468,587204.777777676,517572.18209258444,N,20.58769810548896,15.295611048038639,3.9109603741330132,20.58769810548896,15.295611048038639
3469,587205.0658343981,517572.18209258444,N,21.714550532745015,13.150763573031634,3.6263981542339825,21.714550532745015,13.150763573031634
3470,587205.3538911203,517572.18209258444,N,22.752648463808217,10.969296081254614,3.3119927658819868,22.752648463808217,10.969296081254614
3471,587205.6419478424,517572.18209258444,N,23.465685262626305,9.35034499930919,3.0578333831831306,23.465685262626305,9.35034499930919
3472,587205.9300045646,517572.18209258444,N,23.573267850684008,9.053968531774194,3.008981311303577,23.573267850684008,9.053968531774194
3473,587206.2180612867,517572.18209258444,N,23.09026581373497,9.927643622973532,3.150816342310915,23.09026581373497,9.927643622973532
3474,587206.506118009,517572.18209258444,N,22.293054025413873,11.080063075625883,3.328672870022809,22.293054025413873,11.080063075625883
3475,587206.7941747311,517572.18209258444,N,21.394040361359327,11.950729743189388,3.456982751358385,21.394040361359327,11.950729743189388
3476,587207.0822314533,517572.18209258444,N,20.503569497435898,12.423280282200851,3.524667400223864,20.503569497435898,12.423280282200851
3477,587207.3702881754,517572.18209258444,N,19.6865869083578,12.646683650164478,3.556217604444992,19.6865869083578,12.646683650164478
3478,587207.6583448976,517572.18209258444,N,18.990262970906457,12.901711426174781,3.59189524153681,18.990262970906457,12.901711426174781
3479,587207.9464016197,517572.18209258444,N,18.442782021311096,13.433637014334423,3.6651926299083413,18.442782021311096,13.433637014334423
3480,587208.2344583418,517572.18209258444,N,18.042869812447712,14.285861111578107,3.7796641532784507,18.042869812447712,14.285861111578107
3481,587208.522515064,517572.18209258444,N,17.76487894376292,15.30681884023891,3.9123929813144933,17.76487894376292,15.30681884023891
3482,587208.8105717861,517572.18209258444,N,17.577636638983932,16.30067765910699,4.037409771017427,17.577636638983932,16.30067765910699
3483,587209.0986285083,517572.18209258444,N,17.457316115640648,17.13294182192794,4.139195794103963,17.457316115640648,17.13294182192794
3484,587209.3866852304,517572.18209258444,N,17.389907692767068,17.744672452000387,4.212442575513688,17.389907692767068,17.744672452000387
3485,587209.6747419527,517572.18209258444,N,17.36913057413777,18.12766269044196,4.2576592971305205,17.36913057413777,18.12766269044196
3486,587209.9627986748,517572.18209258444,N,17.39360943284142,18.296236887335002,4.2774100677086135,17.39360943284142,18.296236887335002
3487,587210.250855397,517572.18209258444,N,17.46428758513465,18.26543544664275,4.27380807321091,17.46428758513465,18.26543544664275
3488,587210.5389121191,517572.18209258444,N,17.582138606503868,18.036610910106333,4.246953132553541,17.582138606503868,18.036610910106333
3489,587210.8269688413,517572.18209258444,N,17.746235585788224,17.59079762422327,4.194138484149429,17.746235585788224,17.59079762422327
3490,587211.1150255634,517572.18209258444,N,17.952325440093837,16.891256813075756,4.1098974212352015,17.952325440093837,16.891256813075756
3491,587211.4030822855,517572.18209258444,N,18.19186981759958,15.897651892749511,3.9871859616463228,18.19186981759958,15.897651892749511
3492,587211.6911390077,517572.18209258444,N,18.450987844379913,14.596504285253175,3.8205371723428074,18.450987844379913,14.596504285253175
3493,587211.9791957298,517572.18209258444,N,18.708049358378005,13.057888679783144,3.613570074010347,18.708049358378005,13.057888679783144
3494,587212.2672524521,517572.18209258444,N,18.928809066013667,11.526876448613965,3.3951253951237157,18.928809066013667,11.526876448613965
3495,587212.5553091742,517572.18209258444,N,19.064291314476268,10.475859769940254,3.2366432874106246,19.064291314476268,10.475859769940254
3496,587212.8433658964,517572.18209258444,N,19.073547141442024,10.317207534148165,3.212041023111032,19.073547141442024,10.317207534148165
3497,587213.1314226185,517572.18209258444,N,18.96481225625882,10.872639729057704,3.297368606792044,18.96481225625882,10.872639729057704
3498,587213.4194793407,517572.18209258444,N,18.783568105368232,11.573225256663731,3.4019443347391403,18.783568105368232,11.573225256663731
3499,587213.7075360628,517572.18209258444,N,18.57364130782955,12.021673441627549,3.467228495733667,18.57364130782955,12.021673441627549
3500,587213.995592785,517572.18209258444,N,18.37024233941407,12.139513089601937,3.4841804042847633,18.37024233941407,12.139513089601937
3501,587214.2836495071,517572.18209258444,N,18.208324826805484,12.122116379096543,3.4816829808436816,18.208324826805484,12.122116379096543
3502,587214.5717062292,517572.18209258444,N,18.124390151536776,12.348150582531982,3.513993537633782,18.124390151536776,12.348150582531982
3503,587214.8597629514,517572.18209258444,N,18.141109370994204,13.142256780366246,3.625225066167099,18.141109370994204,13.142256780366246
3504,587215.1478196735,517572.18209258444,N,18.24836824511308,14.504950211836453,3.8085364921235105,18.24836824511308,14.504950211836453
3505,587215.4358763958,517572.18209258444,N,18.411686706726933,16.174276761725075,4.021725595030705,18.411686706726933,16.174276761725075
3506,587215.7239331179,517572.18209258444,N,18.595645107689823,17.887042261260326,4.22930753921494,18.595645107689823,17.887042261260326
3507,587216.0119898401,517572.18209258444,N,18.77451725422744,19.4966984456315,4.415506589920516,18.77451725422744,19.4966984456315
3508,587216.3000465622,517572.18209258444,N,18.93185882271979,20.957214901074646,4.577905077770251,18.93185882271979,20.957214901074646
3509,587216.5881032844,517572.18209258444,N,19.05792979562526,22.27879551294191,4.720041897371454,19.05792979562526,22.27879551294191
3510,587216.8761600065,517572.18209258444,N,19.1478576563436,23.493710531908494,4.847031104904166,19.1478576563436,23.493710531908494
3511,587217.1642167286,517572.18209258444,N,19.200500607571417,24.63563599432183,4.9634298619323545,19.200500607571417,24.63563599432183
3512,587217.4522734508,517572.18209258444,N,19.21755751524211,25.72950068100224,5.072425522469723,19.21755751524211,25.72950068100224
3513,587217.7403301729,517572.18209258444,N,19.202696661710693,26.788691203011993,5.175779284611352,19.202696661710693,26.788691203011993
3514,587218.0283868952,517572.18209258444,N,19.160705308328055,27.816665976935347,5.274150735135975,19.160705308328055,27.816665976935347
3515,587218.3164436173,517572.18209258444,N,19.096756486942578,28.810398035805893,5.367531838359778,19.096756486942578,28.810398035805893
3516,587203.049437343,517572.4701493066,N,16.29184225266744,24.864268686427554,4.986408395471389,16.29184225266744,24.864268686427554
3517,587203.3374940652,517572.4701493066,N,16.745861481912442,23.854395796551973,4.884096210820583,16.745861481912442,23.854395796551973
3518,587203.6255507873,517572.4701493066,N,17.307393476486766,22.76710243404537,4.771488492498475,17.307393476486766,22.76710243404537
3519,587203.9136075096,517572.4701493066,N,17.97851579177507,21.57493768463871,4.644882957044096,17.97851579177507,21.57493768463871
3520,587204.2016642317,517572.4701493066,N,18.751660690758108,20.243569712824183,4.499285466918518,18.751660690758108,20.243569712824183
3521,587204.4897209539,517572.4701493066,N,19.6061055901879,18.74394763914589,4.329428096082194,19.6061055901879,18.74394763914589
3522,587204.777777676,517572.4701493066,N,20.50257185074466,17.077082577801058,4.132442688991713,20.50257185074466,17.077082577801058
3523,587205.0658343981,517572.4701493066,N,21.373845706891984,15.315484736274389,3.913500317653544,21.373845706891984,15.315484736274389
3524,587205.3538911203,517572.4701493066,N,22.112257031372057,13.65492466578254,3.6952570500281223,22.112257031372057,13.65492466578254
3525,587205.6419478424,517572.4701493066,N,22.572063548727876,12.415237923641032,3.523526347800032,22.572063548727876,12.415237923641032
3526,587205.9300045646,517572.4701493066,N,22.63100711318145,11.849674970272488,3.4423356852974827,22.63100711318145,11.849674970272488
3527,587206.2180612867,517572.4701493066,N,22.289740489277857,11.847155755864703,3.441969749411622,22.289740489277857,11.847155755864703
3528,587206.506118009,517572.4701493066,N,21.66491544523181,11.995522716465198,3.463455314633812,21.66491544523181,11.995522716465198
3529,587206.7941747311,517572.4701493066,N,20.890911648154997,11.931764665978113,3.4542386521458117,20.890911648154997,11.931764665978113
3530,587207.0822314533,517572.4701493066,N,20.07218473544314,11.534471286049758,3.396243702393831,20.07218473544314,11.534471286049758
3531,587207.3702881754,517572.4701493066,N,19.29317954591669,10.97077353049845,3.312215803732971,19.29317954591669,10.97077353049845
3532,587207.6583448976,517572.4701493066,N,18.635520739713265,10.68428160721663,3.268681937297759,18.635520739713265,10.68428160721663
3533,587207.9464016197,517572.4701493066,N,18.16189254131069,11.132823490170562,3.3365886006774286,18.16189254131069,11.132823490170562
3534,587208.2344583418,517572.4701493066,N,17.87193411139108,12.307425169245892,3.5081940039350576,17.87193411139108,12.307425169245892
3535,587208.522515064,517572.4701493066,N,17.714274789452457,13.788534862930723,3.7132916479763236,17.714274789452457,13.788534862930723
3536,587208.8105717861,517572.4701493066,N,17.639084316230676,15.199594988338347,3.8986657959279283,17.639084316230676,15.199594988338347
3537,587209.0986285083,517572.4701493066,N,17.61680452176472,16.360460058242726,4.044806553871609,17.61680452176472,16.360460058242726
3538,587209.3866852304,517572.4701493066,N,17.633152226670855,17.226881567348983,4.150527866109199,17.633152226670855,17.226881567348983
3539,587209.6747419527,517572.4701493066,N,17.682330900285876,17.817752265934633,4.221107942938042,17.682330900285876,17.817752265934633
3540,587209.9627986748,517572.4701493066,N,17.76273982979005,18.169661764141473,4.262588622438421,17.76273982979005,18.169661764141473
3541,587210.250855397,517572.4701493066,N,17.874328459908583,18.312005984778285,4.279252970411808,17.874328459908583,18.312005984778285
3542,587210.5389121191,517572.4701493066,N,18.016732494121936,18.255882668824942,4.272690331491968,18.016732494121936,18.255882668824942
3543,587210.8269688413,517572.4701493066,N,18.18783026205094,17.99347055564335,4.241871114925977,18.18783026205094,17.99347055564335
3544,587211.1150255634,517572.4701493066,N,18.38261420737841,17.506223365809774,4.1840439010375805,18.38261420737841,17.506223365809774
3545,587211.4030822855,517572.4701493066,N,18.59226507028902,16.781333271224682,4.09650256575346,18.59226507028902,16.781333271224682
3546,587211.6911390077,517572.4701493066,N,18.8031749486429,15.836934289614854,3.9795645854307797,18.8031749486429,15.836934289614854
3547,587211.9791957298,517572.4701493066,N,18.995724744896066,14.75479788993576,3.8411974552131216,18.995724744896066,14.75479788993576
3548,587212.2672524521,517572.4701493066,N,19.14366335589302,13.705435128296985,3.7020852405498426,19.14366335589302,13.705435128296985
3549,587212.5553091742,517572.4701493066,N,19.217754039364472,12.91398523107852,3.593603376985073,19.217754039364472,12.91398523107852
3550,587212.8433658964,517572.4701493066,N,19.19791393986999,12.511182392550538,3.537114981528101,19.19791393986999,12.511182392550538
3551,587213.1314226185,517572.4701493066,N,19.08607085525836,12.380201639274823,3.518551071005624,19.08607085525836,12.380201639274823
3552,587213.4194793407,517572.4701493066,N,18.903458647128982,12.222421830491417,3.4960580416365254,18.903458647128982,12.222421830491417
3553,587213.7075360628,517572.4701493066,N,18.678250695191007,11.769348872238437,3.430648462352043,18.678250695191007,11.769348872238437
3554,587213.995592785,517572.4701493066,N,18.44156622241652,10.939948801483741,3.3075593420955793,18.44156622241652,10.939948801483741
3555,587214.2836495071,517572.4701493066,N,18.236073332641627,9.96427473823427,3.1566239462809422,18.236073332641627,9.96427473823427
3556,587214.5717062292,517572.4701493066,N,18.126991597674408,9.494040199743985,3.0812400425387154,18.126991597674408,9.494040199743985
3557,587214.8597629514,517572.4701493066,N,18.171200348246806,10.224928036723291,3.1976441385375094,18.171200348246806,10.224928036723291
3558,587215.1478196735,517572.4701493066,N,18.345996757861915,11.999449988211248,3.4640222268644942,18.345996757861915,11.999449988211248
3559,587215.4358763958,517572.4701493066,N,18.580830778151277,14.127796753410223,3.7586961507163923,18.580830778151277,14.127796753410223
3560,587215.7239331179,517572.4701493066,N,18.82370040224022,16.165499715198735,4.0206342429023225,18.82370040224022,16.165499715198735
3561,587216.0119898401,517572.4701493066,N,19.046327651647236,17.964476520551923,4.238452137343528,19.046327651647236,17.964476520551923
3562,587216.3000465622,517572.4701493066,N,19.23331441046384,19.52491343740293,4.418700424039056,19.23331441046384,19.52491343740293
3563,587216.5881032844,517572.4701493066,N,19.376284431443214,20.90318251743943,4.571999837865201,19.376284431443214,20.90318251743943
3564,587216.8761600065,517572.4701493066,N,19.471752458962506,22.165698832014492,4.7080461798940005,19.471752458962506,22.165698832014492
3565,587217.1642167286,517572.4701493066,N,19.520252026289754,23.366196440870212,4.833859373303097,19.520252026289754,23.366196440870212
3566,587217.4522734508,517572.4701493066,N,19.525524832007694,24.53713869384995,4.953497622271555,19.525524832007694,24.53713869384995
3567,587217.7403301729,517572.4701493066,N,19.49346317479992,25.690558354652627,5.0685854392179905,19.49346317479992,25.690558354652627
3568,587218.0283868952,517572.4701493066,N,19.430967034524624,26.823935726674293,5.179182920758282,19.430967034524624,26.823935726674293
3569,587218.3164436173,517572.4701493066,N,19.34498000333019,27.927147483807136,5.284614222798778,19.34498000333019,27.927147483807136
3570,587218.6045003395,517572.4701493066,N,19.241850789659512,28.98802800692841,5.384053120737983,19.241850789659512,28.98802800692841
3571,587203.6255507873,517572.7582060287,N,17.60039941462533,24.04100107117149,4.903162354151807,17.60039941462533,24.04100107117149
3572,587203.9136075096,517572.7582060287,N,18.200111548900928,22.91724410379324,4.787195849742648,18.200111548900928,22.91724410379324
3573,587204.2016642317,517572.7582060287,N,18.868628149178278,21.681485884692727,4.656338248526703,18.868628149178278,21.681485884692727
3574,587204.4897209539,517572.7582060287,N,19.581885969715632,20.32812604477651,4.50867231508085,19.581885969715632,20.32812604477651
3575,587204.777777676,517572.7582060287,N,20.299952759689944,18.87928326320269,4.345029719484401,20.299952759689944,18.87928326320269
3576,587205.0658343981,517572.7582060287,N,20.962936195276118,17.404454623389828,4.171864645861588,20.962936195276118,17.404454623389828
3577,587205.3538911203,517572.7582060287,N,21.490333296179514,16.029230227282063,4.003652111170758,21.490333296179514,16.029230227282063
3578,587205.6419478424,517572.7582060287,N,21.793384283520624,14.901081992320297,3.8601919631438406,21.793384283520624,14.901081992320297
3579,587205.9300045646,517572.7582060287,N,21.80815853990194,14.090036714951816,3.753669766368882,21.80815853990194,14.090036714951816
3580,587206.2180612867,517572.7582060287,N,21.530394187124404,13.491831242338241,3.673122818847505,21.530394187124404,13.491831242338241
3581,587206.506118009,517572.7582060287,N,21.013952637799157,12.8566005100559,3.585610200517605,21.013952637799157,12.8566005100559
3582,587206.7941747311,517572.7582060287,N,20.336885991290682,11.925689504068734,3.453359162332921,20.336885991290682,11.925689504068734
3583,587207.0822314533,517572.7582060287,N,19.57628104142011,10.566733690272882,3.250651271710468,19.57628104142011,10.566733690272882
3584,587207.3702881754,517572.7582060287,N,18.8131714710647,8.9271093976025,2.98782686874633,18.8131714710647,8.9271093976025
3585,587207.6583448976,517572.7582060287,N,18.167337613444655,7.734500438563379,2.7810969847460156,18.167337613444655,7.734500438563379
3586,587207.9464016197,517572.7582060287,N,17.784999518275704,8.15021623486297,2.8548583563572767,17.784999518275704,8.15021623486297
3587,587208.2344583418,517572.7582060287,N,17.654363830764122,10.005875726321428,3.163206557643909,17.654363830764122,10.005875726321428
3588,587208.522515064,517572.7582060287,N,17.649835669871983,12.161453709874694,3.487327588551826,17.649835669871983,12.161453709874694
3589,587208.8105717861,517572.7582060287,N,17.699737131411045,14.033303258851275,3.746105078458328,17.699737131411045,14.033303258851275
3590,587209.0986285083,517572.7582060287,N,17.77797876650741,15.485197214229535,3.935123532270561,17.77797876650741,15.485197214229535
3591,587209.3866852304,517572.7582060287,N,17.87584674552068,16.545332112625783,4.0675953722839475,17.87584674552068,16.545332112625783
3592,587209.6747419527,517572.7582060287,N,17.99087439185386,17.28853302539027,4.157948174928383,17.99087439185386,17.28853302539027
3593,587209.9627986748,517572.7582060287,N,18.12276175448665,17.78749698712817,4.217522612521262,18.12276175448665,17.78749698712817
3594,587210.250855397,517572.7582060287,N,18.271508231416043,18.09107671540307,4.253360637825468,18.271508231416043,18.09107671540307
3595,587210.5389121191,517572.7582060287,N,18.436229559669954,18.21877623735933,4.268345843223031,18.436229559669954,18.21877623735933
3596,587210.8269688413,517572.7582060287,N,18.614225705928465,18.16717705362266,4.262297156888836,18.614225705928465,18.16717705362266
3597,587211.1150255634,517572.7582060287,N,18.80021402548914,17.9238078168145,4.233651829899868,18.80021402548914,17.9238078168145
3598,587211.4030822855,517572.7582060287,N,18.985712091076167,17.48434541961895,4.181428633806746,18.985712091076167,17.48434541961895
3599,587211.6911390077,517572.7582060287,N,19.15857002592514,16.87013203526718,4.10732662875345,19.15857002592514,16.87013203526718
3600,587211.9791957298,517572.7582060287,N,19.30284628786224,16.141386286565858,4.01763441424999,19.30284628786224,16.141386286565858
3601,587212.2672524521,517572.7582060287,N,19.399787071869735,15.3944488025929,3.923576022277751,19.399787071869735,15.3944488025929
3602,587212.5553091742,517572.7582060287,N,19.431221923723296,14.724762252282673,3.837285792364529,19.431221923723296,14.724762252282673
3603,587212.8433658964,517572.7582060287,N,19.38546532963514,14.15535675024861,3.7623605290094955,19.38546532963514,14.15535675024861
3604,587213.1314226185,517572.7582060287,N,19.26203564279048,13.582680594979298,3.6854688433060043,19.26203564279048,13.582680594979298
3605,587213.4194793407,517572.7582060287,N,19.0707471082129,12.80117315173367,3.5778727131821877,19.0707471082129,12.80117315173367
3606,587213.7075360628,517572.7582060287,N,18.826994915841397,11.589480921425023,3.4043326690300146,18.826994915841397,11.589480921425023
3607,587213.995592785,517572.7582060287,N,18.550045302688584,9.808936056885841,3.131922102620983,18.550045302688584,9.808936056885841
3608,587214.2836495071,517572.7582060287,N,18.273707687234598,7.578477689617361,2.752903501690054,18.273707687234598,7.578477689617361
3609,587214.5717062292,517572.7582060287,N,18.09629541245308,5.895215092368631,2.428006402868129,18.09629541245308,5.895215092368631
3610,587214.8597629514,517572.7582060287,N,18.19108020588899,6.821112553731943,2.6117259721747117,18.19108020588899,6.821112553731943
3611,587215.1478196735,517572.7582060287,N,18.480003593038433,9.529241871421608,3.0869470146767353,18.480003593038433,9.529241871421608
3612,587215.4358763958,517572.7582060287,N,18.80515463533188,12.282180324900906,3.5045941740665074,18.80515463533188,12.282180324900906
3613,587215.7239331179,517572.7582060287,N,19.110762347385112,14.61760991175282,3.8232983027423875,19.110762347385112,14.61760991175282
3614,587216.0119898401,517572.7582060287,N,19.376191278392326,16.5217920266355,4.0647007302672975,19.376191278392326,16.5217920266355
3615,587216.3000465622,517572.7582060287,N,19.59025609355604,18.095616378047115,4.253894260327485,19.59025609355604,18.095616378047115
3616,587216.5881032844,517572.7582060287,N,19.746342576393744,19.46276440014667,4.411662317103007,19.746342576393744,19.46276440014667
3617,587216.8761600065,517572.7582060287,N,19.842188054209913,20.73148543540347,4.553184098562617,19.842188054209913,20.73148543540347
3618,587217.1642167286,517572.7582060287,N,19.880134599917614,21.97523061699791,4.687774591103747,19.880134599917614,21.97523061699791
3619,587217.4522734508,517572.7582060287,N,19.866518155506775,23.22820443271907,4.819564755527108,19.866518155506775,23.22820443271907
3620,587217.7403301729,517572.7582060287,N,19.810173485740705,24.493010414182407,4.949041363151293,19.810173485740705,24.493010414182407
3621,587218.0283868952,517572.7582060287,N,19.720711812084765,25.75377639792063,5.07481786844815,19.720711812084765,25.75377639792063
3622,587218.3164436173,517572.7582060287,N,19.607189256768883,26.988183720540935,5.195015276256744,19.607189256768883,26.988183720540935
3623,587218.6045003395,517572.7582060287,N,19.47738224999501,28.175250797507516,5.308036435209117,19.47738224999501,28.175250797507516
3624,587218.8925570616,517572.7582060287,N,19.33756628783419,29.29892207850343,5.412847871361565,19.33756628783419,29.29892207850343
3625,587203.9136075096,517573.04626275087,N,18.320737549208793,24.199073664817316,4.9192553973967765,18.320737549208793,24.199073664817316
3626,587204.2016642317,517573.04626275087,N,18.889490296187326,23.07019657661033,4.803144446777583,18.889490296187326,23.07019657661033
3627,587204.4897209539,517573.04626275087,N,19.476637845177976,21.857776188837192,4.675230068011326,19.476637845177976,21.857776188837192
3628,587204.777777676,517573.04626275087,N,20.046164413928874,20.58533398379171,4.537106344774355,20.046164413928874,20.58533398379171
3629,587205.0658343981,517573.04626275087,N,20.54966052307062,19.30105540491088,4.393296644310611,20.54966052307062,19.30105540491088
3630,587205.3538911203,517573.04626275087,N,20.929546725466263,18.071330460438237,4.251038750757071,20.929546725466263,18.071330460438237
3631,587205.6419478424,517573.04626275087,N,21.129380687316498,16.951371324850363,4.117204309340304,21.129380687316498,16.951371324850363
3632,587205.9300045646,517573.04626275087,N,21.110777446129575,15.935777767481781,3.991964149072707,21.110777446129575,15.935777767481781
3633,587206.2180612867,517573.04626275087,N,20.86752687805694,14.921195243029093,3.8627962984124715,20.86752687805694,14.921195243029093
3634,587206.506118009,517573.04626275087,N,20.425041011307535,13.717947403183608,3.703774750600205,20.425041011307535,13.717947403183608
3635,587206.7941747311,517573.04626275087,N,19.826290055561497,12.103965326938098,3.479075355168108,19.826290055561497,12.103965326938098
3636,587207.0822314533,517573.04626275087,N,19.11757407456589,9.886384392241341,3.144262137965176,19.11757407456589,9.886384392241341
3637,587207.3702881754,517573.04626275087,N,18.347388024585154,6.992696169706965,2.6443706566415695,18.347388024585154,6.992696169706965
3638,587207.6583448976,517573.04626275087,N,17.622721523954787,4.024429667702983,2.0060981201583794,17.622721523954787,4.024429667702983
3639,587207.9464016197,517573.04626275087,N,17.359788679562694,4.6503720797911,2.1564721374947324,17.359788679562694,4.6503720797911
3640,587208.2344583418,517573.04626275087,N,17.469385305826798,7.915293510400188,2.813413142501504,17.469385305826798,7.915293510400188
3641,587208.522515064,517573.04626275087,N,17.63039512537198,10.814456282234195,3.2885340628058266,17.63039512537198,10.814456282234195
3642,587208.8105717861,517573.04626275087,N,17.79727051995147,13.01971144313137,3.6082837254200744,17.79727051995147,13.01971144313137
3643,587209.0986285083,517573.04626275087,N,17.96523598545089,14.613300929637322,3.822734744870133,17.96523598545089,14.613300929637322
3644,587209.3866852304,517573.04626275087,N,18.135071117974288,15.740066455899818,3.967375260282271,18.135071117974288,15.740066455899818
3645,587209.6747419527,517573.04626275087,N,18.30821437846362,16.543623510602103,4.067385340805823,18.30821437846362,16.543623510602103
3646,587209.9627986748,517573.04626275087,N,18.48568851176262,17.13637130986762,4.13961004321272,18.48568851176262,17.13637130986762
3647,587210.250855397,517573.04626275087,N,18.667647000166056,17.583106975140435,4.19322155092483,18.667647000166056,17.583106975140435
3648,587210.5389121191,517573.04626275087,N,18.852929994133625,17.901784689376147,4.231050069353487,18.852929994133625,17.901784689376147
3649,587210.8269688413,517573.04626275087,N,19.03856498925738,18.079649168303504,4.252017070556456,19.03856498925738,18.079649168303504
3650,587211.1150255634,517573.04626275087,N,19.219322959465746,18.09529435691058,4.253856410001468,19.219322959465746,18.09529435691058
3651,587211.4030822855,517573.04626275087,N,19.38745050883001,17.937548334992645,4.235274292769318,19.38745050883001,17.937548334992645
3652,587211.6911390077,517573.04626275087,N,19.532678136401852,17.616919483063448,4.197251420044247,19.532678136401852,17.616919483063448
3653,587211.9791957298,517573.04626275087,N,19.642683721704383,17.167489235230402,4.143366896043651,19.642683721704383,17.167489235230402
3654,587212.2672524521,517573.04626275087,N,19.70435150360977,16.635608395118773,4.078677284993111,19.70435150360977,16.635608395118773
3655,587212.5553091742,517573.04626275087,N,19.70609902923404,16.052365221074524,4.00654030568451,19.70609902923404,16.052365221074524
3656,587212.8433658964,517573.04626275087,N,19.640780745248197,15.396966662819734,3.9238968720928096,19.640780745248197,15.396966662819734
3657,587213.1314226185,517573.04626275087,N,19.507547974986583,14.57301035319677,3.8174612444917853,19.507547974986583,14.57301035319677
3658,587213.4194793407,517573.04626275087,N,19.31119900764859,13.416412962862147,3.6628421973738026,19.31119900764859,13.416412962862147
3659,587213.7075360628,517573.04626275087,N,19.059493107603537,11.727424492508542,3.424532740755816,19.059493107603537,11.727424492508542
3660,587213.995592785,517573.04626275087,N,18.76035332625858,9.302899820253359,3.050065543599573,18.76035332625858,9.302899820253359
3661,587214.2836495071,517573.04626275087,N,18.42083024299248,5.961422967329626,2.441602540818146,18.42083024299248,5.961422967329626
3662,587214.5717062292,517573.04626275087,N,18.064074206198494,1.7601059598613582,1.3266898506664466,18.064074206198494,1.7601059598613582
3663,587214.8597629514,517573.04626275087,N,18.29280739225227,3.913159961613594,1.9781708625934196,18.29280739225227,3.913159961613594
3664,587215.1478196735,517573.04626275087,N,18.728248651862728,7.932235149673997,2.8164224025657085,18.728248651862728,7.932235149673997
3665,587215.4358763958,517573.04626275087,N,19.127095138699197,11.06016378181026,3.325682453543973,19.127095138699197,11.06016378181026
3666,587215.7239331179,517573.04626275087,N,19.47988398182032,13.431937664435083,3.664960799849718,19.47988398182032,13.431937664435083
3667,587216.0119898401,517573.04626275087,N,19.778064057145855,15.235902028218584,3.9033193602648737,19.778064057145855,15.235902028218584
3668,587216.3000465622,517573.04626275087,N,20.012399810333946,16.671464711329996,4.083070500411424,20.012399810333946,16.671464711329996
3669,587216.5881032844,517573.04626275087,N,20.175349909833265,17.92678507746211,4.234003433803769,20.175349909833265,17.92678507746211
3670,587216.8761600065,517573.04626275087,N,20.264158077708263,19.150029894422392,4.376074713075909,20.264158077708263,19.150029894422392
3671,587217.1642167286,517573.04626275087,N,20.28269192808783,20.42700418932671,4.519624341615873,20.28269192808783,20.42700418932671
3672,587217.4522734508,517573.04626275087,N,20.240699238838378,21.780054419802447,4.66691058622323,20.240699238838378,21.780054419802447
3673,587217.7403301729,517573.04626275087,N,20.15107393366337,23.18743580788436,4.815333405682763,20.15107393366337,23.18743580788436
3674,587218.0283868952,517573.04626275087,N,20.02693304660333,24.608599426309148,4.960705537149846,20.02693304660333,24.608599426309148
3675,587218.3164436173,517573.04626275087,N,19.879751061383683,26.002832006671095,5.0992972071326745,19.879751061383683,26.002832006671095
3676,587218.6045003395,517573.04626275087,N,19.718674732634554,27.338188413779893,5.228593349437293,19.718674732634554,27.338188413779893
3677,587218.8925570616,517573.04626275087,N,19.55058207878965,28.59351740598954,5.347290660324118,19.55058207878965,28.59351740598954
3678,587219.1806137838,517573.04626275087,N,19.38045161044244,29.757157957575103,5.455012186748541,19.38045161044244,29.757157957575103
3679,587219.4686705059,517573.04626275087,N,19.211787815585403,30.824630460486787,5.551993377201272,19.211787815585403,30.824630460486787
3680,587204.2016642317,517573.334319473,N,18.849454626872266,24.380503563626398,4.937661750629178,18.849454626872266,24.380503563626398
3681,587204.4897209539,517573.334319473,N,19.330048882969876,23.289418973856446,4.825911206586425,19.330048882969876,23.289418973856446
3682,587204.777777676,517573.334319473,N,19.78142427143593,22.150752645840765,4.7064586098085215,19.78142427143593,22.150752645840765
3683,587205.0658343981,517573.334319473,N,20.166109263843644,20.991206668223118,4.581616163344886,20.166109263843644,20.991206668223118
3684,587205.3538911203,517573.334319473,N,20.443124798275523,19.83825501434738,4.454015605534783,20.443124798275523,19.83825501434738
3685,587205.6419478424,517573.334319473,N,20.5749956129622,18.70047192079946,4.324404227266394,20.5749956129622,18.70047192079946
3686,587205.9300045646,517573.334319473,N,20.53668674953873,17.542449912216295,4.188370794499491,20.53668674953873,17.542449912216295
3687,587206.2180612867,517573.334319473,N,20.32210141280211,16.268655258311945,4.033442110445115,20.32210141280211,16.268655258311945
3688,587206.506118009,517573.334319473,N,19.943902354657407,14.728665619511746,3.837794369102095,19.943902354657407,14.728665619511746
3689,587206.7941747311,517573.334319473,N,19.427012475456742,12.7405504317644,3.569390764789476,19.427012475456742,12.7405504317644
3690,587207.0822314533,517573.334319473,N,18.800482650840255,10.117948220806328,3.1808722421383617,18.800482650840255,10.117948220806328
3691,587207.3702881754,517573.334319473,N,18.092903443626657,6.698844904082012,2.588212685248647,18.092903443626657,6.698844904082012
3692,587207.6583448976,517573.334319473,N,17.351190503161906,2.5541712216907513,1.5981774687720858,17.351190503161906,2.5541712216907513
3693,587207.9464016197,517573.334319473,N,17.206054918607084,3.4032348711203957,1.8447858605053313,17.206054918607084,3.4032348711203957
3694,587208.2344583418,517573.334319473,N,17.46950087939622,7.27538807040587,2.697292729832242,17.46950087939622,7.27538807040587
3695,587208.522515064,517573.334319473,N,17.724974237351,10.239178814502177,3.1998716871934376,17.724974237351,10.239178814502177
3696,587208.8105717861,517573.334319473,N,17.966994285712655,12.35605052880459,3.515117427455958,17.966994285712655,12.35605052880459
3697,587209.0986285083,517573.334319473,N,18.199311607398172,13.811668004098205,3.716405252942446,18.199311607398172,13.811668004098205
3698,587209.3866852304,517573.334319473,N,18.424927805515097,14.811712953257478,3.8485988298674982,18.424927805515097,14.811712953257478
3699,587209.6747419527,517573.334319473,N,18.64550467898294,15.550569728036873,3.943421069076554,18.64550467898294,15.550569728036873
3700,587209.9627986748,517573.334319473,N,18.86155984161243,16.173855901480326,4.021673271348671,18.86155984161243,16.173855901480326
3701,587210.250855397,517573.334319473,N,19.072609564126115,16.750297641897035,4.092712748519866,19.072609564126115,16.750297641897035
3702,587210.5389121191,517573.334319473,N,19.276994174501205,17.275741578162933,4.156409698064296,19.276994174501205,17.275741578162933
3703,587210.8269688413,517573.334319473,N,19.471478822225894,17.706194452759895,4.207872913095153,19.471478822225894,17.706194452759895
3704,587211.1150255634,517573.334319473,N,19.650937952810636,17.994656256484184,4.242010874159115,19.650937952810636,17.994656256484184
3705,587211.4030822855,517573.334319473,N,19.808347127207973,18.113273558156127,4.255969167904783,19.808347127207973,18.113273558156127
3706,587211.6911390077,517573.334319473,N,19.93514367517763,18.058928482581386,4.249579800707522,19.93514367517763,18.058928482581386
3707,587211.9791957298,517573.334319473,N,20.021975072518714,17.84703888418923,4.2245755862795535,20.021975072518714,17.84703888418923
3708,587212.2672524521,517573.334319473,N,20.05987239369147,17.49702503912523,4.182944541722401,20.05987239369147,17.49702503912523
3709,587212.5553091742,517573.334319473,N,20.041784394641848,17.012021973281865,4.124563246367046,20.041784394641848,17.012021973281865
3710,587212.8433658964,517573.334319473,N,19.964091447019157,16.35860199674124,4.044576862508764,19.964091447019157,16.35860199674124
3711,587213.1314226185,517573.334319473,N,19.82743054388762,15.456017591406269,3.9314141973857537,19.82743054388762,15.456017591406269
3712,587213.4194793407,517573.334319473,N,19.636400809474807,14.181983084773268,3.7658973810731045,19.636400809474807,14.181983084773268
3713,587213.7075360628,517573.334319473,N,19.398586906856536,12.39433469253122,3.5205588608246874,19.398586906856536,12.39433469253122
3714,587213.995592785,517573.334319473,N,19.124600726963326,9.970148235337328,3.1575541539833214,19.124600726963326,9.970148235337328
3715,587214.2836495071,517573.334319473,N,18.83534189856104,6.922249073690639,2.6310167376302718,18.83534189856104,6.922249073690639
3716,587214.5717062292,517573.334319473,N,18.623556037224407,4.163552242445849,2.04047843469267,18.623556037224407,4.163552242445849
3717,587214.8597629514,517573.334319473,N,18.786792509872363,5.16685153088332,2.273070947173299,18.786792509872363,5.16685153088332
3718,587215.1478196735,517573.334319473,N,19.174654280357455,8.157376721175744,2.856112168871479,19.174654280357455,8.157376721175744
3719,587215.4358763958,517573.334319473,N,19.574251440456216,10.748975832696818,3.278563074381339,19.574251440456216,10.748975832696818
3720,587215.7239331179,517573.334319473,N,19.94184278141376,12.689398770116114,3.562218237294862,19.94184278141376,12.689398770116114
3721,587216.0119898401,517573.334319473,N,20.257734864320486,14.101523332768963,3.7551995063869725,20.257734864320486,14.101523332768963
3722,587216.3000465622,517573.334319473,N,20.50458293829459,15.20142362555561,3.8989003097739765,20.50458293829459,15.20142362555561
3723,587216.5881032844,517573.334319473,N,20.667729655065976,16.22326835591189,4.027811857064812,20.667729655065976,16.22326835591189
3724,587216.8761600065,517573.334319473,N,20.740500907539687,17.352338296139635,4.165613795845654,20.740500907539687,17.352338296139635
3725,587217.1642167286,517573.334319473,N,20.728029753774628,18.673531607000655,4.3212881883763155,20.728029753774628,18.673531607000655
3726,587217.4522734508,517573.334319473,N,20.645346796079473,20.17147197737314,4.491266188656952,20.645346796079473,20.17147197737314
3727,587217.7403301729,517573.334319473,N,20.51141969662316,21.77483384566792,4.666351234708755,20.51141969662316,21.77483384566792
3728,587218.0283868952,517573.334319473,N,20.34390541852234,23.40320313821317,4.8376857213148075,20.34390541852234,23.40320313821317
3729,587218.3164436173,517573.334319473,N,20.15679247102575,24.99216350077541,4.999216288657194,20.15679247102575,24.99216350077541
3730,587218.6045003395,517573.334319473,N,19.960213561161893,26.499166263545234,5.1477340902134054,19.960213561161893,26.499166263545234
3731,587218.8925570616,517573.334319473,N,19.76114565612688,27.90041679865901,5.282084512638832,19.76114565612688,27.90041679865901
3732,587219.1806137838,517573.334319473,N,19.56424215107808,29.18559543548097,5.402369427897445,19.56424215107808,29.18559543548097
3733,587204.4897209539,517573.6223761952,N,19.168382843498637,24.607923141917286,4.960637372547734,19.168382843498637,24.607923141917286
3734,587204.777777676,517573.6223761952,N,19.528416035661426,23.57132515440897,4.855030911787171,19.528416035661426,23.57132515440897
3735,587205.0658343981,517573.6223761952,N,19.826273921024757,22.49940867807243,4.743354159038985,19.826273921024757,22.49940867807243
3736,587205.3538911203,517573.6223761952,N,20.03270476954102,21.397491087222498,4.625742220143974,20.03270476954102,21.397491087222498
3737,587205.6419478424,517573.6223761952,N,20.122219735454795,20.25344827821807,4.500383125714751,20.122219735454795,20.25344827821807
3738,587205.9300045646,517573.6223761952,N,20.078161526875167,19.0254831536041,4.361821082254991,20.078161526875167,19.0254831536041
3739,587206.2180612867,517573.6223761952,N,19.896254278398782,17.636634203377913,4.199599290810721,19.896254278398782,17.636634203377913
3740,587206.506118009,517573.6223761952,N,19.585109866985377,15.982333095991791,3.9977910270537893,19.585109866985377,15.982333095991791
3741,587206.7941747311,517573.6223761952,N,19.164325012532696,13.9543429943471,3.7355512303202456,19.164325012532696,13.9543429943471
3742,587207.0822314533,517573.6223761952,N,18.663797422271706,11.491865402287608,3.3899653983909053,18.663797422271706,11.491865402287608
3743,587207.3702881754,517573.6223761952,N,18.133689234639274,8.725443604599993,2.953886186805442,18.133689234639274,8.725443604599993
3744,587207.6583448976,517573.6223761952,N,17.693470664914734,6.475653657989442,2.5447305668752915,17.693470664914734,6.475653657989442
3745,587207.9464016197,517573.6223761952,N,17.562648286846994,6.560223178498552,2.5612932628847,17.562648286846994,6.560223178498552
3746,587208.2344583418,517573.6223761952,N,17.712812286477583,8.520588616188139,2.9190047304155127,17.712812286477583,8.520588616188139
3747,587208.522515064,517573.6223761952,N,17.956103390806124,10.54863102223218,3.247865610248087,17.956103390806124,10.54863102223218
3748,587208.8105717861,517573.6223761952,N,18.220965136803958,12.06240696600415,3.4730976038695127,18.220965136803958,12.06240696600415
3749,587209.0986285083,517573.6223761952,N,18.48834600036311,13.05353946282842,3.612968234406223,18.48834600036311,13.05353946282842
3750,587209.3866852304,517573.6223761952,N,18.752117654982992,13.69891813770842,3.701204957538615,18.752117654982992,13.69891813770842
3751,587209.6747419527,517573.6223761952,N,19.00911176810205,14.22882892352873,3.7721119977445965,19.00911176810205,14.22882892352873
3752,587209.9627986748,517573.6223761952,N,19.256862108561243,14.8247284538808,3.8502893987180755,19.256862108561243,14.8247284538808
3753,587210.250855397,517573.6223761952,N,19.493179454758234,15.542137390197677,3.942351758810682,19.493179454758234,15.542137390197677
3754,587210.5389121191,517573.6223761952,N,19.715593066153545,16.31714282195256,4.039448331387909,19.715593066153545,16.31714282195256
3755,587210.8269688413,517573.6223761952,N,19.920497927514486,17.040307834739743,4.127990774546346,19.920497927514486,17.040307834739743
3756,587211.1150255634,517573.6223761952,N,20.102673083418875,17.621963438710726,4.197852241171755,20.102673083418875,17.621963438710726
3757,587211.4030822855,517573.6223761952,N,20.255467570056773,18.015034048842526,4.244412096962608,20.255467570056773,18.015034048842526
3758,587211.6911390077,517573.6223761952,N,20.37149164764079,18.20888925925794,4.267187511612062,20.37149164764079,18.20888925925794
3759,587211.9791957298,517573.6223761952,N,20.443587122115606,18.21277839545587,4.267643189801119,20.443587122115606,18.21277839545587
3760,587212.2672524521,517573.6223761952,N,20.465920018098974,18.037756938678456,4.247088054029308,20.465920018098974,18.037756938678456
3761,587212.5553091742,517573.6223761952,N,20.435051000223677,17.680522563549612,4.204821347399864,20.435051000223677,17.680522563549612
3762,587212.8433658964,517573.6223761952,N,20.350793712057133,17.112214379242005,4.1366912356667385,20.350793712057133,17.112214379242005
3763,587213.1314226185,517573.6223761952,N,20.21669463514792,16.276296535968257,4.034389239521672,20.21669463514792,16.276296535968257
3764,587213.4194793407,517573.6223761952,N,20.040241949491058,15.099662380088555,3.885828403325159,20.040241949491058,15.099662380088555
3765,587213.7075360628,517573.6223761952,N,19.833577092362475,13.522328477061945,3.677271879676827,19.833577092362475,13.522328477061945
3766,587213.995592785,517573.6223761952,N,19.616879350275724,11.563363984328642,3.4004946675930317,19.616879350275724,11.563363984328642
3767,587214.2836495071,517573.6223761952,N,19.429729610238283,9.480552324649699,3.0790505557151375,19.429729610238283,9.480552324649699
3768,587214.5717062292,517573.6223761952,N,19.353383960349884,8.060928291832836,2.839177397034718,19.353383960349884,8.060928291832836
3769,587214.8597629514,517573.6223761952,N,19.477696224915796,8.257462671858539,2.8735801140491173,19.477696224915796,8.257462671858539
3770,587215.1478196735,517573.6223761952,N,19.76764990442761,9.637498704799091,3.104432106649957,19.76764990442761,9.637498704799091
3771,587215.4358763958,517573.6223761952,N,20.12349666646538,11.135154606004656,3.3369379086229123,20.12349666646538,11.135154606004656
3772,587215.7239331179,517573.6223761952,N,20.48274908867771,12.272089976548074,3.5031542895721954,20.48274908867771,12.272089976548074
3773,587216.0119898401,517573.6223761952,N,20.807304386749816,13.019239559216121,3.608218335857203,20.807304386749816,13.019239559216121
3774,587216.3000465622,517573.6223761952,N,21.06431268912237,13.574380791185018,3.6843426538780317,21.06431268912237,13.574380791185018
3775,587216.5881032844,517573.6223761952,N,21.224208356690895,14.233455493149927,3.772725207744387,21.224208356690895,14.233455493149927
3776,587216.8761600065,517573.6223761952,N,21.271114618248042,15.241783319069917,3.9040726580162306,21.271114618248042,15.241783319069917
3777,587217.1642167286,517573.6223761952,N,21.212361358095027,16.664855653742784,4.08226109573393,21.212361358095027,16.664855653742784
3778,587217.4522734508,517573.6223761952,N,21.07308617740697,18.398436468750337,4.289339863982608,21.07308617740697,18.398436468750337
3779,587217.7403301729,517573.6223761952,N,20.881988870417935,20.280463684275038,4.50338358173885,20.881988870417935,20.280463684275038
3780,587218.0283868952,517573.6223761952,N,20.66223000567516,22.175127622297857,4.709047421963157,20.66223000567516,22.175127622297857
3781,587218.3164436173,517573.6223761952,N,20.429717458707707,23.995067145278657,4.898476002317318,20.429717458707707,23.995067145278657
3782,587218.6045003395,517573.6223761952,N,20.194588924359987,25.693168374363577,5.0688429029082736,20.194588924359987,25.693168374363577
3783,587218.8925570616,517573.6223761952,N,19.963070768391567,27.248958271769013,5.220053474033481,19.963070768391567,27.248958271769013
3784,587219.1806137838,517573.6223761952,N,19.73888465685012,28.65786439763448,5.353304063625985,19.73888465685012,28.65786439763448
3785,587204.777777676,517573.91043291736,N,19.29884807976753,24.86001625433084,4.985981974930399,19.29884807976753,24.86001625433084
3786,587205.0658343981,517573.91043291736,N,19.53454728840416,23.858320614187946,4.884497989987093,19.53454728840416,23.858320614187946
3787,587205.3538911203,517573.91043291736,N,19.69417144011484,22.80422479762147,4.775376927282439,19.69417144011484,22.80422479762147
3788,587205.6419478424,517573.91043291736,N,19.76038785171341,21.67953791004417,4.656129069306839,19.76038785171341,21.67953791004417
3789,587205.9300045646,517573.91043291736,N,19.722543823886546,20.44840740907811,4.521991531292171,19.722543823886546,20.44840740907811
3790,587206.2180612867,517573.91043291736,N,19.57904635461567,19.058441298979872,4.365597473311055,19.57904635461567,19.058441298979872
3791,587206.506118009,517573.91043291736,N,19.338502013098445,17.45248254046157,4.177616849408472,19.338502013098445,17.45248254046157
3792,587206.7941747311,517573.91043291736,N,19.02036037435144,15.596999068178047,3.9493036181304224,19.02036037435144,15.596999068178047
3793,587207.0822314533,517573.91043291736,N,18.657461589438444,13.539619416479468,3.679622183931316,18.657461589438444,13.539619416479468
3794,587207.3702881754,517573.91043291736,N,18.304080299751693,11.517905028573269,3.393803917225223,18.304080299751693,11.517905028573269
3795,587207.6583448976,517573.91043291736,N,18.045578601725307,10.074537563404618,3.174041203797553,18.045578601725307,10.074537563404618
3796,587207.9464016197,517573.91043291736,N,17.96735911892276,9.778258450452004,3.1270206987565663,17.96735911892276,9.778258450452004
3797,587208.2344583418,517573.91043291736,N,18.068843957956172,10.443270883225342,3.2316050011140502,18.068843957956172,10.443270883225342
3798,587208.522515064,517573.91043291736,N,18.279524717403607,11.335956342231142,3.3668911984546135,18.279524717403607,11.335956342231142
3799,587208.8105717861,517573.91043291736,N,18.541599227757846,11.967455924395512,3.4594010933101575,18.541599227757846,11.967455924395512
3800,587209.0986285083,517573.91043291736,N,18.825043739854383,12.23108278204357,3.49729649615865,18.825043739854383,12.23108278204357
3801,587209.3866852304,517573.91043291736,N,19.11434978885861,12.288076151331984,3.50543522994392,19.11434978885861,12.288076151331984
3802,587209.6747419527,517573.91043291736,N,19.39961821701369,12.450104512970121,3.528470562860079,19.39961821701369,12.450104512970121
3803,587209.9627986748,517573.91043291736,N,19.67377205105185,12.984978327531623,3.603467542178176,19.67377205105185,12.984978327531623
3804,587210.250855397,517573.91043291736,N,19.93238264757779,13.91220122257823,3.729906328928145,19.93238264757779,13.91220122257823
3805,587210.5389121191,517573.91043291736,N,20.17237833148752,15.029777994602881,3.876825762734622,20.17237833148752,15.029777994602881
3806,587210.8269688413,517573.91043291736,N,20.389812972821478,16.109069409931724,4.013610520458073,20.389812972821478,16.109069409931724
3807,587211.1150255634,517573.91043291736,N,20.578945856382266,17.007417036608512,4.124004975337507,20.578945856382266,17.007417036608512
3808,587211.4030822855,517573.91043291736,N,20.732801208820398,17.669497146784046,4.203510098332588,20.732801208820398,17.669497146784046
3809,587211.6911390077,517573.91043291736,N,20.844361396658723,18.092912182531435,4.253576399047211,20.844361396658723,18.092912182531435
3810,587211.9791957298,517573.91043291736,N,20.907855154026315,18.296200783025892,4.277405847359576,20.907855154026315,18.296200783025892
3811,587212.2672524521,517573.91043291736,N,20.919871376603044,18.29647239190176,4.277437596494162,20.919871376603044,18.29647239190176
3812,587212.5553091742,517573.91043291736,N,20.88014894714994,18.096100714662047,4.253951188561294,20.88014894714994,18.096100714662047
3813,587212.8433658964,517573.91043291736,N,20.792011624980944,17.677977645570092,4.204518717471727,20.792011624980944,17.677977645570092
3814,587213.1314226185,517573.91043291736,N,20.662577652048828,17.01002608818798,4.124321288186455,20.662577652048828,17.01002608818798
3815,587213.4194793407,517573.91043291736,N,20.50309553144958,16.06086343008287,4.007600707416205,20.50309553144958,16.06086343008287
3816,587213.7075360628,517573.91043291736,N,20.330067868899093,14.830593143992827,3.851050914230144,20.330067868899093,14.830593143992827
3817,587213.995592785,517573.91043291736,N,20.168105721550983,13.403681027194102,3.6611037990193753,20.168105721550983,13.403681027194102
3818,587214.2836495071,517573.91043291736,N,20.054488272337945,12.021106695992032,3.46714676585691,20.054488272337945,12.021106695992032
3819,587214.5717062292,517573.91043291736,N,20.038337551484013,11.088038199693514,3.3298705980403374,20.038337551484013,11.088038199693514
3820,587214.8597629514,517573.91043291736,N,20.156101954872167,10.903867613682626,3.3021004850977245,20.156101954872167,10.903867613682626
3821,587215.1478196735,517573.91043291736,N,20.397222695467534,11.28676237183563,3.3595777073667503,20.397222695467534,11.28676237183563
3822,587215.4358763958,517573.91043291736,N,20.716306923777005,11.756476295454249,3.4287718348490688,20.716306923777005,11.756476295454249
3823,587215.7239331179,517573.91043291736,N,21.06611419054975,11.967290588564811,3.45937719663017,21.06611419054975,11.967290588564811
3824,587216.0119898401,517573.91043291736,N,21.403604793495752,11.85736896477131,3.443453058308086,21.403604793495752,11.85736896477131
3825,587216.3000465622,517573.91043291736,N,21.680562163185186,11.65111078043771,3.4133723471718858,21.680562163185186,11.65111078043771
3826,587216.5881032844,517573.91043291736,N,21.842054449103983,11.79953043353117,3.435044458741571,21.842054449103983,11.79953043353117
3827,587216.8761600065,517573.91043291736,N,21.852135893818463,12.707035042152867,3.5646928398044153,21.852135893818463,12.707035042152867
3828,587217.1642167286,517573.91043291736,N,21.725150480295888,14.38029762017822,3.792136287131334,21.725150480295888,14.38029762017822
3829,587217.4522734508,517573.91043291736,N,21.50881074693346,16.508014437942062,4.063005591670046,21.50881074693346,16.508014437942062
3830,587217.7403301729,517573.91043291736,N,21.24708026557654,18.777585768611814,4.333311178372933,21.24708026557654,18.777585768611814
3831,587218.0283868952,517573.91043291736,N,20.96794361813253,20.997247894058408,4.582275405740952,20.96794361813253,20.997247894058408
3832,587218.3164436173,517573.91043291736,N,20.68701071765488,23.073425575032516,4.803480568820126,20.68701071765488,23.073425575032516
3833,587218.6045003395,517573.91043291736,N,20.412628334003536,24.969131344070888,4.996912180944437,20.412628334003536,24.969131344070888
3834,587218.8925570616,517573.91043291736,N,20.149149926125627,26.676563809394974,5.164935992768446,20.149149926125627,26.676563809394974
3835,587205.0658343981,517574.1984896395,N,19.289954779265656,25.096215443148996,5.009612304674784,19.289954779265656,25.096215443148996
3836,587205.3538911203,517574.1984896395,N,19.420220285126536,24.095663844158764,4.9087334256566395,19.420220285126536,24.095663844158764
3837,587205.6419478424,517574.1984896395,N,19.476921275101624,23.01553927896158,4.797451331588636,19.476921275101624,23.01553927896158
3838,587205.9300045646,517574.1984896395,N,19.453886419583398,21.830394818629784,4.672300805666282,19.453886419583398,21.830394818629784
3839,587206.2180612867,517574.1984896395,N,19.352083157709814,20.510652418124522,4.528868779079884,19.352083157709814,20.510652418124522
3840,587206.506118009,517574.1984896395,N,19.18092063383318,19.03512528598289,4.362926229720472,19.18092063383318,19.03512528598289
3841,587206.7941747311,517574.1984896395,N,18.95944996292903,17.414830263259688,4.173107986053044,18.95944996292903,17.414830263259688
3842,587207.0822314533,517574.1984896395,N,18.71814429482808,15.729627613141353,3.9660594565817284,18.71814429482808,15.729627613141353
3843,587207.3702881754,517574.1984896395,N,18.500694334910254,14.165795189577452,3.7637474928025463,18.500694334910254,14.165795189577452
3844,587207.6583448976,517574.1984896395,N,18.360030365725517,12.995108836307663,3.604872929287198,18.360030365725517,12.995108836307663
3845,587207.9464016197,517574.1984896395,N,18.33818241335676,12.399950182571782,3.52135629872522,18.33818241335676,12.399950182571782
3846,587208.2344583418,517574.1984896395,N,18.44027121137189,12.2541581716573,3.5005939741217205,18.44027121137189,12.2541581716573
3847,587208.522515064,517574.1984896395,N,18.638251708283853,12.194331736573501,3.492038335495975,18.638251708283853,12.194331736573501
3848,587208.8105717861,517574.1984896395,N,18.897585881941275,11.898898589761949,3.449478016999376,18.897585881941275,11.898898589761949
3849,587209.0986285083,517574.1984896395,N,19.191828580783433,11.26220525182852,3.355920924549403,19.191828580783433,11.26220525182852
3850,587209.3866852304,517574.1984896395,N,19.50206034761185,10.474205755414275,3.2363877634508316,19.50206034761185,10.474205755414275
3851,587209.6747419527,517574.1984896395,N,19.81250396676677,10.053314547151823,3.170696224357014,19.81250396676677,10.053314547151823
3852,587209.9627986748,517574.1984896395,N,20.11021379415771,10.540045265100947,3.2465435874327864,20.11021379415771,10.540045265100947
3853,587210.250855397,517574.1984896395,N,20.38906396493132,11.864451162047184,3.444481261677465,20.38906396493132,11.864451162047184
3854,587210.5389121191,517574.1984896395,N,20.647070197207036,13.488500492489948,3.672669396023817,20.647070197207036,13.488500492489948
3855,587210.8269688413,517574.1984896395,N,20.880184915055835,14.99617460481141,3.8724894583215344,20.880184915055835,14.99617460481141
3856,587211.1150255634,517574.1984896395,N,21.081291097132908,16.215906460424574,4.026897870622568,21.081291097132908,16.215906460424574
3857,587211.4030822855,517574.1984896395,N,21.241951927068122,17.11974958431582,4.137601912257367,21.241951927068122,17.11974958431582
3858,587211.6911390077,517574.1984896395,N,21.35443871853912,17.739117327930987,4.211783153004317,21.35443871853912,17.739117327930987
3859,587211.9791957298,517574.1984896395,N,21.413502314767527,18.118074841347944,4.256533195142256,21.413502314767527,18.118074841347944
3860,587212.2672524521,517574.1984896395,N,21.41762344762084,18.289495862482358,4.276622015385783,21.41762344762084,18.289495862482358
3861,587212.5553091742,517574.1984896395,N,21.369556302396724,18.265738447376243,4.27384352162971,21.369556302396724,18.265738447376243
3862,587212.8433658964,517574.1984896395,N,21.27625152851842,18.04006431817427,4.247359687873664,21.27625152851842,18.04006431817427
3863,587213.1314226185,517574.1984896395,N,21.148528165389173,17.596513088719426,4.194819792162641,21.148528165389173,17.596513088719426
3864,587213.4194793407,517574.1984896395,N,21.000973948593703,16.926940345277032,4.114236301584661,21.000973948593703,16.926940345277032
3865,587213.7075360628,517574.1984896395,N,20.852450138981904,16.054688787710994,4.006830266895641,20.852450138981904,16.054688787710994
3866,587213.995592785,517574.1984896395,N,20.727136064679783,15.061788476863788,3.880952006513838,20.727136064679783,15.061788476863788
3867,587214.2836495071,517574.1984896395,N,20.65472162423569,14.103010297836283,3.755397488660326,20.65472162423569,14.103010297836283
3868,587214.5717062292,517574.1984896395,N,20.665957445147562,13.36342779168143,3.6556022474664047,20.665957445147562,13.36342779168143
3869,587214.8597629514,517574.1984896395,N,20.780744378109105,12.929834860215118,3.595807956525921,20.780744378109105,12.929834860215118
3870,587215.1478196735,517574.1984896395,N,20.99709324044292,12.679200958195212,3.5607865645381236,20.99709324044292,12.679200958195212
3871,587215.4358763958,517574.1984896395,N,21.294067205583012,12.340923425660648,3.512965047600196,21.294067205583012,12.340923425660648
3872,587215.7239331179,517574.1984896395,N,21.642389343710704,11.669617007124414,3.416082113639017,21.642389343710704,11.669617007124414
3873,587216.0119898401,517574.1984896395,N,22.006376835702774,10.590030350968906,3.254232682364447,22.006376835702774,10.590030350968906
3874,587216.3000465622,517574.1984896395,N,22.330144881418327,9.35303203075303,3.058272720140084,22.330144881418327,9.35303203075303
3875,587216.5881032844,517574.1984896395,N,22.516047257949516,8.742663795912906,2.9567995867006114,22.516047257949516,8.742663795912906
3876,587216.8761600065,517574.1984896395,N,22.473036175184276,9.664588825347687,3.1087921811127366,22.473036175184276,9.664588825347687
3877,587217.1642167286,517574.1984896395,N,22.241655123700586,11.91192928739264,3.4513662928458695,22.241655123700586,11.91192928739264
3878,587217.4522734508,517574.1984896395,N,21.924353274574436,14.66084749804729,3.8289486152268077,21.924353274574436,14.66084749804729
3879,587217.7403301729,517574.1984896395,N,21.582488012302232,17.41623651430591,4.173276472306371,21.582488012302232,17.41623651430591
3880,587218.0283868952,517574.1984896395,N,21.2423673335673,19.986124985986468,4.470584412130752,21.2423673335673,19.986124985986468
3881,587218.3164436173,517574.1984896395,N,20.91477766931328,22.31182623162916,4.723539587177095,20.91477766931328,22.31182623162916
3882,587218.6045003395,517574.1984896395,N,20.60406238366257,24.38701817820013,4.938321392760917,20.60406238366257,24.38701817820013
3883,587205.6419478424,517574.48654636164,N,19.258517475511688,24.275456368774414,4.927012925574116,19.258517475511688,24.275456368774414
3884,587205.9300045646,517574.48654636164,N,19.255291927350484,23.16457007297149,4.812958557163306,19.255291927350484,23.16457007297149
3885,587206.2180612867,517574.48654636164,N,19.195100011424095,21.94723676986702,4.684787804145137,19.195100011424095,21.94723676986702
3886,587206.506118009,517574.48654636164,N,19.087570224275417,20.622242645191086,4.5411719462261155,19.087570224275417,20.622242645191086
3887,587206.7941747311,517574.48654636164,N,18.949941670432093,19.215187673540424,4.383513165662951,18.949941670432093,19.215187673540424
3888,587207.0822314533,517574.48654636164,N,18.80743641175095,17.79382882584352,4.218273204267775,18.80743641175095,17.79382882584352
3889,587207.3702881754,517574.48654636164,N,18.69209326747939,16.470073602834205,4.058333845660582,18.69209326747939,16.470073602834205
3890,587207.6583448976,517574.48654636164,N,18.637548506320005,15.362691318268373,3.9195269253148872,18.637548506320005,15.362691318268373
3891,587207.9464016197,517574.48654636164,N,18.6685642211809,14.511179704037357,3.8093542371427414,18.6685642211809,14.511179704037357
3892,587208.2344583418,517574.48654636164,N,18.79143020932434,13.802841845512111,3.715217604059298,18.79143020932434,13.802841845512111
3893,587208.522515064,517574.48654636164,N,18.99489086820602,13.002728028384748,3.6059295650892502,18.99489086820602,13.002728028384748
3894,587208.8105717861,517574.48654636164,N,19.259867914691142,11.866590306699765,3.4447917653611175,19.259867914691142,11.866590306699765
3895,587209.0986285083,517574.48654636164,N,19.567532449792093,10.258854623506329,3.202944680057139,19.567532449792093,10.258854623506329
3896,587209.3866852304,517574.48654636164,N,19.900791069918156,8.317413275142888,2.8839925927683807,19.900791069918156,8.317413275142888
3897,587209.6747419527,517574.48654636164,N,20.23961054955629,6.877779740350691,2.6225521425418203,20.23961054955629,6.877779740350691
3898,587209.9627986748,517574.48654636164,N,20.56003259566883,7.429642487124061,2.725737053922124,20.56003259566883,7.429642487124061
3899,587210.250855397,517574.48654636164,N,20.85697093406765,9.58406908649516,3.0958147694096882,20.85697093406765,9.58406908649516
3900,587210.5389121191,517574.48654636164,N,21.134892881427756,11.914663497191187,3.4517623755396585,21.134892881427756,11.914663497191187
3901,587210.8269688413,517574.48654636164,N,21.38892507784768,13.86277104552461,3.723274237217104,21.38892507784768,13.86277104552461
3902,587211.1150255634,517574.48654636164,N,21.60874080723024,15.343045169901933,3.917019934835912,21.60874080723024,15.343045169901933
3903,587211.4030822855,517574.48654636164,N,21.782802043548948,16.413765022390187,4.051390504800813,21.782802043548948,16.413765022390187
3904,587211.6911390077,517574.48654636164,N,21.901263944743818,17.166403628338905,4.14323588857054,21.901263944743818,17.166403628338905
3905,587211.9791957298,517574.48654636164,N,21.95842491761519,17.682010219621446,4.204998242522992,21.95842491761519,17.682010219621446
3906,587212.2672524521,517574.48654636164,N,21.954305139982488,18.01206791658523,4.244062666430036,21.954305139982488,18.01206791658523
3907,587212.5553091742,517574.48654636164,N,21.894870621682582,18.175336696616448,4.263254237858264,21.894870621682582,18.175336696616448
3908,587212.8433658964,517574.48654636164,N,21.79109487354893,18.1667952839136,4.262252372151795,21.79109487354893,18.1667952839136
3909,587213.1314226185,517574.48654636164,N,21.65763720016999,17.973339384866748,4.2394975391981005,21.65763720016999,17.973339384866748
3910,587213.4194793407,517574.48654636164,N,21.511891922366544,17.5912239864095,4.194189312180543,21.511891922366544,17.5912239864095
3911,587213.7075360628,517574.48654636164,N,21.37365925632014,17.041770198997114,4.12816789859583,21.37365925632014,17.041770198997114
3912,587213.995592785,517574.48654636164,N,21.265022249187773,16.380723483803518,4.047310648295176,21.265022249187773,16.380723483803518
3913,587214.2836495071,517574.48654636164,N,21.20931038032149,15.691144579636955,3.961204940373188,21.20931038032149,15.691144579636955
3914,587214.5717062292,517574.48654636164,N,21.227756914400338,15.046726531958535,3.8790110249854326,21.227756914400338,15.046726531958535
3915,587214.8597629514,517574.48654636164,N,21.334041842224487,14.450754209936246,3.801414764260307,21.334041842224487,14.450754209936246
3916,587215.1478196735,517574.48654636164,N,21.53030871496393,13.79492330251486,3.714151760835152,21.53030871496393,13.79492330251486
3917,587215.4358763958,517574.48654636164,N,21.808354260969494,12.882106972189304,3.589165219405385,21.808354260969494,12.882106972189304
3918,587215.7239331179,517574.48654636164,N,22.15406642342122,11.496568365890608,3.3906589869656028,22.15406642342122,11.496568365890608
3919,587216.0119898401,517574.48654636164,N,22.54873036174481,9.485221065258564,3.079808608543486,22.54873036174481,9.485221065258564
3920,587216.3000465622,517574.48654636164,N,22.95572335958201,6.920086258088005,2.6306056827445663,22.95572335958201,6.920086258088005
3921,587216.5881032844,517574.48654636164,N,23.237933044566613,4.8968167759974435,2.21287522829405,23.237933044566613,4.8968167759974435
3922,587216.8761600065,517574.48654636164,N,23.098604499612193,6.250891796208067,2.5001783528796633,23.098604499612193,6.250891796208067
3923,587217.1642167286,517574.48654636164,N,22.70304595610882,9.678714507551508,3.111063243900951,22.70304595610882,9.678714507551508
3924,587217.4522734508,517574.48654636164,N,22.272379155970683,13.209563958685091,3.6344963830887345,22.272379155970683,13.209563958685091
3925,587217.7403301729,517574.48654636164,N,21.85596042593233,16.432155701898356,4.053659544399154,21.85596042593233,16.432155701898356
3926,587218.0283868952,517574.48654636164,N,21.46408456962513,19.291512344420134,4.392210416683168,21.46408456962513,19.291512344420134
3927,587218.3164436173,517574.48654636164,N,21.098575197361527,21.805488931338292,4.6696347749410005,21.098575197361527,21.805488931338292
3928,587205.9300045646,517574.7746030838,N,19.110901398466122,24.435634900321915,4.943241335431836,19.110901398466122,24.435634900321915
3929,587206.2180612867,517574.7746030838,N,19.089655513129625,23.326617036309475,4.829763662572888,19.089655513129625,23.326617036309475
3930,587206.506118009,517574.7746030838,N,19.037720384432014,22.140374539158948,4.70535594181343,19.037720384432014,22.140374539158948
3931,587206.7941747311,517574.7746030838,N,18.9697870880684,20.90035571044312,4.571690684029609,18.9697870880684,20.90035571044312
3932,587207.0822314533,517574.7746030838,N,18.905675606131467,19.650425412145534,4.432880035839627,18.905675606131467,19.650425412145534
3933,587207.3702881754,517574.7746030838,N,18.868524096396182,18.446229933734905,4.2949074418123265,18.868524096396182,18.446229933734905
3934,587207.6583448976,517574.7746030838,N,18.880887845209493,17.327003578089116,4.162571750503421,18.880887845209493,17.327003578089116
3935,587207.9464016197,517574.7746030838,N,18.959267598365237,16.273205542831285,4.034006140653641,18.959267598365237,16.273205542831285
3936,587208.2344583418,517574.7746030838,N,19.10991138188079,15.177545461520056,3.8958369398012613,19.10991138188079,15.177545461520056
3937,587208.522515064,517574.7746030838,N,19.328964631100465,13.856492920345108,3.7224310497771627,19.328964631100465,13.856492920345108
3938,587208.8105717861,517574.7746030838,N,19.60644822731328,12.094121223144166,3.477660308762799,19.60644822731328,12.094121223144166
3939,587209.0986285083,517574.7746030838,N,19.930580378152328,9.688777548797583,3.1126801231089556,19.930580378152328,9.688777548797583
3940,587209.3866852304,517574.7746030838,N,20.289808286755317,6.511092203971513,2.551684189701287,20.289808286755317,6.511092203971513
3941,587209.6747419527,517574.7746030838,N,20.66879430873287,2.972862019698722,1.7241989501501043,20.66879430873287,2.972862019698722
3942,587209.9627986748,517574.7746030838,N,21.009584504703078,4.095802055731524,2.023808799203009,21.009584504703078,4.095802055731524
3943,587210.250855397,517574.7746030838,N,21.322027385972696,7.7620149050614025,2.7860392863456545,21.322027385972696,7.7620149050614025
3944,587210.5389121191,517574.7746030838,N,21.626127583211403,10.731878479839539,3.275954590625386,21.626127583211403,10.731878479839539
3945,587210.8269688413,517574.7746030838,N,21.91013107281495,12.926082562010901,3.5952861585708167,21.91013107281495,12.926082562010901
3946,587211.1150255634,517574.7746030838,N,22.158276263940056,14.486649402740232,3.80613312992862,22.158276263940056,14.486649402740232
3947,587211.4030822855,517574.7746030838,N,22.354150003850688,15.58236424609508,3.947450347514846,22.354150003850688,15.58236424609508
3948,587211.6911390077,517574.7746030838,N,22.483974106191614,16.36998780923646,4.045984158302707,22.483974106191614,16.36998780923646
3949,587211.9791957298,517574.7746030838,N,22.54035788371231,16.96787347918962,4.119207870354399,22.54035788371231,16.96787347918962
3950,587212.2672524521,517574.7746030838,N,22.524773626555998,17.440034315034044,4.1761267120423975,22.524773626555998,17.440034315034044
3951,587212.5553091742,517574.7746030838,N,22.44729303550503,17.7991369729638,4.218902342193263,22.44729303550503,17.7991369729638
3952,587212.8433658964,517574.7746030838,N,22.324019751446915,18.026337362489482,4.245743440493017,22.324019751446915,18.026337362489482
3953,587213.1314226185,517574.7746030838,N,22.1740596607464,18.096000245467923,4.25393937961837,22.1740596607464,18.096000245467923
3954,587213.4194793407,517574.7746030838,N,22.017472226258647,17.994810884629302,4.242029099927215,22.017472226258647,17.994810884629302
3955,587213.7075360628,517574.7746030838,N,21.874391451635063,17.731409436170537,4.210868014574968,21.874391451635063,17.731409436170537
3956,587213.995592785,517574.7746030838,N,21.764632073182177,17.335650994852525,4.163610331773679,21.764632073182177,17.335650994852525
3957,587214.2836495071,517574.7746030838,N,21.706864161352918,16.84557484307714,4.1043361025965135,21.706864161352918,16.84557484307714
3958,587214.5717062292,517574.7746030838,N,21.716788350607132,16.281212941454807,4.034998505756205,21.716788350607132,16.281212941454807
3959,587214.8597629514,517574.7746030838,N,21.804742765055146,15.612995383895042,3.9513283062655074,21.804742765055146,15.612995383895042
3960,587215.1478196735,517574.7746030838,N,21.974270834633806,14.743046837546819,3.839667542580584,21.974270834633806,14.743046837546819
3961,587215.4358763958,517574.7746030838,N,22.222942009341285,13.512990779037983,3.6760020102059223,22.222942009341285,13.512990779037983
3962,587215.7239331179,517574.7746030838,N,22.544966296852234,11.730840225300552,3.42503141960779,22.544966296852234,11.730840225300552
3963,587216.0119898401,517574.7746030838,N,22.93394635144568,9.197006884903006,3.0326567370711452,22.93394635144568,9.197006884903006
3964,587216.3000465622,517574.7746030838,N,23.384613789822172,5.717265664317664,2.391080438696629,23.384613789822172,5.717265664317664
3965,587216.5881032844,517574.7746030838,N,23.893021634409244,1.1074236965871873,1.0523420055225332,23.893021634409244,1.1074236965871873
3966,587216.8761600065,517574.7746030838,N,23.535624364704574,4.143708082051798,2.0356100024444266,23.535624364704574,4.143708082051798
3967,587217.1642167286,517574.7746030838,N,22.991700288773075,8.708392459025582,2.9509985528674156,22.991700288773075,8.708392459025582
3968,587217.4522734508,517574.7746030838,N,22.493178878947543,12.657978343028379,3.5578052705324357,22.493178878947543,12.657978343028379
3969,587217.7403301729,517574.7746030838,N,22.03538929955338,16.080797787205338,4.010087004942079,22.03538929955338,16.080797787205338
3970,587218.0283868952,517574.7746030838,N,21.614348764772068,19.051617323939322,4.364815840781753,21.614348764772068,19.051617323939322
3971,587206.2180612867,517575.062659806,N,19.02059891049444,24.622567570823392,4.962113216244002,19.02059891049444,24.622567570823392
3972,587206.506118009,517575.062659806,N,19.015770766790567,23.553464565609755,4.853191173404336,19.015770766790567,23.553464565609755
3973,587206.7941747311,517575.062659806,N,19.004637141600547,22.43879295057102,4.7369603070504,19.004637141600547,22.43879295057102
3974,587207.0822314533,517575.062659806,N,19.002531197566306,21.301230574518666,4.615325619554775,19.002531197566306,21.301230574518666
3975,587207.3702881754,517575.062659806,N,19.02639072912785,20.16127714102209,4.490131082832893,19.02639072912785,20.16127714102209
3976,587207.6583448976,517575.062659806,N,19.092158879772974,19.019229210989383,4.36110412751053,19.092158879772974,19.019229210989383
3977,587207.9464016197,517575.062659806,N,19.211773503551903,17.83390750101747,4.223021134332324,19.211773503551903,17.83390750101747
3978,587208.2344583418,517575.062659806,N,19.39104573911423,16.51033407598263,4.06329104002933,19.39104573911423,16.51033407598263
3979,587208.522515064,517575.062659806,N,19.62954645236938,14.905986358971859,3.8608271599453734,19.62954645236938,14.905986358971859
3980,587208.8105717861,517575.062659806,N,19.92230401048038,12.853135563606559,3.5851269940696047,19.92230401048038,12.853135563606559
3981,587209.0986285083,517575.062659806,N,20.261957197473848,10.189425438330408,3.1920879433891556,20.261957197473848,10.189425438330408
3982,587209.3866852304,517575.062659806,N,20.639859415890786,6.819965982963742,2.6115064585337984,20.639859415890786,6.819965982963742
3983,587209.6747419527,517575.062659806,N,21.041713173863997,3.2411629631744017,1.8003230163430122,21.041713173863997,3.2411629631744017
3984,587209.9627986748,517575.062659806,N,21.413205605075504,4.1714119645782475,2.0424034774202298,21.413205605075504,4.1714119645782475
3985,587210.250855397,517575.062659806,N,21.762499506563238,7.605750283369352,2.757852476723393,21.762499506563238,7.605750283369352
3986,587210.5389121191,517575.062659806,N,22.10782197060389,10.368978764029047,3.2200898689367423,22.10782197060389,10.368978764029047
3987,587210.8269688413,517575.062659806,N,22.43542161691814,12.345204351104611,3.5135742985035354,22.43542161691814,12.345204351104611
3988,587211.1150255634,517575.062659806,N,22.7251548973129,13.690643205114775,3.70008691858918,22.7251548973129,13.690643205114775
3989,587211.4030822855,517575.062659806,N,22.954170588153495,14.610419131585289,3.822357797431487,22.954170588153495,14.610419131585289
3990,587211.6911390077,517575.062659806,N,23.101939106708777,15.305831536160953,3.912266802783388,23.101939106708777,15.305831536160953
3991,587211.9791957298,517575.062659806,N,23.15733063156099,15.925751783326344,3.990708180677503,23.15733063156099,15.925751783326344
3992,587212.2672524521,517575.062659806,N,23.123616196593726,16.532516690167924,4.066019760179225,23.123616196593726,16.532516690167924
3993,587212.5553091742,517575.062659806,N,23.01728929833577,17.108683200378184,4.136264401652557,23.01728929833577,17.108683200378184
3994,587212.8433658964,517575.062659806,N,22.862016235956105,17.597544351657348,4.194942711367743,22.862016235956105,17.597544351657348
3995,587213.1314226185,517575.062659806,N,22.682625114828788,17.9444928565477,4.236094056621937,22.682625114828788,17.9444928565477
3996,587213.4194793407,517575.062659806,N,22.501946862186742,18.11877289717973,4.25661519251855,22.501946862186742,18.11877289717973
3997,587213.7075360628,517575.062659806,N,22.340072390147693,18.116304422766937,4.256325225210937,22.340072390147693,18.116304422766937
3998,587213.995592785,517575.062659806,N,22.214513736230273,17.950858292758546,4.236845323204347,22.214513736230273,17.950858292758546
3999,587214.2836495071,517575.062659806,N,22.14015680003751,17.638381063393858,4.199807265029415,22.14015680003751,17.638381063393858
4000,587214.5717062292,517575.062659806,N,22.12861524976679,17.17767651352589,4.144596061563284,22.12861524976679,17.17767651352589
4001,587214.8597629514,517575.062659806,N,22.18726680645484,16.53287017718993,4.066063228380731,22.18726680645484,16.53287017718993
4002,587215.1478196735,517575.062659806,N,22.318635034281584,15.625619159462822,3.9529253926001213,22.318635034281584,15.625619159462822
4003,587215.4358763958,517575.062659806,N,22.520506217350587,14.342848265132034,3.787195303272863,22.520506217350587,14.342848265132034
4004,587215.7239331179,517575.062659806,N,22.786170453522235,12.561220933555479,3.544181278314567,22.786170453522235,12.561220933555479
4005,587216.0119898401,517575.062659806,N,23.102255109685657,10.198322722007436,3.193481285682983,23.102255109685657,10.198322722007436
4006,587216.3000465622,517575.062659806,N,23.43392163840312,7.378661132347318,2.716369108267011,23.43392163840312,7.378661132347318
4007,587216.5881032844,517575.062659806,N,23.645273914732236,5.232859589786498,2.2875444454231917,23.645273914732236,5.232859589786498
4008,587216.8761600065,517575.062659806,N,23.45700410106644,6.461498090390821,2.541947696234291,23.45700410106644,6.461498090390821
4009,587217.1642167286,517575.062659806,N,23.02222596016464,9.797914539483767,3.1301620628146023,23.02222596016464,9.797914539483767
4010,587217.4522734508,517575.062659806,N,22.554795496691224,13.284800567186801,3.6448320355246553,22.554795496691224,13.284800567186801
4011,587217.7403301729,517575.062659806,N,22.105340263527026,16.482682906210623,4.0598870558441185,22.105340263527026,16.482682906210623
4012,587218.0283868952,517575.062659806,N,21.684346416509968,19.326189172425888,4.39615618153244,21.684346416509968,19.326189172425888
4013,587206.506118009,517575.35071652813,N,19.010438561087557,24.851542226087215,4.98513211721487,19.010438561087557,24.851542226087215
4014,587206.7941747311,517575.35071652813,N,19.045132590637664,23.83300969137655,4.881906358317061,19.045132590637664,23.83300969137655
4015,587207.0822314533,517575.35071652813,N,19.09211435808501,22.776372322585484,4.772459776947888,19.09211435808501,22.776372322585484
4016,587207.3702881754,517575.35071652813,N,19.164075763066148,21.683036245312678,4.65650472407284,19.164075763066148,21.683036245312678
4017,587207.6583448976,517575.35071652813,N,19.27280747102538,20.537292570021968,4.5318089732492,19.27280747102538,20.537292570021968
4018,587207.9464016197,517575.35071652813,N,19.427436573191294,19.296380794330663,4.392764595824668,19.427436573191294,19.296380794330663
4019,587208.2344583418,517575.35071652813,N,19.63320764645591,17.887388003992722,4.229348413643965,19.63320764645591,17.887388003992722
4020,587208.522515064,517575.35071652813,N,19.89124584623969,16.216710181501185,4.02699766345862,19.89124584623969,16.216710181501185
4021,587208.8105717861,517575.35071652813,N,20.199166686647523,14.196718956847196,3.7678533619087666,20.199166686647523,14.196718956847196
4022,587209.0986285083,517575.35071652813,N,20.55178809785565,11.804591935641046,3.4357811245248215,20.55178809785565,11.804591935641046
4023,587209.3866852304,517575.35071652813,N,20.940672263600018,9.239634446689465,3.039676701014347,20.940672263600018,9.239634446689465
4024,587209.6747419527,517575.35071652813,N,21.35070202211412,7.332764709467636,2.7079078103708842,21.35070202211412,7.332764709467636
4025,587209.9627986748,517575.35071652813,N,21.76093198977125,7.4307643432920125,2.7259428356610877,21.76093198977125,7.4307643432920125
4026,587210.250855397,517575.35071652813,N,22.166117804465777,9.05842301257398,3.0097214177684255,22.166117804465777,9.05842301257398
4027,587210.5389121191,517575.35071652813,N,22.567651232745874,10.794449747179256,3.2854907924356227,22.567651232745874,10.794449747179256
4028,587210.8269688413,517575.35071652813,N,22.954107800543557,12.086076036085018,3.47650342097991,22.954107800543557,12.086076036085018
4029,587211.1150255634,517575.35071652813,N,23.302248306401843,12.902958302214364,3.5920688053285343,23.302248306401843,12.902958302214364
4030,587211.4030822855,517575.35071652813,N,23.580234502260442,13.420353669783642,3.663380088085816,23.580234502260442,13.420353669783642
4031,587211.6911390077,517575.35071652813,N,23.755186376488556,13.881263534101853,3.72575677334174,23.755186376488556,13.881263534101853
4032,587211.9791957298,517575.35071652813,N,23.80775541408984,14.474123995577619,3.8044873499037446,23.80775541408984,14.474123995577619
4033,587212.2672524521,517575.35071652813,N,23.744228541583407,15.239683348782354,3.903803702644685,23.744228541583407,15.239683348782354
4034,587212.5553091742,517575.35071652813,N,23.592998305125658,16.085838244108977,4.010715427964065,23.592998305125658,16.085838244108977
4035,587212.8433658964,517575.35071652813,N,23.38995932406861,16.880892708370986,4.108636356307405,23.38995932406861,16.880892708370986
4036,587213.1314226185,517575.35071652813,N,23.167350705766623,17.5258567350877,4.186389462900902,23.167350705766623,17.5258567350877
4037,587213.4194793407,517575.35071652813,N,22.95045451932463,17.973127603646642,4.2394725619641225,22.95045451932463,17.973127603646642
4038,587213.7075360628,517575.35071652813,N,22.758474617446623,18.214663460915393,4.267864039647397,22.758474617446623,18.214663460915393
4039,587213.995592785,517575.35071652813,N,22.606139387533375,18.262000532237877,4.273406197898566,22.606139387533375,18.262000532237877
4040,587214.2836495071,517575.35071652813,N,22.504668726339652,18.12710709056456,4.257594049526629,22.504668726339652,18.12710709056456
4041,587214.5717062292,517575.35071652813,N,22.461937708258827,17.806954723307964,4.219828755211278,22.461937708258827,17.806954723307964
4042,587214.8597629514,517575.35071652813,N,22.482124115120257,17.274263960816278,4.1562319426153636,22.482124115120257,17.274263960816278
4043,587215.1478196735,517575.35071652813,N,22.56517275237272,16.47786998526236,4.059294271823904,22.56517275237272,16.47786998526236
4044,587215.4358763958,517575.35071652813,N,22.70606111539192,15.356652932189535,3.9187565543408707,22.70606111539192,15.356652932189535
4045,587215.7239331179,517575.35071652813,N,22.893007796189522,13.873509180232029,3.7247159865192443,22.893007796189522,13.873509180232029
4046,587216.0119898401,517575.35071652813,N,23.102123699194323,12.088624715607734,3.4768699595480608,23.102123699194323,12.088624715607734
4047,587216.3000465622,517575.35071652813,N,23.283587552073545,10.319580031648105,3.2124103149579297,23.283587552073545,10.319580031648105
4048,587216.5881032844,517575.35071652813,N,23.3440487689245,9.358199115376085,3.05911737522052,23.3440487689245,9.358199115376085
4049,587216.8761600065,517575.35071652813,N,23.196345481813495,10.057456550792631,3.171349326515865,23.196345481813495,10.057456550792631
4050,587217.1642167286,517575.35071652813,N,22.87749679234455,12.163237250840728,3.487583296616832,22.87749679234455,12.163237250840728
4051,587217.4522734508,517575.35071652813,N,22.48455511442446,14.825449565883616,3.8503830414497227,22.48455511442446,14.825449565883616
4052,587217.7403301729,517575.35071652813,N,22.076604703187645,17.526598900738463,4.186478102264296,22.076604703187645,17.526598900738463
4053,587206.7941747311,517575.6387732503,N,19.08502814801276,25.098631024969794,5.009853393560514,19.08502814801276,25.098631024969794
4054,587207.0822314533,517575.6387732503,N,19.170806749834373,24.10923576227882,4.910115656711033,19.170806749834373,24.10923576227882
4055,587207.3702881754,517575.6387732503,N,19.28073916188131,23.0634788996507,4.8024450959538,19.28073916188131,23.0634788996507
4056,587207.6583448976,517575.6387732503,N,19.423878999871874,21.942295103467515,4.684260358206781,19.423878999871874,21.942295103467515
4057,587207.9464016197,517575.6387732503,N,19.60748326133382,20.71131626187035,4.550968716863515,19.60748326133382,20.71131626187035
4058,587208.2344583418,517575.6387732503,N,19.836236664514338,19.323492356718905,4.39584944654829,19.836236664514338,19.323492356718905
4059,587208.522515064,517575.6387732503,N,20.11197430256631,17.732118422814764,4.210952199065523,20.11197430256631,17.732118422814764
4060,587208.8105717861,517575.6387732503,N,20.43380780241734,15.920026356285113,3.9899907714536273,20.43380780241734,15.920026356285113
4061,587209.0986285083,517575.6387732503,N,20.798278997736567,13.95529515215369,3.7356786735683905,20.798278997736567,13.95529515215369
4062,587209.3866852304,517575.6387732503,N,21.19910802618111,12.08274216839448,3.4760239021609847,21.19910802618111,12.08274216839448
4063,587209.6747419527,517575.6387732503,N,21.62695032238861,10.77911705942168,3.2831565694346163,21.62695032238861,10.77911705942168
4064,587209.9627986748,517575.6387732503,N,22.07197714803527,10.461632369791296,3.2344446771882334,22.07197714803527,10.461632369791296
4065,587210.250855397,517575.6387732503,N,22.528587713509523,10.929922308997465,3.306043301137701,22.528587713509523,10.929922308997465
4066,587210.5389121191,517575.6387732503,N,22.9921420578539,11.572483401462675,3.4018352989912186,22.9921420578539,11.572483401462675
4067,587210.8269688413,517575.6387732503,N,23.45029047860866,11.963720102574216,3.4588610990576387,23.45029047860866,11.963720102574216
4068,587211.1150255634,517575.6387732503,N,23.876717057265754,12.010496655181539,3.465616345642076,23.876717057265754,12.010496655181539
4069,587211.4030822855,517575.6387732503,N,24.227050638583577,11.891530076040913,3.448409789459616,24.227050638583577,11.891530076040913
4070,587211.6911390077,517575.6387732503,N,24.44448318251461,11.958381106821092,3.4580892277124793,24.44448318251461,11.958381106821092
4071,587211.9791957298,517575.6387732503,N,24.489781318525502,12.50715485407685,3.536545610348727,24.489781318525502,12.50715485407685
4072,587212.2672524521,517575.6387732503,N,24.375915599138416,13.524785431869732,3.677605937545475,24.375915599138416,13.524785431869732
4073,587212.5553091742,517575.6387732503,N,24.156599290198724,14.748225456768562,3.8403418411345314,24.156599290198724,14.748225456768562
4074,587212.8433658964,517575.6387732503,N,23.887746400217253,15.915013002876684,3.9893624807576313,23.887746400217253,15.915013002876684
4075,587213.1314226185,517575.6387732503,N,23.609519103054694,16.87791095841513,4.1082734765854045,23.609519103054694,16.87791095841513
4076,587213.4194793407,517575.6387732503,N,23.347571524877942,17.588811162707113,4.193901663452198,23.347571524877942,17.588811162707113
4077,587213.7075360628,517575.6387732503,N,23.11831830693569,18.054134201936694,4.249015674475289,23.11831830693569,18.054134201936694
4078,587213.995592785,517575.6387732503,N,22.93268216454364,18.29940948506479,4.27778090662259,22.93268216454364,18.29940948506479
4079,587214.2836495071,517575.6387732503,N,22.797946296550357,18.34647985364609,4.283279100601091,22.797946296550357,18.34647985364609
4080,587214.5717062292,517575.6387732503,N,22.718322449900334,18.20116140460953,4.266281918088575,22.718322449900334,18.20116140460953
4081,587214.8597629514,517575.6387732503,N,22.694769106365825,17.850313181400836,4.224963098229479,22.694769106365825,17.850313181400836
4082,587215.1478196735,517575.6387732503,N,22.7243527327018,17.26870913560594,4.155563636332133,22.7243527327018,17.26870913560594
4083,587215.4358763958,517575.6387732503,N,22.79910985116544,16.437465285433873,4.054314403870754,22.79910985116544,16.437465285433873
4084,587215.7239331179,517575.6387732503,N,22.903939828147852,15.37791742257176,3.9214687838323745,22.903939828147852,15.37791742257176
4085,587216.0119898401,517575.6387732503,N,23.012854287320955,14.20649309237464,3.769150181721954,23.012854287320955,14.20649309237464
4086,587216.3000465622,517575.6387732503,N,23.084616541377976,13.20195013677745,3.633448793746439,23.084616541377976,13.20195013677745
4087,587216.5881032844,517575.6387732503,N,23.066676571785386,12.800310859640009,3.5777522076913053,23.066676571785386,12.800310859640009
4088,587216.8761600065,517575.6387732503,N,22.92291730324483,13.351081984288054,3.6539132425781613,22.92291730324483,13.351081984288054
4089,587217.1642167286,517575.6387732503,N,22.6646908009252,14.798391508958163,3.846867752985299,22.6646908009252,14.798391508958163
4090,587217.4522734508,517575.6387732503,N,22.335562058862465,16.7829532830019,4.096700292064566,22.335562058862465,16.7829532830019
4091,587207.0822314533,517575.9268299724,N,19.236296468017052,25.32685995875973,5.032579851205516,19.236296468017052,25.32685995875973
4092,587207.3702881754,517575.9268299724,N,19.37595986656016,24.33594490086301,4.933147565283549,19.37595986656016,24.33594490086301
4093,587207.6583448976,517575.9268299724,N,19.546239555348823,23.264205119332033,4.823298157830597,19.546239555348823,23.264205119332033
4094,587207.9464016197,517575.9268299724,N,19.75308216012491,22.08841371491871,4.699831243238283,19.75308216012491,22.08841371491871
4095,587208.2344583418,517575.9268299724,N,20.000688206892058,20.783653991832075,4.558909298487093,20.000688206892058,20.783653991832075
4096,587208.522515064,517575.9268299724,N,20.291264380217,19.335906115684622,4.3972612062151395,20.291264380217,19.335906115684622
4097,587208.8105717861,517575.9268299724,N,20.625011036744926,17.764387586576998,4.214782033104084,20.625011036744926,17.764387586576998
4098,587209.0986285083,517575.9268299724,N,21.00021616448552,16.15281280564552,4.019056208321242,21.00021616448552,16.15281280564552
4099,587209.3866852304,517575.9268299724,N,21.413414776935063,14.673972640687152,3.83066216739184,21.413414776935063,14.673972640687152
4100,587209.6747419527,517575.9268299724,N,21.85995251944173,13.554230613216717,3.6816070693674954,21.85995251944173,13.554230613216717
4101,587209.9627986748,517575.9268299724,N,22.335414144449487,12.918853370278532,3.594280647122388,22.335414144449487,12.918853370278532
4102,587210.250855397,517575.9268299724,N,22.836734457680418,12.632393096328704,3.5542078015119913,22.836734457680418,12.632393096328704
4103,587210.5389121191,517575.9268299724,N,23.3603012459764,12.370533972059174,3.517176989015363,23.3603012459764,12.370533972059174
4104,587210.8269688413,517575.9268299724,N,23.89665175348722,11.844887738866058,3.4416402686605783,23.89665175348722,11.844887738866058
4105,587211.1150255634,517575.9268299724,N,24.42159984702866,10.961793546704156,3.31085994066559,24.42159984702866,10.961793546704156
4106,587211.4030822855,517575.9268299724,N,24.880129421482028,9.933514930336532,3.151747916686316,24.880129421482028,9.933514930336532
4107,587211.6911390077,517575.9268299724,N,25.170817846094344,9.370418360035835,3.0611139083731977,25.170817846094344,9.370418360035835
4108,587211.9791957298,517575.9268299724,N,25.1984669304851,9.92085050053574,3.14973816380596,25.1984669304851,9.92085050053574
4109,587212.2672524521,517575.9268299724,N,24.995801907430707,11.423868971962431,3.379921444643711,24.995801907430707,11.423868971962431
4110,587212.5553091742,517575.9268299724,N,24.67728167148484,13.198927442579409,3.6330328160614527,24.67728167148484,13.198927442579409
4111,587212.8433658964,517575.9268299724,N,24.32663377996414,14.79955196166067,3.8470185808832102,24.32663377996414,14.79955196166067
4112,587213.1314226185,517575.9268299724,N,23.986252249436525,16.072139961247363,4.009007353603553,23.986252249436525,16.072139961247363
4113,587213.4194793407,517575.9268299724,N,23.676757662797485,17.0100210249303,4.124320674357208,23.676757662797485,17.0100210249303
4114,587213.7075360628,517575.9268299724,N,23.408884801696065,17.660797239811174,4.202475132563092,23.408884801696065,17.660797239811174
4115,587213.995592785,517575.9268299724,N,23.188624056199853,18.079842148894333,4.252039763324696,23.188624056199853,18.079842148894333
4116,587214.2836495071,517575.9268299724,N,23.019158567214866,18.307615439145582,4.278739935909354,23.019158567214866,18.307615439145582
4117,587214.5717062292,517575.9268299724,N,22.901319015175183,18.361767431282146,4.285063293731161,22.901319015175183,18.361767431282146
4118,587214.8597629514,517575.9268299724,N,22.833298025271457,18.240500715598348,4.270889920800856,22.833298025271457,18.240500715598348
4119,587215.1478196735,517575.9268299724,N,22.809935612186813,17.934906297156513,4.234962372578594,22.809935612186813,17.934906297156513
4120,587215.4358763958,517575.9268299724,N,22.821652282918855,17.448816993853406,4.17717811373341,22.821652282918855,17.448816993853406
4121,587215.7239331179,517575.9268299724,N,22.8530273744501,16.825372591404548,4.1018742778642725,22.8530273744501,16.825372591404548
4122,587216.0119898401,517575.9268299724,N,22.881385299403316,16.176591759500454,4.0220133962358275,22.881385299403316,16.176591759500454
4123,587216.3000465622,517575.9268299724,N,22.877148076257548,15.69896547993469,3.9621920044256678,22.877148076257548,15.69896547993469
4124,587216.5881032844,517575.9268299724,N,22.809749814164626,15.635425443051627,3.9541655811373944,22.809749814164626,15.635425443051627
4125,587216.8761600065,517575.9268299724,N,22.660554837315008,16.159579855497565,4.0198979906830425,22.660554837315008,16.159579855497565
4126,587217.1642167286,517575.9268299724,N,22.433072818253155,17.26620774134963,4.155262656120504,22.433072818253155,17.26620774134963
4127,587207.6583448976,517576.21488669456,N,19.640729376028744,24.51263066483042,4.95102319372778,19.640729376028744,24.51263066483042
4128,587207.9464016197,517576.21488669456,N,19.865403411210522,23.4160377606986,4.839012064533276,19.865403411210522,23.4160377606986
4129,587208.2344583418,517576.21488669456,N,20.127450050034845,22.218743791154086,4.713676250142142,20.127450050034845,22.218743791154086
4130,587208.522515064,517576.21488669456,N,20.42928738124684,20.92317203746944,4.574185396053536,20.42928738124684,20.92317203746944
4131,587208.8105717861,517576.21488669456,N,20.771944857415996,19.55709882491824,4.4223408761557765,20.771944857415996,19.55709882491824
4132,587209.0986285083,517576.21488669456,N,21.155201950678794,18.18495732307764,4.264382408166233,21.155201950678794,18.18495732307764
4133,587209.3866852304,517576.21488669456,N,21.577905443913664,16.904478518808244,4.111505626751378,21.577905443913664,16.904478518808244
4134,587209.6747419527,517576.21488669456,N,22.038567866148526,15.808570514226519,3.97599931013909,22.038567866148526,15.808570514226519
4135,587209.9627986748,517576.21488669456,N,22.53619757042923,14.911686824396206,3.861565333436197,22.53619757042923,14.911686824396206
4136,587210.250855397,517576.21488669456,N,23.07076778724941,14.095210685499403,3.7543588914086787,23.07076778724941,14.095210685499403
4137,587210.5389121191,517576.21488669456,N,23.642449991006554,13.13649735920492,3.624430625519672,23.642449991006554,13.13649735920492
4138,587210.8269688413,517576.21488669456,N,24.2490296932559,11.801646596455964,3.4353524704833367,24.2490296932559,11.801646596455964
4139,587211.1150255634,517576.21488669456,N,24.87947577890656,9.946407632595227,3.15379257919655,24.87947577890656,9.946407632595227
4140,587211.4030822855,517576.21488669456,N,25.492102727841143,7.683542496454785,2.7719203625744346,25.492102727841143,7.683542496454785
4141,587211.6911390077,517576.21488669456,N,25.932369643668217,5.956702132892522,2.4406356001854355,25.932369643668217,5.956702132892522
4142,587211.9791957298,517576.21488669456,N,25.91184646821363,6.7179506595962195,2.591900974110743,25.91184646821363,6.7179506595962195
4143,587212.2672524521,517576.21488669456,N,25.546058334722723,9.210139102182907,3.034821098875996,25.546058334722723,9.210139102182907
4144,587212.5553091742,517576.21488669456,N,25.10085790286528,11.702242707021492,3.420854090285274,25.10085790286528,11.702242707021492
4145,587212.8433658964,517576.21488669456,N,24.667351337067487,13.708914348636835,3.702555110816966,24.667351337067487,13.708914348636835
4146,587213.1314226185,517576.21488669456,N,24.27140133427088,15.204800964787584,3.899333400055397,24.27140133427088,15.204800964787584
4147,587213.4194793407,517576.21488669456,N,23.921525467458913,16.280493411983027,4.0349093437130685,23.921525467458913,16.280493411983027
4148,587213.7075360628,517576.21488669456,N,23.62077593255636,17.047467689104923,4.128857915829137,23.62077593255636,17.047467689104923
4149,587213.995592785,517576.21488669456,N,23.370040348182982,17.600406432297994,4.195283832149857,23.370040348182982,17.600406432297994
4150,587214.2836495071,517576.21488669456,N,23.16890188885116,17.99983456330918,4.242621190173497,23.16890188885116,17.99983456330918
4151,587214.5717062292,517576.21488669456,N,23.015564951282173,18.270220256489313,4.274367819513117,23.015564951282173,18.270220256489313
4152,587214.8597629514,517576.21488669456,N,22.906333966745766,18.41097366441735,4.2908010516006625,22.906333966745766,18.41097366441735
4153,587215.1478196735,517576.21488669456,N,22.834875376923637,18.414972398264922,4.291266992190642,22.834875376923637,18.414972398264922
4154,587215.4358763958,517576.21488669456,N,22.791410330424156,18.289255494412405,4.276593912731533,22.791410330424156,18.289255494412405
4155,587215.7239331179,517576.21488669456,N,22.76203462883866,18.074228498237222,4.251379599405024,22.76203462883866,18.074228498237222
4156,587216.0119898401,517576.21488669456,N,22.728657167387595,17.856769010801653,4.2257270393154425,22.728657167387595,17.856769010801653
4157,587216.3000465622,517576.21488669456,N,22.67056994574316,17.767465684928077,4.215147172392451,22.67056994574316,17.767465684928077
4158,587216.5881032844,517576.21488669456,N,22.568712616641076,17.949490562712537,4.236683911116398,22.568712616641076,17.949490562712537
4159,587216.8761600065,517576.21488669456,N,22.411823486978545,18.50225977690418,4.3014253192289855,22.411823486978545,18.50225977690418
4160,587207.9464016197,517576.50294341677,N,19.945704382797572,24.677834748490547,4.9676790102109605,19.945704382797572,24.677834748490547
4161,587208.2344583418,517576.50294341677,N,20.21765753287205,23.589175150318184,4.856868862787854,20.21765753287205,23.589175150318184
4162,587208.522515064,517576.50294341677,N,20.52662707573838,22.42886414798725,4.735912176971533,20.52662707573838,22.42886414798725
4163,587208.8105717861,517576.50294341677,N,20.87417357946245,21.21959218842631,4.6064728576673835,20.87417357946245,21.21959218842631
4164,587209.0986285083,517576.50294341677,N,21.26108074200669,20.00043991153441,4.472185138333878,21.26108074200669,20.00043991153441
4165,587209.3866852304,517576.50294341677,N,21.687664857913045,18.81677917564669,4.33783116034346,21.687664857913045,18.81677917564669
4166,587209.6747419527,517576.50294341677,N,22.15424903476095,17.693818481410354,4.206402082708018,22.15424903476095,17.693818481410354
4167,587209.9627986748,517576.50294341677,N,22.661715050241003,16.600603187842854,4.074383780136924,22.661715050241003,16.600603187842854
4168,587210.250855397,517576.50294341677,N,23.21189909536443,15.427669038583852,3.927807153945297,23.21189909536443,15.427669038583852
4169,587210.5389121191,517576.50294341677,N,23.807611269089,13.998050369159742,3.741396847323168,23.807611269089,13.998050369159742
4170,587210.8269688413,517576.50294341677,N,24.452293723059988,12.102964111863866,3.4789314612196467,24.452293723059988,12.102964111863866
4171,587211.1150255634,517576.50294341677,N,25.1493890370613,9.536499302075136,3.0881222938988566,25.1493890370613,9.536499302075136
4172,587211.4030822855,517576.50294341677,N,25.900324956311024,6.122555164625258,2.474379753519103,25.900324956311024,6.122555164625258
4173,587211.6911390077,517576.50294341677,N,26.671745914668822,1.9432181001496964,1.3939935796658809,26.671745914668822,1.9432181001496964
4174,587211.9791957298,517576.50294341677,N,26.4787793791684,3.8042055962512116,1.950437283342177,26.4787793791684,3.8042055962512116
4175,587212.2672524521,517576.50294341677,N,25.888428050939424,7.723931020543923,2.779196110486614,25.888428050939424,7.723931020543923
4176,587212.5553091742,517576.50294341677,N,25.348963861324865,10.69962454139294,3.271028055733081,25.348963861324865,10.69962454139294
4177,587212.8433658964,517576.50294341677,N,24.86700774575889,12.851336761679237,3.5848761152485085,24.86700774575889,12.851336761679237
4178,587213.1314226185,517576.50294341677,N,24.441081332967215,14.361570510184057,3.7896662795270055,24.441081332967215,14.361570510184057
4179,587213.4194793407,517576.50294341677,N,24.068811140809395,15.419605776497233,3.926780586752618,24.068811140809395,15.419605776497233
4180,587213.7075360628,517576.50294341677,N,23.747731114272476,16.19908744618877,4.024808994994516,23.747731114272476,16.19908744618877
4181,587213.995592785,517576.50294341677,N,23.47541586062304,16.832473178607156,4.102739716166156,23.47541586062304,16.832473178607156
4182,587214.2836495071,517576.50294341677,N,23.249313720372378,17.393156303153894,4.170510316874171,23.249313720372378,17.393156303153894
4183,587214.5717062292,517576.50294341677,N,23.066275874766042,17.898266842359302,4.2306343309673196,23.066275874766042,17.898266842359302
4184,587214.8597629514,517576.50294341677,N,22.92187009650602,18.330917511541582,4.281462076387175,22.92187009650602,18.330917511541582
4185,587215.1478196735,517576.50294341677,N,22.80966928286316,18.668570573835364,4.3207141277612156,22.80966928286316,18.668570573835364
4186,587215.4358763958,517576.50294341677,N,22.72070325810522,18.906016562547116,4.348104939228941,22.72070325810522,18.906016562547116
4187,587215.7239331179,517576.50294341677,N,22.643268742572623,19.069043562633468,4.366811601458605,22.643268742572623,19.069043562633468
4188,587216.0119898401,517576.50294341677,N,22.563400687586853,19.21804693900845,4.383839292105545,22.563400687586853,19.21804693900845
4189,587216.3000465622,517576.50294341677,N,22.46640264150729,19.439547457111164,4.409030217305293,22.46640264150729,19.439547457111164
4190,587216.5881032844,517576.50294341677,N,22.339561005863246,19.824034003961653,4.4524188935860085,22.339561005863246,19.824034003961653
4191,587208.2344583418,517576.7910001389,N,20.272789623330056,24.872226318881598,4.987206263919871,20.272789623330056,24.872226318881598
4192,587208.522515064,517576.7910001389,N,20.58444477367644,23.824439185367503,4.881028496676444,20.58444477367644,23.824439185367503
4193,587208.8105717861,517576.7910001389,N,20.93216980911844,22.732192045482925,4.7678288607586286,20.93216980911844,22.732192045482925
4194,587209.0986285083,517576.7910001389,N,21.31720145174373,21.614154003614033,4.649102494419115,21.31720145174373,21.614154003614033
4195,587209.3866852304,517576.7910001389,N,21.740467385094853,20.48445720824727,4.525975829392737,21.740467385094853,20.48445720824727
4196,587209.6747419527,517576.7910001389,N,22.202872656950152,19.33641867269317,4.397319487220956,22.202872656950152,19.33641867269317
4197,587209.9627986748,517576.7910001389,N,22.705572358344234,18.124720183817608,4.257313728610755,22.705572358344234,18.124720183817608
4198,587210.250855397,517576.7910001389,N,23.25008143262602,16.75639443942713,4.093457516504492,23.25008143262602,16.75639443942713
4199,587210.5389121191,517576.7910001389,N,23.838028280014342,15.098288607310646,3.8856516322633254,23.838028280014342,15.098288607310646
4200,587210.8269688413,517576.7910001389,N,24.470203193393488,12.999949994348738,3.605544340921179,24.470203193393488,12.999949994348738
4201,587211.1150255634,517576.7910001389,N,25.143481869253705,10.331897193736983,3.214326864794087,25.143481869253705,10.331897193736983
4202,587211.4030822855,517576.7910001389,N,25.836903755623123,7.093437594839991,2.663350820834535,25.836903755623123,7.093437594839991
4203,587211.6911390077,517576.7910001389,N,26.40961272784577,4.13592568164059,2.033697539370245,26.40961272784577,4.13592568164059
4204,587211.9791957298,517576.7910001389,N,26.33713554547858,5.025668532314988,2.2418002882315338,26.33713554547858,5.025668532314988
4205,587212.2672524521,517576.7910001389,N,25.862408268459237,8.00459283651053,2.8292389147101966,25.862408268459237,8.00459283651053
4206,587212.5553091742,517576.7910001389,N,25.36318610424684,10.529065778387373,3.244852196693614,25.36318610424684,10.529065778387373
4207,587212.8433658964,517576.7910001389,N,24.900105155843775,12.341218339542186,3.513007022415723,24.900105155843775,12.341218339542186
4208,587213.1314226185,517576.7910001389,N,24.483306205621943,13.561639429866231,3.6826131251960517,24.483306205621943,13.561639429866231
4209,587213.4194793407,517576.7910001389,N,24.11348678531479,14.395444667550581,3.7941329269743016,24.11348678531479,14.395444667550581
4210,587213.7075360628,517576.7910001389,N,23.788759230439595,15.058610201624182,3.880542513827697,23.788759230439595,15.058610201624182
4211,587213.995592785,517576.7910001389,N,23.506578214705208,15.717030358909867,3.964471006188577,23.506578214705208,15.717030358909867
4212,587214.2836495071,517576.7910001389,N,23.264333073078035,16.44279552212359,4.054971704232175,23.264333073078035,16.44279552212359
4213,587214.5717062292,517576.7910001389,N,23.05910692757945,17.219149661492004,4.149596325125133,23.05910692757945,17.219149661492004
4214,587214.8597629514,517576.7910001389,N,22.88697670839165,17.98580382429434,4.240967321766856,22.88697670839165,17.98580382429434
4215,587215.1478196735,517576.7910001389,N,22.74235594771259,18.68576616459177,4.322703571214636,22.74235594771259,18.68576616459177
4216,587215.4358763958,517576.7910001389,N,22.617675865404617,19.291301061484607,4.392186364612117,22.617675865404617,19.291301061484607
4217,587215.7239331179,517576.7910001389,N,22.503501027585894,19.810799310469083,4.450932409110375,22.503501027585894,19.810799310469083
4218,587216.0119898401,517576.7910001389,N,22.389162084513544,20.284293256062195,4.5038087499428965,22.389162084513544,20.284293256062195
4219,587216.3000465622,517576.7910001389,N,22.263984624599967,20.771733800396873,4.557601759741287,22.263984624599967,20.771733800396873
4220,587216.5881032844,517576.7910001389,N,22.119001218736237,21.336007783822588,4.619091662201844,22.119001218736237,21.336007783822588
4221,587208.522515064,517577.07905686105,N,20.60468186334641,25.104826914733298,5.010471725769271,20.60468186334641,25.104826914733298
4222,587208.8105717861,517577.07905686105,N,20.9476891832229,24.103255575501294,4.909506652964358,20.9476891832229,24.103255575501294
4223,587209.0986285083,517577.07905686105,N,21.325021034046497,23.060440433417856,4.8021287397796675,21.325021034046497,23.060440433417856
4224,587209.3866852304,517577.07905686105,N,21.737505146619856,21.974378255739044,4.687683677013525,21.737505146619856,21.974378255739044
4225,587209.6747419527,517577.07905686105,N,22.185656470852543,20.82660553302761,4.563617592768659,22.185656470852543,20.82660553302761
4226,587209.9627986748,517577.07905686105,N,22.66960728398641,19.57437105502924,4.424293283116439,22.66960728398641,19.57437105502924
4227,587210.250855397,517577.07905686105,N,23.18869906051868,18.14970565893768,4.26024713589924,23.18869906051868,18.14970565893768
4228,587210.5389121191,517577.07905686105,N,23.740319250767726,16.470746812311997,4.058416786422015,23.740319250767726,16.470746812311997
4229,587210.8269688413,517577.07905686105,N,24.316948888041797,14.47107953291433,3.8040872141572057,24.316948888041797,14.47107953291433
4230,587211.1150255634,517577.07905686105,N,24.898383077972202,12.164317002201102,3.4877380925466728,24.898383077972202,12.164317002201102
4231,587211.4030822855,517577.07905686105,N,25.43047762058751,9.801471361367815,3.1307301642536705,25.43047762058751,9.801471361367815
4232,587211.6911390077,517577.07905686105,N,25.783458746467126,8.168971065479441,2.85814119061313,25.783458746467126,8.168971065479441
4233,587211.9791957298,517577.07905686105,N,25.801105248793004,8.247599694182139,2.871863453262035,25.801105248793004,8.247599694182139
4234,587212.2672524521,517577.07905686105,N,25.5394205683522,9.580955471002467,3.0953118535944752,25.5394205683522,9.580955471002467
4235,587212.5553091742,517577.07905686105,N,25.167412544067155,11.033709570747469,3.321702811924551,25.167412544067155,11.033709570747469
4236,587212.8433658964,517577.07905686105,N,24.777526964536193,12.097552273708075,3.478153572473199,24.777526964536193,12.097552273708075
4237,587213.1314226185,517577.07905686105,N,24.404773884085355,12.731128021710397,3.5680706301459892,24.404773884085355,12.731128021710397
4238,587213.4194793407,517577.07905686105,N,24.06107210825298,13.115512089130036,3.6215344937098193,24.06107210825298,13.115512089130036
4239,587213.7075360628,517577.07905686105,N,23.749294095685002,13.5207736962967,3.6770604694914524,23.749294095685002,13.5207736962967
4240,587213.995592785,517577.07905686105,N,23.469139852183762,14.165484654678055,3.763706239158159,23.469139852183762,14.165484654678055
4241,587214.2836495071,517577.07905686105,N,23.219773156966536,15.100748790884367,3.8859681922121245,23.219773156966536,15.100748790884367
4242,587214.5717062292,517577.07905686105,N,23.000107671164113,16.225104265144534,4.028039754662872,23.000107671164113,16.225104265144534
4243,587214.8597629514,517577.07905686105,N,22.80790300846136,17.392795874808687,4.170467105110492,22.80790300846136,17.392795874808687
4244,587215.1478196735,517577.07905686105,N,22.639100553148218,18.494262208451456,4.300495577076141,22.639100553148218,18.494262208451456
4245,587215.4358763958,517577.07905686105,N,22.487785536519546,19.47726704826478,4.413305682622129,22.487785536519546,19.47726704826478
4246,587215.7239331179,517577.07905686105,N,22.34658182788401,20.338273256562367,4.5097974740072715,22.34658182788401,20.338273256562367
4247,587216.0119898401,517577.07905686105,N,22.207352478586067,21.1068847814617,4.594222979075101,22.207352478586067,21.1068847814617
4248,587216.3000465622,517577.07905686105,N,22.062167658953356,21.8302877095073,4.672289343513231,22.062167658953356,21.8302877095073
4249,587208.8105717861,517577.3671135832,N,20.923838995469993,25.350586872663946,5.034936630451663,20.923838995469993,25.350586872663946
4250,587209.0986285083,517577.3671135832,N,21.288114957644574,24.37285425255801,4.936887101459583,21.288114957644574,24.37285425255801
4251,587209.3866852304,517577.3671135832,N,21.683221180788973,23.335013833720204,4.830632860580506,21.683221180788973,23.335013833720204
4252,587209.6747419527,517577.3671135832,N,22.108720074453686,22.21758552205958,4.713553385935029,22.108720074453686,22.21758552205958
4253,587209.9627986748,517577.3671135832,N,22.563103870360294,20.988131138987164,4.581280513021132,22.563103870360294,20.988131138987164
4254,587210.250855397,517577.3671135832,N,23.04296908943219,19.60516473050459,4.427771982668551,23.04296908943219,19.60516473050459
4255,587210.5389121191,517577.3671135832,N,23.541293213236216,18.032117008646267,4.246424026006619,23.541293213236216,18.032117008646267
4256,587210.8269688413,517577.3671135832,N,24.043974421225556,16.266571700271566,4.033183816821589,24.043974421225556,16.266571700271566
4257,587211.1150255634,517577.3671135832,N,24.523305298525415,14.39219005254778,3.793704001704374,24.523305298525415,14.39219005254778
4258,587211.4030822855,517577.3671135832,N,24.928414829604563,12.65103886768262,3.556829890180668,24.928414829604563,12.65103886768262
4259,587211.6911390077,517577.3671135832,N,25.1844582214243,11.45259806870332,3.3841687411686965,25.1844582214243,11.45259806870332
4260,587211.9791957298,517577.3671135832,N,25.233151422557395,11.096941595173819,3.3312072278940885,25.233151422557395,11.096941595173819
4261,587212.2672524521,517577.3671135832,N,25.09341960696935,11.37955333650862,3.3733593547839846,25.09341960696935,11.37955333650862
4262,587212.5553091742,517577.3671135832,N,24.83966315550617,11.78301234940243,3.4326392687555196,24.83966315550617,11.78301234940243
4263,587212.8433658964,517577.3671135832,N,24.53813542498121,11.935580395781491,3.4547909337297806,24.53813542498121,11.935580395781491
4264,587213.1314226185,517577.3671135832,N,24.227570227327924,11.75911705850672,3.4291569019959875,24.227570227327924,11.75911705850672
4265,587213.4194793407,517577.3671135832,N,23.926206574176792,11.455835365929849,3.3846470075814183,23.926206574176792,11.455835365929849
4266,587213.7075360628,517577.3671135832,N,23.64046025066711,11.438604051400109,3.3821005383341443,23.64046025066711,11.438604051400109
4267,587213.995592785,517577.3671135832,N,23.3720094103595,12.07152539299271,3.4744100784151417,23.3720094103595,12.07152539299271
4268,587214.2836495071,517577.3671135832,N,23.12287907817648,13.346172115114591,3.653241316299074,23.12287907817648,13.346172115114591
4269,587214.5717062292,517577.3671135832,N,22.89546150939951,14.960942356008076,3.8679377394172305,22.89546150939951,14.960942356008076
4270,587214.8597629514,517577.3671135832,N,22.690172614663158,16.623563164332843,4.0772004076734865,22.690172614663158,16.623563164332843
4271,587215.1478196735,517577.3671135832,N,22.50476782904366,18.168357882910566,4.262435674929367,22.50476782904366,18.168357882910566
4272,587215.4358763958,517577.3671135832,N,22.334905116385713,19.533239780413485,4.419642494638394,22.334905116385713,19.533239780413485
4273,587215.7239331179,517577.3671135832,N,22.174919036040983,20.717620526233624,4.551661293004305,22.174919036040983,20.717620526233624
4274,587216.0119898401,517577.3671135832,N,22.018584957924965,21.753204606462084,4.664033083765818,22.018584957924965,21.753204606462084
4275,587209.3866852304,517577.65517030534,N,21.584461185300874,24.59610040326175,4.9594455741808225,21.584461185300874,24.59610040326175
4276,587209.6747419527,517577.65517030534,N,21.98150418153279,23.533291084726372,4.85111235540122,21.98150418153279,23.533291084726372
4277,587209.9627986748,517577.65517030534,N,22.399789328026856,22.367772894726077,4.729457991644082,22.399789328026856,22.367772894726077
4278,587210.250855397,517577.65517030534,N,22.833743718928453,21.079050818815116,4.591192744681399,22.833743718928453,21.079050818815116
4279,587210.5389121191,517577.65517030534,N,23.273699091844943,19.65944555006183,4.43389733192615,23.273699091844943,19.65944555006183
4280,587210.8269688413,517577.65517030534,N,23.703385358193863,18.13456111708473,4.25846933969058,23.703385358193863,18.13456111708473
4281,587211.1150255634,517577.65517030534,N,24.096775243934395,16.58898635665847,4.072957937010702,24.096775243934395,16.58898635665847
4282,587211.4030822855,517577.65517030534,N,24.416608289547266,15.179714807990639,3.896115348393915,24.416608289547266,15.179714807990639
4283,587211.6911390077,517577.65517030534,N,24.621081747966986,14.09200677947781,3.753932175662982,24.621081747966986,14.09200677947781
4284,587211.9791957298,517577.65517030534,N,24.683923280347827,13.405858460289439,3.6614011607975216,24.683923280347827,13.405858460289439
4285,587212.2672524521,517577.65517030534,N,24.61348459502676,12.980441662210632,3.602838001105605,24.61348459502676,12.980441662210632
4286,587212.5553091742,517577.65517030534,N,24.446369861537057,12.522515242052954,3.5387166094578633,24.446369861537057,12.522515242052954
4287,587212.8433658964,517577.65517030534,N,24.22421387600968,11.769457222716722,3.430664253860573,24.22421387600968,11.769457222716722
4288,587213.1314226185,517577.65517030534,N,23.978587574583337,10.634494702102788,3.2610572981937604,23.978587574583337,10.634494702102788
4289,587213.4194793407,517577.65517030534,N,23.727565819995192,9.348528045421737,3.0575362704997855,23.727565819995192,9.348528045421737
4290,587213.7075360628,517577.65517030534,N,23.476749516585066,8.640991669390672,2.9395563728887173,23.476749516585066,8.640991669390672
4291,587213.995592785,517577.65517030534,N,23.225920509131594,9.3500802859553,3.0577900984134443,23.225920509131594,9.3500802859553
4292,587214.2836495071,517577.65517030534,N,22.981100201194387,11.266263782834107,3.3565255522391166,22.981100201194387,11.266263782834107
4293,587214.5717062292,517577.65517030534,N,22.750823713575326,13.58672341251536,3.686017283263246,22.750823713575326,13.58672341251536
4294,587214.8597629514,517577.65517030534,N,22.538521856691347,15.833361450215339,3.9791156618293138,22.538521856691347,15.833361450215339
4295,587215.1478196735,517577.65517030534,N,22.343323036168222,17.835559540646003,4.223216729063997,22.343323036168222,17.835559540646003
4296,587215.4358763958,517577.65517030534,N,22.16203215575626,19.561107951906198,4.422794134018245,22.16203215575626,19.561107951906198
4297,587215.7239331179,517577.65517030534,N,21.99028348563718,21.033722962115444,4.586253695786512,21.99028348563718,21.033722962115444
4298,587209.6747419527,517577.94322702754,N,21.814809556920963,24.77991812412099,4.977943162001852,21.814809556920963,24.77991812412099
4299,587209.9627986748,517577.94322702754,N,22.194441906957742,23.698553114390315,4.8681159717482405,22.194441906957742,23.698553114390315
4300,587210.250855397,517577.94322702754,N,22.58149797711067,22.52173459113208,4.745706964313334,22.58149797711067,22.52173459113208
4301,587210.5389121191,517577.94322702754,N,22.965602925799068,21.254728160719477,4.610285041157377,22.965602925799068,21.254728160719477
4302,587210.8269688413,517577.94322702754,N,23.33143330618175,19.92628547780291,4.463886812835078,23.33143330618175,19.92628547780291
4303,587211.1150255634,517577.94322702754,N,23.65790578846733,18.596326178547123,4.312345786059732,23.65790578846733,18.596326178547123
4304,587211.4030822855,517577.94322702754,N,23.91949289155213,17.348548931988887,4.1651589323804785,23.91949289155213,17.348548931988887
4305,587211.6911390077,517577.94322702754,N,24.0918666368726,16.25307416896359,4.031510159848737,24.0918666368726,16.25307416896359
4306,587211.9791957298,517577.94322702754,N,24.161495056925247,15.304083129850723,3.9120433445771945,24.161495056925247,15.304083129850723
4307,587212.2672524521,517577.94322702754,N,24.132806018444597,14.379024879076486,3.7919684702112813,24.132806018444597,14.379024879076486
4308,587212.5553091742,517577.94322702754,N,24.025887801441154,13.265659099416345,3.6422052522361152,24.025887801441154,13.265659099416345
4309,587212.8433658964,517577.94322702754,N,23.867013531855584,11.737864670950863,3.4260567232535517,23.867013531855584,11.737864670950863
4310,587213.1314226185,517577.94322702754,N,23.679970628104723,9.639103034233726,3.1046904892812948,23.679970628104723,9.639103034233726
4311,587213.4194793407,517577.94322702754,N,23.481191356511726,7.038508145705415,2.6530186855175777,23.481191356511726,7.038508145705415
4312,587213.7075360628,517577.94322702754,N,23.27316772066119,4.970060598190609,2.2293632719210676,23.27316772066119,4.970060598190609
4313,587213.995592785,517577.94322702754,N,23.04051499835412,6.11455842610132,2.472763317849349,23.04051499835412,6.11455842610132
4314,587214.2836495071,517577.94322702754,N,22.799623897632156,9.270555293652158,3.0447586593443097,22.799623897632156,9.270555293652158
4315,587214.5717062292,517577.94322702754,N,22.570407912143224,12.462327066412278,3.530202128265785,22.570407912143224,12.462327066412278
4316,587214.8597629514,517577.94322702754,N,22.35686248281669,15.273925310457692,3.9081869595066316,22.35686248281669,15.273925310457692
4317,587215.1478196735,517577.94322702754,N,22.158170486132686,17.666674345259974,4.203174317734154,22.158170486132686,17.666674345259974
4318,587215.4358763958,517577.94322702754,N,21.971766185467466,19.681411390664646,4.436373675724876,21.971766185467466,19.681411390664646
4319,587209.9627986748,517578.2312837497,N,21.960521638667952,24.964338805148376,4.996432607886188,21.960521638667952,24.964338805148376
4320,587210.250855397,517578.2312837497,N,22.303159662640343,23.89728607127618,4.8884850486910745,22.303159662640343,23.89728607127618
4321,587210.5389121191,517578.2312837497,N,22.637290694619928,22.76302370285821,4.7710610667710185,22.637290694619928,22.76302370285821
4322,587210.8269688413,517578.2312837497,N,22.94983567795306,21.582867727230408,4.645736510740833,22.94983567795306,21.582867727230408
4323,587211.1150255634,517578.2312837497,N,23.22469841122763,20.390799740281146,4.515617315526322,23.22469841122763,20.390799740281146
4324,587211.4030822855,517578.2312837497,N,23.444509414894156,19.222497883773766,4.384346916448762,23.444509414894156,19.222497883773766
4325,587211.6911390077,517578.2312837497,N,23.59435263708489,18.09092448152874,4.253342742071081,23.59435263708489,18.09092448152874
4326,587211.9791957298,517578.2312837497,N,23.666539551685787,16.955919952176284,4.1177566650029584,23.666539551685787,16.955919952176284
4327,587212.2672524521,517578.2312837497,N,23.663688794637753,15.707132227896688,3.963222455010151,23.663688794637753,15.707132227896688
4328,587212.5553091742,517578.2312837497,N,23.597762994429836,14.174581206202218,3.764914501844925,23.597762994429836,14.174581206202218
4329,587212.8433658964,517578.2312837497,N,23.485805226623498,12.158485052230686,3.486901927532618,23.485805226623498,12.158485052230686
4330,587213.1314226185,517578.2312837497,N,23.345305462219294,9.456829778984266,3.07519589278216,23.345305462219294,9.456829778984266
4331,587213.4194793407,517578.2312837497,N,23.191265651569264,5.878005043123541,2.424459742524825,23.191265651569264,5.878005043123541
4332,587213.7075360628,517578.2312837497,N,23.035138813148233,1.2396909558634992,1.1134140990051722,23.035138813148233,1.2396909558634992
4333,587213.995592785,517578.2312837497,N,22.81236796111642,3.975822032641033,1.9939463464800233,22.81236796111642,3.975822032641033
4334,587214.2836495071,517578.2312837497,N,22.578366289711493,8.408807541476026,2.8997943964143436,22.578366289711493,8.408807541476026
4335,587214.5717062292,517578.2312837497,N,22.357041675256657,12.12502767198775,3.482101042759637,22.357041675256657,12.12502767198775
4336,587214.8597629514,517578.2312837497,N,22.148772822857254,15.233829728557073,3.903053897726378,22.148772822857254,15.233829728557073
4337,587215.1478196735,517578.2312837497,N,21.95261422769328,17.831919159742544,4.222785710848059,21.95261422769328,17.831919159742544
4338,587215.4358763958,517578.2312837497,N,21.766690524600524,20.005491997089383,4.472749936793849,21.766690524600524,20.005491997089383
4339,587210.250855397,517578.51934047183,N,22.011435402016275,25.187327623189017,5.0186978015406565,22.011435402016275,25.187327623189017
4340,587210.5389121191,517578.51934047183,N,22.302257608521007,24.163932857481186,4.915682338951652,22.302257608521007,24.163932857481186
4341,587210.8269688413,517578.51934047183,N,22.5709399801124,23.096495496900815,4.805881344446699,22.5709399801124,23.096495496900815
4342,587211.1150255634,517578.51934047183,N,22.805431075923092,21.999762554542347,4.690390447984298,22.805431075923092,21.999762554542347
4343,587211.4030822855,517578.51934047183,N,22.99373177142189,20.882095282257602,4.569693127799459,22.99373177142189,20.882095282257602
4344,587211.6911390077,517578.51934047183,N,23.126215570874784,19.73094269931587,4.4419525773375685,23.126215570874784,19.73094269931587
4345,587211.9791957298,517578.51934047183,N,23.198126577039243,18.49811242663331,4.300943201977132,23.198126577039243,18.49811242663331
4346,587212.2672524521,517578.51934047183,N,23.21103101399003,17.093678831843484,4.134450245418789,23.21103101399003,17.093678831843484
4347,587212.5553091742,517578.51934047183,N,23.17232043651226,15.394983266680061,3.9236441309935413,23.17232043651226,15.394983266680061
4348,587212.8433658964,517578.51934047183,N,23.093003387620886,13.271683311071282,3.6430321589400334,23.093003387620886,13.271683311071282
4349,587213.1314226185,517578.51934047183,N,22.98481078678377,10.635391804494567,3.2611948430743243,22.98481078678377,10.635391804494567
4350,587213.4194793407,517578.51934047183,N,22.85692864956696,7.596952335803315,2.756256942994124,22.85692864956696,7.596952335803315
4351,587213.7075360628,517578.51934047183,N,22.708521642264024,5.245393025175064,2.2902823025066286,22.708521642264024,5.245393025175064
4352,587213.995592785,517578.51934047183,N,22.523429745437987,6.344601261481869,2.5188491938744306,22.523429745437987,6.344601261481869
4353,587214.2836495071,517578.51934047183,N,22.318561630784103,9.59529199388089,3.0976268325737513,22.318561630784103,9.59529199388089
4354,587214.5717062292,517578.51934047183,N,22.115090452506614,12.921474144599099,3.5946452042724744,22.115090452506614,12.921474144599099
4355,587214.8597629514,517578.51934047183,N,21.918684168583457,15.882385443964592,3.9852710627966816,21.918684168583457,15.882385443964592
4356,587215.1478196735,517578.51934047183,N,21.730402550096926,18.43088393648496,4.293120535983698,21.730402550096926,18.43088393648496
4357,587210.5389121191,517578.807397194,N,21.969136546363217,25.457379861152077,5.0455306818165395,21.969136546363217,25.457379861152077
4358,587210.8269688413,517578.807397194,N,22.201654252284133,24.481319021873496,4.947860044693412,22.201654252284133,24.481319021873496
4359,587211.1150255634,517578.807397194,N,22.40388985990797,23.46196403286816,4.843755158228805,22.40388985990797,23.46196403286816
4360,587211.4030822855,517578.807397194,N,22.56735452617932,22.394667248387357,4.732300418230795,22.56735452617932,22.394667248387357
4361,587211.6911390077,517578.807397194,N,22.685520927832748,21.259323419892915,4.6107833846205475,22.685520927832748,21.259323419892915
4362,587211.9791957298,517578.807397194,N,22.75518681704354,20.01455256586797,4.473762685466001,22.75518681704354,20.01455256586797
4363,587212.2672524521,517578.807397194,N,22.77718889966829,18.5989414322315,4.312649004061367,22.77718889966829,18.5989414322315
4364,587212.5553091742,517578.807397194,N,22.75606666061725,16.944638739576163,4.1163866120149795,22.75606666061725,16.944638739576163
4365,587212.8433658964,517578.807397194,N,22.698720779926163,15.010357612978721,3.874320277542723,22.698720779926163,15.010357612978721
4366,587213.1314226185,517578.807397194,N,22.61239530973604,12.852910882755157,3.5850956588011926,22.61239530973604,12.852910882755157
4367,587213.4194793407,517578.807397194,N,22.50213371018067,10.785173020796991,3.2840787172047188,22.50213371018067,10.785173020796991
4368,587213.7075360628,517578.807397194,N,22.36828543451557,9.596908659200874,3.0978877738228148,22.36828543451557,9.596908659200874
4369,587213.995592785,517578.807397194,N,22.209836657674188,10.144896208723372,3.1851053685433035,22.209836657674188,10.144896208723372
4370,587214.2836495071,517578.807397194,N,22.034322250191114,12.133833398593879,3.4833652404813766,22.034322250191114,12.133833398593879
4371,587214.5717062292,517578.807397194,N,21.85297411830576,14.651163900068989,3.8276838819407475,21.85297411830576,14.651163900068989
4372,587214.8597629514,517578.807397194,N,21.67256750838349,17.156661131153964,4.142060010568891,21.67256750838349,17.156661131153964
4373,587210.8269688413,517579.0954539161,N,21.845799804219943,25.756911306288497,5.075126728101329,21.845799804219943,25.756911306288497
4374,587211.1150255634,517579.0954539161,N,22.021709240279023,24.810981727692063,4.981062309155755,22.021709240279023,24.810981727692063
4375,587211.4030822855,517579.0954539161,N,22.16489833148983,23.805792801047343,4.879118035162435,22.16489833148983,23.805792801047343
4376,587211.6911390077,517579.0954539161,N,22.270728325205177,22.723244904531562,4.766890485896604,22.270728325205177,22.723244904531562
4377,587211.9791957298,517579.0954539161,N,22.336859902283287,21.535307192829993,4.64061495847587,22.336859902283287,21.535307192829993
4378,587212.2672524521,517579.0954539161,N,22.363608015104397,20.209625501694248,4.495511706323792,22.363608015104397,20.209625501694248
4379,587212.5553091742,517579.0954539161,N,22.353687698860636,18.725384488234884,4.3272837309604375,22.353687698860636,18.725384488234884
4380,587212.8433658964,517579.0954539161,N,22.311358826952524,17.104661544599235,4.1357782272021355,22.311358826952524,17.104661544599235
4381,587213.1314226185,517579.0954539161,N,22.241158765629855,15.46524668645257,3.9325877849645736,22.241158765629855,15.46524668645257
4382,587213.4194793407,517579.0954539161,N,22.146587366119483,14.086284290868472,3.7531698990144946,22.146587366119483,14.086284290868472
4383,587213.7075360628,517579.0954539161,N,22.02965154881733,13.40100120465271,3.6607377951244624,22.02965154881733,13.40100120465271
4384,587213.995592785,517579.0954539161,N,21.892659472417723,13.744837353088657,3.7074030470247847,21.892659472417723,13.744837353088657
4385,587214.2836495071,517579.0954539161,N,21.74067548006657,15.027005460704098,3.876468168411047,21.74067548006657,15.027005460704098
4386,587214.5717062292,517579.0954539161,N,21.580342786582804,16.847219982629298,4.10453651252237,21.580342786582804,16.847219982629298
4387,587211.4030822855,517579.3835106383,N,21.785647005485085,25.140365381542924,5.014016890831434,21.785647005485085,25.140365381542924
4388,587211.6911390077,517579.3835106383,N,21.88059085253273,24.13933642384552,4.913179868867567,21.88059085253273,24.13933642384552
4389,587211.9791957298,517579.3835106383,N,21.942453114295038,23.052734986855032,4.801326377872581,21.942453114295038,23.052734986855032
4390,587212.2672524521,517579.3835106383,N,21.971202117678033,21.871186758464503,4.6766640630330185,21.971202117678033,21.871186758464503
4391,587212.5553091742,517579.3835106383,N,21.968417912474077,20.604030518729036,4.539166280136588,21.968417912474077,20.604030518729036
4392,587212.8433658964,517579.3835106383,N,21.936767679018235,19.301216636077616,4.393314993951335,21.936767679018235,19.301216636077616
4393,587213.1314226185,517579.3835106383,N,21.87928846507611,18.07975579729266,4.252029609174031,21.87928846507611,18.07975579729266
4394,587213.4194793407,517579.3835106383,N,21.79877614878069,17.136856830025184,4.139668686021284,21.79877614878069,17.136856830025184
4395,587213.7075360628,517579.3835106383,N,21.697720931101454,16.70877496484462,4.087636843561891,21.697720931101454,16.70877496484462
4396,587213.995592785,517579.3835106383,N,21.57899461694372,16.95118771540993,4.117182011450299,21.57899461694372,16.95118771540993
4397,587214.2836495071,517579.3835106383,N,21.446517325780285,17.82983490780782,4.222538917263856,21.446517325780285,17.82983490780782
4398,587211.6911390077,517579.67156736046,N,21.514030695356954,25.505594606955714,5.050306387433906,21.514030695356954,25.505594606955714
4399,587211.9791957298,517579.67156736046,N,21.571307628180335,24.54186489034985,4.95397465580415,21.571307628180335,24.54186489034985
4400,587212.2672524521,517579.67156736046,N,21.6003912785971,23.522224925899565,4.8499716417624095,21.6003912785971,23.522224925899565
4401,587212.5553091742,517579.67156736046,N,21.602179824203237,22.47050311517516,4.740306225886167,21.602179824203237,22.47050311517516
4402,587212.8433658964,517579.67156736046,N,21.578398698093658,21.44130133431794,4.630475281687393,21.578398698093658,21.44130133431794
4403,587213.1314226185,517579.67156736046,N,21.531210024239936,20.529586696332007,4.530958695059138,21.531210024239936,20.529586696332007
4404,587213.4194793407,517579.67156736046,N,21.46291174527381,19.866142091040874,4.457145060578674,21.46291174527381,19.866142091040874
4405,587213.7075360628,517579.67156736046,N,21.37589790744102,19.585200033883957,4.425516922788112,21.37589790744102,19.585200033883957
4406,587213.995592785,517579.67156736046,N,21.272871787491304,19.767824373619376,4.4461021551038815,21.272871787491304,19.767824373619376
4407,587211.9791957298,517579.9596240826,N,21.222702146564252,25.97552815805527,5.096619287140768,21.222702146564252,25.97552815805527
4408,587212.2672524521,517579.9596240826,N,21.25114401067191,25.113292614937354,5.01131645527773,21.25114401067191,25.113292614937354
4409,587212.5553091742,517579.9596240826,N,21.255863046607388,24.253280344087038,4.92476195811402,21.255863046607388,24.253280344087038
4410,587212.8433658964,517579.9596240826,N,21.238016663689397,23.444301567090438,4.841931594631469,21.238016663689397,23.444301567090438
4411,587213.1314226185,517579.9596240826,N,21.199207076688978,22.757637704108586,4.770496588837329,21.199207076688978,22.757637704108586
4412,587213.4194793407,517579.9596240826,N,21.14131305521372,22.27920095961775,4.720084846654533,21.14131305521372,22.27920095961775
4413,587213.7075360628,517579.9596240826,N,21.06643329937819,22.088796740393768,4.699871991915712,21.06643329937819,22.088796740393768
4414,587213.995592785,517579.9596240826,N,20.976916672656674,22.232141639482567,4.7150972036091225,20.976916672656674,22.232141639482567
4415,587212.2672524521,517580.24768080475,N,20.923068355284336,26.61174503000833,5.158657289451232,20.923068355284336,26.61174503000833
4416,587212.5553091742,517580.24768080475,N,20.929637162872808,25.9133720731412,5.0905178590337155,20.929637162872808,25.9133720731412
4417,587212.8433658964,517580.24768080475,N,20.9163256988569,25.27687643043807,5.027611404080279,20.9163256988569,25.27687643043807
4418,587213.1314226185,517580.24768080475,N,20.884348857571453,24.754147992922036,4.975354057041773,20.884348857571453,24.754147992922036
4419,587213.4194793407,517580.24768080475,N,20.83522914290179,24.402153091692334,4.939853549619901,20.83522914290179,24.402153091692334
4420,587213.7075360628,517580.24768080475,N,20.77073345521922,24.2703024473092,4.926489870821739,20.77073345521922,24.2703024473092
4421,587212.5553091742,517580.5357375269,N,20.623204704501163,27.433937026745053,5.237741596026388,20.623204704501163,27.433937026745053
4422,587212.8433658964,517580.5357375269,N,20.61338219458613,26.931282923413317,5.189535906361312,20.61338219458613,26.931282923413317
4423,587213.1314226185,517580.5357375269,N,20.58698172560794,26.529177472231044,5.150648257475077,20.58698172560794,26.529177472231044
4424,587213.4194793407,517580.5357375269,N,20.545229632238932,26.265989160878206,5.125035527767413,20.545229632238932,26.265989160878206
4425,587213.1314226185,517580.8237942491,N,20.307004552452284,28.100555771169365,5.300995733932387,20.307004552452284,28.100555771169365
