grid_id,X,Y,Variable,Prediccion,Varianza_kriging,Error_estandar_kriging,var1.pred,var1.var
1,587191.5271684568,517550.00172497844,CE_corregida_OLS,490.08249049498505,5403.197562123358,73.50644571820459,490.08249049498505,5403.197562123358
2,587191.2391117347,517550.2897817006,CE_corregida_OLS,489.7152353232017,5175.613541225746,71.9417371296089,489.7152353232017,5175.613541225746
3,587191.5271684568,517550.2897817006,CE_corregida_OLS,490.1407561366468,5200.1551218591585,72.11210107782992,490.1407561366468,5200.1551218591585
4,587191.815225179,517550.2897817006,CE_corregida_OLS,490.5637400132141,5239.656273430589,72.38547004358395,490.5637400132141,5239.656273430589
5,587190.9510550125,517550.5778384228,CE_corregida_OLS,489.22548270630307,4927.65948693045,70.19728974063351,489.22548270630307,4927.65948693045
6,587191.2391117347,517550.5778384228,CE_corregida_OLS,489.7022331693962,4938.010413959613,70.27097846166377,489.7022331693962,4938.010413959613
7,587191.5271684568,517550.5778384228,CE_corregida_OLS,490.1914741830668,4969.840361011438,70.49709469908272,490.1914741830668,4969.840361011438
8,587191.815225179,517550.5778384228,CE_corregida_OLS,490.678863352982,5020.034596439342,70.85220248121678,490.678863352982,5020.034596439342
9,587192.1032819011,517550.5778384228,CE_corregida_OLS,491.14948171754713,5084.6149687689285,71.30648616198198,491.14948171754713,5084.6149687689285
10,587190.6629982904,517550.86589514493,CE_corregida_OLS,488.6057734746303,4667.989160627781,68.32268408535909,488.6057734746303,4667.989160627781
11,587190.9510550125,517550.86589514493,CE_corregida_OLS,489.11938038601176,4652.662234505753,68.21042614223835,489.11938038601176,4652.662234505753
12,587191.2391117347,517550.86589514493,CE_corregida_OLS,489.66677245807733,4667.085424107733,68.31607002827178,489.66677245807733,4667.085424107733
13,587191.5271684568,517550.86589514493,CE_corregida_OLS,490.2321625202137,4708.7842615449845,68.6205819091108,490.2321625202137,4708.7842615449845
14,587191.815225179,517550.86589514493,CE_corregida_OLS,490.7968079871741,4773.081740592337,69.08749337320278,490.7968079871741,4773.081740592337
15,587192.1032819011,517550.86589514493,CE_corregida_OLS,491.3411208713355,4854.212318816297,69.67217750878967,491.3411208713355,4854.212318816297
16,587192.3913386234,517550.86589514493,CE_corregida_OLS,491.8468994690199,4946.424465261282,70.33082158812935,491.8468994690199,4946.424465261282
17,587192.6793953455,517550.86589514493,CE_corregida_OLS,492.29917914762086,5044.743881152144,71.02636046674604,492.29917914762086,5044.743881152144
18,587190.3749415682,517551.1539518671,CE_corregida_OLS,487.8611343395016,4413.519737439841,66.4343264994825,487.8611343395016,4413.519737439841
19,587190.6629982904,517551.1539518671,CE_corregida_OLS,488.3861503778456,4356.511661419369,66.00387610905415,488.3861503778456,4356.511661419369
20,587190.9510550125,517551.1539518671,CE_corregida_OLS,488.9712065997668,4337.823784677602,65.86215745538254,488.9712065997668,4337.823784677602
21,587191.2391117347,517551.1539518671,CE_corregida_OLS,489.6026105222944,4358.092266714016,66.01584860254404,489.6026105222944,4358.092266714016
22,587191.5271684568,517551.1539518671,CE_corregida_OLS,490.25992782449794,4413.3933514278,66.43337528251745,490.25992782449794,4413.3933514278
23,587191.815225179,517551.1539518671,CE_corregida_OLS,490.91818682657237,4496.50655183036,67.05599564416563,490.91818682657237,4496.50655183036
24,587192.1032819011,517551.1539518671,CE_corregida_OLS,491.55123184026843,4598.9320527932205,67.81542636298337,491.55123184026843,4598.9320527932205
25,587192.3913386234,517551.1539518671,CE_corregida_OLS,492.1351403615256,4712.705076915897,68.64914476463561,492.1351403615256,4712.705076915897
26,587192.6793953455,517551.1539518671,CE_corregida_OLS,492.6508610529277,4831.445991134955,69.50860372022268,492.6508610529277,4831.445991134955
27,587192.9674520676,517551.1539518671,CE_corregida_OLS,493.08571812850755,4950.630203107301,70.36071491327601,493.08571812850755,4950.630203107301
28,587190.3749415682,517551.4420085892,CE_corregida_OLS,487.51481499274934,4074.267785313422,63.82999126831698,487.51481499274934,4074.267785313422
29,587190.6629982904,517551.4420085892,CE_corregida_OLS,488.1019168636315,4000.124189773861,63.24653500211581,488.1019168636315,4000.124189773861
30,587190.9510550125,517551.4420085892,CE_corregida_OLS,488.76969759706145,3976.937215355317,63.062962310339636,488.76969759706145,3976.937215355317
31,587191.2391117347,517551.4420085892,CE_corregida_OLS,489.5019046072719,4005.8098571672804,63.29146749102347,489.5019046072719,4005.8098571672804
32,587191.5271684568,517551.4420085892,CE_corregida_OLS,490.2715491406293,4080.264888744021,63.87695115410582,490.2715491406293,4080.264888744021
33,587191.815225179,517551.4420085892,CE_corregida_OLS,491.04454410338366,4188.782169144084,64.72080167260047,491.04454410338366,4188.782169144084
34,587192.1032819011,517551.4420085892,CE_corregida_OLS,491.7853158998672,4318.622833854547,65.71622960771978,491.7853158998672,4318.622833854547
35,587192.3913386234,517551.4420085892,CE_corregida_OLS,492.46212319476786,4458.820745666658,66.77440187427108,492.46212319476786,4458.820745666658
36,587192.6793953455,517551.4420085892,CE_corregida_OLS,493.05072406805516,4601.466159993979,67.83410764500393,493.05072406805516,4601.466159993979
37,587192.9674520676,517551.4420085892,CE_corregida_OLS,493.536139207483,4741.622762068396,68.85944206910477,493.536139207483,4741.622762068396
38,587193.2555087898,517551.4420085892,CE_corregida_OLS,493.9127918023723,4876.602296915218,69.83267356270429,493.9127918023723,4876.602296915218
39,587190.0868848461,517551.73006531136,CE_corregida_OLS,486.54169901418226,3844.911793598087,62.00735273818813,486.54169901418226,3844.911793598087
40,587190.3749415682,517551.73006531136,CE_corregida_OLS,487.083553709174,3691.0450511872714,60.753971484893654,487.083553709174,3691.0450511872714
41,587190.6629982904,517551.73006531136,CE_corregida_OLS,487.73698976109927,3592.252847256952,59.935405623529,487.73698976109927,3592.252847256952
42,587190.9510550125,517551.73006531136,CE_corregida_OLS,488.5003470933933,3562.78394942104,59.68906055066573,488.5003470933933,3562.78394942104
43,587191.2391117347,517551.73006531136,CE_corregida_OLS,489.35485769142235,3604.7505274212185,60.03957467721785,489.35485769142235,3604.7505274212185
44,587191.5271684568,517551.73006531136,CE_corregida_OLS,490.26380757261103,3706.884628760819,60.88419030225186,490.26380757261103,3706.884628760819
45,587191.815225179,517551.73006531136,CE_corregida_OLS,491.17919436288713,3850.076995754119,62.04898867632025,491.17919436288713,3850.076995754119
46,587192.1032819011,517551.73006531136,CE_corregida_OLS,492.05172676788226,4014.998882395837,63.36401883084624,492.05172676788226,4014.998882395837
47,587192.3913386234,517551.73006531136,CE_corregida_OLS,492.8390982491102,4186.888886138538,64.70617347779528,492.8390982491102,4186.888886138538
48,587192.6793953455,517551.73006531136,CE_corregida_OLS,493.5107188848559,4356.595916325249,66.00451436322555,493.5107188848559,4356.595916325249
49,587192.9674520676,517551.73006531136,CE_corregida_OLS,494.04942213932145,4519.464440927251,67.22696215750977,494.04942213932145,4519.464440927251
50,587193.2555087898,517551.73006531136,CE_corregida_OLS,494.4510210716995,4673.672453441416,68.36426298470141,494.4510210716995,4673.672453441416
51,587193.5435655119,517551.73006531136,CE_corregida_OLS,494.72234386174637,4818.852356247804,69.41795413470354,494.72234386174637,4818.852356247804
52,587189.798828124,517552.01812203357,CE_corregida_OLS,485.5216295088419,3712.685568062968,60.931810805711066,485.5216295088419,3712.685568062968
53,587190.0868848461,517552.01812203357,CE_corregida_OLS,485.9743620522722,3468.101758898636,58.89059142935004,485.9743620522722,3468.101758898636
54,587190.3749415682,517552.01812203357,CE_corregida_OLS,486.5506747840429,3261.6123332948555,57.11052734211842,486.5506747840429,3261.6123332948555
55,587190.6629982904,517552.01812203357,CE_corregida_OLS,487.2713038651192,3125.761137546911,55.90850684419063,487.2713038651192,3125.761137546911
56,587190.9510550125,517552.01812203357,CE_corregida_OLS,488.1443259616882,3086.97170699298,55.560522918642334,488.1443259616882,3086.97170699298
57,587191.2391117347,517552.01812203357,CE_corregida_OLS,489.14950438414587,3149.791163593316,56.12300030819197,489.14950438414587,3149.791163593316
58,587191.5271684568,517552.01812203357,CE_corregida_OLS,490.23445354622567,3293.173648575331,57.386179944088724,490.23445354622567,3293.173648575331
59,587191.815225179,517552.01812203357,CE_corregida_OLS,491.3287792954004,3483.974392612708,59.0252013347918,491.3287792954004,3483.974392612708
60,587192.1032819011,517552.01812203357,CE_corregida_OLS,492.3631769422494,3692.8932156391265,60.76917981706785,492.3631769422494,3692.8932156391265
61,587192.3913386234,517552.01812203357,CE_corregida_OLS,493.28163129751147,3901.2106793418725,62.45967242422804,493.28163129751147,3901.2106793418725
62,587192.6793953455,517552.01812203357,CE_corregida_OLS,494.04633791763615,4099.834371881036,64.02994902294579,494.04633791763615,4099.834371881036
63,587192.9674520676,517552.01812203357,CE_corregida_OLS,494.63859460499884,4285.812750342241,65.46611910249638,494.63859460499884,4285.812750342241
64,587193.2555087898,517552.01812203357,CE_corregida_OLS,495.0573648300149,4459.193909140991,66.777196026345635,495.0573648300149,4459.193909140991
65,587193.5435655119,517552.01812203357,CE_corregida_OLS,495.31605012472346,4621.018578179705,67.9780742458898,495.31605012472346,4621.018578179705
66,587193.8316222341,517552.01812203357,CE_corregida_OLS,495.43801608045624,4772.343924732262,69.08215344596796,495.43801608045624,4772.343924732262
67,587189.5107714018,517552.3061787557,CE_corregida_OLS,484.5055793279403,3702.205232767539,60.84574950452611,484.5055793279403,3702.205232767539
68,587189.798828124,517552.3061787557,CE_corregida_OLS,484.84848181338805,3387.354477393134,58.200983474449416,484.84848181338805,3387.354477393134
69,587190.0868848461,517552.3061787557,CE_corregida_OLS,485.3029066951115,3071.047799932523,55.41703528638575,485.3029066951115,3071.047799932523
70,587190.3749415682,517552.3061787557,CE_corregida_OLS,485.8997679518842,2788.5385461922956,52.806614606432554,485.8997679518842,2788.5385461922956
71,587190.6629982904,517552.3061787557,CE_corregida_OLS,486.6803915195434,2593.7099948666687,50.92847921219196,486.6803915195434,2593.7099948666687
72,587190.9510550125,517552.3061787557,CE_corregida_OLS,487.6770368821961,2539.778898872336,50.39621909302657,487.6770368821961,2539.778898872336
73,587191.2391117347,517552.3061787557,CE_corregida_OLS,488.87229651365675,2638.032063235615,51.36177628582967,488.87229651365675,2638.032063235615
74,587191.5271684568,517552.3061787557,CE_corregida_OLS,490.18482764480325,2844.999509028136,53.33853680996636,490.18482764480325,2844.999509028136
75,587191.815225179,517552.3061787557,CE_corregida_OLS,491.50606619483256,3100.5261544545215,55.6823684343125,491.50606619483256,3100.5261544545215
76,587192.1032819011,517552.3061787557,CE_corregida_OLS,492.7387200302624,3361.8903954544944,57.98181090182071,492.7387200302624,3361.8903954544944
77,587192.3913386234,517552.3061787557,CE_corregida_OLS,493.810740841289,3608.697904857962,60.072438812303616,493.810740841289,3608.697904857962
78,587192.6793953455,517552.3061787557,CE_corregida_OLS,494.677083634702,3835.153199646325,61.928613739097415,494.677083634702,3835.153199646325
79,587192.9674520676,517552.3061787557,CE_corregida_OLS,495.3188288418051,4042.346634598479,63.579451354965926,495.3188288418051,4042.346634598479
80,587193.2555087898,517552.3061787557,CE_corregida_OLS,495.7407203517162,4233.411380662189,65.06467075658026,495.7407203517162,4233.411380662189
81,587193.5435655119,517552.3061787557,CE_corregida_OLS,495.96636273268473,4411.176649421067,66.41668953976152,495.96636273268473,4411.176649421067
82,587193.8316222341,517552.3061787557,CE_corregida_OLS,496.03148828236147,4577.453357294768,67.65687960063461,496.03148828236147,4577.453357294768
83,587194.1196789562,517552.3061787557,CE_corregida_OLS,495.9767719822038,4733.166841094722,68.79801480489624,495.9767719822038,4733.166841094722
84,587194.4077356784,517552.3061787557,CE_corregida_OLS,495.841709653086,4878.761905880538,69.84813459127264,495.841709653086,4878.761905880538
85,587189.2227146797,517552.59423547785,CE_corregida_OLS,483.5188702573762,3796.669175180906,61.617117550084295,483.5188702573762,3796.669175180906
86,587189.5107714018,517552.59423547785,CE_corregida_OLS,483.7539240493528,3458.612602876857,58.80997026760732,483.7539240493528,3458.612602876857
87,587189.798828124,517552.59423547785,CE_corregida_OLS,484.08393972807664,3081.706104039815,55.5131165044786,484.08393972807664,3081.706104039815
88,587190.0868848461,517552.59423547785,CE_corregida_OLS,484.52791281986595,2678.837588466471,51.757488235679205,484.52791281986595,2678.837588466471
89,587190.3749415682,517552.59423547785,CE_corregida_OLS,485.1218575896617,2287.82515764557,47.83121530596489,485.1218575896617,2287.82515764557
90,587190.6629982904,517552.59423547785,CE_corregida_OLS,485.9368786364952,1992.4277297926367,44.636618709223896,485.9368786364952,1992.4277297926367
91,587190.9510550125,517552.59423547785,CE_corregida_OLS,487.06632240626914,1910.149495774594,43.70525707251468,487.06632240626914,1910.149495774594
92,587191.2391117347,517552.59423547785,CE_corregida_OLS,488.51219089228243,2074.7870897946013,45.54983084265628,488.51219089228243,2074.7870897946013
93,587191.5271684568,517552.59423547785,CE_corregida_OLS,490.12666200963645,2382.248032537178,48.808278319739756,490.12666200963645,2382.248032537178
94,587191.815225179,517552.59423547785,CE_corregida_OLS,491.7343416629824,2721.0085060968163,52.16328695641041,491.7343416629824,2721.0085060968163
95,587192.1032819011,517552.59423547785,CE_corregida_OLS,493.2054939604048,3037.6543284911995,55.11491929134252,493.2054939604048,3037.6543284911995
96,587192.3913386234,517552.59423547785,CE_corregida_OLS,494.4533085791873,3318.397197522113,57.60553096293891,494.4533085791873,3318.397197522113
97,587192.6793953455,517552.59423547785,CE_corregida_OLS,495.4262614211739,3566.4501966359385,59.71976386955945,495.4262614211739,3566.4501966359385
98,587192.9674520676,517552.59423547785,CE_corregida_OLS,496.1066541319224,3789.774860224399,61.56114732706335,496.1066541319224,3789.774860224399
99,587193.2555087898,517552.59423547785,CE_corregida_OLS,496.50851221951893,3995.489266421005,63.20988266419267,496.50851221951893,3995.489266421005
100,587193.5435655119,517552.59423547785,CE_corregida_OLS,496.6709064025745,4188.024078458265,64.71494478447977,496.6709064025745,4188.024078458265
101,587193.8316222341,517552.59423547785,CE_corregida_OLS,496.64754907609534,4369.317210769309,66.10081096907442,496.64754907609534,4369.317210769309
102,587194.1196789562,517552.59423547785,CE_corregida_OLS,496.49592279149624,4539.808517041287,67.37810116826748,496.49592279149624,4539.808517041287
103,587194.4077356784,517552.59423547785,CE_corregida_OLS,496.26875642396345,4699.41605499101,68.5522870150297,496.26875642396345,4699.41605499101
104,587194.6957924005,517552.59423547785,CE_corregida_OLS,496.00893104983146,4848.141095988123,69.62859395383569,496.00893104983146,4848.141095988123
105,587188.9346579574,517552.8822922,CE_corregida_OLS,482.5664931004782,3946.948710391807,62.824746003400655,482.5664931004782,3946.948710391807
106,587189.2227146797,517552.8822922,CE_corregida_OLS,482.6956053525353,3630.433504998705,60.25307880099327,482.6956053525353,3630.433504998705
107,587189.5107714018,517552.8822922,CE_corregida_OLS,482.9154079777634,3260.830341019629,57.103680625854835,482.9154079777634,3260.830341019629
108,587189.798828124,517552.8822922,CE_corregida_OLS,483.2363974731025,2831.6375753198104,53.21313348525729,483.2363974731025,2831.6375753198104
109,587190.0868848461,517552.8822922,CE_corregida_OLS,483.66938339344944,2342.2982490461077,48.397295885680514,483.66938339344944,2342.2982490461077
110,587190.3749415682,517552.8822922,CE_corregida_OLS,484.23725611917956,1812.7747312733768,42.57669234773149,484.23725611917956,1812.7747312733768
111,587190.6629982904,517552.8822922,CE_corregida_OLS,485.0232858935427,1336.6121001076026,36.55970596309005,485.0232858935427,1336.6121001076026
112,587190.9510550125,517552.8822922,CE_corregida_OLS,486.27128883651494,1186.9400643351614,34.451996521757074,486.27128883651494,1186.9400643351614
113,587191.2391117347,517552.8822922,CE_corregida_OLS,488.0806309732206,1496.2317231558761,38.681154625422906,488.0806309732206,1496.2317231558761
114,587191.5271684568,517552.8822922,CE_corregida_OLS,490.09749269488566,1955.6770112676181,44.22303711039777,490.09749269488566,1955.6770112676181
115,587191.815225179,517552.8822922,CE_corregida_OLS,492.05120237080666,2382.3454427950464,48.80927619618065,492.05120237080666,2382.3454427950464
116,587192.1032819011,517552.8822922,CE_corregida_OLS,493.79756283119167,2740.665948140119,52.3513700693699,493.79756283119167,2740.665948140119
117,587192.3913386234,517552.8822922,CE_corregida_OLS,495.2403090729404,3038.9081298075057,55.126292545458796,495.2403090729404,3038.9081298075057
118,587192.6793953455,517552.8822922,CE_corregida_OLS,496.31950692855094,3295.2453980198243,57.404228050029765,496.31950692855094,3295.2453980198243
119,587192.9674520676,517552.8822922,CE_corregida_OLS,497.0181816224689,3526.2435040367927,59.382181704925536,497.0181816224689,3526.2435040367927
120,587193.2555087898,517552.8822922,CE_corregida_OLS,497.3640361965373,3742.641730849819,61.17713405227331,497.3640361965373,3742.641730849819
121,587193.5435655119,517552.8822922,CE_corregida_OLS,497.419632175822,3949.11159967129,62.841957318906694,497.419632175822,3949.11159967129
122,587193.8316222341,517552.8822922,CE_corregida_OLS,497.26500138082,4146.209204129337,64.39106462956904,497.26500138082,4146.209204129337
123,587194.1196789562,517552.8822922,CE_corregida_OLS,496.9805440559471,4332.7610445608725,65.82371187164146,496.9805440559471,4332.7610445608725
124,587194.4077356784,517552.8822922,CE_corregida_OLS,496.6353558477094,4507.55444285017,67.13832320552972,496.6353558477094,4507.55444285017
125,587194.6957924005,517552.8822922,CE_corregida_OLS,496.2817552943313,4670.081730123978,68.3379962401882,496.2817552943313,4670.081730123978
126,587194.9838491228,517552.8822922,CE_corregida_OLS,495.95438525515726,4820.605461928638,69.43058016413688,495.95438525515726,4820.605461928638
127,587188.6466012353,517553.17034892214,CE_corregida_OLS,481.65614819813186,4100.561487238615,64.0356267029426,481.65614819813186,4100.561487238615
128,587188.9346579574,517553.17034892214,CE_corregida_OLS,481.66806179224614,3829.324021395533,61.88153215132551,481.66806179224614,3829.324021395533
129,587189.2227146797,517553.17034892214,CE_corregida_OLS,481.7718644716481,3509.6250862170104,59.24208880700452,481.7718644716481,3509.6250862170104
130,587189.5107714018,517553.17034892214,CE_corregida_OLS,481.98352775374394,3130.0311238482436,55.94668107983032,481.98352775374394,3130.0311238482436
131,587189.798828124,517553.17034892214,CE_corregida_OLS,482.3142218772951,2677.8435043963755,51.747884057189964,482.3142218772951,2677.8435043963755
132,587190.0868848461,517553.17034892214,CE_corregida_OLS,482.7681678139109,2139.4178305778864,46.25384125213696,482.7681678139109,2139.4178305778864
133,587190.3749415682,517553.17034892214,CE_corregida_OLS,483.3417458141565,1501.8471284466248,38.75367245109326,483.3417458141565,1501.8471284466248
134,587190.6629982904,517553.17034892214,CE_corregida_OLS,484.03518168180227,767.8547964663602,27.710193006660205,484.03518168180227,767.8547964663602
135,587190.9510550125,517553.17034892214,CE_corregida_OLS,485.26441449496434,384.67654437080705,19.61317272576793,485.26441449496434,384.67654437080705
136,587191.2391117347,517553.17034892214,CE_corregida_OLS,487.6988208327651,1058.5359768888952,32.53514986731881,487.6988208327651,1058.5359768888952
137,587191.5271684568,517553.17034892214,CE_corregida_OLS,490.17676577092755,1664.0283496640536,40.79250359642141,490.17676577092755,1664.0283496640536
138,587191.815225179,517553.17034892214,CE_corregida_OLS,492.49996926843886,2130.8833159076016,46.16149169933313,492.49996926843886,2130.8833159076016
139,587192.1032819011,517553.17034892214,CE_corregida_OLS,494.54636270140753,2488.424281944376,49.8841085110717,494.54636270140753,2488.424281944376
140,587192.3913386234,517553.17034892214,CE_corregida_OLS,496.20120973496597,2772.8078454484667,52.6574576432291,496.20120973496597,2772.8078454484667
141,587192.6793953455,517553.17034892214,CE_corregida_OLS,497.38181366733045,3017.176651833454,54.928832609417924,497.38181366733045,3017.176651833454
142,587192.9674520676,517553.17034892214,CE_corregida_OLS,498.0661113703054,3245.448943395279,56.96884186461297,498.0661113703054,3245.448943395279
143,587193.2555087898,517553.17034892214,CE_corregida_OLS,498.30198588568413,3469.460152310326,58.90212349576478,498.30198588568413,3469.460152310326
144,587193.5435655119,517553.17034892214,CE_corregida_OLS,498.18917046524155,3690.92782737088,60.753006735229825,498.18917046524155,3690.92782737088
145,587193.8316222341,517553.17034892214,CE_corregida_OLS,497.8469320655445,3906.309243335296,62.50047394488538,497.8469320655445,3906.309243335296
146,587194.1196789562,517553.17034892214,CE_corregida_OLS,497.38636327526336,4111.220415921024,64.11879923954459,497.38636327526336,4111.220415921024
147,587194.4077356784,517553.17034892214,CE_corregida_OLS,496.8955182907252,4302.751305491838,65.59536039608166,496.8955182907252,4302.751305491838
148,587194.6957924005,517553.17034892214,CE_corregida_OLS,496.4353696846997,4479.932156444091,66.93229531731367,496.4353696846997,4479.932156444091
149,587194.9838491228,517553.17034892214,CE_corregida_OLS,496.0417242466354,4643.2561443300765,68.14144219438033,496.0417242466354,4643.2561443300765
150,587195.2719058449,517553.17034892214,CE_corregida_OLS,495.72956109444146,4793.975155071576,69.23853807722674,495.72956109444146,4793.975155071576
151,587188.3585445131,517553.45840564434,CE_corregida_OLS,480.81024651091144,4220.512237410007,64.96546957738401,480.81024651091144,4220.512237410007
152,587188.6466012353,517553.45840564434,CE_corregida_OLS,480.687478306679,3998.7305706399015,63.23551668674734,480.687478306679,3998.7305706399015
153,587188.9346579574,517553.45840564434,CE_corregida_OLS,480.6499742992193,3741.0407371080537,61.164047749540366,480.6499742992193,3741.0407371080537
154,587189.2227146797,517553.45840564434,CE_corregida_OLS,480.72431884939436,3436.9999970165686,58.62593280295477,480.72431884939436,3436.9999970165686
155,587189.5107714018,517553.45840564434,CE_corregida_OLS,480.9352040027229,3075.060837683914,55.45323108425617,480.9352040027229,3075.060837683914
156,587189.798828124,517553.45840564434,CE_corregida_OLS,481.30294730370844,2643.0792238961376,51.410886239162785,481.30294730370844,2643.0792238961376
157,587190.0868848461,517553.45840564434,CE_corregida_OLS,481.8418789782736,2129.6423899873307,46.14804860432704,481.8418789782736,2129.6423899873307
158,587190.3749415682,517553.45840564434,CE_corregida_OLS,482.5627893868449,1529.485119310469,39.10863228636958,482.5627893868449,1529.485119310469
159,587190.6629982904,517553.45840564434,CE_corregida_OLS,483.50542585541615,879.5036264627256,29.65642639399976,483.50542585541615,879.5036264627256
160,587190.9510550125,517553.45840564434,CE_corregida_OLS,485.07222021422683,596.306191289498,24.41938146820058,485.07222021422683,596.306191289498
161,587191.2391117347,517553.45840564434,CE_corregida_OLS,487.65209734132895,1084.4581694309234,32.9311124839554,487.65209734132895,1084.4581694309234
162,587191.5271684568,517553.45840564434,CE_corregida_OLS,490.42420920966936,1597.822254031871,39.97276890624254,490.42420920966936,1597.822254031871
163,587191.815225179,517553.45840564434,CE_corregida_OLS,493.0879237416814,1990.708980582542,44.61736187385514,493.0879237416814,1990.708980582542
164,587192.1032819011,517553.45840564434,CE_corregida_OLS,495.4588210512777,2281.0190423832373,47.76001510032464,495.4588210512777,2281.0190423832373
165,587192.3913386234,517553.45840564434,CE_corregida_OLS,497.35482559834463,2509.7552274270693,50.097457295027155,497.35482559834463,2509.7552274270693
166,587192.6793953455,517553.45840564434,CE_corregida_OLS,498.63399340486274,2718.5112022442677,52.13934409104384,498.63399340486274,2718.5112022442677
167,587192.9674520676,517553.45840564434,CE_corregida_OLS,499.2553071905785,2935.3368237399445,54.17874882036263,499.2553071905785,2935.3368237399445
168,587193.2555087898,517553.45840564434,CE_corregida_OLS,499.3007231227193,3168.181033693411,56.2865972829537,499.3007231227193,3168.181033693411
169,587193.5435655119,517553.45840564434,CE_corregida_OLS,498.93348073866673,3409.940722859661,58.39469772898616,498.93348073866673,3409.940722859661
170,587193.8316222341,517553.45840564434,CE_corregida_OLS,498.33231184040227,3648.8048159440896,60.40533764448378,498.33231184040227,3648.8048159440896
171,587194.1196789562,517553.45840564434,CE_corregida_OLS,497.6473542931876,3875.4818916321706,62.253368516347535,497.6473542931876,3875.4818916321706
172,587194.4077356784,517553.45840564434,CE_corregida_OLS,496.98562416755055,4085.3402067235893,63.916666110832075,496.98562416755055,4085.3402067235893
173,587194.6957924005,517553.45840564434,CE_corregida_OLS,496.4130822832655,4277.589033495216,65.40327999034312,496.4130822832655,4277.589033495216
174,587194.9838491228,517553.45840564434,CE_corregida_OLS,495.96208414730495,4453.636814032084,66.73557382709826,495.96208414730495,4453.636814032084
175,587195.2719058449,517553.45840564434,CE_corregida_OLS,495.6393892455943,4615.677878208848,67.9387803703367,495.6393892455943,4615.677878208848
176,587195.5599625671,517553.45840564434,CE_corregida_OLS,495.4334904461061,4765.815278264856,69.03488450243728,495.4334904461061,4765.815278264856
177,587195.8480192892,517553.45840564434,CE_corregida_OLS,495.32111875047474,4905.68271489345,70.04057905881025,495.32111875047474,4905.68271489345
178,587188.3585445131,517553.7464623665,CE_corregida_OLS,479.7927424650224,4108.159021544002,64.09492196378744,479.7927424650224,4108.159021544002
179,587188.6466012353,517553.7464623665,CE_corregida_OLS,479.5885357866935,3906.615580109293,62.50292457244935,479.5885357866935,3906.615580109293
180,587188.9346579574,517553.7464623665,CE_corregida_OLS,479.48313557427275,3675.156741806269,60.62307103575559,479.48313557427275,3675.156741806269
181,587189.2227146797,517553.7464623665,CE_corregida_OLS,479.51492076265123,3404.325645509892,58.34659926259535,479.51492076265123,3404.325645509892
182,587189.5107714018,517553.7464623665,CE_corregida_OLS,479.7223111730882,3085.073420608609,55.54343724157346,479.7223111730882,3085.073420608609
183,587189.798828124,517553.7464623665,CE_corregida_OLS,480.1422576126088,2710.958039372345,52.06686123987449,480.1422576126088,2710.958039372345
184,587190.0868848461,517553.7464623665,CE_corregida_OLS,480.8122336963187,2283.3507534200235,47.784419567679414,480.8122336963187,2283.3507534200235
185,587190.3749415682,517553.7464623665,CE_corregida_OLS,481.78234268354413,1826.093521916775,42.73281551590973,481.78234268354413,1826.093521916775
186,587190.6629982904,517553.7464623665,CE_corregida_OLS,483.154878330577,1426.3926456170584,37.76761371356494,483.154878330577,1426.3926456170584
187,587190.9510550125,517553.7464623665,CE_corregida_OLS,485.1255056728149,1274.9087621710362,35.70586453470965,485.1255056728149,1274.9087621710362
188,587191.2391117347,517553.7464623665,CE_corregida_OLS,487.74334536520075,1437.7083518615757,37.91712478368548,487.74334536520075,1437.7083518615757
189,587191.5271684568,517553.7464623665,CE_corregida_OLS,490.7159407330937,1705.3125948251352,41.2954306773175,490.7159407330937,1705.3125948251352
190,587191.815225179,517553.7464623665,CE_corregida_OLS,493.72677668319005,1931.570866509172,43.94964011808484,493.72677668319005,1931.570866509172
191,587192.1032819011,517553.7464623665,CE_corregida_OLS,496.4898967196483,2092.9126930947027,45.74836273676581,496.4898967196483,2092.9126930947027
192,587192.3913386234,517553.7464623665,CE_corregida_OLS,498.7000558513881,2223.603140569257,47.15509665528486,498.7000558513881,2223.603140569257
193,587192.6793953455,517553.7464623665,CE_corregida_OLS,500.090771682542,2374.7882541379013,48.7317992089139,500.090771682542,2374.7882541379013
194,587192.9674520676,517553.7464623665,CE_corregida_OLS,500.57549479010993,2578.7546502625746,50.78144001761445,500.57549479010993,2578.7546502625746
195,587193.2555087898,517553.7464623665,CE_corregida_OLS,500.30738476506156,2831.126322105448,53.208329442911925,500.30738476506156,2831.126322105448
196,587193.5435655119,517553.7464623665,CE_corregida_OLS,499.5678896515494,3105.3923685835234,55.726047487539645,499.5678896515494,3105.3923685835234
197,587193.8316222341,517553.7464623665,CE_corregida_OLS,498.6241476572907,3375.967308377736,58.10307486164339,498.6241476572907,3375.967308377736
198,587194.1196789562,517553.7464623665,CE_corregida_OLS,497.66893272172433,3628.0692806185325,60.2334564890521,497.66893272172433,3628.0692806185325
199,587194.4077356784,517553.7464623665,CE_corregida_OLS,496.8214131903364,3856.8237035771213,62.1033308573471,496.8214131903364,3856.8237035771213
200,587194.6957924005,517553.7464623665,CE_corregida_OLS,496.1443156041502,4063.2949279036247,63.743979542413456,496.1443156041502,4063.2949279036247
201,587194.9838491228,517553.7464623665,CE_corregida_OLS,495.6595317938637,4251.003088568855,65.19971693626326,495.6595317938637,4251.003088568855
202,587195.2719058449,517553.7464623665,CE_corregida_OLS,495.35985168783554,4423.710289355977,66.51097871296119,495.35985168783554,4423.710289355977
203,587195.5599625671,517553.7464623665,CE_corregida_OLS,495.218279000155,4584.360831433857,67.70790818976656,495.218279000155,4584.360831433857
204,587195.8480192892,517553.7464623665,CE_corregida_OLS,495.19603106712265,4734.836718965987,68.81014982519648,495.19603106712265,4734.836718965987
205,587196.1360760113,517553.7464623665,CE_corregida_OLS,495.2494336300664,4876.160735988886,69.8295119271851,495.2494336300664,4876.160735988886
206,587188.070487791,517554.03451908863,CE_corregida_OLS,479.0279661817827,4147.928185552454,64.40441122743421,479.0279661817827,4147.928185552454
207,587188.3585445131,517554.03451908863,CE_corregida_OLS,478.64929830433647,3987.5982031128597,63.14743227648184,478.64929830433647,3987.5982031128597
208,587188.6466012353,517554.03451908863,CE_corregida_OLS,478.33410132269927,3814.0613781644042,61.75808755267932,478.33410132269927,3814.0613781644042
209,587188.9346579574,517554.03451908863,CE_corregida_OLS,478.13061998340686,3619.0589814857544,60.15861518922917,478.13061998340686,3619.0589814857544
210,587189.2227146797,517554.03451908863,CE_corregida_OLS,478.09227769748196,3394.3126549005224,58.26072995509516,478.09227769748196,3394.3126549005224
211,587189.5107714018,517554.03451908863,CE_corregida_OLS,478.274323156011,3133.475745309488,55.977457474500284,478.274323156011,3133.475745309488
212,587189.798828124,517554.03451908863,CE_corregida_OLS,478.7322663776243,2835.240730919436,53.24697860836271,478.7322663776243,2835.240730919436
213,587190.0868848461,517554.03451908863,CE_corregida_OLS,479.52411101678763,2508.8888137163553,50.08880926630574,479.52411101678763,2508.8888137163553
214,587190.3749415682,517554.03451908863,CE_corregida_OLS,480.71834029299436,2183.976454017241,46.73303386275324,480.71834029299436,2183.976454017241
215,587190.6629982904,517554.03451908863,CE_corregida_OLS,482.40345311801644,1920.2532211028786,43.82069398244257,482.40345311801644,1920.2532211028786
216,587190.9510550125,517554.03451908863,CE_corregida_OLS,484.6664947346664,1788.3970230959478,42.28944340016723,484.6664947346664,1788.3970230959478
217,587191.2391117347,517554.03451908863,CE_corregida_OLS,487.50323226763805,1794.360874777052,42.35989701093538,487.50323226763805,1794.360874777052
218,587191.5271684568,517554.03451908863,CE_corregida_OLS,490.7652796832904,1856.6334853211877,43.088670034258286,490.7652796832904,1856.6334853211877
219,587191.815225179,517554.03451908863,CE_corregida_OLS,494.21175369830803,1894.3865881429863,43.52455155590906,494.21175369830803,1894.3865881429863
220,587192.1032819011,517554.03451908863,CE_corregida_OLS,497.5145938623206,1886.7731958054542,43.43700261074024,497.5145938623206,1886.7731958054542
221,587192.3913386234,517554.03451908863,CE_corregida_OLS,500.20625106620014,1878.3105417029542,43.33948017342795,500.20625106620014,1878.3105417029542
222,587192.6793953455,517554.03451908863,CE_corregida_OLS,501.7622456658835,1952.8003642723875,44.19050083753733,501.7622456658835,1952.8003642723875
223,587192.9674520676,517554.03451908863,CE_corregida_OLS,501.9833958675403,2157.9896889986294,46.45416761711084,501.9833958675403,2157.9896889986294
224,587193.2555087898,517554.03451908863,CE_corregida_OLS,501.2051211928786,2457.494802009576,49.573125804306265,501.2051211928786,2457.494802009576
225,587193.5435655119,517554.03451908863,CE_corregida_OLS,499.94216456359504,2784.7683734133284,52.77090461052689,499.94216456359504,2784.7683734133284
226,587193.8316222341,517554.03451908863,CE_corregida_OLS,498.57521643589337,3096.0943714206355,55.64255899417851,498.57521643589337,3096.0943714206355
227,587194.1196789562,517554.03451908863,CE_corregida_OLS,497.32307177188386,3374.766554558476,58.092740979906225,497.32307177188386,3374.766554558476
228,587194.4077356784,517554.03451908863,CE_corregida_OLS,496.2979129033392,3619.884478925399,60.16547580569274,496.2979129033392,3619.884478925399
229,587194.6957924005,517554.03451908863,CE_corregida_OLS,495.54648794213267,3837.2526234467878,61.945561773599145,495.54648794213267,3837.2526234467878
230,587194.9838491228,517554.03451908863,CE_corregida_OLS,495.0721725661706,4034.0372514668916,63.51407128713205,495.0721725661706,4034.0372514668916
231,587195.2719058449,517554.03451908863,CE_corregida_OLS,494.84782857901155,4216.102555795353,64.93152205050605,494.84782857901155,4216.102555795353
232,587195.5599625671,517554.03451908863,CE_corregida_OLS,494.82583125326073,4387.142757598311,66.23550979345076,494.82583125326073,4387.142757598311
233,587195.8480192892,517554.03451908863,CE_corregida_OLS,494.94739934434955,4548.909364754703,67.44560300534575,494.94739934434955,4548.909364754703
234,587196.1360760113,517554.03451908863,CE_corregida_OLS,495.1510253815026,4701.910440777813,68.57047790979594,495.1510253815026,4701.910440777813
235,587196.4241327335,517554.03451908863,CE_corregida_OLS,495.379211107963,4846.118552464024,69.61406863891827,495.379211107963,4846.118552464024
236,587187.7824310688,517554.3225758108,CE_corregida_OLS,478.4199426932653,4124.0211223552305,64.21854188904658,478.4199426932653,4124.0211223552305
237,587188.070487791,517554.3225758108,CE_corregida_OLS,477.8889157118373,3984.1806733450294,63.12036654951419,477.8889157118373,3984.1806733450294
238,587188.3585445131,517554.3225758108,CE_corregida_OLS,477.3642532902632,3847.992719886398,62.03219099698477,477.3642532902632,3847.992719886398
239,587188.6466012353,517554.3225758108,CE_corregida_OLS,476.8967911922785,3708.5090165786874,60.89752882160891,476.8967911922785,3708.5090165786874
240,587188.9346579574,517554.3225758108,CE_corregida_OLS,476.55050283838614,3557.253423067894,59.642714752666095,476.55050283838614,3557.253423067894
241,587189.2227146797,517554.3225758108,CE_corregida_OLS,476.3969920074845,3386.1311546723523,58.19047305764366,476.3969920074845,3386.1311546723523
242,587189.5107714018,517554.3225758108,CE_corregida_OLS,476.5100154050735,3189.798032885268,56.478297007658334,476.5100154050735,3189.798032885268
243,587189.798828124,517554.3225758108,CE_corregida_OLS,476.9620665710485,2968.485601603732,54.48381045414988,476.9620665710485,2968.485601603732
244,587190.0868848461,517554.3225758108,CE_corregida_OLS,477.8240876264424,2731.354752917201,52.26236459362704,477.8240876264424,2731.354752917201
245,587190.3749415682,517554.3225758108,CE_corregida_OLS,479.16723863612896,2499.3536612229373,49.993536194421544,479.16723863612896,2499.3536612229373
246,587190.6629982904,517554.3225758108,CE_corregida_OLS,481.06069310375125,2302.690098502206,47.986353252796846,481.06069310375125,2302.690098502206
247,587190.9510550125,517554.3225758108,CE_corregida_OLS,483.55375848998307,2164.2642853810103,46.52165394072969,483.55375848998307,2164.2642853810103
248,587191.2391117347,517554.3225758108,CE_corregida_OLS,486.6423258162084,2073.9053920809943,45.54015142795415,486.6423258162084,2073.9053920809943
249,587191.5271684568,517554.3225758108,CE_corregida_OLS,490.2484116280659,1985.5145317330691,44.55911277991371,490.2484116280659,1985.5145317330691
250,587191.815225179,517554.3225758108,CE_corregida_OLS,494.21671586566896,1848.6380007550017,42.99579050040831,494.21671586566896,1848.6380007550017
251,587192.1032819011,517554.3225758108,CE_corregida_OLS,498.26219758352767,1647.3642613439492,40.58773535618795,498.26219758352767,1647.3642613439492
252,587192.3913386234,517554.3225758108,CE_corregida_OLS,501.7764290866914,1444.2749930602388,38.00361815748915,501.7764290866914,1444.2749930602388
253,587192.6793953455,517554.3225758108,CE_corregida_OLS,503.6571662738369,1414.8796020785649,37.614885379043294,503.6571662738369,1414.8796020785649
254,587192.9674520676,517554.3225758108,CE_corregida_OLS,503.3391894562543,1668.962075398162,40.85293227417295,503.3391894562543,1668.962075398162
255,587193.2555087898,517554.3225758108,CE_corregida_OLS,501.7370349882252,2068.9092059971827,45.4852636135835,501.7370349882252,2068.9092059971827
256,587193.5435655119,517554.3225758108,CE_corregida_OLS,499.8024217884228,2471.94672269074,49.71867579381756,499.8024217884228,2471.94672269074
257,587193.8316222341,517554.3225758108,CE_corregida_OLS,497.9793028022552,2825.919492674313,53.159378219410286,497.9793028022552,2825.919492674313
258,587194.1196789562,517554.3225758108,CE_corregida_OLS,496.45178567455025,3124.4253380245664,55.896559268210474,496.45178567455025,3124.4253380245664
259,587194.4077356784,517554.3225758108,CE_corregida_OLS,495.2958177544007,3377.3780349914946,58.11521345561328,495.2958177544007,3377.3780349914946
260,587194.6957924005,517554.3225758108,CE_corregida_OLS,494.53101910367997,3598.5773810576434,59.98814367070916,494.53101910367997,3598.5773810576434
261,587194.9838491228,517554.3225758108,CE_corregida_OLS,494.1372760156273,3800.0607147089668,61.64463248904131,494.1372760156273,3800.0607147089668
262,587195.2719058449,517554.3225758108,CE_corregida_OLS,494.0631852684382,3989.7748062898877,63.164664222094046,494.0631852684382,3989.7748062898877
263,587195.5599625671,517554.3225758108,CE_corregida_OLS,494.23550318184425,4171.45905660048,64.58683346163117,494.23550318184425,4171.45905660048
264,587195.8480192892,517554.3225758108,CE_corregida_OLS,494.5704975576198,4345.841099735309,65.92299371035352,494.5704975576198,4345.841099735309
265,587196.1360760113,517554.3225758108,CE_corregida_OLS,494.98490011516753,4512.179339020192,67.17275741712702,494.98490011516753,4512.179339020192
266,587196.4241327335,517554.3225758108,CE_corregida_OLS,495.4043079832609,4669.467244570243,68.33350016331845,495.4043079832609,4669.467244570243
267,587196.7121894556,517554.3225758108,CE_corregida_OLS,495.76829700682805,4817.069956861695,69.40511477450127,495.76829700682805,4817.069956861695
268,587187.4943743467,517554.6106325329,CE_corregida_OLS,477.95629029922986,4056.416096370132,63.689999971503624,477.95629029922986,4056.416096370132
269,587187.7824310688,517554.6106325329,CE_corregida_OLS,477.3299897861534,3911.493145916446,62.54193110159332,477.3299897861534,3911.493145916446
270,587188.070487791,517554.6106325329,CE_corregida_OLS,476.6393329017397,3786.3503647857297,61.533327268933945,476.6393329017397,3786.3503647857297
271,587188.3585445131,517554.6106325329,CE_corregida_OLS,475.9241095550701,3677.3670207332657,60.64129798028127,475.9241095550701,3677.3670207332657
272,587188.6466012353,517554.6106325329,CE_corregida_OLS,475.24920182051926,3576.767046214379,59.80607867277689,475.24920182051926,3576.767046214379
273,587188.9346579574,517554.6106325329,CE_corregida_OLS,474.69887663754673,3474.4810054368436,58.944728393952616,474.69887663754673,3474.4810054368436
274,587189.2227146797,517554.6106325329,CE_corregida_OLS,474.3671674748472,3360.8568765023165,57.972897775618534,474.3671674748472,3360.8568765023165
275,587189.5107714018,517554.6106325329,CE_corregida_OLS,474.34831246582786,3229.3535708967197,56.82740158494597,474.34831246582786,3229.3535708967197
276,587189.798828124,517554.6106325329,CE_corregida_OLS,474.73016569707676,3078.675855851756,55.485816708882965,474.73016569707676,3078.675855851756
277,587190.0868848461,517554.6106325329,CE_corregida_OLS,475.59122967391477,2913.972679964419,53.981225254382835,475.59122967391477,2913.972679964419
278,587190.3749415682,517554.6106325329,CE_corregida_OLS,476.99961042128285,2746.1135655493986,52.40337360847485,476.99961042128285,2746.1135655493986
279,587190.6629982904,517554.6106325329,CE_corregida_OLS,479.01021229894627,2586.971521487282,50.862279947789226,479.01021229894627,2586.971521487282
280,587190.9510550125,517554.6106325329,CE_corregida_OLS,481.6568907580829,2439.5574234831147,49.391876087906546,481.6568907580829,2439.5574234831147
281,587191.2391117347,517554.6106325329,CE_corregida_OLS,484.9424200029344,2287.8445738929736,47.8314182718114,484.9424200029344,2287.8445738929736
282,587191.5271684568,517554.6106325329,CE_corregida_OLS,488.8351447114668,2096.258110655966,45.78491138635048,488.8351447114668,2096.258110655966
283,587191.815225179,517554.6106325329,CE_corregida_OLS,493.27096006776964,1821.4690748851606,42.67867236554062,493.27096006776964,1821.4690748851606
284,587192.1032819011,517554.6106325329,CE_corregida_OLS,498.1279106884977,1430.9570318479928,37.82799270180738,498.1279106884977,1430.9570318479928
285,587192.3913386234,517554.6106325329,CE_corregida_OLS,503.00702050327243,949.3631200607996,30.81173672581277,503.00702050327243,949.3631200607996
286,587192.6793953455,517554.6106325329,CE_corregida_OLS,505.77286009944834,725.2699919453453,26.9308371935472,505.77286009944834,725.2699919453453
287,587192.9674520676,517554.6106325329,CE_corregida_OLS,504.12541604163823,1174.915045997468,34.27703379812011,504.12541604163823,1174.915045997468
288,587193.2555087898,517554.6106325329,CE_corregida_OLS,501.3633114532099,1737.633447598599,41.68493070161685,501.3633114532099,1737.633447598599
289,587193.5435655119,517554.6106325329,CE_corregida_OLS,498.77357453620414,2212.334282960473,47.03545772032492,498.77357453620414,2212.334282960473
290,587193.8316222341,517554.6106325329,CE_corregida_OLS,496.59102347947146,2588.5029747215417,50.87733262192056,496.59102347947146,2588.5029747215417
291,587194.1196789562,517554.6106325329,CE_corregida_OLS,494.8891031031841,2885.8765753189987,53.72035531638821,494.8891031031841,2885.8765753189987
292,587194.4077356784,517554.6106325329,CE_corregida_OLS,493.69757778362106,3129.7782710056676,55.944421267948314,493.69757778362106,3129.7782710056676
293,587194.6957924005,517554.6106325329,CE_corregida_OLS,493.01404002966797,3343.495679894539,57.822968445891284,493.01404002966797,3343.495679894539
294,587194.9838491228,517554.6106325329,CE_corregida_OLS,492.7988597920997,3543.973211108875,59.53127926652404,492.7988597920997,3543.973211108875
295,587195.2719058449,517554.6106325329,CE_corregida_OLS,492.9749676662773,3740.1186838272206,61.156509742031716,492.9749676662773,3740.1186838272206
296,587195.5599625671,517554.6106325329,CE_corregida_OLS,493.43809137122116,3933.962082194978,62.721304850863696,493.43809137122116,3933.962082194978
297,587195.8480192892,517554.6106325329,CE_corregida_OLS,494.07338355404477,4123.541099614533,64.2148043648389,494.07338355404477,4123.541099614533
298,587196.1360760113,517554.6106325329,CE_corregida_OLS,494.77126662785184,4305.754549381168,65.6182486003792,494.77126662785184,4305.754549381168
299,587196.4241327335,517554.6106325329,CE_corregida_OLS,495.4382125038973,4478.124405919507,66.91878963280423,495.4382125038973,4478.124405919507
300,587196.7121894556,517554.6106325329,CE_corregida_OLS,496.0020567476657,4639.4006950788735,68.11314627205877,496.0020567476657,4639.4006950788735
301,587197.0002461778,517554.6106325329,CE_corregida_OLS,496.4132664070394,4789.439516390813,69.20577661142755,496.4132664070394,4789.439516390813
302,587187.2063176245,517554.8986892551,CE_corregida_OLS,477.57177110550725,3978.7835738619674,63.07759962032455,477.57177110550725,3978.7835738619674
303,587187.4943743467,517554.8986892551,CE_corregida_OLS,476.9333491181151,3800.794486865352,61.65058383231543,476.9333491181151,3800.794486865352
304,587187.7824310688,517554.8986892551,CE_corregida_OLS,476.1674385397071,3654.049369437476,60.448733398124034,476.1674385397071,3654.049369437476
305,587188.070487791,517554.8986892551,CE_corregida_OLS,475.28134080460177,3542.630905718361,59.52000424830597,475.28134080460177,3542.630905718361
306,587188.3585445131,517554.8986892551,CE_corregida_OLS,474.3193959526299,3463.4730621579038,58.85127918879847,474.3193959526299,3463.4730621579038
307,587188.6466012353,517554.8986892551,CE_corregida_OLS,473.3652135997763,3406.5667525627455,58.36580122437064,473.3652135997763,3406.5667525627455
308,587188.9346579574,517554.8986892551,CE_corregida_OLS,472.5311754272695,3358.073105455245,57.948883556590154,472.5311754272695,3358.073105455245
309,587189.2227146797,517554.8986892551,CE_corregida_OLS,471.9408558616627,3304.5971110320697,57.48562525564169,471.9408558616627,3304.5971110320697
310,587189.5107714018,517554.8986892551,CE_corregida_OLS,471.7126799293757,3236.559801003216,56.890770789322374,471.7126799293757,3236.559801003216
311,587189.798828124,517554.8986892551,CE_corregida_OLS,471.9494574587411,3149.74191981211,56.12256159346355,471.9494574587411,3149.74191981211
312,587190.0868848461,517554.8986892551,CE_corregida_OLS,472.733803452451,3044.9789020493295,55.18132747632418,472.733803452451,3044.9789020493295
313,587190.3749415682,517554.8986892551,CE_corregida_OLS,474.12706143792167,2925.9853828248315,54.092378232287324,474.12706143792167,2925.9853828248315
314,587190.6629982904,517554.8986892551,CE_corregida_OLS,476.169015970186,2795.0802533985466,52.86851854741673,476.169015970186,2795.0802533985466
315,587190.9510550125,517554.8986892551,CE_corregida_OLS,478.8770357266514,2647.3975333938915,51.452867105671494,478.8770357266514,2647.3975333938915
316,587191.2391117347,517554.8986892551,CE_corregida_OLS,482.24606350741686,2466.179399496195,49.66064235887606,482.24606350741686,2466.179399496195
317,587191.5271684568,517554.8986892551,CE_corregida_OLS,486.252522351319,2222.43879732111,47.142749148953015,486.252522351319,2222.43879732111
318,587191.815225179,517554.8986892551,CE_corregida_OLS,490.8626076252055,1879.2952989987857,43.35083965736749,490.8626076252055,1879.2952989987857
319,587192.1032819011,517554.8986892551,CE_corregida_OLS,496.0401576674176,1397.8555555887217,37.38790654193842,496.0401576674176,1397.8555555887217
320,587192.3913386234,517554.8986892551,CE_corregida_OLS,501.7338878160091,744.3082871553415,27.282013986422292,501.7338878160091,744.3082871553415
321,587192.6793953455,517554.8986892551,CE_corregida_OLS,506.0342488144245,222.34246776027976,14.911152462512069,506.0342488144245,222.34246776027976
322,587192.9674520676,517554.8986892551,CE_corregida_OLS,502.5591813022651,969.7304253618297,31.1404949440729,502.5591813022651,969.7304253618297
323,587193.2555087898,517554.8986892551,CE_corregida_OLS,499.2665794389667,1589.2798577137075,39.865773010362005,499.2665794389667,1589.2798577137075
324,587193.5435655119,517554.8986892551,CE_corregida_OLS,496.470680960791,2056.2627732941514,45.34603371072438,496.470680960791,2056.2627732941514
325,587193.8316222341,517554.8986892551,CE_corregida_OLS,494.2047828431464,2401.8178965155394,49.00834517218001,494.2047828431464,2401.8178965155394
326,587194.1196789562,517554.8986892551,CE_corregida_OLS,492.5065493909128,2661.4829072033235,51.589561998560555,492.5065493909128,2661.4829072033235
327,587194.4077356784,517554.8986892551,CE_corregida_OLS,491.41186596461284,2871.451812617565,53.585929240963665,491.41186596461284,2871.451812617565
328,587194.6957924005,517554.8986892551,CE_corregida_OLS,490.92970076399536,3063.181120830779,55.346012691347326,490.92970076399536,3063.181120830779
329,587194.9838491228,517554.8986892551,CE_corregida_OLS,491.0164266706427,3257.279945897578,57.072584888872676,491.0164266706427,3257.279945897578
330,587195.2719058449,517554.8986892551,CE_corregida_OLS,491.56889388905194,3460.969648063336,58.83000635783865,491.56889388905194,3460.969648063336
331,587195.5599625671,517554.8986892551,CE_corregida_OLS,492.4428225202955,3671.186480450244,60.59031672181821,492.4428225202955,3671.186480450244
332,587195.8480192892,517554.8986892551,CE_corregida_OLS,493.4829953706583,3880.562382811145,62.294160101980225,493.4829953706583,3880.562382811145
333,587196.1360760113,517554.8986892551,CE_corregida_OLS,494.54808437812295,4082.242915501448,63.89243238053665,494.54808437812295,4082.242915501448
334,587196.4241327335,517554.8986892551,CE_corregida_OLS,495.5238888243669,4271.984082695793,65.36041678795962,495.5238888243669,4271.984082695793
335,587196.7121894556,517554.8986892551,CE_corregida_OLS,496.32752037160367,4448.2015865317835,66.69483927960081,496.32752037160367,4448.2015865317835
336,587197.0002461778,517554.8986892551,CE_corregida_OLS,496.9066092814991,4611.139615924421,67.90537251149146,496.9066092814991,4611.139615924421
337,587197.2883028999,517554.8986892551,CE_corregida_OLS,497.23605632339576,4761.944633071891,69.00684482768278,497.23605632339576,4761.944633071891
338,587197.5763596221,517554.8986892551,CE_corregida_OLS,497.3135002273441,4901.985335187715,70.01417952949042,497.3135002273441,4901.985335187715
339,587186.9182609024,517555.18674597726,CE_corregida_OLS,477.15873891330546,3934.325419731167,62.72420122832308,477.15873891330546,3934.325419731167
340,587187.2063176245,517555.18674597726,CE_corregida_OLS,476.5846244211857,3700.6361103686636,60.83285387328679,476.5846244211857,3700.6361103686636
341,587187.4943743467,517555.18674597726,CE_corregida_OLS,475.86158987207375,3497.388691324234,59.13872412661804,475.86158987207375,3497.388691324234
342,587187.7824310688,517555.18674597726,CE_corregida_OLS,474.9457665039691,3340.7502554463927,57.79922365781735,474.9457665039691,3340.7502554463927
343,587188.070487791,517555.18674597726,CE_corregida_OLS,473.82508513250264,3240.541076866575,56.92575056041488,473.82508513250264,3240.541076866575
344,587188.3585445131,517555.18674597726,CE_corregida_OLS,472.5458549654514,3194.4853112746214,56.51977805401063,472.5458549654514,3194.4853112746214
345,587188.6466012353,517555.18674597726,CE_corregida_OLS,471.2192878569925,3187.853354337839,56.46107822507324,471.2192878569925,3187.853354337839
346,587188.9346579574,517555.18674597726,CE_corregida_OLS,470.000358930301,3199.494019189682,56.564070037345104,470.000358930301,3199.494019189682
347,587189.2227146797,517555.18674597726,CE_corregida_OLS,469.0542709589521,3209.560996009523,56.65298752942799,469.0542709589521,3209.560996009523
348,587189.5107714018,517555.18674597726,CE_corregida_OLS,468.52958750126686,3204.217702028145,56.6058097904106,468.52958750126686,3204.217702028145
349,587189.798828124,517555.18674597726,CE_corregida_OLS,468.5443502557235,3176.441197431584,56.35992545622806,468.5443502557235,3176.441197431584
350,587190.0868848461,517555.18674597726,CE_corregida_OLS,469.18194131285657,3124.2825194713687,55.89528172816887,469.18194131285657,3124.2825194713687
351,587190.3749415682,517555.18674597726,CE_corregida_OLS,470.49195333837105,3047.84448751563,55.20728654367673,470.49195333837105,3047.84448751563
352,587190.6629982904,517555.18674597726,CE_corregida_OLS,472.4929183321153,2945.661861314498,54.27395195961409,472.4929183321153,2945.661861314498
353,587190.9510550125,517555.18674597726,CE_corregida_OLS,475.1752805425488,2811.2395939265284,53.021124034921485,475.1752805425488,2811.2395939265284
354,587191.2391117347,517555.18674597726,CE_corregida_OLS,478.50377616774597,2631.083915388202,51.29409240242196,478.50377616774597,2631.083915388202
355,587191.5271684568,517555.18674597726,CE_corregida_OLS,482.4172249394078,2385.774433551284,48.84438999057398,482.4172249394078,2385.774433551284
356,587191.815225179,517555.18674597726,CE_corregida_OLS,486.81707364100106,2055.499682785829,45.33761884777176,486.81707364100106,2055.499682785829
357,587192.1032819011,517555.18674597726,CE_corregida_OLS,491.5092410809962,1634.8181618967446,40.43288465960281,491.5092410809962,1634.8181618967446
358,587192.3913386234,517555.18674597726,CE_corregida_OLS,495.9364722809181,1184.3882168791192,34.41494176777173,495.9364722809181,1184.3882168791192
359,587192.6793953455,517555.18674597726,CE_corregida_OLS,498.34302492951036,985.6969872768484,31.395811619973266,498.34302492951036,985.6969872768484
360,587192.9674520676,517555.18674597726,CE_corregida_OLS,497.409736039582,1262.0650191893362,35.525554452947475,497.409736039582,1262.0650191893362
361,587193.2555087898,517555.18674597726,CE_corregida_OLS,495.1318051249461,1670.8996222116336,40.876639076759155,495.1318051249461,1670.8996222116336
362,587193.5435655119,517555.18674597726,CE_corregida_OLS,492.7891103295244,2013.709005927441,44.874369142389526,492.7891103295244,2013.709005927441
363,587193.8316222341,517555.18674597726,CE_corregida_OLS,490.7729343607296,2262.9235676257385,47.570196211764134,490.7729343607296,2262.9235676257385
364,587194.1196789562,517555.18674597726,CE_corregida_OLS,489.26556394494946,2441.081886199993,49.40730600022625,489.26556394494946,2441.081886199993
365,587194.4077356784,517555.18674597726,CE_corregida_OLS,488.3966708751782,2587.689338548107,50.86933593578854,488.3966708751782,2587.689338548107
366,587194.6957924005,517555.18674597726,CE_corregida_OLS,488.2406915473339,2742.1515187085674,52.365556606500114,488.2406915473339,2742.1515187085674
367,587194.9838491228,517555.18674597726,CE_corregida_OLS,488.7728328847866,2927.8833149534576,54.10991882227747,488.7728328847866,2927.8833149534576
368,587195.2719058449,517555.18674597726,CE_corregida_OLS,489.8562325222596,3145.624650628507,56.08586854661794,489.8562325222596,3145.624650628507
369,587195.5599625671,517555.18674597726,CE_corregida_OLS,491.28636819868126,3381.067862732837,58.146950588425845,491.28636819868126,3381.067862732837
370,587195.8480192892,517555.18674597726,CE_corregida_OLS,492.8525825493159,3617.4378898402647,60.1451402013518,492.8525825493159,3617.4378898402647
371,587196.1360760113,517555.18674597726,CE_corregida_OLS,494.37622933949325,3842.932393992889,61.99138967625173,494.37622933949325,3842.932393992889
372,587196.4241327335,517555.18674597726,CE_corregida_OLS,495.7229490434931,4052.0072292536815,63.65537863569489,495.7229490434931,4052.0072292536815
373,587196.7121894556,517555.18674597726,CE_corregida_OLS,496.80219576729206,4243.715302555939,65.14380479029406,496.80219576729206,4243.715302555939
374,587197.0002461778,517555.18674597726,CE_corregida_OLS,497.56275745044525,4419.54960515526,66.47969317885921,497.56275745044525,4419.54960515526
375,587197.2883028999,517555.18674597726,CE_corregida_OLS,497.98704366495355,4581.788185278472,67.68890740201434,497.98704366495355,4581.788185278472
376,587197.5763596221,517555.18674597726,CE_corregida_OLS,498.08454632616673,4732.540088116072,68.7934596318289,498.08454632616673,4732.540088116072
377,587197.8644163442,517555.18674597726,CE_corregida_OLS,497.8847364406146,4873.373204301223,69.80954952083005,497.8847364406146,4873.373204301223
378,587186.6302041803,517555.4748026994,CE_corregida_OLS,476.61638704040286,3962.500656491446,62.948396774591856,476.61638704040286,3962.500656491446
379,587186.9182609024,517555.4748026994,CE_corregida_OLS,476.12643720389394,3668.2952939511465,60.566453536187396,476.12643720389394,3668.2952939511465
380,587187.2063176245,517555.4748026994,CE_corregida_OLS,475.5301376558182,3386.113120974953,58.190318103400614,475.5301376558182,3386.113120974953
381,587187.4943743467,517555.4748026994,CE_corregida_OLS,474.7470853734639,3140.5838470679982,56.0409122612043,474.7470853734639,3140.5838470679982
382,587187.7824310688,517555.4748026994,CE_corregida_OLS,473.68604212971087,2960.4247885958102,54.40978577972726,473.68604212971087,2960.4247885958102
383,587188.070487791,517555.4748026994,CE_corregida_OLS,472.29125872946963,2866.949782425706,53.543905184677236,472.29125872946963,2866.949782425706
384,587188.3585445131,517555.4748026994,CE_corregida_OLS,470.60403837983176,2859.766801962578,53.476787506006545,470.60403837983176,2859.766801962578
385,587188.6466012353,517555.4748026994,CE_corregida_OLS,468.78196751888413,2914.3590218058725,53.98480361922115,468.78196751888413,2914.3590218058725
386,587188.9346579574,517555.4748026994,CE_corregida_OLS,467.05056402760874,2995.8197738934796,54.734082379203905,467.05056402760874,2995.8197738934796
387,587189.2227146797,517555.4748026994,CE_corregida_OLS,465.63577628123505,3074.392904378082,55.44720826496211,465.63577628123505,3074.392904378082
388,587189.5107714018,517555.4748026994,CE_corregida_OLS,464.72324782236075,3131.76458038016,55.962170976295766,464.72324782236075,3131.76458038016
389,587189.798828124,517555.4748026994,CE_corregida_OLS,464.4453978194648,3159.6878604877998,56.21110086528994,464.4453978194648,3159.6878604877998
390,587190.0868848461,517555.4748026994,CE_corregida_OLS,464.88170941131386,3155.9028849371193,56.17742326715528,464.88170941131386,3155.9028849371193
391,587190.3749415682,517555.4748026994,CE_corregida_OLS,466.0634396881057,3120.0665471223438,55.857555864201075,466.0634396881057,3120.0665471223438
392,587190.6629982904,517555.4748026994,CE_corregida_OLS,467.97966173396605,3050.547069121701,55.23175779496522,467.97966173396605,3050.547069121701
393,587190.9510550125,517555.4748026994,CE_corregida_OLS,470.5829485089055,2942.459237414898,54.24443969122456,470.5829485089055,2942.459237414898
394,587191.2391117347,517555.4748026994,CE_corregida_OLS,473.7921218958275,2787.5311715212074,52.79707540689358,473.7921218958275,2787.5311715212074
395,587191.5271684568,517555.4748026994,CE_corregida_OLS,477.4869260317942,2576.7793194667047,50.761986953494095,477.4869260317942,2576.7793194667047
396,587191.815225179,517555.4748026994,CE_corregida_OLS,481.48313365515713,2307.7295444977367,48.03883371292164,481.48313365515713,2307.7295444977367
397,587192.1032819011,517555.4748026994,CE_corregida_OLS,485.4632082434824,2000.0087339637562,44.721457198572544,485.4632082434824,2000.0087339637562
398,587192.3913386234,517555.4748026994,CE_corregida_OLS,488.8407445313569,1722.9352201564968,41.50825484354283,488.8407445313569,1722.9352201564968
399,587192.6793953455,517555.4748026994,CE_corregida_OLS,490.76051160632454,1599.9563928194386,39.9994549065289,490.76051160632454,1599.9563928194386
400,587192.9674520676,517555.4748026994,CE_corregida_OLS,490.8325067066176,1684.3465943822955,41.040791834250655,490.8325067066176,1684.3465943822955
401,587193.2555087898,517555.4748026994,CE_corregida_OLS,489.66592813363303,1869.9844376812105,43.243316682248256,489.66592813363303,1869.9844376812105
402,587193.5435655119,517555.4748026994,CE_corregida_OLS,488.04337364598,2039.4240218567888,45.159982527197556,488.04337364598,2039.4240218567888
403,587193.8316222341,517555.4748026994,CE_corregida_OLS,486.4605203353269,2146.999972102542,46.33573105177625,486.4605203353269,2146.999972102542
404,587194.1196789562,517555.4748026994,CE_corregida_OLS,485.24380412369163,2203.4787758736147,46.941226825399596,485.24380412369163,2203.4787758736147
405,587194.4077356784,517555.4748026994,CE_corregida_OLS,484.6681399644619,2255.0986075558794,47.48787853290437,484.6681399644619,2255.0986075558794
406,587194.6957924005,517555.4748026994,CE_corregida_OLS,484.94000686356634,2358.1521688439107,48.56080898053399,484.94000686356634,2358.1521688439107
407,587194.9838491228,517555.4748026994,CE_corregida_OLS,486.08107010179646,2541.6580799004605,50.414859713188335,486.08107010179646,2541.6580799004605
408,587195.2719058449,517555.4748026994,CE_corregida_OLS,487.886707921601,2790.079746375247,52.82120546120892,487.886707921601,2790.079746375247
409,587195.5599625671,517555.4748026994,CE_corregida_OLS,490.04560923718975,3066.1645528831273,55.372958679152475,490.04560923718975,3066.1645528831273
410,587195.8480192892,517555.4748026994,CE_corregida_OLS,492.2704002361386,3338.8306676690117,57.782615618099285,492.2704002361386,3338.8306676690117
411,587196.1360760113,517555.4748026994,CE_corregida_OLS,494.34404159914874,3591.8136327472903,59.931741445975774,494.34404159914874,3591.8136327472903
412,587196.4241327335,517555.4748026994,CE_corregida_OLS,496.1174050545964,3820.4789671405765,61.81002319317294,496.1174050545964,3820.4789671405765
413,587196.7121894556,517555.4748026994,CE_corregida_OLS,497.49801997534325,4026.542710304725,63.455044797909686,497.49801997534325,4026.542710304725
414,587197.0002461778,517555.4748026994,CE_corregida_OLS,498.4411471141859,4214.060010447768,64.9157916877532,498.4411471141859,4214.060010447768
415,587197.2883028999,517555.4748026994,CE_corregida_OLS,498.94216731207564,4387.066398556379,66.23493337021166,498.94216731207564,4387.066398556379
416,587197.5763596221,517555.4748026994,CE_corregida_OLS,499.02817133889965,4548.543875431464,67.44289343905304,499.02817133889965,4548.543875431464
417,587197.8644163442,517555.4748026994,CE_corregida_OLS,498.74846875616373,4700.267004274473,68.55849330516587,498.74846875616373,4700.267004274473
418,587198.1524730665,517555.4748026994,CE_corregida_OLS,498.16515994564963,4843.099664292328,69.5923822288929,498.16515994564963,4843.099664292328
419,587186.342147458,517555.76285942155,CE_corregida_OLS,475.9178557979245,4080.7285352548947,63.880580267049034,475.9178557979245,4080.7285352548947
420,587186.6302041803,517555.76285942155,CE_corregida_OLS,475.4529885400931,3744.9575093377966,61.196057955866706,475.4529885400931,3744.9575093377966
421,587186.9182609024,517555.76285942155,CE_corregida_OLS,474.9591710056938,3392.9583234654247,58.24910577395523,474.9591710056938,3392.9583234654247
422,587187.2063176245,517555.76285942155,CE_corregida_OLS,474.37462269744304,3043.328843709934,55.16637421210437,474.37462269744304,3043.328843709934
423,587187.4943743467,517555.76285942155,CE_corregida_OLS,473.5839827711264,2729.9457735235856,52.24888298828584,473.5839827711264,2729.9457735235856
424,587187.7824310688,517555.76285942155,CE_corregida_OLS,472.4156782448224,2502.551596650464,50.02550945917957,472.4156782448224,2502.551596650464
425,587188.070487791,517555.76285942155,CE_corregida_OLS,470.7139433597864,2407.9398612610084,49.070763813711,470.7139433597864,2407.9398612610084
426,587188.3585445131,517555.76285942155,CE_corregida_OLS,468.494624581408,2451.5609064751243,49.51323970894173,468.494624581408,2451.5609064751243
427,587188.6466012353,517555.76285942155,CE_corregida_OLS,466.00748880871964,2586.7889388788835,50.86048504368478,466.00748880871964,2586.7889388788835
428,587188.9346579574,517555.76285942155,CE_corregida_OLS,463.6042371904004,2752.2386357576383,52.46178262085304,463.6042371904004,2752.2386357576383
429,587189.2227146797,517555.76285942155,CE_corregida_OLS,461.5963247368929,2904.752784824241,53.89575850495326,461.5963247368929,2904.752784824241
430,587189.5107714018,517555.76285942155,CE_corregida_OLS,460.20888920508327,3023.8024292763794,54.989111915690906,460.20888920508327,3023.8024292763794
431,587189.798828124,517555.76285942155,CE_corregida_OLS,459.5837550979079,3103.4490161809003,55.70860809768003,459.5837550979079,3103.4490161809003
432,587190.0868848461,517555.76285942155,CE_corregida_OLS,459.7897963953772,3144.2609254337726,56.07370975273326,459.7897963953772,3144.2609254337726
433,587190.3749415682,517555.76285942155,CE_corregida_OLS,460.8322623191528,3147.992893372369,56.10697722540726,460.8322623191528,3147.992893372369
434,587190.6629982904,517555.76285942155,CE_corregida_OLS,462.6623949519256,3114.7781206251725,55.81019728172597,462.6623949519256,3114.7781206251725
435,587190.9510550125,517555.76285942155,CE_corregida_OLS,465.18694739734934,3042.3434199849066,55.157442108793504,465.18694739734934,3042.3434199849066
436,587191.2391117347,517555.76285942155,CE_corregida_OLS,468.274077007089,2927.102665458621,54.1027047887499,468.274077007089,2927.102665458621
437,587191.5271684568,517555.76285942155,CE_corregida_OLS,471.75027202781393,2767.389964295979,52.6059879129361,471.75027202781393,2767.389964295979
438,587191.815225179,517555.76285942155,CE_corregida_OLS,475.3826036896992,2569.374203498713,50.68899489532923,475.3826036896992,2569.374203498713
439,587192.1032819011,517555.76285942155,CE_corregida_OLS,478.84589252435745,2355.4892697679343,48.53338304474492,478.84589252435745,2355.4892697679343
440,587192.3913386234,517555.76285942155,CE_corregida_OLS,481.70551648288443,2169.9606579028336,46.58283651628391,481.70551648288443,2169.9606579028336
441,587192.6793953455,517555.76285942155,CE_corregida_OLS,483.51972163520793,2063.3428808505396,45.42403417630957,483.51972163520793,2063.3428808505396
442,587192.9674520676,517555.76285942155,CE_corregida_OLS,484.11362532461897,2047.3443834733125,45.247589808445184,484.11362532461897,2047.3443834733125
443,587193.2555087898,517555.76285942155,CE_corregida_OLS,483.71582060140065,2074.638270255744,45.54819722289505,483.71582060140065,2074.638270255744
444,587193.5435655119,517555.76285942155,CE_corregida_OLS,482.74375918889,2080.908856359142,45.616979912738,482.74375918889,2080.908856359142
445,587193.8316222341,517555.76285942155,CE_corregida_OLS,481.5927412141337,2029.490600004986,45.049867924390036,481.5927412141337,2029.490600004986
446,587194.1196789562,517555.76285942155,CE_corregida_OLS,480.6322442832491,1929.8010607618967,43.92950103019492,480.6322442832491,1929.8010607618967
447,587194.4077356784,517555.76285942155,CE_corregida_OLS,480.29545730405766,1846.9888531087015,42.97660820852085,480.29545730405766,1846.9888531087015
448,587194.6957924005,517555.76285942155,CE_corregida_OLS,481.0423473340585,1883.7037248317324,43.40165578444827,481.0423473340585,1883.7037248317324
449,587194.9838491228,517555.76285942155,CE_corregida_OLS,482.9981402520764,2088.023104829542,45.69489145221314,482.9981402520764,2088.023104829542
450,587195.2719058449,517555.76285942155,CE_corregida_OLS,485.77483105963756,2400.902452399741,48.999004606213596,485.77483105963756,2400.902452399741
451,587195.5599625671,517555.76285942155,CE_corregida_OLS,488.85668809176997,2739.3184025177547,52.33849828298243,488.85668809176997,2739.3184025177547
452,587195.8480192892,517555.76285942155,CE_corregida_OLS,491.86774870144467,3056.142647151763,55.28239002749215,491.86774870144467,3056.142647151763
453,587196.1360760113,517555.76285942155,CE_corregida_OLS,494.56858242687804,3336.1915236443915,57.75977426933377,494.56858242687804,3336.1915236443915
454,587196.4241327335,517555.76285942155,CE_corregida_OLS,496.8081254941982,3580.688439389748,59.83885392777629,496.8081254941982,3580.688439389748
455,587196.7121894556,517555.76285942155,CE_corregida_OLS,498.4988965889419,3797.0402814731506,61.62012886608686,498.4988965889419,3797.0402814731506
456,587197.0002461778,517555.76285942155,CE_corregida_OLS,499.6076073150151,3993.334304837556,63.19283428394042,499.6076073150151,3993.334304837556
457,587197.2883028999,517555.76285942155,CE_corregida_OLS,500.1484252560697,4175.767586385691,64.62017940539697,500.1484252560697,4175.767586385691
458,587197.5763596221,517555.76285942155,CE_corregida_OLS,500.1730239587387,4347.967479202339,65.93911949065091,500.1730239587387,4347.967479202339
459,587197.8644163442,517555.76285942155,CE_corregida_OLS,499.7575643632612,4511.428844157066,67.1671708809971,499.7575643632612,4511.428844157066
460,587198.1524730665,517555.76285942155,CE_corregida_OLS,498.98960019615674,4666.380018183907,68.31090702211402,498.98960019615674,4666.380018183907
461,587198.4405297886,517555.76285942155,CE_corregida_OLS,497.95766403551943,4812.581866161756,69.37277467538513,497.95766403551943,4812.581866161756
462,587186.342147458,517556.0509161437,CE_corregida_OLS,474.5966320890285,3931.697729345222,62.703251345884944,474.5966320890285,3931.697729345222
463,587186.6302041803,517556.0509161437,CE_corregida_OLS,474.0826340344881,3548.4795082275177,59.56911538899598,474.0826340344881,3548.4795082275177
464,587186.9182609024,517556.0509161437,CE_corregida_OLS,473.57833202916714,3131.6809284535416,55.961423574222465,473.57833202916714,3131.6809284535416
465,587187.2063176245,517556.0509161437,CE_corregida_OLS,473.0355177258064,2695.9368817569753,51.92241213346097,473.0355177258064,2695.9368817569753
466,587187.4943743467,517556.0509161437,CE_corregida_OLS,472.3237986507884,2279.0077361975164,47.73895407523626,472.3237986507884,2279.0077361975164
467,587187.7824310688,517556.0509161437,CE_corregida_OLS,471.15846378297465,1960.459976589969,44.277081843657776,471.15846378297465,1960.459976589969
468,587188.070487791,517556.0509161437,CE_corregida_OLS,469.1436310178626,1848.6763468044267,42.99623642604579,469.1436310178626,1848.6763468044267
469,587188.3585445131,517556.0509161437,CE_corregida_OLS,466.1990910692474,1970.4795554737618,44.390083976872155,466.1990910692474,1970.4795554737618
470,587188.6466012353,517556.0509161437,CE_corregida_OLS,462.80329725656145,2220.46549612783,47.12181550118618,462.80329725656145,2220.46549612783
471,587188.9346579574,517556.0509161437,CE_corregida_OLS,459.5410777887959,2486.435806735033,49.86417357918442,459.5410777887959,2486.435806735033
472,587189.2227146797,517556.0509161437,CE_corregida_OLS,456.8194158981071,2714.038135283971,52.09643111849382,456.8194158981071,2714.038135283971
473,587189.5107714018,517556.0509161437,CE_corregida_OLS,454.888124761495,2888.62235648762,53.74590548579138,454.888124761495,2888.62235648762
474,587189.798828124,517556.0509161437,CE_corregida_OLS,453.8878224514215,3012.454559546174,54.88583204749814,453.8878224514215,3012.454559546174
475,587190.0868848461,517556.0509161437,CE_corregida_OLS,453.86961189835205,3092.2597950524173,55.6080910934049,453.86961189835205,3092.2597950524173
476,587190.3749415682,517556.0509161437,CE_corregida_OLS,454.8049014137747,3133.4785059089613,55.97748213263045,454.8049014137747,3133.4785059089613
477,587190.6629982904,517556.0509161437,CE_corregida_OLS,456.59830929496485,3138.389217746103,56.021328239752606,456.59830929496485,3138.389217746103
478,587190.9510550125,517556.0509161437,CE_corregida_OLS,459.104113424559,3106.615940282092,55.737024860339396,459.104113424559,3106.615940282092
479,587191.2391117347,517556.0509161437,CE_corregida_OLS,462.14014166573514,3037.1464396328747,55.11031155448928,462.14014166573514,3037.1464396328747
480,587191.5271684568,517556.0509161437,CE_corregida_OLS,465.49323668211855,2931.3768888560653,54.142191393183055,465.49323668211855,2931.3768888560653
481,587191.815225179,517556.0509161437,CE_corregida_OLS,468.91527368407293,2796.750300734236,52.88431053473455,468.91527368407293,2796.750300734236
482,587192.1032819011,517556.0509161437,CE_corregida_OLS,472.1179918680638,2649.605826924529,51.47432201520025,472.1179918680638,2649.605826924529
483,587192.3913386234,517556.0509161437,CE_corregida_OLS,474.7903799125336,2513.4025963657828,50.13384681396175,474.7903799125336,2513.4025963657828
484,587192.6793953455,517556.0509161437,CE_corregida_OLS,476.6694335301742,2407.2987394826105,49.064230754008676,476.6694335301742,2407.2987394826105
485,587192.9674520676,517556.0509161437,CE_corregida_OLS,477.6465839672011,2328.6498160128763,48.25608579249747,477.6465839672011,2328.6498160128763
486,587193.2555087898,517556.0509161437,CE_corregida_OLS,477.81002698050725,2247.269220168149,47.40537121643653,477.81002698050725,2247.269220168149
487,587193.5435655119,517556.0509161437,CE_corregida_OLS,477.37417059104075,2120.4407919160817,46.048244178427495,477.37417059104075,2120.4407919160817
488,587193.8316222341,517556.0509161437,CE_corregida_OLS,476.5923894608275,1915.1489508425514,43.76241481959778,476.5923894608275,1915.1489508425514
489,587194.1196789562,517556.0509161437,CE_corregida_OLS,475.76416742943115,1631.1516214639648,40.38751813944458,475.76416742943115,1631.1516214639648
490,587194.4077356784,517556.0509161437,CE_corregida_OLS,475.41853670275776,1348.0666547031692,36.71602721841198,475.41853670275776,1348.0666547031692
491,587194.6957924005,517556.0509161437,CE_corregida_OLS,476.57155714399147,1289.0435649567253,35.90325284645843,476.57155714399147,1289.0435649567253
492,587194.9838491228,517556.0509161437,CE_corregida_OLS,479.6861602960847,1578.3663198055765,39.72865867111016,479.6861602960847,1578.3663198055765
493,587195.2719058449,517556.0509161437,CE_corregida_OLS,483.76036709933885,2012.423044924932,44.86003839638272,483.76036709933885,2012.423044924932
494,587195.5599625671,517556.0509161437,CE_corregida_OLS,487.9369115845102,2430.923140074196,49.30439270566261,487.9369115845102,2430.923140074196
495,587195.8480192892,517556.0509161437,CE_corregida_OLS,491.81807546991456,2788.7226195842936,52.80835747856862,491.81807546991456,2788.7226195842936
496,587196.1360760113,517556.0509161437,CE_corregida_OLS,495.18798514732254,3085.660970490441,55.548726092417645,495.18798514732254,3085.660970490441
497,587196.4241327335,517556.0509161437,CE_corregida_OLS,497.90731883011085,3335.443301370704,57.7532968874566,497.90731883011085,3335.443301370704
498,587196.7121894556,517556.0509161437,CE_corregida_OLS,499.8946134833041,3554.023519104817,59.615631499673114,499.8946134833041,3554.023519104817
499,587197.0002461778,517556.0509161437,CE_corregida_OLS,501.12894307594553,3754.413416985388,61.273268371985736,501.12894307594553,3754.413416985388
500,587197.2883028999,517556.0509161437,CE_corregida_OLS,501.6486951776578,3944.6630872966252,62.80655290092448,501.6486951776578,3944.6630872966252
501,587197.5763596221,517556.0509161437,CE_corregida_OLS,501.53913941666474,4128.099407892104,64.25028722030824,501.53913941666474,4128.099407892104
502,587197.8644163442,517556.0509161437,CE_corregida_OLS,500.91261774229883,4304.881766913368,65.61159780795899,500.91261774229883,4304.881766913368
503,587198.1524730665,517556.0509161437,CE_corregida_OLS,499.88915891713486,4473.793374448973,66.88642145046312,499.88915891713486,4473.793374448973
504,587198.4405297886,517556.0509161437,CE_corregida_OLS,498.5828369145679,4633.540812689844,68.0701168846495,498.5828369145679,4633.540812689844
505,587198.7285865108,517556.0509161437,CE_corregida_OLS,497.0948210532834,4783.374558722676,69.16194444000743,497.0948210532834,4783.374558722676
506,587186.0540907359,517556.3389728659,CE_corregida_OLS,473.7032019583188,4194.579322114319,64.76557204344233,473.7032019583188,4194.579322114319
507,587186.342147458,517556.3389728659,CE_corregida_OLS,473.04786765521925,3821.4325905091264,61.81773686013688,473.04786765521925,3821.4325905091264
508,587186.6302041803,517556.3389728659,CE_corregida_OLS,472.43101612744636,3398.2779216129616,58.29475037782529,472.43101612744636,3398.2779216129616
509,587186.9182609024,517556.3389728659,CE_corregida_OLS,471.8640018321549,2921.88281167126,54.05444303358661,471.8640018321549,2921.88281167126
510,587187.2063176245,517556.3389728659,CE_corregida_OLS,471.3410255151118,2394.8251337862507,48.93695059754184,471.3410255151118,2394.8251337862507
511,587187.4943743467,517556.3389728659,CE_corregida_OLS,470.7887028601159,1839.3162947088356,42.88725095770112,470.7887028601159,1839.3162947088356
512,587187.7824310688,517556.3389728659,CE_corregida_OLS,469.8792049803429,1346.6808190645093,36.69715001283491,469.8792049803429,1346.6808190645093
513,587188.070487791,517556.3389728659,CE_corregida_OLS,467.64756500540204,1174.149611303136,34.26586656285138,467.64756500540204,1174.149611303136
514,587188.3585445131,517556.3389728659,CE_corregida_OLS,463.5984209554342,1446.9627588867859,38.038963693649514,463.5984209554342,1446.9627588867859
515,587188.6466012353,517556.3389728659,CE_corregida_OLS,458.96243083827414,1862.260413763264,43.153915393197686,458.96243083827414,1862.260413763264
516,587188.9346579574,517556.3389728659,CE_corregida_OLS,454.6761962481301,2233.4039862085915,47.25890377705128,454.6761962481301,2233.4039862085915
517,587189.2227146797,517556.3389728659,CE_corregida_OLS,451.1608572862568,2522.220994384889,50.22171835356581,451.1608572862568,2522.220994384889
518,587189.5107714018,517556.3389728659,CE_corregida_OLS,448.6527043679811,2735.411374715218,52.3011603572542,448.6527043679811,2735.411374715218
519,587189.798828124,517556.3389728659,CE_corregida_OLS,447.2852160272695,2889.6379058207854,53.75535234579702,447.2852160272695,2889.6379058207854
520,587190.0868848461,517556.3389728659,CE_corregida_OLS,447.0910371674181,2999.8352734027203,54.77075198865468,447.0910371674181,2999.8352734027203
521,587190.3749415682,517556.3389728659,CE_corregida_OLS,448.00093318439144,3075.074162765179,55.45335123114904,448.00093318439144,3075.074162765179
522,587190.6629982904,517556.3389728659,CE_corregida_OLS,449.86114526705563,3118.490201286676,55.84344367324311,449.86114526705563,3118.490201286676
523,587190.9510550125,517556.3389728659,CE_corregida_OLS,452.46362030033947,3129.578058289858,55.94263184986793,452.46362030033947,3129.578058289858
524,587191.2391117347,517556.3389728659,CE_corregida_OLS,455.5741025213544,3107.2782915996827,55.7429662971005,455.5741025213544,3107.2782915996827
525,587191.5271684568,517556.3389728659,CE_corregida_OLS,458.9485234679015,3052.78330656988,55.251998213366726,458.9485234679015,3052.78330656988
526,587191.815225179,517556.3389728659,CE_corregida_OLS,462.3387069743509,2971.4336645764415,54.51085822637946,462.3387069743509,2971.4336645764415
527,587192.1032819011,517556.3389728659,CE_corregida_OLS,465.49697084439083,2872.8414867321026,53.59889445438313,465.49697084439083,2872.8414867321026
528,587192.3913386234,517556.3389728659,CE_corregida_OLS,468.1933040075957,2767.807756131942,52.60995871631094,468.1933040075957,2767.807756131942
529,587192.6793953455,517556.3389728659,CE_corregida_OLS,470.25253737413357,2661.402215813812,51.58877994112491,470.25253737413357,2661.402215813812
530,587192.9674520676,517556.3389728659,CE_corregida_OLS,471.5961593177956,2545.2524282356667,50.45049482646991,471.5961593177956,2545.2524282356667
531,587193.2555087898,517556.3389728659,CE_corregida_OLS,472.25382364607987,2395.2069145529435,48.940851183371784,472.25382364607987,2395.2069145529435
532,587193.5435655119,517556.3389728659,CE_corregida_OLS,472.3301660084601,2176.773473828216,46.65590502635455,472.3301660084601,2176.773473828216
533,587193.8316222341,517556.3389728659,CE_corregida_OLS,471.9554692329194,1854.0230661597002,43.05836813163848,471.9554692329194,1854.0230661597002
534,587194.1196789562,517556.3389728659,CE_corregida_OLS,471.2644499596896,1399.2034188141104,37.40592758927534,471.2644499596896,1399.2034188141104
535,587194.4077356784,517556.3389728659,CE_corregida_OLS,470.5099501624472,825.4743871656281,28.731070066491224,470.5099501624472,825.4743871656281
536,587194.6957924005,517556.3389728659,CE_corregida_OLS,471.5872790563281,554.1246362474586,23.53985208635472,471.5872790563281,554.1246362474586
537,587194.9838491228,517556.3389728659,CE_corregida_OLS,476.6978536366849,1118.4507296245733,33.443246397809126,476.6978536366849,1118.4507296245733
538,587195.2719058449,517556.3389728659,CE_corregida_OLS,482.3010638628387,1712.4052355099911,41.38121839083512,482.3010638628387,1712.4052355099911
539,587195.5599625671,517556.3389728659,CE_corregida_OLS,487.57444333749874,2189.667292139331,46.793880926242174,487.57444333749874,2189.667292139331
540,587195.8480192892,517556.3389728659,CE_corregida_OLS,492.30736654233823,2559.414869121929,50.59065990004409,492.30736654233823,2559.414869121929
541,587196.1360760113,517556.3389728659,CE_corregida_OLS,496.3374388996678,2848.0106182748236,53.36675574058089,496.3374388996678,2848.0106182748236
542,587196.4241327335,517556.3389728659,CE_corregida_OLS,499.52318897174837,3084.1027056991925,55.53469821381217,499.52318897174837,3084.1027056991925
543,587196.7121894556,517556.3389728659,CE_corregida_OLS,501.7711095295831,3292.8126132323173,57.383034193325095,501.7711095295831,3292.8126132323173
544,587197.0002461778,517556.3389728659,CE_corregida_OLS,503.06500665514227,3491.6389758606992,59.09009202785776,503.06500665514227,3491.6389758606992
545,587197.2883028999,517556.3389728659,CE_corregida_OLS,503.4734531188592,3688.9496923333913,60.73672441228117,503.4734531188592,3688.9496923333913
546,587197.5763596221,517556.3389728659,CE_corregida_OLS,503.12920802876994,3885.6647341448543,62.33510033797054,503.12920802876994,3885.6647341448543
547,587197.8644163442,517556.3389728659,CE_corregida_OLS,502.1943860074295,4078.7370206211604,63.86499057090011,502.1943860074295,4078.7370206211604
548,587198.1524730665,517556.3389728659,CE_corregida_OLS,500.82997098099725,4264.344458263545,65.30194834967442,500.82997098099725,4264.344458263545
549,587198.4405297886,517556.3389728659,CE_corregida_OLS,499.1785912468973,4439.6892337948375,66.63099304223852,499.1785912468973,4439.6892337948375
550,587198.7285865108,517556.3389728659,CE_corregida_OLS,497.35919310097955,4603.480856108859,67.84895619026766,497.35919310097955,4603.480856108859
551,587199.0166432329,517556.3389728659,CE_corregida_OLS,495.4684293611041,4755.669302236479,68.96136093666132,495.4684293611041,4755.669302236479
552,587199.304699955,517556.3389728659,CE_corregida_OLS,493.5843547226441,4896.940175904885,69.97814070054223,493.5843547226441,4896.940175904885
553,587185.7660340137,517556.62702958804,CE_corregida_OLS,472.93108343071697,4491.067274483113,67.01542564576542,472.93108343071697,4491.067274483113
554,587186.0540907359,517556.62702958804,CE_corregida_OLS,472.0821429165519,4152.871986164875,64.44278071409454,472.0821429165519,4152.871986164875
555,587186.342147458,517556.62702958804,CE_corregida_OLS,471.2430001424886,3765.0544257716138,61.36003932341971,471.2430001424886,3765.0544257716138
556,587186.6302041803,517556.62702958804,CE_corregida_OLS,470.4338026058752,3319.8870901050254,57.618461365303965,470.4338026058752,3319.8870901050254
557,587186.9182609024,517556.62702958804,CE_corregida_OLS,469.6817213007429,2808.5282523730475,52.99554936381967,469.6817213007429,2808.5282523730475
558,587187.2063176245,517556.62702958804,CE_corregida_OLS,469.0220657758552,2221.2234731803173,47.129857555272935,469.0220657758552,2221.2234731803173
559,587187.4943743467,517556.62702958804,CE_corregida_OLS,468.49450116356593,1549.0007519105404,39.35734686066301,468.49450116356593,1549.0007519105404
560,587187.7824310688,517556.62702958804,CE_corregida_OLS,468.08867299542675,798.9306874744383,28.26536197317201,468.08867299542675,798.9306874744383
561,587188.070487791,517556.62702958804,CE_corregida_OLS,466.24237400035827,387.8136492917158,19.692984773561264,466.24237400035827,387.8136492917158
562,587188.3585445131,517556.62702958804,CE_corregida_OLS,460.1234660520456,1030.2481093768004,32.097478240148405,460.1234660520456,1030.2481093768004
563,587188.6466012353,517556.62702958804,CE_corregida_OLS,454.0832336934851,1610.6224169662987,40.1325605583085,454.0832336934851,1610.6224169662987
564,587188.9346579574,517556.62702958804,CE_corregida_OLS,448.7816790181982,2040.8948455176617,45.176264182839,448.7816790181982,2040.8948455176617
565,587189.2227146797,517556.62702958804,CE_corregida_OLS,444.47944935032353,2348.6978538210114,48.46336610080868,444.47944935032353,2348.6978538210114
566,587189.5107714018,517556.62702958804,CE_corregida_OLS,441.4036667680396,2568.8482119186915,50.68380620986048,441.4036667680396,2568.8482119186915
567,587189.798828124,517556.62702958804,CE_corregida_OLS,439.7119642063227,2732.7494078929344,52.275705713963674,439.7119642063227,2732.7494078929344
568,587190.0868848461,517556.62702958804,CE_corregida_OLS,439.4355340701134,2862.474737561306,53.50210030981313,439.4355340701134,2862.474737561306
569,587190.3749415682,517556.62702958804,CE_corregida_OLS,440.4573293538952,2968.313591816019,54.48223189092036,440.4573293538952,2968.313591816019
570,587190.6629982904,517556.62702958804,CE_corregida_OLS,442.5439918619069,3050.9833947342804,55.23570760598872,442.5439918619069,3050.9833947342804
571,587190.9510550125,517556.62702958804,CE_corregida_OLS,445.40632025301073,3106.6501940237845,55.737332139453756,445.40632025301073,3106.6501940237845
572,587191.2391117347,517556.62702958804,CE_corregida_OLS,448.75073950903936,3131.6198331028695,55.96087770132693,448.75073950903936,3131.6198331028695
573,587191.5271684568,517556.62702958804,CE_corregida_OLS,452.30563303927283,3125.0374776400054,55.90203464669247,452.30563303927283,3125.0374776400054
574,587191.815225179,517556.62702958804,CE_corregida_OLS,455.82863624331554,3089.5094882555777,55.58335621618739,455.82863624331554,3089.5094882555777
575,587192.1032819011,517556.62702958804,CE_corregida_OLS,459.1084900155955,3029.8916881390264,55.04445192877323,459.1084900155955,3029.8916881390264
576,587192.3913386234,517556.62702958804,CE_corregida_OLS,461.97221405059446,2950.3038873143696,54.31669989344317,461.97221405059446,2950.3038873143696
577,587192.6793953455,517556.62702958804,CE_corregida_OLS,464.3000875831831,2849.8663490203467,53.38413948936844,464.3000875831831,2849.8663490203467
578,587192.9674520676,517556.62702958804,CE_corregida_OLS,466.04013023997675,2718.8887561229076,52.14296458893479,466.04013023997675,2718.8887561229076
579,587193.2555087898,517556.62702958804,CE_corregida_OLS,467.2085855765215,2537.8099894843513,50.376681009017965,467.2085855765215,2537.8099894843513
580,587193.5435655119,517556.62702958804,CE_corregida_OLS,467.8713887551778,2279.618614856238,47.74535176178136,467.8713887551778,2279.618614856238
581,587193.8316222341,517556.62702958804,CE_corregida_OLS,468.11676168343644,1914.2622607911078,43.7522829209072,468.11676168343644,1914.2622607911078
582,587194.1196789562,517556.62702958804,CE_corregida_OLS,468.0388824425762,1414.255433180141,37.60658763009668,468.0388824425762,1414.255433180141
583,587194.4077356784,517556.62702958804,CE_corregida_OLS,467.8023285016028,775.5154143793545,27.848077391075932,467.8023285016028,775.5154143793545
584,587194.6957924005,517556.62702958804,CE_corregida_OLS,469.33169818487033,422.96843819040816,20.566196493041883,469.33169818487033,422.96843819040816
585,587194.9838491228,517556.62702958804,CE_corregida_OLS,475.50800335766337,1039.283532607901,32.23792072401539,475.50800335766337,1039.283532607901
586,587195.2719058449,517556.62702958804,CE_corregida_OLS,481.94931424391194,1618.0050741578123,40.22443379536637,481.94931424391194,1618.0050741578123
587,587195.5599625671,517556.62702958804,CE_corregida_OLS,488.00087926865314,2058.056224374011,45.36580457099831,488.00087926865314,2058.056224374011
588,587195.8480192892,517556.62702958804,CE_corregida_OLS,493.4573192488208,2381.3611473869414,48.7991920771947,493.4573192488208,2381.3611473869414
589,587196.1360760113,517556.62702958804,CE_corregida_OLS,498.10740908201433,2622.5198006635874,51.21054384268524,498.10740908201433,2622.5198006635874
590,587196.4241327335,517556.62702958804,CE_corregida_OLS,501.73901347681334,2818.890200059279,53.09322179016149,501.73901347681334,2818.890200059279
591,587196.7121894556,517556.62702958804,CE_corregida_OLS,504.1992162875138,3003.1638743890494,54.80113022912072,504.1992162875138,3003.1638743890494
592,587197.0002461778,517556.62702958804,CE_corregida_OLS,505.4587000388426,3195.8411513883116,56.531771167975194,505.4587000388426,3195.8411513883116
593,587197.2883028999,517556.62702958804,CE_corregida_OLS,505.6286647897572,3402.4304591634373,58.33035624066972,505.6286647897572,3402.4304591634373
594,587197.5763596221,517556.62702958804,CE_corregida_OLS,504.91548802128517,3617.543331103132,60.146016751761145,504.91548802128517,3617.543331103132
595,587197.8644163442,517556.62702958804,CE_corregida_OLS,503.5522000281798,3831.993386475476,61.90309674382596,503.5522000281798,3831.993386475476
596,587198.1524730665,517556.62702958804,CE_corregida_OLS,501.74990836318096,4038.0130496097386,63.545362140833994,501.74990836318096,4038.0130496097386
597,587198.4405297886,517556.62702958804,CE_corregida_OLS,499.67969780188133,4231.1608857739,65.04737416509525,499.67969780188133,4231.1608857739
598,587198.7285865108,517556.62702958804,CE_corregida_OLS,497.47402300434993,4410.025226764048,66.40802080143669,497.47402300434993,4410.025226764048
599,587199.0166432329,517556.62702958804,CE_corregida_OLS,495.23511273502675,4575.126541086103,67.63968170450023,495.23511273502675,4575.126541086103
600,587199.304699955,517556.62702958804,CE_corregida_OLS,493.04339527880995,4727.847976429081,68.75934828391759,493.04339527880995,4727.847976429081
601,587199.5927566772,517556.62702958804,CE_corregida_OLS,490.9634627291099,4869.706168617632,69.78328000758944,490.9634627291099,4869.706168617632
602,587185.4779772916,517556.9150863102,CE_corregida_OLS,472.38335225680464,4788.69188248488,69.20037487243027,472.38335225680464,4788.69188248488
603,587185.7660340137,517556.9150863102,CE_corregida_OLS,471.3512736479037,4494.147572167756,67.0384037113635,471.3512736479037,4494.147572167756
604,587186.0540907359,517556.9150863102,CE_corregida_OLS,470.28359814511543,4157.0109576333925,64.47488625529627,470.28359814511543,4157.0109576333925
605,587186.342147458,517556.9150863102,CE_corregida_OLS,469.18860246546694,3770.8411528721044,61.407175092753654,469.18860246546694,3770.8411528721044
606,587186.6302041803,517556.9150863102,CE_corregida_OLS,468.07812643188544,3328.375311751699,57.69207321419208,468.07812643188544,3328.375311751699
607,587186.9182609024,517556.9150863102,CE_corregida_OLS,466.9679781821258,2821.7364069431806,53.12001889065158,466.9679781821258,2821.7364069431806
608,587187.2063176245,517556.9150863102,CE_corregida_OLS,465.87597911513967,2243.4475340972776,47.36504548817913,465.87597911513967,2243.4475340972776
609,587187.4943743467,517556.9150863102,CE_corregida_OLS,464.80657508791063,1591.2233162024395,39.89014058890291,464.80657508791063,1591.2233162024395
610,587187.7824310688,517556.9150863102,CE_corregida_OLS,463.62920423420417,900.649631542839,30.01082523928389,463.62920423420417,900.649631542839
611,587188.070487791,517556.9150863102,CE_corregida_OLS,460.7885663123646,575.7598694534948,23.994996758772334,460.7885663123646,575.7598694534948
612,587188.3585445131,517556.9150863102,CE_corregida_OLS,454.4568075742453,1060.0251004038983,32.558026666306084,454.4568075742453,1060.0251004038983
613,587188.6466012353,517556.9150863102,CE_corregida_OLS,447.7832890504586,1565.8772368932118,39.57116673656732,447.7832890504586,1565.8772368932118
614,587188.9346579574,517556.9150863102,CE_corregida_OLS,441.73358579289857,1939.2754842457982,44.0372056816256,441.73358579289857,1939.2754842457982
615,587189.2227146797,517556.9150863102,CE_corregida_OLS,436.7127187595126,2198.1000265359185,46.883899438249784,436.7127187595126,2198.1000265359185
616,587189.5107714018,517556.9150863102,CE_corregida_OLS,433.08475084389,2382.1472956456955,48.807246343608604,433.08475084389,2382.1472956456955
617,587189.798828124,517556.9150863102,CE_corregida_OLS,431.12599375272856,2530.86086999294,50.307662140005476,431.12599375272856,2530.86086999294
618,587190.0868848461,517556.9150863102,CE_corregida_OLS,430.90662597378594,2670.1204258646158,51.6732080082572,430.90662597378594,2670.1204258646158
619,587190.3749415682,517556.9150863102,CE_corregida_OLS,432.24289497999814,2806.462065266787,52.97605180897107,432.24289497999814,2806.462065266787
620,587190.6629982904,517556.9150863102,CE_corregida_OLS,434.775804675886,2932.2710145638775,54.15044796272583,434.775804675886,2932.2710145638775
621,587190.9510550125,517556.9150863102,CE_corregida_OLS,438.1003550270837,3035.919837367254,55.09918182121449,438.1003550270837,3035.919837367254
622,587191.2391117347,517556.9150863102,CE_corregida_OLS,441.8526524203001,3108.870598608846,55.75724705012655,441.8526524203001,3108.870598608846
623,587191.5271684568,517556.9150863102,CE_corregida_OLS,445.737882066931,3147.7888823869534,56.10515914233693,445.737882066931,3147.7888823869534
624,587191.815225179,517556.9150863102,CE_corregida_OLS,449.5265582711545,3153.5137022399326,56.15615462475981,449.5265582711545,3153.5137022399326
625,587192.1032819011,517556.9150863102,CE_corregida_OLS,453.04439085989543,3128.6606829543985,55.93443199813866,453.04439085989543,3128.6606829543985
626,587192.3913386234,517556.9150863102,CE_corregida_OLS,456.1672499017751,3074.72166504402,55.450172813472996,456.1672499017751,3074.72166504402
627,587192.6793953455,517556.9150863102,CE_corregida_OLS,458.82231865502143,2989.263518051643,54.67415768031221,458.82231865502143,2989.263518051643
628,587192.9674520676,517556.9150863102,CE_corregida_OLS,460.9906324382001,2864.105949265552,53.517342509373094,460.9906324382001,2864.105949265552
629,587193.2555087898,517556.9150863102,CE_corregida_OLS,462.7054170367039,2685.4847267060204,51.821662716532174,462.7054170367039,2685.4847267060204
630,587193.5435655119,517556.9150863102,CE_corregida_OLS,464.0461516957333,2436.9107856951073,49.36507657945146,464.0461516957333,2436.9107856951073
631,587193.8316222341,517556.9150863102,CE_corregida_OLS,465.13957256934117,2105.8655456495385,45.889710672976996,465.13957256934117,2105.8655456495385
632,587194.1196789562,517556.9150863102,CE_corregida_OLS,466.20271282390587,1700.3194390736355,41.23492984198755,466.20271282390587,1700.3194390736355
633,587194.4077356784,517556.9150863102,CE_corregida_OLS,467.7381970373048,1300.0620763843608,36.056373588928224,467.7381970373048,1300.0620763843608
634,587194.6957924005,517556.9150863102,CE_corregida_OLS,470.90284275756505,1149.5664203250071,33.90525652940864,470.90284275756505,1149.5664203250071
635,587194.9838491228,517556.9150863102,CE_corregida_OLS,476.28887442675034,1380.496681339239,37.15503574670921,476.28887442675034,1380.496681339239
636,587195.2719058449,517556.9150863102,CE_corregida_OLS,482.6926155308398,1731.2470827152333,41.60825738618758,482.6926155308398,1731.2470827152333
637,587195.5599625671,517556.9150863102,CE_corregida_OLS,489.16611418482154,2030.2143687444743,45.05790018126093,489.16611418482154,2030.2143687444743
638,587195.8480192892,517556.9150863102,CE_corregida_OLS,495.2294716337011,2244.859580274035,47.37994913752056,495.2294716337011,2244.859580274035
639,587196.1360760113,517556.9150863102,CE_corregida_OLS,500.49813272772195,2395.405084683728,48.94287572960673,500.49813272772195,2395.405084683728
640,587196.4241327335,517556.9150863102,CE_corregida_OLS,504.59433977304786,2522.6324426689293,50.225814504783585,504.59433977304786,2522.6324426689293
641,587196.7121894556,517556.9150863102,CE_corregida_OLS,507.22601375809535,2668.0486987255745,51.65315768397489,507.22601375809535,2668.0486987255745
642,587197.0002461778,517556.9150863102,CE_corregida_OLS,508.32343658673085,2854.5374668699333,53.42787162960858,508.32343658673085,2854.5374668699333
643,587197.2883028999,517556.9150863102,CE_corregida_OLS,508.07638466754076,3078.973866011855,55.48850210639908,508.07638466754076,3078.973866011855
644,587197.5763596221,517556.9150863102,CE_corregida_OLS,506.81929505724963,3322.6164713744147,57.64214145375252,506.81929505724963,3322.6164713744147
645,587197.8644163442,517556.9150863102,CE_corregida_OLS,504.88790025545103,3566.030005325437,59.71624574037987,504.88790025545103,3566.030005325437
646,587198.1524730665,517556.9150863102,CE_corregida_OLS,502.5486374295628,3796.644379356735,61.61691634086158,502.5486374295628,3796.644379356735
647,587198.4405297886,517556.9150863102,CE_corregida_OLS,499.9929163625646,4009.192520032005,63.3181847499753,499.9929163625646,4009.192520032005
648,587198.7285865108,517556.9150863102,CE_corregida_OLS,497.3560625108497,4203.329293682554,64.83308795424257,497.3560625108497,4203.329293682554
649,587199.0166432329,517556.9150863102,CE_corregida_OLS,494.7375159634891,4381.097005961479,66.18985576326239,494.7375159634891,4381.097005961479
650,587199.304699955,517556.9150863102,CE_corregida_OLS,492.21502569916515,4545.135161787811,67.41761759204941,492.21502569916515,4545.135161787811
651,587199.5927566772,517556.9150863102,CE_corregida_OLS,489.8524839616154,4697.722734989407,68.53993532962667,489.8524839616154,4697.722734989407
652,587199.8808133993,517556.9150863102,CE_corregida_OLS,487.70306153428453,4840.460157488625,69.57341559452594,487.70306153428453,4840.460157488625
653,587185.1899205694,517557.2031430323,CE_corregida_OLS,472.09908776677673,5068.60220659608,71.19411637625738,472.09908776677673,5068.60220659608
654,587185.4779772916,517557.2031430323,CE_corregida_OLS,470.92603867824073,4817.207914489991,69.40610862517788,470.92603867824073,4817.207914489991
655,587185.7660340137,517557.2031430323,CE_corregida_OLS,469.67791626363345,4531.10458678239,67.31347997825094,469.67791626363345,4531.10458678239
656,587186.0540907359,517557.2031430323,CE_corregida_OLS,468.35083551596165,4205.780955541571,64.85199268751555,468.35083551596165,4205.780955541571
657,587186.342147458,517557.2031430323,CE_corregida_OLS,466.9395511800459,3836.669252901465,61.940852859009496,466.9395511800459,3836.669252901465
658,587186.6302041803,517557.2031430323,CE_corregida_OLS,465.4351490332799,3419.834335166462,58.479349647259774,465.4351490332799,3419.834335166462
659,587186.9182609024,517557.2031430323,CE_corregida_OLS,463.81886957843966,2953.748143423964,54.34839595999098,463.81886957843966,2953.748143423964
660,587187.2063176245,517557.2031430323,CE_corregida_OLS,462.0445019869636,2444.119052461248,49.43803244933245,462.0445019869636,2444.119052461248
661,587187.4943743467,517557.2031430323,CE_corregida_OLS,459.98429443648484,1918.096667052948,43.79608049874952,459.98429443648484,1918.096667052948
662,587187.7824310688,517557.2031430323,CE_corregida_OLS,457.267842965719,1464.8574171401308,38.2734557773417,457.267842965719,1464.8574171401308
663,587188.070487791,517557.2031430323,CE_corregida_OLS,453.09019425386754,1278.9345876522689,35.76219495014629,453.09019425386754,1278.9345876522689
664,587188.3585445131,517557.2031430323,CE_corregida_OLS,447.1215300384845,1428.9260638437063,37.801138393488976,447.1215300384845,1428.9260638437063
665,587188.6466012353,517557.2031430323,CE_corregida_OLS,440.3405315457652,1690.629494711255,41.117265165757985,440.3405315457652,1690.629494711255
666,587188.9346579574,517557.2031430323,CE_corregida_OLS,433.7222119468184,1906.9855538708007,43.669045717427814,433.7222119468184,1906.9855538708007
667,587189.2227146797,517557.2031430323,CE_corregida_OLS,427.96393220996003,2050.783316725031,45.28557515064848,427.96393220996003,2050.783316725031
668,587189.5107714018,517557.2031430323,CE_corregida_OLS,423.7139985246742,2153.4620401860025,46.405409600455016,423.7139985246742,2153.4620401860025
669,587189.798828124,517557.2031430323,CE_corregida_OLS,421.5163537007653,2262.638768047474,47.56720265106488,421.5163537007653,2262.638768047474
670,587190.0868848461,517557.2031430323,CE_corregida_OLS,421.5465842549374,2407.652908007216,49.067839854707444,421.5465842549374,2407.652908007216
671,587190.3749415682,517557.2031430323,CE_corregida_OLS,423.4894200315671,2582.9314606030835,50.822548741706015,423.4894200315671,2582.9314606030835
672,587190.6629982904,517557.2031430323,CE_corregida_OLS,426.7555753880314,2762.0315050982576,52.55503310909677,426.7555753880314,2762.0315050982576
673,587190.9510550125,517557.2031430323,CE_corregida_OLS,430.7695606126383,2919.8384117037044,54.03552916094839,430.7695606126383,2919.8384117037044
674,587191.2391117347,517557.2031430323,CE_corregida_OLS,435.09367922073005,3042.1005168455054,55.155240157626956,435.09367922073005,3042.1005168455054
675,587191.5271684568,517557.2031430323,CE_corregida_OLS,439.42634607120476,3124.4256484519146,55.896562045012345,439.42634607120476,3124.4256484519146
676,587191.815225179,517557.2031430323,CE_corregida_OLS,443.56658089125364,3168.0902350324573,56.28579070273827,443.56658089125364,3168.0902350324573
677,587192.1032819011,517557.2031430323,CE_corregida_OLS,447.3848216657512,3176.042026222365,56.35638407689377,447.3848216657512,3176.042026222365
678,587192.3913386234,517557.2031430323,CE_corregida_OLS,450.8067405465314,3149.8807958223288,56.12379883634329,450.8067405465314,3149.8807958223288
679,587192.6793953455,517557.2031430323,CE_corregida_OLS,453.80646589298516,3087.975869169383,55.56955883547559,453.80646589298516,3087.975869169383
680,587192.9674520676,517557.2031430323,CE_corregida_OLS,456.40424035282086,2984.9665790588383,54.63484766208137,456.40424035282086,2984.9665790588383
681,587193.2555087898,517557.2031430323,CE_corregida_OLS,458.6655243345636,2833.0622552323002,53.22651834595515,458.6655243345636,2833.0622552323002
682,587193.5435655119,517557.2031430323,CE_corregida_OLS,460.703088526592,2625.7764633072625,51.242330775514716,460.703088526592,2625.7764633072625
683,587193.8316222341,517557.2031430323,CE_corregida_OLS,462.6905870247857,2365.453589599348,48.63592899903679,462.6905870247857,2365.453589599348
684,587194.1196789562,517557.2031430323,CE_corregida_OLS,464.9033610063549,2077.3533661877964,45.57799212545235,464.9033610063549,2077.3533661877964
685,587194.4077356784,517557.2031430323,CE_corregida_OLS,467.7842789909848,1829.3826635628873,42.77128316479279,467.7842789909848,1829.3826635628873
686,587194.6957924005,517557.2031430323,CE_corregida_OLS,471.878946165693,1721.5844475209187,41.49198052058878,471.878946165693,1721.5844475209187
687,587194.9838491228,517557.2031430323,CE_corregida_OLS,477.37399248373293,1784.5910980871827,42.24442091078043,477.37399248373293,1784.5910980871827
688,587195.2719058449,517557.2031430323,CE_corregida_OLS,483.8423726832412,1928.7048124581277,43.91702189878234,483.8423726832412,1928.7048124581277
689,587195.5599625671,517557.2031430323,CE_corregida_OLS,490.6857524659709,2055.033709553248,45.33247963164212,490.6857524659709,2055.033709553248
690,587195.8480192892,517557.2031430323,CE_corregida_OLS,497.3796384371019,2122.6625810393107,46.07236244256757,497.3796384371019,2122.6625810393107
691,587196.1360760113,517557.2031430323,CE_corregida_OLS,503.3855321599775,2144.0184576460397,46.303546922952236,503.3855321599775,2144.0184576460397
692,587196.4241327335,517557.2031430323,CE_corregida_OLS,508.0743366731799,2170.1899745158685,46.58529783650491,508.0743366731799,2170.1899745158685
693,587196.7121894556,517557.2031430323,CE_corregida_OLS,510.87221593565465,2264.042334546383,47.581953874829296,510.87221593565465,2264.042334546383
694,587197.0002461778,517557.2031430323,CE_corregida_OLS,511.62187494204056,2454.317092321519,49.54106470718528,511.62187494204056,2454.317092321519
695,587197.2883028999,517557.2031430323,CE_corregida_OLS,510.697973906019,2716.600895489406,52.12102162745283,510.697973906019,2716.600895489406
696,587197.5763596221,517557.2031430323,CE_corregida_OLS,508.6776485537898,3005.4527718157633,54.82200992134239,508.6776485537898,3005.4527718157633
697,587197.8644163442,517557.2031430323,CE_corregida_OLS,506.03521720977767,3286.854035193164,57.331091348352714,506.03521720977767,3286.854035193164
698,587198.1524730665,517557.2031430323,CE_corregida_OLS,503.0786231516303,3544.8920512151462,59.53899605481391,503.0786231516303,3544.8920512151462
699,587198.4405297886,517557.2031430323,CE_corregida_OLS,499.99524674137376,3776.2631037405695,61.45130676999936,499.99524674137376,3776.2631037405695
700,587198.7285865108,517557.2031430323,CE_corregida_OLS,496.9042168745359,3983.9369415422498,63.118435829337926,496.9042168745359,3983.9369415422498
701,587199.0166432329,517557.2031430323,CE_corregida_OLS,493.89093227780256,4172.8226878927935,64.59738917241775,493.89093227780256,4172.8226878927935
702,587199.304699955,517557.2031430323,CE_corregida_OLS,491.0254848958215,4347.3889126389995,65.93473221784555,491.0254848958215,4347.3889126389995
703,587199.5927566772,517557.2031430323,CE_corregida_OLS,488.37016488188084,4510.729721229051,67.16196632938207,488.37016488188084,4510.729721229051
704,587199.8808133993,517557.2031430323,CE_corregida_OLS,485.9804621934939,4664.547360083829,68.2974916090176,485.9804621934939,4664.547360083829
705,587200.1688701215,517557.2031430323,CE_corregida_OLS,483.90294024326005,4809.568964238773,69.35105597061067,483.90294024326005,4809.568964238773
706,587185.4779772916,517557.49119975447,CE_corregida_OLS,469.44207940618804,4869.161818054664,69.77937960497115,469.44207940618804,4869.161818054664
707,587185.7660340137,517557.49119975447,CE_corregida_OLS,467.9622205446795,4597.723781246371,67.80651724758005,467.9622205446795,4597.723781246371
708,587186.0540907359,517557.49119975447,CE_corregida_OLS,466.3532576434928,4292.385242189231,65.51629753114283,466.3532576434928,4292.385242189231
709,587186.342147458,517557.49119975447,CE_corregida_OLS,464.5936435230706,3951.0717000435006,62.857550859411475,464.5936435230706,3951.0717000435006
710,587186.6302041803,517557.49119975447,CE_corregida_OLS,462.6504797052984,3573.774530414977,59.78105494565128,462.6504797052984,3573.774530414977
711,587186.9182609024,517557.49119975447,CE_corregida_OLS,460.4692047334602,3165.1165300571665,56.259368375917326,460.4692047334602,3165.1165300571665
712,587187.2063176245,517557.49119975447,CE_corregida_OLS,457.95246901626194,2739.5862614697326,52.34105712984533,457.95246901626194,2739.5862614697326
713,587187.4943743467,517557.49119975447,CE_corregida_OLS,454.92046860174196,2331.1196301435834,48.281669711636766,454.92046860174196,2331.1196301435834
714,587187.7824310688,517557.49119975447,CE_corregida_OLS,451.0657592547974,2003.0986900393948,44.75599054919235,451.0657592547974,2003.0986900393948
715,587188.070487791,517557.49119975447,CE_corregida_OLS,446.0255642545159,1828.611083642176,42.762262377500285,446.0255642545159,1828.611083642176
716,587188.3585445131,517557.49119975447,CE_corregida_OLS,439.72776252133224,1811.4223268378269,42.56080740350008,439.72776252133224,1811.4223268378269
717,587188.6466012353,517557.49119975447,CE_corregida_OLS,432.59357345912395,1861.9182880650092,43.1499511942367,432.59357345912395,1861.9182880650092
718,587188.9346579574,517557.49119975447,CE_corregida_OLS,425.2804542308571,1891.529151684573,43.49171359793234,425.2804542308571,1891.529151684573
719,587189.2227146797,517557.49119975447,CE_corregida_OLS,418.55515333183115,1874.5574362947123,43.29615960214846,418.55515333183115,1874.5574362947123
720,587189.5107714018,517557.49119975447,CE_corregida_OLS,413.4035409478283,1850.7547406552706,43.02039912245434,413.4035409478283,1850.7547406552706
721,587189.798828124,517557.49119975447,CE_corregida_OLS,410.90060230183434,1897.714157303668,43.56276113039287,410.90060230183434,1897.714157303668
722,587190.0868848461,517557.49119975447,CE_corregida_OLS,411.4723134739563,2058.8951619642025,45.375049994068355,411.4723134739563,2058.8951619642025
723,587190.3749415682,517557.49119975447,CE_corregida_OLS,414.45979591430176,2297.697003894391,47.93429882552149,414.45979591430176,2297.697003894391
724,587190.6629982904,517557.49119975447,CE_corregida_OLS,418.81134498309876,2548.4163043277654,50.48184133257983,418.81134498309876,2548.4163043277654
725,587190.9510550125,517557.49119975447,CE_corregida_OLS,423.72927057183006,2767.6785213324865,52.608730466838736,423.72927057183006,2767.6785213324865
726,587191.2391117347,517557.49119975447,CE_corregida_OLS,428.7386147425561,2938.7562503320355,54.21029653425662,428.7386147425561,2938.7562503320355
727,587191.5271684568,517557.49119975447,CE_corregida_OLS,433.57315713947105,3060.4271250508814,55.321127293746294,433.57315713947105,3060.4271250508814
728,587191.815225179,517557.49119975447,CE_corregida_OLS,438.086550755224,3137.727849317563,56.01542510164109,438.086550755224,3137.727849317563
729,587192.1032819011,517557.49119975447,CE_corregida_OLS,442.2058748863321,3176.346400728919,56.35908445609207,442.2058748863321,3176.346400728919
730,587192.3913386234,517557.49119975447,CE_corregida_OLS,445.91033120267497,3179.6432273853748,56.388325275586745,445.91033120267497,3179.6432273853748
731,587192.6793953455,517557.49119975447,CE_corregida_OLS,449.22205176614693,3147.6136398538274,56.10359738781309,449.22205176614693,3147.6136398538274
732,587192.9674520676,517557.49119975447,CE_corregida_OLS,452.20233049938116,3077.4671840414726,55.47492392100662,452.20233049938116,3077.4671840414726
733,587193.2555087898,517557.49119975447,CE_corregida_OLS,454.9509666814142,2965.713077656926,54.458360952721726,454.9509666814142,2965.713077656926
734,587193.5435655119,517557.49119975447,CE_corregida_OLS,457.6095549808458,2811.852533724321,53.02690386704018,457.6095549808458,2811.852533724321
735,587193.8316222341,517557.49119975447,CE_corregida_OLS,460.37116355715665,2623.872896998179,51.223753249817406,460.37116355715665,2623.872896998179
736,587194.1196789562,517557.49119975447,CE_corregida_OLS,463.49456929612774,2424.7274107378435,49.24152120657772,463.49456929612774,2424.7274107378435
737,587194.4077356784,517557.49119975447,CE_corregida_OLS,467.2991296630081,2254.0862949551483,47.47721869439224,467.2991296630081,2254.0862949551483
738,587194.6957924005,517557.49119975447,CE_corregida_OLS,472.07954847591236,2151.5682916731475,46.38500071869297,472.07954847591236,2151.5682916731475
739,587194.9838491228,517557.49119975447,CE_corregida_OLS,477.93394480419903,2120.9396495273504,46.05366054427542,477.93394480419903,2120.9396495273504
740,587195.2719058449,517557.49119975447,CE_corregida_OLS,484.6875071933177,2118.554065139071,46.02775320542022,484.6875071933177,2118.554065139071
741,587195.5599625671,517557.49119975447,CE_corregida_OLS,492.00147413295184,2087.611398935909,45.69038628569373,492.00147413295184,2087.611398935909
742,587195.8480192892,517557.49119975447,CE_corregida_OLS,499.45678349713756,1995.1775117694049,44.66740995143333,499.45678349713756,1995.1775117694049
743,587196.1360760113,517557.49119975447,CE_corregida_OLS,506.4696776704614,1852.8560095653222,43.0448139682973,506.4696776704614,1852.8560095653222
744,587196.4241327335,517557.49119975447,CE_corregida_OLS,512.0939257619661,1734.8364804344455,41.65136829006276,512.0939257619661,1734.8364804344455
745,587196.7121894556,517557.49119975447,CE_corregida_OLS,515.1337904516023,1763.3547548848535,41.992317807961655,515.1337904516023,1763.3547548848535
746,587197.0002461778,517557.49119975447,CE_corregida_OLS,515.2079036012376,1988.446346167978,44.59199867877619,515.2079036012376,1988.446346167978
747,587197.2883028999,517557.49119975447,CE_corregida_OLS,513.2146624487337,2326.9691740983135,48.23866886739635,513.2146624487337,2326.9691740983135
748,587197.5763596221,517557.49119975447,CE_corregida_OLS,510.1922061242871,2682.340486945331,51.79131671376324,510.1922061242871,2682.340486945331
749,587197.8644163442,517557.49119975447,CE_corregida_OLS,506.7400966332368,3007.479954092461,54.84049556753167,506.7400966332368,3007.479954092461
750,587198.1524730665,517557.49119975447,CE_corregida_OLS,503.1435158722918,3290.509181172961,57.36296001055874,503.1435158722918,3290.509181172961
751,587198.4405297886,517557.49119975447,CE_corregida_OLS,499.53966696412965,3535.531162969274,59.46033268465015,499.53966696412965,3535.531162969274
752,587198.7285865108,517557.49119975447,CE_corregida_OLS,496.00692092865495,3751.865178272768,61.25247079320775,496.00692092865495,3751.865178272768
753,587199.0166432329,517557.49119975447,CE_corregida_OLS,492.6063370979225,3948.6269623813764,62.838101199681205,492.6063370979225,3948.6269623813764
754,587199.304699955,517557.49119975447,CE_corregida_OLS,489.39850830769865,4132.35299963715,64.2833804310037,489.39850830769865,4132.35299963715
755,587199.5927566772,517557.49119975447,CE_corregida_OLS,486.44678643137087,4306.568493754767,65.62445042630655,486.44678643137087,4306.568493754767
756,587199.8808133993,517557.49119975447,CE_corregida_OLS,483.81336056258056,4472.474383925599,66.87656079618328,483.81336056258056,4472.474383925599
757,587200.1688701215,517557.49119975447,CE_corregida_OLS,481.5528071239601,4629.999966679317,68.04410309996979,481.5528071239601,4629.999966679317
758,587200.4569268436,517557.49119975447,CE_corregida_OLS,479.70613326449165,4778.69560016354,69.12811005780166,479.70613326449165,4778.69560016354
759,587185.7660340137,517557.7792564767,CE_corregida_OLS,466.2653075849859,4687.5132291200525,68.46541629991052,466.2653075849859,4687.5132291200525
760,587186.0540907359,517557.7792564767,CE_corregida_OLS,464.37481330138695,4406.800225863387,66.38373464835635,464.37481330138695,4406.800225863387
761,587186.342147458,517557.7792564767,CE_corregida_OLS,462.26979424767654,4098.119811102029,64.01655888207385,462.26979424767654,4098.119811102029
762,587186.6302041803,517557.7792564767,CE_corregida_OLS,459.8986528223695,3764.127778582631,61.352487957560705,459.8986528223695,3764.127778582631
763,587186.9182609024,517557.7792564767,CE_corregida_OLS,457.18448708200924,3412.203127848151,58.414066181427145,457.18448708200924,3412.203127848151
764,587187.2063176245,517557.7792564767,CE_corregida_OLS,454.0109080289295,3057.476142684708,55.29444947446993,454.0109080289295,3057.476142684708
765,587187.4943743467,517557.7792564767,CE_corregida_OLS,450.2073036315965,2725.6006938676596,52.207285831267455,450.2073036315965,2725.6006938676596
766,587187.7824310688,517557.7792564767,CE_corregida_OLS,445.5548684891581,2450.0340648065485,49.49781878837236,445.5548684891581,2450.0340648065485
767,587188.070487791,517557.7792564767,CE_corregida_OLS,439.85713055770685,2254.6881586759832,47.48355671888936,439.85713055770685,2254.6881586759832
768,587188.3585445131,517557.7792564767,CE_corregida_OLS,433.0736192846084,2127.0541701236375,46.11999750784509,433.0736192846084,2127.0541701236375
769,587188.6466012353,517557.7792564767,CE_corregida_OLS,425.3929210760283,2015.9915580789145,44.899794632925826,425.3929210760283,2015.9915580789145
770,587188.9346579574,517557.7792564767,CE_corregida_OLS,417.1989539736472,1866.0235609985175,43.19749484632781,417.1989539736472,1866.0235609985175
771,587189.2227146797,517557.7792564767,CE_corregida_OLS,409.12549912023803,1657.4451820145207,40.711732731664966,409.12549912023803,1657.4451820145207
772,587189.5107714018,517557.7792564767,CE_corregida_OLS,402.4238746027346,1447.4923277296357,38.045923930555766,402.4238746027346,1447.4923277296357
773,587189.798828124,517557.7792564767,CE_corregida_OLS,399.31300715315956,1400.372522218567,37.42155157417403,399.31300715315956,1400.372522218567
774,587190.0868848461,517557.7792564767,CE_corregida_OLS,400.99863920180303,1619.7627159592312,40.24627580235507,400.99863920180303,1619.7627159592312
775,587190.3749415682,517557.7792564767,CE_corregida_OLS,405.7054418072275,1972.4367372954814,44.412123764750106,405.7054418072275,1972.4367372954814
776,587190.6629982904,517557.7792564767,CE_corregida_OLS,411.4849704315559,2316.193385703633,48.12684682901668,411.4849704315559,2316.193385703633
777,587190.9510550125,517557.7792564767,CE_corregida_OLS,417.4123445752943,2597.816749533167,50.96878210761139,417.4123445752943,2597.816749533167
778,587191.2391117347,517557.7792564767,CE_corregida_OLS,423.10475022924624,2810.014129928929,53.00956640012186,423.10475022924624,2810.014129928929
779,587191.5271684568,517557.7792564767,CE_corregida_OLS,428.39774771802314,2961.674723443713,54.42127087310359,428.39774771802314,2961.674723443713
780,587191.815225179,517557.7792564767,CE_corregida_OLS,433.2253257840122,3065.1822157978713,55.36408778077962,433.2253257840122,3065.1822157978713
781,587192.1032819011,517557.7792564767,CE_corregida_OLS,437.5784211935341,3130.6797127402147,55.952477270807364,437.5784211935341,3130.6797127402147
782,587192.3913386234,517557.7792564767,CE_corregida_OLS,441.4900209439061,3163.7536468985986,56.24725457209977,441.4900209439061,3163.7536468985986
783,587192.6793953455,517557.7792564767,CE_corregida_OLS,445.0285582745311,3165.481583025356,56.26261265729984,445.0285582745311,3165.481583025356
784,587192.9674520676,517557.7792564767,CE_corregida_OLS,448.29397333153736,3134.148545375664,55.98346671451907,448.29397333153736,3134.148545375664
785,587193.2555087898,517557.7792564767,CE_corregida_OLS,451.415711160879,3067.9408227366744,55.38899550214532,451.415711160879,3067.9408227366744
786,587193.5435655119,517557.7792564767,CE_corregida_OLS,454.55318948706696,2968.0961357771207,54.48023619421194,454.55318948706696,2968.0961357771207
787,587193.8316222341,517557.7792564767,CE_corregida_OLS,457.8979484086687,2841.9812878136913,53.31023623858453,457.8979484086687,2841.9812878136913
788,587194.1196789562,517557.7792564767,CE_corregida_OLS,461.6718399001148,2704.7160138792583,52.006884293132366,461.6718399001148,2704.7160138792583
789,587194.4077356784,517557.7792564767,CE_corregida_OLS,466.10709347740726,2576.159522807466,50.75588165727659,466.10709347740726,2576.159522807466
790,587194.6957924005,517557.7792564767,CE_corregida_OLS,471.3935348136215,2470.1481331649406,49.70058483725258,471.3935348136215,2470.1481331649406
791,587194.9838491228,517557.7792564767,CE_corregida_OLS,477.61015177112824,2380.492756034413,48.790293666203866,477.61015177112824,2380.492756034413
792,587195.2719058449,517557.7792564767,CE_corregida_OLS,484.6986176561885,2277.5923434643087,47.724127477244764,484.6986176561885,2277.5923434643087
793,587195.5599625671,517557.7792564767,CE_corregida_OLS,492.4973406739933,2121.077550110163,46.05515769281615,492.4973406739933,2121.077550110163
794,587195.8480192892,517557.7792564767,CE_corregida_OLS,500.7665839693666,1878.262848088537,43.338929937050096,500.7665839693666,1878.262848088537
795,587196.1360760113,517557.7792564767,CE_corregida_OLS,509.0894930926903,1545.8833465678024,39.317723059299894,509.0894930926903,1545.8833465678024
796,587196.4241327335,517557.7792564767,CE_corregida_OLS,516.3858752509001,1206.4298110703303,34.73369849397456,516.3858752509001,1206.4298110703303
797,587196.7121894556,517557.7792564767,CE_corregida_OLS,519.9697186805332,1138.118066563489,33.736005492107225,519.9697186805332,1138.118066563489
798,587197.0002461778,517557.7792564767,CE_corregida_OLS,518.6116319995466,1482.5210302560247,38.503519712566856,518.6116319995466,1482.5210302560247
799,587197.2883028999,517557.7792564767,CE_corregida_OLS,515.0232587417125,1954.652273218177,44.2114495715553,515.0232587417125,1954.652273218177
800,587197.5763596221,517557.7792564767,CE_corregida_OLS,510.8770725698226,2387.6912137195864,48.86400734405219,510.8770725698226,2387.6912137195864
801,587197.8644163442,517557.7792564767,CE_corregida_OLS,506.6631998372048,2748.086062719952,52.42219055628973,506.6631998372048,2748.086062719952
802,587198.1524730665,517557.7792564767,CE_corregida_OLS,502.51622993543543,3042.6768166462066,55.160464253360004,502.51622993543543,3042.6768166462066
803,587198.4405297886,517557.7792564767,CE_corregida_OLS,498.4738105644247,3289.017895729029,57.34995985812919,498.4738105644247,3289.017895729029
804,587198.7285865108,517557.7792564767,CE_corregida_OLS,494.55712575959745,3505.160886464126,59.204399215464775,494.55712575959745,3505.160886464126
805,587199.0166432329,517557.7792564767,CE_corregida_OLS,490.8009634918835,3704.9814822678063,60.86855906186548,490.8009634918835,3704.9814822678063
806,587199.304699955,517557.7792564767,CE_corregida_OLS,487.26193835845095,3896.481309064903,62.421801552541744,487.26193835845095,3896.481309064903
807,587199.5927566772,517557.7792564767,CE_corregida_OLS,484.01334380081363,4082.423779256077,63.89384774182939,484.01334380081363,4082.423779256077
808,587199.8808133993,517557.7792564767,CE_corregida_OLS,481.13316352729964,4262.293068164425,65.28623950086592,481.13316352729964,4262.293068164425
809,587200.1688701215,517557.7792564767,CE_corregida_OLS,478.6913098085374,4434.3481599307,66.59090148008735,478.6913098085374,4434.3481599307
810,587200.4569268436,517557.7792564767,CE_corregida_OLS,476.7398379771407,4597.004602665852,67.80121387310002,476.7398379771407,4597.004602665852
811,587200.7449835659,517557.7792564767,CE_corregida_OLS,475.30728730187724,4749.417157272607,68.91601524517075,475.30728730187724,4749.417157272607
812,587201.033040288,517557.7792564767,CE_corregida_OLS,474.39682991050205,4891.504439560818,69.9392910999305,474.39682991050205,4891.504439560818
813,587186.0540907359,517558.0673131988,CE_corregida_OLS,462.49961821018996,4538.567020526251,67.36888763016836,462.49961821018996,4538.567020526251
814,587186.342147458,517558.0673131988,CE_corregida_OLS,460.0830521013627,4262.571428303769,65.28837130993367,460.0830521013627,4262.571428303769
815,587186.6302041803,517558.0673131988,CE_corregida_OLS,457.33827250643895,3968.897994421258,62.999190426713085,457.33827250643895,3968.897994421258
816,587186.9182609024,517558.0673131988,CE_corregida_OLS,454.18091642287703,3664.675092901505,60.53655996917487,454.18091642287703,3664.675092901505
817,587187.2063176245,517558.0673131988,CE_corregida_OLS,450.49733253178516,3361.448963374204,57.978004134104204,450.49733253178516,3361.448963374204
818,587187.4943743467,517558.0673131988,CE_corregida_OLS,446.14327693323315,3074.515559102695,55.4483143035268,446.14327693323315,3074.515559102695
819,587187.7824310688,517558.0673131988,CE_corregida_OLS,440.9589819590062,2818.1999705431185,53.08672122615145,440.9589819590062,2818.1999705431185
820,587188.070487791,517558.0673131988,CE_corregida_OLS,434.8103324286712,2595.767669190289,50.94867681491139,434.8103324286712,2595.767669190289
821,587188.3585445131,517558.0673131988,CE_corregida_OLS,427.6418273037252,2389.20229225525,48.87946698006485,427.6418273037252,2389.20229225525
822,587188.6466012353,517558.0673131988,CE_corregida_OLS,419.50068092099434,2159.543336294915,46.47088697555616,419.50068092099434,2159.543336294915
823,587188.9346579574,517558.0673131988,CE_corregida_OLS,410.5244807899667,1860.2769303359096,43.13092777040519,410.5244807899667,1860.2769303359096
824,587189.2227146797,517558.0673131988,CE_corregida_OLS,400.97602274231156,1457.0637801398852,38.171504818907586,400.97602274231156,1457.0637801398852
825,587189.5107714018,517558.0673131988,CE_corregida_OLS,391.6736335298079,972.9382199782975,31.191957616961098,391.6736335298079,972.9382199782975
826,587189.798828124,517558.0673131988,CE_corregida_OLS,386.80933242159824,734.7262017329132,27.10583335248915,386.80933242159824,734.7262017329132
827,587190.0868848461,517558.0673131988,CE_corregida_OLS,391.19367695006673,1149.6628539871638,33.90667860447502,391.19367695006673,1149.6628539871638
828,587190.3749415682,517558.0673131988,CE_corregida_OLS,398.3710389197137,1679.593902661858,40.98284888415955,398.3710389197137,1679.593902661858
829,587190.6629982904,517558.0673131988,CE_corregida_OLS,405.5810483877968,2112.8644006781974,45.96590476296749,405.5810483877968,2112.8644006781974
830,587190.9510550125,517558.0673131988,CE_corregida_OLS,412.3381074105768,2436.050348182287,49.356360767202915,412.3381074105768,2436.050348182287
831,587191.2391117347,517558.0673131988,CE_corregida_OLS,418.52425795849763,2667.702145819971,51.64980296012726,418.52425795849763,2667.702145819971
832,587191.5271684568,517558.0673131988,CE_corregida_OLS,424.1101625368408,2831.777179059146,53.2144452104797,424.1101625368408,2831.777179059146
833,587191.815225179,517558.0673131988,CE_corregida_OLS,429.1069764495444,2949.755053431986,54.311647493258626,429.1069764495444,2949.755053431986
834,587192.1032819011,517558.0673131988,CE_corregida_OLS,433.55987782801753,3036.494571937437,55.104397029070526,433.55987782801753,3036.494571937437
835,587192.3913386234,517558.0673131988,CE_corregida_OLS,437.54772188801627,3098.8152234476765,55.66700300400298,437.54772188801627,3098.8152234476765
836,587192.6793953455,517558.0673131988,CE_corregida_OLS,441.17985024696014,3136.9508181330466,56.00848880422544,441.17985024696014,3136.9508181330466
837,587192.9674520676,517558.0673131988,CE_corregida_OLS,444.590221426045,3147.8463976727317,56.10567170681349,444.590221426045,3147.8463976727317
838,587193.2555087898,517558.0673131988,CE_corregida_OLS,447.9318755990499,3128.6952809033037,55.93474126965551,447.9318755990499,3128.6952809033037
839,587193.5435655119,517558.0673131988,CE_corregida_OLS,451.3733479781003,3079.639963171126,55.49450390057673,451.3733479781003,3079.639963171126
840,587193.8316222341,517558.0673131988,CE_corregida_OLS,455.09563671198924,3005.135991093544,54.81912067056114,455.09563671198924,3005.135991093544
841,587194.1196789562,517558.0673131988,CE_corregida_OLS,459.2852852376608,2913.372334517192,53.97566428046247,459.2852852376608,2913.372334517192
842,587194.4077356784,517558.0673131988,CE_corregida_OLS,464.1176157480582,2812.813887527481,53.03596786641572,464.1176157480582,2812.813887527481
843,587194.6957924005,517558.0673131988,CE_corregida_OLS,469.72865229561955,2705.8496076588885,52.017781648767844,469.72865229561955,2705.8496076588885
844,587194.9838491228,517558.0673131988,CE_corregida_OLS,476.18746517609657,2582.457005837445,50.81788076885384,476.18746517609657,2582.457005837445
845,587195.2719058449,517558.0673131988,CE_corregida_OLS,483.489573605068,2418.642191933019,49.17969288164597,483.489573605068,2418.642191933019
846,587195.5599625671,517558.0673131988,CE_corregida_OLS,491.57777910813434,2181.005893037617,46.70124080832989,491.57777910813434,2181.005893037617
847,587195.8480192892,517558.0673131988,CE_corregida_OLS,500.37177783688367,1833.6703084328312,42.82137676946914,500.37177783688367,1833.6703084328312
848,587196.1360760113,517558.0673131988,CE_corregida_OLS,509.77568101186984,1344.458623846236,36.66686002163583,509.77568101186984,1344.458623846236
849,587196.4241327335,517558.0673131988,CE_corregida_OLS,519.5420464995109,702.2616787687558,26.500220353211326,519.5420464995109,702.2616787687558
850,587196.7121894556,517558.0673131988,CE_corregida_OLS,524.9854873925719,397.91119412027695,19.947711500828284,524.9854873925719,397.91119412027695
851,587197.0002461778,517558.0673131988,CE_corregida_OLS,520.2184016308905,1087.6350216948433,32.97931202579647,520.2184016308905,1087.6350216948433
852,587197.2883028999,517558.0673131988,CE_corregida_OLS,515.0215644702386,1697.6355728958822,41.20237338911294,515.0215644702386,1697.6355728958822
853,587197.5763596221,517558.0673131988,CE_corregida_OLS,510.1026811946561,2170.1713647943,46.585098097935784,510.1026811946561,2170.1713647943
854,587197.8644163442,517558.0673131988,CE_corregida_OLS,505.4463783419558,2529.600414375589,50.295133108240094,505.4463783419558,2529.600414375589
855,587198.1524730665,517558.0673131988,CE_corregida_OLS,500.98907877599754,2807.2213788784184,52.98321789848573,500.98907877599754,2807.2213788784184
856,587198.4405297886,517558.0673131988,CE_corregida_OLS,496.6736661529902,3034.4229670210075,55.085596729281306,496.6736661529902,3034.4229670210075
857,587198.7285865108,517558.0673131988,CE_corregida_OLS,492.47414783642927,3237.9080359391114,56.90261888471489,492.47414783642927,3237.9080359391114
858,587199.0166432329,517558.0673131988,CE_corregida_OLS,488.4115643917652,3435.4886841205716,58.61304192857228,488.4115643917652,3435.4886841205716
859,587199.304699955,517558.0673131988,CE_corregida_OLS,484.5547407086406,3634.6949217178385,60.28843107693083,484.5547407086406,3634.6949217178385
860,587199.5927566772,517558.0673131988,CE_corregida_OLS,481.004412121037,3835.0650059359755,61.92790167554505,481.004412121037,3835.0650059359755
861,587199.8808133993,517558.0673131988,CE_corregida_OLS,477.86944741269747,4032.3047520652835,63.5004311171608,477.86944741269747,4032.3047520652835
862,587200.1688701215,517558.0673131988,CE_corregida_OLS,475.2457100735147,4221.822208182233,64.97555084939437,475.2457100735147,4221.822208182233
863,587200.4569268436,517558.0673131988,CE_corregida_OLS,473.2023959581389,4400.518684960812,66.33640542689068,473.2023959581389,4400.518684960812
864,587200.7449835659,517558.0673131988,CE_corregida_OLS,471.7755374047386,4567.10444232676,67.58035544688087,471.7755374047386,4567.10444232676
865,587201.033040288,517558.0673131988,CE_corregida_OLS,470.96682035272835,4721.66089825367,68.7143427404619,470.96682035272835,4721.66089825367
866,587201.3210970102,517558.0673131988,CE_corregida_OLS,470.74621305737736,4865.0221445984835,69.74971071336772,470.74621305737736,4865.0221445984835
867,587186.6302041803,517558.35536992096,CE_corregida_OLS,455.0884784189341,4173.657715258915,64.6038521704311,455.0884784189341,4173.657715258915
868,587186.9182609024,517558.35536992096,CE_corregida_OLS,451.60306803431376,3906.919834267668,62.50535844443793,451.60306803431376,3906.919834267668
869,587187.2063176245,517558.35536992096,CE_corregida_OLS,447.5708241501993,3639.795452395547,60.33071732041272,447.5708241501993,3639.795452395547
870,587187.4943743467,517558.35536992096,CE_corregida_OLS,442.87606139281746,3379.729877592111,58.13544424524604,442.87606139281746,3379.729877592111
871,587187.7824310688,517558.35536992096,CE_corregida_OLS,437.40035176144477,3130.581298640981,55.951597820267665,437.40035176144477,3130.581298640981
872,587188.070487791,517558.35536992096,CE_corregida_OLS,431.0449338439141,2887.1516761330436,53.73222195417796,431.0449338439141,2887.1516761330436
873,587188.3585445131,517558.35536992096,CE_corregida_OLS,423.75312603202315,2630.8521380865686,51.29183305445974,423.75312603202315,2630.8521380865686
874,587188.6466012353,517558.35536992096,CE_corregida_OLS,415.5169954452265,2330.0602638900887,48.27069777712032,415.5169954452265,2330.0602638900887
875,587188.9346579574,517558.35536992096,CE_corregida_OLS,406.3630360221646,1945.353547464148,44.1061622391265,406.3630360221646,1945.353547464148
876,587189.2227146797,517558.35536992096,CE_corregida_OLS,396.33077410309915,1435.9727180781051,37.894230670091524,396.33077410309915,1435.9727180781051
877,587189.5107714018,517558.35536992096,CE_corregida_OLS,385.4828909962352,766.0064422147343,27.676821389291334,385.4828909962352,766.0064422147343
878,587189.798828124,517558.35536992096,CE_corregida_OLS,377.15918613884173,189.56700311968817,13.768333345749882,377.15918613884173,189.56700311968817
879,587190.0868848461,517558.35536992096,CE_corregida_OLS,385.77906461485804,942.5539733215143,30.701041893094022,385.77906461485804,942.5539733215143
880,587190.3749415682,517558.35536992096,CE_corregida_OLS,394.2313444325166,1550.6850047572914,39.37873797821981,394.2313444325166,1550.6850047572914
881,587190.6629982904,517558.35536992096,CE_corregida_OLS,401.955825939292,1994.0423104057618,44.654700876903895,401.955825939292,1994.0423104057618
882,587190.9510550125,517558.35536992096,CE_corregida_OLS,408.9595779087226,2304.740482930201,48.00771274420602,408.9595779087226,2304.740482930201
883,587191.2391117347,517558.35536992096,CE_corregida_OLS,415.2568847732867,2517.9329454662384,50.17900901239719,415.2568847732867,2517.9329454662384
884,587191.5271684568,517558.35536992096,CE_corregida_OLS,420.8645522407929,2668.3668108532997,51.656236901784666,420.8645522407929,2668.3668108532997
885,587191.815225179,517558.35536992096,CE_corregida_OLS,425.81679728386473,2785.3387053154847,52.77630818194358,425.81679728386473,2785.3387053154847
886,587192.1032819011,517558.35536992096,CE_corregida_OLS,430.18194725448893,2887.1778793902467,53.73246578550297,430.18194725448893,2887.1778793902467
887,587192.3913386234,517558.35536992096,CE_corregida_OLS,434.06948447255377,2979.254111564831,54.582544018805415,434.06948447255377,2979.254111564831
888,587192.6793953455,517558.35536992096,CE_corregida_OLS,437.6232073981092,3057.359609029779,55.29339570897938,437.6232073981092,3057.359609029779
889,587192.9674520676,517558.35536992096,CE_corregida_OLS,441.00718283855406,3113.818074659067,55.801595628253025,441.00718283855406,3113.818074659067
890,587193.2555087898,517558.35536992096,CE_corregida_OLS,444.39340703211667,3142.49881777647,56.05799512804993,444.39340703211667,3142.49881777647
891,587193.5435655119,517558.35536992096,CE_corregida_OLS,447.9541353936912,3141.1608576217172,56.046060143615065,447.9541353936912,3141.1608576217172
892,587193.8316222341,517558.35536992096,CE_corregida_OLS,451.8565284622805,3111.4567429945723,55.7804333345894,451.8565284622805,3111.4567429945723
893,587194.1196789562,517558.35536992096,CE_corregida_OLS,456.2557696755132,3057.1935206457983,55.291893805926,456.2557696755132,3057.1935206457983
894,587194.4077356784,517558.35536992096,CE_corregida_OLS,461.28403984551136,2981.18050936003,54.60018781432927,461.28403984551136,2981.18050936003
895,587194.6957924005,517558.35536992096,CE_corregida_OLS,467.0363349569526,2881.303545234475,53.677775151681494,467.0363349569526,2881.303545234475
896,587194.9838491228,517558.35536992096,CE_corregida_OLS,473.55901334158403,2747.3638170509203,52.41530136373271,473.55901334158403,2747.3638170509203
897,587195.2719058449,517558.35536992096,CE_corregida_OLS,480.84822038595746,2560.482950761218,50.6012149138854,480.84822038595746,2560.482950761218
898,587195.5599625671,517558.35536992096,CE_corregida_OLS,488.8583804418263,2295.59245485679,47.912341362709356,488.8583804418263,2295.59245485679
899,587195.8480192892,517558.35536992096,CE_corregida_OLS,497.50781176239997,1926.1896950381094,43.88837767607854,497.50781176239997,1926.1896950381094
900,587196.1360760113,517558.35536992096,CE_corregida_OLS,506.6397602295641,1433.116799152528,37.85652914825299,506.6397602295641,1433.116799152528
901,587196.4241327335,517558.35536992096,CE_corregida_OLS,515.6632028126094,846.8028260958891,29.099876736781706,515.6632028126094,846.8028260958891
902,587196.7121894556,517558.35536992096,CE_corregida_OLS,520.2596245495608,616.5680618953172,24.83078858786642,520.2596245495608,616.5680618953172
903,587197.0002461778,517558.35536992096,CE_corregida_OLS,516.8674994977423,1127.034369944464,33.57133256134561,516.8674994977423,1127.034369944464
904,587197.2883028999,517558.35536992096,CE_corregida_OLS,512.1051140006057,1654.7709597124601,40.67887608713471,512.1051140006057,1654.7709597124601
905,587197.5763596221,517558.35536992096,CE_corregida_OLS,507.3960294160184,2062.1929547822215,45.41137472905022,507.3960294160184,2062.1929547822215
906,587197.8644163442,517558.35536992096,CE_corregida_OLS,502.85988876896613,2359.7146243540046,48.576893934812304,502.85988876896613,2359.7146243540046
907,587198.1524730665,517558.35536992096,CE_corregida_OLS,498.44739990905134,2580.083385176044,50.79452121219418,498.44739990905134,2580.083385176044
908,587198.4405297886,517558.35536992096,CE_corregida_OLS,494.0837963903292,2761.6519295871126,52.5514217656108,494.0837963903292,2761.6519295871126
909,587198.7285865108,517558.35536992096,CE_corregida_OLS,489.7268543188607,2938.339917223713,54.206456416405906,489.7268543188607,2938.339917223713
910,587199.0166432329,517558.35536992096,CE_corregida_OLS,485.4065578555658,3130.2958467152916,55.94904687941781,485.4065578555658,3130.2958467152916
911,587199.304699955,517558.35536992096,CE_corregida_OLS,481.2315154951112,3340.8265173018435,57.799883367545334,481.2315154951112,3340.8265173018435
912,587199.5927566772,517558.35536992096,CE_corregida_OLS,477.35828062665087,3561.7887406530263,59.68072335899613,477.35828062665087,3561.7887406530263
913,587199.8808133993,517558.35536992096,CE_corregida_OLS,473.948343915778,3781.995918786278,61.49793426438223,473.948343915778,3781.995918786278
914,587200.1688701215,517558.35536992096,CE_corregida_OLS,471.1365475383739,3992.781354197931,63.188459026929365,471.1365475383739,3992.781354197931
915,587200.4569268436,517558.35536992096,CE_corregida_OLS,469.01544748166936,4189.593766470758,64.72707135712814,469.01544748166936,4189.593766470758
916,587200.7449835659,517558.35536992096,CE_corregida_OLS,467.6302367950286,4371.278440396216,66.11564444514033,467.6302367950286,4371.278440396216
917,587201.033040288,517558.35536992096,CE_corregida_OLS,466.97959227978623,4538.687073806943,67.36977863854788,466.97959227978623,4538.687073806943
918,587201.3210970102,517558.35536992096,CE_corregida_OLS,467.0205613037893,4693.4651471214975,68.50886911284915,467.0205613037893,4693.4651471214975
919,587201.6091537323,517558.35536992096,CE_corregida_OLS,467.6766792477851,4837.282662400485,69.55057629093008,467.6766792477851,4837.282662400485
920,587186.9182609024,517558.6434266431,CE_corregida_OLS,449.5293782844365,4133.145725555309,64.28954600520453,449.5293782844365,4133.145725555309
921,587187.2063176245,517558.6434266431,CE_corregida_OLS,445.3027576333313,3892.299961518489,62.38829987680774,445.3027576333313,3892.299961518489
922,587187.4943743467,517558.6434266431,CE_corregida_OLS,440.4568314021802,3650.756993949546,60.42149446967979,440.4568314021802,3650.756993949546
923,587187.7824310688,517558.6434266431,CE_corregida_OLS,434.90981173159,3407.468820467097,58.37352842228314,434.90981173159,3407.468820467097
924,587188.070487791,517558.6434266431,CE_corregida_OLS,428.6002476091001,3154.9840254017363,56.169244479534676,428.6002476091001,3154.9840254017363
925,587188.3585445131,517558.6434266431,CE_corregida_OLS,421.5035189456232,2877.964840559933,53.64666663046207,421.5035189456232,2877.964840559933
926,587188.6466012353,517558.6434266431,CE_corregida_OLS,413.64820508188814,2554.707749035177,50.54411685879156,413.64820508188814,2554.707749035177
927,587188.9346579574,517558.6434266431,CE_corregida_OLS,405.1466735652866,2163.032511643035,46.50841334256668,405.1466735652866,2163.032511643035
928,587189.2227146797,517558.6434266431,CE_corregida_OLS,396.31068614157016,1694.855400984111,41.168621557979215,396.31068614157016,1694.855400984111
929,587189.5107714018,517558.6434266431,CE_corregida_OLS,388.1806957412906,1206.2324080387336,34.730856713285,388.1806957412906,1206.2324080387336
930,587189.798828124,517558.6434266431,CE_corregida_OLS,384.30757438251015,976.2553143884269,31.24508464364318,384.30757438251015,976.2553143884269
931,587190.0868848461,517558.6434266431,CE_corregida_OLS,387.6642194907173,1243.2958243776613,35.260400229969896,387.6642194907173,1243.2958243776613
932,587190.3749415682,517558.6434266431,CE_corregida_OLS,394.0956237342825,1647.2565098521277,40.586407944681774,394.0956237342825,1647.2565098521277
933,587190.6629982904,517558.6434266431,CE_corregida_OLS,400.92172102870984,1977.9563631725184,44.4742213329533,400.92172102870984,1977.9563631725184
934,587190.9510550125,517558.6434266431,CE_corregida_OLS,407.42744460153284,2206.542210208382,46.97384602316892,407.42744460153284,2206.542210208382
935,587191.2391117347,517558.6434266431,CE_corregida_OLS,413.3885427339203,2354.7187624372673,48.52544448469553,413.3885427339203,2354.7187624372673
936,587191.5271684568,517558.6434266431,CE_corregida_OLS,418.71380828690116,2459.991976886216,49.598306189689744,418.71380828690116,2459.991976886216
937,587191.815225179,517558.6434266431,CE_corregida_OLS,423.38053842042075,2558.887392554241,50.58544645008326,423.38053842042075,2558.887392554241
938,587192.1032819011,517558.6434266431,CE_corregida_OLS,427.4397528791989,2672.1237614919587,51.69258903839078,427.4397528791989,2672.1237614919587
939,587192.3913386234,517558.6434266431,CE_corregida_OLS,431.0183182151569,2798.783576513384,52.903530851100896,431.0183182151569,2798.783576513384
940,587192.6793953455,517558.6434266431,CE_corregida_OLS,434.2940436342391,2923.97803977349,54.073820280922355,434.2940436342391,2923.97803977349
941,587192.9674520676,517558.6434266431,CE_corregida_OLS,437.4614479906678,3031.0890160801637,55.055326863802776,437.4614479906678,3031.0890160801637
942,587193.2555087898,517558.6434266431,CE_corregida_OLS,440.7090244659486,3109.0062779875448,55.758463734105376,440.7090244659486,3109.0062779875448
943,587193.5435655119,517558.6434266431,CE_corregida_OLS,444.20917294599246,3153.3199198489883,56.15442920953777,444.20917294599246,3153.3199198489883
944,587193.8316222341,517558.6434266431,CE_corregida_OLS,448.11325988203606,3164.3760322157,56.252786883990915,448.11325988203606,3164.3760322157
945,587194.1196789562,517558.6434266431,CE_corregida_OLS,452.54655805926456,3144.343695799095,56.0744477975405,452.54655805926456,3144.343695799095
946,587194.4077356784,517558.6434266431,CE_corregida_OLS,457.60160033411927,3094.1914414084667,55.62545677482987,457.60160033411927,3094.1914414084667
947,587194.6957924005,517558.6434266431,CE_corregida_OLS,463.3309340103258,3011.1107017872014,54.87358838081579,463.3309340103258,3011.1107017872014
948,587194.9838491228,517558.6434266431,CE_corregida_OLS,469.7412279465621,2887.108195827512,53.7318173508724,469.7412279465621,2887.108195827512
949,587195.2719058449,517558.6434266431,CE_corregida_OLS,476.78885264568174,2709.586151242084,52.053685280122906,476.78885264568174,2709.586151242084
950,587195.5599625671,517558.6434266431,CE_corregida_OLS,484.3701477191116,2464.627319860286,49.645013041193636,484.3701477191116,2464.627319860286
951,587195.8480192892,517558.6434266431,CE_corregida_OLS,492.28302692275076,2144.519591183093,46.30895800148274,492.28302692275076,2144.519591183093
952,587196.1360760113,517558.6434266431,CE_corregida_OLS,500.0912106257401,1765.8616076175706,42.02215615145861,500.0912106257401,1765.8616076175706
953,587196.4241327335,517558.6434266431,CE_corregida_OLS,506.72254785762016,1416.5208505548746,37.636695531819406,506.72254785762016,1416.5208505548746
954,587196.7121894556,517558.6434266431,CE_corregida_OLS,510.0974026519195,1300.1316492012143,36.05733835436573,510.0974026519195,1300.1316492012143
955,587197.0002461778,517558.6434266431,CE_corregida_OLS,509.39253988182446,1492.6428064707259,38.634735749979264,509.39253988182446,1492.6428064707259
956,587197.2883028999,517558.6434266431,CE_corregida_OLS,506.47587054053315,1789.8564196412005,42.306694737844985,506.47587054053315,1789.8564196412005
957,587197.5763596221,517558.6434266431,CE_corregida_OLS,502.81566895895315,2044.7702197867654,45.21913554886654,502.81566895895315,2044.7702197867654
958,587197.8644163442,517558.6434266431,CE_corregida_OLS,498.9289793554486,2223.2610826849736,47.15146957078829,498.9289793554486,2223.2610826849736
959,587198.1524730665,517558.6434266431,CE_corregida_OLS,494.9202567764671,2344.45846108275,48.419608229339794,494.9202567764671,2344.45846108275
960,587198.4405297886,517558.6434266431,CE_corregida_OLS,490.74388616459817,2451.283215472695,49.51043541994652,490.74388616459817,2451.283215472695
961,587198.7285865108,517558.6434266431,CE_corregida_OLS,486.34910414559226,2588.0102555549865,50.87249016467531,486.34910414559226,2588.0102555549865
962,587199.0166432329,517558.6434266431,CE_corregida_OLS,481.7912720428729,2776.765082981051,52.69501952728598,481.7912720428729,2776.765082981051
963,587199.304699955,517558.6434266431,CE_corregida_OLS,477.26001338512026,3009.5896541040966,54.859727069172486,477.26001338512026,3009.5896541040966
964,587199.5927566772,517558.6434266431,CE_corregida_OLS,473.01162201002654,3262.618868392883,57.11933883014476,473.01162201002654,3262.618868392883
965,587199.8808133993,517558.6434266431,CE_corregida_OLS,469.28776266926246,3513.6783476881255,59.276288241489326,469.28776266926246,3513.6783476881255
966,587200.1688701215,517558.6434266431,CE_corregida_OLS,466.27443323952866,3749.6347604765474,61.23426132874101,466.27443323952866,3749.6347604765474
967,587200.4569268436,517558.6434266431,CE_corregida_OLS,464.0915751704661,3965.7101084942824,62.97388433703516,464.0915751704661,3965.7101084942824
968,587200.7449835659,517558.6434266431,CE_corregida_OLS,462.79349617490203,4162.297099240786,64.51586703471314,462.79349617490203,4162.297099240786
969,587201.033040288,517558.6434266431,CE_corregida_OLS,462.37277890962787,4342.050662827983,65.89423846458796,462.37277890962787,4342.050662827983
970,587201.3210970102,517558.6434266431,CE_corregida_OLS,462.7677164736941,4507.985956576712,67.14153674571882,462.7677164736941,4507.985956576712
971,587201.6091537323,517558.6434266431,CE_corregida_OLS,463.8739689576378,4662.5399292113025,68.28279380057104,463.8739689576378,4662.5399292113025
972,587201.8972104545,517558.6434266431,CE_corregida_OLS,465.5593444084267,4807.32507859768,69.33487635092227,465.5593444084267,4807.32507859768
973,587187.2063176245,517558.93148336525,CE_corregida_OLS,443.6986547718968,4122.556382239399,64.20713653667634,443.6986547718968,4122.556382239399
974,587187.4943743467,517558.93148336525,CE_corregida_OLS,438.86168463889675,3896.7585833837957,62.4240224864098,438.86168463889675,3896.7585833837957
975,587187.7824310688,517558.93148336525,CE_corregida_OLS,433.42754775350454,3662.5353640801986,60.51888435918328,433.42754775350454,3662.5353640801986
976,587188.070487791,517558.93148336525,CE_corregida_OLS,427.37709790484377,3413.386093060491,58.42419099192124,427.37709790484377,3413.386093060491
977,587188.3585445131,517558.93148336525,CE_corregida_OLS,420.73757714906867,3139.2042768619167,56.028602310444235,420.73757714906867,3139.2042768619167
978,587188.6466012353,517558.93148336525,CE_corregida_OLS,413.6136213983554,2829.1316130673167,53.18958180947954,413.6136213983554,2829.1316130673167
979,587188.9346579574,517558.93148336525,CE_corregida_OLS,406.25061850772005,2478.8835833752305,49.788388037525685,406.25061850772005,2478.8835833752305
980,587189.2227146797,517558.93148336525,CE_corregida_OLS,399.18260606908274,2106.3705994408915,45.89521325193829,399.18260606908274,2106.3705994408915
981,587189.5107714018,517558.93148336525,CE_corregida_OLS,393.52037834191646,1779.6315783878927,42.18567977866296,393.52037834191646,1779.6315783878927
982,587189.798828124,517558.93148336525,CE_corregida_OLS,390.99275752598425,1622.9357787450488,40.28567709180334,390.99275752598425,1622.9357787450488
983,587190.0868848461,517558.93148336525,CE_corregida_OLS,392.44466230777283,1689.741454727563,41.10646487752946,392.44466230777283,1689.741454727563
984,587190.3749415682,517558.93148336525,CE_corregida_OLS,396.6299716544952,1866.0664954626368,43.19799179895562,396.6299716544952,1866.0664954626368
985,587190.6629982904,517558.93148336525,CE_corregida_OLS,401.9512660459725,2026.4737073744009,45.016371548297855,401.9512660459725,2026.4737073744009
986,587190.9510550125,517558.93148336525,CE_corregida_OLS,407.4913650109962,2121.811253559642,46.06312249033539,407.4913650109962,2121.811253559642
987,587191.2391117347,517558.93148336525,CE_corregida_OLS,412.7918765444288,2160.705093279904,46.483385131462875,412.7918765444288,2160.705093279904
988,587191.5271684568,517558.93148336525,CE_corregida_OLS,417.59492797415527,2186.1845285394656,46.756652238365675,417.59492797415527,2186.1845285394656
989,587191.815225179,517558.93148336525,CE_corregida_OLS,421.7598365508515,2250.1911127666217,47.43617936519152,421.7598365508515,2250.1911127666217
990,587192.1032819011,517558.93148336525,CE_corregida_OLS,425.2871658422848,2378.272116420944,48.7675313750957,425.2871658422848,2378.272116420944
991,587192.3913386234,517558.93148336525,CE_corregida_OLS,428.32685410328094,2553.638428176327,50.533537657444164,428.32685410328094,2553.638428176327
992,587192.6793953455,517558.93148336525,CE_corregida_OLS,431.107965149028,2739.132163644899,52.33671907604544,431.107965149028,2739.132163644899
993,587192.9674520676,517558.93148336525,CE_corregida_OLS,433.8623034381691,2904.06827940264,53.889407859083406,433.8623034381691,2904.06827940264
994,587193.2555087898,517558.93148336525,CE_corregida_OLS,436.7928652106691,3032.5642438894306,55.068722918635316,436.7928652106691,3032.5642438894306
995,587193.5435655119,517558.93148336525,CE_corregida_OLS,440.0685237050433,3120.25676166185,55.85925851335524,440.0685237050433,3120.25676166185
996,587193.8316222341,517558.93148336525,CE_corregida_OLS,443.8228130773054,3168.7927616445263,56.29203106696832,443.8228130773054,3168.7927616445263
997,587194.1196789562,517558.93148336525,CE_corregida_OLS,448.15068707222093,3181.334954283107,56.40332396484366,448.15068707222093,3181.334954283107
998,587194.4077356784,517558.93148336525,CE_corregida_OLS,453.10428577903764,3159.5091564544095,56.209511263258726,453.10428577903764,3159.5091564544095
999,587194.6957924005,517558.93148336525,CE_corregida_OLS,458.6893379695269,3101.746498858761,55.69332544263056,458.6893379695269,3101.746498858761
1000,587194.9838491228,517558.93148336525,CE_corregida_OLS,464.8619633839742,3003.1196063886723,54.8007263308496,464.8619633839742,3003.1196063886723
1001,587195.2719058449,517558.93148336525,CE_corregida_OLS,471.5224758058297,2856.9642455018375,53.45057759745761,471.5224758058297,2856.9642455018375
1002,587195.5599625671,517558.93148336525,CE_corregida_OLS,478.4977466037247,2658.8350676293753,51.5638930612243,478.4977466037247,2658.8350676293753
1003,587195.8480192892,517558.93148336525,CE_corregida_OLS,485.4959817787708,2413.9502356563535,49.13196755327791,485.4959817787708,2413.9502356563535
1004,587196.1360760113,517558.93148336525,CE_corregida_OLS,492.0141288243666,2149.74645657778,46.36535836783514,492.0141288243666,2149.74645657778
1005,587196.4241327335,517558.93148336525,CE_corregida_OLS,497.23613509501376,1929.2101207188182,43.92277451071162,497.23613509501376,1929.2101207188182
1006,587196.7121894556,517558.93148336525,CE_corregida_OLS,500.22324851839613,1832.3818969766542,42.80633010404716,500.22324851839613,1832.3818969766542
1007,587197.0002461778,517558.93148336525,CE_corregida_OLS,500.68656842423246,1875.2086439740626,43.30367933529509,500.68656842423246,1875.2086439740626
1008,587197.2883028999,517558.93148336525,CE_corregida_OLS,499.2839623796827,1981.033833467809,44.50880624626782,499.2839623796827,1981.033833467809
1009,587197.5763596221,517558.93148336525,CE_corregida_OLS,496.8510760990552,2065.6585062819368,45.449516018126495,496.8510760990552,2065.6585062819368
1010,587197.8644163442,517558.93148336525,CE_corregida_OLS,493.8882444980674,2092.841951073067,45.74758956571446,493.8882444980674,2092.841951073067
1011,587198.1524730665,517558.93148336525,CE_corregida_OLS,490.5559854183303,2077.41979079008,45.57872081125226,490.5559854183303,2077.41979079008
1012,587198.4405297886,517558.93148336525,CE_corregida_OLS,486.78315717521156,2076.8586606465224,45.57256478021094,486.78315717521156,2076.8586606465224
1013,587198.7285865108,517558.93148336525,CE_corregida_OLS,482.44050880137604,2162.6400784648804,46.504194202941314,482.44050880137604,2162.6400784648804
1014,587199.0166432329,517558.93148336525,CE_corregida_OLS,477.5987318866576,2362.8309285715077,48.60895934466719,477.5987318866576,2362.8309285715077
1015,587199.304699955,517558.93148336525,CE_corregida_OLS,472.60480307220047,2641.6338175231276,51.39682692076552,472.60480307220047,2641.6338175231276
1016,587199.5927566772,517558.93148336525,CE_corregida_OLS,467.88591115065014,2944.4433298669887,54.26272505013906,467.88591115065014,2944.4433298669887
1017,587199.8808133993,517558.93148336525,CE_corregida_OLS,463.78977702885203,3234.7728110553867,56.87506317407821,463.78977702885203,3234.7728110553867
1018,587200.1688701215,517558.93148336525,CE_corregida_OLS,460.55677559396133,3497.655277602041,59.140977989901735,460.55677559396133,3497.655277602041
1019,587200.4569268436,517558.93148336525,CE_corregida_OLS,458.33330591068307,3731.4652747181776,61.085720710475194,458.33330591068307,3731.4652747181776
1020,587200.7449835659,517558.93148336525,CE_corregida_OLS,457.18121050293985,3940.5781252136603,62.77402428722935,457.18121050293985,3940.5781252136603
1021,587201.033040288,517558.93148336525,CE_corregida_OLS,457.0827921894968,4130.795172600449,64.271262416421,457.0827921894968,4130.795172600449
1022,587201.3210970102,517558.93148336525,CE_corregida_OLS,457.9494949170844,4306.996413711236,65.62771071514864,457.9494949170844,4306.996413711236
1023,587201.6091537323,517558.93148336525,CE_corregida_OLS,459.63802838157665,4472.342719916496,66.87557640810654,459.63802838157665,4472.342719916496
1024,587201.8972104545,517558.93148336525,CE_corregida_OLS,461.97198356777216,4628.419405732774,68.03248786964045,461.97198356777216,4628.419405732774
1025,587202.1852671766,517558.93148336525,CE_corregida_OLS,464.7640487590036,4775.785714254494,69.10705980038865,464.7640487590036,4775.785714254494
1026,587187.4943743467,517559.21954008745,CE_corregida_OLS,438.01077597781295,4124.019688750531,64.2185307271237,438.01077597781295,4124.019688750531
1027,587187.7824310688,517559.21954008745,CE_corregida_OLS,432.82303709227585,3902.721556418492,62.47176607411137,432.82303709227585,3902.721556418492
1028,587188.070487791,517559.21954008745,CE_corregida_OLS,427.17294387905713,3666.0924491579985,60.548265451274474,427.17294387905713,3666.0924491579985
1029,587188.3585445131,517559.21954008745,CE_corregida_OLS,421.1350227349877,3408.9583101261896,58.38628529137806,421.1350227349877,3408.9583101261896
1030,587188.6466012353,517559.21954008745,CE_corregida_OLS,414.871160149817,3128.3942939753665,55.93205068630478,414.871160149817,3128.3942939753665
1031,587188.9346579574,517559.21954008745,CE_corregida_OLS,408.6845555963965,2829.5125184757694,53.19316232821442,408.6845555963965,2829.5125184757694
1032,587189.2227146797,517559.21954008745,CE_corregida_OLS,403.0974329321114,2533.905171236632,50.33790988148626,403.0974329321114,2533.905171236632
1033,587189.5107714018,517559.21954008745,CE_corregida_OLS,398.8953789517914,2285.274858442427,47.80454851206554,398.8953789517914,2285.274858442427
1034,587189.798828124,517559.21954008745,CE_corregida_OLS,396.9262086360054,2133.655051706977,46.19150410743275,396.9262086360054,2133.655051706977
1035,587190.0868848461,517559.21954008745,CE_corregida_OLS,397.52705666384475,2088.4892249228005,45.69999151994232,397.52705666384475,2088.4892249228005
1036,587190.3749415682,517559.21954008745,CE_corregida_OLS,400.2191203428289,2097.4477231424275,45.797900859563725,400.2191203428289,2097.4477231424275
1037,587190.6629982904,517559.21954008745,CE_corregida_OLS,404.16378403094336,2091.115858708727,45.728720282867386,404.16378403094336,2091.115858708727
1038,587190.9510550125,517559.21954008745,CE_corregida_OLS,408.64963878109984,2029.6258686215851,45.05136922027548,408.64963878109984,2029.6258686215851
1039,587191.2391117347,517559.21954008745,CE_corregida_OLS,413.1759318294463,1919.8851499260877,43.816494039643196,413.1759318294463,1919.8851499260877
1040,587191.5271684568,517559.21954008745,CE_corregida_OLS,417.35370851501756,1822.5751078681528,42.69162807703816,417.35370851501756,1822.5751078681528
1041,587191.815225179,517559.21954008745,CE_corregida_OLS,420.86847207954116,1833.2141849447037,42.8160505528558,420.86847207954116,1833.2141849447037
1042,587192.1032819011,517559.21954008745,CE_corregida_OLS,423.6360846676471,1995.3130820130498,44.66892747775628,423.6360846676471,1995.3130820130498
1043,587192.3913386234,517559.21954008745,CE_corregida_OLS,425.8863283097062,2250.185924705399,47.43612468051536,425.8863283097062,2250.185924705399
1044,587192.6793953455,517559.21954008745,CE_corregida_OLS,427.95064320496914,2515.672838024242,50.15648350935542,427.95064320496914,2515.672838024242
1045,587192.9674520676,517559.21954008745,CE_corregida_OLS,430.1045189600921,2744.718941221215,52.39006529124787,430.1045189600921,2744.718941221215
1046,587193.2555087898,517559.21954008745,CE_corregida_OLS,432.5575371215343,2921.878319920472,54.05440148517484,432.5575371215343,2921.878319920472
1047,587193.5435655119,517559.21954008745,CE_corregida_OLS,435.4699662290991,3047.8318051399865,55.207171682128276,435.4699662290991,3047.8318051399865
1048,587193.8316222341,517559.21954008745,CE_corregida_OLS,438.95643299775145,3129.00118697144,55.93747569359418,438.95643299775145,3129.00118697144
1049,587194.1196789562,517559.21954008745,CE_corregida_OLS,443.0814676212133,3171.8158234310013,56.31887626214679,443.0814676212133,3171.8158234310013
1050,587194.4077356784,517559.21954008745,CE_corregida_OLS,447.85523776380603,3179.9110051936364,56.39069963383711,447.85523776380603,3179.9110051936364
1051,587194.6957924005,517559.21954008745,CE_corregida_OLS,453.23300258867357,3153.396022668728,56.15510682626049,453.23300258867357,3153.396022668728
1052,587194.9838491228,517559.21954008745,CE_corregida_OLS,459.1165543849924,3089.7587287925603,55.58559821385896,459.1165543849924,3089.7587287925603
1053,587195.2719058449,517559.21954008745,CE_corregida_OLS,465.3523795933373,2986.1695774506147,54.64585599522268,465.3523795933373,2986.1695774506147
1054,587195.5599625671,517559.21954008745,CE_corregida_OLS,471.720136002887,2843.139359753959,53.32109676060648,471.720136002887,2843.139359753959
1055,587195.8480192892,517559.21954008745,CE_corregida_OLS,477.90753905961054,2669.4662363268926,51.66687755542125,477.90753905961054,2669.4662363268926
1056,587196.1360760113,517559.21954008745,CE_corregida_OLS,483.4816241421809,2487.178086538514,49.871616040975795,483.4816241421809,2487.178086538514
1057,587196.4241327335,517559.21954008745,CE_corregida_OLS,487.9082914141775,2330.852788687989,48.27890624991404,487.9082914141775,2330.852788687989
1058,587196.7121894556,517559.21954008745,CE_corregida_OLS,490.7165719860667,2231.125729545416,47.234793632929275,490.7165719860667,2231.125729545416
1059,587197.0002461778,517559.21954008745,CE_corregida_OLS,491.7766209801158,2186.322522515903,46.758127876508304,491.7766209801158,2186.322522515903
1060,587197.2883028999,517559.21954008745,CE_corregida_OLS,491.3794805611083,2156.0452685184705,46.433234525697976,491.3794805611083,2156.0452685184705
1061,587197.5763596221,517559.21954008745,CE_corregida_OLS,489.99274948241015,2089.285023497839,45.708697460087826,489.99274948241015,2089.285023497839
1062,587197.8644163442,517559.21954008745,CE_corregida_OLS,487.9904400742746,1955.7575383341762,44.22394756615669,487.9904400742746,1955.7575383341762
1063,587198.1524730665,517559.21954008745,CE_corregida_OLS,485.51375289276484,1768.5679420359836,42.05434510292585,485.51375289276484,1768.5679420359836
1064,587198.4405297886,517559.21954008745,CE_corregida_OLS,482.37768408787525,1612.1679453068414,40.15181123320393,482.37768408787525,1612.1679453068414
1065,587198.7285865108,517559.21954008745,CE_corregida_OLS,478.15197228269386,1634.729746067715,40.43179127948346,478.15197228269386,1634.729746067715
1066,587199.0166432329,517559.21954008745,CE_corregida_OLS,472.8490000253103,1887.3252700303892,43.443357029934845,472.8490000253103,1887.3252700303892
1067,587199.304699955,517559.21954008745,CE_corregida_OLS,467.18527622109394,2254.775785822675,47.48447942036087,467.18527622109394,2254.775785822675
1068,587199.5927566772,517559.21954008745,CE_corregida_OLS,461.86588024242144,2627.2258709607463,51.25647150322334,461.86588024242144,2627.2258709607463
1069,587199.8808133993,517559.21954008745,CE_corregida_OLS,457.3347867358287,2959.795393233369,54.40400162886338,457.3347867358287,2959.795393233369
1070,587200.1688701215,517559.21954008745,CE_corregida_OLS,453.8683199278668,3244.8720255295107,56.96377818868329,453.8683199278668,3244.8720255295107
1071,587200.4569268436,517559.21954008745,CE_corregida_OLS,451.6350184089599,3489.7421280103044,59.074039374418135,451.6350184089599,3489.7421280103044
1072,587200.7449835659,517559.21954008745,CE_corregida_OLS,450.70534167306107,3705.6993176413175,60.874455378601276,450.70534167306107,3705.6993176413175
1073,587201.033040288,517559.21954008745,CE_corregida_OLS,451.04824844245525,3902.8472560550886,62.47277211758006,451.04824844245525,3902.8472560550886
1074,587201.3210970102,517559.21954008745,CE_corregida_OLS,452.53758849990845,4087.9727310446774,63.93725620516318,452.53758849990845,4087.9727310446774
1075,587201.6091537323,517559.21954008745,CE_corregida_OLS,454.9749536132778,4264.400938451917,65.3023808023254,454.9749536132778,4264.400938451917
1076,587201.8972104545,517559.21954008745,CE_corregida_OLS,458.1229683244795,4432.962450341377,66.58049602054176,458.1229683244795,4432.962450341377
1077,587202.1852671766,517559.21954008745,CE_corregida_OLS,461.73830105703985,4593.244662363107,67.77348052419255,461.73830105703985,4593.244662363107
1078,587202.4733238987,517559.21954008745,CE_corregida_OLS,465.5965840815526,4744.573864421334,68.88086718691436,465.5965840815526,4744.573864421334
1079,587202.7613806209,517559.21954008745,CE_corregida_OLS,469.5069283468602,4886.544110997746,69.90382043206041,469.5069283468602,4886.544110997746
1080,587187.7824310688,517559.5075968096,CE_corregida_OLS,432.92887516000894,4130.178075731321,64.26646151556285,432.92887516000894,4130.178075731321
1081,587188.070487791,517559.5075968096,CE_corregida_OLS,427.74449990948204,3910.9467616200563,62.53756280524575,427.74449990948204,3910.9467616200563
1082,587188.3585445131,517559.5075968096,CE_corregida_OLS,422.34085813598807,3676.4034579866666,60.63335268634472,422.34085813598807,3676.4034579866666
1083,587188.6466012353,517559.5075968096,CE_corregida_OLS,416.89970054394576,3427.569569246685,58.54544874921265,416.89970054394576,3427.569569246685
1084,587188.9346579574,517559.5075968096,CE_corregida_OLS,411.7107584791514,3171.5207673169025,56.31625668771765,411.7107584791514,3171.5207673169025
1085,587189.2227146797,517559.5075968096,CE_corregida_OLS,407.1915703280026,2924.0961934706997,54.074912792076695,407.1915703280026,2924.0961934706997
1086,587189.5107714018,517559.5075968096,CE_corregida_OLS,403.8536605520227,2708.017101656337,52.03861164228286,403.8536605520227,2708.017101656337
1087,587189.798828124,517559.5075968096,CE_corregida_OLS,402.1533325289551,2541.0887218866887,50.40921266878396,402.1533325289551,2541.0887218866887
1088,587190.0868848461,517559.5075968096,CE_corregida_OLS,402.2618012719204,2418.1271873037654,49.17445665489112,402.2618012719204,2418.1271873037654
1089,587190.3749415682,517559.5075968096,CE_corregida_OLS,403.9664516710642,2305.3738451341337,48.01430875410094,403.9664516710642,2305.3738451341337
1090,587190.6629982904,517559.5075968096,CE_corregida_OLS,406.81991428563214,2156.7722217933397,46.44106180734178,406.81991428563214,2156.7722217933397
1091,587190.9510550125,517559.5075968096,CE_corregida_OLS,410.3517042767959,1937.2129921286044,44.01378184306144,410.3517042767959,1937.2129921286044
1092,587191.2391117347,517559.5075968096,CE_corregida_OLS,414.149893250256,1645.0514707803145,40.5592341000211,414.149893250256,1645.0514707803145
1093,587191.5271684568,517559.5075968096,CE_corregida_OLS,417.7742093208761,1355.6078195545551,36.81857981447078,417.7742093208761,1355.6078195545551
1094,587191.815225179,517559.5075968096,CE_corregida_OLS,420.6009941208341,1278.6892876212098,35.758765185912246,420.6009941208341,1278.6892876212098
1095,587192.1032819011,517559.5075968096,CE_corregida_OLS,422.33674601392954,1533.0985693136467,39.15480263407858,422.33674601392954,1533.0985693136467
1096,587192.3913386234,517559.5075968096,CE_corregida_OLS,423.5199764641277,1922.0082860492394,43.84071493542549,423.5199764641277,1922.0082860492394
1097,587192.6793953455,517559.5075968096,CE_corregida_OLS,424.6677662622752,2284.4965250653627,47.79640703091983,424.6677662622752,2284.4965250653627
1098,587192.9674520676,517559.5075968096,CE_corregida_OLS,426.0673975882227,2573.7953719536035,50.73258688410836,426.0673975882227,2573.7953719536035
1099,587193.2555087898,517559.5075968096,CE_corregida_OLS,427.9136412285798,2788.6653250066115,52.80781499935981,427.9136412285798,2788.6653250066115
1100,587193.5435655119,517559.5075968096,CE_corregida_OLS,430.3556036343374,2941.634226487298,54.236834591330066,430.3556036343374,2941.634226487298
1101,587193.8316222341,517559.5075968096,CE_corregida_OLS,433.49349432052213,3047.09364831854,55.20048594277536,433.49349432052213,3047.09364831854
1102,587194.1196789562,517559.5075968096,CE_corregida_OLS,437.36443168839736,3116.067861688317,55.82175079382872,437.36443168839736,3116.067861688317
1103,587194.4077356784,517559.5075968096,CE_corregida_OLS,441.9350015184771,3154.2708596918537,56.162895755933505,441.9350015184771,3154.2708596918537
1104,587194.6957924005,517559.5075968096,CE_corregida_OLS,447.10558380378717,3162.5664496802765,56.23670020262814,447.10558380378717,3162.5664496802765
1105,587194.9838491228,517559.5075968096,CE_corregida_OLS,452.72146656596993,3139.06645608138,56.027372382446956,452.72146656596993,3139.06645608138
1106,587195.2719058449,517559.5075968096,CE_corregida_OLS,458.58183239636776,3082.0138708484255,55.51588845410317,458.58183239636776,3082.0138708484255
1107,587195.5599625671,517559.5075968096,CE_corregida_OLS,464.4408342245177,2992.806191645956,54.706546149852635,464.4408342245177,2992.806191645956
1108,587195.8480192892,517559.5075968096,CE_corregida_OLS,470.0028338739881,2878.55979610018,53.652211474460024,470.0028338739881,2878.55979610018
1109,587196.1360760113,517559.5075968096,CE_corregida_OLS,474.92584050710883,2752.889551090485,52.467985963733014,474.92584050710883,2752.889551090485
1110,587196.4241327335,517559.5075968096,CE_corregida_OLS,478.8606652436339,2632.2934734782925,51.305881470629586,478.8606652436339,2632.2934734782925
1111,587196.7121894556,517559.5075968096,CE_corregida_OLS,481.5460610520819,2526.3428808671333,50.262738493511605,481.5460610520819,2526.3428808671333
1112,587197.0002461778,517559.5075968096,CE_corregida_OLS,482.9194822119397,2426.3851939277497,49.25835151451731,482.9194822119397,2426.3851939277497
1113,587197.2883028999,517559.5075968096,CE_corregida_OLS,483.14337522459533,2303.5373143250836,47.995180115560395,483.14337522459533,2303.5373143250836
1114,587197.5763596221,517559.5075968096,CE_corregida_OLS,482.5133895272692,2119.2163032835947,46.03494654372474,482.5133895272692,2119.2163032835947
1115,587197.8644163442,517559.5075968096,CE_corregida_OLS,481.32804064558195,1840.3161532660379,42.89890620127788,481.32804064558195,1840.3161532660379
1116,587198.1524730665,517559.5075968096,CE_corregida_OLS,479.7683543420839,1458.6954049566584,38.19287112743238,479.7683543420839,1458.6954049566584
1117,587198.4405297886,517559.5075968096,CE_corregida_OLS,477.6348842952833,1054.820657202142,32.478002666453214,477.6348842952833,1054.820657202142
1118,587198.7285865108,517559.5075968096,CE_corregida_OLS,473.6479759183058,980.9203524695893,31.31964802595312,473.6479759183058,980.9203524695893
1119,587199.0166432329,517559.5075968096,CE_corregida_OLS,467.40663181251915,1395.3332270656513,37.35415943460181,467.40663181251915,1395.3332270656513
1120,587199.304699955,517559.5075968096,CE_corregida_OLS,460.7970880689582,1904.619158677136,43.641942654711606,460.7970880689582,1904.619158677136
1121,587199.5927566772,517559.5075968096,CE_corregida_OLS,454.78635880441936,2348.8479430639736,48.464914557481414,454.78635880441936,2348.8479430639736
1122,587199.8808133993,517559.5075968096,CE_corregida_OLS,449.7912710352233,2709.22165861845,52.050184040197685,449.7912710352233,2709.22165861845
1123,587200.1688701215,517559.5075968096,CE_corregida_OLS,446.09245189359007,2999.7076962387273,54.76958732945436,446.09245189359007,2999.7076962387273
1124,587200.4569268436,517559.5075968096,CE_corregida_OLS,443.8902695067352,3241.5697675690326,56.934785215797845,443.8902695067352,3241.5697675690326
1125,587200.7449835659,517559.5075968096,CE_corregida_OLS,443.27883851695185,3454.8272313836756,58.77777838081051,443.27883851695185,3454.8272313836756
1126,587201.033040288,517559.5075968096,CE_corregida_OLS,444.21576291026963,3654.065557515896,60.448867297211585,444.21576291026963,3654.065557515896
1127,587201.3210970102,517559.5075968096,CE_corregida_OLS,446.5220608447506,3847.052987127514,62.02461597726756,446.5220608447506,3847.052987127514
1128,587201.6091537323,517559.5075968096,CE_corregida_OLS,449.91889246584026,4035.8190179292906,63.52809628762136,449.91889246584026,4035.8190179292906
1129,587201.8972104545,517559.5075968096,CE_corregida_OLS,454.08317131432904,4219.061136274608,64.95430036783252,454.08317131432904,4219.061136274608
1130,587202.1852671766,517559.5075968096,CE_corregida_OLS,458.6982458358706,4394.469580105743,66.29079559113575,458.6982458358706,4394.469580105743
1131,587202.4733238987,517559.5075968096,CE_corregida_OLS,463.48669382714667,4560.170622674501,67.52903540459097,463.48669382714667,4560.170622674501
1132,587202.7613806209,517559.5075968096,CE_corregida_OLS,468.22493039741795,4715.245137226768,68.66764257804958,468.22493039741795,4715.245137226768
1133,587203.049437343,517559.5075968096,CE_corregida_OLS,472.7452154818925,4859.655903594088,69.7112322627716,472.7452154818925,4859.655903594088
1134,587188.3585445131,517559.79565353174,CE_corregida_OLS,424.0517550328666,3932.296618017612,62.70802674313403,424.0517550328666,3932.296618017612
1135,587188.6466012353,517559.79565353174,CE_corregida_OLS,419.3190893027145,3711.1076401944297,60.91886112030025,419.3190893027145,3711.1076401944297
1136,587188.9346579574,517559.79565353174,CE_corregida_OLS,414.9077573044046,3486.207619914482,59.04411587884505,414.9077573044046,3486.207619914482
1137,587189.2227146797,517559.79565353174,CE_corregida_OLS,411.1276118501577,3266.7340069355273,57.15534976654003,411.1276118501577,3266.7340069355273
1138,587189.5107714018,517559.79565353174,CE_corregida_OLS,408.31162028690875,3062.352495105522,55.33852631851992,408.31162028690875,3062.352495105522
1139,587189.798828124,517559.79565353174,CE_corregida_OLS,406.7274649070754,2876.3200566141895,53.631334652553534,406.7274649070754,2876.3200566141895
1140,587190.0868848461,517559.79565353174,CE_corregida_OLS,406.47688992545824,2697.7794430565987,51.940152512835375,406.47688992545824,2697.7794430565987
1141,587190.3749415682,517559.79565353174,CE_corregida_OLS,407.45822350004437,2499.777314878233,49.997773099191456,407.45822350004437,2499.777314878233
1142,587190.6629982904,517559.79565353174,CE_corregida_OLS,409.4262526436532,2245.437826225611,47.38605096677303,409.4262526436532,2245.437826225611
1143,587190.9510550125,517559.79565353174,CE_corregida_OLS,412.09424831628024,1897.5401232729998,43.56076357541268,412.09424831628024,1897.5401232729998
1144,587191.2391117347,517559.79565353174,CE_corregida_OLS,415.20165052757267,1428.4231530511315,37.79448574926151,415.20165052757267,1428.4231530511315
1145,587191.5271684568,517559.79565353174,CE_corregida_OLS,418.47472247692076,852.1731299076612,29.19200455446082,418.47472247692076,852.1731299076612
1146,587191.815225179,517559.79565353174,CE_corregida_OLS,420.84644523853547,563.1503451641503,23.730788970536786,420.84644523853547,563.1503451641503
1147,587192.1032819011,517559.79565353174,CE_corregida_OLS,421.0384776976807,1092.2761109003163,33.04960076763888,421.0384776976807,1092.2761109003163
1148,587192.3913386234,517559.79565353174,CE_corregida_OLS,420.937827489463,1657.3900610342755,40.71105575926858,420.937827489463,1657.3900610342755
1149,587192.6793953455,517559.79565353174,CE_corregida_OLS,421.0737002757724,2096.633631997979,45.78901213171102,421.0737002757724,2096.633631997979
1150,587192.9674520676,517559.79565353174,CE_corregida_OLS,421.6315497163014,2416.9357459948556,49.16234072941254,421.6315497163014,2416.9357459948556
1151,587193.2555087898,517559.79565353174,CE_corregida_OLS,422.7803161803647,2643.6361647175813,51.41630251892469,422.7803161803647,2643.6361647175813
1152,587193.5435655119,517559.79565353174,CE_corregida_OLS,424.67461394969166,2803.97717748198,52.95259368040418,424.67461394969166,2803.97717748198
1153,587193.8316222341,517559.79565353174,CE_corregida_OLS,427.4190233574027,2921.1795252670317,54.04793728966011,427.4190233574027,2921.1795252670317
1154,587194.1196789562,517559.79565353174,CE_corregida_OLS,431.03227800709357,3010.605157426899,54.868981742209314,431.03227800709357,3010.605157426899
1155,587194.4077356784,517559.79565353174,CE_corregida_OLS,435.43383940816744,3078.5835333689242,55.484984755958294,435.43383940816744,3078.5835333689242
1156,587194.6957924005,517559.79565353174,CE_corregida_OLS,440.459108176579,3124.403208713995,55.896361319087625,440.459108176579,3124.403208713995
1157,587194.9838491228,517559.79565353174,CE_corregida_OLS,445.8894453086028,3144.168625432693,56.0728867228422,445.8894453086028,3144.168625432693
1158,587195.2719058449,517559.79565353174,CE_corregida_OLS,451.47806675200485,3134.578499683196,55.987306594291496,451.47806675200485,3134.578499683196
1159,587195.5599625671,517559.79565353174,CE_corregida_OLS,456.963508954957,3095.474969184943,55.636992812201335,456.963508954957,3095.474969184943
1160,587195.8480192892,517559.79565353174,CE_corregida_OLS,462.0754651820436,3030.794428270146,55.052651419074685,462.0754651820436,3030.794428270146
1161,587196.1360760113,517559.79565353174,CE_corregida_OLS,466.5456863915121,2947.5523311699844,54.29136516215064,466.5456863915121,2947.5523311699844
1162,587196.4241327335,517559.79565353174,CE_corregida_OLS,470.1372857886724,2852.304090568249,53.406966685707296,470.1372857886724,2852.304090568249
1163,587196.7121894556,517559.79565353174,CE_corregida_OLS,472.6941102220567,2745.4292926749104,52.3968443007297,472.6941102220567,2745.4292926749104
1164,587197.0002461778,517559.79565353174,CE_corregida_OLS,474.18759227272284,2615.893964407606,51.14581081972996,474.18759227272284,2615.893964407606
1165,587197.2883028999,517559.79565353174,CE_corregida_OLS,474.72585231732523,2440.196462501151,49.39834473442558,474.72585231732523,2440.196462501151
1166,587197.5763596221,517559.79565353174,CE_corregida_OLS,474.5153988550181,2186.220971554662,46.757041946156754,474.5153988550181,2186.220971554662
1167,587197.8644163442,517559.79565353174,CE_corregida_OLS,473.8040433078074,1818.7366729148741,42.64664902328053,473.8040433078074,1818.7366729148741
1168,587198.1524730665,517559.79565353174,CE_corregida_OLS,472.83821269985356,1303.2171064855002,36.10009842764283,472.83821269985356,1303.2171064855002
1169,587198.4405297886,517559.79565353174,CE_corregida_OLS,471.8388177629843,608.8840765331337,24.675576518759065,471.8388177629843,608.8840765331337
1170,587198.7285865108,517559.79565353174,CE_corregida_OLS,468.5916689153639,307.8292786045488,17.545064223437564,468.5916689153639,307.8292786045488
1171,587199.0166432329,517559.79565353174,CE_corregida_OLS,460.54640073481704,1086.3610306820929,32.959991363501494,460.54640073481704,1086.3610306820929
1172,587199.304699955,517559.79565353174,CE_corregida_OLS,453.0803238842109,1695.0543221346911,41.17103741873274,453.0803238842109,1695.0543221346911
1173,587199.5927566772,517559.79565353174,CE_corregida_OLS,446.4854176599834,2155.799625544644,46.43058933014575,446.4854176599834,2155.799625544644
1174,587199.8808133993,517559.79565353174,CE_corregida_OLS,441.06333227689754,2501.174776779347,50.01174638801716,441.06333227689754,2501.174776779347
1175,587200.1688701215,517559.79565353174,CE_corregida_OLS,437.13973924271113,2765.641657299651,52.58936829150594,437.13973924271113,2765.641657299651
1176,587200.4569268436,517559.79565353174,CE_corregida_OLS,435.0051437553367,2982.803804954818,54.61505108442926,435.0051437553367,2982.803804954818
1177,587200.7449835659,517559.79565353174,CE_corregida_OLS,434.82258481743634,3180.7338491521923,56.397995080961806,434.82258481743634,3180.7338491521923
1178,587201.033040288,517559.79565353174,CE_corregida_OLS,436.5487427656392,3377.319171448368,58.1147070150781,436.5487427656392,3377.319171448368
1179,587201.3210970102,517559.79565353174,CE_corregida_OLS,439.92520527042035,3578.939196540421,59.82423586257012,439.92520527042035,3578.939196540421
1180,587201.6091537323,517559.79565353174,CE_corregida_OLS,444.5490911179004,3783.4795745942088,61.509995729102506,444.5490911179004,3783.4795745942088
1181,587201.8972104545,517559.79565353174,CE_corregida_OLS,449.97412467247256,3985.2604835210896,63.12891954976807,449.97412467247256,3985.2604835210896
1182,587202.1852671766,517559.79565353174,CE_corregida_OLS,455.7893430283327,4178.902533248346,64.64443157185579,455.7893430283327,4178.902533248346
1183,587202.4733238987,517559.79565353174,CE_corregida_OLS,461.65811414848406,4361.049473421683,66.03824250706316,461.65811414848406,4361.049473421683
1184,587202.7613806209,517559.79565353174,CE_corregida_OLS,467.32700053121465,4530.466652115546,67.30874127567344,467.32700053121465,4530.466652115546
1185,587203.049437343,517559.79565353174,CE_corregida_OLS,472.6191530884669,4687.408278933813,68.46464984890972,472.6191530884669,4687.408278933813
1186,587203.3374940652,517559.79565353174,CE_corregida_OLS,477.42206185309027,4832.8798729817045,69.5189173749254,477.42206185309027,4832.8798729817045
1187,587188.6466012353,517560.0837102539,CE_corregida_OLS,421.8872512671869,3972.377972702708,63.0268036053131,421.8872512671869,3972.377972702708
1188,587188.9346579574,517560.0837102539,CE_corregida_OLS,418.0587956095131,3769.4910008669485,61.396180670029864,418.0587956095131,3769.4910008669485
1189,587189.2227146797,517560.0837102539,CE_corregida_OLS,414.7816443565946,3566.705212883207,59.72189893902576,414.7816443565946,3566.705212883207
1190,587189.5107714018,517560.0837102539,CE_corregida_OLS,412.27612603686384,3366.456215004746,58.02117040360997,412.27612603686384,3366.456215004746
1191,587189.798828124,517560.0837102539,CE_corregida_OLS,410.7084136198066,3165.644964927482,56.264064596574265,410.7084136198066,3165.644964927482
1192,587190.0868848461,517560.0837102539,CE_corregida_OLS,410.1423031814539,2952.105238742188,54.33327929310164,410.1423031814539,2952.105238742188
1193,587190.3749415682,517560.0837102539,CE_corregida_OLS,410.52281229405656,2703.8609741878536,51.99866319616162,410.52281229405656,2703.8609741878536
1194,587190.6629982904,517560.0837102539,CE_corregida_OLS,411.7033305119271,2391.9183168980535,48.90724196781141,411.7033305119271,2391.9183168980535
1195,587190.9510550125,517560.0837102539,CE_corregida_OLS,413.4971328558935,1984.9069495907906,44.5522945491115,413.4971328558935,1984.9069495907906
1196,587191.2391117347,517560.0837102539,CE_corregida_OLS,415.72137166020775,1454.405959231198,38.136674726976366,415.72137166020775,1454.405959231198
1197,587191.5271684568,517560.0837102539,CE_corregida_OLS,418.18944961448824,792.6649977471862,28.154306912925176,418.18944961448824,792.6649977471862
1198,587191.815225179,517560.0837102539,CE_corregida_OLS,419.84395062547287,394.7378256074826,19.868010106889987,419.84395062547287,394.7378256074826
1199,587192.1032819011,517560.0837102539,CE_corregida_OLS,418.8781344384223,1011.9073832733948,31.810491716938216,418.8781344384223,1011.9073832733948
1200,587192.3913386234,517560.0837102539,CE_corregida_OLS,417.80473923329305,1581.6287337639917,39.769696173895916,417.80473923329305,1581.6287337639917
1201,587192.6793953455,517560.0837102539,CE_corregida_OLS,417.0268707620331,2000.5737314664862,44.727773602835256,417.0268707620331,2000.5737314664862
1202,587192.9674520676,517560.0837102539,CE_corregida_OLS,416.7249807457693,2291.8742089578714,47.87352304727396,416.7249807457693,2291.8742089578714
1203,587193.2555087898,517560.0837102539,CE_corregida_OLS,417.1083734131114,2489.8099217104514,49.89799516724546,417.1083734131114,2489.8099217104514
1204,587193.5435655119,517560.0837102539,CE_corregida_OLS,418.39103747918745,2630.220007885039,51.28567059018571,418.39103747918745,2630.220007885039
1205,587193.8316222341,517560.0837102539,CE_corregida_OLS,420.72398641865493,2743.523980333027,52.37865958893018,420.72398641865493,2743.523980333027
1206,587194.1196789562,517560.0837102539,CE_corregida_OLS,424.12436725920156,2847.890994868582,53.36563496172965,424.12436725920156,2847.890994868582
1207,587194.4077356784,517560.0837102539,CE_corregida_OLS,428.45271519401683,2947.0345513168045,54.28659642413405,428.45271519401683,2947.0345513168045
1208,587194.6957924005,517560.0837102539,CE_corregida_OLS,433.4548140919384,3034.5537102722205,55.086783444599675,433.4548140919384,3034.5537102722205
1209,587194.9838491228,517560.0837102539,CE_corregida_OLS,438.82955955327355,3101.0870418726854,55.68740469686736,438.82955955327355,3101.0870418726854
1210,587195.2719058449,517560.0837102539,CE_corregida_OLS,444.2786317111268,3139.6362487226324,56.032457100529086,444.2786317111268,3139.6362487226324
1211,587195.5599625671,517560.0837102539,CE_corregida_OLS,449.52725142535843,3147.606243562091,56.10353147139751,449.52725142535843,3147.606243562091
1212,587195.8480192892,517560.0837102539,CE_corregida_OLS,454.32902289759164,3126.3365536571637,55.91365265887361,454.32902289759164,3126.3365536571637
1213,587196.1360760113,517560.0837102539,CE_corregida_OLS,458.47076059873984,3079.0378083280975,55.48907827967678,458.47076059873984,3079.0378083280975
1214,587196.4241327335,517560.0837102539,CE_corregida_OLS,461.78633599014006,3007.6468357508843,54.842017064937394,461.78633599014006,3007.6468357508843
1215,587196.7121894556,517560.0837102539,CE_corregida_OLS,464.1782312223455,2909.2908528689954,53.937842493642584,464.1782312223455,2909.2908528689954
1216,587197.0002461778,517560.0837102539,CE_corregida_OLS,465.63507897667984,2773.703972294896,52.66596597704153,465.63507897667984,2773.703972294896
1217,587197.2883028999,517560.0837102539,CE_corregida_OLS,466.23076593236095,2583.0471678563317,50.82368707459477,466.23076593236095,2583.0471678563317
1218,587197.5763596221,517560.0837102539,CE_corregida_OLS,466.10027661992285,2314.61058968954,48.11040001589615,466.10027661992285,2314.61058968954
1219,587197.8644163442,517560.0837102539,CE_corregida_OLS,465.39800479437895,1946.3649714075025,44.11762653869202,465.39800479437895,1946.3649714075025
1220,587198.1524730665,517560.0837102539,CE_corregida_OLS,464.2289290380947,1469.9198829818602,38.339534204028354,464.2289290380947,1469.9198829818602
1221,587198.4405297886,517560.0837102539,CE_corregida_OLS,462.39761691187266,950.7823998393563,30.8347596040468,462.39761691187266,950.7823998393563
1222,587198.7285865108,517560.0837102539,CE_corregida_OLS,458.31278090264806,802.2307616041504,28.32367846174205,458.31278090264806,802.2307616041504
1223,587199.0166432329,517560.0837102539,CE_corregida_OLS,451.32555425490136,1226.5173853481879,35.02167022499338,451.32555425490136,1226.5173853481879
1224,587199.304699955,517560.0837102539,CE_corregida_OLS,443.87550326460894,1698.1653020963445,41.20880126983002,443.87550326460894,1698.1653020963445
1225,587199.5927566772,517560.0837102539,CE_corregida_OLS,436.98207692207956,2068.6923643004534,45.48287990332685,436.98207692207956,2068.6923643004534
1226,587199.8808133993,517560.0837102539,CE_corregida_OLS,431.1807397478164,2337.5371844728934,48.3480835656688,431.1807397478164,2337.5371844728934
1227,587200.1688701215,517560.0837102539,CE_corregida_OLS,426.9913208047543,2535.1900923278363,50.350671220231376,426.9913208047543,2535.1900923278363
1228,587200.4569268436,517560.0837102539,CE_corregida_OLS,424.91375373910284,2700.991802867085,51.971066978339834,424.91375373910284,2700.991802867085
1229,587200.7449835659,517560.0837102539,CE_corregida_OLS,425.2718525299033,2870.147274760842,53.57375546628071,425.2718525299033,2870.147274760842
1230,587201.033040288,517560.0837102539,CE_corregida_OLS,428.0409737915853,3062.181495708968,55.336981266680674,428.0409737915853,3062.181495708968
1231,587201.3210970102,517560.0837102539,CE_corregida_OLS,432.8257135810654,3277.65224459574,57.25078379023068,432.8257135810654,3277.65224459574
1232,587201.6091537323,517560.0837102539,CE_corregida_OLS,439.0177431599656,3505.2339532742767,59.205016284722674,439.0177431599656,3505.2339532742767
1233,587201.8972104545,517560.0837102539,CE_corregida_OLS,445.99195900114137,3731.617399872507,61.08696587548368,445.99195900114137,3731.617399872507
1234,587202.1852671766,517560.0837102539,CE_corregida_OLS,453.22294477034666,3947.313473803033,62.82764895969793,453.22294477034666,3947.313473803033
1235,587202.4733238987,517560.0837102539,CE_corregida_OLS,460.3172033837718,4147.787451476965,64.40331863713985,460.3172033837718,4147.787451476965
1236,587202.7613806209,517560.0837102539,CE_corregida_OLS,467.0027312245924,4332.242133053844,65.81977007749148,467.0027312245924,4332.242133053844
1237,587203.049437343,517560.0837102539,CE_corregida_OLS,473.10646960037445,4501.918027974947,67.09633393841237,473.10646960037445,4501.918027974947
1238,587203.3374940652,517560.0837102539,CE_corregida_OLS,478.53192768548774,4658.744822623299,68.2549985174954,478.53192768548774,4658.744822623299
1239,587203.6255507873,517560.0837102539,CE_corregida_OLS,483.23988525365854,4804.545441178941,69.31482843648205,483.23988525365854,4804.545441178941
1240,587188.9346579574,517560.371766976,CE_corregida_OLS,421.06162089980114,4023.732297192005,63.43289601769735,421.06162089980114,4023.732297192005
1241,587189.2227146797,517560.371766976,CE_corregida_OLS,418.12114624594227,3832.5698231713654,61.9077525288341,418.12114624594227,3832.5698231713654
1242,587189.5107714018,517560.371766976,CE_corregida_OLS,415.7879827629605,3635.7670294540317,60.29732190946818,415.7879827629605,3635.7670294540317
1243,587189.798828124,517560.371766976,CE_corregida_OLS,414.1669825371338,3428.162909900253,58.55051588073544,414.1669825371338,3428.162909900253
1244,587190.0868848461,517560.371766976,CE_corregida_OLS,413.29496648000577,3199.0628205566522,56.560258314090575,413.29496648000577,3199.0628205566522
1245,587190.3749415682,517560.371766976,CE_corregida_OLS,413.1312221320169,2932.577489235636,54.15327773307573,413.1312221320169,2932.577489235636
1246,587190.6629982904,517560.371766976,CE_corregida_OLS,413.5675232666707,2610.5562770523984,51.09360309326793,413.5675232666707,2610.5562770523984
1247,587190.9510550125,517560.371766976,CE_corregida_OLS,414.4462293543152,2219.1862479755473,47.1082397036394,414.4462293543152,2219.1862479755473
1248,587191.2391117347,517560.371766976,CE_corregida_OLS,415.5582883935938,1764.9784312249174,42.01164637603384,415.5582883935938,1764.9784312249174
1249,587191.5271684568,517560.371766976,CE_corregida_OLS,416.55394942190946,1325.051579698324,36.401257941152586,416.55394942190946,1325.051579698324
1250,587191.815225179,517560.371766976,CE_corregida_OLS,416.73356628008764,1145.2541898040024,33.841604421244604,416.73356628008764,1145.2541898040024
1251,587192.1032819011,517560.371766976,CE_corregida_OLS,415.69899273160445,1366.0101053788753,36.95957393394674,415.69899273160445,1366.0101053788753
1252,587192.3913386234,517560.371766976,CE_corregida_OLS,414.1191828704545,1711.1178685022958,41.365660498803784,414.1191828704545,1711.1178685022958
1253,587192.6793953455,517560.371766976,CE_corregida_OLS,412.5663704312296,1998.7418656435523,44.70729096739761,412.5663704312296,1998.7418656435523
1254,587192.9674520676,517560.371766976,CE_corregida_OLS,411.38548524678265,2194.4956736918302,46.84544453510747,411.38548524678265,2194.4956736918302
1255,587193.2555087898,517560.371766976,CE_corregida_OLS,410.9099929224043,2317.497818533124,48.140396950306965,410.9099929224043,2317.497818533124
1256,587193.5435655119,517560.371766976,CE_corregida_OLS,411.4927439374316,2406.311358716898,49.05416759783921,411.4927439374316,2406.311358716898
1257,587193.8316222341,517560.371766976,CE_corregida_OLS,413.4060943400294,2499.356207879961,49.99356166427794,413.4060943400294,2499.356207879961
1258,587194.1196789562,517560.371766976,CE_corregida_OLS,416.69241404216365,2616.7484057789766,51.15416313242722,416.69241404216365,2616.7484057789766
1259,587194.4077356784,517560.371766976,CE_corregida_OLS,421.1170650853651,2753.7926936950616,52.47659186432615,421.1170650853651,2753.7926936950616
1260,587194.6957924005,517560.371766976,CE_corregida_OLS,426.28029221778667,2891.2855643950907,53.77067569219389,426.28029221778667,2891.2855643950907
1261,587194.9838491228,517560.371766976,CE_corregida_OLS,431.7650794478991,3009.9997663457507,54.86346476796513,431.7650794478991,3009.9997663457507
1262,587195.2719058449,517560.371766976,CE_corregida_OLS,437.21468668063983,3097.9983311057777,55.65966520835153,437.21468668063983,3097.9983311057777
1263,587195.5599625671,517560.371766976,CE_corregida_OLS,442.34543137898584,3150.941079931053,56.13324398189591,442.34543137898584,3150.941079931053
1264,587195.8480192892,517560.371766976,CE_corregida_OLS,446.9361226508014,3169.390730850215,56.29734212953765,446.9361226508014,3169.390730850215
1265,587196.1360760113,517560.371766976,CE_corregida_OLS,450.8189171759608,3155.534860210857,56.17414761445746,450.8189171759608,3155.534860210857
1266,587196.4241327335,517560.371766976,CE_corregida_OLS,453.87829775292835,3110.1816339072093,55.76900244676436,453.87829775292835,3110.1816339072093
1267,587196.7121894556,517560.371766976,CE_corregida_OLS,456.055100228374,3030.4692175210057,55.049697705991136,456.055100228374,3030.4692175210057
1268,587197.0002461778,517560.371766976,CE_corregida_OLS,457.3479354913983,2908.8675394564593,53.933918265377855,457.3479354913983,2908.8675394564593
1269,587197.2883028999,517560.371766976,CE_corregida_OLS,457.8040901606842,2734.157253884409,52.289169565832744,457.8040901606842,2734.157253884409
1270,587197.5763596221,517560.371766976,CE_corregida_OLS,457.4949564488411,2495.1333150107153,49.951309442403165,457.4949564488411,2495.1333150107153
1271,587197.8644163442,517560.371766976,CE_corregida_OLS,456.4709654944738,2188.806972641627,46.78468737355875,456.4709654944738,2188.806972641627
1272,587198.1524730665,517560.371766976,CE_corregida_OLS,454.6767947411347,1838.980798559668,42.88333940541091,454.6767947411347,1838.980798559668
1273,587198.4405297886,517560.371766976,CE_corregida_OLS,451.79146015136826,1535.284585442348,39.182707734947925,451.79146015136826,1535.284585442348
1274,587198.7285865108,517560.371766976,CE_corregida_OLS,447.20716219862464,1442.2519241957375,37.97699203722877,447.20716219862464,1442.2519241957375
1275,587199.0166432329,517560.371766976,CE_corregida_OLS,440.88490184134116,1600.1429385191807,40.001786691586425,440.88490184134116,1600.1429385191807
1276,587199.304699955,517560.371766976,CE_corregida_OLS,433.7285429227002,1847.0088672906797,42.97684105760543,433.7285429227002,1847.0088672906797
1277,587199.5927566772,517560.371766976,CE_corregida_OLS,426.64852623222555,2057.6752175335237,45.36160510314338,426.64852623222555,2057.6752175335237
1278,587199.8808133993,517560.371766976,CE_corregida_OLS,420.3902593359625,2198.6394149551584,46.889651469755655,420.3902593359625,2198.6394149551584
1279,587200.1688701215,517560.371766976,CE_corregida_OLS,415.7475801229599,2288.96766313899,47.843156910251956,415.7475801229599,2288.96766313899
1280,587200.4569268436,517560.371766976,CE_corregida_OLS,413.5899041451004,2374.6139154305083,48.730010418945206,413.5899041451004,2374.6139154305083
1281,587200.7449835659,517560.371766976,CE_corregida_OLS,414.5793281111384,2503.348563720717,50.0334744318313,414.5793281111384,2503.348563720717
1282,587201.033040288,517560.371766976,CE_corregida_OLS,418.7426201389904,2696.1626128644903,51.924585822753464,418.7426201389904,2696.1626128644903
1283,587201.3210970102,517560.371766976,CE_corregida_OLS,425.40561576580933,2939.089167180934,54.213367052609215,425.40561576580933,2939.089167180934
1284,587201.6091537323,517560.371766976,CE_corregida_OLS,433.5964978285093,3202.4733636143496,56.590399924495586,433.5964978285093,3202.4733636143496
1285,587201.8972104545,517560.371766976,CE_corregida_OLS,442.44002846061545,3461.4675380851845,58.83423780491411,442.44002846061545,3461.4675380851845
1286,587202.1852671766,517560.371766976,CE_corregida_OLS,451.29387225999534,3702.681443363235,60.84966263968302,451.29387225999534,3702.681443363235
1287,587202.4733238987,517560.371766976,CE_corregida_OLS,459.73007208107475,3922.077517657334,62.6264921391685,459.73007208107475,3922.077517657334
1288,587202.7613806209,517560.371766976,CE_corregida_OLS,467.4820042831693,4120.928103039275,64.19445539171802,467.4820042831693,4120.928103039275
1289,587203.049437343,517560.371766976,CE_corregida_OLS,474.3996664585208,4302.557303969456,65.59388160468518,474.3996664585208,4302.557303969456
1290,587203.3374940652,517560.371766976,CE_corregida_OLS,480.41739419691294,4470.360099657221,66.8607515636582,480.41739419691294,4470.360099657221
1291,587203.6255507873,517560.371766976,CE_corregida_OLS,485.52965088461815,4626.910135039874,68.02139468608296,485.52965088461815,4626.910135039874
1292,587203.9136075096,517560.371766976,CE_corregida_OLS,489.77172543221485,4773.804474783935,69.09272374703384,489.77172543221485,4773.804474783935
1293,587189.2227146797,517560.6598236982,CE_corregida_OLS,421.15693295570827,4072.162438903082,63.813497309762624,421.15693295570827,4072.162438903082
1294,587189.5107714018,517560.6598236982,CE_corregida_OLS,418.904982917852,3881.084193555118,62.29834824098563,418.904982917852,3881.084193555118
1295,587189.798828124,517560.6598236982,CE_corregida_OLS,417.18522455294,3675.0086180892768,60.62184934567137,417.18522455294,3675.0086180892768
1296,587190.0868848461,517560.6598236982,CE_corregida_OLS,416.0127705100498,3446.1153577969917,58.703623038079954,416.0127705100498,3446.1153577969917
1297,587190.3749415682,517560.6598236982,CE_corregida_OLS,415.34625104949646,3184.9402577503583,56.435274941745064,415.34625104949646,3184.9402577503583
1298,587190.6629982904,517560.6598236982,CE_corregida_OLS,415.08861024195693,2883.9165079106256,53.7021089707902,415.08861024195693,2883.9165079106256
1299,587190.9510550125,517560.6598236982,CE_corregida_OLS,415.0890134557327,2544.7044206510463,50.445063392278996,415.0890134557327,2544.7044206510463
1300,587191.2391117347,517560.6598236982,CE_corregida_OLS,415.13247335821325,2192.134656893234,46.82023768514246,415.13247335821325,2192.134656893234
1301,587191.5271684568,517560.6598236982,CE_corregida_OLS,414.91297562998625,1894.2047408173635,43.52246248567932,414.91297562998625,1894.2047408173635
1302,587191.815225179,517560.6598236982,CE_corregida_OLS,414.0716823217341,1752.3065386428325,41.860560658486555,414.0716823217341,1752.3065386428325
1303,587192.1032819011,517560.6598236982,CE_corregida_OLS,412.45963772547793,1796.3884348445238,42.38382279649305,412.45963772547793,1796.3884348445238
1304,587192.3913386234,517560.6598236982,CE_corregida_OLS,410.3013834903962,1929.7243418364096,43.92862781645256,410.3013834903962,1929.7243418364096
1305,587192.6793953455,517560.6598236982,CE_corregida_OLS,407.9585632497112,2046.5012272772126,45.23827170966208,407.9585632497112,2046.5012272772126
1306,587192.9674520676,517560.6598236982,CE_corregida_OLS,405.8037758557299,2102.447594679441,45.85245462000307,405.8037758557299,2102.447594679441
1307,587193.2555087898,517560.6598236982,CE_corregida_OLS,404.2909833528777,2107.7075257847537,45.90977592827865,404.2909833528777,2107.7075257847537
1308,587193.5435655119,517560.6598236982,CE_corregida_OLS,403.99964438035886,2109.872395511521,45.933347314467746,403.99964438035886,2109.872395511521
1309,587193.8316222341,517560.6598236982,CE_corregida_OLS,405.4689298328628,2167.1041258017603,46.5521656402982,405.4689298328628,2167.1041258017603
1310,587194.1196789562,517560.6598236982,CE_corregida_OLS,408.81855221874173,2304.6343923990585,48.006607799333814,408.81855221874173,2304.6343923990585
1311,587194.4077356784,517560.6598236982,CE_corregida_OLS,413.61250602115086,2497.0199567683326,49.970190681728766,413.61250602115086,2497.0199567683326
1312,587194.6957924005,517560.6598236982,CE_corregida_OLS,419.1850741847437,2699.0042278198785,51.95194152117781,419.1850741847437,2699.0042278198785
1313,587194.9838491228,517560.6598236982,CE_corregida_OLS,424.96137164576123,2876.897877511372,53.636721353111916,424.96137164576123,2876.897877511372
1314,587195.2719058449,517560.6598236982,CE_corregida_OLS,430.5349719618679,3015.028604374942,54.909276123210205,430.5349719618679,3015.028604374942
1315,587195.5599625671,517560.6598236982,CE_corregida_OLS,435.6314990517216,3110.155006568906,55.76876371741538,435.6314990517216,3110.155006568906
1316,587195.8480192892,517560.6598236982,CE_corregida_OLS,440.0652002783686,3164.9032753033725,56.25747306183751,440.0652002783686,3164.9032753033725
1317,587196.1360760113,517560.6598236982,CE_corregida_OLS,443.7133010897236,3183.002314839182,56.418102722789094,443.7133010897236,3183.002314839182
1318,587196.4241327335,517560.6598236982,CE_corregida_OLS,446.5041047805748,3166.3333636834946,56.27018183446269,446.5041047805748,3166.3333636834946
1319,587196.7121894556,517560.6598236982,CE_corregida_OLS,448.4106452805837,3113.558005058321,55.79926527346324,448.4106452805837,3113.558005058321
1320,587197.0002461778,517560.6598236982,CE_corregida_OLS,449.4428601698679,3020.2979433906853,54.957237406830096,449.4428601698679,3020.2979433906853
1321,587197.2883028999,517560.6598236982,CE_corregida_OLS,449.63313030708633,2881.048504780432,53.67539943754897,449.63313030708633,2881.048504780432
1322,587197.5763596221,517560.6598236982,CE_corregida_OLS,449.0117521626462,2693.272683720723,51.89675022311824,449.0117521626462,2693.272683720723
1323,587197.8644163442,517560.6598236982,CE_corregida_OLS,447.56971444634416,2464.54682420002,49.644202322124386,447.56971444634416,2464.54682420002
1324,587198.1524730665,517560.6598236982,CE_corregida_OLS,445.20948943732157,2223.2366345945225,47.15121031950847,445.20948943732157,2223.2366345945225
1325,587198.4405297886,517560.6598236982,CE_corregida_OLS,441.71418988876826,2026.1877433473417,45.01319521370752,441.71418988876826,2026.1877433473417
1326,587198.7285865108,517560.6598236982,CE_corregida_OLS,436.8511543212235,1936.3392147709342,44.00385454447069,436.8511543212235,1936.3392147709342
1327,587199.0166432329,517560.6598236982,CE_corregida_OLS,430.66177985909786,1959.2946731051275,44.263920670283234,430.66177985909786,1959.2946731051275
1328,587199.304699955,517560.6598236982,CE_corregida_OLS,423.5703664467018,2028.7763590445884,45.04194000089903,423.5703664467018,2028.7763590445884
1329,587199.5927566772,517560.6598236982,CE_corregida_OLS,416.1836484226381,2072.4908267399014,45.52461780992677,416.1836484226381,2072.4908267399014
1330,587199.8808133993,517560.6598236982,CE_corregida_OLS,409.22390475656016,2058.5653942981317,45.37141604907358,409.22390475656016,2058.5653942981317
1331,587200.1688701215,517560.6598236982,CE_corregida_OLS,403.70108914828313,2004.6628928978657,44.77346192665769,403.70108914828313,2004.6628928978657
1332,587200.4569268436,517560.6598236982,CE_corregida_OLS,401.0596095371833,1976.1493629679858,44.45390154944767,401.0596095371833,1976.1493629679858
1333,587200.7449835659,517560.6598236982,CE_corregida_OLS,402.7161977934062,2055.5120938974737,45.33775572188674,402.7161977934062,2055.5120938974737
1334,587201.033040288,517560.6598236982,CE_corregida_OLS,408.82784584537467,2269.296590115172,47.637134570785975,408.82784584537467,2269.296590115172
1335,587201.3210970102,517560.6598236982,CE_corregida_OLS,418.05021123609026,2567.175171442535,50.66729883704612,418.05021123609026,2567.175171442535
1336,587201.6091537323,517560.6598236982,CE_corregida_OLS,428.75127179609336,2884.676185640876,53.70918157671811,428.75127179609336,2884.676185640876
1337,587201.8972104545,517560.6598236982,CE_corregida_OLS,439.76571578372034,3183.666517039196,56.4239888437462,439.76571578372034,3183.666517039196
1338,587202.1852671766,517560.6598236982,CE_corregida_OLS,450.3909725613104,3450.8248687914347,58.74372195214936,450.3909725613104,3450.8248687914347
1339,587202.4733238987,517560.6598236982,CE_corregida_OLS,460.22006568405334,3686.5488219516915,60.716956626231614,460.22006568405334,3686.5488219516915
1340,587202.7613806209,517560.6598236982,CE_corregida_OLS,469.02734027359804,3896.7468312404208,62.42392835476169,469.02734027359804,3896.7468312404208
1341,587203.049437343,517560.6598236982,CE_corregida_OLS,476.70750217240044,4088.1273875522584,63.9384656333905,476.70750217240044,4088.1273875522584
1342,587203.3374940652,517560.6598236982,CE_corregida_OLS,483.2405119940824,4265.9414563114915,65.31417500291565,483.2405119940824,4265.9414563114915
1343,587203.6255507873,517560.6598236982,CE_corregida_OLS,488.66596630566335,4433.357735711143,66.58346443157747,488.66596630566335,4433.357735711143
1344,587203.9136075096,517560.6598236982,CE_corregida_OLS,493.0614506932597,4591.791855776751,67.76276157135828,493.0614506932597,4591.791855776751
1345,587204.2016642317,517560.6598236982,CE_corregida_OLS,496.5247815167598,4741.600448251119,68.8592800445308,496.5247815167598,4741.600448251119
1346,587204.4897209539,517560.6598236982,CE_corregida_OLS,499.16111755134517,4882.729461699856,69.8765301206339,499.16111755134517,4882.729461699856
1347,587189.5107714018,517560.94788042037,CE_corregida_OLS,421.6930457358741,4108.692598172738,64.0990842225748,421.6930457358741,4108.692598172738
1348,587189.798828124,517560.94788042037,CE_corregida_OLS,419.85130675406356,3910.6704109114585,62.53535328845163,419.85130675406356,3910.6704109114585
1349,587190.0868848461,517560.94788042037,CE_corregida_OLS,418.39415773234975,3692.292265709818,60.7642350870133,418.39415773234975,3692.292265709818
1350,587190.3749415682,517560.94788042037,CE_corregida_OLS,417.27577841188304,3449.2112549742424,58.72998599501146,417.27577841188304,3449.2112549742424
1351,587190.6629982904,517560.94788042037,CE_corregida_OLS,416.4040791311229,3180.7179039151497,56.397853717275,416.4040791311229,3180.7179039151497
1352,587190.9510550125,517560.94788042037,CE_corregida_OLS,415.6396860580263,2894.8893954373398,53.80417637542033,415.6396860580263,2894.8893954373398
1353,587191.2391117347,517560.94788042037,CE_corregida_OLS,414.79471533082335,2614.9296973392907,51.13638330327332,414.79471533082335,2614.9296973392907
1354,587191.5271684568,517560.94788042037,CE_corregida_OLS,413.64187460869806,2380.8423622862047,48.79387627854754,413.64187460869806,2380.8423622862047
1355,587191.815225179,517560.94788042037,CE_corregida_OLS,411.9668511708819,2232.1105713195698,47.245217443880705,411.9668511708819,2232.1105713195698
1356,587192.1032819011,517560.94788042037,CE_corregida_OLS,409.6710891995261,2170.4027368447037,46.58758135860568,409.6710891995261,2170.4027368447037
1357,587192.3913386234,517560.94788042037,CE_corregida_OLS,406.8254672809914,2147.6437514401737,46.3426774306381,406.8254672809914,2147.6437514401737
1358,587192.6793953455,517560.94788042037,CE_corregida_OLS,403.62283864261985,2102.607953738703,45.85420322869762,403.62283864261985,2102.607953738703
1359,587192.9674520676,517560.94788042037,CE_corregida_OLS,400.3555046844187,1999.5242646800475,44.716040351087074,400.3555046844187,1999.5242646800475
1360,587193.2555087898,517560.94788042037,CE_corregida_OLS,397.51551478807346,1847.617948295226,42.983926627231554,397.51551478807346,1847.617948295226
1361,587193.5435655119,517560.94788042037,CE_corregida_OLS,395.9854033163351,1716.3655149938884,41.429041927057504,395.9854033163351,1716.3655149938884
1362,587193.8316222341,517560.94788042037,CE_corregida_OLS,396.92031713183235,1720.168954300789,41.47491958160725,396.92031713183235,1720.168954300789
1363,587194.1196789562,517560.94788042037,CE_corregida_OLS,400.6726099631973,1904.7923310591007,43.64392662283151,400.6726099631973,1904.7923310591007
1364,587194.4077356784,517560.94788042037,CE_corregida_OLS,406.26696610416434,2188.1061829927135,46.77719725456746,406.26696610416434,2188.1061829927135
1365,587194.6957924005,517560.94788042037,CE_corregida_OLS,412.5370816070072,2474.1438621913594,49.74076660236912,412.5370816070072,2474.1438621913594
1366,587194.9838491228,517560.94788042037,CE_corregida_OLS,418.753728438917,2715.587582546691,52.11129995065073,418.753728438917,2715.587582546691
1367,587195.2719058449,517560.94788042037,CE_corregida_OLS,424.5192540413056,2900.1099581984668,53.852668997910094,424.5192540413056,2900.1099581984668
1368,587195.5599625671,517560.94788042037,CE_corregida_OLS,429.60790057962686,3031.101090458094,55.055436520457214,429.60790057962686,3031.101090458094
1369,587195.8480192892,517560.94788042037,CE_corregida_OLS,433.8862174063506,3116.7183471636095,55.827576941540364,433.8862174063506,3116.7183471636095
1370,587196.1360760113,517560.94788042037,CE_corregida_OLS,437.2806004556269,3164.2850750501298,56.25197841009798,437.2806004556269,3164.2850750501298
1371,587196.4241327335,517560.94788042037,CE_corregida_OLS,439.76293187896607,3177.7736335226887,56.37174499270613,439.76293187896607,3177.7736335226887
1372,587196.7121894556,517560.94788042037,CE_corregida_OLS,441.33998369894033,3157.4261030556577,56.19097884051903,441.33998369894033,3157.4261030556577
1373,587197.0002461778,517560.94788042037,CE_corregida_OLS,442.04059120519054,3100.993290783861,55.68656292844676,442.04059120519054,3100.993290783861
1374,587197.2883028999,517560.94788042037,CE_corregida_OLS,441.8985810194055,3006.231128277794,54.82910840309,441.8985810194055,3006.231128277794
1375,587197.5763596221,517560.94788042037,CE_corregida_OLS,440.931215242462,2874.4645018038123,53.6140326948441,440.931215242462,2874.4645018038123
1376,587197.8644163442,517560.94788042037,CE_corregida_OLS,439.11491352637034,2714.9252949984557,52.10494501482998,439.11491352637034,2714.9252949984557
1377,587198.1524730665,517560.94788042037,CE_corregida_OLS,436.3663592732545,2548.2620249649653,50.480313241549574,436.3663592732545,2548.2620249649653
1378,587198.4405297886,517560.94788042037,CE_corregida_OLS,432.55227405271967,2404.0671343462345,49.03128730052103,432.55227405271967,2404.0671343462345
1379,587198.7285865108,517560.94788042037,CE_corregida_OLS,427.55976451933344,2305.371256760803,48.01428179990619,427.55976451933344,2305.371256760803
1380,587199.0166432329,517560.94788042037,CE_corregida_OLS,421.4054022575523,2246.3675332190105,47.3958598742444,421.4054022575523,2246.3675332190105
1381,587199.304699955,517560.94788042037,CE_corregida_OLS,414.2803654197116,2189.3349655475504,46.79032982943752,414.2803654197116,2189.3349655475504
1382,587199.5927566772,517560.94788042037,CE_corregida_OLS,406.51593244325414,2087.762021638933,45.69203455350761,406.51593244325414,2087.762021638933
1383,587199.8808133993,517560.94788042037,CE_corregida_OLS,398.6178568493085,1913.0439283471308,43.738357632027416,398.6178568493085,1913.0439283471308
1384,587200.1688701215,517560.94788042037,CE_corregida_OLS,391.555078985533,1678.7388186537253,40.97241533829468,391.555078985533,1678.7388186537253
1385,587200.4569268436,517560.94788042037,CE_corregida_OLS,387.4670751520931,1480.341789233858,38.47521006094519,387.4670751520931,1480.341789233858
1386,587200.7449835659,517560.94788042037,CE_corregida_OLS,389.6916267218151,1500.245466882499,38.733002296265376,389.6916267218151,1500.245466882499
1387,587201.033040288,517560.94788042037,CE_corregida_OLS,398.816280052738,1788.1182133764626,42.28614682583958,398.816280052738,1788.1182133764626
1388,587201.3210970102,517560.94788042037,CE_corregida_OLS,411.56099321578563,2186.8728326203664,46.76401215272666,411.56099321578563,2186.8728326203664
1389,587201.6091537323,517560.94788042037,CE_corregida_OLS,425.2384603149783,2575.5210291910284,50.74959141895655,425.2384603149783,2575.5210291910284
1390,587201.8972104545,517560.94788042037,CE_corregida_OLS,438.57759221515835,2914.005792381752,53.981531956603014,438.57759221515835,2914.005792381752
1391,587202.1852671766,517560.94788042037,CE_corregida_OLS,450.982791537511,3199.827735998789,56.567019861389106,450.982791537511,3199.827735998789
1392,587202.4733238987,517560.94788042037,CE_corregida_OLS,462.1464277156318,3443.649596740489,58.682617500759875,462.1464277156318,3443.649596740489
1393,587202.7613806209,517560.94788042037,CE_corregida_OLS,471.9139591048151,3658.739524634391,60.48751544438233,471.9139591048151,3658.739524634391
1394,587203.049437343,517560.94788042037,CE_corregida_OLS,480.23786433044125,3856.1112439589374,62.097594510246026,480.23786433044125,3856.1112439589374
1395,587203.3374940652,517560.94788042037,CE_corregida_OLS,487.1535827043106,4042.686656572443,63.582125291409085,487.1535827043106,4042.686656572443
1396,587203.6255507873,517560.94788042037,CE_corregida_OLS,492.7556645687525,4221.476196615605,64.97288816587735,492.7556645687525,4221.476196615605
1397,587203.9136075096,517560.94788042037,CE_corregida_OLS,497.1724897471232,4392.855970768242,66.27862378450719,497.1724897471232,4392.855970768242
1398,587204.2016642317,517560.94788042037,CE_corregida_OLS,500.54457920757636,4556.027930361703,67.49835501967216,500.54457920757636,4556.027930361703
1399,587204.4897209539,517560.94788042037,CE_corregida_OLS,503.01017666603246,4710.083355792243,68.6300470332947,503.01017666603246,4710.083355792243
1400,587204.777777676,517560.94788042037,CE_corregida_OLS,504.69815598723505,4854.521926020529,69.67439935887879,504.69815598723505,4854.521926020529
1401,587189.798828124,517561.2359371425,CE_corregida_OLS,422.25166403685165,4135.534885408808,64.30812456765325,422.25166403685165,4135.534885408808
1402,587190.0868848461,517561.2359371425,CE_corregida_OLS,420.5393057000557,3932.7362241785977,62.71153182771569,420.5393057000557,3932.7362241785977
1403,587190.3749415682,517561.2359371425,CE_corregida_OLS,419.0335216141289,3711.900897259579,60.925371539774616,419.0335216141289,3711.900897259579
1404,587190.6629982904,517561.2359371425,CE_corregida_OLS,417.64872783569547,3475.206064738372,58.95087840514653,417.64872783569547,3475.206064738372
1405,587190.9510550125,517561.2359371425,CE_corregida_OLS,416.262744828215,3230.790582582267,56.84004382987637,416.262744828215,3230.790582582267
1406,587191.2391117347,517561.2359371425,CE_corregida_OLS,414.7215069952466,2994.1937645317685,54.719226644130934,414.7215069952466,2994.1937645317685
1407,587191.5271684568,517561.2359371425,CE_corregida_OLS,412.8545280347079,2785.201593885227,52.775009179395006,412.8545280347079,2785.201593885227
1408,587191.815225179,517561.2359371425,CE_corregida_OLS,410.50875857383596,2616.7288550024246,51.15397203543851,410.50875857383596,2616.7288550024246
1409,587192.1032819011,517561.2359371425,CE_corregida_OLS,407.5918320308206,2480.4165897492376,49.803780878054205,407.5918320308206,2480.4165897492376
1410,587192.3913386234,517561.2359371425,CE_corregida_OLS,404.09305924370017,2343.559178131869,48.410320987697126,404.09305924370017,2343.559178131869
1411,587192.6793953455,517561.2359371425,CE_corregida_OLS,400.07299130197237,2162.9219422039073,46.507224623749664,400.07299130197237,2162.9219422039073
1412,587192.9674520676,517561.2359371425,CE_corregida_OLS,395.6684515384767,1904.0971391794228,43.635961536093404,395.6684515384767,1904.0971391794228
1413,587193.2555087898,517561.2359371425,CE_corregida_OLS,391.2086755242572,1562.7986438888167,39.53224815120962,391.2086755242572,1562.7986438888167
1414,587193.5435655119,517561.2359371425,CE_corregida_OLS,387.70289115404415,1217.4401967148422,34.89183567419235,387.70289115404415,1217.4401967148422
1415,587193.8316222341,517561.2359371425,CE_corregida_OLS,387.7831527615334,1130.615383706168,33.62462466268089,387.7831527615334,1130.615383706168
1416,587194.1196789562,517561.2359371425,CE_corregida_OLS,392.7281877579647,1440.7974309762453,37.957837543467164,392.7281877579647,1440.7974309762453
1417,587194.4077356784,517561.2359371425,CE_corregida_OLS,399.7237461333607,1871.1224871200322,43.25647335509487,399.7237461333607,1871.1224871200322
1418,587194.6957924005,517561.2359371425,CE_corregida_OLS,406.88186577902,2252.010467903139,47.45535236307006,406.88186577902,2252.010467903139
1419,587194.9838491228,517561.2359371425,CE_corregida_OLS,413.551012787398,2547.97360621227,50.477456415832506,413.551012787398,2547.97360621227
1420,587195.2719058449,517561.2359371425,CE_corregida_OLS,419.46770087105864,2764.747407313851,52.58086541046896,419.46770087105864,2764.747407313851
1421,587195.5599625671,517561.2359371425,CE_corregida_OLS,424.495621136668,2918.632781942563,54.024372110581375,424.495621136668,2918.632781942563
1422,587195.8480192892,517561.2359371425,CE_corregida_OLS,428.56126357029774,3026.0179661340744,55.00925345915971,428.56126357029774,3026.0179661340744
1423,587196.1360760113,517561.2359371425,CE_corregida_OLS,431.6391348600539,3098.7387444659985,55.6663160669538,431.6391348600539,3098.7387444659985
1424,587196.4241327335,517561.2359371425,CE_corregida_OLS,433.7449561758626,3142.528142976609,56.05825668870384,433.7449561758626,3142.528142976609
1425,587196.7121894556,517561.2359371425,CE_corregida_OLS,434.92429556660477,3157.919557113637,56.19536953445218,434.92429556660477,3157.919557113637
1426,587197.0002461778,517561.2359371425,CE_corregida_OLS,435.23562396691375,3142.7463831379782,56.060203202788855,435.23562396691375,3142.7463831379782
1427,587197.2883028999,517561.2359371425,CE_corregida_OLS,434.73094824533223,3095.2016106636056,55.634536132366605,434.73094824533223,3095.2016106636056
1428,587197.5763596221,517561.2359371425,CE_corregida_OLS,433.43722552579237,3016.7048250851303,54.92453755003432,433.43722552579237,3016.7048250851303
1429,587197.8644163442,517561.2359371425,CE_corregida_OLS,431.34177564709114,2913.959448355959,53.98110269673971,431.34177564709114,2913.959448355959
1430,587198.1524730665,517561.2359371425,CE_corregida_OLS,428.387579402293,2799.009395553721,52.9056650610662,428.387579402293,2799.009395553721
1431,587198.4405297886,517561.2359371425,CE_corregida_OLS,424.4879151012853,2685.2645684192416,51.81953848134159,424.4879151012853,2685.2645684192416
1432,587198.7285865108,517561.2359371425,CE_corregida_OLS,419.56471651222927,2578.69441972577,50.780846977239065,419.56471651222927,2578.69441972577
1433,587199.0166432329,517561.2359371425,CE_corregida_OLS,413.5927265314728,2468.733512512337,49.686351370495466,413.5927265314728,2468.733512512337
1434,587199.304699955,517561.2359371425,CE_corregida_OLS,406.6157230827233,2327.1813327235727,48.24086786868135,406.6157230827233,2327.1813327235727
1435,587199.5927566772,517561.2359371425,CE_corregida_OLS,398.7319027002324,2116.8772399804475,46.00953422911872,398.7319027002324,2116.8772399804475
1436,587199.8808133993,517561.2359371425,CE_corregida_OLS,390.1022320923086,1803.8892663386052,42.47221758206893,390.1022320923086,1803.8892663386052
1437,587200.1688701215,517561.2359371425,CE_corregida_OLS,381.1253898844062,1373.6354860421736,37.0625887660613,381.1253898844062,1373.6354860421736
1438,587200.4569268436,517561.2359371425,CE_corregida_OLS,373.5812212638916,896.6506652964609,29.944125722693272,373.5812212638916,896.6506652964609
1439,587200.7449835659,517561.2359371425,CE_corregida_OLS,375.76866679292,824.1067661298539,28.707259815765312,375.76866679292,824.1067661298539
1440,587201.033040288,517561.2359371425,CE_corregida_OLS,390.38485844878653,1323.091132135472,36.37431967934894,390.38485844878653,1323.091132135472
1441,587201.3210970102,517561.2359371425,CE_corregida_OLS,407.4968167628814,1864.7035437430488,43.182213279810576,407.4968167628814,1864.7035437430488
1442,587201.6091537323,517561.2359371425,CE_corregida_OLS,424.12867909432543,2315.3880721466485,48.118479528624434,424.12867909432543,2315.3880721466485
1443,587201.8972104545,517561.2359371425,CE_corregida_OLS,439.58183085051047,2672.599996459519,51.69719524751337,439.58183085051047,2672.599996459519
1444,587202.1852671766,517561.2359371425,CE_corregida_OLS,453.5523707033604,2956.985992394712,54.37817569939904,453.5523707033604,2956.985992394712
1445,587202.4733238987,517561.2359371425,CE_corregida_OLS,465.85587470510126,3193.216924585127,56.50855620687125,465.85587470510126,3193.216924585127
1446,587202.7613806209,517561.2359371425,CE_corregida_OLS,476.3959922076446,3403.0955708466176,58.336057210327624,476.3959922076446,3403.0955708466176
1447,587203.049437343,517561.2359371425,CE_corregida_OLS,485.1727783985774,3601.729245788704,60.01440865149555,485.1727783985774,3601.729245788704
1448,587203.3374940652,517561.2359371425,CE_corregida_OLS,492.2788309579339,3796.438106743,61.615242487090804,492.2788309579339,3796.438106743
1449,587203.6255507873,517561.2359371425,CE_corregida_OLS,497.8728573105088,3988.3284583479576,63.153214156905406,497.8728573105088,3988.3284583479576
1450,587203.9136075096,517561.2359371425,CE_corregida_OLS,502.1431693911394,4175.1958189506495,64.61575519136683,502.1431693911394,4175.1958189506495
1451,587204.2016642317,517561.2359371425,CE_corregida_OLS,505.27764316420274,4354.123242993507,65.98578061214027,505.27764316420274,4354.123242993507
1452,587204.4897209539,517561.2359371425,CE_corregida_OLS,507.44751370528473,4522.9579300484065,67.25293993609802,507.44751370528473,4522.9579300484065
1453,587204.777777676,517561.2359371425,CE_corregida_OLS,508.80306830523745,4680.735055432934,68.41589768053134,508.80306830523745,4680.735055432934
1454,587205.0658343981,517561.2359371425,CE_corregida_OLS,509.47584357819176,4827.48845878047,69.48012995656002,509.47584357819176,4827.48845878047
1455,587190.3749415682,517561.52399386466,CE_corregida_OLS,420.71655292692446,3963.1237079393013,62.953345486473566,420.71655292692446,3963.1237079393013
1456,587190.6629982904,517561.52399386466,CE_corregida_OLS,418.92641284862174,3752.916578580354,61.261052705453515,418.92641284862174,3752.916578580354
1457,587190.9510550125,517561.52399386466,CE_corregida_OLS,417.06310557656025,3537.6093190673046,59.47780526437828,417.06310557656025,3537.6093190673046
1458,587191.2391117347,517561.52399386466,CE_corregida_OLS,415.00272873948114,3325.6701208662707,57.66862336545126,415.00272873948114,3325.6701208662707
1459,587191.5271684568,517561.52399386466,CE_corregida_OLS,412.6134427069861,3124.9614414987195,55.901354558711006,412.6134427069861,3124.9614414987195
1460,587191.815225179,517561.52399386466,CE_corregida_OLS,409.7748391088968,2936.4628893674667,54.1891399578132,409.7748391088968,2936.4628893674667
1461,587192.1032819011,517561.52399386466,CE_corregida_OLS,406.39709237117006,2748.0370656087107,52.4217232224267,406.39709237117006,2748.0370656087107
1462,587192.3913386234,517561.52399386466,CE_corregida_OLS,402.4279411266958,2533.266236742452,50.33156302701568,402.4279411266958,2533.266236742452
1463,587192.6793953455,517561.52399386466,CE_corregida_OLS,397.84359083030967,2256.698902446055,47.5047250538939,397.84359083030967,2256.698902446055
1464,587192.9674520676,517561.52399386466,CE_corregida_OLS,392.634831104222,1881.3729317129244,43.37479604232075,392.634831104222,1881.3729317129244
1465,587193.2555087898,517561.52399386466,CE_corregida_OLS,386.8118087188126,1375.295035173311,37.08497047556207,386.8118087188126,1375.295035173311
1466,587193.5435655119,517561.52399386466,CE_corregida_OLS,380.554251049419,729.1352063007139,27.002503704299606,380.554251049419,729.1352063007139
1467,587193.8316222341,517561.52399386466,CE_corregida_OLS,378.35088150397894,398.43379636418484,19.96080650585504,378.35088150397894,398.43379636418484
1468,587194.1196789562,517561.52399386466,CE_corregida_OLS,386.61646106938775,1059.779930048035,32.55426131934244,386.61646106938775,1059.779930048035
1469,587194.4077356784,517561.52399386466,CE_corregida_OLS,395.1382088149441,1646.0319990767784,40.57131990799385,395.1382088149441,1646.0319990767784
1470,587194.6957924005,517561.52399386466,CE_corregida_OLS,402.9022749785739,2084.396992777764,45.655196777341395,402.9022749785739,2084.396992777764
1471,587194.9838491228,517561.52399386466,CE_corregida_OLS,409.769037959886,2398.1782010959273,48.97119766858809,409.769037959886,2398.1782010959273
1472,587195.2719058449,517561.52399386466,CE_corregida_OLS,415.6528149495657,2617.8704988901013,51.16512971634198,415.6528149495657,2617.8704988901013
1473,587195.5599625671,517561.52399386466,CE_corregida_OLS,420.484605365511,2773.425576985022,52.66332288210669,420.484605365511,2773.425576985022
1474,587195.8480192892,517561.52399386466,CE_corregida_OLS,424.225239593016,2889.5580621014974,53.75460968234722,424.225239593016,2889.5580621014974
1475,587196.1360760113,517561.52399386466,CE_corregida_OLS,426.8823206443375,2981.9107392683118,54.60687446895594,426.8823206443375,2981.9107392683118
1476,587196.4241327335,517561.52399386466,CE_corregida_OLS,428.5133538064932,3056.0575987831403,55.28162080459599,428.5133538064932,3056.0575987831403
1477,587196.7121894556,517561.52399386466,CE_corregida_OLS,429.2103080735165,3110.1001103709145,55.76827153831213,429.2103080735165,3110.1001103709145
1478,587197.0002461778,517561.52399386466,CE_corregida_OLS,429.0739204570626,3139.144980173081,56.02807314349728,429.0739204570626,3139.144980173081
1479,587197.2883028999,517561.52399386466,CE_corregida_OLS,428.1891432842032,3139.314753269213,56.02958819471381,428.1891432842032,3139.314753269213
1480,587197.5763596221,517561.52399386466,CE_corregida_OLS,426.6077758218323,3110.1064313987463,55.7683282105421,426.6077758218323,3110.1064313987463
1481,587197.8644163442,517561.52399386466,CE_corregida_OLS,424.3398224371852,3054.9242198233756,55.27136889767952,424.3398224371852,3054.9242198233756
1482,587198.1524730665,517561.52399386466,CE_corregida_OLS,421.3548164750294,2979.6848416688363,54.586489552533386,421.3548164750294,2979.6848416688363
1483,587198.4405297886,517561.52399386466,CE_corregida_OLS,417.5947521694151,2889.2702874416873,53.75193287168088,417.5947521694151,2889.2702874416873
1484,587198.7285865108,517561.52399386466,CE_corregida_OLS,412.9964461481994,2782.4194283317343,52.74864385301042,412.9964461481994,2782.4194283317343
1485,587199.0166432329,517561.52399386466,CE_corregida_OLS,407.51299388721156,2647.416962931731,51.4530559144132,407.51299388721156,2647.416962931731
1486,587199.304699955,517561.52399386466,CE_corregida_OLS,401.1207807963673,2461.4461350040388,49.61296337656156,401.1207807963673,2461.4461350040388
1487,587199.5927566772,517561.52399386466,CE_corregida_OLS,393.808497557909,2193.9413386273154,46.83952752352777,393.808497557909,2193.9413386273154
1488,587199.8808133993,517561.52399386466,CE_corregida_OLS,385.55842975859844,1811.2677606519803,42.55899153706512,385.55842975859844,1811.2677606519803
1489,587200.1688701215,517561.52399386466,CE_corregida_OLS,376.3353211098762,1280.1600598880398,35.779324475009865,376.3353211098762,1280.1600598880398
1490,587200.4569268436,517561.52399386466,CE_corregida_OLS,366.13917741013205,572.098182636742,23.918574009266145,366.13917741013205,572.098182636742
1491,587200.7449835659,517561.52399386466,CE_corregida_OLS,367.28124068015825,355.8239238201782,18.863295677589804,367.28124068015825,355.8239238201782
1492,587201.033040288,517561.52399386466,CE_corregida_OLS,388.22099366080016,1114.4749674933435,33.383753046854146,388.22099366080016,1114.4749674933435
1493,587201.3210970102,517561.52399386466,CE_corregida_OLS,408.05493412582837,1704.2098007778181,41.282076023109816,408.05493412582837,1704.2098007778181
1494,587201.6091537323,517561.52399386466,CE_corregida_OLS,426.4930784008631,2146.28325589971,46.32799645894165,426.4930784008631,2146.28325589971
1495,587201.8972104545,517561.52399386466,CE_corregida_OLS,443.3653644013986,2473.9505765959225,49.738823635022996,443.3653644013986,2473.9505765959225
1496,587202.1852671766,517561.52399386466,CE_corregida_OLS,458.4704004902295,2723.1137715925015,52.18346262555314,458.4704004902295,2723.1137715925015
1497,587202.4733238987,517561.52399386466,CE_corregida_OLS,471.61133625696704,2929.1212723589497,54.121356896875284,471.61133625696704,2929.1212723589497
1498,587202.7613806209,517561.52399386466,CE_corregida_OLS,482.6643667807388,3121.2324098699182,55.86799092387266,482.6643667807388,3121.2324098699182
1499,587203.049437343,517561.52399386466,CE_corregida_OLS,491.6386518789811,3317.1545049628216,57.59474372686124,491.6386518789811,3317.1545049628216
1500,587203.3374940652,517561.52399386466,CE_corregida_OLS,498.6833007380238,3521.763228886638,59.344445644783285,498.6833007380238,3521.763228886638
1501,587203.6255507873,517561.52399386466,CE_corregida_OLS,504.03711630331316,3730.9987086628576,61.08190164576458,504.03711630331316,3730.9987086628576
1502,587203.9136075096,517561.52399386466,CE_corregida_OLS,507.961497908805,3937.664342333037,62.75081148744641,507.961497908805,3937.664342333037
1503,587204.2016642317,517561.52399386466,CE_corregida_OLS,510.6948640046064,4135.59578679913,64.308598078321765,510.6948640046064,4135.59578679913
1504,587204.4897209539,517561.52399386466,CE_corregida_OLS,512.4368518644432,4321.239715873434,65.73613706229956,512.4368518644432,4321.239715873434
1505,587204.777777676,517561.52399386466,CE_corregida_OLS,513.3515367208134,4493.480400532647,67.03342748608821,513.3515367208134,4493.480400532647
1506,587205.0658343981,517561.52399386466,CE_corregida_OLS,513.577327303249,4652.7893718030555,68.2113580850217,513.577327303249,4652.7893718030555
1507,587205.3538911203,517561.52399386466,CE_corregida_OLS,513.2362059466392,4800.366049695693,69.28467398852139,513.2362059466392,4800.366049695693
1508,587190.6629982904,517561.8120505868,CE_corregida_OLS,420.3062785458226,4008.314443386345,63.31125052774068,420.3062785458226,4008.314443386345
1509,587190.9510550125,517561.8120505868,CE_corregida_OLS,418.0995729082011,3813.340131539214,61.75224798773899,418.0995729082011,3813.340131539214
1510,587191.2391117347,517561.8120505868,CE_corregida_OLS,415.6793100356756,3616.2610091848837,60.13535573341929,415.6793100356756,3616.2610091848837
1511,587191.5271684568,517561.8120505868,CE_corregida_OLS,412.94392595063584,3418.565263159949,58.46849804091045,412.94392595063584,3418.565263159949
1512,587191.815225179,517561.8120505868,CE_corregida_OLS,409.79991495968716,3216.2397305901777,56.711901137152665,409.79991495968716,3216.2397305901777
1513,587192.1032819011,517561.8120505868,CE_corregida_OLS,406.1724291755269,2996.9349794348277,54.744268918625885,406.1724291755269,2996.9349794348277
1514,587192.3913386234,517561.8120505868,CE_corregida_OLS,402.0103237053206,2739.682876841824,52.34198006229631,402.0103237053206,2739.682876841824
1515,587192.6793953455,517561.8120505868,CE_corregida_OLS,397.2856524845002,2417.704264364308,49.17015623693205,397.2856524845002,2417.704264364308
1516,587192.9674520676,517561.8120505868,CE_corregida_OLS,391.9969908812941,2003.3103395904661,44.758354969664225,391.9969908812941,2003.3103395904661
1517,587193.2555087898,517561.8120505868,CE_corregida_OLS,386.2123922461013,1476.2060994805927,38.4214276085701,386.2123922461013,1476.2060994805927
1518,587193.5435655119,517561.8120505868,CE_corregida_OLS,380.41114179242993,861.924342153698,29.35854802529747,380.41114179242993,861.924342153698
1519,587193.8316222341,517561.8120505868,CE_corregida_OLS,378.8679676495055,595.1872257476206,24.396459287110098,378.8679676495055,595.1872257476206
1520,587194.1196789562,517561.8120505868,CE_corregida_OLS,385.7090356261814,1101.9953759471082,33.196315698389,385.7090356261814,1101.9953759471082
1521,587194.4077356784,517561.8120505868,CE_corregida_OLS,393.680398533972,1621.717023159545,40.270547837837334,393.680398533972,1621.717023159545
1522,587194.6957924005,517561.8120505868,CE_corregida_OLS,401.0999293336008,2010.2926830937913,44.83628757037977,401.0999293336008,2010.2926830937913
1523,587194.9838491228,517561.8120505868,CE_corregida_OLS,407.6705304180156,2278.7098881044876,47.73583442346523,407.6705304180156,2278.7098881044876
1524,587195.2719058449,517561.8120505868,CE_corregida_OLS,413.24109923993075,2459.223567127248,49.59055925402786,413.24109923993075,2459.223567127248
1525,587195.5599625671,517561.8120505868,CE_corregida_OLS,417.6952358464081,2588.486069768182,50.87716648721882,417.6952358464081,2588.486069768182
1526,587195.8480192892,517561.8120505868,CE_corregida_OLS,420.9648496926161,2697.970924207475,51.941995766503574,420.9648496926161,2697.970924207475
1527,587196.1360760113,517561.8120505868,CE_corregida_OLS,423.0627172858164,2805.432103980322,52.96632990854022,423.0627172858164,2805.432103980322
1528,587196.4241327335,517561.8120505868,CE_corregida_OLS,424.08823740541646,2912.46848934941,53.967290920977405,424.08823740541646,2912.46848934941
1529,587196.7121894556,517561.8120505868,CE_corregida_OLS,424.194191487545,3010.0941210090386,54.86432466556969,424.194191487545,3010.0941210090386
1530,587197.0002461778,517561.8120505868,CE_corregida_OLS,423.53951227833943,3087.0973463505075,55.56165356026139,423.53951227833943,3087.0973463505075
1531,587197.2883028999,517561.8120505868,CE_corregida_OLS,422.2545314841072,3135.6165910465625,55.99657660113306,422.2545314841072,3135.6165910465625
1532,587197.5763596221,517561.8120505868,CE_corregida_OLS,420.4245449836824,3152.769718124556,56.14952999023728,420.4245449836824,3152.769718124556
1533,587197.8644163442,517561.8120505868,CE_corregida_OLS,418.08654843700083,3139.668640937028,56.03274614845348,418.08654843700083,3139.668640937028
1534,587198.1524730665,517561.8120505868,CE_corregida_OLS,415.2349629078761,3099.0467684125065,55.66908269778214,415.2349629078761,3099.0467684125065
1535,587198.4405297886,517561.8120505868,CE_corregida_OLS,411.83481503872713,3032.146714483546,55.06493180313171,411.83481503872713,3032.146714483546
1536,587198.7285865108,517561.8120505868,CE_corregida_OLS,407.8402913970432,2935.5596379021044,54.180805068788935,407.8402913970432,2935.5596379021044
1537,587199.0166432329,517561.8120505868,CE_corregida_OLS,403.21441096054343,2799.1685268818314,52.907168955462275,403.21441096054343,2799.1685268818314
1538,587199.304699955,517561.8120505868,CE_corregida_OLS,397.94692135240194,2606.3770211554483,51.05268867704666,397.94692135240194,2606.3770211554483
1539,587199.5927566772,517561.8120505868,CE_corregida_OLS,392.07785531587353,2337.1481645164877,48.344060281657015,392.07785531587353,2337.1481645164877
1540,587199.8808133993,517561.8120505868,CE_corregida_OLS,385.7636197817564,1974.620965827266,44.43670741433557,385.7636197817564,1974.620965827266
1541,587200.1688701215,517561.8120505868,CE_corregida_OLS,379.53678911938215,1522.2632220297448,39.016191793020305,379.53678911938215,1522.2632220297448
1542,587200.4569268436,517561.8120505868,CE_corregida_OLS,375.4980460446153,1072.55687366867,32.749914101699105,375.4980460446153,1072.55687366867
1543,587200.7449835659,517561.8120505868,CE_corregida_OLS,380.2687234271922,976.405028074584,31.247480347614975,380.2687234271922,976.405028074584
1544,587201.033040288,517561.8120505868,CE_corregida_OLS,395.6123911673051,1330.6509241550352,36.4780882744016,395.6123911673051,1330.6509241550352
1545,587201.3210970102,517561.8120505868,CE_corregida_OLS,414.159297181519,1745.4494674964785,41.77857665713947,414.159297181519,1745.4494674964785
1546,587201.6091537323,517561.8120505868,CE_corregida_OLS,432.6603261474105,2076.3137247230043,45.56658561624959,432.6603261474105,2076.3137247230043
1547,587201.8972104545,517561.8120505868,CE_corregida_OLS,450.0813361708356,2314.140578033679,48.105515048003376,450.0813361708356,2314.140578033679
1548,587202.1852671766,517561.8120505868,CE_corregida_OLS,465.85097859031714,2487.3698234099147,49.87353830850499,465.85097859031714,2487.3698234099147
1549,587202.4733238987,517561.8120505868,CE_corregida_OLS,479.52407169980364,2636.579563889193,51.34763445271061,479.52407169980364,2636.579563889193
1550,587202.7613806209,517561.8120505868,CE_corregida_OLS,490.81022160891087,2798.4374577220606,52.90025952414658,490.81022160891087,2798.4374577220606
1551,587203.049437343,517561.8120505868,CE_corregida_OLS,499.6763612276079,2991.5448227702036,54.695016434499806,499.6763612276079,2991.5448227702036
1552,587203.3374940652,517561.8120505868,CE_corregida_OLS,506.34844181326645,3213.0706461278187,56.683954044577895,506.34844181326645,3213.0706461278187
1553,587203.6255507873,517561.8120505868,CE_corregida_OLS,511.18571061423006,3448.05304575923,58.720124708307885,511.18571061423006,3448.05304575923
1554,587203.9136075096,517561.8120505868,CE_corregida_OLS,514.5440424519197,3680.9777321646616,60.67106173592697,514.5440424519197,3680.9777321646616
1555,587204.2016642317,517561.8120505868,CE_corregida_OLS,516.7105466965229,3901.6561645911297,62.4632385054692,516.7105466965229,3901.6561645911297
1556,587204.4897209539,517561.8120505868,CE_corregida_OLS,517.8997998956276,4105.722955168796,64.07591556247009,517.8997998956276,4105.722955168796
1557,587204.777777676,517561.8120505868,CE_corregida_OLS,518.2748750187909,4292.848041659859,65.51982937752402,518.2748750187909,4292.848041659859
1558,587205.0658343981,517561.8120505868,CE_corregida_OLS,517.9698651949034,4464.7181354074055,66.81854634311799,517.9698651949034,4464.7181354074055
1559,587205.3538911203,517561.8120505868,CE_corregida_OLS,517.1053835425383,4623.565174765313,67.99680268045927,517.1053835425383,4623.565174765313
1560,587205.6419478424,517561.8120505868,CE_corregida_OLS,515.7960328758194,4771.360165464,69.0750328661811,515.7960328758194,4771.360165464
1561,587205.9300045646,517561.8120505868,CE_corregida_OLS,514.1517587866603,4909.532942269365,70.06805935852202,514.1517587866603,4909.532942269365
1562,587190.9510550125,517562.100107309,CE_corregida_OLS,419.39493661799696,4061.1474186937303,63.72713251585803,419.39493661799696,4061.1474186937303
1563,587191.2391117347,517562.100107309,CE_corregida_OLS,416.75382090044917,3874.868476465136,62.24844155852527,416.75382090044917,3874.868476465136
1564,587191.5271684568,517562.100107309,CE_corregida_OLS,413.8289545513816,3680.6925823322304,60.66871172467923,413.8289545513816,3680.6925823322304
1565,587191.815225179,517562.100107309,CE_corregida_OLS,410.555331282033,3473.3078212666687,58.934775992334686,410.555331282033,3473.3078212666687
1566,587192.1032819011,517562.100107309,CE_corregida_OLS,406.88688779477474,3242.501519682274,56.942967253931144,406.88688779477474,3242.501519682274
1567,587192.3913386234,517562.100107309,CE_corregida_OLS,402.80720582641635,2973.874467860843,54.53324186091309,402.80720582641635,2973.874467860843
1568,587192.6793953455,517562.100107309,CE_corregida_OLS,398.3472874127144,2652.151832119136,51.499046904958696,398.3472874127144,2652.151832119136
1569,587192.9674520676,517562.100107309,CE_corregida_OLS,393.63199709553345,2268.5913421746823,47.629731703786476,393.63199709553345,2268.5913421746823
1570,587193.2555087898,517562.100107309,CE_corregida_OLS,389.02306786441744,1838.6631294279116,42.87963536957738,389.02306786441744,1838.6631294279116
1571,587193.5435655119,517562.100107309,CE_corregida_OLS,385.537754428378,1448.5983081826807,38.060455963935595,385.537754428378,1448.5983081826807
1572,587193.8316222341,517562.100107309,CE_corregida_OLS,385.29255025655124,1303.937179396807,36.11007033220521,385.29255025655124,1303.937179396807
1573,587194.1196789562,517562.100107309,CE_corregida_OLS,389.1720750777498,1484.4916007280394,38.5291006997054,389.1720750777498,1484.4916007280394
1574,587194.4077356784,517562.100107309,CE_corregida_OLS,395.1064119508331,1774.6085505303456,42.126102959214556,395.1064119508331,1774.6085505303456
1575,587194.6957924005,517562.100107309,CE_corregida_OLS,401.37253098813915,2018.540833829358,44.92817416532034,401.37253098813915,2018.540833829358
1576,587194.9838491228,517562.100107309,CE_corregida_OLS,407.2113918414068,2179.789200451196,46.68821264999546,407.2113918414068,2179.789200451196
1577,587195.2719058449,517562.100107309,CE_corregida_OLS,412.229239509598,2275.963677460114,47.70706108596624,412.229239509598,2275.963677460114
1578,587195.5599625671,517562.100107309,CE_corregida_OLS,416.15218780376574,2347.392870111825,48.44990062024715,416.15218780376574,2347.392870111825
1579,587195.8480192892,517562.100107309,CE_corregida_OLS,418.80673814416485,2434.929848653005,49.34500834586012,418.80673814416485,2434.929848653005
1580,587196.1360760113,517562.100107309,CE_corregida_OLS,420.1806313652917,2557.8287909308565,50.57498186782529,420.1806313652917,2557.8287909308565
1581,587196.4241327335,517562.100107309,CE_corregida_OLS,420.4324841497877,2706.703531831105,52.02598900387291,420.4324841497877,2706.703531831105
1582,587196.7121894556,517562.100107309,CE_corregida_OLS,419.80836009637403,2857.404816163302,53.45469872858046,419.80836009637403,2857.404816163302
1583,587197.0002461778,517562.100107309,CE_corregida_OLS,418.54682490796694,2988.0411141973536,54.6629775460261,418.54682490796694,2988.0411141973536
1584,587197.2883028999,517562.100107309,CE_corregida_OLS,416.8321445970431,3086.0520294781413,55.55224594449932,416.8321445970431,3086.0520294781413
1585,587197.5763596221,517562.100107309,CE_corregida_OLS,414.78518242153496,3147.3749631800756,56.10147024080631,414.78518242153496,3147.3749631800756
1586,587197.8644163442,517562.100107309,CE_corregida_OLS,412.4688515162005,3172.9411483630324,56.32886603121913,412.4688515162005,3172.9411483630324
1587,587198.1524730665,517562.100107309,CE_corregida_OLS,409.89893566636135,3165.0755846978154,56.25900447659748,409.89893566636135,3165.0755846978154
1588,587198.4405297886,517562.100107309,CE_corregida_OLS,407.0597810305552,3124.54058219236,55.89759012866619,407.0597810305552,3124.54058219236
1589,587198.7285865108,517562.100107309,CE_corregida_OLS,403.9255984642389,3048.5357189658266,55.21354651682707,403.9255984642389,3048.5357189658266
1590,587199.0166432329,517562.100107309,CE_corregida_OLS,400.4875171397862,2930.092196240077,54.13032603116369,400.4875171397862,2930.092196240077
1591,587199.304699955,517562.100107309,CE_corregida_OLS,396.78947814797647,2759.429670972037,52.53027385205637,396.78947814797647,2759.429670972037
1592,587199.5927566772,517562.100107309,CE_corregida_OLS,392.98760376797725,2528.031902115568,50.27953760841052,392.98760376797725,2528.031902115568
1593,587199.8808133993,517562.100107309,CE_corregida_OLS,389.47587473263206,2237.266137281314,47.29974775071548,389.47587473263206,2237.266137281314
1594,587200.1688701215,517562.100107309,CE_corregida_OLS,387.1743378238565,1916.3094854982091,43.77567230206989,387.1743378238565,1916.3094854982091
1595,587200.4569268436,517562.100107309,CE_corregida_OLS,388.0229497230288,1651.7893048137626,40.642210875071285,388.0229497230288,1651.7893048137626
1596,587200.7449835659,517562.100107309,CE_corregida_OLS,394.67145396304414,1574.0629049068793,39.67446162088251,394.67145396304414,1574.0629049068793
1597,587201.033040288,517562.100107309,CE_corregida_OLS,407.54558051546854,1700.68976236715,41.23942000522255,407.54558051546854,1700.68976236715
1598,587201.3210970102,517562.100107309,CE_corregida_OLS,424.0831518943855,1900.7660348765862,43.59777557257464,424.0831518943855,1900.7660348765862
1599,587201.6091537323,517562.100107309,CE_corregida_OLS,441.82267707747815,2067.745019011828,45.47246440442642,441.82267707747815,2067.745019011828
1600,587201.8972104545,517562.100107309,CE_corregida_OLS,459.2892331045856,2170.2550281929007,46.58599605238575,459.2892331045856,2170.2550281929007
1601,587202.1852671766,517562.100107309,CE_corregida_OLS,475.47573453481004,2228.3574800916604,47.20548146234355,475.47573453481004,2228.3574800916604
1602,587202.4733238987,517562.100107309,CE_corregida_OLS,489.52460246235154,2292.1693547430427,47.8766055056438,489.52460246235154,2292.1693547430427
1603,587202.7613806209,517562.100107309,CE_corregida_OLS,500.80873053680125,2413.918420245311,49.13164377715559,500.80873053680125,2413.918420245311
1604,587203.049437343,517562.100107309,CE_corregida_OLS,509.21029397386405,2612.948962783981,51.11701245949318,509.21029397386405,2612.948962783981
1605,587203.3374940652,517562.100107309,CE_corregida_OLS,515.1275687545573,2867.8394081422043,53.55221198178656,515.1275687545573,2867.8394081422043
1606,587203.6255507873,517562.100107309,CE_corregida_OLS,519.1360446071122,3142.488784213731,56.05790563527798,519.1360446071122,3142.488784213731
1607,587203.9136075096,517562.100107309,CE_corregida_OLS,521.7117192567963,3409.577519848764,58.39158774899655,521.7117192567963,3409.577519848764
1608,587204.2016642317,517562.100107309,CE_corregida_OLS,523.1706474724618,3655.8465184379925,60.463596638291314,523.1706474724618,3655.8465184379925
1609,587204.4897209539,517562.100107309,CE_corregida_OLS,523.712246639029,3878.2736616707284,62.27578712204871,523.712246639029,3878.2736616707284
1610,587204.777777676,517562.100107309,CE_corregida_OLS,523.4743670808784,4079.151211954759,63.86823319894452,523.4743670808784,4079.151211954759
1611,587205.0658343981,517562.100107309,CE_corregida_OLS,522.5721807312779,4262.520132972927,65.28797847209643,522.5721807312779,4262.520132972927
1612,587205.3538911203,517562.100107309,CE_corregida_OLS,521.1187602301833,4432.149779081558,66.57439281797137,521.1187602301833,4432.149779081558
1613,587205.6419478424,517562.100107309,CE_corregida_OLS,519.2314990613404,4590.721420223692,67.75486270537114,519.2314990613404,4590.721420223692
1614,587205.9300045646,517562.100107309,CE_corregida_OLS,517.0296895635903,4739.784227906456,68.84609086873746,517.0296895635903,4739.784227906456
1615,587206.2180612867,517562.100107309,CE_corregida_OLS,514.628216500644,4880.079828331083,69.8575681535729,514.628216500644,4880.079828331083
1616,587191.2391117347,517562.38816403114,CE_corregida_OLS,418.19658545412034,4108.993425633148,64.1014307612018,418.19658545412034,4108.993425633148
1617,587191.5271684568,517562.38816403114,CE_corregida_OLS,415.21083733246917,3921.0753253980474,62.61849028360591,415.21083733246917,3921.0753253980474
1618,587191.815225179,517562.38816403114,CE_corregida_OLS,411.9501911898847,3716.939885368422,60.96671128877153,411.9501911898847,3716.939885368422
1619,587192.1032819011,517562.38816403114,CE_corregida_OLS,408.40268104829346,3489.5159789999525,59.07212522840153,408.40268104829346,3489.5159789999525
1620,587192.3913386234,517562.38816403114,CE_corregida_OLS,404.59620972229004,3230.829723270216,56.840388134408585,404.59620972229004,3230.829723270216
1621,587192.6793953455,517562.38816403114,CE_corregida_OLS,400.62629188771734,2935.7025741338343,54.18212411980389,400.62629188771734,2935.7025741338343
1622,587192.9674520676,517562.38816403114,CE_corregida_OLS,396.71077072591265,2608.9808642151206,51.07818383826035,396.71077072591265,2608.9808642151206
1623,587193.2555087898,517562.38816403114,CE_corregida_OLS,393.2921085604102,2277.970561980858,47.72808986310743,393.2921085604102,2277.970561980858
1624,587193.5435655119,517562.38816403114,CE_corregida_OLS,391.15222299662383,2005.9227505915799,44.787528962776904,391.15222299662383,2005.9227505915799
1625,587193.8316222341,517562.38816403114,CE_corregida_OLS,391.2289999838758,1873.5965149121441,43.285061105560935,391.2289999838758,1873.5965149121441
1626,587194.1196789562,517562.38816403114,CE_corregida_OLS,393.79355906153614,1895.3245499987597,43.5353253117369,393.79355906153614,1895.3245499987597
1627,587194.4077356784,517562.38816403114,CE_corregida_OLS,398.08240215477275,1988.3272496118375,44.59066325602073,398.08240215477275,1988.3272496118375
1628,587194.6957924005,517562.38816403114,CE_corregida_OLS,403.08278880282774,2062.5201431214605,45.41497707938935,403.08278880282774,2062.5201431214605
1629,587194.9838491228,517562.38816403114,CE_corregida_OLS,408.0477415424805,2078.473183188462,45.590275094459145,408.0477415424805,2078.473183188462
1630,587195.2719058449,517562.38816403114,CE_corregida_OLS,412.43861989687895,2048.550868536821,45.26091988169066,412.43861989687895,2048.550868536821
1631,587195.5599625671,517562.38816403114,CE_corregida_OLS,415.78708692935527,2026.2671673660836,45.014077435465495,415.78708692935527,2026.2671673660836
1632,587195.8480192892,517562.38816403114,CE_corregida_OLS,417.7222198126613,2077.8173205465578,45.5830815165732,417.7222198126613,2077.8173205465578
1633,587196.1360760113,517562.38816403114,CE_corregida_OLS,418.17538865105774,2227.698633117164,47.19850244570439,418.17538865105774,2227.698633117164
1634,587196.4241327335,517562.38816403114,CE_corregida_OLS,417.4340022760128,2439.455837996718,49.39084771490279,417.4340022760128,2439.455837996718
1635,587196.7121894556,517562.38816403114,CE_corregida_OLS,415.907666907508,2658.8335912156326,51.56387874486977,415.907666907508,2658.8335912156326
1636,587197.0002461778,517562.38816403114,CE_corregida_OLS,413.93664558262753,2849.616385326476,53.381798258643144,413.93664558262753,2849.616385326476
1637,587197.2883028999,517562.38816403114,CE_corregida_OLS,411.75648674569834,2996.928230954136,54.74420728217859,411.75648674569834,2996.928230954136
1638,587197.5763596221,517562.38816403114,CE_corregida_OLS,409.5173093955293,3098.99312960959,55.668600930952,409.5173093955293,3098.99312960959
1639,587197.8644163442,517562.38816403114,CE_corregida_OLS,407.30245505827827,3159.5812517469744,56.21015256825918,407.30245505827827,3159.5812517469744
1640,587198.1524730665,517562.38816403114,CE_corregida_OLS,405.14275542228364,3183.062889113904,56.41863955390899,405.14275542228364,3183.062889113904
1641,587198.4405297886,517562.38816403114,CE_corregida_OLS,403.034016820041,3171.6105768883817,56.31705405015768,403.034016820041,3171.6105768883817
1642,587198.7285865108,517562.38816403114,CE_corregida_OLS,400.962707724806,3124.1310225246875,55.89392652627553,400.962707724806,3124.1310225246875
1643,587199.0166432329,517562.38816403114,CE_corregida_OLS,398.94136891301895,3036.781053130809,55.106996408176784,398.94136891301895,3036.781053130809
1644,587199.304699955,517562.38816403114,CE_corregida_OLS,397.0559535055054,2905.1372780547163,53.89932539517277,397.0559535055054,2905.1372780547163
1645,587199.5927566772,517562.38816403114,CE_corregida_OLS,395.53328471459105,2728.3398209854963,52.233512432015296,395.53328471459105,2728.3398209854963
1646,587199.8808133993,517562.38816403114,CE_corregida_OLS,394.84322477032396,2515.752068830942,50.15727333927695,394.84322477032396,2515.752068830942
1647,587200.1688701215,517562.38816403114,CE_corregida_OLS,395.8305899510227,2295.614476300888,47.912571171884395,395.8305899510227,2295.614476300888
1648,587200.4569268436,517562.38816403114,CE_corregida_OLS,399.74063100441737,2118.149428259157,46.02335742054416,399.74063100441737,2118.149428259157
1649,587200.7449835659,517562.38816403114,CE_corregida_OLS,407.7498550844174,2032.101899403839,45.07884092791028,407.7498550844174,2032.101899403839
1650,587201.033040288,517562.38816403114,CE_corregida_OLS,420.00626290954966,2035.7775286798594,45.11959140639307,420.00626290954966,2035.7775286798594
1651,587201.3210970102,517562.38816403114,CE_corregida_OLS,435.4265173874318,2071.004827064159,45.508294046955434,435.4265173874318,2071.004827064159
1652,587201.6091537323,517562.38816403114,CE_corregida_OLS,452.5441269075909,2074.935813885527,45.55146335613738,452.5441269075909,2074.935813885527
1653,587201.8972104545,517562.38816403114,CE_corregida_OLS,470.0687499839338,2019.498302662055,44.938828452264474,470.0687499839338,2019.498302662055
1654,587202.1852671766,517562.38816403114,CE_corregida_OLS,486.80042521472416,1925.37343257957,43.879077389794446,486.80042521472416,1925.37343257957
1655,587202.4733238987,517562.38816403114,CE_corregida_OLS,501.3795213873558,1867.5622260237753,43.21530083227207,501.3795213873558,1867.5622260237753
1656,587202.7613806209,517562.38816403114,CE_corregida_OLS,512.5247386782868,1942.7144390410435,44.07623440178441,512.5247386782868,1942.7144390410435
1657,587203.049437343,517562.38816403114,CE_corregida_OLS,519.9923243117563,2174.4663821071686,46.631173930185035,519.9923243117563,2174.4663821071686
1658,587203.3374940652,517562.38816403114,CE_corregida_OLS,524.6695273632242,2493.9876039529004,49.93983984708902,524.6695273632242,2493.9876039529004
1659,587203.6255507873,517562.38816403114,CE_corregida_OLS,527.5335807526466,2826.6135717006105,53.16590610250718,527.5335807526466,2826.6135717006105
1660,587203.9136075096,517562.38816403114,CE_corregida_OLS,529.1671858386621,3133.731130607605,55.97973857216203,529.1671858386621,3133.731130607605
1661,587204.2016642317,517562.38816403114,CE_corregida_OLS,529.8488552746107,3404.4289424522717,58.347484456935,529.8488552746107,3404.4289424522717
1662,587204.4897209539,517562.38816403114,CE_corregida_OLS,529.7089742951521,3641.452216795522,60.34444644534841,529.7089742951521,3641.452216795522
1663,587204.777777676,517562.38816403114,CE_corregida_OLS,528.8281586112889,3852.3434754960495,62.067249620843114,528.8281586112889,3852.3434754960495
1664,587205.0658343981,517562.38816403114,CE_corregida_OLS,527.2882916492678,4044.7119100930363,63.59804957774284,527.2882916492678,4044.7119100930363
1665,587205.3538911203,517562.38816403114,CE_corregida_OLS,525.1926841537193,4224.122520908918,64.99324981033736,525.1926841537193,4224.122520908918
1666,587205.6419478424,517562.38816403114,CE_corregida_OLS,522.666241753915,4393.6815693203935,66.28485173341186,522.666241753915,4393.6815693203935
1667,587205.9300045646,517562.38816403114,CE_corregida_OLS,519.8448127331802,4554.576439929394,67.48760212016273,519.8448127331802,4554.576439929394
1668,587206.2180612867,517562.38816403114,CE_corregida_OLS,516.8615972542135,4706.925187284216,68.60703453206688,516.8615972542135,4706.925187284216
1669,587206.506118009,517562.38816403114,CE_corregida_OLS,513.8358211359861,4850.50341059083,69.64555556954679,513.8358211359861,4850.50341059083
1670,587191.5271684568,517562.6762207533,CE_corregida_OLS,417.0026148523802,4145.032419790357,64.38192618887973,417.0026148523802,4145.032419790357
1671,587191.815225179,517562.6762207533,CE_corregida_OLS,413.8528642141343,3950.216688837736,62.85074931007375,413.8528642141343,3950.216688837736
1672,587192.1032819011,517562.6762207533,CE_corregida_OLS,410.5224894852204,3735.255543286606,61.11673701439407,410.5224894852204,3735.255543286606
1673,587192.3913386234,517562.6762207533,CE_corregida_OLS,407.07307059053915,3496.9110911011476,59.13468602352724,407.07307059053915,3496.9110911011476
1674,587192.6793953455,517562.6762207533,CE_corregida_OLS,403.63487130576635,3235.85217423561,56.88455127919715,403.63487130576635,3235.85217423561
1675,587192.9674520676,517562.6762207533,CE_corregida_OLS,400.44238124041283,2961.2186497352964,54.41708049624949,400.44238124041283,2961.2186497352964
1676,587193.2555087898,517562.6762207533,CE_corregida_OLS,397.8709040914554,2695.3951529167302,51.91719515648674,397.8709040914554,2695.3951529167302
1677,587193.5435655119,517562.6762207533,CE_corregida_OLS,396.4214889793066,2473.173557360022,49.73101202831109,396.4214889793066,2473.173557360022
1678,587193.8316222341,517562.6762207533,CE_corregida_OLS,396.55098630406394,2324.688775857893,48.215026452941956,396.55098630406394,2324.688775857893
1679,587194.1196789562,517562.6762207533,CE_corregida_OLS,398.3700906323433,2245.992857145537,47.39190708491838,398.3700906323433,2245.992857145537
1680,587194.4077356784,517562.6762207533,CE_corregida_OLS,401.53658947853773,2192.7007480708367,46.826282663380795,401.53658947853773,2192.7007480708367
1681,587194.6957924005,517562.6762207533,CE_corregida_OLS,405.4857791108727,2109.9941633128997,45.93467277899016,405.4857791108727,2109.9941633128997
1682,587194.9838491228,517562.6762207533,CE_corregida_OLS,409.66306665461076,1965.1298127441394,44.32978471348738,409.66306665461076,1965.1298127441394
1683,587195.2719058449,517562.6762207533,CE_corregida_OLS,413.53802503947156,1768.9973784401896,42.05945052470597,413.53802503947156,1768.9973784401896
1684,587195.5599625671,517562.6762207533,CE_corregida_OLS,416.45712542512933,1600.9411462115227,40.01176259816009,416.45712542512933,1600.9411462115227
1685,587195.8480192892,517562.6762207533,CE_corregida_OLS,417.6456151408923,1600.0275103345941,40.00034387770428,417.6456151408923,1600.0275103345941
1686,587196.1360760113,517562.6762207533,CE_corregida_OLS,416.898979014693,1813.4791229442965,42.5849635780553,416.898979014693,1813.4791229442965
1687,587196.4241327335,517562.6762207533,CE_corregida_OLS,414.8690587069109,2128.185973990797,46.13226608341278,414.8690587069109,2128.185973990797
1688,587196.7121894556,517562.6762207533,CE_corregida_OLS,412.25289852657954,2434.629594037414,49.341965850961124,412.25289852657954,2434.629594037414
1689,587197.0002461778,517562.6762207533,CE_corregida_OLS,409.47851846436834,2687.359333839088,51.83974666063761,409.47851846436834,2687.359333839088
1690,587197.2883028999,517562.6762207533,CE_corregida_OLS,406.8044761640048,2878.1162425296625,53.64807771513964,406.8044761640048,2878.1162425296625
1691,587197.5763596221,517562.6762207533,CE_corregida_OLS,404.3970724916953,3013.295684012869,54.89349400441613,404.3970724916953,3013.295684012869
1692,587197.8644163442,517562.6762207533,CE_corregida_OLS,402.3547087346768,3102.8569581999523,55.70329396184711,402.3547087346768,3102.8569581999523
1693,587198.1524730665,517562.6762207533,CE_corregida_OLS,400.71608390446124,3154.9960837327353,56.16935181869856,400.71608390446124,3154.9960837327353
1694,587198.4405297886,517562.6762207533,CE_corregida_OLS,399.47509761700076,3173.960590612316,56.33791432607632,399.47509761700076,3173.960590612316
1695,587198.7285865108,517562.6762207533,CE_corregida_OLS,398.61066799387487,3160.0452916205404,56.21428013966327,398.61066799387487,3160.0452916205404
1696,587199.0166432329,517562.6762207533,CE_corregida_OLS,398.1297345944322,3111.168618238633,55.77785060611993,398.1297345944322,3111.168618238633
1697,587199.304699955,517562.6762207533,CE_corregida_OLS,398.11863004532387,3025.5367043614688,55.00487891416059,398.11863004532387,3025.5367043614688
1698,587199.5927566772,517562.6762207533,CE_corregida_OLS,398.79966003282567,2905.0651101197964,53.89865592127318,398.79966003282567,2905.0651101197964
1699,587199.8808133993,517562.6762207533,CE_corregida_OLS,400.5867132596851,2759.081921745408,52.52696375905815,400.5867132596851,2759.081921745408
1700,587200.1688701215,517562.6762207533,CE_corregida_OLS,404.1099899922356,2606.5649436161093,51.054529119521895,404.1099899922356,2606.5649436161093
1701,587200.4569268436,517562.6762207533,CE_corregida_OLS,410.1284866491667,2472.4351212250863,49.723587171734565,410.1284866491667,2472.4351212250863
1702,587200.7449835659,517562.6762207533,CE_corregida_OLS,419.24441935724553,2373.3952243598187,48.71750429116642,419.24441935724553,2373.3952243598187
1703,587201.033040288,517562.6762207533,CE_corregida_OLS,431.5438217449405,2300.4898970147865,47.963422490631196,431.5438217449405,2300.4898970147865
1704,587201.3210970102,517562.6762207533,CE_corregida_OLS,446.5230300805967,2218.119779366694,47.096919000787025,446.5230300805967,2218.119779366694
1705,587201.6091537323,517562.6762207533,CE_corregida_OLS,463.3620863167254,2083.121292889799,45.64122361297733,463.3620863167254,2083.121292889799
1706,587201.8972104545,517562.6762207533,CE_corregida_OLS,481.16851669489887,1867.5560550139237,43.21522943377628,481.16851669489887,1867.5560550139237
1707,587202.1852671766,517562.6762207533,CE_corregida_OLS,498.88472691369657,1583.9445303837315,39.79880061488954,498.88472691369657,1583.9445303837315
1708,587202.4733238987,517562.6762207533,CE_corregida_OLS,514.6895825245858,1338.9624712401476,36.59183612829708,514.6895825245858,1338.9624712401476
1709,587202.7613806209,517562.6762207533,CE_corregida_OLS,525.7066876964177,1360.8738513994672,36.89002373812556,525.7066876964177,1360.8738513994672
1710,587203.049437343,517562.6762207533,CE_corregida_OLS,531.4192699459873,1693.061756766398,41.14683167348852,531.4192699459873,1693.061756766398
1711,587203.3374940652,517562.6762207533,CE_corregida_OLS,534.269414225116,2124.5109396101666,46.092417376507456,534.269414225116,2124.5109396101666
1712,587203.6255507873,517562.6762207533,CE_corregida_OLS,535.7959919348585,2527.6847752522635,50.276085520377016,535.7959919348585,2527.6847752522635
1713,587203.9136075096,517562.6762207533,CE_corregida_OLS,536.4917789705771,2870.1887800209115,53.57414283048224,536.4917789705771,2870.1887800209115
1714,587204.2016642317,517562.6762207533,CE_corregida_OLS,536.4621543276405,3155.287346073853,56.17194447474515,536.4621543276405,3155.287346073853
1715,587204.4897209539,517562.6762207533,CE_corregida_OLS,535.7022156959616,3397.104278840821,58.284683055163136,535.7022156959616,3397.104278840821
1716,587204.777777676,517562.6762207533,CE_corregida_OLS,534.2067978610828,3610.8335457324706,60.090211729802306,534.2067978610828,3610.8335457324706
1717,587205.0658343981,517562.6762207533,CE_corregida_OLS,532.017987760787,3808.29206821667,61.71136093311077,532.017987760787,3808.29206821667
1718,587205.3538911203,517562.6762207533,CE_corregida_OLS,529.2366990142611,3996.3997462355046,63.21708429084265,529.2366990142611,3996.3997462355046
1719,587205.6419478424,517562.6762207533,CE_corregida_OLS,526.009437966777,4177.723322605286,64.63531018418095,526.009437966777,4177.723322605286
1720,587205.9300045646,517562.6762207533,CE_corregida_OLS,522.5030898056023,4352.095374832374,65.97041287450287,522.5030898056023,4352.095374832374
1721,587206.2180612867,517562.6762207533,CE_corregida_OLS,518.8801434253899,4518.2907967473775,67.21823262142034,518.8801434253899,4518.2907967473775
1722,587206.506118009,517562.6762207533,CE_corregida_OLS,515.2814226878688,4675.159668103469,68.37513925472817,515.2814226878688,4675.159668103469
1723,587206.7941747311,517562.6762207533,CE_corregida_OLS,511.8175449655138,4822.11889392989,69.44147819516726,511.8175449655138,4822.11889392989
1724,587191.815225179,517562.96427747543,CE_corregida_OLS,416.1196954146343,4172.7435598045895,64.59677669825786,416.1196954146343,4172.7435598045895
1725,587192.1032819011,517562.96427747543,CE_corregida_OLS,413.0431965245912,3974.229992617003,63.04149421307368,413.0431965245912,3974.229992617003
1726,587192.3913386234,517562.96427747543,CE_corregida_OLS,409.9528149345798,3758.705204052653,61.30828006111942,409.9528149345798,3758.705204052653
1727,587192.6793953455,517562.96427747543,CE_corregida_OLS,406.98319309272915,3528.891289686737,59.40447196707279,406.98319309272915,3528.891289686737
1728,587192.9674520676,517562.96427747543,CE_corregida_OLS,404.34090547283256,3292.8487298251625,57.38334888994509,404.34090547283256,3292.8487298251625
1729,587193.2555087898,517562.96427747543,CE_corregida_OLS,402.3059164749794,3064.5985135837054,55.35881604210575,402.3059164749794,3064.5985135837054
1730,587193.5435655119,517562.96427747543,CE_corregida_OLS,401.19234705885196,2860.4067608341084,53.48277069144893,401.19234705885196,2860.4067608341084
1731,587193.8316222341,517562.96427747543,CE_corregida_OLS,401.24731260326973,2688.729640931312,51.852961737313635,401.24731260326973,2688.729640931312
1732,587194.1196789562,517562.96427747543,CE_corregida_OLS,402.5288132053656,2538.7240395510007,50.38575234677955,402.5288132053656,2538.7240395510007
1733,587194.4077356784,517562.96427747543,CE_corregida_OLS,404.86878159662353,2378.6533915168516,48.77144032645388,404.86878159662353,2378.6533915168516
1734,587194.6957924005,517562.96427747543,CE_corregida_OLS,407.9572675918048,2167.4351007100463,46.55572038654376,407.9572675918048,2167.4351007100463
1735,587194.9838491228,517562.96427747543,CE_corregida_OLS,411.4497330149766,1870.583027394187,43.2502373102644,411.4497330149766,1870.583027394187
1736,587195.2719058449,517562.96427747543,CE_corregida_OLS,414.97858248863884,1479.4043916076187,38.46302629289092,414.97858248863884,1479.4043916076187
1737,587195.5599625671,517562.96427747543,CE_corregida_OLS,417.8955227147957,1070.8157147999182,32.72332065668028,417.8955227147957,1070.8157147999182
1738,587195.8480192892,517562.96427747543,CE_corregida_OLS,418.4824062400539,977.2137489907245,31.260418247213593,418.4824062400539,977.2137489907245
1739,587196.1360760113,517562.96427747543,CE_corregida_OLS,415.98446112107575,1357.6226566401551,36.84593134445315,415.98446112107575,1357.6226566401551
1740,587196.4241327335,517562.96427747543,CE_corregida_OLS,412.3270288062361,1828.285820855428,42.75845905613798,412.3270288062361,1828.285820855428
1741,587196.7121894556,517562.96427747543,CE_corregida_OLS,408.5057493269229,2223.983519862995,47.1591297615106,408.5057493269229,2223.983519862995
1742,587197.0002461778,517562.96427747543,CE_corregida_OLS,404.89252163457354,2523.7963788930097,50.2374002003787,404.89252163457354,2523.7963788930097
1743,587197.2883028999,517562.96427747543,CE_corregida_OLS,401.72179224256763,2740.558230323272,52.350341262720264,401.72179224256763,2740.558230323272
1744,587197.5763596221,517562.96427747543,CE_corregida_OLS,399.1745525739249,2894.1862992433917,53.79764213460839,399.1745525739249,2894.1862992433917
1745,587197.8644163442,517562.96427747543,CE_corregida_OLS,397.3710222806923,3002.930048295923,54.798996781838284,397.3710222806923,3002.930048295923
1746,587198.1524730665,517562.96427747543,CE_corregida_OLS,396.3547533586859,3079.2893681769006,55.49134498439284,396.3547533586859,3079.2893681769006
1747,587198.4405297886,517562.96427747543,CE_corregida_OLS,396.09956019144727,3128.8422620093743,55.93605511661843,396.09956019144727,3128.8422620093743
1748,587198.7285865108,517562.96427747543,CE_corregida_OLS,396.54652812004525,3151.620369014076,56.139294340186325,396.54652812004525,3151.620369014076
1749,587199.0166432329,517562.96427747543,CE_corregida_OLS,397.6591283090751,3145.035005824421,56.08061167484197,397.6591283090751,3145.035005824421
1750,587199.304699955,517562.96427747543,CE_corregida_OLS,399.47886879796533,3107.1043486425797,55.741406051898075,399.47886879796533,3107.1043486425797
1751,587199.5927566772,517562.96427747543,CE_corregida_OLS,402.1691269231786,3039.141460650765,55.12840883474477,402.1691269231786,3039.141460650765
1752,587199.8808133993,517562.96427747543,CE_corregida_OLS,406.0371480005416,2947.3221683434663,54.289245420649074,406.0371480005416,2947.3221683434663
1753,587200.1688701215,517562.96427747543,CE_corregida_OLS,411.5155487784794,2842.1367095592564,53.31169392881131,411.5155487784794,2842.1367095592564
1754,587200.4569268436,517562.96427747543,CE_corregida_OLS,419.0753405610662,2734.2385852121683,52.28994726725366,419.0753405610662,2734.2385852121683
1755,587200.7449835659,517562.96427747543,CE_corregida_OLS,429.06759281822406,2626.6103566206393,51.25046689173318,429.06759281822406,2626.6103566206393
1756,587201.033040288,517562.96427747543,CE_corregida_OLS,441.56949579748897,2507.2291789793203,50.07223960418907,441.56949579748897,2507.2291789793203
1757,587201.3210970102,517562.96427747543,CE_corregida_OLS,456.3537958074032,2348.5484578050014,48.461824746959344,456.3537958074032,2348.5484578050014
1758,587201.6091537323,517562.96427747543,CE_corregida_OLS,472.99942265421635,2114.59246149525,45.98469812334588,472.99942265421635,2114.59246149525
1759,587201.8972104545,517562.96427747543,CE_corregida_OLS,491.0262747578807,1770.4825394775944,42.07710231797806,491.0262747578807,1770.4825394775944
1760,587202.1852671766,517562.96427747543,CE_corregida_OLS,509.90512905308003,1294.2634568358458,35.975873260226024,509.90512905308003,1294.2634568358458
1761,587202.4733238987,517562.96427747543,CE_corregida_OLS,528.4419504007805,735.2363892232423,27.115242746898694,528.4419504007805,735.2363892232423
1762,587202.7613806209,517562.96427747543,CE_corregida_OLS,539.6876909399138,676.743204362293,26.014288465424016,539.6876909399138,676.743204362293
1763,587203.049437343,517562.96427747543,CE_corregida_OLS,541.8851342594569,1270.3302840667454,35.64169305836558,541.8851342594569,1270.3302840667454
1764,587203.3374940652,517562.96427747543,CE_corregida_OLS,542.6809431173103,1835.6909018086699,42.844963552425504,542.6809431173103,1835.6909018086699
1765,587203.6255507873,517562.96427747543,CE_corregida_OLS,543.130297413626,2287.2748297215153,47.825462148540865,543.130297413626,2287.2748297215153
1766,587203.9136075096,517562.96427747543,CE_corregida_OLS,543.2006051338989,2637.980168081259,51.36127109098118,543.2006051338989,2637.980168081259
1767,587204.2016642317,517562.96427747543,CE_corregida_OLS,542.7192107905686,2914.2223417438936,53.98353769200286,542.7192107905686,2914.2223417438936
1768,587204.4897209539,517562.96427747543,CE_corregida_OLS,541.5173853725769,3143.6860931679234,56.06858383415728,541.5173853725769,3143.6860931679234
1769,587204.777777676,517562.96427747543,CE_corregida_OLS,539.4971766665876,3349.7501307281477,57.87702593195462,539.4971766665876,3349.7501307281477
1770,587205.0658343981,517562.96427747543,CE_corregida_OLS,536.6701858117582,3547.832427982481,59.56368380131035,536.6701858117582,3547.832427982481
1771,587205.3538911203,517562.96427747543,CE_corregida_OLS,533.158276394271,3744.5627587088293,61.19283257628159,533.158276394271,3744.5627587088293
1772,587205.6419478424,517562.96427747543,CE_corregida_OLS,529.1582450432766,3939.9178429553986,62.768764867212404,529.1582450432766,3939.9178429553986
1773,587205.9300045646,517562.96427747543,CE_corregida_OLS,524.8924529022122,4130.675340389652,64.27033017178029,524.8924529022122,4130.675340389652
1774,587206.2180612867,517562.96427747543,CE_corregida_OLS,520.5682140485341,4313.282008011838,65.675581520165,520.5682140485341,4313.282008011838
1775,587206.506118009,517562.96427747543,CE_corregida_OLS,516.3549877081568,4485.326759595759,66.97258214818777,516.3549877081568,4485.326759595759
1776,587206.7941747311,517562.96427747543,CE_corregida_OLS,512.3768404437789,4645.8346764819435,68.16036000845318,512.3768404437789,4645.8346764819435
1777,587207.0822314533,517562.96427747543,CE_corregida_OLS,508.71416036118745,4794.941205299122,69.24551397238035,508.71416036118745,4794.941205299122
1778,587192.3913386234,517563.2523341976,CE_corregida_OLS,413.01653194179704,4007.241814581501,63.302778885144534,413.01653194179704,4007.241814581501
1779,587192.6793953455,517563.2523341976,CE_corregida_OLS,410.41569083260083,3802.732073014096,61.66629608638819,410.41569083260083,3802.732073014096
1780,587192.9674520676,517563.2523341976,CE_corregida_OLS,408.15351248713506,3593.336473758387,59.94444489490571,408.15351248713506,3593.336473758387
1781,587193.2555087898,517563.2523341976,CE_corregida_OLS,406.42872663399515,3386.234542620785,58.19136140889629,406.42872663399515,3386.234542620785
1782,587193.5435655119,517563.2523341976,CE_corregida_OLS,405.44038498080045,3187.198120960093,56.45527540416478,405.44038498080045,3187.198120960093
1783,587193.8316222341,517563.2523341976,CE_corregida_OLS,405.33176056979056,2995.0600344606405,54.72714166170786,405.33176056979056,2995.0600344606405
1784,587194.1196789562,517563.2523341976,CE_corregida_OLS,406.1362433962554,2796.6695240505715,52.88354681799029,406.1362433962554,2796.6695240505715
1785,587194.4077356784,517563.2523341976,CE_corregida_OLS,407.763798277692,2566.242075533238,50.65808993174968,407.763798277692,2566.242075533238
1786,587194.6957924005,517563.2523341976,CE_corregida_OLS,410.0400816226771,2269.7947789416235,47.64236328040018,410.0400816226771,2269.7947789416235
1787,587194.9838491228,517563.2523341976,CE_corregida_OLS,412.7688345518326,1871.1181487140216,43.25642320758874,412.7688345518326,1871.1181487140216
1788,587195.2719058449,517563.2523341976,CE_corregida_OLS,415.78111667136176,1335.8009628516875,36.54861095652867,415.78111667136176,1335.8009628516875
1789,587195.5599625671,517563.2523341976,CE_corregida_OLS,418.9487516857514,634.81761453206,25.19558720355729,418.9487516857514,634.81761453206
1790,587195.8480192892,517563.2523341976,CE_corregida_OLS,419.65467307808944,292.49565408325566,17.1025043219774,419.65467307808944,292.49565408325566
1791,587196.1360760113,517563.2523341976,CE_corregida_OLS,414.3634177865693,1057.868654996005,32.52489285141467,414.3634177865693,1057.868654996005
1792,587196.4241327335,517563.2523341976,CE_corregida_OLS,409.1791986051583,1647.1984951798588,40.585693232712664,409.1791986051583,1647.1984951798588
1793,587196.7121894556,517563.2523341976,CE_corregida_OLS,404.29721193662004,2077.2926949336775,45.57732654438693,404.29721193662004,2077.2926949336775
1794,587197.0002461778,517563.2523341976,CE_corregida_OLS,399.9130592308272,2380.6349363536033,48.79175069982223,399.9130592308272,2380.6349363536033
1795,587197.2883028999,517563.2523341976,CE_corregida_OLS,396.26803935469064,2591.01011797062,50.901965757430425,396.26803935469064,2591.01011797062
1796,587197.5763596221,517563.2523341976,CE_corregida_OLS,393.60528373994623,2740.5165245146977,52.34994292752092,393.60528373994623,2740.5165245146977
1797,587197.8644163442,517563.2523341976,CE_corregida_OLS,392.10191816210204,2855.1366015990657,53.43347828467716,392.10191816210204,2855.1366015990657
1798,587198.1524730665,517563.2523341976,CE_corregida_OLS,391.81229705266776,2950.5574674384648,54.31903411731899,391.81229705266776,2950.5574674384648
1799,587198.4405297886,517563.2523341976,CE_corregida_OLS,392.6646721032303,3031.2930027677194,55.05717939349708,392.6646721032303,3031.2930027677194
1800,587198.7285865108,517563.2523341976,CE_corregida_OLS,394.51925765314775,3093.984249636695,55.62359436099662,394.51925765314775,3093.984249636695
1801,587199.0166432329,517563.2523341976,CE_corregida_OLS,397.25182634997,3132.5752291204653,55.96941333550375,397.25182634997,3132.5752291204653
1802,587199.304699955,517563.2523341976,CE_corregida_OLS,400.8217676382369,3142.5425155456273,56.05838488170728,400.8217676382369,3142.5425155456273
1803,587199.5927566772,517563.2523341976,CE_corregida_OLS,405.3071695749025,3123.018965069977,55.8839777133838,405.3071695749025,3123.018965069977
1804,587199.8808133993,517563.2523341976,CE_corregida_OLS,410.9059584753617,3076.901396564398,55.46982419806645,410.9059584753617,3076.901396564398
1805,587200.1688701215,517563.2523341976,CE_corregida_OLS,417.9024923236547,3009.1229077694134,54.8554729062599,417.9024923236547,3009.1229077694134
1806,587200.4569268436,517563.2523341976,CE_corregida_OLS,426.59809923676096,2923.1458255580487,54.06612456573939,426.59809923676096,2923.1458255580487
1807,587200.7449835659,517563.2523341976,CE_corregida_OLS,437.21820383467445,2816.414352262346,53.069900624198894,437.21820383467445,2816.414352262346
1808,587201.033040288,517563.2523341976,CE_corregida_OLS,449.8346878377273,2676.8252898938804,51.73804489825529,449.8346878377273,2676.8252898938804
1809,587201.3210970102,517563.2523341976,CE_corregida_OLS,464.3473937983349,2482.4366925825434,49.82405736772692,464.3473937983349,2482.4366925825434
1810,587201.6091537323,517563.2523341976,CE_corregida_OLS,480.53047020749705,2204.5577112100664,46.952717825596274,480.53047020749705,2204.5577112100664
1811,587201.8972104545,517563.2523341976,CE_corregida_OLS,498.10155791759405,1812.2909021954497,42.57101011481228,498.10155791759405,1812.2909021954497
1812,587202.1852671766,517563.2523341976,CE_corregida_OLS,516.7496276317421,1278.1289518153912,35.750929383938974,516.7496276317421,1278.1289518153912
1813,587202.4733238987,517563.2523341976,CE_corregida_OLS,535.849166230935,606.8985651478686,24.635311346680165,535.849166230935,606.8985651478686
1814,587202.7613806209,517563.2523341976,CE_corregida_OLS,547.1273496744869,497.1104367164295,22.29597355390496,547.1273496744869,497.1104367164295
1815,587203.049437343,517563.2523341976,CE_corregida_OLS,547.9731579328508,1167.1540048771253,34.16363570929074,547.9731579328508,1167.1540048771253
1816,587203.3374940652,517563.2523341976,CE_corregida_OLS,548.4028437337274,1723.4223417417234,41.514122196449286,548.4028437337274,1723.4223417417234
1817,587203.6255507873,517563.2523341976,CE_corregida_OLS,548.7830575964257,2140.7235110940173,46.267953392105184,548.7830575964257,2140.7235110940173
1818,587203.9136075096,517563.2523341976,CE_corregida_OLS,548.8833879098315,2447.3061366709135,49.47025506979839,548.8833879098315,2447.3061366709135
1819,587204.2016642317,517563.2523341976,CE_corregida_OLS,548.3981109549864,2679.1400633179437,51.760410192713344,548.3981109549864,2679.1400633179437
1820,587204.4897209539,517563.2523341976,CE_corregida_OLS,547.0394290734666,2872.979966409594,53.600186253497235,547.0394290734666,2872.979966409594
1821,587204.777777676,517563.2523341976,CE_corregida_OLS,544.6296266426768,3059.140398016415,55.309496454193244,544.6296266426768,3059.140398016415
1822,587205.0658343981,517563.2523341976,CE_corregida_OLS,541.1742839090563,3254.8744676525334,57.051507146196705,541.1742839090563,3254.8744676525334
1823,587205.3538911203,517563.2523341976,CE_corregida_OLS,536.8622183905297,3463.152533314508,58.84855591528571,536.8622183905297,3463.152533314508
1824,587205.6419478424,517563.2523341976,CE_corregida_OLS,531.990924816548,3677.653906592959,60.64366336718915,531.990924816548,3677.653906592959
1825,587205.9300045646,517563.2523341976,CE_corregida_OLS,526.8747231503662,3889.546869236627,62.36623180244761,526.8747231503662,3889.546869236627
1826,587206.2180612867,517563.2523341976,CE_corregida_OLS,521.7838170642,4091.90924266459,63.96803297479601,521.7838170642,4091.90924266459
1827,587206.506118009,517563.2523341976,CE_corregida_OLS,516.9209757436283,4281.070020476714,65.42988629423647,516.9209757436283,4281.070020476714
1828,587206.7941747311,517563.2523341976,CE_corregida_OLS,512.4213314606009,4456.105727887505,66.75406899873224,512.4213314606009,4456.105727887505
1829,587207.0822314533,517563.2523341976,CE_corregida_OLS,508.3617322159024,4617.752388599286,67.95404615325923,508.3617322159024,4617.752388599286
1830,587207.3702881754,517563.2523341976,CE_corregida_OLS,504.7726712509873,4767.424845601791,69.04654115596082,504.7726712509873,4767.424845601791
1831,587207.6583448976,517563.2523341976,CE_corregida_OLS,501.65016214974787,4906.580725971969,70.04698941404955,501.65016214974787,4906.580725971969
1832,587192.6793953455,517563.5403909198,CE_corregida_OLS,413.78373027153015,4053.4802604289566,63.66694794341061,413.78373027153015,4053.4802604289566
1833,587192.9674520676,517563.5403909198,CE_corregida_OLS,411.7625437764683,3862.763174407202,62.15113172265813,411.7625437764683,3862.763174407202
1834,587193.2555087898,517563.5403909198,CE_corregida_OLS,410.18935716065596,3668.744740967699,60.570163785214405,410.18935716065596,3668.744740967699
1835,587193.5435655119,517563.5403909198,CE_corregida_OLS,409.1899172498295,3471.799202387208,58.921975547220136,409.1899172498295,3471.799202387208
1836,587193.8316222341,517563.5403909198,CE_corregida_OLS,408.8468611233704,3267.0233240685643,57.157880682094614,408.8468611233704,3267.0233240685643
1837,587194.1196789562,517563.5403909198,CE_corregida_OLS,409.17269924537,3042.003869277961,55.15436400936884,409.17269924537,3042.003869277961
1838,587194.4077356784,517563.5403909198,CE_corregida_OLS,410.1025071786854,2776.9163875408162,52.6964551705408,410.1025071786854,2776.9163875408162
1839,587194.6957924005,517563.5403909198,CE_corregida_OLS,411.5093334493456,2447.461577690665,49.471826100222586,411.5093334493456,2447.461577690665
1840,587194.9838491228,517563.5403909198,CE_corregida_OLS,413.22609778311335,2030.446679296106,45.06047801894811,413.22609778311335,2030.446679296106
1841,587195.2719058449,517563.5403909198,CE_corregida_OLS,415.0323957798822,1516.0829414424588,38.936909757227255,415.0323957798822,1516.0829414424588
1842,587195.5599625671,517563.5403909198,CE_corregida_OLS,416.42116836962293,964.7133386233704,31.059834813201604,416.42116836962293,964.7133386233704
1843,587195.8480192892,517563.5403909198,CE_corregida_OLS,415.3293752383389,785.1700094789256,28.020885237246265,415.3293752383389,785.1700094789256
1844,587196.1360760113,517563.5403909198,CE_corregida_OLS,410.6259774859126,1204.0841372109562,34.69991552166887,410.6259774859126,1204.0841372109562
1845,587196.4241327335,517563.5403909198,CE_corregida_OLS,404.98958718214146,1668.4599673775267,40.84678650001156,404.98958718214146,1668.4599673775267
1846,587196.7121894556,517563.5403909198,CE_corregida_OLS,399.4370951203244,2022.234809705588,44.96926516750733,399.4370951203244,2022.234809705588
1847,587197.0002461778,517563.5403909198,CE_corregida_OLS,394.3971864060916,2264.7681587106504,47.58958035863156,394.3971864060916,2264.7681587106504
1848,587197.2883028999,517563.5403909198,CE_corregida_OLS,390.2751142956154,2425.8449300035854,49.25286722621928,390.2751142956154,2425.8449300035854
1849,587197.5763596221,517563.5403909198,CE_corregida_OLS,387.48176603393114,2542.898838788659,50.427163699623826,387.48176603393114,2542.898838788659
1850,587197.8644163442,517563.5403909198,CE_corregida_OLS,386.3257921276081,2648.5002162832193,51.463581456047336,386.3257921276081,2648.5002162832193
1851,587198.1524730665,517563.5403909198,CE_corregida_OLS,386.88821323688944,2759.7240679807683,52.53307594250282,386.88821323688944,2759.7240679807683
1852,587198.4405297886,517563.5403909198,CE_corregida_OLS,389.00579969528815,2875.52663576128,53.62393715274252,389.00579969528815,2875.52663576128
1853,587198.7285865108,517563.5403909198,CE_corregida_OLS,392.3896804424611,2983.913831023398,54.625212411700495,392.3896804424611,2983.913831023398
1854,587199.0166432329,517563.5403909198,CE_corregida_OLS,396.77570813841254,3071.6823772583652,55.42276046227186,396.77570813841254,3071.6823772583652
1855,587199.304699955,517563.5403909198,CE_corregida_OLS,402.0153180719043,3130.1523158637337,55.94776417216092,402.0153180719043,3130.1523158637337
1856,587199.5927566772,517563.5403909198,CE_corregida_OLS,408.0981090344412,3156.256663350454,56.18057193861997,408.0981090344412,3156.256663350454
1857,587199.8808133993,517563.5403909198,CE_corregida_OLS,415.13213195370747,3150.992385475654,56.13370097789432,415.13213195370747,3150.992385475654
1858,587200.1688701215,517563.5403909198,CE_corregida_OLS,423.30046807306144,3116.752629947062,55.82788398235296,423.30046807306144,3116.752629947062
1859,587200.4569268436,517563.5403909198,CE_corregida_OLS,432.80281906264645,3054.2655125760684,55.26540972955931,432.80281906264645,3054.2655125760684
1860,587200.7449835659,517563.5403909198,CE_corregida_OLS,443.79255850101197,2959.790388065923,54.4039556288504,443.79255850101197,2959.790388065923
1861,587201.033040288,517563.5403909198,CE_corregida_OLS,456.32647912161167,2823.5443743302585,53.13703392484622,456.32647912161167,2823.5443743302585
1862,587201.3210970102,517563.5403909198,CE_corregida_OLS,470.34165156840436,2630.3385583160425,51.28682636229349,470.34165156840436,2630.3385583160425
1863,587201.6091537323,517563.5403909198,CE_corregida_OLS,485.65308669094344,2363.0427170089074,48.611137787639855,485.65308669094344,2363.0427170089074
1864,587201.8972104545,517563.5403909198,CE_corregida_OLS,501.92904832651266,2010.3608731789673,44.83704799804473,501.92904832651266,2010.3608731789673
1865,587202.1852671766,517563.5403909198,CE_corregida_OLS,518.5184703603346,1587.3164623598939,39.84114032454259,518.5184703603346,1587.3164623598939
1866,587202.4733238987,517563.5403909198,CE_corregida_OLS,533.7397269430201,1202.270378382004,34.673770755168874,533.7397269430201,1202.270378382004
1867,587202.7613806209,517563.5403909198,CE_corregida_OLS,544.0075726614245,1139.1096998709145,33.75069925010317,544.0075726614245,1139.1096998709145
1868,587203.049437343,517563.5403909198,CE_corregida_OLS,548.6611738397473,1435.040202349167,37.88192448053777,548.6611738397473,1435.040202349167
1869,587203.3374940652,517563.5403909198,CE_corregida_OLS,550.9680146309029,1794.3984654309752,42.36034071429283,550.9680146309029,1794.3984654309752
1870,587203.6255507873,517563.5403909198,CE_corregida_OLS,552.46045463679,2083.8949814999605,45.64969859155656,552.46045463679,2083.8949814999605
1871,587203.9136075096,517563.5403909198,CE_corregida_OLS,553.3547219947635,2288.7715128399554,47.841106935771826,553.3547219947635,2288.7715128399554
1872,587204.2016642317,517563.5403909198,CE_corregida_OLS,553.4102980468973,2436.023664983231,49.356090454808424,553.4102980468973,2436.023664983231
1873,587204.4897209539,517563.5403909198,CE_corregida_OLS,552.2496844618357,2567.942751776391,50.67487298234097,552.2496844618357,2567.942751776391
1874,587204.777777676,517563.5403909198,CE_corregida_OLS,549.5979529355996,2722.951049089036,52.181903463643756,549.5979529355996,2722.951049089036
1875,587205.0658343981,517563.5403909198,CE_corregida_OLS,545.4805658228119,2918.3650511748897,54.02189418351498,545.4805658228119,2918.3650511748897
1876,587205.3538911203,517563.5403909198,CE_corregida_OLS,540.236336636947,3147.2023393430395,56.09993172315845,540.236336636947,3147.2023393430395
1877,587205.6419478424,517563.5403909198,CE_corregida_OLS,534.3484918807147,3390.387748799696,58.227036235753026,534.3484918807147,3390.387748799696
1878,587205.9300045646,517563.5403909198,CE_corregida_OLS,528.2708344381066,3630.1735242161767,60.250921355745064,528.2708344381066,3630.1735242161767
1879,587206.2180612867,517563.5403909198,CE_corregida_OLS,522.349641636269,3855.8468425827373,62.095465555729085,522.349641636269,3855.8468425827373
1880,587206.506118009,517563.5403909198,CE_corregida_OLS,516.8171678613371,4063.390176720826,63.74472665813876,516.8171678613371,4063.390176720826
1881,587206.7941747311,517563.5403909198,CE_corregida_OLS,511.8106203431517,4253.057023596028,65.21546613799542,511.8106203431517,4253.057023596028
1882,587207.0822314533,517563.5403909198,CE_corregida_OLS,507.3938977460535,4427.0356008588315,66.5359722320102,507.3938977460535,4427.0356008588315
1883,587207.3702881754,517563.5403909198,CE_corregida_OLS,503.5765204309541,4587.873115481808,67.73384025346421,503.5765204309541,4587.873115481808
1884,587207.6583448976,517563.5403909198,CE_corregida_OLS,500.3298428268541,4737.67882078363,68.83079849009185,500.3298428268541,4737.67882078363
1885,587207.9464016197,517563.5403909198,CE_corregida_OLS,497.60110087629505,4877.9000335609035,69.84196470289838,497.60110087629505,4877.9000335609035
1886,587192.9674520676,517563.8284476419,CE_corregida_OLS,415.1260902841521,4105.078532315248,64.07088677640765,415.1260902841521,4105.078532315248
1887,587193.2555087898,517563.8284476419,CE_corregida_OLS,413.5956981427057,3921.172810687074,62.61926868534217,413.5956981427057,3921.172810687074
1888,587193.5435655119,517563.8284476419,CE_corregida_OLS,412.496034794235,3727.940008904121,61.05685881949808,412.496034794235,3727.940008904121
1889,587193.8316222341,517563.8284476419,CE_corregida_OLS,411.86826739762927,3519.8927645242056,59.32868416309438,411.86826739762927,3519.8927645242056
1890,587194.1196789562,517563.8284476419,CE_corregida_OLS,411.7024812889661,3287.324088424462,57.335190663539805,411.7024812889661,3287.324088424462
1891,587194.4077356784,517563.8284476419,CE_corregida_OLS,411.9297117653763,3017.3528094590374,54.930436093836335,411.9297117653763,3017.3528094590374
1892,587194.6957924005,517563.8284476419,CE_corregida_OLS,412.4203928931495,2697.583411140636,51.93826538440263,412.4203928931495,2697.583411140636
1893,587194.9838491228,517563.8284476419,CE_corregida_OLS,412.97409596519776,2324.156008434186,48.20950122573543,412.97409596519776,2324.156008434186
1894,587195.2719058449,517563.8284476419,CE_corregida_OLS,413.26361474281725,1919.9953597157578,43.81775165062395,413.26361474281725,1919.9953597157578
1895,587195.5599625671,517563.8284476419,CE_corregida_OLS,412.6778173570253,1573.9144617606328,39.67259081230558,412.6778173570253,1573.9144617606328
1896,587195.8480192892,517563.8284476419,CE_corregida_OLS,410.28536420401724,1452.568596502793,38.11257793042598,410.28536420401724,1452.568596502793
1897,587196.1360760113,517563.8284476419,CE_corregida_OLS,405.8122927870495,1597.2570540890445,39.965698468674915,405.8122927870495,1597.2570540890445
1898,587196.4241327335,517563.8284476419,CE_corregida_OLS,400.127072473671,1836.1359128314032,42.850156508832065,400.127072473671,1836.1359128314032
1899,587196.7121894556,517563.8284476419,CE_corregida_OLS,394.11390892585473,2036.3358280389502,45.125777866303316,394.11390892585473,2036.3358280389502
1900,587197.0002461778,517563.8284476419,CE_corregida_OLS,388.42323896779726,2161.7165180606976,46.49426328119091,388.42323896779726,2161.7165180606976
1901,587197.2883028999,517563.8284476419,CE_corregida_OLS,383.70179516072903,2229.5042630030257,47.21762661340599,383.70179516072903,2229.5042630030257
1902,587197.5763596221,517563.8284476419,CE_corregida_OLS,380.65611535544963,2282.693229902601,47.777538968668125,380.65611535544963,2282.693229902601
1903,587197.8644163442,517563.8284476419,CE_corregida_OLS,379.86279370301787,2365.282648066738,48.63417160872321,379.86279370301787,2365.282648066738
1904,587198.1524730665,517563.8284476419,CE_corregida_OLS,381.4574392341959,2495.320980928637,49.95318789555514,381.4574392341959,2495.320980928637
1905,587198.4405297886,517563.8284476419,CE_corregida_OLS,385.07982193119074,2657.6057003382602,51.551970867642495,385.07982193119074,2657.6057003382602
1906,587198.7285865108,517563.8284476419,CE_corregida_OLS,390.16904405569716,2822.38167052395,53.12609218193966,390.16904405569716,2822.38167052395
1907,587199.0166432329,517563.8284476419,CE_corregida_OLS,396.2613261390921,2965.133726397886,54.45304147977307,396.2613261390921,2965.133726397886
1908,587199.304699955,517563.8284476419,CE_corregida_OLS,403.0949404041372,3072.959331742059,55.434279392286314,403.0949404041372,3072.959331742059
1909,587199.5927566772,517563.8284476419,CE_corregida_OLS,410.59133862669484,3142.3171312371546,56.05637458164018,410.59133862669484,3142.3171312371546
1910,587199.8808133993,517563.8284476419,CE_corregida_OLS,418.80108532004385,3174.6714256143464,56.34422264628687,418.80108532004385,3174.6714256143464
1911,587200.1688701215,517563.8284476419,CE_corregida_OLS,427.84719711655634,3172.6043901114713,56.32587673628766,427.84719711655634,3172.6043901114713
1912,587200.4569268436,517563.8284476419,CE_corregida_OLS,437.8710955089979,3136.937356892799,56.00836863266773,437.8710955089979,3136.937356892799
1913,587200.7449835659,517563.8284476419,CE_corregida_OLS,448.9830115010982,3065.025178173885,55.36266953619456,448.9830115010982,3065.025178173885
1914,587201.033040288,517563.8284476419,CE_corregida_OLS,461.2211617585086,2950.526092083446,54.318745310283504,461.2211617585086,2950.526092083446
1915,587201.3210970102,517563.8284476419,CE_corregida_OLS,474.52128960640147,2785.108766850133,52.77412971191598,474.52128960640147,2785.108766850133
1916,587201.6091537323,517563.8284476419,CE_corregida_OLS,488.6859121787621,2562.8272974509673,50.624374538861886,488.6859121787621,2562.8272974509673
1917,587201.8972104545,517563.8284476419,CE_corregida_OLS,503.32158924835386,2288.858911703798,47.8420203555807,503.32158924835386,2288.858911703798
1918,587202.1852671766,517563.8284476419,CE_corregida_OLS,517.6927952594748,1995.870002688823,44.67516091396676,517.6927952594748,1995.870002688823
1919,587202.4733238987,517563.8284476419,CE_corregida_OLS,530.526829302201,1764.3462052900272,42.00412128934526,530.526829302201,1764.3462052900272
1920,587202.7613806209,517563.8284476419,CE_corregida_OLS,540.3490936954264,1696.0025042956768,41.1825509687741,540.3490936954264,1696.0025042956768
1921,587203.049437343,517563.8284476419,CE_corregida_OLS,546.884532169786,1793.8931143900923,42.35437538661257,546.884532169786,1793.8931143900923
1922,587203.3374940652,517563.8284476419,CE_corregida_OLS,551.2289002885618,1950.314689951388,44.162367349943864,551.2289002885618,1950.314689951388
1923,587203.6255507873,517563.8284476419,CE_corregida_OLS,554.374610769139,2074.3426189998277,45.54495163022821,554.374610769139,2074.3426189998277
1924,587203.9136075096,517563.8284476419,CE_corregida_OLS,556.6386165285875,2137.603039702713,46.234219358638605,556.6386165285875,2137.603039702713
1925,587204.2016642317,517563.8284476419,CE_corregida_OLS,557.7830660456184,2162.1035080402203,46.49842479095631,557.7830660456184,2162.1035080402203
1926,587204.4897209539,517563.8284476419,CE_corregida_OLS,557.2296500254887,2203.457076424041,46.940995690590555,557.2296500254887,2203.457076424041
1927,587204.777777676,517563.8284476419,CE_corregida_OLS,554.4615576123327,2319.565624578731,48.161868989676165,554.4615576123327,2319.565624578731
1928,587205.0658343981,517563.8284476419,CE_corregida_OLS,549.5339395979182,2527.379237429107,50.273046828585066,549.5339395979182,2527.379237429107
1929,587205.3538911203,517563.8284476419,CE_corregida_OLS,543.1085404524101,2796.22815653971,52.87937363982019,543.1085404524101,2796.22815653971
1930,587205.6419478424,517563.8284476419,CE_corregida_OLS,535.998195737485,3082.9636817989517,55.5244422016012,535.998195737485,3082.9636817989517
1931,587205.9300045646,517563.8284476419,CE_corregida_OLS,528.8394181008541,3358.1654661449957,57.94968046628899,528.8394181008541,3358.1654661449957
1932,587206.2180612867,517563.8284476419,CE_corregida_OLS,522.0442234538243,3609.1744777106696,60.076405332798245,522.0442234538243,3609.1744777106696
1933,587206.506118009,517563.8284476419,CE_corregida_OLS,515.853357130389,3834.274397685555,61.92151805055779,515.853357130389,3834.274397685555
1934,587206.7941747311,517563.8284476419,CE_corregida_OLS,510.38874840782546,4036.91050048105,63.53668625668992,510.38874840782546,4036.91050048105
1935,587207.0822314533,517563.8284476419,CE_corregida_OLS,505.68844272646794,4221.876358597689,64.97596754645282,505.68844272646794,4221.876358597689
1936,587207.3702881754,517563.8284476419,CE_corregida_OLS,501.73064903355436,4393.2990315146435,66.28196611081059,501.73064903355436,4393.2990315146435
1937,587207.6583448976,517563.8284476419,CE_corregida_OLS,498.4532452069118,4553.929844861705,67.48281147715842,498.4532452069118,4553.929844861705
1938,587207.9464016197,517563.8284476419,CE_corregida_OLS,495.7709696770835,4705.232593161299,68.59469799599164,495.7709696770835,4705.232593161299
1939,587208.2344583418,517563.8284476419,CE_corregida_OLS,493.58994002861266,4847.817636730211,69.62627116778702,493.58994002861266,4847.817636730211
1940,587193.2555087898,517564.11650436406,CE_corregida_OLS,416.6872188674822,4150.625613663155,64.42534915437521,416.6872188674822,4150.625613663155
1941,587193.5435655119,517564.11650436406,CE_corregida_OLS,415.43478896147377,3964.242323499799,62.962229340294165,415.43478896147377,3964.242323499799
1942,587193.8316222341,517564.11650436406,CE_corregida_OLS,414.49860568152394,3761.0994055566516,61.327802875666855,414.49860568152394,3761.0994055566516
1943,587194.1196789562,517564.11650436406,CE_corregida_OLS,413.8475218182166,3534.82008334091,59.454352938543614,413.8475218182166,3534.82008334091
1944,587194.4077356784,517564.11650436406,CE_corregida_OLS,413.3996198411098,3278.816799143039,57.26095352980982,413.3996198411098,3278.816799143039
1945,587194.6957924005,517564.11650436406,CE_corregida_OLS,413.0134411492823,2990.0497894007794,54.6813477284602,413.0134411492823,2990.0497894007794
1946,587194.9838491228,517564.11650436406,CE_corregida_OLS,412.4718983284298,2675.930278105161,51.72939472007343,412.4718983284298,2675.930278105161
1947,587195.2719058449,517564.11650436406,CE_corregida_OLS,411.45160165019536,2364.8893442839444,48.63012794846364,411.45160165019536,2364.8893442839444
1948,587195.5599625671,517564.11650436406,CE_corregida_OLS,409.50398072801295,2114.1405080766963,45.97978368888545,409.50398072801295,2114.1405080766963
1949,587195.8480192892,517564.11650436406,CE_corregida_OLS,406.17837338214224,1986.9372952165586,44.57507482008929,406.17837338214224,1986.9372952165586
1950,587196.1360760113,517564.11650436406,CE_corregida_OLS,401.3596995343667,1986.7384468099192,44.57284427552183,401.3596995343667,1986.7384468099192
1951,587196.4241327335,517564.11650436406,CE_corregida_OLS,395.3974003884231,2041.6838729789715,45.18499610466921,395.3974003884231,2041.6838729789715
1952,587196.7121894556,517564.11650436406,CE_corregida_OLS,388.8469883875104,2074.274099957204,45.54419941065167,388.8469883875104,2074.274099957204
1953,587197.0002461778,517564.11650436406,CE_corregida_OLS,382.3368952175991,2049.622249667335,45.27275394392675,382.3368952175991,2049.622249667335
1954,587197.2883028999,517564.11650436406,CE_corregida_OLS,376.6909765659125,1982.8079553507082,44.52873179589453,376.6909765659125,1982.8079553507082
1955,587197.5763596221,517564.11650436406,CE_corregida_OLS,373.0551175265737,1934.7863592659514,43.98620646595875,373.0551175265737,1934.7863592659514
1956,587197.8644163442,517564.11650436406,CE_corregida_OLS,372.57992526568535,1982.113308135729,44.52093112386273,372.57992526568535,1982.113308135729
1957,587198.1524730665,517564.11650436406,CE_corregida_OLS,375.52309685260707,2147.819337846013,46.34457182719474,375.52309685260707,2147.819337846013
1958,587198.4405297886,517564.11650436406,CE_corregida_OLS,381.0406668068457,2381.4057478038735,48.79964905410564,381.0406668068457,2381.4057478038735
1959,587198.7285865108,517564.11650436406,CE_corregida_OLS,388.07135078780266,2618.8693748745886,51.174890081705,388.07135078780266,2618.8693748745886
1960,587199.0166432329,517564.11650436406,CE_corregida_OLS,395.916409414552,2822.235248523762,53.124714102983766,395.916409414552,2822.235248523762
1961,587199.304699955,517564.11650436406,CE_corregida_OLS,404.2448273647475,2978.1038400229354,54.572006010618075,404.2448273647475,2978.1038400229354
1962,587199.5927566772,517564.11650436406,CE_corregida_OLS,412.9596113303654,3086.51226461822,55.55638815310279,412.9596113303654,3086.51226461822
1963,587199.8808133993,517564.11650436406,CE_corregida_OLS,422.0950903192709,3152.525474687605,56.147355010611186,422.0950903192709,3152.525474687605
1964,587200.1688701215,517564.11650436406,CE_corregida_OLS,431.7499838668561,3181.214192501987,56.4022534346101,431.7499838668561,3181.214192501987
1965,587200.4569268436,517564.11650436406,CE_corregida_OLS,442.0383595180325,3175.0595452091443,56.34766672373528,442.0383595180325,3175.0595452091443
1966,587200.7449835659,517564.11650436406,CE_corregida_OLS,453.0487426503933,3133.2057847860788,55.97504609007552,453.0487426503933,3133.2057847860788
1967,587201.033040288,517564.11650436406,CE_corregida_OLS,464.80874345343074,3052.304362050797,55.247663860572395,464.80874345343074,3052.304362050797
1968,587201.3210970102,517564.11650436406,CE_corregida_OLS,477.25346295346486,2928.9030085322693,54.11934042957535,477.25346295346486,2928.9030085322693
1969,587201.6091537323,517564.11650436406,CE_corregida_OLS,490.191666876675,2763.5555029327475,52.569530176070124,490.191666876675,2763.5555029327475
1970,587201.8972104545,517564.11650436406,CE_corregida_OLS,503.26058488702495,2566.8552423182286,50.66414158276274,503.26058488702495,2566.8552423182286
1971,587202.1852671766,517564.11650436406,CE_corregida_OLS,515.8768753904832,2366.083946237341,48.64240892716294,515.8768753904832,2366.083946237341
1972,587202.4733238987,517564.11650436406,CE_corregida_OLS,527.2662937612679,2204.805889025074,46.95536059945738,527.2662937612679,2204.805889025074
1973,587202.7613806209,517564.11650436406,CE_corregida_OLS,536.7468419650836,2120.092683575131,46.044464201195034,536.7468419650836,2120.092683575131
1974,587203.049437343,517564.11650436406,CE_corregida_OLS,544.1826987167574,2105.0483651291397,45.880806064509585,544.1826987167574,2105.0483651291397
1975,587203.3374940652,517564.11650436406,CE_corregida_OLS,550.0166561528166,2107.85227769465,45.911352383638736,550.0166561528166,2107.85227769465
1976,587203.6255507873,517564.11650436406,CE_corregida_OLS,554.7913867882401,2073.080124980715,45.53108965290327,554.7913867882401,2073.080124980715
1977,587203.9136075096,517564.11650436406,CE_corregida_OLS,558.7309255291959,1975.724619854419,44.449123949234576,558.7309255291959,1975.724619854419
1978,587204.2016642317,517564.11650436406,CE_corregida_OLS,561.5120158509045,1839.3821819921059,42.888019096154416,561.5120158509045,1839.3821819921059
1979,587204.4897209539,517564.11650436406,CE_corregida_OLS,562.1184162168734,1750.618603956284,41.84039440488443,562.1184162168734,1750.618603956284
1980,587204.777777676,517564.11650436406,CE_corregida_OLS,559.3201561487452,1824.4502979486417,42.71358446617003,559.3201561487452,1824.4502979486417
1981,587205.0658343981,517564.11650436406,CE_corregida_OLS,553.1819984205719,2079.3074969264685,45.59942430477022,553.1819984205719,2079.3074969264685
1982,587205.3538911203,517564.11650436406,CE_corregida_OLS,545.1484687741771,2422.904516451609,49.22300799881707,545.1484687741771,2422.904516451609
1983,587205.6419478424,517564.11650436406,CE_corregida_OLS,536.5765920789134,2770.6974480506615,52.6374149066105,536.5765920789134,2770.6974480506615
1984,587205.9300045646,517564.11650436406,CE_corregida_OLS,528.2567366048031,3085.1220466890477,55.54387497005451,528.2567366048031,3085.1220466890477
1985,587206.2180612867,517564.11650436406,CE_corregida_OLS,520.6011046668027,3358.4636235693865,57.95225296370614,520.6011046668027,3358.4636235693865
1986,587206.506118009,517564.11650436406,CE_corregida_OLS,513.8177117108739,3596.0992777276397,59.96748517094609,513.8177117108739,3596.0992777276397
1987,587206.7941747311,517564.11650436406,CE_corregida_OLS,507.9924058422762,3807.273169345542,61.70310502191557,507.9924058422762,3807.273169345542
1988,587207.0822314533,517564.11650436406,CE_corregida_OLS,503.12532175924224,4000.464817062076,63.24922779814846,503.12532175924224,4000.464817062076
1989,587207.3702881754,517564.11650436406,CE_corregida_OLS,499.1534146052161,4181.478513474759,64.66435272601713,499.1534146052161,4181.478513474759
1990,587207.6583448976,517564.11650436406,CE_corregida_OLS,495.9716119864439,4353.276005816432,65.97936045322379,495.9716119864439,4353.276005816432
1991,587207.9464016197,517564.11650436406,CE_corregida_OLS,493.4539660159528,4516.752361801234,67.20678806341837,493.4539660159528,4516.752361801234
1992,587208.2344583418,517564.11650436406,CE_corregida_OLS,491.4719766485276,4671.750586025412,68.35020545708267,491.4719766485276,4671.750586025412
1993,587208.522515064,517564.11650436406,CE_corregida_OLS,489.9076526460139,4817.863489527311,69.41083121190317,489.9076526460139,4817.863489527311
1994,587193.5435655119,517564.4045610862,CE_corregida_OLS,418.0924990541823,4185.103811583967,64.69237831138972,418.0924990541823,4185.103811583967
1995,587193.8316222341,517564.4045610862,CE_corregida_OLS,416.8525575626511,3992.4380020847066,63.18574207908542,416.8525575626511,3992.4380020847066
1996,587194.1196789562,517564.4045610862,CE_corregida_OLS,415.75251783081535,3780.2795193919233,61.483977745359994,415.75251783081535,3780.2795193919233
1997,587194.4077356784,517564.4045610862,CE_corregida_OLS,414.70119386193767,3546.336363895196,59.551123951569515,414.70119386193767,3546.336363895196
1998,587194.6957924005,517564.4045610862,CE_corregida_OLS,413.5552776756135,3292.3689529095454,57.37916828352905,413.5552776756135,3292.3689529095454
1999,587194.9838491228,517564.4045610862,CE_corregida_OLS,412.11044124975683,3028.115835845188,55.02831849007553,412.11044124975683,3028.115835845188
2000,587195.2719058449,517564.4045610862,CE_corregida_OLS,410.0970625625855,2774.625523370299,52.67471426946993,410.0970625625855,2774.625523370299
2001,587195.5599625671,517564.4045610862,CE_corregida_OLS,407.2038722509655,2561.593230570462,50.61218460578897,407.2038722509655,2561.593230570462
2002,587195.8480192892,517564.4045610862,CE_corregida_OLS,403.1656980916201,2411.303563692025,49.105025849621796,403.1656980916201,2411.303563692025
2003,587196.1360760113,517564.4045610862,CE_corregida_OLS,397.8924975800633,2315.5833299949995,48.12050841372106,397.8924975800633,2315.5833299949995
2004,587196.4241327335,517564.4045610862,CE_corregida_OLS,391.5184859007246,2233.0265100316274,47.25490990396265,391.5184859007246,2233.0265100316274
2005,587196.7121894556,517564.4045610862,CE_corregida_OLS,384.3421926157116,2113.7446018616793,45.9754782668074,384.3421926157116,2113.7446018616793
2006,587197.0002461778,517564.4045610862,CE_corregida_OLS,376.81200077990184,1926.9986200327205,43.89759241726954,376.81200077990184,1926.9986200327205
2007,587197.2883028999,517564.4045610862,CE_corregida_OLS,369.72236839463557,1684.3618966949284,41.040978261914375,369.72236839463557,1684.3618966949284
2008,587197.5763596221,517564.4045610862,CE_corregida_OLS,364.7300784329179,1475.8467912978485,38.41675144123783,364.7300784329179,1475.8467912978485
2009,587197.8644163442,517564.4045610862,CE_corregida_OLS,364.40181923683446,1473.1159685932923,38.38119290216619,364.40181923683446,1473.1159685932923
2010,587198.1524730665,517564.4045610862,CE_corregida_OLS,369.37641091580224,1722.9398019247503,41.50831003455513,369.37641091580224,1722.9398019247503
2011,587198.4405297886,517564.4045610862,CE_corregida_OLS,377.39699035669116,2071.4965603161927,45.513696403568375,377.39699035669116,2071.4965603161927
2012,587198.7285865108,517564.4045610862,CE_corregida_OLS,386.58095480319935,2397.530203043777,48.9645811076106,386.58095480319935,2397.530203043777
2013,587199.0166432329,517564.4045610862,CE_corregida_OLS,396.12672844942324,2660.0431674515444,51.575606321705465,396.12672844942324,2660.0431674515444
2014,587199.304699955,517564.4045610862,CE_corregida_OLS,405.7666949920732,2855.71103074218,53.438853194489305,405.7666949920732,2855.71103074218
2015,587199.5927566772,517564.4045610862,CE_corregida_OLS,415.4564518342231,2994.1450389024003,54.71878140915055,415.4564518342231,2994.1450389024003
2016,587199.8808133993,517564.4045610862,CE_corregida_OLS,425.25139746649415,3087.1274234333982,55.56192422363896,425.25139746649415,3087.1274234333982
2017,587200.1688701215,517564.4045610862,CE_corregida_OLS,435.25100869278367,3143.676814354456,56.06850108888641,435.25100869278367,3143.676814354456
2018,587200.4569268436,517564.4045610862,CE_corregida_OLS,445.56290879950495,3168.2296258302786,56.28702893056516,445.56290879950495,3168.2296258302786
2019,587200.7449835659,517564.4045610862,CE_corregida_OLS,456.27132377455854,3161.0320185249207,56.22305593370855,456.27132377455854,3161.0320185249207
2020,587201.033040288,517564.4045610862,CE_corregida_OLS,467.4072331309779,3120.0583304459283,55.857482313884574,467.4072331309779,3120.0583304459283
2021,587201.3210970102,517564.4045610862,CE_corregida_OLS,478.92100345313105,3043.8210686940497,55.170835309011316,478.92100345313105,3043.8210686940497
2022,587201.6091537323,517564.4045610862,CE_corregida_OLS,490.6579773328632,2934.612509549269,54.17206392181554,490.6579773328632,2934.612509549269
2023,587201.8972104545,517564.4045610862,CE_corregida_OLS,502.34014803432865,2801.5731697950846,52.92988919122243,502.34014803432865,2801.5731697950846
2024,587202.1852671766,517564.4045610862,CE_corregida_OLS,513.5708740242006,2661.8352431687504,51.59297668451347,513.5708740242006,2661.8352431687504
2025,587202.4733238987,517564.4045610862,CE_corregida_OLS,523.9031416371068,2536.032366368118,50.35903460520384,523.9031416371068,2536.032366368118
2026,587202.7613806209,517564.4045610862,CE_corregida_OLS,533.0009310100343,2435.6207969133343,49.352009046373524,533.0009310100343,2435.6207969133343
2027,587203.049437343,517564.4045610862,CE_corregida_OLS,540.8122332972272,2349.2367529500902,48.46892564262272,540.8122332972272,2349.2367529500902
2028,587203.3374940652,517564.4045610862,CE_corregida_OLS,547.5787256697422,2242.965528416131,47.3599570145089,547.5787256697422,2242.965528416131
2029,587203.6255507873,517564.4045610862,CE_corregida_OLS,553.653888157274,2076.0781111325878,45.5640001660586,553.653888157274,2076.0781111325878
2030,587203.9136075096,517564.4045610862,CE_corregida_OLS,559.2641715675231,1820.3522889127394,42.665586705361726,559.2641715675231,1820.3522889127394
2031,587204.2016642317,517564.4045610862,CE_corregida_OLS,564.1956458339903,1485.329786039138,38.53997646650991,564.1956458339903,1485.329786039138
2032,587204.4897209539,517564.4045610862,CE_corregida_OLS,566.9812067664374,1187.7321204093964,34.46348967254182,566.9812067664374,1187.7321204093964
2033,587204.777777676,517564.4045610862,CE_corregida_OLS,564.2173169623693,1218.3774849125127,34.90526442977495,564.2173169623693,1218.3774849125127
2034,587205.0658343981,517564.4045610862,CE_corregida_OLS,555.881261292813,1604.8991162327204,40.06119214692344,555.881261292813,1604.8991162327204
2035,587205.3538911203,517564.4045610862,CE_corregida_OLS,545.6842691856576,2068.905369455019,45.48522144010095,545.6842691856576,2068.905369455019
2036,587205.6419478424,517564.4045610862,CE_corregida_OLS,535.5390771848693,2484.070611675826,49.840451559710274,535.5390771848693,2484.070611675826
2037,587205.9300045646,517564.4045610862,CE_corregida_OLS,526.1243771316373,2828.3430427439384,53.182168465980574,526.1243771316373,2828.3430427439384
2038,587206.2180612867,517564.4045610862,CE_corregida_OLS,517.7305057002275,3111.1132047314304,55.777353869930316,517.7305057002275,3111.1132047314304
2039,587206.506118009,517564.4045610862,CE_corregida_OLS,510.49694595709065,3349.9335729492173,57.87861066878867,510.49694595709065,3349.9335729492173
2040,587206.7941747311,517564.4045610862,CE_corregida_OLS,504.46698101341485,3561.828150967376,59.681053534328434,504.46698101341485,3561.828150967376
2041,587207.0822314533,517564.4045610862,CE_corregida_OLS,499.5998980599102,3759.2815481924895,61.312980258608285,499.5998980599102,3759.2815481924895
2042,587207.3702881754,517564.4045610862,CE_corregida_OLS,495.7840741120315,3949.051732027072,62.84148098212734,495.7840741120315,3949.051732027072
2043,587207.6583448976,517564.4045610862,CE_corregida_OLS,492.86097952289003,4133.11848317751,64.2893341323233,492.86097952289003,4133.11848317751
2044,587207.9464016197,517564.4045610862,CE_corregida_OLS,490.65426683165697,4310.677894974862,65.655752946523,490.65426683165697,4310.677894974862
2045,587208.2344583418,517564.4045610862,CE_corregida_OLS,488.9946324322739,4480.0396536314975,66.93309834178825,488.9946324322739,4480.0396536314975
2046,587208.522515064,517564.4045610862,CE_corregida_OLS,487.7354909387591,4639.812411437887,68.11616850233054,487.7354909387591,4639.812411437887
2047,587208.8105717861,517564.4045610862,CE_corregida_OLS,486.75968098655767,4789.3470714837085,69.20510870942772,486.75968098655767,4789.3470714837085
2048,587194.1196789562,517564.69261780835,CE_corregida_OLS,417.5539093714325,4017.814201413243,63.38623037705621,417.5539093714325,4017.814201413243
2049,587194.4077356784,517564.69261780835,CE_corregida_OLS,416.00267808496267,3806.935540631775,61.700369047776164,416.00267808496267,3806.935540631775
2050,587194.6957924005,517564.69261780835,CE_corregida_OLS,414.2527418633141,3583.292881431408,59.860612103714814,414.2527418633141,3583.292881431408
2051,587194.9838491228,517564.69261780835,CE_corregida_OLS,412.1271714751426,3354.6331077768396,57.919194640264465,412.1271714751426,3354.6331077768396
2052,587195.2719058449,517564.69261780835,CE_corregida_OLS,409.4128691524098,3133.3477512957525,55.97631419891589,409.4128691524098,3133.3477512957525
2053,587195.5599625671,517564.69261780835,CE_corregida_OLS,405.8861150319759,2932.4599648500966,54.152192613504546,405.8861150319759,2932.4599648500966
2054,587195.8480192892,517564.69261780835,CE_corregida_OLS,401.36207667608994,2756.670508330877,52.50400468850807,401.36207667608994,2756.670508330877
2055,587196.1360760113,517564.69261780835,CE_corregida_OLS,395.74832605591837,2593.209128116362,50.92356162049511,395.74832605591837,2593.209128116362
2056,587196.4241327335,517564.69261780835,CE_corregida_OLS,389.0628206537408,2411.195573209201,49.1039262504456,389.0628206537408,2411.195573209201
2057,587196.7121894556,517564.69261780835,CE_corregida_OLS,381.41006145068246,2171.2218256829537,46.596371378927714,381.41006145068246,2171.2218256829537
2058,587197.0002461778,517564.69261780835,CE_corregida_OLS,372.9690487194839,1838.228014654485,42.87456139314413,372.9690487194839,1838.228014654485
2059,587197.2883028999,517564.69261780835,CE_corregida_OLS,364.11267280338114,1397.534561117923,37.383613537456796,364.11267280338114,1397.534561117923
2060,587197.5763596221,517564.69261780835,CE_corregida_OLS,356.23609641605515,917.1427898927948,30.284365436521774,356.23609641605515,917.1427898927948
2061,587197.8644163442,517564.69261780835,CE_corregida_OLS,355.4420087112143,822.2279175996623,28.674516867763653,355.4420087112143,822.2279175996623
2062,587198.1524730665,517564.69261780835,CE_corregida_OLS,364.1942240845149,1288.0794879009568,35.8898242946515,364.1942240845149,1288.0794879009568
2063,587198.4405297886,517564.69261780835,CE_corregida_OLS,375.2749430875772,1794.71223991982,42.36404418749253,375.2749430875772,1794.71223991982
2064,587198.7285865108,517564.69261780835,CE_corregida_OLS,386.470211320835,2200.5573019565823,46.910098080867215,386.470211320835,2200.5573019565823
2065,587199.0166432329,517564.69261780835,CE_corregida_OLS,397.3996640932353,2501.0664475180756,50.01066333811296,397.3996640932353,2501.0664475180756
2066,587199.304699955,517564.69261780835,CE_corregida_OLS,408.01579771357837,2715.784204243735,52.113186471791714,408.01579771357837,2715.784204243735
2067,587199.5927566772,517564.69261780835,CE_corregida_OLS,418.36133758270705,2867.9571703747224,53.55331147907403,418.36133758270705,2867.9571703747224
2068,587199.8808133993,517564.69261780835,CE_corregida_OLS,428.51846786697337,2977.521798988861,54.56667296976114,428.51846786697337,2977.521798988861
2069,587200.1688701215,517564.69261780835,CE_corregida_OLS,438.59205980581663,3057.4679849292384,55.29437570792565,438.59205980581663,3057.4679849292384
2070,587200.4569268436,517564.69261780835,CE_corregida_OLS,448.6928086522576,3113.016825934768,55.79441572357191,448.6928086522576,3113.016825934768
2071,587200.7449835659,517564.69261780835,CE_corregida_OLS,458.9132850122216,3143.5064824571755,56.066982105845284,458.9132850122216,3143.5064824571755
2072,587201.033040288,517564.69261780835,CE_corregida_OLS,469.3010521768608,3145.776294315792,56.08722041887788,469.3010521768608,3145.776294315792
2073,587201.3210970102,517564.69261780835,CE_corregida_OLS,479.83555392204715,3117.5527846542514,55.83504978644016,479.83555392204715,3117.5527846542514
2074,587201.6091537323,517564.69261780835,CE_corregida_OLS,490.4135835933783,3059.9367577728244,55.31669510891648,490.4135835933783,3059.9367577728244
2075,587201.8972104545,517564.69261780835,CE_corregida_OLS,500.8482862727021,2978.5018976804267,54.57565297530051,500.8482862727021,2978.5018976804267
2076,587202.1852671766,517564.69261780835,CE_corregida_OLS,510.8914261494816,2882.2456775254946,53.68655024794846,510.8914261494816,2882.2456775254946
2077,587202.4733238987,517564.69261780835,CE_corregida_OLS,520.2912761869703,2779.3942096826418,52.71996025873542,520.2912761869703,2779.3942096826418
2078,587202.7613806209,517564.69261780835,CE_corregida_OLS,528.8820899055104,2670.4767233136804,51.67665549659421,528.8820899055104,2670.4767233136804
2079,587203.049437343,517564.69261780835,CE_corregida_OLS,536.6623308947665,2542.398905392099,50.42220647088046,536.6623308947665,2542.398905392099
2080,587203.3374940652,517564.69261780835,CE_corregida_OLS,543.8040028125812,2368.299517096651,48.665177664287334,543.8040028125812,2368.299517096651
2081,587203.6255507873,517564.69261780835,CE_corregida_OLS,550.5867183653421,2113.338875164352,45.97106563007162,550.5867183653421,2113.338875164352
2082,587203.9136075096,517564.69261780835,CE_corregida_OLS,557.3059929117571,1741.9765824112162,41.736992972795925,557.3059929117571,1741.9765824112162
2083,587204.2016642317,517564.69261780835,CE_corregida_OLS,564.175561827237,1225.261676787089,35.003738040202066,564.175561827237,1225.261676787089
2084,587204.4897209539,517564.69261780835,CE_corregida_OLS,570.866421975049,578.686507372881,24.055903794554904,570.866421975049,578.686507372881
2085,587204.777777676,517564.69261780835,CE_corregida_OLS,568.3028051209162,557.579479370111,23.613120915501852,568.3028051209162,557.579479370111
2086,587205.0658343981,517564.69261780835,CE_corregida_OLS,555.8388222407771,1240.6782517166412,35.22326293398499,555.8388222407771,1240.6782517166412
2087,587205.3538911203,517564.69261780835,CE_corregida_OLS,543.5577504431424,1817.8378234348897,42.636109384357404,543.5577504431424,1817.8378234348897
2088,587205.6419478424,517564.69261780835,CE_corregida_OLS,532.2272342166167,2264.254772425089,47.58418615911266,532.2272342166167,2264.254772425089
2089,587205.9300045646,517564.69261780835,CE_corregida_OLS,522.0515716533246,2605.020081218162,51.03939734379866,522.0515716533246,2605.020081218162
2090,587206.2180612867,517564.69261780835,CE_corregida_OLS,513.1777397160556,2871.075072318214,53.58241383437493,513.1777397160556,2871.075072318214
2091,587206.506118009,517564.69261780835,CE_corregida_OLS,505.7125865162489,3092.680539395108,55.61187408634156,505.7125865162489,3092.680539395108
2092,587206.7941747311,517564.69261780835,CE_corregida_OLS,499.6896053820533,3294.5757375840158,57.398394904248114,499.6896053820533,3294.5757375840158
2093,587207.0822314533,517564.69261780835,CE_corregida_OLS,495.04031767671125,3492.2562131870145,59.0953146466538,495.04031767671125,3492.2562131870145
2094,587207.3702881754,517564.69261780835,CE_corregida_OLS,491.5982889331193,3691.388838497586,60.75680075923671,491.5982889331193,3691.388838497586
2095,587207.6583448976,517564.69261780835,CE_corregida_OLS,489.13642156432655,3890.5972094283643,62.37465197841479,489.13642156432655,3890.5972094283643
2096,587207.9464016197,517564.69261780835,CE_corregida_OLS,487.414754838883,4085.5274296999505,63.91813068058194,487.414754838883,4085.5274296999505
2097,587208.2344583418,517564.69261780835,CE_corregida_OLS,486.2167069831717,4271.973132155481,65.3603330174769,486.2167069831717,4271.973132155481
2098,587208.522515064,517564.69261780835,CE_corregida_OLS,485.3669265456592,4447.297983665627,66.68806477673218,485.3669265456592,4447.297983665627
2099,587208.8105717861,517564.69261780835,CE_corregida_OLS,484.7349701425525,4610.560480371308,67.90110809383974,484.7349701425525,4610.560480371308
2100,587209.0986285083,517564.69261780835,CE_corregida_OLS,484.23130082576023,4762.031783511089,69.00747628707407,484.23130082576023,4762.031783511089
2101,587209.3866852304,517564.69261780835,CE_corregida_OLS,483.8001923003602,4902.607905176971,70.0186254162203,483.8001923003602,4902.607905176971
2102,587194.4077356784,517564.98067453055,CE_corregida_OLS,417.4281155030573,4052.6665892573074,63.66055756319848,417.4281155030573,4052.6665892573074
2103,587194.6957924005,517564.98067453055,CE_corregida_OLS,415.23777457658866,3853.048326051645,62.07292748092074,415.23777457658866,3853.048326051645
2104,587194.9838491228,517564.98067453055,CE_corregida_OLS,412.6448301611799,3648.6733516793083,60.40424945050893,412.6448301611799,3648.6733516793083
2105,587195.2719058449,517564.98067453055,CE_corregida_OLS,409.4846195969198,3445.4568754302295,58.69801423753813,409.4846195969198,3445.4568754302295
2106,587195.5599625671,517564.98067453055,CE_corregida_OLS,405.5927404159416,3247.3022786208767,56.98510576125025,405.5927404159416,3247.3022786208767
2107,587195.8480192892,517564.98067453055,CE_corregida_OLS,400.8325155544593,3051.269272474231,55.23829534366743,400.8325155544593,3051.269272474231
2108,587196.1360760113,517564.98067453055,CE_corregida_OLS,395.1194515366074,2843.513425264084,53.32460431418206,395.1194515366074,2843.513425264084
2109,587196.4241327335,517564.98067453055,CE_corregida_OLS,388.4276066976663,2599.0302516176243,50.98068508383959,388.4276066976663,2599.0302516176243
2110,587196.7121894556,517564.98067453055,CE_corregida_OLS,380.77426450883536,2285.5017862401937,47.806921949025266,380.77426450883536,2285.5017862401937
2111,587197.0002461778,517564.98067453055,CE_corregida_OLS,372.1952905629586,1868.326957100719,43.22414784701625,372.1952905629586,1868.326957100719
2112,587197.2883028999,517564.98067453055,CE_corregida_OLS,362.7273576017535,1314.0319248867231,36.24957827184646,362.7273576017535,1314.0319248867231
2113,587197.5763596221,517564.98067453055,CE_corregida_OLS,352.42737454221435,593.1968799507448,24.355633433576404,352.42737454221435,593.1968799507448
2114,587197.8644163442,517564.98067453055,CE_corregida_OLS,350.0588862491202,327.66800184544337,18.101602190011892,350.0588862491202,327.66800184544337
2115,587198.1524730665,517564.98067453055,CE_corregida_OLS,363.5142938999163,1085.8433946591479,32.95213793760805,363.5142938999163,1085.8433946591479
2116,587198.4405297886,517564.98067453055,CE_corregida_OLS,376.358862838881,1659.9276050099957,40.74220913266726,376.358862838881,1659.9276050099957
2117,587198.7285865108,517564.98067453055,CE_corregida_OLS,388.56570628718123,2074.6335440386283,45.54814534137069,388.56570628718123,2074.6335440386283
2118,587199.0166432329,517564.98067453055,CE_corregida_OLS,400.19431958863015,2363.748868203139,48.61840051053859,400.19431958863015,2363.748868203139
2119,587199.304699955,517564.98067453055,CE_corregida_OLS,411.29443381806107,2562.560888242352,50.62174323590953,411.29443381806107,2562.560888242352
2120,587199.5927566772,517564.98067453055,CE_corregida_OLS,421.9128412038791,2704.81990394527,52.007883094250914,421.9128412038791,2704.81990394527
2121,587199.8808133993,517564.98067453055,CE_corregida_OLS,432.1115191802718,2817.582658590397,53.08090672351403,432.1115191802718,2817.582658590397
2122,587200.1688701215,517564.98067453055,CE_corregida_OLS,441.98150757626354,2916.3284691365197,54.0030412952504,441.98150757626354,2916.3284691365197
2123,587200.4569268436,517564.98067453055,CE_corregida_OLS,451.6370662246949,3004.16625075421,54.81027504724101,451.6370662246949,3004.16625075421
2124,587200.7449835659,517564.98067453055,CE_corregida_OLS,461.1888492804229,3075.9798643391114,55.461516967525434,461.1888492804229,3075.9798643391114
2125,587201.033040288,517564.98067453055,CE_corregida_OLS,470.7111798956574,3124.391954077456,55.89626064485402,470.7111798956574,3124.391954077456
2126,587201.3210970102,517564.98067453055,CE_corregida_OLS,480.21879181440227,3144.186272371783,56.07304407976959,480.21879181440227,3144.186272371783
2127,587201.6091537323,517564.98067453055,CE_corregida_OLS,489.6588635952607,3134.139665646774,55.98338740775494,489.6588635952607,3134.139665646774
2128,587201.8972104545,517564.98067453055,CE_corregida_OLS,498.91889555935586,3096.691521902058,55.647924686389324,498.91889555935586,3096.691521902058
2129,587202.1852671766,517564.98067453055,CE_corregida_OLS,507.8515062932917,3035.9199146420037,55.09918252244768,507.8515062932917,3035.9199146420037
2130,587202.4733238987,517564.98067453055,CE_corregida_OLS,516.316345809663,2954.10806762974,54.35170712709712,516.316345809663,2954.10806762974
2131,587202.7613806209,517564.98067453055,CE_corregida_OLS,524.230722021957,2847.7128069766063,53.3639654352692,524.230722021957,2847.7128069766063
2132,587203.049437343,517564.98067453055,CE_corregida_OLS,531.6078539770697,2704.507224181418,52.004876926894255,531.6078539770697,2704.507224181418
2133,587203.3374940652,517564.98067453055,CE_corregida_OLS,538.5607050258244,2503.629682261076,50.036283657572696,538.5607050258244,2503.629682261076
2134,587203.6255507873,517564.98067453055,CE_corregida_OLS,545.2674751941786,2218.646453311059,47.102510053192056,545.2674751941786,2218.646453311059
2135,587203.9136075096,517564.98067453055,CE_corregida_OLS,551.9089144976356,1822.6208844919372,42.6921642048273,551.9089144976356,1822.6208844919372
2136,587204.2016642317,517564.98067453055,CE_corregida_OLS,558.5422018663558,1298.212065978368,36.030710039886365,558.5422018663558,1298.212065978368
2137,587204.4897209539,517564.98067453055,CE_corregida_OLS,564.3420007868025,700.9015767261164,26.47454582662593,564.3420007868025,700.9015767261164
2138,587204.777777676,517564.98067453055,CE_corregida_OLS,561.6114370372298,664.6970962247163,25.78172019522197,561.6114370372298,664.6970962247163
2139,587205.0658343981,517564.98067453055,CE_corregida_OLS,549.9236339844706,1237.8622584425482,35.183266739212094,549.9236339844706,1237.8622584425482
2140,587205.3538911203,517564.98067453055,CE_corregida_OLS,537.6939965003153,1750.6454633857772,41.840715378513515,537.6939965003153,1750.6454633857772
2141,587205.6419478424,517564.98067453055,CE_corregida_OLS,526.2107419652384,2138.1006399976786,46.23960034426853,526.2107419652384,2138.1006399976786
2142,587205.9300045646,517564.98067453055,CE_corregida_OLS,515.8303987376393,2420.5661080621912,49.19924905994187,515.8303987376393,2420.5661080621912
2143,587206.2180612867,517564.98067453055,CE_corregida_OLS,506.81096341698907,2633.1924518762667,51.31464169100537,506.81096341698907,2633.1924518762667
2144,587206.506118009,517564.98067453055,CE_corregida_OLS,499.3642853098919,2813.9717903193537,53.04688294630848,499.3642853098919,2813.9717903193537
2145,587206.7941747311,517564.98067453055,CE_corregida_OLS,493.59325238709266,2994.205875526891,54.71933730891568,493.59325238709266,2994.205875526891
2146,587207.0822314533,517564.98067453055,CE_corregida_OLS,489.4269746037631,3190.3929705175215,56.48356372005507,489.4269746037631,3190.3929705175215
2147,587207.3702881754,517564.98067453055,CE_corregida_OLS,486.62777869878255,3403.137874435699,58.33641979446201,486.62777869878255,3403.137874435699
2148,587207.6583448976,517564.98067453055,CE_corregida_OLS,484.8706340942518,3623.5226613679524,60.195703014151704,484.8706340942518,3623.5226613679524
2149,587207.9464016197,517564.98067453055,CE_corregida_OLS,483.8321933336165,3840.982436329246,61.9756600314127,483.8321933336165,3840.982436329246
2150,587208.2344583418,517564.98067453055,CE_corregida_OLS,483.24328917684267,4047.894112870537,63.623062743556574,483.24328917684267,4047.894112870537
2151,587208.522515064,517564.98067453055,CE_corregida_OLS,482.90403737597677,4240.568775624316,65.1196496890479,482.90403737597677,4240.568775624316
2152,587208.8105717861,517564.98067453055,CE_corregida_OLS,482.67886925507537,4418.357609024736,66.47072745972272,482.67886925507537,4418.357609024736
2153,587209.0986285083,517564.98067453055,CE_corregida_OLS,482.48486128648176,4582.310086110039,67.69276243521193,482.48486128648176,4582.310086110039
2154,587209.3866852304,517564.98067453055,CE_corregida_OLS,482.2793520743276,4734.076359010687,68.8046245466879,482.2793520743276,4734.076359010687
2155,587209.6747419527,517564.98067453055,CE_corregida_OLS,482.0486863520335,4875.244791474076,69.82295318499553,482.0486863520335,4875.244791474076
2156,587194.6957924005,517565.2687312527,CE_corregida_OLS,416.5781589385204,4099.207253444983,64.02505176448499,416.5781589385204,4099.207253444983
2157,587194.9838491228,517565.2687312527,CE_corregida_OLS,413.7082377952251,3912.0112308977727,62.54607286551069,413.7082377952251,3912.0112308977727
2158,587195.2719058449,517565.2687312527,CE_corregida_OLS,410.32184877747454,3720.4149560023807,60.99520436888773,410.32184877747454,3720.4149560023807
2159,587195.5599625671,517565.2687312527,CE_corregida_OLS,406.30204720470357,3523.8327101625946,59.361879267443975,406.30204720470357,3523.8327101625946
2160,587195.8480192892,517565.2687312527,CE_corregida_OLS,401.55556393845063,3316.6900350293695,57.59071136068185,401.55556393845063,3316.6900350293695
2161,587196.1360760113,517565.2687312527,CE_corregida_OLS,396.02895553479567,3086.7199680299855,55.55825742434679,396.02895553479567,3086.7199680299855
2162,587196.4241327335,517565.2687312527,CE_corregida_OLS,389.71943715318326,2815.4258496094553,53.06058659315269,389.71943715318326,2815.4258496094553
2163,587196.7121894556,517565.2687312527,CE_corregida_OLS,382.685841204848,2481.2771555774643,49.81241969205536,382.685841204848,2481.2771555774643
2164,587197.0002461778,517565.2687312527,CE_corregida_OLS,375.0883836288538,2066.266558562494,45.45620484117096,375.0883836288538,2066.266558562494
2165,587197.2883028999,517565.2687312527,CE_corregida_OLS,367.3683541037212,1572.3346899758462,39.65267569755976,367.3683541037212,1572.3346899758462
2166,587197.5763596221,517565.2687312527,CE_corregida_OLS,361.1127118952946,1087.6223915669984,32.979120539623224,361.1127118952946,1087.6223915669984
2167,587197.8644163442,517565.2687312527,CE_corregida_OLS,361.4246881845964,964.0603273993024,31.049320884671573,361.4246881845964,964.0603273993024
2168,587198.1524730665,517565.2687312527,CE_corregida_OLS,370.06257902312916,1311.5678918092344,36.21557526547431,370.06257902312916,1311.5678918092344
2169,587198.4405297886,517565.2687312527,CE_corregida_OLS,381.4400557138261,1719.343771658181,41.46497041670452,381.4400557138261,1719.343771658181
2170,587198.7285865108,517565.2687312527,CE_corregida_OLS,393.1772981668181,2035.1961302108928,45.11314808579526,393.1772981668181,2035.1961302108928
2171,587199.0166432329,517565.2687312527,CE_corregida_OLS,404.67791463088645,2249.2828123510812,47.42660447840517,404.67791463088645,2249.2828123510812
2172,587199.304699955,517565.2687312527,CE_corregida_OLS,415.73611041371396,2389.062887880469,48.8780409578828,415.73611041371396,2389.062887880469
2173,587199.5927566772,517565.2687312527,CE_corregida_OLS,426.24830346634496,2492.95696419866,49.92951996763698,426.24830346634496,2492.95696419866
2174,587199.8808133993,517565.2687312527,CE_corregida_OLS,436.17690229234626,2594.7825209981424,50.939007852510656,436.17690229234626,2594.7825209981424
2175,587200.1688701215,517565.2687312527,CE_corregida_OLS,445.5682863602661,2710.638891779751,52.063796363497644,445.5682863602661,2710.638891779751
2176,587200.4569268436,517565.2687312527,CE_corregida_OLS,454.5434840607012,2836.217579207559,53.2561506232619,454.5434840607012,2836.217579207559
2177,587200.7449835659,517565.2687312527,CE_corregida_OLS,463.24590384076583,2956.0626742229183,54.369685250357286,463.24590384076583,2956.0626742229183
2178,587201.033040288,517565.2687312527,CE_corregida_OLS,471.7857529135058,3054.8739310163646,55.2709139694321,471.7857529135058,3054.8739310163646
2179,587201.3210970102,517565.2687312527,CE_corregida_OLS,480.21193449297255,3123.244427040598,55.8859949096426,480.21193449297255,3123.244427040598
2180,587201.6091537323,517565.2687312527,CE_corregida_OLS,488.51056287891384,3158.055404607377,56.19657822863753,488.51056287891384,3158.055404607377
2181,587201.8972104545,517565.2687312527,CE_corregida_OLS,496.6194316693614,3160.3159258642795,56.21668725444678,496.6194316693614,3160.3159258642795
2182,587202.1852671766,517565.2687312527,CE_corregida_OLS,504.45185967358174,3132.2152285689867,55.96619719588769,504.45185967358174,3132.2152285689867
2183,587202.4733238987,517565.2687312527,CE_corregida_OLS,511.92587868232914,3074.130388294597,55.444840952920025,511.92587868232914,3074.130388294597
2184,587202.7613806209,517565.2687312527,CE_corregida_OLS,518.9919973518062,2982.165511823406,54.60920720742434,518.9919973518062,2982.165511823406
2185,587203.049437343,517565.2687312527,CE_corregida_OLS,525.6483299630621,2847.028099432683,53.3575496010891,525.6483299630621,2847.028099432683
2186,587203.3374940652,517565.2687312527,CE_corregida_OLS,531.9309919933683,2655.0694842946727,51.52736636288209,531.9309919933683,2655.0694842946727
2187,587203.6255507873,517565.2687312527,CE_corregida_OLS,537.8689118385994,2392.2167150048585,48.91029252626546,537.8689118385994,2392.2167150048585
2188,587203.9136075096,517565.2687312527,CE_corregida_OLS,543.3779557884021,2052.814360041034,45.30799443852082,543.3779557884021,2052.814360041034
2189,587204.2016642317,517565.2687312527,CE_corregida_OLS,547.9930394522039,1661.9926012172289,40.76754347783576,547.9930394522039,1661.9926012172289
2190,587204.4897209539,517565.2687312527,CE_corregida_OLS,550.1819636045369,1333.670618466241,36.519455341861836,550.1819636045369,1333.670618466241
2191,587204.777777676,517565.2687312527,CE_corregida_OLS,547.1513179520533,1290.6213503568224,35.925218863033,547.1513179520533,1290.6213503568224
2192,587205.0658343981,517565.2687312527,CE_corregida_OLS,538.8950455359006,1536.7807855838605,39.201795693359,538.8950455359006,1536.7807855838605
2193,587205.3538911203,517565.2687312527,CE_corregida_OLS,528.4448133144833,1843.1472453705705,42.931890773300104,528.4448133144833,1843.1472453705705
2194,587205.6419478424,517565.2687312527,CE_corregida_OLS,517.7169990843936,2090.3773210148884,45.72064436351361,517.7169990843936,2090.3773210148884
2195,587205.9300045646,517565.2687312527,CE_corregida_OLS,507.6060545396488,2260.7129733282472,47.54695545803377,507.6060545396488,2260.7129733282472
2196,587206.2180612867,517565.2687312527,CE_corregida_OLS,498.6953839820896,2380.558663597028,48.79096907827337,498.6953839820896,2380.558663597028
2197,587206.506118009,517565.2687312527,CE_corregida_OLS,491.45939757505124,2494.611703254684,49.94608796747433,491.45939757505124,2494.611703254684
2198,587206.7941747311,517565.2687312527,CE_corregida_OLS,486.18259952342925,2643.4625646820255,51.41461431034979,486.18259952342925,2643.4625646820255
2199,587207.0822314533,517565.2687312527,CE_corregida_OLS,482.8136514852219,2842.6861481751143,53.31684675761606,482.8136514852219,2842.6861481751143
2200,587207.3702881754,517565.2687312527,CE_corregida_OLS,480.98749491191927,3080.233493707754,55.49985129446523,480.98749491191927,3080.233493707754
2201,587207.6583448976,517565.2687312527,CE_corregida_OLS,480.2191967063564,3332.429183978696,57.72719622481847,480.2191967063564,3332.429183978696
2202,587207.9464016197,517565.2687312527,CE_corregida_OLS,480.07537636286753,3579.3372739911097,59.82756282844146,480.07537636286753,3579.3372739911097
2203,587208.2344583418,517565.2687312527,CE_corregida_OLS,480.23640935935975,3809.9541448476493,61.72482600095078,480.23640935935975,3809.9541448476493
2204,587208.522515064,517565.2687312527,CE_corregida_OLS,480.4912117376725,4020.81297903861,63.409880768210016,480.4912117376725,4020.81297903861
2205,587208.8105717861,517565.2687312527,CE_corregida_OLS,480.7135195866056,4212.871378430123,64.90663585820884,480.7135195866056,4212.871378430123
2206,587209.0986285083,517565.2687312527,CE_corregida_OLS,480.8393977312775,4388.87030007169,66.24854941862267,480.8393977312775,4388.87030007169
2207,587209.3866852304,517565.2687312527,CE_corregida_OLS,480.84934314926215,4551.679053341162,67.46613263957822,480.84934314926215,4551.679053341162
2208,587209.6747419527,517565.2687312527,CE_corregida_OLS,480.7539380162845,4703.529827553295,68.5822850855328,480.7539380162845,4703.529827553295
2209,587209.9627986748,517565.2687312527,CE_corregida_OLS,480.5820182400979,4845.866222050659,69.61225626318011,480.5820182400979,4845.866222050659
2210,587194.9838491228,517565.55678797484,CE_corregida_OLS,415.30615278552136,4149.154252381157,64.4139290245608,415.30615278552136,4149.154252381157
2211,587195.2719058449,517565.55678797484,CE_corregida_OLS,411.87599463354746,3967.17439677272,62.98550941901415,411.87599463354746,3967.17439677272
2212,587195.5599625671,517565.55678797484,CE_corregida_OLS,407.92651853380346,3774.691327539493,61.438516645012626,407.92651853380346,3774.691327539493
2213,587195.8480192892,517565.55678797484,CE_corregida_OLS,403.40908254063817,3566.1632350052723,59.71736125286576,403.40908254063817,3566.1632350052723
2214,587196.1360760113,517565.55678797484,CE_corregida_OLS,398.3174738231859,3332.495305868639,57.72776893201953,398.3174738231859,3332.495305868639
2215,587196.4241327335,517565.55678797484,CE_corregida_OLS,392.70873019206454,3062.385138934643,55.33882126441295,392.70873019206454,3062.385138934643
2216,587196.7121894556,517565.55678797484,CE_corregida_OLS,386.7400434386617,2746.288663510789,52.405044256357506,386.7400434386617,2746.288663510789
2217,587197.0002461778,517565.55678797484,CE_corregida_OLS,380.75516068451054,2384.867026191485,48.835100349968414,380.75516068451054,2384.867026191485
2218,587197.2883028999,517565.55678797484,CE_corregida_OLS,375.49524418378405,2006.6901992537807,44.796095803694556,375.49524418378405,2006.6901992537807
2219,587197.5763596221,517565.55678797484,CE_corregida_OLS,372.4811283504642,1698.1815563615035,41.20899848772721,372.4811283504642,1698.1815563615035
2220,587197.8644163442,517565.55678797484,CE_corregida_OLS,373.8354681932924,1591.516739377527,39.89381831032882,373.8354681932924,1591.516739377527
2221,587198.1524730665,517565.55678797484,CE_corregida_OLS,380.05022449842323,1703.4803107943242,41.27323964500878,380.05022449842323,1703.4803107943242
2222,587198.4405297886,517565.55678797484,CE_corregida_OLS,389.2861910809047,1894.5299564134286,43.52619850634131,389.2861910809047,1894.5299564134286
2223,587198.7285865108,517565.55678797484,CE_corregida_OLS,399.7842460158621,2051.312529248648,45.29141783217487,399.7842460158621,2051.312529248648
2224,587199.0166432329,517565.55678797484,CE_corregida_OLS,410.6065477083781,2139.676151632325,46.25663359597545,410.6065477083781,2139.676151632325
2225,587199.304699955,517565.55678797484,CE_corregida_OLS,421.24978020208033,2177.5495544978776,46.66422135317247,421.24978020208033,2177.5495544978776
2226,587199.5927566772,517565.55678797484,CE_corregida_OLS,431.377362092843,2211.6879245369664,47.02858624854639,431.377362092843,2211.6879245369664
2227,587199.8808133993,517565.55678797484,CE_corregida_OLS,440.77649316319037,2290.15685393826,47.85558330997816,440.77649316319037,2290.15685393826
2228,587200.1688701215,517565.55678797484,CE_corregida_OLS,449.4249315162455,2429.317447933868,49.288106556590996,449.4249315162455,2429.317447933868
2229,587200.4569268436,517565.55678797484,CE_corregida_OLS,457.4805937090927,2606.75376252407,51.05637827464919,457.4805937090927,2606.75376252407
2230,587200.7449835659,517565.55678797484,CE_corregida_OLS,465.1534589666831,2786.4405841608864,52.786746292614836,465.1534589666831,2786.4405841608864
2231,587201.033040288,517565.55678797484,CE_corregida_OLS,472.59879548785756,2941.406041883617,54.23473095612826,472.59879548785756,2941.406041883617
2232,587201.3210970102,517565.55678797484,CE_corregida_OLS,479.88993767346034,3058.7672230667617,55.30612283524096,479.88993767346034,3058.7672230667617
2233,587201.6091537323,517565.55678797484,CE_corregida_OLS,487.03303765497304,3135.773301127607,55.99797586634366,487.03303765497304,3135.773301127607
2234,587201.8972104545,517565.55678797484,CE_corregida_OLS,493.9913500078913,3174.585651328919,56.34346147805368,493.9913500078913,3174.585651328919
2235,587202.1852671766,517565.55678797484,CE_corregida_OLS,500.7087099025762,3178.150801868568,56.37509026040285,500.7087099025762,3178.150801868568
2236,587202.4733238987,517565.55678797484,CE_corregida_OLS,507.1294204674886,3147.4334513451327,56.10199150961695,507.1294204674886,3147.4334513451327
2237,587202.7613806209,517565.55678797484,CE_corregida_OLS,513.2110552888272,3080.0116324280607,55.4978525028497,513.2110552888272,3080.0116324280607
2238,587203.049437343,517565.55678797484,CE_corregida_OLS,518.9241971269856,2970.2064817209352,54.49960074827095,518.9241971269856,2970.2064817209352
2239,587203.3374940652,517565.55678797484,CE_corregida_OLS,524.2313318726882,2811.1051929613927,53.0198565912941,524.2313318726882,2811.1051929613927
2240,587203.6255507873,517565.55678797484,CE_corregida_OLS,529.0345989690213,2599.141874990394,50.981779833489476,529.0345989690213,2599.141874990394
2241,587203.9136075096,517565.55678797484,CE_corregida_OLS,533.0750193287735,2342.6519764904892,48.40095016102978,533.0750193287735,2342.6519764904892
2242,587204.2016642317,517565.55678797484,CE_corregida_OLS,535.7657419461341,2076.0516738594824,45.56371005372019,535.7657419461341,2076.0516738594824
2243,587204.4897209539,517565.55678797484,CE_corregida_OLS,536.0588461339328,1871.910459517671,43.26558054062919,536.0588461339328,1871.910459517671
2244,587204.777777676,517565.55678797484,CE_corregida_OLS,532.8696210553704,1808.5236582945467,42.52674050870284,532.8696210553704,1808.5236582945467
2245,587205.0658343981,517565.55678797484,CE_corregida_OLS,526.2338075631492,1879.6343344233705,43.35474984846955,526.2338075631492,1879.6343344233705
2246,587205.3538911203,517565.55678797484,CE_corregida_OLS,517.3765255082187,1995.1232456759594,44.66680250114126,517.3765255082187,1995.1232456759594
2247,587205.6419478424,517565.55678797484,CE_corregida_OLS,507.6049404638396,2077.00682689816,45.574190359217134,507.6049404638396,2077.00682689816
2248,587205.9300045646,517565.55678797484,CE_corregida_OLS,497.9018802513284,2100.2861746538397,45.82887926464971,497.9018802513284,2100.2861746538397
2249,587206.2180612867,517565.55678797484,CE_corregida_OLS,489.1169355140737,2089.725127663462,45.713511434404836,489.1169355140737,2089.725127663462
2250,587206.506118009,517565.55678797484,CE_corregida_OLS,482.11256669346767,2107.9970202911272,45.91292868344522,482.11256669346767,2107.9970202911272
2251,587206.7941747311,517565.55678797484,CE_corregida_OLS,477.5367990076205,2220.219661025702,47.11920692271573,477.5367990076205,2220.219661025702
2252,587207.0822314533,517565.55678797484,CE_corregida_OLS,475.3603371792295,2439.844184358963,49.39477891800876,475.3603371792295,2439.844184358963
2253,587207.3702881754,517565.55678797484,CE_corregida_OLS,474.92156396677717,2724.7389020107184,52.19903161947278,474.92156396677717,2724.7389020107184
2254,587207.6583448976,517565.55678797484,CE_corregida_OLS,475.4561022651643,3024.24038058544,54.99309393537919,475.4561022651643,3024.24038058544
2255,587207.9464016197,517565.55678797484,CE_corregida_OLS,476.4042110359588,3307.4066565247213,57.51005700331657,476.4042110359588,3307.4066565247213
2256,587208.2344583418,517565.55678797484,CE_corregida_OLS,477.42199677445916,3562.7228015184387,59.68854832812102,477.42199677445916,3562.7228015184387
2257,587208.522515064,517565.55678797484,CE_corregida_OLS,478.3154949027106,3790.0738627815504,61.56357577968933,478.3154949027106,3790.0738627815504
2258,587208.8105717861,517565.55678797484,CE_corregida_OLS,478.98838863725774,3994.1783219037975,63.19951203849439,478.98838863725774,3994.1783219037975
2259,587209.0986285083,517565.55678797484,CE_corregida_OLS,479.4100733578679,4180.603453181789,64.6575861997785,479.4100733578679,4180.603453181789
2260,587209.3866852304,517565.55678797484,CE_corregida_OLS,479.59492832008726,4353.804856161063,65.98336802680706,479.59492832008726,4353.804856161063
2261,587209.6747419527,517565.55678797484,CE_corregida_OLS,479.58635191395086,4516.557462493638,67.2053380505867,479.58635191395086,4516.557462493638
2262,587209.9627986748,517565.55678797484,CE_corregida_OLS,479.4432281567339,4670.1974607045395,68.33884298628811,479.4432281567339,4670.1974607045395
2263,587210.250855397,517565.55678797484,CE_corregida_OLS,479.22875222419714,4815.176077602187,69.391469775486,479.22875222419714,4815.176077602187
2264,587195.2719058449,517565.844844697,CE_corregida_OLS,414.05447533697054,4192.359515359202,64.74843253206367,414.05447533697054,4192.359515359202
2265,587195.5599625671,517565.844844697,CE_corregida_OLS,410.324571885402,4007.3724622045984,63.30381080317834,410.324571885402,4007.3724622045984
2266,587195.8480192892,517565.844844697,CE_corregida_OLS,406.19048494841957,3805.346873407772,61.68749365477392,406.19048494841957,3805.346873407772
2267,587196.1360760113,517565.844844697,CE_corregida_OLS,401.693512493075,3580.6160031622544,59.838248663896024,401.693512493075,3580.6160031622544
2268,587196.4241327335,517565.844844697,CE_corregida_OLS,396.9481817801119,3327.9127839833204,57.68806448463426,396.9481817801119,3327.9127839833204
2269,587196.7121894556,517565.844844697,CE_corregida_OLS,392.18356723019554,3046.099454605511,55.191479909543204,392.18356723019554,3046.099454605511
2270,587197.0002461778,517565.844844697,CE_corregida_OLS,387.8135622803128,2744.5584477972857,52.38853355265144,387.8135622803128,2744.5584477972857
2271,587197.2883028999,517565.844844697,CE_corregida_OLS,384.5350286969419,2451.7367502637567,49.51501540203493,384.5350286969419,2451.7367502637567
2272,587197.5763596221,517565.844844697,CE_corregida_OLS,383.3553428659327,2218.2218506980907,47.09800261898683,383.3553428659327,2218.2218506980907
2273,587197.8644163442,517565.844844697,CE_corregida_OLS,385.25105235409205,2092.6790923961844,45.74580956105362,385.25105235409205,2092.6790923961844
2274,587198.1524730665,517565.844844697,CE_corregida_OLS,390.43142494788594,2070.9458280255576,45.50764581941762,390.43142494788594,2070.9458280255576
2275,587198.4405297886,517565.844844697,CE_corregida_OLS,398.16311709031265,2089.7663348190204,45.71396214308076,398.16311709031265,2089.7663348190204
2276,587198.7285865108,517565.844844697,CE_corregida_OLS,407.4358545736337,2081.6778120512367,45.62540752750858,407.4358545736337,2081.6778120512367
2277,587199.0166432329,517565.844844697,CE_corregida_OLS,417.43726861542444,2015.8054756030929,44.89772238770128,417.43726861542444,2015.8054756030929
2278,587199.304699955,517565.844844697,CE_corregida_OLS,427.5481111604894,1910.1893922573379,43.7057134967196,427.5481111604894,1910.1893922573379
2279,587199.5927566772,517565.844844697,CE_corregida_OLS,437.19772397563895,1834.9216029502916,42.83598490697152,437.19772397563895,1834.9216029502916
2280,587199.8808133993,517565.844844697,CE_corregida_OLS,445.89457466636986,1879.963935236166,43.35855088948622,445.89457466636986,1879.963935236166
2281,587200.1688701215,517565.844844697,CE_corregida_OLS,453.5313063255539,2065.6453934588453,45.44937176088186,453.5313063255539,2065.6453934588453
2282,587200.4569268436,517565.844844697,CE_corregida_OLS,460.41414757188977,2323.5584633739477,48.203303448767365,460.41414757188977,2323.5584633739477
2283,587200.7449835659,517565.844844697,CE_corregida_OLS,466.8886265125649,2579.5316952469125,50.78909031718241,466.8886265125649,2579.5316952469125
2284,587201.033040288,517565.844844697,CE_corregida_OLS,473.15150010111,2794.9346746545443,52.867141729570974,473.15150010111,2794.9346746545443
2285,587201.3210970102,517565.844844697,CE_corregida_OLS,479.27432107813144,2958.593036400669,54.392950245419385,479.27432107813144,2958.593036400669
2286,587201.6091537323,517565.844844697,CE_corregida_OLS,485.25740353147523,3072.687317223712,55.43182585143405,485.25740353147523,3072.687317223712
2287,587201.8972104545,517565.844844697,CE_corregida_OLS,491.0667627748136,3143.7010697972646,56.06871739033509,491.0667627748136,3143.7010697972646
2288,587202.1852671766,517565.844844697,CE_corregida_OLS,496.65654019805515,3177.438961900662,56.36877648042986,496.65654019805515,3177.438961900662
2289,587202.4733238987,517565.844844697,CE_corregida_OLS,501.98111781295984,3176.682944600829,56.36207008796633,501.98111781295984,3176.682944600829
2290,587202.7613806209,517565.844844697,CE_corregida_OLS,506.997237948975,3140.782944607289,56.042688591887604,506.997237948975,3140.782944607289
2291,587203.049437343,517565.844844697,CE_corregida_OLS,511.654040936077,3066.822000312563,55.37889489970492,511.654040936077,3066.822000312563
2292,587203.3374940652,517565.844844697,CE_corregida_OLS,515.867780975272,2952.1884618454596,54.33404514524443,515.867780975272,2952.1884618454596
2293,587203.6255507873,517565.844844697,CE_corregida_OLS,519.4779546910268,2798.576286395187,52.901571681710806,519.4779546910268,2798.576286395187
2294,587203.9136075096,517565.844844697,CE_corregida_OLS,522.1860223942637,2617.2995647107487,51.15955008315406,522.1860223942637,2617.2995647107487
2295,587204.2016642317,517565.844844697,CE_corregida_OLS,523.5013946092673,2434.067425877545,49.336268868627926,523.5013946092673,2434.067425877545
2296,587204.4897209539,517565.844844697,CE_corregida_OLS,522.7858420659749,2286.0455175749034,47.8126083536017,522.7858420659749,2286.0455175749034
2297,587204.777777676,517565.844844697,CE_corregida_OLS,519.5300462675702,2200.754601138161,46.912200983733015,519.5300462675702,2200.754601138161
2298,587205.0658343981,517565.844844697,CE_corregida_OLS,513.7395006559601,2167.548661897718,46.556939997144546,513.7395006559601,2167.548661897718
2299,587205.3538911203,517565.844844697,CE_corregida_OLS,505.9660796730802,2139.5820695778784,46.25561662736622,505.9660796730802,2139.5820695778784
2300,587205.6419478424,517565.844844697,CE_corregida_OLS,496.9761652625749,2067.175248100567,45.46619896253223,496.9761652625749,2067.175248100567
2301,587205.9300045646,517565.844844697,CE_corregida_OLS,487.5490205252268,1927.518789447582,43.903516823229346,487.5490205252268,1927.518789447582
2302,587206.2180612867,517565.844844697,CE_corregida_OLS,478.60708698893654,1746.6637376319,41.79310634102112,478.60708698893654,1746.6637376319
2303,587206.506118009,517565.844844697,CE_corregida_OLS,471.5281634155948,1624.8498725750267,40.30942659695157,471.5281634155948,1624.8498725750267
2304,587206.7941747311,517565.844844697,CE_corregida_OLS,467.8126631636229,1701.1772373205247,41.24532988497637,467.8126631636229,1701.1772373205247
2305,587207.0822314533,517565.844844697,CE_corregida_OLS,467.4227230647199,1985.092008963714,44.55437137884132,467.4227230647199,1985.092008963714
2306,587207.3702881754,517565.844844697,CE_corregida_OLS,468.8923718300032,2354.8583715501104,48.52688297789289,468.8923718300032,2354.8583715501104
2307,587207.6583448976,517565.844844697,CE_corregida_OLS,471.0179074884322,2717.3697432255267,52.12839670683846,471.0179074884322,2717.3697432255267
2308,587207.9464016197,517565.844844697,CE_corregida_OLS,473.1802428516831,3037.9761242325762,55.11783853012177,473.1802428516831,3037.9761242325762
2309,587208.2344583418,517565.844844697,CE_corregida_OLS,475.08537554179145,3312.9135889679724,57.557915085311876,475.08537554179145,3312.9135889679724
2310,587208.522515064,517565.844844697,CE_corregida_OLS,476.59778044326765,3550.415793096881,59.585365595059336,476.59778044326765,3550.415793096881
2311,587208.8105717861,517565.844844697,CE_corregida_OLS,477.67131958509447,3761.457821837638,61.33072494139979,477.67131958509447,3761.457821837638
2312,587209.0986285083,517565.844844697,CE_corregida_OLS,478.3202603064058,3955.3336522454433,62.891443394514674,478.3202603064058,3955.3336522454433
2313,587209.3866852304,517565.844844697,CE_corregida_OLS,478.60186885653883,4137.993513619542,64.32723772726092,478.60186885653883,4137.993513619542
2314,587209.6747419527,517565.844844697,CE_corregida_OLS,478.6004766448568,4312.160726554845,65.66704444814647,478.6004766448568,4312.160726554845
2315,587209.9627986748,517565.844844697,CE_corregida_OLS,478.4118687870737,4478.36927152373,66.92061918066607,478.4118687870737,4478.36927152373
2316,587210.250855397,517565.844844697,CE_corregida_OLS,478.12990833269487,4636.151372096414,68.08928970180563,478.12990833269487,4636.151372096414
2317,587210.5389121191,517565.844844697,CE_corregida_OLS,477.8369907274133,4784.908006328694,69.17302947196033,477.8369907274133,4784.908006328694
2318,587195.5599625671,517566.1329014191,CE_corregida_OLS,413.32379749325713,4225.404903589546,65.003114568377,413.32379749325713,4225.404903589546
2319,587195.8480192892,517566.1329014191,CE_corregida_OLS,409.65887258060775,4034.8942554984105,63.52081749708839,409.65887258060775,4034.8942554984105
2320,587196.1360760113,517566.1329014191,CE_corregida_OLS,405.81935183115274,3825.670623418605,61.85200581564518,405.81935183115274,3825.670623418605
2321,587196.4241327335,517566.1329014191,CE_corregida_OLS,401.95380508281266,3596.2745299268736,59.96894637999632,401.95380508281266,3596.2745299268736
2322,587196.7121894556,517566.1329014191,CE_corregida_OLS,398.3126964581096,3349.3242960912426,57.87334702685894,398.3126964581096,3349.3242960912426
2323,587197.0002461778,517566.1329014191,CE_corregida_OLS,395.2835802249371,3094.78698194609,55.6308096466885,395.2835802249371,3094.78698194609
2324,587197.2883028999,517566.1329014191,CE_corregida_OLS,393.40901128133015,2852.0394957250455,53.40448947162631,393.40901128133015,2852.0394957250455
2325,587197.5763596221,517566.1329014191,CE_corregida_OLS,393.3244722996882,2645.9648735694927,51.43894316147536,393.3244722996882,2645.9648735694927
2326,587197.8644163442,517566.1329014191,CE_corregida_OLS,395.5463122858947,2492.3027685361185,49.92296834660494,395.5463122858947,2492.3027685361185
2327,587198.1524730665,517566.1329014191,CE_corregida_OLS,400.1972303003728,2379.688823887795,48.782054322135664,400.1972303003728,2379.688823887795
2328,587198.4405297886,517566.1329014191,CE_corregida_OLS,406.9481957833482,2269.120024988619,47.6352813048125,406.9481957833482,2269.120024988619
2329,587198.7285865108,517566.1329014191,CE_corregida_OLS,415.238854681269,2114.4423717010704,45.98306614071174,415.238854681269,2114.4423717010704
2330,587199.0166432329,517566.1329014191,CE_corregida_OLS,424.4999712112887,1885.9114257899878,43.4270817093434,424.4999712112887,1885.9114257899878
2331,587199.304699955,517566.1329014191,CE_corregida_OLS,434.17694165196076,1594.382018197257,39.92971347502079,434.17694165196076,1594.382018197257
2332,587199.5927566772,517566.1329014191,CE_corregida_OLS,443.5195684736151,1340.7123494643008,36.615739094879686,443.5195684736151,1340.7123494643008
2333,587199.8808133993,517566.1329014191,CE_corregida_OLS,451.4518970588475,1340.258856894587,36.609545980448694,451.4518970588475,1340.258856894587
2334,587200.1688701215,517566.1329014191,CE_corregida_OLS,457.72070741254026,1635.3203654877395,40.43909451864297,457.72070741254026,1635.3203654877395
2335,587200.4569268436,517566.1329014191,CE_corregida_OLS,463.16098869549324,2019.2803406332798,44.936403289908284,463.16098869549324,2019.2803406332798
2336,587200.7449835659,517566.1329014191,CE_corregida_OLS,468.32374300638264,2363.3169287062674,48.613958167446796,468.32374300638264,2363.3169287062674
2337,587201.033040288,517566.1329014191,CE_corregida_OLS,473.37963283824917,2633.737199411841,51.31994933173494,473.37963283824917,2633.737199411841
2338,587201.3210970102,517566.1329014191,CE_corregida_OLS,478.34813015391813,2832.8348231896794,53.22438184882638,478.34813015391813,2832.8348231896794
2339,587201.6091537323,517566.1329014191,CE_corregida_OLS,483.19600743473245,2973.540613425528,54.53018075731574,483.19600743473245,2973.540613425528
2340,587201.8972104545,517566.1329014191,CE_corregida_OLS,487.87568227127576,3069.429870598513,55.40243560168192,487.87568227127576,3069.429870598513
2341,587202.1852671766,517566.1329014191,CE_corregida_OLS,492.34186014158536,3130.2608972819285,55.948734545849454,492.34186014158536,3130.2608972819285
2342,587202.4733238987,517566.1329014191,CE_corregida_OLS,496.55579592215173,3160.5449852170564,56.218724507205394,496.55579592215173,3160.5449852170564
2343,587202.7613806209,517566.1329014191,CE_corregida_OLS,500.47887880749204,3160.3567214680124,56.217050095749535,500.47887880749204,3160.3567214680124
2344,587203.049437343,517566.1329014191,CE_corregida_OLS,504.0563989988485,3127.602599573838,55.92497295103358,504.0563989988485,3127.602599573838
2345,587203.3374940652,517566.1329014191,CE_corregida_OLS,507.1927309611407,3060.957982256275,55.32592504654825,507.1927309611407,3060.957982256275
2346,587203.6255507873,517566.1329014191,CE_corregida_OLS,509.7206451544705,2962.898852877308,54.43251650325665,509.7206451544705,2962.898852877308
2347,587203.9136075096,517566.1329014191,CE_corregida_OLS,511.3733890598553,2842.1542421977206,53.31185836376106,511.3733890598553,2842.1542421977206
2348,587204.2016642317,517566.1329014191,CE_corregida_OLS,511.7826483616214,2713.9343653456885,52.09543516802301,511.7826483616214,2713.9343653456885
2349,587204.4897209539,517566.1329014191,CE_corregida_OLS,510.54193483451047,2595.0031379526226,50.941173307577266,510.54193483451047,2595.0031379526226
2350,587204.777777676,517566.1329014191,CE_corregida_OLS,507.35298429109463,2492.481565544013,49.924759043424665,507.35298429109463,2492.481565544013
2351,587205.0658343981,517566.1329014191,CE_corregida_OLS,502.175091914638,2393.165205619662,48.919987792513425,502.175091914638,2393.165205619662
2352,587205.3538911203,517566.1329014191,CE_corregida_OLS,495.2399826794843,2264.493266409133,47.58669211459369,495.2399826794843,2264.493266409133
2353,587205.6419478424,517566.1329014191,CE_corregida_OLS,486.9330894880363,2067.4750420190194,45.46949573086356,486.9330894880363,2067.4750420190194
2354,587205.9300045646,517566.1329014191,CE_corregida_OLS,477.70170103372726,1772.7888847962213,42.104499578978746,477.70170103372726,1772.7888847962213
2355,587206.2180612867,517566.1329014191,CE_corregida_OLS,468.184399530391,1384.680453851531,37.21129470807931,468.184399530391,1384.680453851531
2356,587206.506118009,517566.1329014191,CE_corregida_OLS,460.05944332762897,1026.474150186633,32.038635273473076,460.05944332762897,1026.474150186633
2357,587206.7941747311,517566.1329014191,CE_corregida_OLS,457.3438365289834,1075.8850287815578,32.80068640717078,457.3438365289834,1075.8850287815578
2358,587207.0822314533,517566.1329014191,CE_corregida_OLS,459.8555979030847,1526.8391335754336,39.074788976723006,459.8555979030847,1526.8391335754336
2359,587207.3702881754,517566.1329014191,CE_corregida_OLS,463.7266817052372,2021.16447872014,44.957362897751686,463.7266817052372,2021.16447872014
2360,587207.6583448976,517566.1329014191,CE_corregida_OLS,467.52303012235086,2444.9183449754655,49.446115570138225,467.52303012235086,2444.9183449754655
2361,587207.9464016197,517566.1329014191,CE_corregida_OLS,470.8433240218704,2788.399736126144,52.80530026546714,470.8433240218704,2788.399736126144
2362,587208.2344583418,517566.1329014191,CE_corregida_OLS,473.5432920233106,3067.133482074112,55.381707106896876,473.5432920233106,3067.133482074112
2363,587208.522515064,517566.1329014191,CE_corregida_OLS,475.5705178563236,3301.954629410523,57.462636812197566,475.5705178563236,3301.954629410523
2364,587208.8105717861,517566.1329014191,CE_corregida_OLS,476.9322038148521,3511.579922901237,59.258585225275475,476.9322038148521,3511.579922901237
2365,587209.0986285083,517566.1329014191,CE_corregida_OLS,477.68909165104645,3708.9987554853356,60.901549696911125,477.68909165104645,3708.9987554853356
2366,587209.3866852304,517566.1329014191,CE_corregida_OLS,477.9466561688132,3900.623802266312,62.45497419954884,477.9466561688132,3900.623802266312
2367,587209.6747419527,517566.1329014191,CE_corregida_OLS,477.8379179033522,4087.690615123535,63.93504997357502,477.8379179033522,4087.690615123535
2368,587209.9627986748,517566.1329014191,CE_corregida_OLS,477.5027879078062,4268.663758331331,65.33501173437816,477.5027879078062,4268.663758331331
2369,587210.250855397,517566.1329014191,CE_corregida_OLS,477.0705778055469,4441.355226048787,66.64349350123226,477.0705778055469,4441.355226048787
2370,587210.5389121191,517566.1329014191,CE_corregida_OLS,476.64889459757626,4604.139711605047,67.85381132703635,476.64889459757626,4604.139711605047
2371,587210.8269688413,517566.1329014191,CE_corregida_OLS,476.3186744561433,4756.325167813541,68.96611608473788,476.3186744561433,4756.325167813541
2372,587211.1150255634,517566.1329014191,CE_corregida_OLS,476.13369513727906,4898.021397478835,69.98586569785955,476.13369513727906,4898.021397478835
2373,587196.1360760113,517566.42095814133,CE_corregida_OLS,410.3822858058452,4061.59486115744,63.73064303109957,410.3822858058452,4061.59486115744
2374,587196.4241327335,517566.42095814133,CE_corregida_OLS,407.3206833283804,3855.235606224664,62.090543613537996,407.3206833283804,3855.235606224664
2375,587196.7121894556,517566.42095814133,CE_corregida_OLS,404.62790649401666,3637.4298454316677,60.31110880618651,404.62790649401666,3637.4298454316677
2376,587197.0002461778,517566.42095814133,CE_corregida_OLS,402.62764454627535,3415.4561510873914,58.441904067949324,402.62764454627535,3415.4561510873914
2377,587197.2883028999,517566.42095814133,CE_corregida_OLS,401.7178839665499,3200.057640464234,56.569051967168704,401.7178839665499,3200.057640464234
2378,587197.5763596221,517566.42095814133,CE_corregida_OLS,402.30904455529117,3001.331698400671,54.784411089293194,402.30904455529117,3001.331698400671
2379,587197.8644163442,517566.42095814133,CE_corregida_OLS,404.7078186187984,2820.8495343871255,53.1116704160877,404.7078186187984,2820.8495343871255
2380,587198.1524730665,517566.42095814133,CE_corregida_OLS,409.00191619936624,2644.379811817393,51.42353363798907,409.00191619936624,2644.379811817393
2381,587198.4405297886,517566.42095814133,CE_corregida_OLS,415.0378859487967,2441.8521800375393,49.4151007288009,415.0378859487967,2441.8521800375393
2382,587198.7285865108,517566.42095814133,CE_corregida_OLS,422.5097288429976,2175.2562284939563,46.63964224234526,422.5097288429976,2175.2562284939563
2383,587199.0166432329,517566.42095814133,CE_corregida_OLS,431.07313058314475,1808.7836416433977,42.52979710324748,431.07313058314475,1808.7836416433977
2384,587199.304699955,517566.42095814133,CE_corregida_OLS,440.390873709539,1320.7709157811605,36.34241207984358,440.390873709539,1320.7709157811605
2385,587199.5927566772,517566.42095814133,CE_corregida_OLS,449.9304932409422,759.6809331511029,27.56231001115659,449.9304932409422,759.6809331511029
2386,587199.8808133993,517566.42095814133,CE_corregida_OLS,457.2321061887891,673.7564170824106,25.956818315857024,457.2321061887891,673.7564170824106
2387,587200.1688701215,517566.42095814133,CE_corregida_OLS,461.46019853985257,1236.9012942384438,35.16960753603093,461.46019853985257,1236.9012942384438
2388,587200.4569268436,517566.42095814133,CE_corregida_OLS,465.32702683781366,1771.3106510403557,42.086941573846346,465.32702683781366,1771.3106510403557
2389,587200.7449835659,517566.42095814133,CE_corregida_OLS,469.239191712846,2181.7645397368224,46.70936244198611,469.239191712846,2181.7645397368224
2390,587201.033040288,517566.42095814133,CE_corregida_OLS,473.180671478047,2479.59134624984,49.79549524053195,473.180671478047,2479.59134624984
2391,587201.3210970102,517566.42095814133,CE_corregida_OLS,477.0795987660048,2690.1771964238073,51.86691813115377,477.0795987660048,2690.1771964238073
2392,587201.6091537323,517566.42095814133,CE_corregida_OLS,480.8583112922742,2839.711996064332,53.288948160611426,480.8583112922742,2839.711996064332
2393,587201.8972104545,517566.42095814133,CE_corregida_OLS,484.45176018369335,2949.6172722912684,54.310379047574955,484.45176018369335,2949.6172722912684
2394,587202.1852671766,517566.42095814133,CE_corregida_OLS,487.81647084880143,3033.172358156029,55.07424405433114,487.81647084880143,3033.172358156029
2395,587202.4733238987,517566.42095814133,CE_corregida_OLS,490.928247620026,3095.0090329633754,55.632805366648334,490.928247620026,3095.0090329633754
2396,587202.7613806209,517566.42095814133,CE_corregida_OLS,493.76789420065,3133.5601968306883,55.97821180451094,493.76789420065,3133.5601968306883
2397,587203.049437343,517566.42095814133,CE_corregida_OLS,496.29904372143534,3144.9415721859364,56.07977863888138,496.29904372143534,3144.9415721859364
2398,587203.3374940652,517566.42095814133,CE_corregida_OLS,498.4438337594327,3126.4856269363318,55.91498570988221,498.4438337594327,3126.4856269363318
2399,587203.6255507873,517566.42095814133,CE_corregida_OLS,500.0619078234,3079.0032115290514,55.488766534579334,500.0619078234,3079.0032115290514
2400,587203.9136075096,517566.42095814133,CE_corregida_OLS,500.94038908663003,3007.4310163944438,54.84004938358867,500.94038908663003,3007.4310163944438
2401,587204.2016642317,517566.42095814133,CE_corregida_OLS,500.80725020179926,2919.369788539252,54.03119273659663,500.80725020179926,2919.369788539252
2402,587204.4897209539,517566.42095814133,CE_corregida_OLS,499.3802254540219,2820.937624397787,53.112499700143914,499.3802254540219,2820.937624397787
2403,587204.777777676,517566.42095814133,CE_corregida_OLS,496.44490526032735,2710.6749853167057,52.0641429903221,496.44490526032735,2710.6749853167057
2404,587205.0658343981,517566.42095814133,CE_corregida_OLS,491.92182066380167,2574.7516870081886,50.74201106586325,491.92182066380167,2574.7516870081886
2405,587205.3538911203,517566.42095814133,CE_corregida_OLS,485.8741879526177,2387.079873634024,48.85775141811199,485.8741879526177,2387.079873634024
2406,587205.6419478424,517566.42095814133,CE_corregida_OLS,478.4536427451834,2114.0834736843167,45.979163473081115,478.4536427451834,2114.0834736843167
2407,587205.9300045646,517566.42095814133,CE_corregida_OLS,469.8296562211057,1720.2927922467888,41.476412480430234,469.8296562211057,1720.2927922467888
2408,587206.2180612867,517566.42095814133,CE_corregida_OLS,460.1476353187852,1172.1190115456848,34.236223675307485,460.1476353187852,1172.1190115456848
2409,587206.506118009,517566.42095814133,CE_corregida_OLS,449.6054844967895,447.6447603723343,21.157617076890638,449.6054844967895,447.6447603723343
2410,587206.7941747311,517566.42095814133,CE_corregida_OLS,448.1393532132222,498.36634445753265,22.32412023927332,448.1393532132222,498.36634445753265
2411,587207.0822314533,517566.42095814133,CE_corregida_OLS,454.76727821185455,1235.811525652595,35.15411107754817,454.76727821185455,1235.811525652595
2412,587207.3702881754,517566.42095814133,CE_corregida_OLS,460.63416490438635,1810.8228172286906,42.5537638432688,460.63416490438635,1810.8228172286906
2413,587207.6583448976,517566.42095814133,CE_corregida_OLS,465.65893203240984,2245.874599790769,47.39065941502364,465.65893203240984,2245.874599790769
2414,587207.9464016197,517566.42095814133,CE_corregida_OLS,469.81856536804486,2573.2940554678485,50.72764586956355,469.81856536804486,2573.2940554678485
2415,587208.2344583418,517566.42095814133,CE_corregida_OLS,473.0846934071227,2827.1640118424953,53.171082477625895,473.0846934071227,2827.1640118424953
2416,587208.522515064,517566.42095814133,CE_corregida_OLS,475.4425268325012,3039.891224677185,55.13520857562058,475.4425268325012,3039.891224677185
2417,587208.8105717861,517566.42095814133,CE_corregida_OLS,476.92132420451964,3237.367771728897,56.897871416502895,476.92132420451964,3237.367771728897
2418,587209.0986285083,517566.42095814133,CE_corregida_OLS,477.61605325218756,3434.9119946412197,58.608122258277646,477.61605325218756,3434.9119946412197
2419,587209.3866852304,517566.42095814133,CE_corregida_OLS,477.68377312496546,3636.9218168259767,60.3068969258573,477.68377312496546,3636.9218168259767
2420,587209.6747419527,517566.42095814133,CE_corregida_OLS,477.31634155436905,3840.427692614594,61.9711843731794,477.31634155436905,3840.427692614594
2421,587209.9627986748,517566.42095814133,CE_corregida_OLS,476.7068091002099,4039.836672795647,63.55970950842717,476.7068091002099,4039.836672795647
2422,587210.250855397,517566.42095814133,CE_corregida_OLS,476.024565882779,4230.28851495416,65.04066816195972,476.024565882779,4230.28851495416
2423,587210.5389121191,517566.42095814133,CE_corregida_OLS,475.402958183626,4408.969032943801,66.40006801912028,475.402958183626,4408.969032943801
2424,587210.8269688413,517566.42095814133,CE_corregida_OLS,474.9361734973349,4575.022392938031,67.63891182550198,474.9361734973349,4575.022392938031
2425,587211.1150255634,517566.42095814133,CE_corregida_OLS,474.6814281804083,4728.893494537868,68.76695059792799,474.6814281804083,4728.893494537868
2426,587211.4030822855,517566.42095814133,CE_corregida_OLS,474.66393838182404,4871.638676516986,69.7971251307458,474.66393838182404,4871.638676516986
2427,587196.4241327335,517566.7090148635,CE_corregida_OLS,412.7549916822703,4097.933779933668,64.01510587301772,412.7549916822703,4097.933779933668
2428,587196.7121894556,517566.7090148635,CE_corregida_OLS,410.81805314160965,3902.8345400037438,62.4726703447495,410.81805314160965,3902.8345400037438
2429,587197.0002461778,517566.7090148635,CE_corregida_OLS,409.5754585972792,3702.9403220318472,60.85178980138421,409.5754585972792,3702.9403220318472
2430,587197.2883028999,517566.7090148635,CE_corregida_OLS,409.3150463193965,3502.974130978883,59.18592848793438,409.3150463193965,3502.974130978883
2431,587197.5763596221,517566.7090148635,CE_corregida_OLS,410.3108763492976,3305.2079620193767,57.49093808609646,410.3108763492976,3305.2079620193767
2432,587197.8644163442,517566.7090148635,CE_corregida_OLS,412.7594701239744,3105.2768216088493,55.725010736731576,412.7594701239744,3105.2768216088493
2433,587198.1524730665,517566.7090148635,CE_corregida_OLS,416.72573879952336,2888.940340253533,53.74886361825274,416.72573879952336,2888.940340253533
2434,587198.4405297886,517566.7090148635,CE_corregida_OLS,422.13273714207793,2632.156971395608,51.30455117624174,422.13273714207793,2632.156971395608
2435,587198.7285865108,517566.7090148635,CE_corregida_OLS,428.80121829166467,2304.5780600563266,48.00602108128028,428.80121829166467,2304.5780600563266
2436,587199.0166432329,517566.7090148635,CE_corregida_OLS,436.5090778040162,1874.3082369444207,43.29328166060435,436.5090778040162,1874.3082369444207
2437,587199.304699955,517566.7090148635,CE_corregida_OLS,445.03096108442287,1313.1317682713177,36.23716004699206,445.03096108442287,1313.1317682713177
2438,587199.5927566772,517566.7090148635,CE_corregida_OLS,454.0680252272252,620.8086974900434,24.91603294045911,454.0680252272252,620.8086974900434
2439,587199.8808133993,517566.7090148635,CE_corregida_OLS,460.6740939246434,468.83684046489867,21.65264049636669,460.6740939246434,468.83684046489867
2440,587200.1688701215,517566.7090148635,CE_corregida_OLS,463.5316370743879,1139.2250433379838,33.75240796355104,463.5316370743879,1139.2250433379838
2441,587200.4569268436,517566.7090148635,CE_corregida_OLS,466.4105345352119,1682.6715651439008,41.02037987566547,466.4105345352119,1682.6715651439008
2442,587200.7449835659,517566.7090148635,CE_corregida_OLS,469.4209966742902,2075.5964103922884,45.558713879918606,469.4209966742902,2075.5964103922884
2443,587201.033040288,517566.7090148635,CE_corregida_OLS,472.4721145050875,2346.9496240300937,48.44532613194067,472.4721145050875,2346.9496240300937
2444,587201.3210970102,517566.7090148635,CE_corregida_OLS,475.45545268538,2532.064581158617,50.31962421519677,475.45545268538,2532.064581158617
2445,587201.6091537323,517566.7090148635,CE_corregida_OLS,478.26928539424864,2665.9726339800427,51.63305756954591,478.26928539424864,2665.9726339800427
2446,587201.8972104545,517566.7090148635,CE_corregida_OLS,480.83927134124025,2776.658839782535,52.69401142238589,480.83927134124025,2776.658839782535
2447,587202.1852671766,517566.7090148635,CE_corregida_OLS,483.1337098068584,2879.122944208082,53.657459352899686,483.1337098068584,2879.122944208082
2448,587202.4733238987,517566.7090148635,CE_corregida_OLS,485.15993715801716,2974.6759042608887,54.540589511490325,485.15993715801716,2974.6759042608887
2449,587202.7613806209,517566.7090148635,CE_corregida_OLS,486.9402539830936,3056.1246835208008,55.28222755570547,486.9402539830936,3056.1246835208008
2450,587203.049437343,517566.7090148635,CE_corregida_OLS,488.4802816049887,3114.624991171903,55.80882538785333,488.4802816049887,3114.624991171903
2451,587203.3374940652,517566.7090148635,CE_corregida_OLS,489.7424993659442,3144.2502691706763,56.07361473251637,489.7424993659442,3144.2502691706763
2452,587203.6255507873,517566.7090148635,CE_corregida_OLS,490.6304099919206,3143.4594423785106,56.06656260534001,490.6304099919206,3143.4594423785106
2453,587203.9136075096,517566.7090148635,CE_corregida_OLS,490.9862603646324,3114.3084184753934,55.8059890914532,490.9862603646324,3114.3084184753934
2454,587204.2016642317,517566.7090148635,CE_corregida_OLS,490.606493905368,3060.158785796174,55.31870195328316,490.606493905368,3060.158785796174
2455,587204.4897209539,517566.7090148635,CE_corregida_OLS,489.27694055556543,2982.3405969265773,54.61081025700477,489.27694055556543,2982.3405969265773
2456,587204.777777676,517566.7090148635,CE_corregida_OLS,486.82004824019816,2876.595645236386,53.63390387839008,486.82004824019816,2876.595645236386
2457,587205.0658343981,517566.7090148635,CE_corregida_OLS,483.1347865854568,2730.8105441355056,52.257157826804026,483.1347865854568,2730.8105441355056
2458,587205.3538911203,517566.7090148635,CE_corregida_OLS,478.2107830803327,2525.4127852712472,50.253485304715404,478.2107830803327,2525.4127852712472
2459,587205.6419478424,517566.7090148635,CE_corregida_OLS,472.1185292391808,2236.6212853773454,47.29293060677616,472.1185292391808,2236.6212853773454
2460,587205.9300045646,517566.7090148635,CE_corregida_OLS,465.00805414589337,1842.5933030564802,42.92543888018479,465.00805414589337,1842.5933030564802
2461,587206.2180612867,517566.7090148635,CE_corregida_OLS,457.2193463384638,1339.3622284651647,36.59729810334589,457.2193463384638,1339.3622284651647
2462,587206.506118009,517566.7090148635,CE_corregida_OLS,450.1462743882707,828.8284503022421,28.78938086000187,450.1462743882707,828.8284503022421
2463,587206.7941747311,517566.7090148635,CE_corregida_OLS,449.386113887252,834.2102034937886,28.882697302949193,449.386113887252,834.2102034937886
2464,587207.0822314533,517566.7090148635,CE_corregida_OLS,454.6131776448913,1320.1297933745752,36.33359042779251,454.6131776448913,1320.1297933745752
2465,587207.3702881754,517566.7090148635,CE_corregida_OLS,460.5040927153231,1783.6973387220448,42.23384115519266,460.5040927153231,1783.6973387220448
2466,587207.6583448976,517566.7090148635,CE_corregida_OLS,465.84870163257335,2137.3366296526624,46.23133817717872,465.84870163257335,2137.3366296526624
2467,587207.9464016197,517566.7090148635,CE_corregida_OLS,470.36009093710544,2393.0274168571664,48.91857946483285,470.36009093710544,2393.0274168571664
2468,587208.2344583418,517566.7090148635,CE_corregida_OLS,473.8951750359907,2584.725891424781,50.84019956122105,473.8951750359907,2584.725891424781
2469,587208.522515064,517566.7090148635,CE_corregida_OLS,476.3618407621018,2751.685371353635,52.45650933252836,476.3618407621018,2751.685371353635
2470,587208.8105717861,517566.7090148635,CE_corregida_OLS,477.748699740347,2926.198331449485,54.09434657567725,477.748699740347,2926.198331449485
2471,587209.0986285083,517566.7090148635,CE_corregida_OLS,478.16512336129756,3123.668557369962,55.88978938383971,478.16512336129756,3123.668557369962
2472,587209.3866852304,517566.7090148635,CE_corregida_OLS,477.8308307021998,3341.8038251565386,57.808336986602015,477.8308307021998,3341.8038251565386
2473,587209.6747419527,517566.7090148635,CE_corregida_OLS,477.01618269736406,3568.7349144976483,59.73888946488417,477.01618269736406,3568.7349144976483
2474,587209.9627986748,517566.7090148635,CE_corregida_OLS,475.9802059206824,3792.0958063146163,61.579995179559866,475.9802059206824,3792.0958063146163
2475,587210.250855397,517566.7090148635,CE_corregida_OLS,474.9359635363865,4003.655104479488,63.274442743334276,474.9359635363865,4003.655104479488
2476,587210.5389121191,517566.7090148635,CE_corregida_OLS,474.04033287558184,4199.827587911746,64.80607678228752,474.04033287558184,4199.827587911746
2477,587210.8269688413,517566.7090148635,CE_corregida_OLS,473.39590820940543,4380.330270861596,66.1840635716907,473.39590820940543,4380.330270861596
2478,587211.1150255634,517566.7090148635,CE_corregida_OLS,473.0574207793075,4546.576376154346,67.42830545219378,473.0574207793075,4546.576376154346
2479,587211.4030822855,517566.7090148635,CE_corregida_OLS,473.03996993924784,4700.469596192619,68.55997080069841,473.03996993924784,4700.469596192619
2480,587211.6911390077,517566.7090148635,CE_corregida_OLS,473.3282447387844,4843.728219114932,69.59689805670172,473.3282447387844,4843.728219114932
2481,587196.7121894556,517566.9970715856,CE_corregida_OLS,416.70460119814527,4144.3959048193865,64.37698272534514,416.70460119814527,4144.3959048193865
2482,587197.0002461778,517566.9970715856,CE_corregida_OLS,416.0019227835111,3960.3525123221852,62.93133172214128,416.0019227835111,3960.3525123221852
2483,587197.2883028999,517566.9970715856,CE_corregida_OLS,416.16179878506534,3770.8473532566218,61.40722557856381,416.16179878506534,3770.8473532566218
2484,587197.5763596221,517566.9970715856,CE_corregida_OLS,417.3711726863797,3574.497874331076,59.787104582268206,417.3711726863797,3574.497874331076
2485,587197.8644163442,517566.9970715856,CE_corregida_OLS,419.7592949452285,3365.26835446493,58.0109330597684,419.7592949452285,3365.26835446493
2486,587198.1524730665,517566.9970715856,CE_corregida_OLS,423.3685573936875,3131.235192993066,55.95744090818545,423.3685573936875,3131.235192993066
2487,587198.4405297886,517566.9970715856,CE_corregida_OLS,428.14600483058507,2855.40343456754,53.435975097003144,428.14600483058507,2855.40343456754
2488,587198.7285865108,517566.9970715856,CE_corregida_OLS,433.955082700064,2519.254961021723,50.19218027762614,433.955082700064,2519.254961021723
2489,587199.0166432329,517566.9970715856,CE_corregida_OLS,440.5867812730641,2110.398889245046,45.939078019100975,440.5867812730641,2110.398889245046
2490,587199.304699955,517566.9970715856,CE_corregida_OLS,447.71836203524015,1642.3775015932206,40.52625694032476,447.71836203524015,1642.3775015932206
2491,587199.5927566772,517566.9970715856,CE_corregida_OLS,454.6735312841763,1220.51544768453,34.93587622608785,454.6735312841763,1220.51544768453
2492,587199.8808133993,517566.9970715856,CE_corregida_OLS,460.07101918994357,1131.9702205143387,33.644765127941355,460.07101918994357,1131.9702205143387
2493,587200.1688701215,517566.9970715856,CE_corregida_OLS,463.5521913523069,1419.8955292541054,37.6815011544671,463.5521913523069,1419.8955292541054
2494,587200.4569268436,517566.9970715856,CE_corregida_OLS,466.28554134300794,1772.1443044885245,42.09684435309284,466.28554134300794,1772.1443044885245
2495,587200.7449835659,517566.9970715856,CE_corregida_OLS,468.8255383618491,2048.0452786005685,45.25533425576005,468.8255383618491,2048.0452786005685
2496,587201.033040288,517566.9970715856,CE_corregida_OLS,471.2553403921236,2231.530504150554,47.23907814670555,471.2553403921236,2231.530504150554
2497,587201.3210970102,517566.9970715856,CE_corregida_OLS,473.510078132826,2348.3037969196985,48.45930041715108,473.510078132826,2348.3037969196985
2498,587201.6091537323,517566.9970715856,CE_corregida_OLS,475.48504368433817,2438.20671723298,49.37820083025484,475.48504368433817,2438.20671723298
2499,587201.8972104545,517566.9970715856,CE_corregida_OLS,477.09997421542,2536.5676150695353,50.36434865129832,477.09997421542,2536.5676150695353
2500,587202.1852671766,517566.9970715856,CE_corregida_OLS,478.34686175141223,2658.157225205591,51.55731980238685,478.34686175141223,2658.157225205591
2501,587202.4733238987,517566.9970715856,CE_corregida_OLS,479.29146338626714,2794.661647817952,52.86455946868329,479.29146338626714,2794.661647817952
2502,587202.7613806209,517566.9970715856,CE_corregida_OLS,480.0281233955915,2926.6848546325477,54.09884337610692,480.0281233955915,2926.6848546325477
2503,587203.049437343,517566.9970715856,CE_corregida_OLS,480.6289328445134,3036.776402548576,55.10695421222784,480.6289328445134,3036.776402548576
2504,587203.3374940652,517566.9970715856,CE_corregida_OLS,481.1132380767765,3114.9480899558184,55.811720005352086,481.1132380767765,3114.9480899558184
2505,587203.6255507873,517566.9970715856,CE_corregida_OLS,481.43599246617845,3158.193754827913,56.19780916395152,481.43599246617845,3158.193754827913
2506,587203.9136075096,517566.9970715856,CE_corregida_OLS,481.489291964263,3167.673625172602,56.2820897370789,481.489291964263,3167.673625172602
2507,587204.2016642317,517566.9970715856,CE_corregida_OLS,481.11668206416357,3145.5062454987174,56.08481296660191,481.11668206416357,3145.5062454987174
2508,587204.4897209539,517566.9970715856,CE_corregida_OLS,480.1405676904655,3091.8638154239084,55.60453052966015,480.1405676904655,3091.8638154239084
2509,587204.777777676,517566.9970715856,CE_corregida_OLS,478.3982868360964,3002.8445009085303,54.79821622013376,478.3982868360964,3002.8445009085303
2510,587205.0658343981,517566.9970715856,CE_corregida_OLS,475.77774515696944,2869.7721495546048,53.570254335354846,475.77774515696944,2869.7721495546048
2511,587205.3538911203,517566.9970715856,CE_corregida_OLS,472.24623261026096,2680.6313585149246,51.774813939935356,472.24623261026096,2680.6313585149246
2512,587205.6419478424,517566.9970715856,CE_corregida_OLS,467.88021292319013,2424.4573805064974,49.2387792345271,467.88021292319013,2424.4573805064974
2513,587205.9300045646,517566.9970715856,CE_corregida_OLS,462.9323107322212,2100.9941895240586,45.83660316301873,462.9323107322212,2100.9941895240586
2514,587206.2180612867,517566.9970715856,CE_corregida_OLS,458.0282661084188,1743.3020246753997,41.75286846044712,458.0282661084188,1743.3020246753997
2515,587206.506118009,517566.9970715856,CE_corregida_OLS,454.59551196804347,1462.9754463210209,38.24886202648415,454.59551196804347,1462.9754463210209
2516,587206.7941747311,517566.9970715856,CE_corregida_OLS,454.62091921711794,1431.3121861201125,37.832686742023924,454.62091921711794,1431.3121861201125
2517,587207.0822314533,517566.9970715856,CE_corregida_OLS,458.05602237233023,1634.0078813394787,40.422863349093404,458.05602237233023,1634.0078813394787
2518,587207.3702881754,517566.9970715856,CE_corregida_OLS,462.9516340199477,1890.1972352057803,43.47639859976652,462.9516340199477,1890.1972352057803
2519,587207.6583448976,517566.9970715856,CE_corregida_OLS,467.9585567982339,2094.8326811601846,45.769342153456655,467.9585567982339,2094.8326811601846
2520,587207.9464016197,517566.9970715856,CE_corregida_OLS,472.4354899971397,2229.3025358737414,47.21549042288708,472.4354899971397,2229.3025358737414
2521,587208.2344583418,517566.9970715856,CE_corregida_OLS,476.00600075047623,2320.3971642010097,48.170500975192375,476.00600075047623,2320.3971642010097
2522,587208.522515064,517566.9970715856,CE_corregida_OLS,478.39509598487433,2416.126107149644,49.15410569982577,478.39509598487433,2416.126107149644
2523,587208.8105717861,517566.9970715856,CE_corregida_OLS,479.47242516899024,2559.793579140382,50.594402646344015,479.47242516899024,2559.793579140382
2524,587209.0986285083,517566.9970715856,CE_corregida_OLS,479.3493156353042,2764.6320783544948,52.579768717202384,479.3493156353042,2764.6320783544948
2525,587209.3866852304,517566.9970715856,CE_corregida_OLS,478.3498242615526,3012.4247171924326,54.885560188381355,478.3498242615526,3012.4247171924326
2526,587209.6747419527,517566.9970715856,CE_corregida_OLS,476.8641659680425,3274.421553275511,57.222561575619025,476.8641659680425,3274.421553275511
2527,587209.9627986748,517566.9970715856,CE_corregida_OLS,475.2333036851423,3528.640887776674,59.40236432817026,475.2333036851423,3528.640887776674
2528,587210.250855397,517566.9970715856,CE_corregida_OLS,473.71249224193576,3764.0851126273346,61.35214024487927,473.71249224193576,3764.0851126273346
2529,587210.5389121191,517566.9970715856,CE_corregida_OLS,472.47485548944917,3978.06273922042,63.07188548965712,472.47485548944917,3978.06273922042
2530,587210.8269688413,517566.9970715856,CE_corregida_OLS,471.62334564078617,4172.357354508132,64.59378727484658,471.62334564078617,4172.357354508132
2531,587211.1150255634,517566.9970715856,CE_corregida_OLS,471.20220669081806,4350.308323891695,65.95686714733876,471.20220669081806,4350.308323891695
2532,587211.4030822855,517566.9970715856,CE_corregida_OLS,471.20829576907386,4515.1073604106805,67.19454859146448,471.20829576907386,4515.1073604106805
2533,587211.6911390077,517566.9970715856,CE_corregida_OLS,471.6033418470786,4669.089342575359,68.3307349775733,471.6033418470786,4669.089342575359
2534,587211.9791957298,517566.9970715856,CE_corregida_OLS,472.32670972395005,4813.670614708805,69.38062131970861,472.32670972395005,4813.670614708805
2535,587197.0002461778,517567.28512830776,CE_corregida_OLS,421.8625859070061,4192.562659361224,64.7500012305886,421.8625859070061,4192.562659361224
2536,587197.2883028999,517567.28512830776,CE_corregida_OLS,422.27445656642817,4012.353940374659,63.34314438338737,422.27445656642817,4012.353940374659
2537,587197.5763596221,517567.28512830776,CE_corregida_OLS,423.5585006223533,3820.6536260501352,61.81143604584944,423.5585006223533,3820.6536260501352
2538,587197.8644163442,517567.28512830776,CE_corregida_OLS,425.7976899478692,3611.981559159871,60.09976338688756,425.7976899478692,3611.981559159871
2539,587198.1524730665,517567.28512830776,CE_corregida_OLS,429.0116683836719,3377.947251810316,58.12011056261263,429.0116683836719,3377.947251810316
2540,587198.4405297886,517567.28512830776,CE_corregida_OLS,433.1472297283547,3108.85779943285,55.75713227411225,433.1472297283547,3108.85779943285
2541,587198.7285865108,517567.28512830776,CE_corregida_OLS,438.07501270878475,2797.917786442302,52.895347493350506,438.07501270878475,2797.917786442302
2542,587199.0166432329,517567.28512830776,CE_corregida_OLS,443.5787160655963,2449.7804318252647,49.49525665985848,443.5787160655963,2449.7804318252647
2543,587199.304699955,517567.28512830776,CE_corregida_OLS,449.31408140091725,2096.7733523873235,45.79053780408485,449.31408140091725,2096.7733523873235
2544,587199.5927566772,517567.28512830776,CE_corregida_OLS,454.7436619984474,1819.5735419244832,42.65645955684184,454.7436619984474,1819.5735419244832
2545,587199.8808133993,517567.28512830776,CE_corregida_OLS,459.2519989914513,1721.185880215473,41.48717729872054,459.2519989914513,1721.185880215473
2546,587200.1688701215,517567.28512830776,CE_corregida_OLS,462.6636388848755,1802.752234989768,42.45882988248461,462.6636388848755,1802.752234989768
2547,587200.4569268436,517567.28512830776,CE_corregida_OLS,465.3344042372065,1948.9586560433872,44.14701185860021,465.3344042372065,1948.9586560433872
2548,587200.7449835659,517567.28512830776,CE_corregida_OLS,467.61137754839444,2062.8320591447136,45.4184110151898,467.61137754839444,2062.8320591447136
2549,587201.033040288,517567.28512830776,CE_corregida_OLS,469.6220944472411,2113.1682772149397,45.96921009996734,469.6220944472411,2113.1682772149397
2550,587201.3210970102,517567.28512830776,CE_corregida_OLS,471.3277218393756,2119.5826218133357,46.03892507230523,471.3277218393756,2119.5826218133357
2551,587201.6091537323,517567.28512830776,CE_corregida_OLS,472.5981230243216,2133.8874497039396,46.19401963137587,472.5981230243216,2133.8874497039396
2552,587201.8972104545,517567.28512830776,CE_corregida_OLS,473.3168920211403,2209.3855833008242,47.00410177102445,473.3168920211403,2209.3855833008242
2553,587202.1852671766,517567.28512830776,CE_corregida_OLS,473.5055647704919,2360.0535972896696,48.58038284420646,473.5055647704919,2360.0535972896696
2554,587202.4733238987,517567.28512830776,CE_corregida_OLS,473.3352281586965,2554.5255886766936,50.542314832986165,473.3352281586965,2554.5255886766936
2555,587202.7613806209,517567.28512830776,CE_corregida_OLS,473.0165474008319,2749.884628911912,52.43934237680629,473.0165474008319,2749.884628911912
2556,587203.049437343,517567.28512830776,CE_corregida_OLS,472.7110918038703,2917.0327096879237,54.00956128027632,472.7110918038703,2917.0327096879237
2557,587203.3374940652,517567.28512830776,CE_corregida_OLS,472.50476892697503,3043.550854326683,55.16838636689207,472.50476892697503,3043.550854326683
2558,587203.6255507873,517567.28512830776,CE_corregida_OLS,472.4061883449278,3127.766929756501,55.92644213390032,472.4061883449278,3127.766929756501
2559,587203.9136075096,517567.28512830776,CE_corregida_OLS,472.3508026529327,3172.6977166541033,56.326705181948135,472.3508026529327,3172.6977166541033
2560,587204.2016642317,517567.28512830776,CE_corregida_OLS,472.21242696928505,3181.745898401518,56.40696675412992,472.21242696928505,3181.745898401518
2561,587204.4897209539,517567.28512830776,CE_corregida_OLS,471.82671405886305,3156.082325196278,56.17902032962375,471.82671405886305,3156.082325196278
2562,587204.777777676,517567.28512830776,CE_corregida_OLS,471.0259408425736,3093.5503630713365,55.61969402173421,471.0259408425736,3093.5503630713365
2563,587205.0658343981,517567.28512830776,CE_corregida_OLS,469.6796547974146,2989.1407443003254,54.67303489198606,469.6796547974146,2989.1407443003254
2564,587205.3538911203,517567.28512830776,CE_corregida_OLS,467.7368819421214,2837.2906365846998,53.26622416301628,467.7368819421214,2837.2906365846998
2565,587205.6419478424,517567.28512830776,CE_corregida_OLS,465.27399636936997,2636.5658133681964,51.34750055619257,465.27399636936997,2636.5658133681964
2566,587205.9300045646,517567.28512830776,CE_corregida_OLS,462.5634805492464,2397.7608541127706,48.96693633578448,462.5634805492464,2397.7608541127706
2567,587206.2180612867,517567.28512830776,CE_corregida_OLS,460.1714967766742,2155.560585034418,46.42801508824621,460.1714967766742,2155.560585034418
2568,587206.506118009,517567.28512830776,CE_corregida_OLS,458.98525001587865,1973.8639754461972,44.42818897328809,458.98525001587865,1973.8639754461972
2569,587206.7941747311,517567.28512830776,CE_corregida_OLS,459.8291415425909,1912.0900975643954,43.7274524476832,459.8291415425909,1912.0900975643954
2570,587207.0822314533,517567.28512830776,CE_corregida_OLS,462.717506474927,1957.9815404952699,44.24908519388022,462.717506474927,1957.9815404952699
2571,587207.3702881754,517567.28512830776,CE_corregida_OLS,466.87034467309854,2034.8948341120704,45.10980862420135,466.87034467309854,2034.8948341120704
2572,587207.6583448976,517567.28512830776,CE_corregida_OLS,471.42713471995404,2075.4499188532295,45.55710612904676,471.42713471995404,2075.4499188532295
2573,587207.9464016197,517567.28512830776,CE_corregida_OLS,475.74468079311373,2058.02870535335,45.36550126862206,475.74468079311373,2058.02870535335
2574,587208.2344583418,517567.28512830776,CE_corregida_OLS,479.2909803930848,2010.794979842092,44.84188867389611,479.2909803930848,2010.794979842092
2575,587208.522515064,517567.28512830776,CE_corregida_OLS,481.5341941841575,2005.324611538777,44.78085094701503,481.5341941841575,2005.324611538777
2576,587208.8105717861,517567.28512830776,CE_corregida_OLS,482.0985134944178,2115.9231820270934,45.99916501445535,482.0985134944178,2115.9231820270934
2577,587209.0986285083,517567.28512830776,CE_corregida_OLS,481.10772540068837,2350.898648304429,48.4860665377635,481.10772540068837,2350.898648304429
2578,587209.3866852304,517567.28512830776,CE_corregida_OLS,479.1173852171396,2653.9551285692496,51.51655198641743,479.1173852171396,2653.9551285692496
2579,587209.6747419527,517567.28512830776,CE_corregida_OLS,476.7124796812262,2966.7004978375426,54.46742602544701,476.7124796812262,2966.7004978375426
2580,587209.9627986748,517567.28512830776,CE_corregida_OLS,474.320464567967,3257.4925139669854,57.074447119240546,474.320464567967,3257.4925139669854
2581,587210.250855397,517567.28512830776,CE_corregida_OLS,472.2223372429087,3516.565826217938,59.30063934071823,472.2223372429087,3516.565826217938
2582,587210.5389121191,517567.28512830776,CE_corregida_OLS,470.5932022763793,3745.695513217663,61.20208749068665,470.5932022763793,3745.695513217663
2583,587210.8269688413,517567.28512830776,CE_corregida_OLS,469.5263690619209,3950.975249546935,62.856783639850164,469.5263690619209,3950.975249546935
2584,587211.1150255634,517567.28512830776,CE_corregida_OLS,469.04679619176153,4138.7505981857985,64.33312209263435,469.04679619176153,4138.7505981857985
2585,587211.4030822855,517567.28512830776,CE_corregida_OLS,469.12362130167384,4313.7637768053855,65.67924921012256,469.12362130167384,4313.7637768053855
2586,587211.6911390077,517567.28512830776,CE_corregida_OLS,469.6856734133221,4478.758814723652,66.9235296044945,469.6856734133221,4478.758814723652
2587,587211.9791957298,517567.28512830776,CE_corregida_OLS,470.63876811976434,4634.899035923243,68.08009280195822,470.63876811976434,4634.899035923243
2588,587212.2672524521,517567.28512830776,CE_corregida_OLS,471.88161897653856,4782.449803330137,69.15525868168044,471.88161897653856,4782.449803330137
2589,587197.2883028999,517567.5731850299,CE_corregida_OLS,427.70034812396943,4233.575143863738,65.06592920925465,427.70034812396943,4233.575143863738
2590,587197.5763596221,517567.5731850299,CE_corregida_OLS,428.9599324821607,4050.0528855566936,63.640025813608005,428.9599324821607,4050.0528855566936
2591,587197.8644163442,517567.5731850299,CE_corregida_OLS,430.98776409292475,3849.403357009174,62.04356015743434,430.98776409292475,3849.403357009174
2592,587198.1524730665,517567.5731850299,CE_corregida_OLS,433.78373430649094,3626.676412929794,60.22189313638184,433.78373430649094,3626.676412929794
2593,587198.4405297886,517567.5731850299,CE_corregida_OLS,437.2889594286724,3377.8430314129478,58.11921396072858,437.2889594286724,3377.8430314129478
2594,587198.7285865108,517567.5731850299,CE_corregida_OLS,441.37874597632316,3103.4109889520696,55.70826679185119,441.37874597632316,3103.4109889520696
2595,587199.0166432329,517567.5731850299,CE_corregida_OLS,445.85332528373283,2814.1628102307836,53.048683397712935,445.85332528373283,2814.1628102307836
2596,587199.304699955,517567.5731850299,CE_corregida_OLS,450.426826953619,2537.681732898709,50.37540801719336,450.426826953619,2537.681732898709
2597,587199.5927566772,517567.5731850299,CE_corregida_OLS,454.7420776616948,2317.8224044534845,48.14376807493868,454.7420776616948,2317.8224044534845
2598,587199.8808133993,517567.5731850299,CE_corregida_OLS,458.47567609606807,2191.2202041628902,46.81047109528904,458.47567609606807,2191.2202041628902
2599,587200.1688701215,517567.5731850299,CE_corregida_OLS,461.510041251807,2148.3288203140487,46.35006818025243,461.510041251807,2148.3288203140487
2600,587200.4569268436,517567.5731850299,CE_corregida_OLS,463.95590078336767,2132.697043989275,46.1811329872847,463.95590078336767,2132.697043989275
2601,587200.7449835659,517567.5731850299,CE_corregida_OLS,465.9843964549256,2084.8083929682653,45.65970206832569,465.9843964549256,2084.8083929682653
2602,587201.033040288,517567.5731850299,CE_corregida_OLS,467.68457968194474,1977.0962649856417,44.464550655388855,467.68457968194474,1977.0962649856417
2603,587201.3210970102,517567.5731850299,CE_corregida_OLS,469.0047775208682,1830.5189036787522,42.78456384817721,469.0047775208682,1830.5189036787522
2604,587201.6091537323,517567.5731850299,CE_corregida_OLS,469.728708949012,1726.185528017621,41.54738894344169,469.728708949012,1726.185528017621
2605,587201.8972104545,517567.5731850299,CE_corregida_OLS,469.59273431109125,1771.520716095655,42.089437108325114,469.59273431109125,1771.520716095655
2606,587202.1852671766,517567.5731850299,CE_corregida_OLS,468.6404839563181,1982.0977401406565,44.52075628446418,468.6404839563181,1982.0977401406565
2607,587202.4733238987,517567.5731850299,CE_corregida_OLS,467.2598917932817,2266.7415095712167,47.6103088581792,467.2598917932817,2266.7415095712167
2608,587202.7613806209,517567.5731850299,CE_corregida_OLS,465.8400875561593,2541.2816294230847,50.41112604795775,465.8400875561593,2541.2816294230847
2609,587203.049437343,517567.5731850299,CE_corregida_OLS,464.63950406993865,2767.90163896998,52.610850962230025,464.63950406993865,2767.90163896998
2610,587203.3374940652,517567.5731850299,CE_corregida_OLS,463.8092851040117,2938.4321323645295,54.207307001589086,463.8092851040117,2938.4321323645295
2611,587203.6255507873,517567.5731850299,CE_corregida_OLS,463.41215751951654,3057.4910177491597,55.294583982060665,463.41215751951654,3057.4910177491597
2612,587203.9136075096,517567.5731850299,CE_corregida_OLS,463.4230012241638,3133.071000587355,55.973842110287144,463.4230012241638,3133.071000587355
2613,587204.2016642317,517567.5731850299,CE_corregida_OLS,463.73182465035626,3171.716634825372,56.317995657031084,463.73182465035626,3171.716634825372
2614,587204.4897209539,517567.5731850299,CE_corregida_OLS,464.16392785264543,3176.477393227914,56.36024656819658,464.16392785264543,3176.477393227914
2615,587204.777777676,517567.5731850299,CE_corregida_OLS,464.5193931569692,3146.8536006842296,56.09682344557693,464.5193931569692,3146.8536006842296
2616,587205.0658343981,517567.5731850299,CE_corregida_OLS,464.6240113492944,3080.2769385847823,55.50024268942238,464.6240113492944,3080.2769385847823
2617,587205.3538911203,517567.5731850299,CE_corregida_OLS,464.3818486226702,2974.8313070559034,54.54201414557317,464.3818486226702,2974.8313070559034
2618,587205.6419478424,517567.5731850299,CE_corregida_OLS,463.8244510863031,2833.0794129609717,53.22667952221867,463.8244510863031,2833.0794129609717
2619,587205.9300045646,517567.5731850299,CE_corregida_OLS,463.1539533676529,2666.6100899745256,51.63923014506051,463.1539533676529,2666.6100899745256
2620,587206.2180612867,517567.5731850299,CE_corregida_OLS,462.7616017677663,2499.141968260087,49.99141894625604,462.7616017677663,2499.141968260087
2621,587206.506118009,517567.5731850299,CE_corregida_OLS,463.1595774158428,2361.877570458249,48.59915195204798,463.1595774158428,2361.877570458249
2622,587206.7941747311,517567.5731850299,CE_corregida_OLS,464.7576167579278,2274.544386669472,47.692183706237145,464.7576167579278,2274.544386669472
2623,587207.0822314533,517567.5731850299,CE_corregida_OLS,467.6019922202682,2223.761337177307,47.156774032765505,467.6019922202682,2223.761337177307
2624,587207.3702881754,517567.5731850299,CE_corregida_OLS,471.36804019003495,2166.571213985322,46.54644147499701,471.36804019003495,2166.571213985322
2625,587207.6583448976,517567.5731850299,CE_corregida_OLS,475.58706674097476,2057.637021193835,45.36118408059731,475.58706674097476,2057.637021193835
2626,587207.9464016197,517567.5731850299,CE_corregida_OLS,479.7953636222924,1875.3775106868186,43.30562908776201,479.7953636222924,1875.3775106868186
2627,587208.2344583418,517567.5731850299,CE_corregida_OLS,483.4580673223597,1647.3889592354271,40.58803960818294,483.4580673223597,1647.3889592354271
2628,587208.522515064,517567.5731850299,CE_corregida_OLS,485.71648539967015,1489.7965798537266,38.59788310067958,485.71648539967015,1489.7965798537266
2629,587208.8105717861,517567.5731850299,CE_corregida_OLS,485.57701295183404,1573.7299258457556,39.67026500851432,485.57701295183404,1573.7299258457556
2630,587209.0986285083,517567.5731850299,CE_corregida_OLS,483.2398588453372,1893.4406785413678,43.51368380798583,483.2398588453372,1893.4406785413678
2631,587209.3866852304,517567.5731850299,CE_corregida_OLS,479.87027814121353,2290.853150208869,47.86285773132303,479.87027814121353,2290.853150208869
2632,587209.6747419527,517567.5731850299,CE_corregida_OLS,476.3178293705323,2667.051595362805,51.64350487101747,476.3178293705323,2667.051595362805
2633,587209.9627986748,517567.5731850299,CE_corregida_OLS,473.0389942091844,2992.404238505449,54.702872305807205,473.0389942091844,2992.404238505449
2634,587210.250855397,517567.5731850299,CE_corregida_OLS,470.299660584661,3267.7536154062836,57.1642686947562,470.299660584661,3267.7536154062836
2635,587210.5389121191,517567.5731850299,CE_corregida_OLS,468.261117483598,3504.338525305925,59.197453706269535,468.261117483598,3504.338525305925
2636,587210.8269688413,517567.5731850299,CE_corregida_OLS,467.001050624874,3714.853457190006,60.94959767865581,467.001050624874,3714.853457190006
2637,587211.1150255634,517567.5731850299,CE_corregida_OLS,466.51853348221437,3909.3252753902543,62.52459736287995,466.51853348221437,3909.3252753902543
2638,587211.4030822855,517567.5731850299,CE_corregida_OLS,466.7445165646347,4093.7384726395944,63.98232937803683,466.7445165646347,4093.7384726395944
2639,587211.6911390077,517567.5731850299,CE_corregida_OLS,467.56227633681175,4270.473512848126,65.34886007305809,467.56227633681175,4270.473512848126
2640,587211.9791957298,517567.5731850299,CE_corregida_OLS,468.8324801970924,4439.632304056641,66.63056583923509,468.8324801970924,4439.632304056641
2641,587212.2672524521,517567.5731850299,CE_corregida_OLS,470.41541508202687,4600.4044577924915,67.82628146811892,470.41541508202687,4600.4044577924915
2642,587212.5553091742,517567.5731850299,CE_corregida_OLS,472.1860756976068,4751.996791067355,68.93472848330771,472.1860756976068,4751.996791067355
2643,587212.8433658964,517567.5731850299,CE_corregida_OLS,474.04175219600444,4894.048057365824,69.95747320598296,474.04175219600444,4894.048057365824
2644,587197.8644163442,517567.8612417521,CE_corregida_OLS,435.4513466214312,4077.202849790991,63.852978394049806,435.4513466214312,4077.202849790991
2645,587198.1524730665,517567.8612417521,CE_corregida_OLS,437.8280526202672,3871.109387371221,62.218239989340915,437.8280526202672,3871.109387371221
2646,587198.4405297886,517567.8612417521,CE_corregida_OLS,440.74011653919666,3646.4041418099337,60.38546300070849,440.74011653919666,3646.4041418099337
2647,587198.7285865108,517567.8612417521,CE_corregida_OLS,444.0736868589163,3406.347485645759,58.3639228089216,444.0736868589163,3406.347485645759
2648,587199.0166432329,517567.8612417521,CE_corregida_OLS,447.66048315144843,3160.8270163945767,56.221232789708345,447.66048315144843,3160.8270163945767
2649,587199.304699955,517567.8612417521,CE_corregida_OLS,451.28358968871925,2927.340674470913,54.10490434767363,451.28358968871925,2927.340674470913
2650,587199.5927566772,517567.8612417521,CE_corregida_OLS,454.7054811210204,2726.328015255653,52.21425107435376,454.7054811210204,2726.328015255653
2651,587199.8808133993,517567.8612417521,CE_corregida_OLS,457.7297710839099,2568.093431476669,50.67635969045793,457.7297710839099,2568.093431476669
2652,587200.1688701215,517567.8612417521,CE_corregida_OLS,460.2686281026182,2438.8546590405026,49.38476140511871,460.2686281026182,2438.8546590405026
2653,587200.4569268436,517567.8612417521,CE_corregida_OLS,462.351780157927,2301.550596706498,47.97447859754703,462.351780157927,2301.550596706498
2654,587200.7449835659,517567.8612417521,CE_corregida_OLS,464.06596208141445,2112.8053734486675,45.965262682254604,464.06596208141445,2112.8053734486675
2655,587201.033040288,517567.8612417521,CE_corregida_OLS,465.4787427835234,1842.9142389664817,42.92917701245252,465.4787427835234,1842.9142389664817
2656,587201.3210970102,517567.8612417521,CE_corregida_OLS,466.5585759830869,1500.1684881594545,38.73200857378112,466.5585759830869,1500.1684881594545
2657,587201.6091537323,517567.8612417521,CE_corregida_OLS,466.9932057158378,1195.243057288126,34.57228741764314,466.9932057158378,1195.243057288126
2658,587201.8972104545,517567.8612417521,CE_corregida_OLS,466.03471698274353,1203.0210636269167,34.68459403866386,466.03471698274353,1203.0210636269167
2659,587202.1852671766,517567.8612417521,CE_corregida_OLS,463.7043132158673,1553.3258459925605,39.412255022931134,463.7043132158673,1553.3258459925605
2660,587202.4733238987,517567.8612417521,CE_corregida_OLS,460.95817808069694,1972.8005299327422,44.416219221504456,460.95817808069694,1972.8005299327422
2661,587202.7613806209,517567.8612417521,CE_corregida_OLS,458.3841584194597,2332.397210533431,48.294898390341714,458.3841584194597,2332.397210533431
2662,587203.049437343,517567.8612417521,CE_corregida_OLS,456.2903628854222,2608.4901472771094,51.07338002596959,456.2903628854222,2608.4901472771094
2663,587203.3374940652,517567.8612417521,CE_corregida_OLS,454.88346493539996,2809.397376722591,53.003748704432134,454.88346493539996,2809.397376722591
2664,587203.6255507873,517567.8612417521,CE_corregida_OLS,454.2900164207516,2951.3560600427113,54.32638456627416,454.2900164207516,2951.3560600427113
2665,587203.9136075096,517567.8612417521,CE_corregida_OLS,454.5304413995208,3049.655572521461,55.223686698023535,454.5304413995208,3049.655572521461
2666,587204.2016642317,517567.8612417521,CE_corregida_OLS,455.50013479765136,3114.678938648288,55.80930870964348,455.50013479765136,3114.678938648288
2667,587204.4897209539,517567.8612417521,CE_corregida_OLS,456.98521879412027,3150.8706815391074,56.132616913333976,456.98521879412027,3150.8706815391074
2668,587204.777777676,517567.8612417521,CE_corregida_OLS,458.7150410300463,3157.9905957538376,56.19600159934724,458.7150410300463,3157.9905957538376
2669,587205.0658343981,517567.8612417521,CE_corregida_OLS,460.43252535651686,3133.7446871970083,55.97985965681772,460.43252535651686,3133.7446871970083
2670,587205.3538911203,517567.8612417521,CE_corregida_OLS,461.95969376433357,3076.832551483028,55.46920363123152,461.95969376433357,3076.832551483028
2671,587205.6419478424,517567.8612417521,CE_corregida_OLS,463.2448420827081,2989.746078521859,54.67857056033798,463.2448420827081,2989.746078521859
2672,587205.9300045646,517567.8612417521,CE_corregida_OLS,464.3847649693258,2880.6361925027777,53.671558506370744,464.3847649693258,2880.6361925027777
2673,587206.2180612867,517567.8612417521,CE_corregida_OLS,465.6109539043576,2762.7923652456147,52.56227130980562,465.6109539043576,2762.7923652456147
2674,587206.506118009,517567.8612417521,CE_corregida_OLS,467.22089326187324,2649.533839213297,51.4736227519814,467.22089326187324,2649.533839213297
2675,587206.7941747311,517567.8612417521,CE_corregida_OLS,469.45556118096556,2544.414569606276,50.442190372804745,469.45556118096556,2544.414569606276
2676,587207.0822314533,517567.8612417521,CE_corregida_OLS,472.3878679722343,2432.8384721713282,49.3238124253522,472.3878679722343,2432.8384721713282
2677,587207.3702881754,517567.8612417521,CE_corregida_OLS,475.91139883379145,2283.3682459654137,47.78460260340577,475.91139883379145,2283.3682459654137
2678,587207.6583448976,517567.8612417521,CE_corregida_OLS,479.82382028604377,2058.267947570601,45.36813802186068,479.82382028604377,2058.267947570601
2679,587207.9464016197,517567.8612417521,CE_corregida_OLS,483.9033135174739,1726.5364693461408,41.55161211488841,483.9033135174739,1726.5364693461408
2680,587208.2344583418,517567.8612417521,CE_corregida_OLS,487.860669227733,1284.6894302144392,35.84256450387499,487.860669227733,1284.6894302144392
2681,587208.522515064,517567.8612417521,CE_corregida_OLS,490.77817608495013,855.2690859004562,29.244983944267368,490.77817608495013,855.2690859004562
2682,587208.8105717861,517567.8612417521,CE_corregida_OLS,489.68694954828254,938.8915178238643,30.641336749950455,489.68694954828254,938.8915178238643
2683,587209.0986285083,517567.8612417521,CE_corregida_OLS,485.187320683365,1462.3354937720005,38.24049546975039,485.187320683365,1462.3354937720005
2684,587209.3866852304,517567.8612417521,CE_corregida_OLS,480.1328718291901,1982.1800873058994,44.52168109254074,480.1328718291901,1982.1800873058994
2685,587209.6747419527,517567.8612417521,CE_corregida_OLS,475.3483703747587,2410.3273472235383,49.0950847562517,475.3483703747587,2410.3273472235383
2686,587209.9627986748,517567.8612417521,CE_corregida_OLS,471.1539100369957,2750.217905182284,52.44252001174509,471.1539100369957,2750.217905182284
2687,587210.250855397,517567.8612417521,CE_corregida_OLS,467.7657480773847,3023.144977584661,54.983133573712045,467.7657480773847,3023.144977584661
2688,587210.5389121191,517567.8612417521,CE_corregida_OLS,465.33770442402795,3252.982624432118,57.03492460266883,465.33770442402795,3252.982624432118
2689,587210.8269688413,517567.8612417521,CE_corregida_OLS,463.94178362616265,3459.9703950728817,58.82151302944257,463.94178362616265,3459.9703950728817
2690,587211.1150255634,517567.8612417521,CE_corregida_OLS,463.55031334016917,3657.414257432729,60.476559570074166,463.55031334016917,3657.414257432729
2691,587211.4030822855,517567.8612417521,CE_corregida_OLS,464.0432464120828,3851.174899210843,62.057835115405396,464.0432464120828,3851.174899210843
2692,587211.6911390077,517567.8612417521,CE_corregida_OLS,465.24032459148356,4041.5741633940406,63.573376215158184,465.24032459148356,4041.5741633940406
2693,587211.9791957298,517567.8612417521,CE_corregida_OLS,466.9414800797447,4226.251759393113,65.00962820531366,466.9414800797447,4226.251759393113
2694,587212.2672524521,517567.8612417521,CE_corregida_OLS,468.9591149299365,4402.499578437523,66.35133441339008,468.9591149299365,4402.499578437523
2695,587212.5553091742,517567.8612417521,CE_corregida_OLS,471.1360972515299,4568.477577127934,67.59051395815787,471.1360972515299,4568.477577127934
2696,587212.8433658964,517567.8612417521,CE_corregida_OLS,473.3516348750735,4723.483761105593,68.7276055243131,473.3516348750735,4723.483761105593
2697,587213.1314226185,517567.8612417521,CE_corregida_OLS,475.5197687512146,4867.713873233329,69.76900367092344,475.5197687512146,4867.713873233329
2698,587198.1524730665,517568.14929847425,CE_corregida_OLS,441.2804750926592,4105.2044788958365,64.07186963789832,441.2804750926592,4105.2044788958365
2699,587198.4405297886,517568.14929847425,CE_corregida_OLS,443.6511826307901,3903.284406948616,62.476270750970855,443.6511826307901,3903.284406948616
2700,587198.7285865108,517568.14929847425,CE_corregida_OLS,446.31940715449645,3691.013437249906,60.75371130433026,446.31940715449645,3691.013437249906
2701,587199.0166432329,517568.14929847425,CE_corregida_OLS,449.1489304306732,3475.0916768997995,58.949908200944634,449.1489304306732,3475.0916768997995
2702,587199.304699955,517568.14929847425,CE_corregida_OLS,451.97719521860796,3264.645440374699,57.13707588225616,451.97719521860796,3264.645440374699
2703,587199.5927566772,517568.14929847425,CE_corregida_OLS,454.6384347366767,3067.166701038648,55.38200701526307,454.6384347366767,3067.166701038648
2704,587199.8808133993,517568.14929847425,CE_corregida_OLS,456.99850761049674,2881.641488785342,53.680922950200305,456.99850761049674,2881.641488785342
2705,587200.1688701215,517568.14929847425,CE_corregida_OLS,458.9861870059925,2692.7703568931297,51.891910322256685,458.9861870059925,2692.7703568931297
2706,587200.4569268436,517568.14929847425,CE_corregida_OLS,460.59965201931067,2471.3067621820487,49.712239561118636,460.59965201931067,2471.3067621820487
2707,587200.7449835659,517568.14929847425,CE_corregida_OLS,461.88550090290744,2180.5505981196134,46.696366005499975,461.88550090290744,2180.5505981196134
2708,587201.033040288,517568.14929847425,CE_corregida_OLS,462.9091384507073,1784.1629171805207,42.239352707878005,462.9091384507073,1784.1629171805207
2709,587201.3210970102,517568.14929847425,CE_corregida_OLS,463.7279515291964,1253.7051374455775,35.40769884425671,463.7279515291964,1253.7051374455775
2710,587201.6091537323,517568.14929847425,CE_corregida_OLS,464.2848293707781,606.1205714372392,24.61951606829913,464.2848293707781,606.1205714372392
2711,587201.8972104545,517568.14929847425,CE_corregida_OLS,462.58652758454366,549.2253569267207,23.435557533942323,462.58652758454366,549.2253569267207
2712,587202.1852671766,517568.14929847425,CE_corregida_OLS,458.3782791768493,1208.089472663374,34.75758151343925,458.3782791768493,1208.089472663374
2713,587202.4733238987,517568.14929847425,CE_corregida_OLS,454.22546665650265,1758.4935374308857,41.93439563688602,454.22546665650265,1758.4935374308857
2714,587202.7613806209,517568.14929847425,CE_corregida_OLS,450.5187327596028,2167.4394238195914,46.55576681593368,450.5187327596028,2167.4394238195914
2715,587203.049437343,517568.14929847425,CE_corregida_OLS,447.5405868698924,2459.0901563498005,49.589214113048826,447.5405868698924,2459.0901563498005
2716,587203.3374940652,517568.14929847425,CE_corregida_OLS,445.5767234522877,2663.443729885801,51.608562563646366,445.5767234522877,2663.443729885801
2717,587203.6255507873,517568.14929847425,CE_corregida_OLS,444.86077851761706,2809.1937015650415,53.00182734175343,444.86077851761706,2809.1937015650415
2718,587203.9136075096,517568.14929847425,CE_corregida_OLS,445.48780793962874,2919.0324564370335,54.02807100421996,445.48780793962874,2919.0324564370335
2719,587204.2016642317,517568.14929847425,CE_corregida_OLS,447.35242653201436,3006.3038265502273,54.82977135234313,447.35242653201436,3006.3038265502273
2720,587204.4897209539,517568.14929847425,CE_corregida_OLS,450.16041529279903,3074.785711354793,55.45075032273948,450.16041529279903,3074.785711354793
2721,587204.777777676,517568.14929847425,CE_corregida_OLS,453.51377970121246,3121.77489159998,55.872845744601015,453.51377970121246,3121.77489159998
2722,587205.0658343981,517568.14929847425,CE_corregida_OLS,457.021250685971,3142.5139411748037,56.058130018533475,457.021250685971,3142.5139411748037
2723,587205.3538911203,517568.14929847425,CE_corregida_OLS,460.38598158217206,3133.857107965284,55.980863765802006,460.38598158217206,3133.857107965284
2724,587205.6419478424,517568.14929847425,CE_corregida_OLS,463.45202317251096,3096.276588610154,55.64419636053839,463.45202317251096,3096.276588610154
2725,587205.9300045646,517568.14929847425,CE_corregida_OLS,466.21192834121655,3034.0725612389538,55.08241608026062,466.21192834121655,3034.0725612389538
2726,587206.2180612867,517568.14929847425,CE_corregida_OLS,468.7802208157451,2953.5706953485806,54.3467634302962,468.7802208157451,2953.5706953485806
2727,587206.506118009,517568.14929847425,CE_corregida_OLS,471.3358310420653,2859.0856665018823,53.47041861162003,471.3358310420653,2859.0856665018823
2728,587206.7941747311,517568.14929847425,CE_corregida_OLS,474.0465947198338,2747.575636554194,52.417321913220576,474.0465947198338,2747.575636554194
2729,587207.0822314533,517568.14929847425,CE_corregida_OLS,477.00793971674545,2604.773867589595,51.03698529095929,477.00793971674545,2604.773867589595
2730,587207.3702881754,517568.14929847425,CE_corregida_OLS,480.228276682724,2405.50497741902,49.04594761465029,480.228276682724,2405.50497741902
2731,587207.6583448976,517568.14929847425,CE_corregida_OLS,483.66099909927465,2117.7397402991674,46.018906335322306,483.66099909927465,2117.7397402991674
2732,587207.9464016197,517568.14929847425,CE_corregida_OLS,487.25187464741134,1707.2390964508584,41.3187499381438,487.25187464741134,1707.2390964508584
2733,587208.2344583418,517568.14929847425,CE_corregida_OLS,490.97319834511364,1140.3916407020401,33.76968523249869,490.97319834511364,1140.3916407020401
2734,587208.522515064,517568.14929847425,CE_corregida_OLS,494.8236329761935,387.4340666375177,19.68334490470351,494.8236329761935,387.4340666375177
2735,587208.8105717861,517568.14929847425,CE_corregida_OLS,492.42616635219656,524.0692810157976,22.892559512116545,492.42616635219656,524.0692810157976
2736,587209.0986285083,517568.14929847425,CE_corregida_OLS,485.6595073004106,1254.8448500768823,35.4237893240811,485.6595073004106,1254.8448500768823
2737,587209.3866852304,517568.14929847425,CE_corregida_OLS,479.2880044402634,1813.767419815193,42.588348404407434,479.2880044402634,1813.767419815193
2738,587209.6747419527,517568.14929847425,CE_corregida_OLS,473.4859972739854,2231.5015080944,47.238771238193735,473.4859972739854,2231.5015080944
2739,587209.9627986748,517568.14929847425,CE_corregida_OLS,468.4672049045835,2542.3034088779177,50.42125949317329,468.4672049045835,2542.3034088779177
2740,587210.250855397,517568.14929847425,CE_corregida_OLS,464.46845226950285,2782.077423099481,52.7454019142852,464.46845226950285,2782.077423099481
2741,587210.5389121191,517568.14929847425,CE_corregida_OLS,461.6961845157006,2985.00509087599,54.63520010831836,461.6961845157006,2985.00509087599
2742,587210.8269688413,517568.14929847425,CE_corregida_OLS,460.2542201193956,3177.9457223329337,56.37327134673784,460.2542201193956,3177.9457223329337
2743,587211.1150255634,517568.14929847425,CE_corregida_OLS,460.0931805118495,3375.7626014819257,58.10131325092339,460.0931805118495,3375.7626014819257
2744,587211.4030822855,517568.14929847425,CE_corregida_OLS,461.0202516369363,3581.241509264931,59.84347507677784,461.0202516369363,3581.241509264931
2745,587211.6911390077,517568.14929847425,CE_corregida_OLS,462.76196594417274,3789.565826610382,61.55944953141136,462.76196594417274,3789.565826610382
2746,587211.9791957298,517568.14929847425,CE_corregida_OLS,465.0357183478867,3993.808951794816,63.196589716493534,465.0357183478867,3993.808951794816
2747,587212.2672524521,517568.14929847425,CE_corregida_OLS,467.59648083496364,4188.478346039035,64.71845444723657,467.59648083496364,4188.478346039035
2748,587212.5553091742,517568.14929847425,CE_corregida_OLS,470.254640390875,4370.648224420633,66.11087826084776,470.254640390875,4370.648224420633
2749,587212.8433658964,517568.14929847425,CE_corregida_OLS,472.87570236517155,4539.613016275015,67.37665037885911,472.87570236517155,4539.613016275015
2750,587213.1314226185,517568.14929847425,CE_corregida_OLS,475.37226728403897,4696.036951405383,68.5276364060908,475.37226728403897,4696.036951405383
2751,587213.4194793407,517568.14929847425,CE_corregida_OLS,477.69405515680495,4841.162690784564,69.57846427440435,477.69405515680495,4841.162690784564
2752,587198.4405297886,517568.4373551964,CE_corregida_OLS,446.1458468472297,4142.728606117165,64.36403192868798,446.1458468472297,4142.728606117165
2753,587198.7285865108,517568.4373551964,CE_corregida_OLS,448.2344165092434,3951.8504368036147,62.863745010964905,448.2344165092434,3951.8504368036147
2754,587199.0166432329,517568.4373551964,CE_corregida_OLS,450.41546545459875,3755.990226216926,61.286134045287326,450.41546545459875,3755.990226216926
2755,587199.304699955,517568.4373551964,CE_corregida_OLS,452.5639499092207,3558.7684163137087,59.655413973198684,452.5639499092207,3558.7684163137087
2756,587199.5927566772,517568.4373551964,CE_corregida_OLS,454.5559652381538,3361.054099981506,57.97459874791292,454.5559652381538,3361.054099981506
2757,587199.8808133993,517568.4373551964,CE_corregida_OLS,456.28867046604324,3157.369990076212,56.19047953235683,456.28867046604324,3157.369990076212
2758,587200.1688701215,517568.4373551964,CE_corregida_OLS,457.69640230583246,2933.350230279906,54.160412020957764,457.69640230583246,2933.350230279906
2759,587200.4569268436,517568.4373551964,CE_corregida_OLS,458.7548833630664,2666.1185520546956,51.63447057978512,458.7548833630664,2666.1185520546956
2760,587200.7449835659,517568.4373551964,CE_corregida_OLS,459.47234194990824,2327.665516648786,48.24588600750105,459.47234194990824,2327.665516648786
2761,587201.033040288,517568.4373551964,CE_corregida_OLS,459.87302718621544,1890.002047635739,43.474153788610295,459.87302718621544,1890.002047635739
2762,587201.3210970102,517568.4373551964,CE_corregida_OLS,459.96965949578527,1334.5365122777932,36.53130865816051,459.96965949578527,1334.5365122777932
2763,587201.6091537323,517568.4373551964,CE_corregida_OLS,459.6047147129533,709.2189063045815,26.631164193564306,459.6047147129533,709.2189063045815
2764,587201.8972104545,517568.4373551964,CE_corregida_OLS,457.0135479880818,639.8241729515889,25.294745955466503,457.0135479880818,639.8241729515889
2765,587202.1852671766,517568.4373551964,CE_corregida_OLS,452.0331695727829,1211.5363359628345,34.807130533309326,452.0331695727829,1211.5363359628345
2766,587202.4733238987,517568.4373551964,CE_corregida_OLS,446.9140769564001,1713.481865753332,41.394225029022245,446.9140769564001,1713.481865753332
2767,587202.7613806209,517568.4373551964,CE_corregida_OLS,442.2078370109033,2079.23081578753,45.59858348444094,442.2078370109033,2079.23081578753
2768,587203.049437343,517568.4373551964,CE_corregida_OLS,438.33570666174694,2329.612122582746,48.26605559378916,438.33570666174694,2329.612122582746
2769,587203.3374940652,517568.4373551964,CE_corregida_OLS,435.7689089684971,2499.031313414509,49.99031219560955,435.7689089684971,2499.031313414509
2770,587203.6255507873,517568.4373551964,CE_corregida_OLS,434.9483443079313,2623.5946762704943,51.22103743844412,434.9483443079313,2623.5946762704943
2771,587203.9136075096,517568.4373551964,CE_corregida_OLS,436.1136748799842,2732.129971312734,52.269780670218374,436.1136748799842,2732.129971312734
2772,587204.2016642317,517568.4373551964,CE_corregida_OLS,439.15659343525715,2838.859570917779,53.28094941832192,439.15659343525715,2838.859570917779
2773,587204.4897209539,517568.4373551964,CE_corregida_OLS,443.6311471967897,2942.846068563242,54.24800520353944,443.6311471967897,2942.846068563242
2774,587204.777777676,517568.4373551964,CE_corregida_OLS,448.921391454095,3034.478409991524,55.08609997078686,448.921391454095,3034.478409991524
2775,587205.0658343981,517568.4373551964,CE_corregida_OLS,454.43570870412515,3103.3204744609975,55.70745438862736,454.43570870412515,3103.3204744609975
2776,587205.3538911203,517568.4373551964,CE_corregida_OLS,459.72716657102256,3142.7522255422655,56.06025531106923,459.72716657102256,3142.7522255422655
2777,587205.6419478424,517568.4373551964,CE_corregida_OLS,464.5322300385761,3150.9828640127294,56.133616167255155,464.5322300385761,3150.9828640127294
2778,587205.9300045646,517568.4373551964,CE_corregida_OLS,468.7588177343989,3129.77926244123,55.944430128845084,468.7588177343989,3129.77926244123
2779,587206.2180612867,517568.4373551964,CE_corregida_OLS,472.4475432208048,3081.9303514567086,55.51513623739663,472.4475432208048,3081.9303514567086
2780,587206.506118009,517568.4373551964,CE_corregida_OLS,475.71806659735023,3008.022537578769,54.845442268056964,475.71806659735023,3008.022537578769
2781,587206.7941747311,517568.4373551964,CE_corregida_OLS,478.71132437531975,2903.322667355081,53.88248943167976,478.71132437531975,2903.322667355081
2782,587207.0822314533,517568.4373551964,CE_corregida_OLS,481.54264676317126,2756.041807453646,52.49801717640054,481.54264676317126,2756.041807453646
2783,587207.3702881754,517568.4373551964,CE_corregida_OLS,484.27788195586226,2548.0957072305464,50.47866586222883,484.27788195586226,2548.0957072305464
2784,587207.6583448976,517568.4373551964,CE_corregida_OLS,486.9294419193518,2258.7189441188802,47.52598177964218,486.9294419193518,2258.7189441188802
2785,587207.9464016197,517568.4373551964,CE_corregida_OLS,489.4463788872015,1872.0393602321242,43.26707016002036,489.4463788872015,1872.0393602321242
2786,587208.2344583418,517568.4373551964,CE_corregida_OLS,491.6190517374578,1398.741977575801,37.3997590577239,491.6190517374578,1398.741977575801
2787,587208.522515064,517568.4373551964,CE_corregida_OLS,492.54393550545376,971.3461608046429,31.166426821254998,492.54393550545376,971.3461608046429
2788,587208.8105717861,517568.4373551964,CE_corregida_OLS,489.7623579139127,997.9419231707601,31.590218789536106,489.7623579139127,997.9419231707601
2789,587209.0986285083,517568.4373551964,CE_corregida_OLS,483.773896650746,1408.5283247906414,37.53036536979944,483.773896650746,1408.5283247906414
2790,587209.3866852304,517568.4373551964,CE_corregida_OLS,477.08472806211705,1820.4492086825715,42.66672249754569,477.08472806211705,1820.4492086825715
2791,587209.6747419527,517568.4373551964,CE_corregida_OLS,470.6416644275752,2137.347962128989,46.23146073972776,470.6416644275752,2137.347962128989
2792,587209.9627986748,517568.4373551964,CE_corregida_OLS,464.9182985759801,2363.9785256114474,48.62076228949365,464.9182985759801,2363.9785256114474
2793,587210.250855397,517568.4373551964,CE_corregida_OLS,460.32920847060956,2533.186658692655,50.33077248257427,460.32920847060956,2533.186658692655
2794,587210.5389121191,517568.4373551964,CE_corregida_OLS,457.2437023694445,2685.7133691342965,51.823868720255696,457.2437023694445,2685.7133691342965
2795,587210.8269688413,517568.4373551964,CE_corregida_OLS,455.8675642619135,2854.921721582286,53.43146752225963,455.8675642619135,2854.921721582286
2796,587211.1150255634,517568.4373551964,CE_corregida_OLS,456.13341089535487,3054.7240390340867,55.26955797755295,456.13341089535487,3054.7240390340867
2797,587211.4030822855,517568.4373551964,CE_corregida_OLS,457.7265179856451,3279.3141923561825,57.265296579657935,457.7265179856451,3279.3141923561825
2798,587211.6911390077,517568.4373551964,CE_corregida_OLS,460.2262707649388,3513.5077951798753,59.27484960065167,460.2262707649388,3513.5077951798753
2799,587211.9791957298,517568.4373551964,CE_corregida_OLS,463.23851742035185,3743.1137601567684,61.18099182063632,463.23851742035185,3743.1137601567684
2800,587212.2672524521,517568.4373551964,CE_corregida_OLS,466.45561918269834,3959.428723830426,62.92399163936142,466.45561918269834,3959.428723830426
2801,587212.5553091742,517568.4373551964,CE_corregida_OLS,469.66236496240236,4159.118083108317,64.49122485352807,469.66236496240236,4159.118083108317
2802,587212.8433658964,517568.4373551964,CE_corregida_OLS,472.7208113818609,4342.367122226533,65.89663968842822,472.7208113818609,4342.367122226533
2803,587213.1314226185,517568.4373551964,CE_corregida_OLS,475.5519296511966,4511.007748446185,67.16403612385267,475.5519296511966,4511.007748446185
2804,587213.4194793407,517568.4373551964,CE_corregida_OLS,478.1195801343254,4667.218334466825,68.317042781921,478.1195801343254,4667.218334466825
2805,587213.7075360628,517568.4373551964,CE_corregida_OLS,480.41742764121835,4812.850081395026,69.37470779322264,480.41742764121835,4812.850081395026
2806,587198.7285865108,517568.72541191854,CE_corregida_OLS,449.9101009937034,4188.820239064391,64.72109578077608,449.9101009937034,4188.820239064391
2807,587199.0166432329,517568.72541191854,CE_corregida_OLS,451.5335006533207,4007.6572782733006,63.30606035975782,451.5335006533207,4007.6572782733006
2808,587199.304699955,517568.72541191854,CE_corregida_OLS,453.0936284225658,3820.017682950151,61.806291612991565,453.0936284225658,3820.017682950151
2809,587199.5927566772,517568.72541191854,CE_corregida_OLS,454.4903528413109,3623.8758422994256,60.19863654850852,454.4903528413109,3623.8758422994256
2810,587199.8808133993,517568.72541191854,CE_corregida_OLS,455.6353147305681,3412.9228335796306,58.42022623697747,455.6353147305681,3412.9228335796306
2811,587200.1688701215,517568.72541191854,CE_corregida_OLS,456.45984931299904,3175.751019607913,56.35380217525622,456.45984931299904,3175.751019607913
2812,587200.4569268436,517568.72541191854,CE_corregida_OLS,456.9154394747014,2897.0132878183895,53.82391000121033,456.9154394747014,2897.0132878183895
2813,587200.7449835659,517568.72541191854,CE_corregida_OLS,456.96408530500156,2561.3693320371663,50.60997265398556,456.96408530500156,2561.3693320371663
2814,587201.033040288,517568.72541191854,CE_corregida_OLS,456.55419628392104,2162.16147576436,46.49904811675568,456.55419628392104,2162.16147576436
2815,587201.3210970102,517568.72541191854,CE_corregida_OLS,455.5604238971448,1723.2352838761772,41.51186919275229,455.5604238971448,1723.2352838761772
2816,587201.6091537323,517568.72541191854,CE_corregida_OLS,453.62540767852414,1356.7727982931028,36.8343969448816,453.62540767852414,1356.7727982931028
2817,587201.8972104545,517568.72541191854,CE_corregida_OLS,450.0987128068815,1289.2072896311788,35.905532855413504,450.0987128068815,1289.2072896311788
2818,587202.1852671766,517568.72541191854,CE_corregida_OLS,445.0254867102948,1526.06716796308,39.06490967560376,445.0254867102948,1526.06716796308
2819,587202.4733238987,517568.72541191854,CE_corregida_OLS,439.2972762540808,1824.9877657295187,42.719875535042455,439.2972762540808,1824.9877657295187
2820,587202.7613806209,517568.72541191854,CE_corregida_OLS,433.66011655597214,2059.744224297994,45.38440507815426,433.66011655597214,2059.744224297994
2821,587203.049437343,517568.72541191854,CE_corregida_OLS,428.77656230966807,2210.8176662971173,47.01933289932044,428.77656230966807,2210.8176662971173
2822,587203.3374940652,517568.72541191854,CE_corregida_OLS,425.41587236842884,2302.994936103843,47.98952944240903,425.41587236842884,2302.994936103843
2823,587203.6255507873,517568.72541191854,CE_corregida_OLS,424.3924244215637,2378.191041093564,48.76670012512189,424.3924244215637,2378.191041093564
2824,587203.9136075096,517568.72541191854,CE_corregida_OLS,426.23957081894935,2473.6297694178743,49.735598613245564,426.23957081894935,2473.6297694178743
2825,587204.2016642317,517568.72541191854,CE_corregida_OLS,430.84463511417465,2602.3119578679625,51.01286071049106,430.84463511417465,2602.3119578679625
2826,587204.4897209539,517568.72541191854,CE_corregida_OLS,437.46054227583943,2751.0301548338684,52.45026362978425,437.46054227583943,2751.0301548338684
2827,587204.777777676,517568.72541191854,CE_corregida_OLS,445.09618504623387,2895.9570741971274,53.81409735559194,445.09618504623387,2895.9570741971274
2828,587205.0658343981,517568.72541191854,CE_corregida_OLS,452.8800843239119,3017.5099754828216,54.93186666665189,452.8800843239119,3017.5099754828216
2829,587205.3538911203,517568.72541191854,CE_corregida_OLS,460.2021674287963,3105.3253550803825,55.72544620799714,460.2021674287963,3105.3253550803825
2830,587205.6419478424,517568.72541191854,CE_corregida_OLS,466.7105636092954,3156.703174763425,56.184545693308095,466.7105636092954,3156.703174763425
2831,587205.9300045646,517568.72541191854,CE_corregida_OLS,472.2618637261382,3173.101744739584,56.330291537853626,472.2618637261382,3173.101744739584
2832,587206.2180612867,517568.72541191854,CE_corregida_OLS,476.8644213186353,3156.695474042966,56.184477162673375,476.8644213186353,3156.695474042966
2833,587206.506118009,517568.72541191854,CE_corregida_OLS,480.622139693106,3107.578954280742,55.745663098403824,480.622139693106,3107.578954280742
2834,587206.7941747311,517568.72541191854,CE_corregida_OLS,483.6807624045789,3021.9664554150336,54.97241540459209,483.6807624045789,3021.9664554150336
2835,587207.0822314533,517568.72541191854,CE_corregida_OLS,486.1814017733387,2891.8927136068796,53.776321123770444,486.1814017733387,2891.8927136068796
2836,587207.3702881754,517568.72541191854,CE_corregida_OLS,488.22496440540795,2707.02363380688,52.02906527900419,488.22496440540795,2707.02363380688
2837,587207.6583448976,517568.72541191854,CE_corregida_OLS,489.84222256192186,2459.448643264145,49.59282854671777,489.84222256192186,2459.448643264145
2838,587207.9464016197,517568.72541191854,CE_corregida_OLS,490.94780645817895,2153.7996836913444,46.40904743356994,490.94780645817895,2153.7996836913444
2839,587208.2344583418,517568.72541191854,CE_corregida_OLS,491.23417582413947,1828.6040026350836,42.762179582372596,491.23417582413947,1828.6040026350836
2840,587208.522515064,517568.72541191854,CE_corregida_OLS,490.0082269180379,1587.9471958492966,39.84905514374584,490.0082269180379,1587.9471958492966
2841,587208.8105717861,517568.72541191854,CE_corregida_OLS,486.4612797170281,1561.6017151125563,39.517106613624385,486.4612797170281,1561.6017151125563
2842,587209.0986285083,517568.72541191854,CE_corregida_OLS,480.784720354759,1725.5660949251578,41.53993373761154,480.784720354759,1725.5660949251578
2843,587209.3866852304,517568.72541191854,CE_corregida_OLS,474.0295776035429,1934.3919862456562,43.98172332055278,474.0295776035429,1934.3919862456562
2844,587209.6747419527,517568.72541191854,CE_corregida_OLS,467.09535667410745,2096.4786189517517,45.78731941216642,467.09535667410745,2096.4786189517517
2845,587209.9627986748,517568.72541191854,CE_corregida_OLS,460.6581596537568,2193.9450774363513,46.839567434342854,460.6581596537568,2193.9450774363513
2846,587210.250855397,517568.72541191854,CE_corregida_OLS,455.37977543649384,2254.982122722581,47.48665204794481,455.37977543649384,2254.982122722581
2847,587210.5389121191,517568.72541191854,CE_corregida_OLS,451.9305177862607,2332.0397833875363,48.291197783732144,451.9305177862607,2332.0397833875363
2848,587210.8269688413,517568.72541191854,CE_corregida_OLS,450.7438145967084,2471.829613132186,49.717498057848665,450.7438145967084,2471.829613132186
2849,587211.1150255634,517568.72541191854,CE_corregida_OLS,451.7209981611353,2684.429230326205,51.81147778558536,451.7209981611353,2684.429230326205
2850,587211.4030822855,517568.72541191854,CE_corregida_OLS,454.3022609782181,2944.130596834571,54.2598433174532,454.3022609782181,2944.130596834571
2851,587211.6911390077,517568.72541191854,CE_corregida_OLS,457.8220468013595,3216.684980170415,56.71582654048529,457.8220468013595,3216.684980170415
2852,587211.9791957298,517568.72541191854,CE_corregida_OLS,461.74716845431976,3478.332639569804,58.97739091863766,461.74716845431976,3478.332639569804
2853,587212.2672524521,517568.72541191854,CE_corregida_OLS,465.7189904999952,3718.4467005395777,60.97906772442145,465.7189904999952,3718.4467005395777
2854,587212.5553091742,517568.72541191854,CE_corregida_OLS,469.51714950314187,3935.3558737367525,62.732414856569584,469.51714950314187,3935.3558737367525
2855,587212.8433658964,517568.72541191854,CE_corregida_OLS,473.01786276688955,4131.793134791246,64.27902562104723,473.01786276688955,4131.793134791246
2856,587213.1314226185,517568.72541191854,CE_corregida_OLS,476.16361059998627,4311.739198041222,65.66383478019863,476.16361059998627,4311.739198041222
2857,587213.4194793407,517568.72541191854,CE_corregida_OLS,478.9421629547699,4478.7070224561785,66.92314265227074,478.9421629547699,4478.7070224561785
2858,587213.7075360628,517568.72541191854,CE_corregida_OLS,481.37101873731274,4635.11597861513,68.08168607353325,481.37101873731274,4635.11597861513
2859,587213.995592785,517568.72541191854,CE_corregida_OLS,483.4851410136889,4782.337880718421,69.15444946435782,483.4851410136889,4782.337880718421
2860,587199.0166432329,517569.0134686407,CE_corregida_OLS,452.56544034245445,4235.1586837128925,65.07809680463076,452.56544034245445,4235.1586837128925
2861,587199.304699955,517569.0134686407,CE_corregida_OLS,453.61701679082995,4056.6499468800334,63.69183579455088,453.61701679082995,4056.6499468800334
2862,587199.5927566772,517569.0134686407,CE_corregida_OLS,454.488436053995,3865.8341021921174,62.17583213912072,454.488436053995,3865.8341021921174
2863,587199.8808133993,517569.0134686407,CE_corregida_OLS,455.0970930004962,3657.391868740617,60.47637446756061,455.0970930004962,3657.391868740617
2864,587200.1688701215,517569.0134686407,CE_corregida_OLS,455.36756283009055,3423.7050592270193,58.512435082014996,455.36756283009055,3423.7050592270193
2865,587200.4569268436,517569.0134686407,CE_corregida_OLS,455.2289317549806,3156.683058047104,56.18436666944911,455.2289317549806,3156.683058047104
2866,587200.7449835659,517569.0134686407,CE_corregida_OLS,454.60388948543766,2852.103306829773,53.405086900311034,454.60388948543766,2852.103306829773
2867,587201.033040288,517569.0134686407,CE_corregida_OLS,453.38601928274926,2517.967025487378,50.17934859568604,453.38601928274926,2517.967025487378
2868,587201.3210970102,517569.0134686407,CE_corregida_OLS,451.4017965598334,2188.5898268606284,46.782366623126585,451.4017965598334,2188.5898268606284
2869,587201.6091537323,517569.0134686407,CE_corregida_OLS,448.3804656978997,1936.935004460513,44.01062376813709,448.3804656978997,1936.935004460513
2870,587201.8972104545,517569.0134686407,CE_corregida_OLS,444.0589568091418,1842.003504142662,42.918568290923474,444.0589568091418,1842.003504142662
2871,587202.1852671766,517569.0134686407,CE_corregida_OLS,438.482357761725,1894.9403682695547,43.530912789298995,438.482357761725,1894.9403682695547
2872,587202.4733238987,517569.0134686407,CE_corregida_OLS,432.06732429243044,1998.8734886751993,44.70876299647754,432.06732429243044,1998.8734886751993
2873,587202.7613806209,517569.0134686407,CE_corregida_OLS,425.3950817068058,2070.427277517772,45.50194806288816,425.3950817068058,2070.427277517772
2874,587203.049437343,517569.0134686407,CE_corregida_OLS,419.21446850784343,2081.7951964637964,45.62669390240538,419.21446850784343,2081.7951964637964
2875,587203.3374940652,517569.0134686407,CE_corregida_OLS,414.6182766204701,2055.1254698813254,45.33349170184584,414.6182766204701,2055.1254698813254
2876,587203.6255507873,517569.0134686407,CE_corregida_OLS,413.0573998555658,2048.8087308418585,45.263768411852965,413.0573998555658,2048.8087308418585
2877,587203.9136075096,517569.0134686407,CE_corregida_OLS,415.7180585603104,2122.874791802238,46.074665400871204,415.7180585603104,2122.874791802238
2878,587204.2016642317,517569.0134686407,CE_corregida_OLS,422.47927811600397,2287.8895201740006,47.83188811006733,422.47927811600397,2287.8895201740006
2879,587204.4897209539,517569.0134686407,CE_corregida_OLS,431.92618186052056,2501.385975459141,50.013857834195726,431.92618186052056,2501.385975459141
2880,587204.777777676,517569.0134686407,CE_corregida_OLS,442.41824072588753,2713.050786224293,52.08695408856514,442.41824072588753,2713.050786224293
2881,587205.0658343981,517569.0134686407,CE_corregida_OLS,452.74711947212444,2892.192879633797,53.77911192678619,452.74711947212444,2892.192879633797
2882,587205.3538911203,517569.0134686407,CE_corregida_OLS,462.1789118909885,3027.37955917377,55.02162810362639,462.1789118909885,3027.37955917377
2883,587205.6419478424,517569.0134686407,CE_corregida_OLS,470.32529611791216,3118.3143414094875,55.84186907159795,470.32529611791216,3118.3143414094875
2884,587205.9300045646,517569.0134686407,CE_corregida_OLS,477.0363310304229,3169.01575463393,56.29401171202786,477.0363310304229,3169.01575463393
2885,587206.2180612867,517569.0134686407,CE_corregida_OLS,482.3283724164681,3183.4157531819274,56.421766661297724,482.3283724164681,3183.4157531819274
2886,587206.506118009,517569.0134686407,CE_corregida_OLS,486.32686153216855,3162.9312021684586,56.239943120245584,486.32686153216855,3162.9312021684586
2887,587206.7941747311,517569.0134686407,CE_corregida_OLS,489.21241714586733,3105.6872355120163,55.72869310787771,489.21241714586733,3105.6872355120163
2888,587207.0822314533,517569.0134686407,CE_corregida_OLS,491.16978694274496,3007.322833857094,54.83906302862125,491.16978694274496,3007.322833857094
2889,587207.3702881754,517569.0134686407,CE_corregida_OLS,492.3427161171675,2863.5225621178356,53.5118917822743,492.3427161171675,2863.5225621178356
2890,587207.6583448976,517569.0134686407,CE_corregida_OLS,492.7937411067379,2674.693916828558,51.71744306158762,492.7937411067379,2674.693916828558
2891,587207.9464016197,517569.0134686407,CE_corregida_OLS,492.4623140806292,2453.3951808984307,49.531759315599025,492.4623140806292,2453.3951808984307
2892,587208.2344583418,517569.0134686407,CE_corregida_OLS,491.1228758375825,2233.4037193365552,47.25890095354054,491.1228758375825,2233.4037193365552
2893,587208.522515064,517569.0134686407,CE_corregida_OLS,488.40231767128046,2069.892208300214,45.4960680531869,488.40231767128046,2069.892208300214
2894,587208.8105717861,517569.0134686407,CE_corregida_OLS,483.99836160947825,2007.1845238203985,44.80161296003079,483.99836160947825,2007.1845238203985
2895,587209.0986285083,517569.0134686407,CE_corregida_OLS,478.014589363577,2029.1431686150438,45.04601168377778,478.014589363577,2029.1431686150438
2896,587209.3866852304,517569.0134686407,CE_corregida_OLS,470.94940541630507,2069.5333291827437,45.49212381481814,470.94940541630507,2069.5333291827437
2897,587209.6747419527,517569.0134686407,CE_corregida_OLS,463.4183083837913,2069.5563045767153,45.492376334686185,463.4183083837913,2069.5563045767153
2898,587209.9627986748,517569.0134686407,CE_corregida_OLS,456.0815477633073,2010.691869929772,44.840738953877334,456.0815477633073,2010.691869929772
2899,587210.250855397,517569.0134686407,CE_corregida_OLS,449.8013779287429,1924.9490957510404,43.874241825369936,449.8013779287429,1924.9490957510404
2900,587210.5389121191,517569.0134686407,CE_corregida_OLS,445.7471866218571,1894.9926365363838,43.53151314319758,445.7471866218571,1894.9926365363838
2901,587210.8269688413,517569.0134686407,CE_corregida_OLS,444.8906902881084,2006.873140933739,44.798137694928116,444.8906902881084,2006.873140933739
2902,587211.1150255634,517569.0134686407,CE_corregida_OLS,447.03631298725134,2261.295672788352,47.55308268438916,447.03631298725134,2261.295672788352
2903,587211.4030822855,517569.0134686407,CE_corregida_OLS,451.05035601915836,2584.5665495701037,50.83863245180877,451.05035601915836,2584.5665495701037
2904,587211.6911390077,517569.0134686407,CE_corregida_OLS,455.87349029706127,2910.7705150653337,53.9515571143719,455.87349029706127,2910.7705150653337
2905,587211.9791957298,517569.0134686407,CE_corregida_OLS,460.8515267552859,3208.651495745216,56.64496002068689,460.8515267552859,3208.651495745216
2906,587212.2672524521,517569.0134686407,CE_corregida_OLS,465.6264452545989,3470.839323567496,58.91382964608137,465.6264452545989,3470.839323567496
2907,587212.5553091742,517569.0134686407,CE_corregida_OLS,470.0104544467652,3701.2698695979725,60.838062671307775,470.0104544467652,3701.2698695979725
2908,587212.8433658964,517569.0134686407,CE_corregida_OLS,473.91603421152905,3907.4944959203535,62.50995517451883,473.91603421152905,3907.4944959203535
2909,587213.1314226185,517569.0134686407,CE_corregida_OLS,477.32041547542866,4096.62848156156,64.00490982386867,477.32041547542866,4096.62848156156
2910,587213.4194793407,517569.0134686407,CE_corregida_OLS,480.24447228384975,4273.6520578298505,65.37317536902924,480.24447228384975,4273.6520578298505
2911,587213.7075360628,517569.0134686407,CE_corregida_OLS,482.73668261000694,4441.224267914738,66.64251096645998,482.73668261000694,4441.224267914738
2912,587213.995592785,517569.0134686407,CE_corregida_OLS,484.85956234691434,4600.297970475841,67.82549646317261,484.85956234691434,4600.297970475841
2913,587214.2836495071,517569.0134686407,CE_corregida_OLS,486.6787692213467,4750.939464564348,68.92705901577658,486.6787692213467,4750.939464564348
2914,587214.5717062292,517569.0134686407,CE_corregida_OLS,488.2554060388854,4892.982363383822,69.94985606406794,488.2554060388854,4892.982363383822
2915,587199.304699955,517569.3015253629,CE_corregida_OLS,454.18501387459645,4274.166077106788,65.37710667433049,454.18501387459645,4274.166077106788
2916,587199.5927566772,517569.3015253629,CE_corregida_OLS,454.60417593072725,4092.223812993651,63.97049173637522,454.60417593072725,4092.223812993651
2917,587199.8808133993,517569.3015253629,CE_corregida_OLS,454.74392684173716,3893.222849111613,62.395695757893535,454.74392684173716,3893.222849111613
2918,587200.1688701215,517569.3015253629,CE_corregida_OLS,454.5232157777613,3672.9201405895083,60.604621445806494,454.5232157777613,3672.9201405895083
2919,587200.4569268436,517569.3015253629,CE_corregida_OLS,453.85625879236756,3428.4232752540884,58.55273926345452,453.85625879236756,3428.4232752540884
2920,587200.7449835659,517569.3015253629,CE_corregida_OLS,452.64359183550647,3161.61674595588,56.22825576127967,452.64359183550647,3161.61674595588
2921,587201.033040288,517569.3015253629,CE_corregida_OLS,450.75828491669324,2884.155669796054,53.70433567037259,450.75828491669324,2884.155669796054
2922,587201.3210970102,517569.3015253629,CE_corregida_OLS,448.03351823164377,2622.101313347371,51.20645773090901,448.03351823164377,2622.101313347371
2923,587201.6091537323,517569.3015253629,CE_corregida_OLS,444.274074946464,2412.7869915223355,49.12012817086632,444.274074946464,2412.7869915223355
2924,587201.8972104545,517569.3015253629,CE_corregida_OLS,439.32691225561905,2282.9887797748243,47.78063184779816,439.32691225561905,2282.9887797748243
2925,587202.1852671766,517569.3015253629,CE_corregida_OLS,433.18816189740687,2219.325468283915,47.10971734455552,433.18816189740687,2219.325468283915
2926,587202.4733238987,517569.3015253629,CE_corregida_OLS,426.0416828732983,2170.733264115591,46.59112859886086,426.0416828732983,2170.733264115591
2927,587202.7613806209,517569.3015253629,CE_corregida_OLS,418.2421922903908,2083.9089422779753,45.64985150335075,418.2421922903908,2083.9089422779753
2928,587203.049437343,517569.3015253629,CE_corregida_OLS,410.41285519599614,1933.7556808512995,43.97448897771638,410.41285519599614,1933.7556808512995
2929,587203.3374940652,517569.3015253629,CE_corregida_OLS,403.8069795747673,1743.7602266483548,41.75835517173006,403.8069795747673,1743.7602266483548
2930,587203.6255507873,517569.3015253629,CE_corregida_OLS,400.86107033711875,1608.0970109660204,40.10108491008717,400.86107033711875,1608.0970109660204
2931,587203.9136075096,517569.3015253629,CE_corregida_OLS,404.4537380069617,1657.1685694917624,40.70833538099737,404.4537380069617,1657.1685694917624
2932,587204.2016642317,517569.3015253629,CE_corregida_OLS,414.44799912984354,1898.3959871512873,43.570586261275935,414.44799912984354,1898.3959871512873
2933,587204.4897209539,517569.3015253629,CE_corregida_OLS,427.71018097009534,2211.88377509229,47.0306684525352,427.71018097009534,2211.88377509229
2934,587204.777777676,517569.3015253629,CE_corregida_OLS,441.5811610783223,2504.5784072607194,50.04576312996655,441.5811610783223,2504.5784072607194
2935,587205.0658343981,517569.3015253629,CE_corregida_OLS,454.6335426371007,2741.296622677589,52.35739319979165,454.6335426371007,2741.296622677589
2936,587205.3538911203,517569.3015253629,CE_corregida_OLS,466.1527509228339,2917.632014661418,54.01510913310662,466.1527509228339,2917.632014661418
2937,587205.6419478424,517569.3015253629,CE_corregida_OLS,475.79358334806335,3040.877922849116,55.1441558358555,475.79358334806335,3040.877922849116
2938,587205.9300045646,517569.3015253629,CE_corregida_OLS,483.4414841958181,3120.588129373352,55.86222452940226,483.4414841958181,3120.588129373352
2939,587206.2180612867,517569.3015253629,CE_corregida_OLS,489.1525489899834,3164.0236994099546,56.24965510480891,489.1525489899834,3164.0236994099546
2940,587206.506118009,517569.3015253629,CE_corregida_OLS,493.10634418697356,3174.442182625727,56.34218830171337,493.10634418697356,3174.442182625727
2941,587206.7941747311,517569.3015253629,CE_corregida_OLS,495.5506531923424,3151.4162392259964,56.137476245606166,495.5506531923424,3151.4162392259964
2942,587207.0822314533,517569.3015253629,CE_corregida_OLS,496.7415963004318,3092.625711400295,55.61138113192564,496.7415963004318,3092.625711400295
2943,587207.3702881754,517569.3015253629,CE_corregida_OLS,496.8895807664876,2996.695671912941,54.74208318937946,496.8895807664876,2996.695671912941
2944,587207.6583448976,517569.3015253629,CE_corregida_OLS,496.1175937157575,2866.797878082187,53.54248666323023,496.1175937157575,2866.797878082187
2945,587207.9464016197,517569.3015253629,CE_corregida_OLS,494.43434798180425,2714.421079606489,52.10010633008813,494.43434798180425,2714.421079606489
2946,587208.2344583418,517569.3015253629,CE_corregida_OLS,491.73139444223335,2561.0408349724394,50.60672717112261,491.73139444223335,2561.0408349724394
2947,587208.522515064,517569.3015253629,CE_corregida_OLS,487.8314555932054,2432.42420417896,49.31961277401679,487.8314555932054,2432.42420417896
2948,587208.8105717861,517569.3015253629,CE_corregida_OLS,482.60828155354284,2341.948356530336,48.393680956611846,482.60828155354284,2341.948356530336
2949,587209.0986285083,517569.3015253629,CE_corregida_OLS,476.1118311554326,2274.217518915539,47.6887567348483,476.1118311554326,2274.217518915539
2950,587209.3866852304,517569.3015253629,CE_corregida_OLS,468.578797731144,2189.3050255416433,46.7900098903777,468.578797731144,2189.3050255416433
2951,587209.6747419527,517569.3015253629,CE_corregida_OLS,460.3569121118517,2045.049530471646,45.22222385588358,460.3569121118517,2045.049530471646
2952,587209.9627986748,517569.3015253629,CE_corregida_OLS,451.9103202861305,1820.059828458275,42.66215920998696,451.9103202861305,1820.059828458275
2953,587210.250855397,517569.3015253629,CE_corregida_OLS,444.07706239528574,1542.0060721923796,39.26838514877305,444.07706239528574,1542.0060721923796
2954,587210.5389121191,517569.3015253629,CE_corregida_OLS,438.73302024047734,1345.00627507953,36.67432719327691,438.73302024047734,1345.00627507953
2955,587210.8269688413,517569.3015253629,CE_corregida_OLS,438.4256454989105,1443.5128838490577,37.99359003633452,438.4256454989105,1443.5128838490577
2956,587211.1150255634,517569.3015253629,CE_corregida_OLS,442.58556158677766,1806.348422627072,42.501157897486415,442.58556158677766,1806.348422627072
2957,587211.4030822855,517569.3015253629,CE_corregida_OLS,448.56811295198844,2231.923293032469,47.24323542087765,448.56811295198844,2231.923293032469
2958,587211.6911390077,517569.3015253629,CE_corregida_OLS,454.8831307021232,2620.126558738463,51.18717181812708,454.8831307021232,2620.126558738463
2959,587211.9791957298,517569.3015253629,CE_corregida_OLS,460.9325095711876,2948.498718260158,54.300080278579316,460.9325095711876,2948.498718260158
2960,587212.2672524521,517569.3015253629,CE_corregida_OLS,466.4603379024322,3222.978748911092,56.771284545191435,466.4603379024322,3222.978748911092
2961,587212.5553091742,517569.3015253629,CE_corregida_OLS,471.3517137474352,3457.874340525134,58.80369325582479,471.3517137474352,3457.874340525134
2962,587212.8433658964,517569.3015253629,CE_corregida_OLS,475.5697091253348,3667.5507188302636,60.56030646248633,475.5697091253348,3667.5507188302636
2963,587213.1314226185,517569.3015253629,CE_corregida_OLS,479.13306967911035,3862.6660603791033,62.15035044453976,479.13306967911035,3862.6660603791033
2964,587213.4194793407,517569.3015253629,CE_corregida_OLS,482.1017530024541,4049.116486339292,63.63266838927385,482.1017530024541,4049.116486339292
2965,587213.7075360628,517569.3015253629,CE_corregida_OLS,484.56132060305646,4228.8348894853625,65.02949245907861,484.56132060305646,4228.8348894853625
2966,587213.995592785,517569.3015253629,CE_corregida_OLS,486.606991332031,4401.431195285872,66.34328297036461,486.606991332031,4401.431195285872
2967,587214.2836495071,517569.3015253629,CE_corregida_OLS,488.3305347336462,4565.740044265684,67.57026005770352,488.3305347336462,4565.740044265684
2968,587214.5717062292,517569.3015253629,CE_corregida_OLS,489.8117668326045,4720.7954545049515,68.70804504936049,489.8117668326045,4720.7954545049515
2969,587214.8597629514,517569.3015253629,CE_corregida_OLS,491.1144740353508,4866.208936891723,69.7582177015133,491.1144740353508,4866.208936891723
2970,587199.8808133993,517569.589582085,CE_corregida_OLS,454.64243658522764,4119.263908057215,64.1814919432169,454.64243658522764,4119.263908057215
2971,587200.1688701215,517569.589582085,CE_corregida_OLS,454.0204913622027,3916.4724021586662,62.581725784438596,454.0204913622027,3916.4724021586662
2972,587200.4569268436,517569.589582085,CE_corregida_OLS,452.932667709369,3696.544546032735,60.79921501164908,452.932667709369,3696.544546032735
2973,587200.7449835659,517569.589582085,CE_corregida_OLS,451.2736657225398,3463.184603082884,58.84882839176056,451.2736657225398,3463.184603082884
2974,587201.033040288,517569.589582085,CE_corregida_OLS,448.91782966154466,3225.9509247503784,56.79745526650273,448.91782966154466,3225.9509247503784
2975,587201.3210970102,517569.589582085,CE_corregida_OLS,445.71820410004403,3000.356950990473,54.77551415541868,445.71820410004403,3000.356950990473
2976,587201.6091537323,517569.589582085,CE_corregida_OLS,441.5208993670747,2802.8072141764083,52.94154525678683,441.5208993670747,2802.8072141764083
2977,587201.8972104545,517569.589582085,CE_corregida_OLS,436.2004727813183,2639.1074896194896,51.372244350616896,436.2004727813183,2639.1074896194896
2978,587202.1852671766,517569.589582085,CE_corregida_OLS,429.69949735200777,2493.6472892143174,49.93643248385208,429.69949735200777,2493.6472892143174
2979,587202.4733238987,517569.589582085,CE_corregida_OLS,422.0429352341939,2330.952106704286,48.279934824979684,422.0429352341939,2330.952106704286
2980,587202.7613806209,517569.589582085,CE_corregida_OLS,413.3390636839639,2109.6865929986025,45.93132474682831,413.3390636839639,2109.6865929986025
2981,587203.049437343,517569.589582085,CE_corregida_OLS,403.851010175127,1799.353551028043,42.41878771285246,403.851010175127,1799.353551028043
2982,587203.3374940652,517569.589582085,CE_corregida_OLS,394.38206422779905,1403.4560889439792,37.462729331216366,394.38206422779905,1403.4560889439792
2983,587203.6255507873,517569.589582085,CE_corregida_OLS,387.9880592231391,1039.2763850486806,32.237809867431764,387.9880592231391,1039.2763850486806
2984,587203.9136075096,517569.589582085,CE_corregida_OLS,392.62076819772574,1064.2325981756119,32.6225780430611,392.62076819772574,1064.2325981756119
2985,587204.2016642317,517569.589582085,CE_corregida_OLS,408.1074882711182,1480.1711900931027,38.4729929962968,408.1074882711182,1480.1711900931027
2986,587204.4897209539,517569.589582085,CE_corregida_OLS,426.22104322434245,1933.2345141956278,43.96856279429233,426.22104322434245,1933.2345141956278
2987,587204.777777676,517569.589582085,CE_corregida_OLS,443.63774319860346,2305.0679848117466,48.01112355289914,443.63774319860346,2305.0679848117466
2988,587205.0658343981,517569.589582085,CE_corregida_OLS,459.28757518157585,2584.2778942054265,50.83579343538789,459.28757518157585,2584.2778942054265
2989,587205.3538911203,517569.589582085,CE_corregida_OLS,472.67989004804025,2785.2633907925624,52.775594651245406,472.67989004804025,2785.2633907925624
2990,587205.6419478424,517569.589582085,CE_corregida_OLS,483.555157469861,2927.4392792391777,54.105815576878406,483.555157469861,2927.4392792391777
2991,587205.9300045646,517569.589582085,CE_corregida_OLS,491.8361221279675,3027.686032347485,55.024413057728154,491.8361221279675,3027.686032347485
2992,587206.2180612867,517569.589582085,CE_corregida_OLS,497.62805145805646,3096.865890061419,55.649491372890544,497.62805145805646,3096.865890061419
2993,587206.506118009,517569.589582085,CE_corregida_OLS,501.19229246836306,3139.1870879921344,56.02844891652931,501.19229246836306,3139.1870879921344
2994,587206.7941747311,517569.589582085,CE_corregida_OLS,502.8811964185818,3153.931820555473,56.15987731962627,502.8811964185818,3153.931820555473
2995,587207.0822314533,517569.589582085,CE_corregida_OLS,503.0574395642021,3138.46638275319,56.022016946493366,503.0574395642021,3138.46638275319
2996,587207.3702881754,517569.589582085,CE_corregida_OLS,502.0256481589594,3091.383955716544,55.60021542868826,502.0256481589594,3091.383955716544
2997,587207.6583448976,517569.589582085,CE_corregida_OLS,499.99018920057046,3015.051528768008,54.909484870721634,499.99018920057046,3015.051528768008
2998,587207.9464016197,517569.589582085,CE_corregida_OLS,497.0407024063398,2916.9274980169585,54.00858726181382,497.0407024063398,2916.9274980169585
2999,587208.2344583418,517569.589582085,CE_corregida_OLS,493.1655778459444,2808.4408259586135,52.99472451063986,493.1655778459444,2808.4408259586135
3000,587208.522515064,517569.589582085,CE_corregida_OLS,488.2962623822275,2699.8824469101187,51.96039305961916,488.2962623822275,2699.8824469101187
3001,587208.8105717861,517569.589582085,CE_corregida_OLS,482.3751080641282,2591.890154920741,50.91060945344046,482.3751080641282,2591.890154920741
3002,587209.0986285083,517569.589582085,CE_corregida_OLS,475.412861987028,2468.845976172188,49.68748309355373,475.412861987028,2468.845976172188
3003,587209.3866852304,517569.589582085,CE_corregida_OLS,467.49749999978474,2300.3027601168246,47.96147162167592,467.49749999978474,2300.3027601168246
3004,587209.6747419527,517569.589582085,CE_corregida_OLS,458.7623956182321,2049.5119969218067,45.27153627746475,458.7623956182321,2049.5119969218067
3005,587209.9627986748,517569.589582085,CE_corregida_OLS,449.3708115738683,1683.5738064806228,41.03137587847406,449.3708115738683,1683.5738064806228
3006,587210.250855397,517569.589582085,CE_corregida_OLS,439.6372046557982,1189.2947629540836,34.486153206092496,439.6372046557982,1189.2947629540836
3007,587210.5389121191,517569.589582085,CE_corregida_OLS,431.197465409397,674.8392067895624,25.977667462448633,431.197465409397,674.8392067895624
3008,587210.8269688413,517569.589582085,CE_corregida_OLS,432.0865447590166,816.8228030419342,28.58011201940843,432.0865447590166,816.8228030419342
3009,587211.1150255634,517569.589582085,CE_corregida_OLS,439.75575572711716,1414.6548444040345,37.611897644283175,439.75575572711716,1414.6548444040345
3010,587211.4030822855,517569.589582085,CE_corregida_OLS,447.8783972867652,1952.519611143541,44.18732410028402,447.8783972867652,1952.519611143541
3011,587211.6911390077,517569.589582085,CE_corregida_OLS,455.49991492305526,2380.239128295745,48.787694435131336,455.49991492305526,2380.239128295745
3012,587211.9791957298,517569.589582085,CE_corregida_OLS,462.40552364486575,2713.589965419333,52.09212959190028,462.40552364486575,2713.589965419333
3013,587212.2672524521,517569.589582085,CE_corregida_OLS,468.5005510814784,2978.9340448821486,54.57961198911319,468.5005510814784,2978.9340448821486
3014,587212.5553091742,517569.589582085,CE_corregida_OLS,473.7379954950989,3202.873733492318,56.593937250312585,473.7379954950989,3202.873733492318
3015,587212.8433658964,517569.589582085,CE_corregida_OLS,478.118282880423,3406.983548842842,58.369371667363716,478.118282880423,3406.983548842842
3016,587213.1314226185,517569.589582085,CE_corregida_OLS,481.6953504546733,3604.6798383253386,60.03898598681808,481.6953504546733,3604.6798383253386
3017,587213.4194793407,517569.589582085,CE_corregida_OLS,484.57021668306515,3801.048597784863,61.65264469416428,484.57021668306515,3801.048597784863
3018,587213.7075360628,517569.589582085,CE_corregida_OLS,486.8715214389988,3995.328286904184,63.208609278358466,486.8715214389988,3995.328286904184
3019,587213.995592785,517569.589582085,CE_corregida_OLS,488.7326270417854,4184.258884076092,64.68584763359054,488.7326270417854,4184.258884076092
3020,587214.2836495071,517569.589582085,CE_corregida_OLS,490.274132231349,4364.619306213603,66.06526550475373,490.274132231349,4364.619306213603
3021,587214.5717062292,517569.589582085,CE_corregida_OLS,491.59454721992347,4534.406718374942,67.33800352234199,491.59454721992347,4534.406718374942
3022,587214.8597629514,517569.589582085,CE_corregida_OLS,492.7675381189465,4692.974261721657,68.50528637792603,492.7675381189465,4692.974261721657
3023,587215.1478196735,517569.589582085,CE_corregida_OLS,493.8431612854983,4840.664652566258,69.57488521417953,493.8431612854983,4840.664652566258
3024,587200.1688701215,517569.8776388072,CE_corregida_OLS,453.92708272716004,4148.513646537849,64.40895626027368,453.92708272716004,4148.513646537849
3025,587200.4569268436,517569.8776388072,CE_corregida_OLS,452.5476846181526,3950.937957849015,62.85648699894877,452.5476846181526,3950.937957849015
3026,587200.7449835659,517569.8776388072,CE_corregida_OLS,450.60675816345207,3743.8940333926707,61.18736825025792,450.60675816345207,3743.8940333926707
3027,587201.033040288,517569.8776388072,CE_corregida_OLS,447.99181653025494,3533.4291903833355,59.44265463775432,447.99181653025494,3533.4291903833355
3028,587201.3210970102,517569.8776388072,CE_corregida_OLS,444.5795922245185,3327.119907348768,57.681191972329835,444.5795922245185,3327.119907348768
3029,587201.6091537323,517569.8776388072,CE_corregida_OLS,440.2458963871703,3130.1646646674885,55.94787453217047,440.2458963871703,3130.1646646674885
3030,587201.8972104545,517569.8776388072,CE_corregida_OLS,434.8818113282781,2939.438285088737,54.21658680780944,434.8818113282781,2939.438285088737
3031,587202.1852671766,517569.8776388072,CE_corregida_OLS,428.40689436178434,2738.9138491377903,52.334633362027006,428.40689436178434,2738.9138491377903
3032,587202.4733238987,517569.8776388072,CE_corregida_OLS,420.7677512032219,2500.2409824669385,50.002409766599634,420.7677512032219,2500.2409824669385
3033,587202.7613806209,517569.8776388072,CE_corregida_OLS,411.9213700170361,2188.121877072604,46.777365007796284,411.9213700170361,2188.121877072604
3034,587203.049437343,517569.8776388072,CE_corregida_OLS,401.815787721557,1766.3440313776946,42.02789587140539,401.815787721557,1766.3440313776946
3035,587203.3374940652,517569.8776388072,CE_corregida_OLS,390.3899886232467,1201.7653141108174,34.66648690177327,390.3899886232467,1201.7653141108174
3036,587203.6255507873,517569.8776388072,CE_corregida_OLS,377.79339710834665,475.34575549649304,21.802425449855185,377.79339710834665,475.34575549649304
3037,587203.9136075096,517569.8776388072,CE_corregida_OLS,383.57803981961547,480.7286153250787,21.925524288488035,383.57803981961547,480.7286153250787
3038,587204.2016642317,517569.8776388072,CE_corregida_OLS,407.4439185400197,1203.7935777078108,34.695728522511395,407.4439185400197,1203.7935777078108
3039,587204.4897209539,517569.8776388072,CE_corregida_OLS,429.6718220016572,1756.0956148228017,41.90579452561187,429.6718220016572,1756.0956148228017
3040,587204.777777676,517569.8776388072,CE_corregida_OLS,449.7680328175778,2157.211404077515,46.445789949978405,449.7680328175778,2157.211404077515
3041,587205.0658343981,517569.8776388072,CE_corregida_OLS,467.40727246031054,2439.1909247065187,49.38816583663053,467.40727246031054,2439.1909247065187
3042,587205.3538911203,517569.8776388072,CE_corregida_OLS,482.2455123203904,2635.2419230737914,51.334607460014645,482.2455123203904,2635.2419230737914
3043,587205.6419478424,517569.8776388072,CE_corregida_OLS,493.99207923171224,2776.120913035832,52.68890692580206,493.99207923171224,2776.120913035832
3044,587205.9300045646,517569.8776388072,CE_corregida_OLS,502.5260605057281,2885.580912178001,53.71760337336357,502.5260605057281,2885.580912178001
3045,587206.2180612867,517569.8776388072,CE_corregida_OLS,507.98081259650746,2976.7821717797706,54.559895269142245,507.98081259650746,2976.7821717797706
3046,587206.506118009,517569.8776388072,CE_corregida_OLS,510.7307700622514,3052.349308842069,55.24807063456668,510.7307700622514,3052.349308842069
3047,587206.7941747311,517569.8776388072,CE_corregida_OLS,511.28525997759914,3108.193406167202,55.75117403398068,511.28525997759914,3108.193406167202
3048,587207.0822314533,517569.8776388072,CE_corregida_OLS,510.15793814852884,3138.539295796987,56.02266769618336,510.15793814852884,3138.539295796987
3049,587207.3702881754,517569.8776388072,CE_corregida_OLS,507.77293757435814,3139.698856784253,56.033015774490075,507.77293757435814,3139.698856784253
3050,587207.6583448976,517569.8776388072,CE_corregida_OLS,504.42361614099946,3111.784415561717,55.78337042131568,504.42361614099946,3111.784415561717
3051,587207.9464016197,517569.8776388072,CE_corregida_OLS,500.2718747083509,3058.489618557023,55.303613069645124,500.2718747083509,3058.489618557023
3052,587208.2344583418,517569.8776388072,CE_corregida_OLS,495.37344148272905,2985.003891760725,54.63518913448296,495.37344148272905,2985.003891760725
3053,587208.522515064,517569.8776388072,CE_corregida_OLS,489.7194268827649,2894.1256306229325,53.7970782721788,489.7194268827649,2894.1256306229325
3054,587208.8105717861,517569.8776388072,CE_corregida_OLS,483.28343768052196,2781.5891328114135,52.74077296372716,483.28343768052196,2781.5891328114135
3055,587209.0986285083,517569.8776388072,CE_corregida_OLS,476.05779060639856,2632.9647148074837,51.31242261682334,476.05779060639856,2632.9647148074837
3056,587209.3866852304,517569.8776388072,CE_corregida_OLS,468.064929499341,2424.172116811965,49.2358824112249,468.064929499341,2424.172116811965
3057,587209.6747419527,517569.8776388072,CE_corregida_OLS,459.3464797048839,2125.135950079585,46.099196848530724,459.3464797048839,2125.135950079585
3058,587209.9627986748,517569.8776388072,CE_corregida_OLS,449.94898960415173,1704.3312059184982,41.283546430975356,449.94898960415173,1704.3312059184982
3059,587210.250855397,517569.8776388072,CE_corregida_OLS,439.9456802074769,1134.389495967219,33.68069916090251,439.9456802074769,1134.389495967219
3060,587210.5389121191,517569.8776388072,CE_corregida_OLS,429.95124285096267,437.4602490228788,20.915550411664494,429.95124285096267,437.4602490228788
3061,587210.8269688413,517569.8776388072,CE_corregida_OLS,431.93579770193656,620.0706626334407,24.90121809537519,431.93579770193656,620.0706626334407
3062,587211.1150255634,517569.8776388072,CE_corregida_OLS,441.24880574304206,1294.5728524088547,35.980173045843664,441.24880574304206,1294.5728524088547
3063,587211.4030822855,517569.8776388072,CE_corregida_OLS,450.1379847178017,1825.3307712122094,42.72388993540042,450.1379847178017,1825.3307712122094
3064,587211.6911390077,517569.8776388072,CE_corregida_OLS,458.28416598713756,2220.3536462075713,47.120628669485846,458.28416598713756,2220.3536462075713
3065,587211.9791957298,517569.8776388072,CE_corregida_OLS,465.58488204529783,2511.490606239628,50.11477433092588,465.58488204529783,2511.490606239628
3066,587212.2672524521,517569.8776388072,CE_corregida_OLS,471.95115578204565,2735.387340745028,52.300930591577696,471.95115578204565,2735.387340745028
3067,587212.5553091742,517569.8776388072,CE_corregida_OLS,477.31458308886135,2927.7342547972894,54.10854142182443,477.31458308886135,2927.7342547972894
3068,587212.8433658964,517569.8776388072,CE_corregida_OLS,481.66319977506464,3116.209766002183,55.823021827935676,481.66319977506464,3116.209766002183
3069,587213.1314226185,517569.8776388072,CE_corregida_OLS,485.0677780531221,3314.9223599988295,57.575362439144314,485.0677780531221,3314.9223599988295
3070,587213.4194793407,517569.8776388072,CE_corregida_OLS,487.67342252837926,3524.6685396575144,59.36891896992495,487.67342252837926,3524.6685396575144
3071,587213.7075360628,517569.8776388072,CE_corregida_OLS,489.6620329657589,3738.5314824872353,61.14353181234492,489.6620329657589,3738.5314824872353
3072,587213.995592785,517569.8776388072,CE_corregida_OLS,491.2124080635506,3948.191449694509,62.83463574888064,491.2124080635506,3948.191449694509
3073,587214.2836495071,517569.8776388072,CE_corregida_OLS,492.4758017349484,4147.591582233791,64.40179797361088,492.4758017349484,4147.591582233791
3074,587214.5717062292,517569.8776388072,CE_corregida_OLS,493.5672925503048,4333.804509548822,65.83163760342607,493.5672925503048,4333.804509548822
3075,587214.8597629514,517569.8776388072,CE_corregida_OLS,494.56637583560826,4506.378599995655,67.12956576647622,494.56637583560826,4506.378599995655
3076,587215.1478196735,517569.8776388072,CE_corregida_OLS,495.5214873366652,4666.279585736988,68.31017190533916,495.5214873366652,4666.279585736988
3077,587215.4358763958,517569.8776388072,CE_corregida_OLS,496.455888474817,4814.998199125272,69.39018806088706,496.455888474817,4814.998199125272
3078,587200.4569268436,517570.1656955293,CE_corregida_OLS,452.7408630764624,4186.941379949035,64.70657910868906,452.7408630764624,4186.941379949035
3079,587200.7449835659,517570.1656955293,CE_corregida_OLS,450.6835694484394,4000.0117753455283,63.245646295579334,450.6835694484394,4000.0117753455283
3080,587201.033040288,517570.1656955293,CE_corregida_OLS,448.0140324410911,3807.794134484586,61.70732642470087,448.0140324410911,3807.794134484586
3081,587201.3210970102,517570.1656955293,CE_corregida_OLS,444.637517406503,3612.9053315068336,60.107448219890635,444.637517406503,3612.9053315068336
3082,587201.6091537323,517570.1656955293,CE_corregida_OLS,440.46367370867256,3415.0269886502197,58.438232251243015,440.46367370867256,3415.0269886502197
3083,587201.8972104545,517570.1656955293,CE_corregida_OLS,435.41639402698246,3207.8484848628673,56.63787147185942,435.41639402698246,3207.8484848628673
3084,587202.1852671766,517570.1656955293,CE_corregida_OLS,429.44260839004255,2977.123945343127,54.56302727436526,429.44260839004255,2977.123945343127
3085,587202.4733238987,517570.1656955293,CE_corregida_OLS,422.5180095737158,2701.352234638538,51.9745344821725,422.5180095737158,2701.352234638538
3086,587202.7613806209,517570.1656955293,CE_corregida_OLS,414.6573303153004,2355.25475171786,48.5309669357397,414.6573303153004,2355.25475171786
3087,587203.049437343,517570.1656955293,CE_corregida_OLS,405.96462824080425,1915.8849267497342,43.77082277898982,405.96462824080425,1915.8849267497342
3088,587203.3374940652,517570.1656955293,CE_corregida_OLS,396.893222850518,1377.6006629173266,37.11604320125364,396.893222850518,1377.6006629173266
3089,587203.6255507873,517570.1656955293,CE_corregida_OLS,389.9821580290858,834.9733785556062,28.89590591339206,389.9821580290858,834.9733785556062
3090,587203.9136075096,517570.1656955293,CE_corregida_OLS,396.8896049215341,813.5076946063665,28.52205628292544,396.8896049215341,813.5076946063665
3091,587204.2016642317,517570.1656955293,CE_corregida_OLS,417.4135631453125,1296.2104749397806,36.0029231443751,417.4135631453125,1296.2104749397806
3092,587204.4897209539,517570.1656955293,CE_corregida_OLS,439.6096697205489,1750.238577559134,41.83585277676474,439.6096697205489,1750.238577559134
3093,587204.777777676,517570.1656955293,CE_corregida_OLS,460.5583146017982,2084.513247993285,45.65646994669304,460.5583146017982,2084.513247993285
3094,587205.0658343981,517570.1656955293,CE_corregida_OLS,479.2928220427476,2311.073264751236,48.0736233786391,479.2928220427476,2311.073264751236
3095,587205.3538911203,517570.1656955293,CE_corregida_OLS,495.09299457737717,2462.9446915652675,49.62806354841248,495.09299457737717,2462.9446915652675
3096,587205.6419478424,517570.1656955293,CE_corregida_OLS,507.3454838759394,2577.293384672637,50.76705018683513,507.3454838759394,2577.293384672637
3097,587205.9300045646,517570.1656955293,CE_corregida_OLS,515.7154317074142,2683.774790844115,51.80516181660004,515.7154317074142,2683.774790844115
3098,587206.2180612867,517570.1656955293,CE_corregida_OLS,520.3260692729611,2795.5000063653997,52.8724881802001,520.3260692729611,2795.5000063653997
3099,587206.506118009,517570.1656955293,CE_corregida_OLS,521.7317049317321,2908.7639024502514,53.93295747917271,521.7317049317321,2908.7639024502514
3100,587206.7941747311,517570.1656955293,CE_corregida_OLS,520.6904274438173,3011.1769752844993,54.87419225177259,520.6904274438173,3011.1769752844993
3101,587207.0822314533,517570.1656955293,CE_corregida_OLS,517.9251796124333,3090.6138663999764,55.59328976054553,517.9251796124333,3090.6138663999764
3102,587207.3702881754,517570.1656955293,CE_corregida_OLS,513.9964134253472,3139.81400082576,56.03404323110871,513.9964134253472,3139.81400082576
3103,587207.6583448976,517570.1656955293,CE_corregida_OLS,509.27686528453745,3156.831547897853,56.18568810558302,509.27686528453745,3156.831547897853
3104,587207.9464016197,517570.1656955293,CE_corregida_OLS,503.9773680135184,3143.2532796573596,56.06472402194949,503.9773680135184,3143.2532796573596
3105,587208.2344583418,517570.1656955293,CE_corregida_OLS,498.18986140194835,3101.439489444252,55.69056912480112,498.18986140194835,3101.439489444252
3106,587208.522515064,517570.1656955293,CE_corregida_OLS,491.933580582908,3031.4252245232196,55.058380148013974,491.933580582908,3031.4252245232196
3107,587208.8105717861,517570.1656955293,CE_corregida_OLS,485.19794797381286,2928.2139164370165,54.1129736425288,485.19794797381286,2928.2139164370165
3108,587209.0986285083,517570.1656955293,CE_corregida_OLS,477.9769252212066,2780.5275819378126,52.730708149405814,477.9769252212066,2780.5275819378126
3109,587209.3866852304,517570.1656955293,CE_corregida_OLS,470.2936811592991,2571.949298020833,50.71438945724214,470.2936811592991,2571.949298020833
3110,587209.6747419527,517570.1656955293,CE_corregida_OLS,462.2273255199447,2285.0204761856685,47.801887788932234,462.2273255199447,2285.0204761856685
3111,587209.9627986748,517570.1656955293,CE_corregida_OLS,453.9850091153024,1910.33836236078,43.70741770410121,453.9850091153024,1910.33836236078
3112,587210.250855397,517570.1656955293,CE_corregida_OLS,446.1754109434166,1472.5080109158996,38.373272090296126,446.1754109434166,1472.5080109158996
3113,587210.5389121191,517570.1656955293,CE_corregida_OLS,440.8039308026524,1117.5156540796474,33.42926343908354,440.8039308026524,1117.5156540796474
3114,587210.8269688413,517570.1656955293,CE_corregida_OLS,441.6812352932092,1153.165026797748,33.95828362561553,441.6812352932092,1153.165026797748
3115,587211.1150255634,517570.1656955293,CE_corregida_OLS,447.8489964559432,1498.9098541806352,38.715757182065225,447.8489964559432,1498.9098541806352
3116,587211.4030822855,517570.1656955293,CE_corregida_OLS,455.57921222700924,1858.9479868665296,43.11551909540844,455.57921222700924,1858.9479868665296
3117,587211.6911390077,517570.1656955293,CE_corregida_OLS,463.32607685890105,2137.083722528646,46.22860286152552,463.32607685890105,2137.083722528646
3118,587211.9791957298,517570.1656955293,CE_corregida_OLS,470.52663374628037,2332.712930689564,48.29816694958065,470.52663374628037,2332.712930689564
3119,587212.2672524521,517570.1656955293,CE_corregida_OLS,476.8703665601466,2478.020728661594,49.7797220629203,476.8703665601466,2478.020728661594
3120,587212.5553091742,517570.1656955293,CE_corregida_OLS,482.1431778534033,2615.6695278794914,51.14361668751528,482.1431778534033,2615.6695278794914
3121,587212.8433658964,517570.1656955293,CE_corregida_OLS,486.2502560525291,2780.2542388074107,52.7281162076497,486.2502560525291,2780.2542388074107
3122,587213.1314226185,517570.1656955293,CE_corregida_OLS,489.2619715646583,2983.720346308043,54.623441362734034,489.2619715646583,2983.720346308043
3123,587213.4194793407,517570.1656955293,CE_corregida_OLS,491.386556377846,3216.037653411109,56.71011949741518,491.386556377846,3216.037653411109
3124,587213.7075360628,517570.1656955293,CE_corregida_OLS,492.88213694331415,3458.3574897441486,58.80780126602378,492.88213694331415,3458.3574897441486
3125,587213.995592785,517570.1656955293,CE_corregida_OLS,493.9830662293841,3694.7162659699293,60.78417776008761,493.9830662293841,3694.7162659699293
3126,587214.2836495071,517570.1656955293,CE_corregida_OLS,494.8702311533677,3916.1466713060563,62.579123286492724,494.8702311533677,3916.1466713060563
3127,587214.5717062292,517570.1656955293,CE_corregida_OLS,495.66942492491813,4119.764171306734,64.18538907965531,495.66942492491813,4119.764171306734
3128,587214.8597629514,517570.1656955293,CE_corregida_OLS,496.4591115821203,4306.367033792722,65.62291546245658,496.4591115821203,4306.367033792722
3129,587215.1478196735,517570.1656955293,CE_corregida_OLS,497.27951862632534,4478.301459449284,66.9201125182055,497.27951862632534,4478.301459449284
3130,587215.4358763958,517570.1656955293,CE_corregida_OLS,498.14135195558913,4638.08460769938,68.10348454887885,498.14135195558913,4638.08460769938
3131,587215.7239331179,517570.1656955293,CE_corregida_OLS,499.0341449196152,4787.748865950696,69.19356087058027,499.0341449196152,4787.748865950696
3132,587200.7449835659,517570.45375225146,CE_corregida_OLS,451.4833987480945,4232.42723978854,65.0571075270684,451.4833987480945,4232.42723978854
3133,587201.033040288,517570.45375225146,CE_corregida_OLS,448.9411657748883,4053.923381539219,63.670427841653606,448.9411657748883,4053.923381539219
3134,587201.3210970102,517570.45375225146,CE_corregida_OLS,445.8178047566949,3867.9898001856723,62.19316522083172,445.8178047566949,3867.9898001856723
3135,587201.6091537323,517570.45375225146,CE_corregida_OLS,442.0649569535076,3672.099308933401,60.59784904543561,442.0649569535076,3672.099308933401
3136,587201.8972104545,517570.45375225146,CE_corregida_OLS,437.65817991073163,3459.835145455159,58.82036335704803,437.65817991073163,3459.835145455159
3137,587202.1852671766,517570.45375225146,CE_corregida_OLS,432.61263576946226,3220.45162500033,56.749023119348315,432.61263576946226,3220.45162500033
3138,587202.4733238987,517570.45375225146,CE_corregida_OLS,427.00957293903275,2940.359056698401,54.22507774727853,427.00957293903275,2940.359056698401
3139,587202.7613806209,517570.45375225146,CE_corregida_OLS,421.0552740862351,2607.463663715137,51.06332993171457,421.0552740862351,2607.463663715137
3140,587203.049437343,517570.45375225146,CE_corregida_OLS,415.236942081929,2220.640189590125,47.12366910152609,415.236942081929,2220.640189590125
3141,587203.3374940652,517570.45375225146,CE_corregida_OLS,410.7543169600818,1811.957789188366,42.56709749546433,410.7543169600818,1811.957789188366
3142,587203.6255507873,517570.45375225146,CE_corregida_OLS,410.4610341317599,1492.3132598736754,38.630470614188425,410.4610341317599,1492.3132598736754
3143,587203.9136075096,517570.45375225146,CE_corregida_OLS,418.50553259760585,1436.1508080441558,37.8965804267899,418.50553259760585,1436.1508080441558
3144,587204.2016642317,517570.45375225146,CE_corregida_OLS,434.7561520700208,1628.1602412416548,40.35046767066839,434.7561520700208,1628.1602412416548
3145,587204.4897209539,517570.45375225146,CE_corregida_OLS,454.7821188836076,1876.3619968322541,43.31699431899972,454.7821188836076,1876.3619968322541
3146,587204.777777676,517570.45375225146,CE_corregida_OLS,475.3283485174337,2069.3759946616683,45.49039453183131,475.3283485174337,2069.3759946616683
3147,587205.0658343981,517570.45375225146,CE_corregida_OLS,494.5643990676449,2186.4964512777315,46.75998771682614,494.5643990676449,2186.4964512777315
3148,587205.3538911203,517570.45375225146,CE_corregida_OLS,511.09473851698885,2252.570928163489,47.46125712793003,511.09473851698885,2252.570928163489
3149,587205.6419478424,517570.45375225146,CE_corregida_OLS,523.6671385167156,2312.4551710127103,48.08799404230447,523.6671385167156,2312.4551710127103
3150,587205.9300045646,517570.45375225146,CE_corregida_OLS,531.4770112569503,2405.786575523057,49.04881828875245,531.4770112569503,2405.786575523057
3151,587206.2180612867,517570.45375225146,CE_corregida_OLS,534.6153958168186,2543.2234994127693,50.43038270143079,534.6153958168186,2543.2234994127693
3152,587206.506118009,517570.45375225146,CE_corregida_OLS,533.9985793805846,2705.596669775735,52.015350328299576,533.9985793805846,2705.596669775735
3153,587206.7941747311,517570.45375225146,CE_corregida_OLS,530.8087960453233,2864.1625031260187,53.51787087624113,530.8087960453233,2864.1625031260187
3154,587207.0822314533,517570.45375225146,CE_corregida_OLS,526.0447079501492,2997.3136034631807,54.747726925080464,526.0447079501492,2997.3136034631807
3155,587207.3702881754,517570.45375225146,CE_corregida_OLS,520.3926530922179,3094.5767117684804,55.62891974295816,520.3926530922179,3094.5767117684804
3156,587207.6583448976,517570.45375225146,CE_corregida_OLS,514.267844612501,3153.7716966615126,56.158451693948194,514.267844612501,3153.7716966615126
3157,587207.9464016197,517570.45375225146,CE_corregida_OLS,507.8910454587088,3176.801190870905,56.363119066202366,507.8910454587088,3176.801190870905
3158,587208.2344583418,517570.45375225146,CE_corregida_OLS,501.3560148025829,3166.010418061007,56.26731216311125,501.3560148025829,3166.010418061007
3159,587208.522515064,517570.45375225146,CE_corregida_OLS,494.6834496219992,3121.524313503082,55.87060330355384,494.6834496219992,3121.524313503082
3160,587208.8105717861,517570.45375225146,CE_corregida_OLS,487.86525296998116,3039.771136773303,55.13411953385402,487.86525296998116,3039.771136773303
3161,587209.0986285083,517570.45375225146,CE_corregida_OLS,480.9025747236594,2913.5632741425043,53.977433008086855,480.9025747236594,2913.5632741425043
3162,587209.3866852304,517570.45375225146,CE_corregida_OLS,473.84324890260933,2734.253130882684,52.290086353750496,473.84324890260933,2734.253130882684
3163,587209.6747419527,517570.45375225146,CE_corregida_OLS,466.8335939481831,2496.833978899617,49.96832975895449,466.8335939481831,2496.833978899617
3164,587209.9627986748,517570.45375225146,CE_corregida_OLS,460.2188756606953,2210.1192891037504,47.01190582292692,460.2188756606953,2210.1192891037504
3165,587210.250855397,517570.45375225146,CE_corregida_OLS,454.74358516451207,1915.7098246887556,43.76882251887473,454.74358516451207,1915.7098246887556
3166,587210.5389121191,517570.45375225146,CE_corregida_OLS,451.7511226292908,1707.2893431589025,41.319357971281484,451.7511226292908,1707.2893431589025
3167,587210.8269688413,517570.45375225146,CE_corregida_OLS,452.56534115368447,1681.9288856421583,41.01132630923021,452.56534115368447,1681.9288856421583
3168,587211.1150255634,517570.45375225146,CE_corregida_OLS,456.8918752820025,1810.773613075382,42.55318569831619,456.8918752820025,1810.773613075382
3169,587211.4030822855,517570.45375225146,CE_corregida_OLS,463.1798881605206,1974.8679553986385,44.439486443912,463.1798881605206,1974.8679553986385
3170,587211.6911390077,517570.45375225146,CE_corregida_OLS,470.13769362423807,2094.6754535431255,45.76762451278333,470.13769362423807,2094.6754535431255
3171,587211.9791957298,517570.45375225146,CE_corregida_OLS,476.97704103375844,2154.1164148241096,46.41245969375152,476.97704103375844,2154.1164148241096
3172,587212.2672524521,517570.45375225146,CE_corregida_OLS,483.1464249092415,2183.7781602809105,46.73091225603145,483.1464249092415,2183.7781602809105
3173,587212.5553091742,517570.45375225146,CE_corregida_OLS,488.19592763527885,2241.9279496529102,47.349001569757625,488.19592763527885,2241.9279496529102
3174,587212.8433658964,517570.45375225146,CE_corregida_OLS,491.8635683027429,2379.5532354915886,48.78066456590755,491.8635683027429,2379.5532354915886
3175,587213.1314226185,517570.45375225146,CE_corregida_OLS,494.2237710110721,2602.4619786284525,51.01433111027187,494.2237710110721,2602.4619786284525
3176,587213.4194793407,517570.45375225146,CE_corregida_OLS,495.6153100881617,2875.88431979918,53.62727216444241,495.6153100881617,2875.88431979918
3177,587213.7075360628,517570.45375225146,CE_corregida_OLS,496.41907966920104,3159.766951442365,56.211804378105185,496.41907966920104,3159.766951442365
3178,587213.995592785,517570.45375225146,CE_corregida_OLS,496.93247706073913,3429.012058115603,58.55776684706823,496.93247706073913,3429.012058115603
3179,587214.2836495071,517570.45375225146,CE_corregida_OLS,497.35620263206505,3673.8196113733707,60.61204180171932,497.35620263206505,3673.8196113733707
3180,587214.5717062292,517570.45375225146,CE_corregida_OLS,497.8150127402153,3893.8288900415914,62.40055200109684,497.8150127402153,3893.8288900415914
3181,587214.8597629514,517570.45375225146,CE_corregida_OLS,498.3767480299353,4092.8821129140456,63.97563686993703,498.3767480299353,4092.8821129140456
3182,587215.1478196735,517570.45375225146,CE_corregida_OLS,499.06556492426256,4275.686088676609,65.38873059386158,499.06556492426256,4275.686088676609
3183,587215.4358763958,517570.45375225146,CE_corregida_OLS,499.8725872537749,4446.124685346032,66.67926728261216,499.8725872537749,4446.124685346032
3184,587215.7239331179,517570.45375225146,CE_corregida_OLS,500.7661552876298,4606.74255698805,67.87298841945925,500.7661552876298,4606.74255698805
3185,587216.0119898401,517570.45375225146,CE_corregida_OLS,501.7018027982818,4758.912518842512,68.98487166649302,501.7018027982818,4758.912518842512
3186,587216.3000465622,517570.45375225146,CE_corregida_OLS,502.63105978313837,4903.267264120287,70.02333371184413,502.63105978313837,4903.267264120287
3187,587201.033040288,517570.74180897366,CE_corregida_OLS,450.6683373070553,4276.9388509522105,65.39830923618905,450.6683373070553,4276.9388509522105
3188,587201.3210970102,517570.74180897366,CE_corregida_OLS,447.967641634051,4100.100931679336,64.0320305134808,447.967641634051,4100.100931679336
3189,587201.6091537323,517570.74180897366,CE_corregida_OLS,444.8317701210253,3910.303820426413,62.53242215384282,444.8317701210253,3910.303820426413
3190,587201.8972104545,517570.74180897366,CE_corregida_OLS,441.29526043299325,3702.470440313661,60.84792880874139,441.29526043299325,3702.470440313661
3191,587202.1852671766,517570.74180897366,CE_corregida_OLS,437.4527186212922,3469.798211390735,58.904993093885814,437.4527186212922,3469.798211390735
3192,587202.4733238987,517570.74180897366,CE_corregida_OLS,433.4985608922233,3205.754758516048,56.619385006515635,433.4985608922233,3205.754758516048
3193,587202.7613806209,517570.74180897366,CE_corregida_OLS,429.8017198358245,2908.4539531477863,53.9300839341808,429.8017198358245,2908.4539531477863
3194,587203.049437343,517570.74180897366,CE_corregida_OLS,427.0465194425409,2588.5439506991884,50.877735314174394,427.0465194425409,2588.5439506991884
3195,587203.3374940652,517570.74180897366,CE_corregida_OLS,426.4522682987782,2280.8000036169424,47.75772192658421,426.4522682987782,2280.8000036169424
3196,587203.6255507873,517570.74180897366,CE_corregida_OLS,429.8650694426854,2049.5662603363703,45.272135584003216,429.8650694426854,2049.5662603363703
3197,587203.9136075096,517570.74180897366,CE_corregida_OLS,438.98397961800197,1954.4145680508925,44.20876121371071,438.98397961800197,1954.4145680508925
3198,587204.2016642317,517570.74180897366,CE_corregida_OLS,453.7403756973807,1980.102777811552,44.49834578736104,453.7403756973807,1980.102777811552
3199,587204.4897209539,517570.74180897366,CE_corregida_OLS,472.2560280836093,2043.9632637040893,45.210211940490716,472.2560280836093,2043.9632637040893
3200,587204.777777676,517570.74180897366,CE_corregida_OLS,492.3506685762953,2073.802084071087,45.53901716189192,492.3506685762953,2073.802084071087
3201,587205.0658343981,517570.74180897366,CE_corregida_OLS,512.1375810427257,2045.2757157289032,45.22472460644623,512.1375810427257,2045.2757157289032
3202,587205.3538911203,517570.74180897366,CE_corregida_OLS,529.6984110969604,1983.748254138351,44.539288882270576,529.6984110969604,1983.748254138351
3203,587205.6419478424,517570.74180897366,CE_corregida_OLS,542.8256906256292,1955.9789888269813,44.2264512348321,542.8256906256292,1955.9789888269813
3204,587205.9300045646,517570.74180897366,CE_corregida_OLS,549.7424291123541,2030.6397319529112,45.0626201185962,549.7424291123541,2030.6397319529112
3205,587206.2180612867,517570.74180897366,CE_corregida_OLS,550.5396115594403,2213.36551825,47.04641876115546,550.5396115594403,2213.36551825
3206,587206.506118009,517570.74180897366,CE_corregida_OLS,547.0044428619217,2447.9503976271376,49.476766240601634,547.0044428619217,2447.9503976271376
3207,587206.7941747311,517570.74180897366,CE_corregida_OLS,541.0516860816248,2676.4061259843556,51.73399391100938,541.0516860816248,2676.4061259843556
3208,587207.0822314533,517570.74180897366,CE_corregida_OLS,533.9700934789735,2867.2136220599773,53.546368897059466,533.9700934789735,2867.2136220599773
3209,587207.3702881754,517570.74180897366,CE_corregida_OLS,526.4899227513449,3010.505922570844,54.868077445549744,526.4899227513449,3010.505922570844
3210,587207.6583448976,517570.74180897366,CE_corregida_OLS,518.9930818155894,3107.6470558223523,55.74627391873247,518.9930818155894,3107.6470558223523
3211,587207.9464016197,517570.74180897366,CE_corregida_OLS,511.6579965452635,3163.779092029958,56.247480761630186,511.6579965452635,3163.779092029958
3212,587208.2344583418,517570.74180897366,CE_corregida_OLS,504.544852855261,3183.412386998614,56.4217368307518,504.544852855261,3183.412386998614
3213,587208.522515064,517570.74180897366,CE_corregida_OLS,497.65087192463034,3168.2276097413464,56.28701102156115,497.65087192463034,3168.2276097413464
3214,587208.8105717861,517570.74180897366,CE_corregida_OLS,490.9534286676315,3116.6279742866177,55.82676754287873,490.9534286676315,3116.6279742866177
3215,587209.0986285083,517570.74180897366,CE_corregida_OLS,484.44920134955544,3024.8600088654807,54.99872733859831,484.44920134955544,3024.8600088654807
3216,587209.3866852304,517570.74180897366,CE_corregida_OLS,478.1948243544373,2889.731311395049,53.75622114132511,478.1948243544373,2889.731311395049
3217,587209.6747419527,517570.74180897366,CE_corregida_OLS,472.3566439673969,2713.1821548019257,52.088215123979104,472.3566439673969,2713.1821548019257
3218,587209.9627986748,517570.74180897366,CE_corregida_OLS,467.2765767556913,2508.885548402601,50.08877667105278,467.2765767556913,2508.885548402601
3219,587210.250855397,517570.74180897366,CE_corregida_OLS,463.5337129700125,2308.840532439419,48.050395757365195,463.5337129700125,2308.840532439419
3220,587210.5389121191,517570.74180897366,CE_corregida_OLS,461.88252653296564,2159.8759885082227,46.474465984110275,461.88252653296564,2159.8759885082227
3221,587210.8269688413,517570.74180897366,CE_corregida_OLS,462.8751894875372,2094.2855089583563,45.76336426617209,462.8751894875372,2094.2855089583563
3222,587211.1150255634,517570.74180897366,CE_corregida_OLS,466.38402981636136,2093.411894027403,45.75381835461826,466.38402981636136,2093.411894027403
3223,587211.4030822855,517570.74180897366,CE_corregida_OLS,471.68513313347006,2099.0947462096274,45.81587875627431,471.68513313347006,2099.0947462096274
3224,587211.6911390077,517570.74180897366,CE_corregida_OLS,477.9440224183728,2059.3661199659496,45.38023931146628,477.9440224183728,2059.3661199659496
3225,587211.9791957298,517570.74180897366,CE_corregida_OLS,484.44631757107715,1958.2834156201284,44.25249615129217,484.44631757107715,1958.2834156201284
3226,587212.2672524521,517570.74180897366,CE_corregida_OLS,490.5143262372069,1831.896431442806,42.800659240750086,490.5143262372069,1831.896431442806
3227,587212.5553091742,517570.74180897366,CE_corregida_OLS,495.3775574580812,1776.572711440535,42.14940938424327,495.3775574580812,1776.572711440535
3228,587212.8433658964,517570.74180897366,CE_corregida_OLS,498.4261590880636,1893.4826834307567,43.51416646829808,498.4261590880636,1893.4826834307567
3229,587213.1314226185,517570.74180897366,CE_corregida_OLS,499.7986567153659,2172.0349014852754,46.6050952309431,499.7986567153659,2172.0349014852754
3230,587213.4194793407,517570.74180897366,CE_corregida_OLS,500.1603775288799,2517.40451509507,50.173743283664514,500.1603775288799,2517.40451509507
3231,587213.7075360628,517570.74180897366,CE_corregida_OLS,500.07918843931975,2857.008189584349,53.45098866797834,500.07918843931975,2857.008189584349
3232,587213.995592785,517570.74180897366,CE_corregida_OLS,499.8941830402453,3161.3442471891944,56.22583256110304,499.8941830402453,3161.3442471891944
3233,587214.2836495071,517570.74180897366,CE_corregida_OLS,499.79754678468737,3426.1165490871936,58.53303809889927,499.79754678468737,3426.1165490871936
3234,587214.5717062292,517570.74180897366,CE_corregida_OLS,499.8958570948028,3657.6954093400077,60.47888399549059,499.8958570948028,3657.6954093400077
3235,587214.8597629514,517570.74180897366,CE_corregida_OLS,500.2367330888748,3865.1940252827203,62.17068461327027,500.2367330888748,3865.1940252827203
3236,587215.1478196735,517570.74180897366,CE_corregida_OLS,500.8210515421331,4056.5311749212124,63.690903392252274,500.8210515421331,4056.5311749212124
3237,587215.4358763958,517570.74180897366,CE_corregida_OLS,501.6131319475544,4236.937399182047,65.09176137716697,501.6131319475544,4236.937399182047
3238,587215.7239331179,517570.74180897366,CE_corregida_OLS,502.5528425847191,4409.01006665947,66.40037700690765,502.5528425847191,4409.01006665947
3239,587216.0119898401,517570.74180897366,CE_corregida_OLS,503.5686169268515,4573.54231292991,67.62796990099518,503.5686169268515,4573.54231292991
3240,587216.3000465622,517570.74180897366,CE_corregida_OLS,504.58890171659874,4730.476535778822,68.77845982412533,504.58890171659874,4730.476535778822
3241,587216.5881032844,517570.74180897366,CE_corregida_OLS,505.5503622826196,4879.6026991958815,69.85415305617757,505.5503622826196,4879.6026991958815
3242,587201.3210970102,517571.0298656958,CE_corregida_OLS,450.8815107734439,4314.141866124806,65.6821274482245,450.8815107734439,4314.141866124806
3243,587201.6091537323,517571.0298656958,CE_corregida_OLS,448.4777376729415,4133.906382145889,64.2954615983577,448.4777376729415,4133.906382145889
3244,587201.8972104545,517571.0298656958,CE_corregida_OLS,445.92360656599635,3936.8119577994803,62.74401929904938,445.92360656599635,3936.8119577994803
3245,587202.1852671766,517571.0298656958,CE_corregida_OLS,443.3776049962338,3719.2981854788254,60.98604910533905,443.3776049962338,3719.2981854788254
3246,587202.4733238987,517571.0298656958,CE_corregida_OLS,441.1081033632712,3479.4931762622655,58.98722892510094,441.1081033632712,3479.4931762622655
3247,587202.7613806209,517571.0298656958,CE_corregida_OLS,439.55094226275315,3220.388239569758,56.74846464504355,439.55094226275315,3220.388239569758
3248,587203.049437343,517571.0298656958,CE_corregida_OLS,439.3837375133757,2954.0436569550498,54.35111458797372,439.3837375133757,2954.0436569550498
3249,587203.3374940652,517571.0298656958,CE_corregida_OLS,441.57265520648974,2704.5402784639164,52.00519472575712,441.57265520648974,2704.5402784639164
3250,587203.6255507873,517571.0298656958,CE_corregida_OLS,447.251079382522,2503.0961486806323,50.0309519066011,447.251079382522,2503.0961486806323
3251,587203.9136075096,517571.0298656958,CE_corregida_OLS,457.26705560676317,2368.434622168099,48.66656575276397,457.26705560676317,2368.434622168099
3252,587204.2016642317,517571.0298656958,CE_corregida_OLS,471.6272631609015,2284.420004133529,47.79560653588914,471.6272631609015,2284.420004133529
3253,587204.4897209539,517571.0298656958,CE_corregida_OLS,489.4635456255478,2204.2507116138813,46.949448469751815,489.4635456255478,2204.2507116138813
3254,587204.777777676,517571.0298656958,CE_corregida_OLS,509.4932288015275,2079.389595831036,45.600324514536474,509.4932288015275,2079.389595831036
3255,587205.0658343981,517571.0298656958,CE_corregida_OLS,530.2640141123461,1886.2651895344632,43.43115459591724,530.2640141123461,1886.2651895344632
3256,587205.3538911203,517571.0298656958,CE_corregida_OLS,549.7735873438039,1650.0692229862482,40.621044090301865,549.7735873438039,1650.0692229862482
3257,587205.6419478424,517571.0298656958,CE_corregida_OLS,564.5224736677123,1480.1814787175297,38.47312670836008,564.5224736677123,1480.1814787175297
3258,587205.9300045646,517571.0298656958,CE_corregida_OLS,570.2601450802408,1537.650056898823,39.212881262396714,570.2601450802408,1537.650056898823
3259,587206.2180612867,517571.0298656958,CE_corregida_OLS,567.2476059612951,1816.1403631306478,42.61619836553523,567.2476059612951,1816.1403631306478
3260,587206.506118009,517571.0298656958,CE_corregida_OLS,559.6535179849668,2160.069890761342,46.47655205328104,559.6535179849668,2160.069890761342
3261,587206.7941747311,517571.0298656958,CE_corregida_OLS,550.4323261132456,2469.9996669911257,49.69909120890568,550.4323261132456,2469.9996669911257
3262,587207.0822314533,517571.0298656958,CE_corregida_OLS,540.9162291168601,2715.4544181413175,52.110022242763606,540.9162291168601,2715.4544181413175
3263,587207.3702881754,517571.0298656958,CE_corregida_OLS,531.6786347665264,2896.4490381690916,53.8186681196134,531.6786347665264,2896.4490381690916
3264,587207.6583448976,517571.0298656958,CE_corregida_OLS,522.9679645599545,3023.10380233878,54.98275913719482,522.9679645599545,3023.10380233878
3265,587207.9464016197,517571.0298656958,CE_corregida_OLS,514.8742060305841,3106.5336723916403,55.736286855078895,514.8742060305841,3106.5336723916403
3266,587208.2344583418,517571.0298656958,CE_corregida_OLS,507.3988399369506,3154.659264387134,56.16635349020919,507.3988399369506,3154.659264387134
3267,587208.522515064,517571.0298656958,CE_corregida_OLS,500.4966279082312,3170.8640483565214,56.31042575186696,500.4966279082312,3170.8640483565214
3268,587208.8105717861,517571.0298656958,CE_corregida_OLS,494.1124727657181,3154.7019364936914,56.16673336142749,494.1124727657181,3154.7019364936914
3269,587209.0986285083,517571.0298656958,CE_corregida_OLS,488.2183986908844,3103.9964769057397,55.71352149079916,488.2183986908844,3103.9964769057397
3270,587209.3866852304,517571.0298656958,CE_corregida_OLS,482.8502490167565,3017.765482286379,54.93419228755784,482.8502490167565,3017.765482286379
3271,587209.6747419527,517571.0298656958,CE_corregida_OLS,478.1429291736617,2899.5569952826795,53.84753471871001,478.1429291736617,2899.5569952826795
3272,587209.9627986748,517571.0298656958,CE_corregida_OLS,474.3579511953982,2760.4620494435426,52.54009944264992,474.3579511953982,2760.4620494435426
3273,587210.250855397,517571.0298656958,CE_corregida_OLS,471.87853326862137,2619.5950196751915,51.18197944272175,471.87853326862137,2619.5950196751915
3274,587210.5389121191,517571.0298656958,CE_corregida_OLS,471.1223812986271,2497.849239558756,49.97848776782623,471.1223812986271,2497.849239558756
3275,587210.8269688413,517571.0298656958,CE_corregida_OLS,472.35195491205013,2403.429800702303,49.02478761506574,472.35195491205013,2403.429800702303
3276,587211.1150255634,517571.0298656958,CE_corregida_OLS,475.5022845843032,2319.4461057080034,48.16062816978204,475.5022845843032,2319.4461057080034
3277,587211.4030822855,517571.0298656958,CE_corregida_OLS,480.20436916763646,2208.329742621383,46.99286906139466,480.20436916763646,2208.329742621383
3278,587211.6911390077,517571.0298656958,CE_corregida_OLS,485.9612519045464,2030.1395101135254,45.05706947986659,485.9612519045464,2030.1395101135254
3279,587211.9791957298,517571.0298656958,CE_corregida_OLS,492.2658305628787,1762.6188657932917,41.9835547064954,492.2658305628787,1762.6188657932917
3280,587212.2672524521,517571.0298656958,CE_corregida_OLS,498.51135659209103,1431.3640890746474,37.83337268965916,498.51135659209103,1431.3640890746474
3281,587212.5553091742,517571.0298656958,CE_corregida_OLS,503.55088097586525,1190.0296630191476,34.49680656262471,503.55088097586525,1190.0296630191476
3282,587212.8433658964,517571.0298656958,CE_corregida_OLS,505.76335096828456,1312.802890529159,36.23262191077481,505.76335096828456,1312.802890529159
3283,587213.1314226185,517571.0298656958,CE_corregida_OLS,505.6233048322442,1726.1671082116418,41.54716727060513,505.6233048322442,1726.1671082116418
3284,587213.4194793407,517571.0298656958,CE_corregida_OLS,504.66011503995105,2179.0863529740514,46.68068500969166,504.66011503995105,2179.0863529740514
3285,587213.7075360628,517571.0298656958,CE_corregida_OLS,503.578406724945,2576.9650217134626,50.763816067288154,503.578406724945,2576.9650217134626
3286,587213.995592785,517571.0298656958,CE_corregida_OLS,502.6562995357642,2906.454667069841,53.91154484032006,502.6562995357642,2906.454667069841
3287,587214.2836495071,517571.0298656958,CE_corregida_OLS,502.03473819180545,3178.881476172586,56.38157035922808,502.03473819180545,3178.881476172586
3288,587214.5717062292,517571.0298656958,CE_corregida_OLS,501.7910108127769,3411.635153749931,58.409204358131184,501.7910108127769,3411.635153749931
3289,587214.8597629514,517571.0298656958,CE_corregida_OLS,501.9503224601383,3620.7201775592416,60.17242040635595,501.9503224601383,3620.7201775592416
3290,587215.1478196735,517571.0298656958,CE_corregida_OLS,502.48681757352784,3817.3733964987837,61.78489618425189,502.48681757352784,3817.3733964987837
3291,587215.4358763958,517571.0298656958,CE_corregida_OLS,503.33098630535466,4007.354487338888,63.30366883000453,503.33098630535466,4007.354487338888
3292,587215.7239331179,517571.0298656958,CE_corregida_OLS,504.3854844289393,4192.1459133638855,64.74678303486503,504.3854844289393,4192.1459133638855
3293,587216.0119898401,517571.0298656958,CE_corregida_OLS,505.54390522342254,4370.929804355295,66.11300783019402,505.54390522342254,4370.929804355295
3294,587216.3000465622,517571.0298656958,CE_corregida_OLS,506.70645673868603,4542.304614898337,67.39662168757673,506.70645673868603,4542.304614898337
3295,587216.5881032844,517571.0298656958,CE_corregida_OLS,507.78978717026155,4705.268975129151,68.59496319066838,507.78978717026155,4705.268975129151
3296,587216.8761600065,517571.0298656958,CE_corregida_OLS,508.7312878643566,4859.520752288287,69.71026289068409,508.7312878643566,4859.520752288287
3297,587201.8972104545,517571.31792241795,CE_corregida_OLS,451.12910993927557,4161.05079318042,64.50620740037675,451.12910993927557,4161.05079318042
3298,587202.1852671766,517571.31792241795,CE_corregida_OLS,449.8247735112167,3961.6921862057075,62.94197475616496,449.8247735112167,3961.6921862057075
3299,587202.4733238987,517571.31792241795,CE_corregida_OLS,449.07853998850453,3746.565061431833,61.209190988215425,449.07853998850453,3746.565061431833
3300,587202.7613806209,517571.31792241795,CE_corregida_OLS,449.3172401783761,3519.6400137167343,59.32655403541263,449.3172401783761,3519.6400137167343
3301,587203.049437343,517571.31792241795,CE_corregida_OLS,451.12283427012386,3289.951433919615,57.358098241831684,451.12283427012386,3289.951433919615
3302,587203.3374940652,517571.31792241795,CE_corregida_OLS,455.21093852791535,3071.002724640792,55.41662859323718,455.21093852791535,3071.002724640792
3303,587203.6255507873,517571.31792241795,CE_corregida_OLS,462.30970873782127,2875.583164819202,53.62446423806211,462.30970873782127,2875.583164819202
3304,587203.9136075096,517571.31792241795,CE_corregida_OLS,472.92716051493403,2705.789675097896,52.01720556794546,472.92716051493403,2705.789675097896
3305,587204.2016642317,517571.31792241795,CE_corregida_OLS,487.1346999106527,2544.6461860123295,50.44448618047694,487.1346999106527,2544.6461860123295
3306,587204.4897209539,517571.31792241795,CE_corregida_OLS,504.55641241595276,2358.009746285301,48.55934252319837,504.55641241595276,2358.009746285301
3307,587204.777777676,517571.31792241795,CE_corregida_OLS,524.5511717323112,2106.0605398255016,45.891835219628135,524.5511717323112,2106.0605398255016
3308,587205.0658343981,517571.31792241795,CE_corregida_OLS,546.3466698366058,1756.8954848784206,41.91533710801358,546.3466698366058,1756.8954848784206
3309,587205.3538911203,517571.31792241795,CE_corregida_OLS,568.7617584683089,1306.8593457556465,36.150509619584156,568.7617584683089,1306.8593457556465
3310,587205.6419478424,517571.31792241795,CE_corregida_OLS,588.015551914184,872.9285658965242,29.545364541608286,588.015551914184,872.9285658965242
3311,587205.9300045646,517571.31792241795,CE_corregida_OLS,592.1418735440784,928.9597015006736,30.47884022564956,592.1418735440784,928.9597015006736
3312,587206.2180612867,517571.31792241795,CE_corregida_OLS,582.4327840569982,1419.4315014472684,37.675343415120565,582.4327840569982,1419.4315014472684
3313,587206.506118009,517571.31792241795,CE_corregida_OLS,569.9429790536258,1901.669900656502,43.60814030266026,569.9429790536258,1901.669900656502
3314,587206.7941747311,517571.31792241795,CE_corregida_OLS,557.564322352793,2281.682455281853,47.76695987062452,557.564322352793,2281.682455281853
3315,587207.0822314533,517571.31792241795,CE_corregida_OLS,545.9472918317852,2561.2925344885593,50.60921392877545,545.9472918317852,2561.2925344885593
3316,587207.3702881754,517571.31792241795,CE_corregida_OLS,535.2998173760702,2760.6399546687044,52.54179245770651,535.2998173760702,2760.6399546687044
3317,587207.6583448976,517571.31792241795,CE_corregida_OLS,525.697045327872,2902.0663812442126,53.870830523059624,525.697045327872,2902.0663812442126
3318,587207.9464016197,517571.31792241795,CE_corregida_OLS,517.1412404875116,3003.868983607398,54.807563197129994,517.1412404875116,3003.868983607398
3319,587208.2344583418,517571.31792241795,CE_corregida_OLS,509.57650007128524,3077.2103149936574,55.472608691079756,509.57650007128524,3077.2103149936574
3320,587208.522515064,517571.31792241795,CE_corregida_OLS,502.90757025557025,3125.8719985814505,55.90949828590354,502.90757025557025,3125.8719985814505
3321,587208.8105717861,517571.31792241795,CE_corregida_OLS,497.0319232347437,3148.492357413942,56.11142804646788,497.0319232347437,3148.492357413942
3322,587209.0986285083,517571.31792241795,CE_corregida_OLS,491.8774072074258,3141.9718351399447,56.053294596659924,491.8774072074258,3141.9718351399447
3323,587209.3866852304,517571.31792241795,CE_corregida_OLS,487.43526554712054,3104.6920166409254,55.71976325004375,487.43526554712054,3104.6920166409254
3324,587209.6747419527,517571.31792241795,CE_corregida_OLS,483.7820620060585,3038.7921632225475,55.12524070897602,483.7820620060585,3038.7921632225475
3325,587209.9627986748,517571.31792241795,CE_corregida_OLS,481.0842428353239,2950.9754110600393,54.322881100509015,481.0842428353239,2950.9754110600393
3326,587210.250855397,517571.31792241795,CE_corregida_OLS,479.5735072337858,2850.9149124303476,53.39395951257359,479.5735072337858,2850.9149124303476
3327,587210.5389121191,517571.31792241795,CE_corregida_OLS,479.4804052458337,2746.2691979719257,52.40485853403218,479.4804052458337,2746.2691979719257
3328,587210.8269688413,517571.31792241795,CE_corregida_OLS,480.93747885072827,2635.3114734478836,51.33528487743965,480.93747885072827,2635.3114734478836
3329,587211.1150255634,517571.31792241795,CE_corregida_OLS,483.90684736502794,2501.7152476180217,50.01714953511467,483.90684736502794,2501.7152476180217
3330,587211.4030822855,517571.31792241795,CE_corregida_OLS,488.18931674378763,2315.9785148147816,48.124614438089594,488.18931674378763,2315.9785148147816
3331,587211.6911390077,517571.31792241795,CE_corregida_OLS,493.5031221519876,2042.2879620018027,45.191680229902964,493.5031221519876,2042.2879620018027
3332,587211.9791957298,517571.31792241795,CE_corregida_OLS,499.5640034123572,1646.1115836100607,40.57230069407034,499.5640034123572,1646.1115836100607
3333,587212.2672524521,517571.31792241795,CE_corregida_OLS,506.0977449625844,1103.9995204131824,33.22648823473799,506.0977449625844,1103.9995204131824
3334,587212.5553091742,517571.31792241795,CE_corregida_OLS,512.391583813345,487.9063297734653,22.088601806666382,512.391583813345,487.9063297734653
3335,587212.8433658964,517571.31792241795,CE_corregida_OLS,513.1668847085555,724.4919578488907,26.916388276455123,513.1668847085555,724.4919578488907
3336,587213.1314226185,517571.31792241795,CE_corregida_OLS,510.84581447905504,1386.2614458284759,37.23253208994086,510.84581447905504,1386.2614458284759
3337,587213.4194793407,517571.31792241795,CE_corregida_OLS,508.5664076621205,1932.3344337599256,43.958326102797926,508.5664076621205,1932.3344337599256
3338,587213.7075360628,517571.31792241795,CE_corregida_OLS,506.5833048425292,2354.439227800002,48.52256410990666,506.5833048425292,2354.439227800002
3339,587213.995592785,517571.31792241795,CE_corregida_OLS,505.0012324709244,2678.308250112572,51.75237434275429,505.0012324709244,2678.308250112572
3340,587214.2836495071,517571.31792241795,CE_corregida_OLS,503.91167469941536,2934.461792627154,54.17067280943771,503.91167469941536,2934.461792627154
3341,587214.5717062292,517571.31792241795,CE_corregida_OLS,503.38302979148636,3151.9293343551185,56.142046047103754,503.38302979148636,3151.9293343551185
3342,587214.8597629514,517571.31792241795,CE_corregida_OLS,503.4331514271268,3353.484104426314,57.909274770336346,503.4331514271268,3353.484104426314
3343,587215.1478196735,517571.31792241795,CE_corregida_OLS,504.0117688014927,3552.5090268831864,59.6029280059561,504.0117688014927,3552.5090268831864
3344,587215.4358763958,517571.31792241795,CE_corregida_OLS,505.00693598814814,3753.1805662030765,61.26320727976194,505.00693598814814,3753.1805662030765
3345,587215.7239331179,517571.31792241795,CE_corregida_OLS,506.2716292321266,3953.6167450995595,62.87779214555454,506.2716292321266,3953.6167450995595
3346,587216.0119898401,517571.31792241795,CE_corregida_OLS,507.6545088388924,4149.757214023325,64.41860922143015,507.6545088388924,4149.757214023325
3347,587216.3000465622,517571.31792241795,CE_corregida_OLS,509.0221668855297,4338.067577663787,65.86400821134247,509.0221668855297,4338.067577663787
3348,587216.5881032844,517571.31792241795,CE_corregida_OLS,510.26998769536056,4516.612915510337,67.20575061339868,510.26998769536056,4516.612915510337
3349,587216.8761600065,517571.31792241795,CE_corregida_OLS,511.32460670278914,4684.996109274357,68.4470314131618,511.32460670278914,4684.996109274357
3350,587217.1642167286,517571.31792241795,CE_corregida_OLS,512.1417054720615,4843.811660918661,69.59749751908225,512.1417054720615,4843.811660918661
3351,587202.1852671766,517571.6059791401,CE_corregida_OLS,456.3353732036761,4191.466569080879,64.74153665986681,456.3353732036761,4191.466569080879
3352,587202.4733238987,517571.6059791401,CE_corregida_OLS,456.8553461246802,3998.11622466217,63.23065889789676,456.8553461246802,3998.11622466217
3353,587202.7613806209,517571.6059791401,CE_corregida_OLS,458.48522070883246,3795.9832961843817,61.61155164564825,458.48522070883246,3795.9832961843817
3354,587203.049437343,517571.6059791401,CE_corregida_OLS,461.6937582673819,3590.418412301125,59.92010023607374,461.6937582673819,3590.418412301125
3355,587203.3374940652,517571.6059791401,CE_corregida_OLS,467.00333002875044,3387.540281844737,58.202579683762615,467.00333002875044,3387.540281844737
3356,587203.6255507873,517571.6059791401,CE_corregida_OLS,474.9043079712752,3190.5516208447107,56.48496809634144,474.9043079712752,3190.5516208447107
3357,587203.9136075096,517571.6059791401,CE_corregida_OLS,485.7347559977556,2994.63084908804,54.72322038301511,485.7347559977556,2994.63084908804
3358,587204.2016642317,517571.6059791401,CE_corregida_OLS,499.5869555582869,2783.327107350107,52.757246965228454,499.5869555582869,2783.327107350107
3359,587204.4897209539,517571.6059791401,CE_corregida_OLS,516.3081334627848,2529.312281134353,50.29226860198646,516.3081334627848,2529.312281134353
3360,587204.777777676,517571.6059791401,CE_corregida_OLS,535.5952272865536,2198.9431089118625,46.892889747933665,535.5952272865536,2198.9431089118625
3361,587205.0658343981,517571.6059791401,CE_corregida_OLS,557.1161023649811,1757.2190076186162,41.91919617095032,557.1161023649811,1757.2190076186162
3362,587205.3538911203,517571.6059791401,CE_corregida_OLS,580.5946235012694,1170.5524846131445,34.21333781748201,580.5946235012694,1170.5524846131445
3363,587205.6419478424,517571.6059791401,CE_corregida_OLS,605.817807381905,408.2528696515923,20.20526836376078,605.817807381905,408.2528696515923
3364,587205.9300045646,517571.6059791401,CE_corregida_OLS,607.5427189656979,498.7091686663077,22.33179725562427,607.5427189656979,498.7091686663077
3365,587206.2180612867,517571.6059791401,CE_corregida_OLS,590.652088109759,1223.624775050036,34.980348412359135,590.652088109759,1223.624775050036
3366,587206.506118009,517571.6059791401,CE_corregida_OLS,575.1662660012817,1763.5246932720963,41.9943412053588,575.1662660012817,1763.5246932720963
3367,587206.7941747311,517571.6059791401,CE_corregida_OLS,561.0307888844973,2150.789946422283,46.376609906528124,561.0307888844973,2150.789946422283
3368,587207.0822314533,517571.6059791401,CE_corregida_OLS,548.2329161907091,2419.849182802168,49.19196258335469,548.2329161907091,2419.849182802168
3369,587207.3702881754,517571.6059791401,CE_corregida_OLS,536.8009432097556,2605.7285788348286,51.04633756534183,536.8009432097556,2605.7285788348286
3370,587207.6583448976,517571.6059791401,CE_corregida_OLS,526.7685424977144,2740.8246701545518,52.3528859773227,526.7685424977144,2740.8246701545518
3371,587207.9464016197,517571.6059791401,CE_corregida_OLS,518.1282361028889,2849.733394774652,53.38289421504469,518.1282361028889,2849.733394774652
3372,587208.2344583418,517571.6059791401,CE_corregida_OLS,510.7999949273934,2945.1530185236948,54.26926403152796,510.7999949273934,2945.1530185236948
3373,587208.522515064,517571.6059791401,CE_corregida_OLS,504.63975571876375,3028.2321883814934,55.029375685914275,504.63975571876375,3028.2321883814934
3374,587208.8105717861,517571.6059791401,CE_corregida_OLS,499.4836701373438,3093.2556146153256,55.61704428154489,499.4836701373438,3093.2556146153256
3375,587209.0986285083,517571.6059791401,CE_corregida_OLS,495.19942095975176,3133.3208051417473,55.97607350593419,495.19942095975176,3133.3208051417473
3376,587209.3866852304,517571.6059791401,CE_corregida_OLS,491.72123422252474,3144.175281114961,56.07294607130038,491.72123422252474,3144.175281114961
3377,587209.6747419527,517571.6059791401,CE_corregida_OLS,489.062505906,3125.5889512425088,55.9069669293775,489.062505906,3125.5889512425088
3378,587209.9627986748,517571.6059791401,CE_corregida_OLS,487.3076373810943,3080.7092308642614,55.5041370608017,487.3076373810943,3080.7092308642614
3379,587210.250855397,517571.6059791401,CE_corregida_OLS,486.58348803854204,3013.739234058678,54.89753395243431,486.58348803854204,3013.739234058678
3380,587210.5389121191,517571.6059791401,CE_corregida_OLS,487.01198008507714,2926.225806512395,54.09460053011202,487.01198008507714,2926.225806512395
3381,587210.8269688413,517571.6059791401,CE_corregida_OLS,488.6558372393496,2812.9911783791968,53.03763926099273,488.6558372393496,2812.9911783791968
3382,587211.1150255634,517571.6059791401,CE_corregida_OLS,491.4820520602939,2659.688839230611,51.57217117041526,491.4820520602939,2659.688839230611
3383,587211.4030822855,517571.6059791401,CE_corregida_OLS,495.36334903582406,2443.5403495046307,49.43217929147602,495.36334903582406,2443.5403495046307
3384,587211.6911390077,517571.6059791401,CE_corregida_OLS,500.112308865145,2136.902453964488,46.22664225275818,500.112308865145,2136.902453964488
3385,587211.9791957298,517571.6059791401,CE_corregida_OLS,505.5180440251392,1712.5755986034978,41.38327679876858,505.5180440251392,1712.5755986034978
3386,587212.2672524521,517571.6059791401,CE_corregida_OLS,511.32772270757505,1155.7498131012053,33.9963205818101,511.32772270757505,1155.7498131012053
3387,587212.5553091742,517571.6059791401,CE_corregida_OLS,516.7083115995205,565.6099827282883,23.782556269843834,516.7083115995205,565.6099827282883
3388,587212.8433658964,517571.6059791401,CE_corregida_OLS,516.9916053418484,752.4286757734374,27.43043338654053,516.9916053418484,752.4286757734374
3389,587213.1314226185,517571.6059791401,CE_corregida_OLS,514.213070918485,1350.395003393451,36.74772106394423,514.213070918485,1350.395003393451
3390,587213.4194793407,517571.6059791401,CE_corregida_OLS,511.3827615653767,1843.8380315707816,42.93993516030016,511.3827615653767,1843.8380315707816
3391,587213.7075360628,517571.6059791401,CE_corregida_OLS,508.85333786796787,2211.5258867643693,47.02686345871229,508.85333786796787,2211.5258867643693
3392,587213.995592785,517571.6059791401,CE_corregida_OLS,506.7809042338365,2480.269774155021,49.80230691599558,506.7809042338365,2480.269774155021
3393,587214.2836495071,517571.6059791401,CE_corregida_OLS,505.3138464275421,2686.7545212612504,51.833912849226905,505.3138464275421,2686.7545212612504
3394,587214.5717062292,517571.6059791401,CE_corregida_OLS,504.57679327322376,2868.092855401743,53.554578286097474,504.57679327322376,2868.092855401743
3395,587214.8597629514,517571.6059791401,CE_corregida_OLS,504.6165220270764,3052.7409748083624,55.25161513302903,504.6165220270764,3052.7409748083624
3396,587215.1478196735,517571.6059791401,CE_corregida_OLS,505.36342298294977,3253.8122847936293,57.042197405023146,505.36342298294977,3253.8122847936293
3397,587215.4358763958,517571.6059791401,CE_corregida_OLS,506.64589801861985,3469.82189708551,58.90519414351768,506.64589801861985,3469.82189708551
3398,587215.7239331179,517571.6059791401,CE_corregida_OLS,508.2458738158104,3691.670896531769,60.75912192034846,508.2458738158104,3691.670896531769
3399,587216.0119898401,517571.6059791401,CE_corregida_OLS,509.95349077127156,3909.8342593540033,62.52866750022747,509.95349077127156,3909.8342593540033
3400,587216.3000465622,517571.6059791401,CE_corregida_OLS,511.59730494198703,4118.038274365347,64.17194304651642,511.59730494198703,4118.038274365347
3401,587216.5881032844,517571.6059791401,CE_corregida_OLS,513.0527992437345,4313.731545871354,65.67900384347614,513.0527992437345,4313.731545871354
3402,587216.8761600065,517571.6059791401,CE_corregida_OLS,514.2398036232121,4497.029422539529,67.05989429263612,514.2398036232121,4497.029422539529
3403,587217.1642167286,517571.6059791401,CE_corregida_OLS,515.1159551497902,4669.379885825767,68.3328609515639,515.1159551497902,4669.379885825767
3404,587217.4522734508,517571.6059791401,CE_corregida_OLS,515.6691551089934,4832.520410693388,69.51633197093606,515.6691551089934,4832.520410693388
3405,587217.7403301729,517571.6059791401,CE_corregida_OLS,515.9099956387773,4987.8703582938415,70.6248565187487,515.9099956387773,4987.8703582938415
3406,587202.4733238987,517571.89403586223,CE_corregida_OLS,464.0798354263638,4230.535241472402,65.04256484389589,464.0798354263638,4230.535241472402
3407,587202.7613806209,517571.89403586223,CE_corregida_OLS,466.71332184596434,4047.2963769402995,63.61836509169581,466.71332184596434,4047.2963769402995
3408,587203.049437343,517571.89403586223,CE_corregida_OLS,470.84107976540594,3858.374132413012,62.1158122575324,470.84107976540594,3858.374132413012
3409,587203.3374940652,517571.89403586223,CE_corregida_OLS,476.8399156490613,3665.4856802942445,60.54325462257744,476.8399156490613,3665.4856802942445
3410,587203.6255507873,517571.89403586223,CE_corregida_OLS,485.0421525803839,3467.3260865273223,58.884005353978104,485.0421525803839,3467.3260865273223
3411,587203.9136075096,517571.89403586223,CE_corregida_OLS,495.667262763664,3257.000126589178,57.070133402587885,495.667262763664,3257.000126589178
3412,587204.2016642317,517571.89403586223,CE_corregida_OLS,508.770050811216,3020.603594875664,54.96001814842917,508.770050811216,3020.603594875664
3413,587204.4897209539,517571.89403586223,CE_corregida_OLS,524.2269584440672,2738.2150647543876,52.32795681807563,524.2269584440672,2738.2150647543876
3414,587204.777777676,517571.89403586223,CE_corregida_OLS,541.7458735061948,2387.6544866976856,48.86363153407333,541.7458735061948,2387.6544866976856
3415,587205.0658343981,517571.89403586223,CE_corregida_OLS,560.8189952339886,1951.9229115806502,44.180571652940955,560.8189952339886,1951.9229115806502
3416,587205.3538911203,517571.89403586223,CE_corregida_OLS,580.3348793652943,1439.8370371441947,37.94518463710771,580.3348793652943,1439.8370371441947
3417,587205.6419478424,517571.89403586223,CE_corregida_OLS,596.4437022949378,978.3473530905956,31.278544612730872,596.4437022949378,978.3473530905956
3418,587205.9300045646,517571.89403586223,CE_corregida_OLS,598.5620472919493,981.852419496977,31.334524401959207,598.5620472919493,981.852419496977
3419,587206.2180612867,517571.89403586223,CE_corregida_OLS,587.7523146079313,1387.7653937903906,37.25272330703341,587.7523146079313,1387.7653937903906
3420,587206.506118009,517571.89403586223,CE_corregida_OLS,573.9331516993947,1791.0389428358906,42.32066803390384,573.9331516993947,1791.0389428358906
3421,587206.7941747311,517571.89403586223,CE_corregida_OLS,560.2079918319034,2090.7560593021553,45.724786049823734,560.2079918319034,2090.7560593021553
3422,587207.0822314533,517571.89403586223,CE_corregida_OLS,547.4088829623929,2291.2029667576626,47.86651195520374,547.4088829623929,2291.2029667576626
3423,587207.3702881754,517571.89403586223,CE_corregida_OLS,535.9076596932314,2424.012804085,49.23426453279261,535.9076596932314,2424.012804085
3424,587207.6583448976,517571.89403586223,CE_corregida_OLS,525.942242689339,2527.5420176528974,50.27466576371142,525.942242689339,2527.5420176528974
3425,587207.9464016197,517571.89403586223,CE_corregida_OLS,517.6241775309097,2632.2865343553376,51.30581384556079,517.6241775309097,2632.2865343553376
3426,587208.2344583418,517571.89403586223,CE_corregida_OLS,510.89532769691147,2749.8515425462588,52.4390269031211,510.89532769691147,2749.8515425462588
3427,587208.522515064,517571.89403586223,CE_corregida_OLS,505.5539921434733,2873.1959409134483,53.60220089617075,505.5539921434733,2873.1959409134483
3428,587208.8105717861,517571.89403586223,CE_corregida_OLS,501.35092429429403,2986.8248991375876,54.651851744818195,501.35092429429403,2986.8248991375876
3429,587209.0986285083,517571.89403586223,CE_corregida_OLS,498.0790320473464,3076.9019119754316,55.46982884393489,498.0790320473464,3076.9019119754316
3430,587209.3866852304,517571.89403586223,CE_corregida_OLS,495.61440115195165,3135.6420939754935,55.996804319313554,495.61440115195165,3135.6420939754935
3431,587209.6747419527,517571.89403586223,CE_corregida_OLS,493.9174889196168,3161.0764083600334,56.22345069772962,493.9174889196168,3161.0764083600334
3432,587209.9627986748,517571.89403586223,CE_corregida_OLS,493.0133822411971,3154.7357632622716,56.167034488766376,493.0133822411971,3154.7357632622716
3433,587210.250855397,517571.89403586223,CE_corregida_OLS,492.96115310277827,3118.691516217915,55.845246138036806,492.96115310277827,3118.691516217915
3434,587210.5389121191,517571.89403586223,CE_corregida_OLS,493.81735092005073,3052.596081193602,55.25030390136874,493.81735092005073,3052.596081193602
3435,587210.8269688413,517571.89403586223,CE_corregida_OLS,495.6007648974946,2951.3654143240906,54.32647065956053,495.6007648974946,2951.3654143240906
3436,587211.1150255634,517571.89403586223,CE_corregida_OLS,498.2684223222405,2804.3832726234346,52.95642805763465,498.2684223222405,2804.3832726234346
3437,587211.4030822855,517571.89403586223,CE_corregida_OLS,501.7084357609928,2597.037332501207,50.961135510320084,501.7084357609928,2597.037332501207
3438,587211.6911390077,517571.89403586223,CE_corregida_OLS,505.74147808181345,2315.3539444969174,48.11812490628576,505.74147808181345,2315.3539444969174
3439,587211.9791957298,517571.89403586223,CE_corregida_OLS,510.10031524584934,1956.4587525381305,44.23187484764952,510.10031524584934,1956.4587525381305
3440,587212.2672524521,517571.89403586223,CE_corregida_OLS,514.3078179088551,1556.598995078399,39.45375768007908,514.3078179088551,1556.598995078399
3441,587212.5553091742,517571.89403586223,CE_corregida_OLS,517.3130142289224,1261.6143751577404,35.51921135326262,517.3130142289224,1261.6143751577404
3442,587212.8433658964,517571.89403586223,CE_corregida_OLS,517.6843235008835,1298.8812953559911,36.03999577352904,517.6843235008835,1298.8812953559911
3443,587213.1314226185,517571.89403586223,CE_corregida_OLS,515.8305527728176,1588.2684609797145,39.853085965577556,515.8305527728176,1588.2684609797145
3444,587213.4194793407,517571.89403586223,CE_corregida_OLS,513.1583049182805,1897.4703572409398,43.5599627782318,513.1583049182805,1897.4703572409398
3445,587213.7075360628,517571.89403586223,CE_corregida_OLS,510.4149708312854,2135.535634794618,46.21185599815937,510.4149708312854,2135.535634794618
3446,587213.995592785,517571.89403586223,CE_corregida_OLS,507.9919270258129,2298.529917086278,47.94298610940164,507.9919270258129,2298.529917086278
3447,587214.2836495071,517571.89403586223,CE_corregida_OLS,506.2016452589418,2418.7138567301286,49.18042147776011,506.2016452589418,2418.7138567301286
3448,587214.5717062292,517571.89403586223,CE_corregida_OLS,505.3122840883252,2541.3515747254737,50.41181979184518,505.3122840883252,2541.3515747254737
3449,587214.8597629514,517571.89403586223,CE_corregida_OLS,505.45602831507085,2702.5737877116667,51.986284611536405,505.45602831507085,2702.5737877116667
3450,587215.1478196735,517571.89403586223,CE_corregida_OLS,506.54138458741625,2911.8651272402158,53.9617005591949,506.54138458741625,2911.8651272402158
3451,587215.4358763958,517571.89403586223,CE_corregida_OLS,508.29368408185496,3154.2947668627053,56.163108593299086,508.29368408185496,3154.2947668627053
3452,587215.7239331179,517571.89403586223,CE_corregida_OLS,510.38478484090507,3407.237855938837,58.37155005598907,510.38478484090507,3407.237855938837
3453,587216.0119898401,517571.89403586223,CE_corregida_OLS,512.5305285769397,3653.372856488428,60.44313738124807,512.5305285769397,3653.372856488428
3454,587216.3000465622,517571.89403586223,CE_corregida_OLS,514.5219415348206,3884.073022337689,62.322331650361804,514.5219415348206,3884.073022337689
3455,587216.5881032844,517571.89403586223,CE_corregida_OLS,516.2211329368475,4097.490275131844,64.01164171564298,516.2211329368475,4097.490275131844
3456,587216.8761600065,517571.89403586223,CE_corregida_OLS,517.5485374418433,4295.506323370072,65.54011232344718,517.5485374418433,4295.506323370072
3457,587217.1642167286,517571.89403586223,CE_corregida_OLS,518.4706633475865,4481.264671188947,66.94224877600801,518.4706633475865,4481.264671188947
3458,587217.4522734508,517571.89403586223,CE_corregida_OLS,518.9892738238574,4657.65092842331,68.2469847570082,518.9892738238574,4657.65092842331
3459,587217.7403301729,517571.89403586223,CE_corregida_OLS,519.1313828260935,4826.611399139148,69.47381808378712,519.1313828260935,4826.611399139148
3460,587218.0283868952,517571.89403586223,CE_corregida_OLS,518.9400189268052,4989.056911374717,70.63325641208054,518.9400189268052,4989.056911374717
3461,587202.7613806209,517572.18209258444,CE_corregida_OLS,473.84718159375376,4275.228862544006,65.38523428530333,473.84718159375376,4275.228862544006
3462,587203.049437343,517572.18209258444,CE_corregida_OLS,478.49982399214997,4099.197771206481,64.02497771343994,478.49982399214997,4099.197771206481
3463,587203.3374940652,517572.18209258444,CE_corregida_OLS,484.7706931891707,3914.858551066999,62.56883050742597,484.7706931891707,3914.858551066999
3464,587203.6255507873,517572.18209258444,CE_corregida_OLS,492.87295466596623,3719.3109256630337,60.98615355687743,492.87295466596623,3719.3109256630337
3465,587203.9136075096,517572.18209258444,CE_corregida_OLS,502.92308267275405,3506.173530262091,59.21295069714134,502.92308267275405,3506.173530262091
3466,587204.2016642317,517572.18209258444,CE_corregida_OLS,514.8986988559062,3265.481101300465,57.14438818729679,514.8986988559062,3265.481101300465
3467,587204.4897209539,517572.18209258444,CE_corregida_OLS,528.6013523265286,2985.468826995263,54.639443875237816,528.6013523265286,2985.468826995263
3468,587204.777777676,517572.18209258444,CE_corregida_OLS,543.5974820713794,2657.2544638173554,51.54856412954056,543.5974820713794,2657.2544638173554
3469,587205.0658343981,517572.18209258444,CE_corregida_OLS,559.0569301777216,2284.767362000565,47.79924018225148,559.0569301777216,2284.767362000565
3470,587205.3538911203,517572.18209258444,CE_corregida_OLS,573.3199583653329,1905.8755888940723,43.65633503735823,573.3199583653329,1905.8755888940723
3471,587205.6419478424,517572.18209258444,CE_corregida_OLS,583.1778627280659,1624.676427208985,40.307275115157374,583.1778627280659,1624.676427208985
3472,587205.9300045646,517572.18209258444,CE_corregida_OLS,584.8231842425695,1573.242849452664,39.664125471925686,584.8231842425695,1573.242849452664
3473,587206.2180612867,517572.18209258444,CE_corregida_OLS,578.452009263475,1725.0824716780157,41.534112145055126,578.452009263475,1725.0824716780157
3474,587206.506118009,517572.18209258444,CE_corregida_OLS,567.8050003780755,1925.32918850206,43.878573227739075,567.8050003780755,1925.32918850206
3475,587206.7941747311,517572.18209258444,CE_corregida_OLS,555.7509847879192,2076.60048139083,45.56973207503891,555.7509847879192,2076.60048139083
3476,587207.0822314533,517572.18209258444,CE_corregida_OLS,543.7680157006153,2158.6844415227692,46.46164484306135,543.7680157006153,2158.6844415227692
3477,587207.3702881754,517572.18209258444,CE_corregida_OLS,532.7105752124799,2197.46829444438,46.8771617575593,532.7105752124799,2197.46829444438
3478,587207.6583448976,517572.18209258444,CE_corregida_OLS,523.1881444406782,2241.7379595121856,47.346995253259585,523.1881444406782,2241.7379595121856
3479,587207.9464016197,517572.18209258444,CE_corregida_OLS,515.5627270018506,2334.1108713326635,48.31263676650927,515.5627270018506,2334.1108713326635
3480,587208.2344583418,517572.18209258444,CE_corregida_OLS,509.82230447360445,2482.128870494267,49.820968181020604,509.82230447360445,2482.128870494267
3481,587208.522515064,517572.18209258444,CE_corregida_OLS,505.6474621418949,2659.4596631178024,51.569949225472406,505.6474621418949,2659.4596631178024
3482,587208.8105717861,517572.18209258444,CE_corregida_OLS,502.65019913148257,2832.081850020289,53.21730780507681,502.65019913148257,2832.081850020289
3483,587209.0986285083,517572.18209258444,CE_corregida_OLS,500.53671972871524,2976.6326785905458,54.558525260407706,500.53671972871524,2976.6326785905458
3484,587209.3866852304,517572.18209258444,CE_corregida_OLS,499.1386352379282,3082.8767899293043,55.52365973104893,499.1386352379282,3082.8767899293043
3485,587209.6747419527,517572.18209258444,CE_corregida_OLS,498.38622039755126,3149.3917745270364,56.119442036847055,498.38622039755126,3149.3917745270364
3486,587209.9627986748,517572.18209258444,CE_corregida_OLS,498.2718958756041,3178.6682644272228,56.37967953462686,498.2718958756041,3178.6682644272228
3487,587210.250855397,517572.18209258444,CE_corregida_OLS,498.8162104385402,3173.3201062069143,56.332229728698955,498.8162104385402,3173.3201062069143
3488,587210.5389121191,517572.18209258444,CE_corregida_OLS,500.0372871555819,3133.582236946997,55.97840866751213,500.0372871555819,3133.582236946997
3489,587210.8269688413,517572.18209258444,CE_corregida_OLS,501.9248612371343,3056.1588246375413,55.28253634410727,501.9248612371343,3056.1588246375413
3490,587211.1150255634,517572.18209258444,CE_corregida_OLS,504.42120223053195,2934.665073242812,54.17254907462646,504.42120223053195,2934.665073242812
3491,587211.4030822855,517572.18209258444,CE_corregida_OLS,507.4085883831037,2762.0893286171395,52.555583229730594,507.4085883831037,2762.0893286171395
3492,587211.6911390077,517572.18209258444,CE_corregida_OLS,510.69574567033106,2536.083933199436,50.35954659445849,510.69574567033106,2536.083933199436
3493,587211.9791957298,517572.18209258444,CE_corregida_OLS,513.9862967685369,2268.816194634887,47.632092066535215,513.9862967685369,2268.816194634887
3494,587212.2672524521,517572.18209258444,CE_corregida_OLS,516.814147388496,2002.859440177039,44.753317644360614,516.814147388496,2002.859440177039
3495,587212.5553091742,517572.18209258444,CE_corregida_OLS,518.5157101473482,1820.2895544473424,42.6648515109023,518.5157101473482,1820.2895544473424
3496,587212.8433658964,517572.18209258444,CE_corregida_OLS,518.5361737085376,1792.7580006101118,42.34097307112948,518.5361737085376,1792.7580006101118
3497,587213.1314226185,517572.18209258444,CE_corregida_OLS,516.9830256340225,1889.2854504968213,43.46591136162707,516.9830256340225,1889.2854504968213
3498,587213.4194793407,517572.18209258444,CE_corregida_OLS,514.4665846264342,2011.0143934231237,44.84433513191074,514.4665846264342,2011.0143934231237
3499,587213.7075360628,517572.18209258444,CE_corregida_OLS,511.5789468226229,2088.914732549716,45.70464672820167,511.5789468226229,2088.914732549716
3500,587213.995592785,517572.18209258444,CE_corregida_OLS,508.80283430385674,2109.3526711808395,45.927689591147946,508.80283430385674,2109.3526711808395
3501,587214.2836495071,517572.18209258444,CE_corregida_OLS,506.6262304985962,2106.2721008589124,45.89414015818264,506.6262304985962,2106.2721008589124
3502,587214.5717062292,517572.18209258444,CE_corregida_OLS,505.5641213275748,2145.461750589896,46.31912942392048,505.5641213275748,2145.461750589896
3503,587214.8597629514,517572.18209258444,CE_corregida_OLS,505.93729630161477,2283.3216082322147,47.78411460132138,505.93729630161477,2283.3216082322147
3504,587215.1478196735,517572.18209258444,CE_corregida_OLS,507.6012371167182,2519.935043427371,50.1989546049255,507.6012371167182,2519.935043427371
3505,587215.4358763958,517572.18209258444,CE_corregida_OLS,510.0655395679313,2809.786117034352,53.00741567964196,510.0655395679313,2809.786117034352
3506,587215.7239331179,517572.18209258444,CE_corregida_OLS,512.827318262059,3107.149502938373,55.74181108412583,512.827318262059,3107.149502938373
3507,587216.0119898401,517572.18209258444,CE_corregida_OLS,515.5222985419471,3386.5694903666545,58.194239322863,515.5222985419471,3386.5694903666545
3508,587216.3000465622,517572.18209258444,CE_corregida_OLS,517.9184706580087,3640.054033861019,60.332860315594345,517.9184706580087,3640.054033861019
3509,587216.5881032844,517572.18209258444,CE_corregida_OLS,519.8788623672378,3869.3791233706097,62.204333638184806,519.8788623672378,3869.3791233706097
3510,587216.8761600065,517572.18209258444,CE_corregida_OLS,521.3349474124375,4080.152512705823,63.876071519042426,521.3349474124375,4080.152512705823
3511,587217.1642167286,517572.18209258444,CE_corregida_OLS,522.2702223421455,4278.225104817724,65.40814249631099,522.2702223421455,4278.225104817724
3512,587217.4522734508,517572.18209258444,CE_corregida_OLS,522.7075546498412,4467.928056334326,66.84256171283627,522.7075546498412,4467.928056334326
3513,587217.7403301729,517572.18209258444,CE_corregida_OLS,522.6970236007458,4651.587994402461,68.2025512308921,522.6970236007458,4651.587994402461
3514,587218.0283868952,517572.18209258444,CE_corregida_OLS,522.3041757808393,4829.807787896908,69.4968185451457,522.3041757808393,4829.807787896908
3515,587218.3164436173,517572.18209258444,CE_corregida_OLS,521.5999481712985,5002.064656556538,70.72527593835557,521.5999481712985,5002.064656556538
3516,587203.049437343,517572.4701493066,CE_corregida_OLS,484.7269921388319,4317.952314325368,65.71112778156656,484.7269921388319,4317.952314325368
3517,587203.3374940652,517572.4701493066,CE_corregida_OLS,490.9556932985174,4142.779193154288,64.3644249034689,490.9556932985174,4142.779193154288
3518,587203.6255507873,517572.4701493066,CE_corregida_OLS,498.66273326174456,3954.147905165552,62.88201575303985,498.66273326174456,3954.147905165552
3519,587203.9136075096,517572.4701493066,CE_corregida_OLS,507.8752099645456,3747.2875924339096,61.21509284836469,507.8752099645456,3747.2875924339096
3520,587204.2016642317,517572.4701493066,CE_corregida_OLS,518.4890780894705,3516.2311885787835,59.297817738756486,518.4890780894705,3516.2311885787835
3521,587204.4897209539,517572.4701493066,CE_corregida_OLS,530.2216072307341,3255.927604427771,57.0607361013488,530.2216072307341,3255.927604427771
3522,587204.777777676,517572.4701493066,CE_corregida_OLS,542.5381993193765,2966.546602529587,54.46601327919629,542.5381993193765,2966.546602529587
3523,587205.0658343981,517572.4701493066,CE_corregida_OLS,554.5252367273617,2660.678592664805,51.581766087104896,554.5252367273617,2660.678592664805
3524,587205.3538911203,517572.4701493066,CE_corregida_OLS,564.7202494112421,2372.330356763424,48.70657406103845,564.7202494112421,2372.330356763424
3525,587205.6419478424,517572.4701493066,CE_corregida_OLS,571.1441445368699,2157.069395127747,46.44426116462342,571.1441445368699,2157.069395127747
3526,587205.9300045646,517572.4701493066,CE_corregida_OLS,572.1358706210865,2058.9012449105508,45.37511702365682,572.1358706210865,2058.9012449105508
3527,587206.2180612867,517572.4701493066,CE_corregida_OLS,567.7004776807978,2058.532375104491,45.37105217100978,567.7004776807978,2058.532375104491
3528,587206.506118009,517572.4701493066,CE_corregida_OLS,559.414260897305,2084.3560708473665,45.654748612245875,559.414260897305,2084.3560708473665
3529,587206.7941747311,517572.4701493066,CE_corregida_OLS,549.0896090228001,2073.3032439934696,45.53353977008014,549.0896090228001,2073.3032439934696
3530,587207.0822314533,517572.4701493066,CE_corregida_OLS,538.1243511180376,2004.2805402383435,44.76919186492362,538.1243511180376,2004.2805402383435
3531,587207.3702881754,517572.4701493066,CE_corregida_OLS,527.6293175868275,1906.326826308472,43.66150279489326,527.6293175868275,1906.326826308472
3532,587207.6583448976,517572.4701493066,CE_corregida_OLS,518.6587657922267,1856.5213444806086,43.08736873470703,518.6587657922267,1856.5213444806086
3533,587207.9464016197,517572.4701493066,CE_corregida_OLS,512.0172367846684,1934.416458121668,43.98200152473359,512.0172367846684,1934.416458121668
3534,587208.2344583418,517572.4701493066,CE_corregida_OLS,507.70940787783184,2138.4538729317665,46.24341977981047,507.70940787783184,2138.4538729317665
3535,587208.522515064,517572.4701493066,CE_corregida_OLS,505.0949557416112,2395.7356631940334,48.94625280033226,505.0949557416112,2395.7356631940334
3536,587208.8105717861,517572.4701493066,CE_corregida_OLS,503.5526167668701,2640.8394407107457,51.38909846174328,503.5526167668701,2640.8394407107457
3537,587209.0986285083,517572.4701493066,CE_corregida_OLS,502.717052798941,2842.472921211314,53.31484709920225,502.717052798941,2842.472921211314
3538,587209.3866852304,517572.4701493066,CE_corregida_OLS,502.41598000707046,2992.955175298016,54.707907794925006,502.41598000707046,2992.955175298016
3539,587209.6747419527,517572.4701493066,CE_corregida_OLS,502.58421423338433,3095.5735864916383,55.63787906176545,502.58421423338433,3095.5735864916383
3540,587209.9627986748,517572.4701493066,CE_corregida_OLS,503.20879301358906,3156.688088910787,56.18441144045906,503.20879301358906,3156.688088910787
3541,587210.250855397,517572.4701493066,CE_corregida_OLS,504.2945692421065,3181.407285657916,56.40396515900204,504.2945692421065,3181.407285657916
3542,587210.5389121191,517572.4701493066,CE_corregida_OLS,505.83958521163083,3171.6597569088226,56.317490683701656,505.83958521163083,3171.6597569088226
3543,587210.8269688413,517572.4701493066,CE_corregida_OLS,507.81588227548264,3126.0864120580572,55.911415757947474,507.81588227548264,3126.0864120580572
3544,587211.1150255634,517572.4701493066,CE_corregida_OLS,510.1545735587486,3041.463877920563,55.149468518931016,510.1545735587486,3041.463877920563
3545,587211.4030822855,517572.4701493066,CE_corregida_OLS,512.7337519189933,2915.5643965369586,53.99596648396025,512.7337519189933,2915.5643965369586
3546,587211.6911390077,517572.4701493066,CE_corregida_OLS,515.3658139737613,2751.5344314960325,52.455070598523,515.3658139737613,2751.5344314960325
3547,587211.9791957298,517572.4701493066,CE_corregida_OLS,517.7815307696554,2563.5758399444912,50.63176710272407,517.7815307696554,2563.5758399444912
3548,587212.2672524521,517572.4701493066,CE_corregida_OLS,519.6221877899811,2381.308973013537,48.79865749191813,519.6221877899811,2381.308973013537
3549,587212.5553091742,517572.4701493066,CE_corregida_OLS,520.4890076490126,2243.8479847179983,47.36927257957418,520.4890076490126,2243.8479847179983
3550,587212.8433658964,517572.4701493066,CE_corregida_OLS,520.1066561091171,2173.906534446538,46.62517061037459,520.1066561091171,2173.906534446538
3551,587213.1314226185,517572.4701493066,CE_corregida_OLS,518.4964798200687,2151.185222182582,46.3808712960697,518.4964798200687,2151.185222182582
3552,587213.4194793407,517572.4701493066,CE_corregida_OLS,515.9410304802125,2123.797149131735,46.08467369019482,515.9410304802125,2123.797149131735
3553,587213.7075360628,517572.4701493066,CE_corregida_OLS,512.8196536198911,2045.0894501479322,45.22266522605597,512.8196536198911,2045.0894501479322
3554,587213.995592785,517572.4701493066,CE_corregida_OLS,509.55863283823516,1900.9784456379773,43.600211532032475,509.55863283823516,1900.9784456379773
3555,587214.2836495071,517572.4701493066,CE_corregida_OLS,506.754619027677,1731.430172051814,41.6104574842889,506.754619027677,1731.430172051814
3556,587214.5717062292,517572.4701493066,CE_corregida_OLS,505.33015600010754,1649.677003885386,40.61621602125666,505.33015600010754,1649.677003885386
3557,587214.8597629514,517572.4701493066,CE_corregida_OLS,506.09223799417464,1776.5919320469152,42.149637389269614,506.09223799417464,1776.5919320469152
3558,587215.1478196735,517572.4701493066,CE_corregida_OLS,508.71626811546776,2084.800093188958,45.65961118087798,508.71626811546776,2084.800093188958
3559,587215.4358763958,517572.4701493066,CE_corregida_OLS,512.1977227167432,2454.4395219993426,49.5423003301153,512.1977227167432,2454.4395219993426
3560,587215.7239331179,517572.4701493066,CE_corregida_OLS,515.7978038375849,2808.289113177488,52.993293096178576,515.7978038375849,2808.289113177488
3561,587216.0119898401,517572.4701493066,CE_corregida_OLS,519.1166356568621,3120.628837728219,55.86258889210398,519.1166356568621,3120.628837728219
3562,587216.3000465622,517572.4701493066,CE_corregida_OLS,521.9380408347954,3391.497557239133,58.23656546568601,521.9380408347954,3391.497557239133
3563,587216.5881032844,517572.4701493066,CE_corregida_OLS,524.1452832866995,3630.692276029529,60.25522613043228,524.1452832866995,3630.692276029529
3564,587216.8761600065,517572.4701493066,CE_corregida_OLS,525.6900077560297,3849.7520060497695,62.04636980557178,525.6900077560297,3849.7520060497695
3565,587217.1642167286,517572.4701493066,CE_corregida_OLS,526.579432028594,4058.011367577526,63.70252245851436,526.579432028594,4058.011367577526
3566,587217.4522734508,517572.4701493066,CE_corregida_OLS,526.8648698309972,4261.109834556131,65.27717698059661,526.8648698309972,4261.109834556131
3567,587217.7403301729,517572.4701493066,CE_corregida_OLS,526.6271215320697,4461.138746812302,66.7917565782807,526.6271215320697,4461.138746812302
3568,587218.0283868952,517572.4701493066,CE_corregida_OLS,525.9608131456627,4657.662909438254,68.24707253383293,525.9608131456627,4657.662909438254
3569,587218.3164436173,517572.4701493066,CE_corregida_OLS,524.9612213122007,4848.927640929549,69.63424187086083,524.9612213122007,4848.927640929549
3570,587218.6045003395,517572.4701493066,CE_corregida_OLS,523.7155525665245,5032.824452081905,70.94240235629115,523.7155525665245,5032.824452081905
3571,587203.6255507873,517572.7582060287,CE_corregida_OLS,502.7452611027105,4175.14436981981,64.61535707414926,502.7452611027105,4175.14436981981
3572,587203.9136075096,517572.7582060287,CE_corregida_OLS,510.9822542574369,3980.182834400204,63.08869022574651,510.9822542574369,3980.182834400204
3573,587204.2016642317,517572.7582060287,CE_corregida_OLS,520.16917302342,3765.753769770947,61.36573775137839,520.16917302342,3765.753769770947
3574,587204.4897209539,517572.7582060287,CE_corregida_OLS,529.9785364353601,3530.8803755265412,59.421211494941275,529.9785364353601,3530.8803755265412
3575,587204.777777676,517572.7582060287,CE_corregida_OLS,539.86754087853285,3279.4002998157753,57.26604840405679,539.86754087853285,3279.4002998157753
3576,587205.0658343981,517572.7582060287,CE_corregida_OLS,549.0226356762029,3023.3818492954524,54.985287571271755,549.0226356762029,3023.3818492954524
3577,587205.3538911203,517572.7582060287,CE_corregida_OLS,556.3507345131181,2784.639793327685,52.7696863106811,556.3507345131181,2784.639793327685
3578,587205.6419478424,517572.7582060287,CE_corregida_OLS,560.6467590735599,2588.793761091107,50.88019026193895,560.6467590735599,2588.793761091107
3579,587205.9300045646,517572.7582060287,CE_corregida_OLS,561.0422949679332,2448.0118946848775,49.47738771080055,561.0422949679332,2448.0118946848775
3580,587206.2180612867,517572.7582060287,CE_corregida_OLS,557.477857451572,2344.1829133116735,48.41676273060471,557.477857451572,2344.1829133116735
3581,587206.506118009,517572.7582060287,CE_corregida_OLS,550.6812360870485,2233.8973972488225,47.264123785899415,550.6812360870485,2233.8973972488225
3582,587206.7941747311,517572.7582060287,CE_corregida_OLS,541.7055068940585,2072.2155888728444,45.52159475318109,541.7055068940585,2072.2155888728444
3583,587207.0822314533,517572.7582060287,CE_corregida_OLS,531.5831115577098,1836.135681803479,42.85015381306675,531.5831115577098,1836.135681803479
3584,587207.3702881754,517572.7582060287,CE_corregida_OLS,521.3789433907098,1551.258180375364,39.3860150354839,521.3789433907098,1551.258180375364
3585,587207.6583448976,517572.7582060287,CE_corregida_OLS,512.6314698816856,1344.0222886796446,36.66090954517693,512.6314698816856,1344.0222886796446
3586,587207.9464016197,517572.7582060287,CE_corregida_OLS,507.2025694778422,1416.2284595229346,37.6328109436823,507.2025694778422,1416.2284595229346
3587,587208.2344583418,517572.7582060287,CE_corregida_OLS,504.95659433351653,1738.6198104842701,41.696760191701586,504.95659433351653,1738.6198104842701
3588,587208.522515064,517572.7582060287,CE_corregida_OLS,504.32045234144124,2113.1012459275466,45.96848100522299,504.32045234144124,2113.1012459275466
3589,587208.8105717861,517572.7582060287,CE_corregida_OLS,504.3993891546398,2438.2682298785235,49.37882369881368,504.3993891546398,2438.2682298785235
3590,587209.0986285083,517572.7582060287,CE_corregida_OLS,504.8728077030359,2690.4631174164224,51.86967435232674,504.8728077030359,2690.4631174164224
3591,587209.3866852304,517572.7582060287,CE_corregida_OLS,505.63878216679115,2874.5946688787876,53.61524660839291,505.63878216679115,2874.5946688787876
3592,587209.6747419527,517572.7582060287,CE_corregida_OLS,506.6733947094498,3003.6694365984704,54.80574273375437,506.6733947094498,3003.6694365984704
3593,587209.9627986748,517572.7582060287,CE_corregida_OLS,507.97856198706404,3090.3213166359883,55.59065853752758,507.97856198706404,3090.3213166359883
3594,587210.250855397,517572.7582060287,CE_corregida_OLS,509.55764806251244,3143.039744489106,56.06281962663942,509.55764806251244,3143.039744489106
3595,587210.5389121191,517572.7582060287,CE_corregida_OLS,511.39982286524923,3165.214272953159,56.2602370502752,511.39982286524923,3165.214272953159
3596,587210.8269688413,517572.7582060287,CE_corregida_OLS,513.4678173165639,3156.2513977727713,56.18052507562359,513.4678173165639,3156.2513977727713
3597,587211.1150255634,517572.7582060287,CE_corregida_OLS,515.6879787803763,3113.9841100678063,55.8030833383587,515.6879787803763,3113.9841100678063
3598,587211.4030822855,517572.7582060287,CE_corregida_OLS,517.9423464287601,3037.660028199236,55.114970998806086,517.9423464287601,3037.660028199236
3599,587211.6911390077,517572.7582060287,CE_corregida_OLS,520.0626943533484,2930.984617809261,54.13856867159734,520.0626943533484,2930.984617809261
3600,587211.9791957298,517572.7582060287,CE_corregida_OLS,521.8291435173552,2804.4168736289917,52.956745308119075,521.8291435173552,2804.4168736289917
3601,587212.2672524521,517572.7582060287,CE_corregida_OLS,522.9835707028582,2674.691725688068,51.71742187781665,522.9835707028582,2674.691725688068
3602,587212.5553091742,517572.7582060287,CE_corregida_OLS,523.2754663810281,2558.389082976731,50.58052078593825,523.2754663810281,2558.389082976731
3603,587212.8433658964,517572.7582060287,CE_corregida_OLS,522.5414704024806,2459.5086989523506,49.59343403064916,522.5414704024806,2459.5086989523506
3604,587213.1314226185,517572.7582060287,CE_corregida_OLS,520.7690777333839,2360.057548335715,48.580423509225554,520.7690777333839,2360.057548335715
3605,587213.4194793407,517572.7582060287,CE_corregida_OLS,518.0849251859923,2224.31782706967,47.162674087350794,518.0849251859923,2224.31782706967
3606,587213.7075360628,517572.7582060287,CE_corregida_OLS,514.6924602652103,2013.824893145669,44.87566036445223,514.6924602652103,2013.824893145669
3607,587213.995592785,517572.7582060287,CE_corregida_OLS,510.8518185235371,1704.4758057868617,41.28529769526752,510.8518185235371,1704.4758057868617
3608,587214.2836495071,517572.7582060287,CE_corregida_OLS,507.0337319967625,1316.9234454293482,36.28943986105804,507.0337319967625,1316.9234454293482
3609,587214.5717062292,517572.7582060287,CE_corregida_OLS,504.6316895046648,1024.4181459285776,32.00653286328554,504.6316895046648,1024.4181459285776
3610,587214.8597629514,517572.7582060287,CE_corregida_OLS,506.1105784906142,1185.2594494323746,34.427597206781286,506.1105784906142,1185.2594494323746
3611,587215.1478196735,517572.7582060287,CE_corregida_OLS,510.35655434251413,1655.7363220819516,40.69074000410845,510.35655434251413,1655.7363220819516
3612,587215.4358763958,517572.7582060287,CE_corregida_OLS,515.1202796175669,2133.941176472049,46.19460116152156,515.1202796175669,2133.941176472049
3613,587215.7239331179,517572.7582060287,CE_corregida_OLS,519.6099375922395,2539.5563733624726,50.394011284700014,519.6099375922395,2539.5563733624726
3614,587216.0119898401,517572.7582060287,CE_corregida_OLS,523.5357747376895,2870.208387571259,53.574325824701326,523.5357747376895,2870.208387571259
3615,587216.3000465622,517572.7582060287,CE_corregida_OLS,526.7431484953187,3143.433994634701,56.06633566263004,526.7431484953187,3143.433994634701
3616,587216.5881032844,517572.7582060287,CE_corregida_OLS,529.1417828266004,3380.7238447689233,58.14399233600083,529.1417828266004,3380.7238447689233
3617,587216.8761600065,517572.7582060287,CE_corregida_OLS,530.701441657843,3600.883553798084,60.00736249659773,530.701441657843,3600.883553798084
3618,587217.1642167286,517572.7582060287,CE_corregida_OLS,531.4548649190915,3816.671722734344,61.77921756330638,531.4548649190915,3816.671722734344
3619,587217.4522734508,517572.7582060287,CE_corregida_OLS,531.4892437863078,4034.0293771887955,63.5140092986484,531.4892437863078,4034.0293771887955
3620,587217.7403301729,517572.7582060287,CE_corregida_OLS,530.9257944833278,4253.409660458203,65.21816971104144,530.9257944833278,4253.409660458203
3621,587218.0283868952,517572.7582060287,CE_corregida_OLS,529.8962951119287,4472.0584314481,66.87345087138917,529.8962951119287,4472.0584314481
3622,587218.3164436173,517572.7582060287,CE_corregida_OLS,528.5249588060699,4686.10362808052,68.45512126992779,528.5249588060699,4686.10362808052
3623,587218.6045003395,517572.7582060287,CE_corregida_OLS,526.9185682222133,4891.906671265237,69.94216661832286,526.9185682222133,4891.906671265237
3624,587218.8925570616,517572.7582060287,CE_corregida_OLS,525.1634576029331,5086.6851400226415,71.32100069420396,525.1634576029331,5086.6851400226415
3625,587203.9136075096,517573.04626275087,CE_corregida_OLS,512.7019636634592,4202.553949872206,64.82710814059352,512.7019636634592,4202.553949872206
3626,587204.2016642317,517573.04626275087,CE_corregida_OLS,520.5275480203214,4006.705510631786,63.29854272123321,520.5275480203214,4006.705510631786
3627,587204.4897209539,517573.04626275087,CE_corregida_OLS,528.6175547589381,3796.3325056330186,61.6143855413086,528.6175547589381,3796.3325056330186
3628,587204.777777676,517573.04626275087,CE_corregida_OLS,536.4827593184757,3575.5170574787803,59.79562741103049,536.4827593184757,3575.5170574787803
3629,587205.0658343981,517573.04626275087,CE_corregida_OLS,543.4658847333528,3352.625991014791,57.90186517733942,543.4658847333528,3352.625991014791
3630,587205.3538911203,517573.04626275087,CE_corregida_OLS,548.7853901278916,3139.189717519203,56.02847238252354,548.7853901278916,3139.189717519203
3631,587205.6419478424,517573.04626275087,CE_corregida_OLS,551.6753212361328,2944.798617817509,54.26599872680414,551.6753212361328,2944.798617817509
3632,587205.9300045646,517573.04626275087,CE_corregida_OLS,551.6148393526388,2768.5146988535844,52.61667700314782,551.6148393526388,2768.5146988535844
3633,587206.2180612867,517573.04626275087,CE_corregida_OLS,548.5196979408267,2592.3825915820285,50.91544551098447,548.5196979408267,2592.3825915820285
3634,587206.506118009,517573.04626275087,CE_corregida_OLS,542.7346470978734,2383.4480079816744,48.82056951717866,542.7346470978734,2383.4480079816744
3635,587206.7941747311,517573.04626275087,CE_corregida_OLS,534.8422905247693,2103.1243474322555,45.85983370480377,534.8422905247693,2103.1243474322555
3636,587207.0822314533,517573.04626275087,CE_corregida_OLS,525.4686218580084,1717.8918206428673,41.44745855469147,525.4686218580084,1717.8918206428673
3637,587207.3702881754,517573.04626275087,CE_corregida_OLS,515.2604488680433,1215.134143542531,34.858774269077955,515.2604488680433,1215.134143542531
3638,587207.6583448976,517573.04626275087,CE_corregida_OLS,505.5933115420714,699.3582845103739,26.445383047147832,505.5933115420714,699.3582845103739
3639,587207.9464016197,517573.04626275087,CE_corregida_OLS,501.7334798042227,808.1154690861338,28.42737182868184,501.7334798042227,808.1154690861338
3640,587208.2344583418,517573.04626275087,CE_corregida_OLS,502.5713725837752,1375.4153917978845,37.08659315437163,502.5713725837752,1375.4153917978845
3641,587208.522515064,517573.04626275087,CE_corregida_OLS,504.07114168299535,1879.117409432203,43.34878786577778,504.07114168299535,1879.117409432203
3642,587208.8105717861,517573.04626275087,CE_corregida_OLS,505.6689573155485,2262.222868708977,47.562830747433196,505.6689573155485,2262.222868708977
3643,587209.0986285083,517573.04626275087,CE_corregida_OLS,507.3140343883579,2539.0403551355107,50.38889118779566,507.3140343883579,2539.0403551355107
3644,587209.3866852304,517573.04626275087,CE_corregida_OLS,509.02479574636266,2734.7478874522467,52.29481702283933,509.02479574636266,2734.7478874522467
3645,587209.6747419527,517573.04626275087,CE_corregida_OLS,510.8266364625005,2874.3046190653067,53.61254162101725,510.8266364625005,2874.3046190653067
3646,587209.9627986748,517573.04626275087,CE_corregida_OLS,512.7374899687711,2977.242518766209,54.56411383653371,512.7374899687711,2977.242518766209
3647,587210.250855397,517573.04626275087,CE_corregida_OLS,514.761274599008,3054.8213783560504,55.27043855765983,514.761274599008,3054.8213783560504
3648,587210.5389121191,517573.04626275087,CE_corregida_OLS,516.8818822024398,3110.1619197510054,55.768825698153314,516.8818822024398,3110.1619197510054
3649,587210.8269688413,517573.04626275087,CE_corregida_OLS,519.0569289100408,3141.049266801728,56.0450646069904,519.0569289100408,3141.049266801728
3650,587211.1150255634,517573.04626275087,CE_corregida_OLS,521.212416159821,3143.76523771903,56.06928961311201,521.212416159821,3143.76523771903
3651,587211.4030822855,517573.04626275087,CE_corregida_OLS,523.2395986071572,3116.368960798216,55.82444769810281,523.2395986071572,3116.368960798216
3652,587211.6911390077,517573.04626275087,CE_corregida_OLS,524.9953219070817,3060.6852506016326,55.323460218985154,524.9953219070817,3060.6852506016326
3653,587211.9791957298,517573.04626275087,CE_corregida_OLS,526.3083251193221,2982.6336170760896,54.61349299464455,526.3083251193221,2982.6336170760896
3654,587212.2672524521,517573.04626275087,CE_corregida_OLS,526.996195322234,2890.2649275629437,53.76118420908289,526.996195322234,2890.2649275629437
3655,587212.5553091742,517573.04626275087,CE_corregida_OLS,526.8967066984637,2788.978573508365,52.81078084547099,526.8967066984637,2788.978573508365
3656,587212.8433658964,517573.04626275087,CE_corregida_OLS,525.9069640229905,2675.1603318593006,51.721952127305684,525.9069640229905,2675.1603318593006
3657,587213.1314226185,517573.04626275087,CE_corregida_OLS,524.008570933918,2532.0590258948214,50.319569015392226,524.008570933918,2532.0590258948214
3658,587213.4194793407,517573.04626275087,CE_corregida_OLS,521.2590988379218,2331.1623900365585,48.28211252665482,521.2590988379218,2331.1623900365585
3659,587213.7075360628,517573.04626275087,CE_corregida_OLS,517.7562040201339,2037.7569265668021,45.14152109274567,517.7562040201339,2037.7569265668021
3660,587213.995592785,517573.04626275087,CE_corregida_OLS,513.6002964997244,1616.5318152609243,40.20611663989603,513.6002964997244,1616.5318152609243
3661,587214.2836495071,517573.04626275087,CE_corregida_OLS,508.8814098414473,1035.9409225164854,32.18603614172589,508.8814098414473,1035.9409225164854
3662,587214.5717062292,517573.04626275087,CE_corregida_OLS,503.92177152758126,305.8753759113875,17.489293179296514,503.92177152758126,305.8753759113875
3663,587214.8597629514,517573.04626275087,CE_corregida_OLS,507.3057529189043,680.0088586349831,26.076979476829425,507.3057529189043,680.0088586349831
3664,587215.1478196735,517573.04626275087,CE_corregida_OLS,513.6338968103396,1378.3348972085562,37.12593294731536,513.6338968103396,1378.3348972085562
3665,587215.4358763958,517573.04626275087,CE_corregida_OLS,519.4403118448492,1921.740492347171,43.83766066234797,519.4403118448492,1921.740492347171
3666,587215.7239331179,517573.04626275087,CE_corregida_OLS,524.5941174150441,2333.7113821349703,48.308502172339914,524.5941174150441,2333.7113821349703
3667,587216.0119898401,517573.04626275087,CE_corregida_OLS,528.9796048615159,2646.9905279854024,51.448911825085304,528.9796048615159,2646.9905279854024
3668,587216.3000465622,517573.04626275087,CE_corregida_OLS,532.4723553283037,2896.231766190972,53.816649525876024,532.4723553283037,2896.231766190972
3669,587216.5881032844,517573.04626275087,CE_corregida_OLS,534.9712260269022,3114.1264270055867,55.80435849470529,534.9712260269022,3114.1264270055867
3670,587216.8761600065,517573.04626275087,CE_corregida_OLS,536.4402124172323,3326.4128130264876,57.675062314890376,536.4402124172323,3326.4128130264876
3671,587217.1642167286,517573.04626275087,CE_corregida_OLS,536.9333535552881,3547.993531950326,59.56503615335364,536.9333535552881,3547.993531950326
3672,587217.4522734508,517573.04626275087,CE_corregida_OLS,536.5845759425235,3782.74813633131,61.50404975553488,536.5845759425235,3782.74813633131
3673,587217.7403301729,517573.04626275087,CE_corregida_OLS,535.5705141363256,4026.8996933374615,63.45785761698437,535.5705141363256,4026.8996933374615
3674,587218.0283868952,517573.04626275087,CE_corregida_OLS,534.0707758052066,4273.408098737421,65.37130944640333,534.0707758052066,4273.408098737421
3675,587218.3164436173,517573.04626275087,CE_corregida_OLS,532.2425812751544,4515.207374523264,67.1952928003388,532.2425812751544,4515.207374523264
3676,587218.6045003395,517573.04626275087,CE_corregida_OLS,530.211447278001,4746.756147783629,68.89670636382866,530.211447278001,4746.756147783629
3677,587218.8925570616,517573.04626275087,CE_corregida_OLS,528.0719851491182,4964.388421145583,70.45841625487748,528.0719851491182,4964.388421145583
3678,587219.1806137838,517573.04626275087,CE_corregida_OLS,525.8929166865439,5166.086306841867,71.87549169808764,525.8929166865439,5166.086306841867
3679,587219.4686705059,517573.04626275087,CE_corregida_OLS,523.7228562582178,5351.078501204699,73.15106630258167,523.7228562582178,5351.078501204699
3680,587204.2016642317,517573.334319473,CE_corregida_OLS,520.0415185712795,4234.019477369639,65.06934360641453,520.0415185712795,4234.019477369639
3681,587204.4897209539,517573.334319473,CE_corregida_OLS,526.676285042323,4044.7370087962026,63.598246900336825,526.676285042323,4044.7370087962026
3682,587204.777777676,517573.334319473,CE_corregida_OLS,532.9281087222473,3847.1767767116144,62.0256138761368,532.9281087222473,3847.1767767116144
3683,587205.0658343981,517573.334319473,CE_corregida_OLS,538.288314561651,3645.974182482646,60.381902772955456,538.288314561651,3645.974182482646
3684,587205.3538911203,517573.334319473,CE_corregida_OLS,542.2007674311286,3445.899354842283,58.7017832339213,542.2007674311286,3445.899354842283
3685,587205.6419478424,517573.334319473,CE_corregida_OLS,544.1570275126853,3248.4401120150847,56.99508849028208,544.1570275126853,3248.4401120150847
3686,587205.9300045646,517573.334319473,CE_corregida_OLS,543.8176159000583,3047.4443010275986,55.20366202551782,543.8176159000583,3047.4443010275986
3687,587206.2180612867,517573.334319473,CE_corregida_OLS,541.100202025558,2826.313801753908,53.163086834324325,541.100202025558,2826.313801753908
3688,587206.506118009,517573.334319473,CE_corregida_OLS,536.1772271135887,2558.912321211829,50.585692850961614,536.1772271135887,2558.912321211829
3689,587206.7941747311,517573.334319473,CE_corregida_OLS,529.387756720237,2213.6245663483983,47.04917179237482,529.387756720237,2213.6245663483983
3690,587207.0822314533,517573.334319473,CE_corregida_OLS,521.1269957889508,1758.057501448286,41.92919628908103,521.1269957889508,1758.057501448286
3691,587207.3702881754,517573.334319473,CE_corregida_OLS,511.782652084607,1164.0376418568917,34.11799586518663,511.782652084607,1164.0376418568917
3692,587207.6583448976,517573.334319473,CE_corregida_OLS,501.96915617057493,443.8588190250345,21.067957163071945,501.96915617057493,443.8588190250345
3693,587207.9464016197,517573.334319473,CE_corregida_OLS,499.65541332116027,591.4123998204086,24.318972014055376,499.65541332116027,591.4123998204086
3694,587208.2344583418,517573.334319473,CE_corregida_OLS,502.4867144458849,1264.255014801166,35.55636391423012,502.4867144458849,1264.255014801166
3695,587208.522515064,517573.334319473,CE_corregida_OLS,505.2249468008102,1779.2046205159018,42.18061901532387,505.2249468008102,1779.2046205159018
3696,587208.8105717861,517573.334319473,CE_corregida_OLS,507.81234796044214,2146.9672323138125,46.33537776163924,507.81234796044214,2146.9672323138125
3697,587209.0986285083,517573.334319473,CE_corregida_OLS,510.3067670303036,2399.822625147812,48.98798449770935,510.3067670303036,2399.822625147812
3698,587209.3866852304,517573.334319473,CE_corregida_OLS,512.7558589080616,2573.519109846817,50.729864082676364,512.7558589080616,2573.519109846817
3699,587209.6747419527,517573.334319473,CE_corregida_OLS,515.1888114772743,2701.8359530935427,51.979187691743924,515.1888114772743,2701.8359530935427
3700,587209.9627986748,517573.334319473,CE_corregida_OLS,517.6173892637926,2810.0761336115033,53.010151231735826,517.6173892637926,2810.0761336115033
3701,587210.250855397,517573.334319473,CE_corregida_OLS,520.0365529746517,2910.182006043019,53.946102788273954,520.0365529746517,2910.182006043019
3702,587210.5389121191,517573.334319473,CE_corregida_OLS,522.4221503871738,3001.4336751017663,54.78534179049873,522.4221503871738,3001.4336751017663
3703,587210.8269688413,517573.334319473,CE_corregida_OLS,524.726745365791,3076.1898513742435,55.46341002295336,524.726745365791,3076.1898513742435
3704,587211.1150255634,517573.334319473,CE_corregida_OLS,526.876659553263,3126.286977255757,55.91320932709691,526.876659553263,3126.286977255757
3705,587211.4030822855,517573.334319473,CE_corregida_OLS,528.7725176985313,3146.887496133767,56.09712556035083,528.7725176985313,3146.887496133767
3706,587211.6911390077,517573.334319473,CE_corregida_OLS,530.2941492581324,3137.450407967384,56.01294857412332,530.2941492581324,3137.450407967384
3707,587211.9791957298,517573.334319473,CE_corregida_OLS,531.3104379478887,3100.6541039468134,55.683517345322336,531.3104379478887,3100.6541039468134
3708,587212.2672524521,517573.334319473,CE_corregida_OLS,531.6949013025421,3039.8717194807223,55.13503169021237,531.6949013025421,3039.8717194807223
3709,587212.5553091742,517573.334319473,CE_corregida_OLS,531.3462683619523,2955.6467486199776,54.36586013869345,531.3462683619523,2955.6467486199776
3710,587212.8433658964,517573.334319473,CE_corregida_OLS,530.2089642620016,2842.170030148109,53.31200643521222,530.2089642620016,2842.170030148109
3711,587213.1314226185,517573.334319473,CE_corregida_OLS,528.2844899420215,2685.4101051893394,51.82094272771714,528.2844899420215,2685.4101051893394
3712,587213.4194793407,517573.334319473,CE_corregida_OLS,525.6278993417004,2464.1162801679147,49.639865835514854,525.6278993417004,2464.1162801679147
3713,587213.7075360628,517573.334319473,CE_corregida_OLS,522.3353742193257,2153.5798591764483,46.406679036281496,522.3353742193257,2153.5798591764483
3714,587213.995592785,517573.334319473,CE_corregida_OLS,518.5464802443149,1732.4286324610873,41.62245346518015,518.5464802443149,1732.4286324610873
3715,587214.2836495071,517573.334319473,CE_corregida_OLS,514.5489320531718,1202.8710170284696,34.68243095615516,514.5489320531718,1202.8710170284696
3716,587214.5717062292,517573.334319473,CE_corregida_OLS,511.65662515312005,723.5250455960166,26.898420875508968,511.65662515312005,723.5250455960166
3717,587214.8597629514,517573.334319473,CE_corregida_OLS,514.1048119314895,897.8764201796314,29.964586100589333,514.1048119314895,897.8764201796314
3718,587215.1478196735,517573.334319473,CE_corregida_OLS,519.7484648130849,1417.5000045402526,37.6497012543294,519.7484648130849,1417.5000045402526
3719,587215.4358763958,517573.334319473,CE_corregida_OLS,525.555405573858,1867.7508043352832,43.2174826237633,525.555405573858,1867.7508043352832
3720,587215.7239331179,517573.334319473,CE_corregida_OLS,530.9074898429956,2204.815341227155,46.955461250286476,530.9074898429956,2204.815341227155
3721,587216.0119898401,517573.334319473,CE_corregida_OLS,535.5327661329637,2450.056727522364,49.49804771425196,535.5327661329637,2450.056727522364
3722,587216.3000465622,517573.334319473,CE_corregida_OLS,539.1951390587403,2641.0212016131172,51.39086690855795,539.1951390587403,2641.0212016131172
3723,587216.5881032844,517573.334319473,CE_corregida_OLS,541.6962552764503,2818.39058320061,53.08851649086279,541.6962552764503,2818.39058320061
3724,587216.8761600065,517573.334319473,CE_corregida_OLS,542.9467037308543,3014.347708914125,54.90307558702085,542.9467037308543,3014.347708914125
3725,587217.1642167286,517573.334319473,CE_corregida_OLS,543.0176811524651,3243.634211192288,56.95291222749095,543.0176811524651,3243.634211192288
3726,587217.4522734508,517573.334319473,CE_corregida_OLS,542.1149116604839,3503.5738549144203,59.19099471131078,542.1149116604839,3503.5738549144203
3727,587217.7403301729,517573.334319473,CE_corregida_OLS,540.4975947355985,3781.775911639021,61.49614550229161,540.4975947355985,3781.775911639021
3728,587218.0283868952,517573.334319473,CE_corregida_OLS,538.4070693261564,4064.276102074475,63.75167528837556,538.4070693261564,4064.276102074475
3729,587218.3164436173,517573.334319473,CE_corregida_OLS,536.0347603210608,4339.892866466688,65.87786325061468,536.0347603210608,4339.892866466688
3730,587218.6045003395,517573.334319473,CE_corregida_OLS,533.5196228145091,4601.245007006195,67.8324775237216,533.5196228145091,4601.245007006195
3731,587218.8925570616,517573.334319473,CE_corregida_OLS,530.9576488737257,4844.209208252881,69.60035350666605,530.9576488737257,4844.209208252881
3732,587219.1806137838,517573.334319473,CE_corregida_OLS,528.413172853091,5067.002036610824,71.18287741171204,528.413172853091,5067.002036610824
3733,587204.4897209539,517573.6223761952,CE_corregida_OLS,524.5111800068049,4273.471240608724,65.37179239250462,524.5111800068049,4273.471240608724
3734,587204.777777676,517573.6223761952,CE_corregida_OLS,529.5112657131311,4093.654210842893,63.981670897553876,529.5112657131311,4093.654210842893
3735,587205.0658343981,517573.6223761952,CE_corregida_OLS,533.6794826011334,3907.6904544700446,62.51152257360274,533.6794826011334,3907.6904544700446
3736,587205.3538911203,517573.6223761952,CE_corregida_OLS,536.6186215035177,3716.501398581223,60.96311506625316,536.6186215035177,3716.501398581223
3737,587205.6419478424,517573.6223761952,CE_corregida_OLS,537.9825142543342,3517.9790044536308,59.31255351486421,537.9825142543342,3517.9790044536308
3738,587205.9300045646,517573.6223761952,CE_corregida_OLS,537.544726141885,3304.8605122712047,57.48791622829275,537.544726141885,3304.8605122712047
3739,587206.2180612867,517573.6223761952,CE_corregida_OLS,535.246538619889,3063.7734376744,55.351363467166735,535.246538619889,3063.7734376744
3740,587206.506118009,517573.6223761952,CE_corregida_OLS,531.2033794992481,2776.5469429778373,52.69294965152204,531.2033794992481,2776.5469429778373
3741,587206.7941747311,517573.6223761952,CE_corregida_OLS,525.6778136989967,2424.3688744346923,49.23788048276136,525.6778136989967,2424.3688744346923
3742,587207.0822314533,517573.6223761952,CE_corregida_OLS,519.0665781241428,1996.6638822700509,44.684045052681284,519.0665781241428,1996.6638822700509
3743,587207.3702881754,517573.6223761952,CE_corregida_OLS,512.0224125854664,1516.098602458921,38.937110864301694,512.0224125854664,1516.098602458921
3744,587207.6583448976,517573.6223761952,CE_corregida_OLS,506.0700219325846,1125.246579592879,33.54469525264582,506.0700219325846,1125.246579592879
3745,587207.9464016197,517573.6223761952,CE_corregida_OLS,503.9926430444008,1139.9786244353015,33.763569485990395,503.9926430444008,1139.9786244353015
3746,587208.2344583418,517573.6223761952,CE_corregida_OLS,505.446201455154,1480.6230265526842,38.478864673385104,505.446201455154,1480.6230265526842
3747,587208.522515064,517573.6223761952,CE_corregida_OLS,508.0751389708779,1832.9946025874904,42.813486223239174,508.0751389708779,1832.9946025874904
3748,587208.8105717861,517573.6223761952,CE_corregida_OLS,510.9891702632536,2095.986735645609,45.78194770480619,510.9891702632536,2095.986735645609
3749,587209.0986285083,517573.6223761952,CE_corregida_OLS,513.9597945356948,2268.155505315495,47.62515622352849,513.9597945356948,2268.155505315495
3750,587209.3866852304,517573.6223761952,CE_corregida_OLS,516.9214624227646,2380.242579130839,48.78772980095343,516.9214624227646,2380.242579130839
3751,587209.6747419527,517573.6223761952,CE_corregida_OLS,519.8447523804532,2472.2631538443716,49.72185790821147,519.8447523804532,2472.2631538443716
3752,587209.9627986748,517573.6223761952,CE_corregida_OLS,522.7051899548378,2575.746435998891,50.75181214497558,522.7051899548378,2575.746435998891
3753,587210.250855397,517573.6223761952,CE_corregida_OLS,525.4754925061985,2700.3401896597375,51.964797600488524,525.4754925061985,2700.3401896597375
3754,587210.5389121191,517573.6223761952,CE_corregida_OLS,528.1188650099757,2834.9418323377085,53.244171815680524,528.1188650099757,2834.9418323377085
3755,587210.8269688413,517573.6223761952,CE_corregida_OLS,530.5807928179483,2960.5405457622273,54.41084952251919,530.5807928179483,2960.5405457622273
3756,587211.1150255634,517573.6223761952,CE_corregida_OLS,532.7852017563969,3061.5608284686296,55.33137291328157,532.7852017563969,3061.5608284686296
3757,587211.4030822855,517573.6223761952,CE_corregida_OLS,534.6377040738546,3129.8271058814307,55.94485772509776,534.6377040738546,3129.8271058814307
3758,587211.6911390077,517573.6223761952,CE_corregida_OLS,536.034459884092,3163.4947065762353,56.24495272089963,536.034459884092,3163.4947065762353
3759,587211.9791957298,517573.6223761952,CE_corregida_OLS,536.8745290916963,3164.171620873949,56.250969954961214,536.8745290916963,3164.171620873949
3760,587212.2672524521,517573.6223761952,CE_corregida_OLS,537.0740891416289,3133.778702053328,55.98016346933374,537.0740891416289,3133.778702053328
3761,587212.5553091742,517573.6223761952,CE_corregida_OLS,536.5807319982913,3071.7416881403237,55.42329553662723,536.5807319982913,3071.7416881403237
3762,587212.8433658964,517573.6223761952,CE_corregida_OLS,535.3852895069466,2973.0451910234283,54.52563792403926,535.3852895069466,2973.0451910234283
3763,587213.1314226185,517573.6223761952,CE_corregida_OLS,533.5289116945911,2827.8644537521272,53.17766875063373,533.5289116945911,2827.8644537521272
3764,587213.4194793407,517573.6223761952,CE_corregida_OLS,531.106894170541,2623.493558907661,51.220050360260885,531.106894170541,2623.493558907661
3765,587213.7075360628,517573.6223761952,CE_corregida_OLS,528.2800477226659,2349.5034289743876,48.471676564509174,528.2800477226659,2349.5034289743876
3766,587213.995592785,517573.6223761952,CE_corregida_OLS,525.3241936794193,2009.1967139346457,44.82406400511499,525.3241936794193,2009.1967139346457
3767,587214.2836495071,517573.6223761952,CE_corregida_OLS,522.7931296683676,1647.3528213672648,40.587594426958404,522.7931296683676,1647.3528213672648
3768,587214.5717062292,517573.6223761952,CE_corregida_OLS,521.8367530275291,1400.721195864356,37.42621001202708,521.8367530275291,1400.721195864356
3769,587214.8597629514,517573.6223761952,CE_corregida_OLS,523.7301956150261,1434.895108775188,37.880009355531946,523.7301956150261,1434.895108775188
3770,587215.1478196735,517573.6223761952,CE_corregida_OLS,527.9723028076817,1674.6893660714284,40.92296868595225,527.9723028076817,1674.6893660714284
3771,587215.4358763958,517573.6223761952,CE_corregida_OLS,533.1431977734276,1934.8902675560685,43.98738759640164,533.1431977734276,1934.8902675560685
3772,587215.7239331179,517573.6223761952,CE_corregida_OLS,538.3585515984221,2132.3871242384116,46.17777738521433,538.3585515984221,2132.3871242384116
3773,587216.0119898401,517573.6223761952,CE_corregida_OLS,543.0870257353857,2262.134160154968,47.56189819755902,543.0870257353857,2262.134160154968
3774,587216.3000465622,517573.6223761952,CE_corregida_OLS,546.8774647538532,2358.493712107578,48.5643255086239,546.8774647538532,2358.493712107578
3775,587216.5881032844,517573.6223761952,CE_corregida_OLS,549.3268721251351,2472.8766145985605,49.72802644986588,549.3268721251351,2472.8766145985605
3776,587216.8761600065,517573.6223761952,CE_corregida_OLS,550.2197653175255,2647.8924969021323,51.457676753834626,550.2197653175255,2647.8924969021323
3777,587217.1642167286,517573.6223761952,CE_corregida_OLS,549.656650683586,2894.90608104158,53.80433143383142,549.656650683586,2894.90608104158
3778,587217.4522734508,517573.6223761952,CE_corregida_OLS,547.9802840968177,3195.7995258318083,56.53140300604442,547.9802840968177,3195.7995258318083
3779,587217.7403301729,517573.6223761952,CE_corregida_OLS,545.5819336962383,3522.41805021853,59.34996251235994,545.5819336962383,3522.41805021853
3780,587218.0283868952,517573.6223761952,CE_corregida_OLS,542.7776261029088,3851.175796559531,62.05784234534368,542.7776261029088,3851.175796559531
3781,587218.3164436173,517573.6223761952,CE_corregida_OLS,539.7848149105446,4166.9081052834135,64.55159258518269,539.7848149105446,4166.9081052834135
3782,587218.6045003395,517573.6223761952,CE_corregida_OLS,536.742494984395,4461.443411931167,66.79403724832903,536.742494984395,4461.443411931167
3783,587218.8925570616,517573.6223761952,CE_corregida_OLS,533.736443145665,4731.237509922763,68.78399166901237,533.736443145665,4731.237509922763
3784,587219.1806137838,517573.6223761952,CE_corregida_OLS,530.8183227861718,4975.506821890645,70.53727257195763,530.8183227861718,4975.506821890645
3785,587204.777777676,517573.91043291736,CE_corregida_OLS,526.3922791406161,4317.207234697966,65.70545818041273,526.3922791406161,4317.207234697966
3786,587205.0658343981,517573.91043291736,CE_corregida_OLS,529.7004790203478,4143.454437720583,64.36967016942516,529.7004790203478,4143.454437720583
3787,587205.3538911203,517573.91043291736,CE_corregida_OLS,531.9851404936956,3960.589075315823,62.93321122679045,531.9851404936956,3960.589075315823
3788,587205.6419478424,517573.91043291736,CE_corregida_OLS,533.0100083764054,3765.449201361708,61.36325611766139,533.0100083764054,3765.449201361708
3789,587205.9300045646,517573.91043291736,CE_corregida_OLS,532.628928115601,3551.8044776533056,59.5970173553451,532.628928115601,3551.8044776533056
3790,587206.2180612867,517573.91043291736,CE_corregida_OLS,530.8176540753286,3310.55037861264,57.53738244491697,530.8176540753286,3310.55037861264
3791,587206.506118009,517573.91043291736,CE_corregida_OLS,527.6883188482973,3031.7527189795683,55.061354133181,527.6883188482973,3031.7527189795683
3792,587206.7941747311,517573.91043291736,CE_corregida_OLS,523.4959816426093,2709.5790894976,52.05361744871916,523.4959816426093,2709.5790894976
3793,587207.0822314533,517573.91043291736,CE_corregida_OLS,518.6682855657893,2352.2953618910797,48.50046764610708,518.6682855657893,2352.2953618910797
3794,587207.3702881754,517573.91043291736,CE_corregida_OLS,513.9044574939562,2001.1677581273702,44.734413577550896,513.9044574939562,2001.1677581273702
3795,587207.6583448976,517573.91043291736,CE_corregida_OLS,510.29527629478247,1750.4847721083415,41.83879506042617,510.29527629478247,1750.4847721083415
3796,587207.9464016197,517573.91043291736,CE_corregida_OLS,508.930864085592,1699.0748820771194,41.21983602681019,508.930864085592,1699.0748820771194
3797,587208.2344583418,517573.91043291736,CE_corregida_OLS,509.8162401993762,1814.6636051165963,42.598868589630364,509.8162401993762,1814.6636051165963
3798,587208.522515064,517573.91043291736,CE_corregida_OLS,512.0740323423576,1969.786367086409,44.38227537076495,512.0740323423576,1969.786367086409
3799,587208.8105717861,517573.91043291736,CE_corregida_OLS,514.986937973484,2079.5082194235106,45.601625184016314,514.986937973484,2079.5082194235106
3800,587209.0986285083,517573.91043291736,CE_corregida_OLS,518.1888326006684,2125.297276935006,46.10094659478269,518.1888326006684,2125.297276935006
3801,587209.3866852304,517573.91043291736,CE_corregida_OLS,521.4985003879268,2135.171639824895,46.20791750149421,521.4985003879268,2135.171639824895
3802,587209.6747419527,517573.91043291736,CE_corregida_OLS,524.806232381324,2163.285323108385,46.51113117425102,524.806232381324,2163.285323108385
3803,587209.9627986748,517573.91043291736,CE_corregida_OLS,528.0331724661817,2256.1718607884013,47.49917747486162,528.0331724661817,2256.1718607884013
3804,587210.250855397,517573.91043291736,CE_corregida_OLS,531.1227927006591,2417.2209577171875,49.16524135725551,531.1227927006591,2417.2209577171875
3805,587210.5389121191,517573.91043291736,CE_corregida_OLS,534.0260524517997,2611.33791411548,51.10125159049903,534.0260524517997,2611.33791411548
3806,587210.8269688413,517573.91043291736,CE_corregida_OLS,536.680199471823,2798.8014506339473,52.90369978209414,536.680199471823,2798.8014506339473
3807,587211.1150255634,517573.91043291736,CE_corregida_OLS,539.0012176541329,2954.831045415199,54.358357640892706,539.0012176541329,2954.831045415199
3808,587211.4030822855,517573.91043291736,CE_corregida_OLS,540.8912415444311,3069.8198654459034,55.40595514424332,540.8912415444311,3069.8198654459034
3809,587211.6911390077,517573.91043291736,CE_corregida_OLS,542.2529169604297,3143.3551036173885,56.06563210753437,542.2529169604297,3143.3551036173885
3810,587211.9791957298,517573.91043291736,CE_corregida_OLS,543.0052522979468,3178.6597750007345,56.379604246577806,543.0052522979468,3178.6597750007345
3811,587212.2672524521,517573.91043291736,CE_corregida_OLS,543.0978052173043,3178.7073443942168,56.380026112039154,543.0978052173043,3178.7073443942168
3812,587212.5553091742,517573.91043291736,CE_corregida_OLS,542.5212358492829,3143.9102784141137,56.07058300405047,542.5212358492829,3143.9102784141137
3813,587212.8433658964,517573.91043291736,CE_corregida_OLS,541.3137143821921,3071.295552780227,55.419270590474454,541.3137143821921,3071.295552780227
3814,587213.1314226185,517573.91043291736,CE_corregida_OLS,539.5647948989877,2955.2883440180153,54.362563810199525,539.5647948989877,2955.2883440180153
3815,587213.4194793407,517573.91043291736,CE_corregida_OLS,537.421445092365,2790.4327546928084,52.8245468952911,537.421445092365,2790.4327546928084
3816,587213.7075360628,517573.91043291736,CE_corregida_OLS,535.1053528637481,2576.7411520265255,50.761611007005335,535.1053528637481,2576.7411520265255
3817,587213.995592785,517573.91043291736,CE_corregida_OLS,532.9547070440998,2328.8817557310217,48.25848894993524,532.9547070440998,2328.8817557310217
3818,587214.2836495071,517573.91043291736,CE_corregida_OLS,531.4899811240416,2088.7175586505214,45.70248963295678,531.4899811240416,2088.7175586505214
3819,587214.5717062292,517573.91043291736,CE_corregida_OLS,531.4026960811445,1926.6438647710725,43.89355151694919,531.4026960811445,1926.6438647710725
3820,587214.8597629514,517573.91043291736,CE_corregida_OLS,533.2064078738895,1894.680849230895,43.527931828090516,533.2064078738895,1894.680849230895
3821,587215.1478196735,517573.91043291736,CE_corregida_OLS,536.7478186133235,1961.2325855407007,44.285805689190084,536.7478186133235,1961.2325855407007
3822,587215.4358763958,517573.91043291736,CE_corregida_OLS,541.3809248326228,2042.8524797200982,45.1979256130201,541.3809248326228,2042.8524797200982
3823,587215.7239331179,517573.91043291736,CE_corregida_OLS,546.4385037738082,2079.470996495296,45.60121705059302,546.4385037738082,2079.470996495296
3824,587216.0119898401,517573.91043291736,CE_corregida_OLS,551.3209562653158,2060.343053607286,45.39100190133818,551.3209562653158,2060.343053607286
3825,587216.3000465622,517573.91043291736,CE_corregida_OLS,555.3658924487619,2024.4531333892771,44.99392329403246,555.3658924487619,2024.4531333892771
3826,587216.5881032844,517573.91043291736,CE_corregida_OLS,557.823882915254,2050.1540654480827,45.2786270269769,557.823882915254,2050.1540654480827
3827,587216.8761600065,517573.91043291736,CE_corregida_OLS,558.2056491335252,2207.692335235354,46.98608661333006,558.2056491335252,2207.692335235354
3828,587217.1642167286,517573.91043291736,CE_corregida_OLS,556.7063060321592,2498.20474504557,49.98204422635763,556.7063060321592,2498.20474504557
3829,587217.4522734508,517573.91043291736,CE_corregida_OLS,553.97489928244,2867.5911297664393,53.549893835249,553.97489928244,2867.5911297664393
3830,587217.7403301729,517573.91043291736,CE_corregida_OLS,550.6098086123692,3261.543107235575,57.10992126798613,550.6098086123692,3261.543107235575
3831,587218.0283868952,517573.91043291736,CE_corregida_OLS,546.9924258008695,3646.7576251775904,60.38838982103754,546.9924258008695,3646.7576251775904
3832,587218.3164436173,517573.91043291736,CE_corregida_OLS,543.3360372758619,4006.994548167723,63.300825809524184,543.3360372758619,4006.994548167723
3833,587218.6045003395,517573.91043291736,CE_corregida_OLS,539.7552217617817,4335.844671108124,65.8471310772772,539.7552217617817,4335.844671108124
3834,587218.8925570616,517573.91043291736,CE_corregida_OLS,536.3102475841694,4631.967266661143,68.05855762989063,536.3102475841694,4631.967266661143
3835,587205.0658343981,517574.1984896395,CE_corregida_OLS,526.3410501759089,4358.1824352050635,66.01653152964842,526.3410501759089,4358.1824352050635
3836,587205.3538911203,517574.1984896395,CE_corregida_OLS,528.205272105497,4184.630902176557,64.6887231453563,528.205272105497,4184.630902176557
3837,587205.6419478424,517574.1984896395,CE_corregida_OLS,529.0746306170399,3997.2479341154503,63.22379246862253,529.0746306170399,3997.2479341154503
3838,587205.9300045646,517574.1984896395,CE_corregida_OLS,528.8624756469051,3791.6107567159675,61.576056683714064,528.8624756469051,3791.6107567159675
3839,587206.2180612867,517574.1984896395,CE_corregida_OLS,527.5774330196205,3562.578072866551,59.68733595048912,527.5774330196205,3562.578072866551
3840,587206.506118009,517574.1984896395,CE_corregida_OLS,525.3399358297398,3306.4649679209065,57.50186925588512,525.3399358297398,3306.4649679209065
3841,587206.7941747311,517574.1984896395,CE_corregida_OLS,522.3965052364003,3025.179635340621,55.00163302430775,522.3965052364003,3025.179635340621
3842,587207.0822314533,517574.1984896395,CE_corregida_OLS,519.140747693751,2732.5898126482093,52.27417921544258,519.140747693751,2732.5898126482093
3843,587207.3702881754,517574.1984896395,CE_corregida_OLS,516.1344491710596,2461.053474697862,49.609005983771354,516.1344491710596,2461.053474697862
3844,587207.6583448976,517574.1984896395,CE_corregida_OLS,514.0561847833426,2257.788022327684,47.516186950634875,514.0561847833426,2257.788022327684
3845,587207.9464016197,517574.1984896395,CE_corregida_OLS,513.4466790396978,2154.485003253902,46.41643031571797,513.4466790396978,2154.485003253902
3846,587208.2344583418,517574.1984896395,CE_corregida_OLS,514.3806763747672,2129.2301136077335,46.143581499572974,514.3806763747672,2129.2301136077335
3847,587208.522515064,517574.1984896395,CE_corregida_OLS,516.5143210587001,2118.888119098759,46.031381894298576,516.5143210587001,2118.888119098759
3848,587208.8105717861,517574.1984896395,CE_corregida_OLS,519.4221310379643,2067.5894166630897,45.47075342088681,519.4221310379643,2067.5894166630897
3849,587209.0986285083,517574.1984896395,CE_corregida_OLS,522.7825278915291,1956.9771598873253,44.237734570017544,522.7825278915291,1956.9771598873253
3850,587209.3866852304,517574.1984896395,CE_corregida_OLS,526.3736871071907,1820.0546870444366,42.66209895263519,526.3736871071907,1820.0546870444366
3851,587209.6747419527,517574.1984896395,CE_corregida_OLS,530.0203445080817,1746.899251660656,41.795923864183884,530.0203445080817,1746.899251660656
3852,587209.9627986748,517574.1984896395,CE_corregida_OLS,533.579884578848,1831.4320193648014,42.79523360568092,533.579884578848,1831.4320193648014
3853,587210.250855397,517574.1984896395,CE_corregida_OLS,536.9718349535425,2061.500108197227,45.40374553048709,536.9718349535425,2061.500108197227
3854,587210.5389121191,517574.1984896395,CE_corregida_OLS,540.1497722704826,2343.618078040859,48.410929324284396,540.1497722704826,2343.618078040859
3855,587210.8269688413,517574.1984896395,CE_corregida_OLS,543.0435460199022,2605.5073785636273,51.0441708578328,543.0435460199022,2605.5073785636273
3856,587211.1150255634,517574.1984896395,CE_corregida_OLS,545.5511763743854,2817.3669708882203,53.07887499644487,545.5511763743854,2817.3669708882203
3857,587211.4030822855,517574.1984896395,CE_corregida_OLS,547.5580047278283,2974.3488253820597,54.537590938563284,547.5580047278283,2974.3488253820597
3858,587211.6911390077,517574.1984896395,CE_corregida_OLS,548.9599971211063,3081.9159207153457,55.515006266011945,548.9599971211063,3081.9159207153457
3859,587211.9791957298,517574.1984896395,CE_corregida_OLS,549.6852103596012,3147.7271109703565,56.10460864287671,549.6852103596012,3147.7271109703565
3860,587212.2672524521,517574.1984896395,CE_corregida_OLS,549.7095671485564,3177.4953279493584,56.36927645401667,549.7095671485564,3177.4953279493584
3861,587212.5553091742,517574.1984896395,CE_corregida_OLS,549.0642576121846,3173.368226747571,56.332656840837636,549.0642576121846,3173.368226747571
3862,587212.8433658964,517574.1984896395,CE_corregida_OLS,547.8356970872169,3134.174993236709,55.9837029253756,547.8356970872169,3134.174993236709
3863,587213.1314226185,517574.1984896395,CE_corregida_OLS,546.1626717078935,3057.1416526322428,55.291424765801096,546.1626717078935,3057.1416526322428
3864,587213.4194793407,517574.1984896395,CE_corregida_OLS,544.2368260094571,2940.850827320181,54.229612088970185,544.2368260094571,2940.850827320181
3865,587213.7075360628,517574.1984896395,CE_corregida_OLS,542.3114072557761,2789.3541866888263,52.814336942622184,542.3114072557761,2789.3541866888263
3866,587213.995592785,517574.1984896395,CE_corregida_OLS,540.7171881491196,2616.8988598322057,51.15563370570445,540.7171881491196,2616.8988598322057
3867,587214.2836495071,517574.1984896395,CE_corregida_OLS,539.8657777887971,2450.3707184905325,49.501219363673584,539.8657777887971,2450.3707184905325
3868,587214.5717062292,517574.1984896395,CE_corregida_OLS,540.1864405387589,2321.9226041485645,48.18633213006116,540.1864405387589,2321.9226041485645
3869,587214.8597629514,517574.1984896395,CE_corregida_OLS,541.9564242755819,2246.633410841283,47.39866465251192,541.9564242755819,2246.633410841283
3870,587215.1478196735,517574.1984896395,CE_corregida_OLS,545.1437086747076,2203.1256638208397,46.937465460129395,545.1437086747076,2203.1256638208397
3871,587215.4358763958,517574.1984896395,CE_corregida_OLS,549.4493259394404,2144.380866163026,46.307460156685615,549.4493259394404,2144.380866163026
3872,587215.7239331179,517574.1984896395,CE_corregida_OLS,554.4598583515633,2027.7608373847136,45.03066552233837,554.4598583515633,2027.7608373847136
3873,587216.0119898401,517574.1984896395,CE_corregida_OLS,559.6788564958484,1840.185458838253,42.89738289031457,559.6788564958484,1840.185458838253
3874,587216.3000465622,517574.1984896395,CE_corregida_OLS,564.3399762691992,1625.235924372317,40.314214916978315,564.3399762691992,1625.235924372317
3875,587216.5881032844,517574.1984896395,CE_corregida_OLS,567.1128679431666,1519.1335267611676,38.976063510328586,567.1128679431666,1519.1335267611676
3876,587216.8761600065,517574.1984896395,CE_corregida_OLS,566.7589670453576,1679.2205361978426,40.97829347591042,566.7589670453576,1679.2205361978426
3877,587217.1642167286,517574.1984896395,CE_corregida_OLS,563.8288446360557,2069.512003994136,45.49188943090995,563.8288446360557,2069.512003994136
3878,587217.4522734508,517574.1984896395,CE_corregida_OLS,559.7148552053679,2546.844922417645,50.466275099492385,559.7148552053679,2546.844922417645
3879,587217.7403301729,517574.1984896395,CE_corregida_OLS,555.2514222628847,3025.2052277552666,55.00186567522293,555.2514222628847,3025.2052277552666
3880,587218.0283868952,517574.1984896395,CE_corregida_OLS,550.7969534864127,3471.260689504251,58.91740565829635,550.7969534864127,3471.260689504251
3881,587218.3164436173,517574.1984896395,CE_corregida_OLS,546.4990478120656,3874.837639836326,62.248193868065975,546.4990478120656,3874.837639836326
3882,587218.6045003395,517574.1984896395,CE_corregida_OLS,542.4177735911722,4234.857560327356,65.07578320948089,542.4177735911722,4234.857560327356
3883,587205.6419478424,517574.48654636164,CE_corregida_OLS,526.0032337661153,4215.812163082585,64.92928586610657,526.0032337661153,4215.812163082585
3884,587205.9300045646,517574.48654636164,CE_corregida_OLS,526.0265065062104,4023.0891702926374,63.427826466722294,526.0265065062104,4023.0891702926374
3885,587206.2180612867,517574.48654636164,CE_corregida_OLS,525.2659795705442,3811.864019836537,61.74029494452174,525.2659795705442,3811.864019836537
3886,587206.506118009,517574.48654636164,CE_corregida_OLS,523.8438164635337,3581.921989396594,59.8491603065289,523.8438164635337,3581.921989396594
3887,587206.7941747311,517574.48654636164,CE_corregida_OLS,521.9814660166186,3337.7056631371534,57.77287999690818,521.9814660166186,3337.7056631371534
3888,587207.0822314533,517574.48654636164,CE_corregida_OLS,520.003478584758,3090.9812992251073,55.59659431318709,520.003478584758,3090.9812992251073
3889,587207.3702881754,517574.48654636164,CE_corregida_OLS,518.3217967097662,2861.186796464623,53.49006259544499,518.3217967097662,2861.186796464623
3890,587207.6583448976,517574.48654636164,CE_corregida_OLS,517.3690585097024,2668.955096706479,51.66193082634909,517.3690585097024,2668.955096706479
3891,587207.9464016197,517574.48654636164,CE_corregida_OLS,517.4659380175794,2521.1499129298963,50.211053692686995,517.4659380175794,2521.1499129298963
3892,587208.2344583418,517574.48654636164,CE_corregida_OLS,518.6997908484732,2398.1942092941354,48.97136111335007,518.6997908484732,2398.1942092941354
3893,587208.522515064,517574.48654636164,CE_corregida_OLS,520.9362905415693,2259.2694309711296,47.531772857438526,520.9362905415693,2259.2694309711296
3894,587208.8105717861,517574.48654636164,CE_corregida_OLS,523.9423929095991,2061.93793615929,45.40856677059176,523.9423929095991,2061.93793615929
3895,587209.0986285083,517574.48654636164,CE_corregida_OLS,527.4895469502532,1782.6385090350993,42.22130397127852,527.4895469502532,1782.6385090350993
3896,587209.3866852304,517574.48654636164,CE_corregida_OLS,531.3772789100042,1445.32161386006,38.01738567892406,531.3772789100042,1445.32161386006
3897,587209.6747419527,517574.48654636164,CE_corregida_OLS,535.3883453185168,1195.1631810772167,34.57113219258543,535.3883453185168,1195.1631810772167
3898,587209.9627986748,517574.48654636164,CE_corregida_OLS,539.2740926919123,1291.029771499617,35.930902737053756,539.2740926919123,1291.029771499617
3899,587210.250855397,517574.48654636164,CE_corregida_OLS,542.9572620270702,1665.3390710705032,40.80856614818148,542.9572620270702,1665.3390710705032
3900,587210.5389121191,517574.48654636164,CE_corregida_OLS,546.4434720506437,2070.232502153388,45.499807715565,546.4434720506437,2070.232502153388
3901,587210.8269688413,517574.48654636164,CE_corregida_OLS,549.6474734250401,2408.649813301167,49.07799724215697,549.6474734250401,2408.649813301167
3902,587211.1150255634,517574.48654636164,CE_corregida_OLS,552.4298839619009,2665.775330431826,51.63114690215419,552.4298839619009,2665.775330431826
3903,587211.4030822855,517574.48654636164,CE_corregida_OLS,554.6402417534078,2851.7450601837513,53.40173274514368,554.6402417534078,2851.7450601837513
3904,587211.6911390077,517574.48654636164,CE_corregida_OLS,556.1505466813046,2982.4581206433336,54.61188625787736,556.1505466813046,2982.4581206433336
3905,587211.9791957298,517574.48654636164,CE_corregida_OLS,556.8854435594806,3071.999539310995,55.42562168628327,556.8854435594806,3071.999539310995
3906,587212.2672524521,517574.48654636164,CE_corregida_OLS,556.8422757627745,3129.3158134964674,55.940287928258535,556.8422757627745,3129.3158134964674
3907,587212.5553091742,517574.48654636164,CE_corregida_OLS,556.0945196242687,3157.6673550654773,56.193125514296476,556.0945196242687,3157.6673550654773
3908,587212.8433658964,517574.48654636164,CE_corregida_OLS,554.7808855318862,3156.1823789176765,56.179910812653276,554.7808855318862,3156.1823789176765
3909,587213.1314226185,517574.48654636164,CE_corregida_OLS,553.0898358636896,3122.5841158192165,55.88008693460683,553.0898358636896,3122.5841158192165
3910,587213.4194793407,517574.48654636164,CE_corregida_OLS,551.2489635931238,3056.2208388336226,55.28309722540536,551.2489635931238,3056.2208388336226
3911,587213.7075360628,517574.48654636164,CE_corregida_OLS,549.522202469905,2960.794589867776,54.413183971054075,549.522202469905,2960.794589867776
3912,587213.995592785,517574.48654636164,CE_corregida_OLS,548.2089814707584,2845.987443825078,53.34779699130113,548.2089814707584,2845.987443825078
3913,587214.2836495071,517574.48654636164,CE_corregida_OLS,547.6296727772635,2726.227261818134,52.21328625760051,547.6296727772635,2726.227261818134
3914,587214.5717062292,517574.48654636164,CE_corregida_OLS,548.0777849910943,2614.3151787175225,51.13037432600628,548.0777849910943,2614.3151787175225
3915,587214.8597629514,517574.48654636164,CE_corregida_OLS,549.7418533085122,2510.820279657051,50.10808597079967,549.7418533085122,2510.820279657051
3916,587215.1478196735,517574.48654636164,CE_corregida_OLS,552.6483162273622,2396.9236855253066,48.95838728476773,552.6483162273622,2396.9236855253066
3917,587215.4358763958,517574.48654636164,CE_corregida_OLS,556.6782512826155,2238.3726049727347,47.31144264311473,556.6782512826155,2238.3726049727347
3918,587215.7239331179,517574.48654636164,CE_corregida_OLS,561.6308869207674,1997.6774413008652,44.69538501121637,561.6308869207674,1997.6774413008652
3919,587216.0119898401,517574.48654636164,CE_corregida_OLS,567.2441809146294,1648.2284803180103,40.59838026717335,567.2441809146294,1648.2284803180103
3920,587216.3000465622,517574.48654636164,CE_corregida_OLS,573.0151521749864,1202.5240963769081,34.67742920657337,573.0151521749864,1202.5240963769081
3921,587216.5881032844,517574.48654636164,CE_corregida_OLS,577.0777236298633,850.9370534448784,29.170825381618506,577.0777236298633,850.9370534448784
3922,587216.8761600065,517574.48654636164,CE_corregida_OLS,575.3984185475579,1086.1628799969737,32.95698529897681,575.3984185475579,1086.1628799969737
3923,587217.1642167286,517574.48654636164,CE_corregida_OLS,570.2227869420495,1681.6066053856055,41.007396959397525,570.2227869420495,1681.6066053856055
3924,587217.4522734508,517574.48654636164,CE_corregida_OLS,564.5553410361623,2294.813499944836,47.90421171405325,564.5553410361623,2294.813499944836
3925,587217.7403301729,517574.48654636164,CE_corregida_OLS,559.0672371263997,2854.348583136268,53.42610394869036,559.0672371263997,2854.348583136268
3926,587218.0283868952,517574.48654636164,CE_corregida_OLS,553.8991351055005,3350.6911857565024,57.88515514150845,553.8991351055005,3350.6911857565024
3927,587218.3164436173,517574.48654636164,CE_corregida_OLS,549.0767055629914,3786.970746999503,61.538368088530774,549.0767055629914,3786.970746999503
3928,587205.9300045646,517574.7746030838,CE_corregida_OLS,523.9159603867789,4243.586685768798,65.1428176069227,523.9159603867789,4243.586685768798
3929,587206.2180612867,517574.7746030838,CE_corregida_OLS,523.6464907904468,4051.190472731289,63.64896285668203,523.6464907904468,4051.190472731289
3930,587206.506118009,517574.7746030838,CE_corregida_OLS,522.935982790062,3845.3678793889358,62.01103030420423,522.935982790062,3845.3678793889358
3931,587206.7941747311,517574.7746030838,CE_corregida_OLS,521.9723446459874,3630.1884576697103,60.25104528279746,521.9723446459874,3630.1884576697103
3932,587207.0822314533,517574.7746030838,CE_corregida_OLS,521.0100888174197,3413.268642650142,58.42318583105634,521.0100888174197,3413.268642650142
3933,587207.3702881754,517574.7746030838,CE_corregida_OLS,520.3468318764357,3204.2725419441595,56.60629419017076,520.3468318764357,3204.2725419441595
3934,587207.6583448976,517574.7746030838,CE_corregida_OLS,520.2734614049479,3010.0147188907804,54.86360103830936,520.2734614049479,3010.0147188907804
3935,587207.9464016197,517574.7746030838,CE_corregida_OLS,521.0046155713777,2827.1002923722262,53.17048328134912,521.0046155713777,2827.1002923722262
3936,587208.2344583418,517574.7746030838,CE_corregida_OLS,522.6253661858378,2636.8896754616335,51.35065408991042,522.6253661858378,2636.8896754616335
3937,587208.522515064,517574.7746030838,CE_corregida_OLS,525.0928667650177,2407.4956885069873,49.06623776597292,525.0928667650177,2407.4956885069873
3938,587208.8105717861,517574.7746030838,CE_corregida_OLS,528.2864098799009,2101.3978291993517,45.84100597935599,528.2864098799009,2101.3978291993517
3939,587209.0986285083,517574.7746030838,CE_corregida_OLS,532.0620849214044,1683.5476749279967,41.03105744345369,532.0620849214044,1683.5476749279967
3940,587209.3866852304,517574.7746030838,CE_corregida_OLS,536.2797178514886,1131.4459062192007,33.636972310527604,536.2797178514886,1131.4459062192007
3941,587209.6747419527,517574.7746030838,CE_corregida_OLS,540.7676783903639,516.6246983172139,22.729379628956305,540.7676783903639,516.6246983172139
3942,587209.9627986748,517574.7746030838,CE_corregida_OLS,544.9662007112836,711.7517815927555,26.678676533755482,544.9662007112836,711.7517815927555
3943,587210.250855397,517574.7746030838,CE_corregida_OLS,548.9310128203949,1348.7886690398004,36.72585831590326,548.9310128203949,1348.7886690398004
3944,587210.5389121191,517574.7746030838,CE_corregida_OLS,552.8040191476424,1864.7779484326793,43.183074791319335,552.8040191476424,1864.7779484326793
3945,587210.8269688413,517574.7746030838,CE_corregida_OLS,556.428939979608,2245.964844433892,47.39161154079793,556.428939979608,2245.964844433892
3946,587211.1150255634,517574.7746030838,CE_corregida_OLS,559.6054207528805,2517.045831688667,50.17016874287615,559.6054207528805,2517.045831688667
3947,587211.4030822855,517574.7746030838,CE_corregida_OLS,562.125250115834,2707.3589601879053,52.03228767013714,562.125250115834,2707.3589601879053
3948,587211.6911390077,517574.7746030838,CE_corregida_OLS,563.8131602131248,2844.147063177239,53.33054531108077,563.8131602131248,2844.147063177239
3949,587211.9791957298,517574.7746030838,CE_corregida_OLS,564.5741848602435,2947.976477414559,54.29527122516803,564.5741848602435,2947.976477414559
3950,587212.2672524521,517574.7746030838,CE_corregida_OLS,564.4252300594695,3029.970801811714,55.04517055847601,564.4252300594695,3029.970801811714
3951,587212.5553091742,517574.7746030838,CE_corregida_OLS,563.4924134773939,3092.3322721520585,55.60874276723093,563.4924134773939,3092.3322721520585
3952,587212.8433658964,517574.7746030838,CE_corregida_OLS,561.9796111219752,3131.788407097506,55.962383858244515,561.9796111219752,3131.788407097506
3953,587213.1314226185,517574.7746030838,CE_corregida_OLS,560.1313033509236,3143.886538911687,56.07037131062792,560.1313033509236,3143.886538911687
3954,587213.4194793407,517574.7746030838,CE_corregida_OLS,558.2077381773889,3126.3137685290167,55.913448905688306,558.2077381773889,3126.3137685290167
3955,587213.7075360628,517574.7746030838,CE_corregida_OLS,556.4745108315507,3080.5705441649498,55.50288771014486,556.4745108315507,3080.5705441649498
3956,587213.995592785,517574.7746030838,CE_corregida_OLS,555.1974260635978,3011.8422632895195,54.8802538559136,555.1974260635978,3011.8422632895195
3957,587214.2836495071,517574.7746030838,CE_corregida_OLS,554.6303641700815,2926.7358610732667,54.099314793010706,554.6303641700815,2926.7358610732667
3958,587214.5717062292,517574.7746030838,CE_corregida_OLS,554.9885806381458,2828.7298312308676,53.18580479066635,554.9885806381458,2828.7298312308676
3959,587214.8597629514,517574.7746030838,CE_corregida_OLS,556.4138406643294,2712.684982118705,52.08344249489184,556.4138406643294,2712.684982118705
3960,587215.1478196735,517574.7746030838,CE_corregida_OLS,558.9532887513847,2561.594039924136,50.612192601428916,558.9532887513847,2561.594039924136
3961,587215.4358763958,517574.7746030838,CE_corregida_OLS,562.5705082653759,2347.935903472364,48.45550436712391,562.5705082653759,2347.935903472364
3962,587215.7239331179,517574.7746030838,CE_corregida_OLS,567.1822466859658,2038.345260750015,45.14803717494278,567.1822466859658,2038.345260750015
3963,587216.0119898401,517574.7746030838,CE_corregida_OLS,572.6972095833491,1598.1283998216345,39.97659815218942,572.6972095833491,1598.1283998216345
3964,587216.3000465622,517574.7746030838,CE_corregida_OLS,579.0404901480499,993.5121902108211,31.520028398001504,579.0404901480499,993.5121902108211
3965,587216.5881032844,517574.7746030838,CE_corregida_OLS,586.1563938352691,192.45173940455206,13.872697625355785,586.1563938352691,192.45173940455206
3966,587216.8761600065,517574.7746030838,CE_corregida_OLS,581.4957667504444,720.0426649858508,26.833610733292133,581.4957667504444,720.0426649858508
3967,587217.1642167286,517574.7746030838,CE_corregida_OLS,574.2875591723871,1513.0514258948594,38.89796171902661,574.2875591723871,1513.0514258948594
3968,587217.4522734508,517574.7746030838,CE_corregida_OLS,567.6830874447794,2199.0209406653953,46.89371962923602,567.6830874447794,2199.0209406653953
3969,587217.7403301729,517574.7746030838,CE_corregida_OLS,561.6193454716106,2793.345342084517,52.852108208514416,561.6193454716106,2793.345342084517
3970,587218.0283868952,517574.7746030838,CE_corregida_OLS,556.042878597874,3309.051970849942,57.524359803912134,556.042878597874,3309.051970849942
3971,587206.2180612867,517575.062659806,CE_corregida_OLS,522.5238435796591,4276.0069229889505,65.39118383229463,522.5238435796591,4276.0069229889505
3972,587206.506118009,517575.062659806,CE_corregida_OLS,522.4167184914954,4090.5451802117423,63.95737002263103,522.4167184914954,4090.5451802117423
3973,587206.7941747311,517575.062659806,CE_corregida_OLS,522.1866253974844,3897.156028794315,62.42720583843485,522.1866253974844,3897.156028794315
3974,587207.0822314533,517575.062659806,CE_corregida_OLS,522.0302292599556,3699.775939740218,60.82578351110833,522.0302292599556,3699.775939740218
3975,587207.3702881754,517575.062659806,CE_corregida_OLS,522.1655202249459,3501.9635833508555,59.17739081229296,522.1655202249459,3501.9635833508555
3976,587207.6583448976,517575.062659806,CE_corregida_OLS,522.7985797636755,3303.7687568074516,57.478419922675776,522.7985797636755,3303.7687568074516
3977,587207.9464016197,517575.062659806,CE_corregida_OLS,524.0852126498751,3098.036434518618,55.6600074965735,524.0852126498751,3098.036434518618
3978,587208.2344583418,517575.062659806,CE_corregida_OLS,526.1038774916707,2868.264724829598,53.55618288143394,526.1038774916707,2868.264724829598
3979,587208.522515064,517575.062659806,CE_corregida_OLS,528.8540361102434,2589.6893074597383,50.88899004165575,528.8540361102434,2589.6893074597383
3980,587208.8105717861,517575.062659806,CE_corregida_OLS,532.2774748193815,2233.1617290202857,47.25634062239993,532.2774748193815,2233.1617290202857
3981,587209.0986285083,517575.062659806,CE_corregida_OLS,536.2856575376888,1770.4593740104049,42.076827043045974,536.2856575376888,1770.4593740104049
3982,587209.3866852304,517575.062659806,CE_corregida_OLS,540.775222294958,1185.0726116685094,34.424883611546306,540.775222294958,1185.0726116685094
3983,587209.6747419527,517575.062659806,CE_corregida_OLS,545.5899363664673,563.2354803699615,23.732582673825483,545.5899363664673,563.2354803699615
3984,587209.9627986748,517575.062659806,CE_corregida_OLS,550.205977647535,724.8998499832186,26.923964232319477,550.205977647535,724.8998499832186
3985,587210.250855397,517575.062659806,CE_corregida_OLS,554.6638231688112,1321.6615537318364,36.3546634385719,554.6638231688112,1321.6615537318364
3986,587210.5389121191,517575.062659806,CE_corregida_OLS,559.0861022543253,1801.7629346985061,42.4471781712107,559.0861022543253,1801.7629346985061
3987,587210.8269688413,517575.062659806,CE_corregida_OLS,563.2903381466881,2145.0904759314703,46.315121460830376,563.2903381466881,2145.0904759314703
3988,587211.1150255634,517575.062659806,CE_corregida_OLS,567.0212957011329,2378.8050874625505,48.772995473546125,567.0212957011329,2378.8050874625505
3989,587211.4030822855,517575.062659806,CE_corregida_OLS,569.9903485756751,2538.5570446648962,50.38409515576216,569.9903485756751,2538.5570446648962
3990,587211.6911390077,517575.062659806,CE_corregida_OLS,571.937967235893,2659.3265139691002,51.568658252557825,571.937967235893,2659.3265139691002
3991,587211.9791957298,517575.062659806,CE_corregida_OLS,572.7227444798125,2766.9816067858565,52.60210648620316,572.7227444798125,2766.9816067858565
3992,587212.2672524521,517575.062659806,CE_corregida_OLS,572.3845864422216,2872.3546130710574,53.59435243634405,572.3845864422216,2872.3546130710574
3993,587212.5553091742,517575.062659806,CE_corregida_OLS,571.1304342927453,2972.4168713130443,54.51987592899533,571.1304342927453,2972.4168713130443
3994,587212.8433658964,517575.062659806,CE_corregida_OLS,569.2589100951257,3057.3185344064955,55.29302428341658,569.2589100951257,3057.3185344064955
3995,587213.1314226185,517575.062659806,CE_corregida_OLS,567.0855027186312,3117.574720310527,55.835246218768724,567.0855027186312,3117.574720310527
3996,587213.4194793407,517575.062659806,CE_corregida_OLS,564.903499420804,3147.8439050352863,56.10564949303489,564.903499420804,3147.8439050352863
3997,587213.7075360628,517575.062659806,CE_corregida_OLS,562.9749404869651,3147.4180866512597,56.10185457408034,562.9749404869651,3147.4180866512597
3998,587213.995592785,517575.062659806,CE_corregida_OLS,561.5322476914631,3118.6895529557764,55.845228560332494,561.5322476914631,3118.6895529557764
3999,587214.2836495071,517575.062659806,CE_corregida_OLS,560.7762220980021,3064.4278700712466,55.35727477099326,560.7762220980021,3064.4278700712466
4000,587214.5717062292,517575.062659806,CE_corregida_OLS,560.8655130472756,2984.423911528642,54.62988112314214,560.8655130472756,2984.423911528642
4001,587214.8597629514,517575.062659806,CE_corregida_OLS,561.9017650047456,2872.443256690873,53.59517941653776,561.9017650047456,2872.443256690873
4002,587215.1478196735,517575.062659806,CE_corregida_OLS,563.9199495849814,2714.872040457248,52.104433980777955,563.9199495849814,2714.872040457248
4003,587215.4358763958,517575.062659806,CE_corregida_OLS,566.889522210103,2492.059627345578,49.92053312361135,566.889522210103,2492.059627345578
4004,587215.7239331179,517575.062659806,CE_corregida_OLS,570.7180040849041,2182.568362920517,46.717966168493646,570.7180040849041,2182.568362920517
4005,587216.0119898401,517575.062659806,CE_corregida_OLS,575.2221501126782,1772.0648965142911,42.09590118425179,575.2221501126782,1772.0648965142911
4006,587216.3000465622,517575.062659806,CE_corregida_OLS,579.9273196419883,1282.1643894179729,35.80732312555593,579.9273196419883,1282.1643894179729
4007,587216.5881032844,517575.062659806,CE_corregida_OLS,582.9863093047466,909.3111755111449,30.154786941896056,582.9863093047466,909.3111755111449
4008,587216.8761600065,517575.062659806,CE_corregida_OLS,580.6038750880411,1122.7511889159296,33.507479596590514,580.6038750880411,1122.7511889159296
4009,587217.1642167286,517575.062659806,CE_corregida_OLS,574.8603689692188,1702.3156257485052,41.25912778705465,574.8603689692188,1702.3156257485052
4010,587217.4522734508,517575.062659806,CE_corregida_OLS,568.661685214774,2307.8860234336526,48.04046235657659,568.661685214774,2307.8860234336526
4011,587217.7403301729,517575.062659806,CE_corregida_OLS,562.6961492075111,2863.1297085156334,53.50822094328715,562.6961492075111,2863.1297085156334
4012,587218.0283868952,517575.062659806,CE_corregida_OLS,557.1068184685794,3356.719806680865,57.93720572033885,557.1068184685794,3356.719806680865
4013,587206.506118009,517575.35071652813,CE_corregida_OLS,522.1405200689412,4315.727623677623,65.69419779308994,522.1405200689412,4315.727623677623
4014,587206.7941747311,517575.35071652813,CE_corregida_OLS,522.5039865176732,4139.0510537155,64.3354572045268,522.5039865176732,4139.0510537155
4015,587207.0822314533,517575.35071652813,CE_corregida_OLS,522.9883504769041,3955.7444637419853,62.89470934619211,522.9883504769041,3955.7444637419853
4016,587207.3702881754,517575.35071652813,CE_corregida_OLS,523.757121569249,3766.0499179983644,61.368150680938435,523.757121569249,3766.0499179983644
4017,587207.6583448976,517575.35071652813,CE_corregida_OLS,524.9630972169549,3567.2366358729873,59.72634792010129,524.9630972169549,3567.2366358729873
4018,587207.9464016197,517575.35071652813,CE_corregida_OLS,526.7258747270515,3351.874386193327,57.895374480119976,526.7258747270515,3351.874386193327
4019,587208.2344583418,517575.35071652813,CE_corregida_OLS,529.1163089570679,3107.2938244406578,55.743105622495214,529.1163089570679,3107.2938244406578
4020,587208.522515064,517575.35071652813,CE_corregida_OLS,532.1535276048825,2817.2287169366605,53.0775726360641,532.1535276048825,2817.2287169366605
4021,587208.8105717861,517575.35071652813,CE_corregida_OLS,535.813002326499,2466.447279099217,49.663339387310806,535.813002326499,2466.447279099217
4022,587209.0986285083,517575.35071652813,CE_corregida_OLS,540.0369501995237,2050.97275872467,45.287666739683885,540.0369501995237,2050.97275872467
4023,587209.3866852304,517575.35071652813,CE_corregida_OLS,544.7333305029339,1605.4210264733586,40.06770553043135,544.7333305029339,1605.4210264733586
4024,587209.6747419527,517575.35071652813,CE_corregida_OLS,549.745856202776,1274.164569984791,35.695441865661095,549.745856202776,1274.164569984791
4025,587209.9627986748,517575.35071652813,CE_corregida_OLS,554.8607876899655,1291.2360030823895,35.93377245826535,554.8607876899655,1291.2360030823895
4026,587210.250855397,517575.35071652813,CE_corregida_OLS,560.0002283818396,1574.070987751287,39.67456348532756,560.0002283818396,1574.070987751287
4027,587210.5389121191,517575.35071652813,CE_corregida_OLS,565.1342335694699,1875.7063200961668,43.309425303231244,565.1342335694699,1875.7063200961668
4028,587210.8269688413,517575.35071652813,CE_corregida_OLS,570.0963748158252,2100.1038940160047,45.826890512187326,570.0963748158252,2100.1038940160047
4029,587211.1150255634,517575.35071652813,CE_corregida_OLS,574.5862470935923,2242.001039206114,47.349773380726056,574.5862470935923,2242.001039206114
4030,587211.4030822855,517575.35071652813,CE_corregida_OLS,578.1999243463139,2331.854488664066,48.28927923115095,578.1999243463139,2331.854488664066
4031,587211.6911390077,517575.35071652813,CE_corregida_OLS,580.5217641430434,2411.888208190151,49.11097848943911,580.5217641430434,2411.888208190151
4032,587211.9791957298,517575.35071652813,CE_corregida_OLS,581.3066354617824,2514.844030825756,50.14822061475119,581.3066354617824,2514.844030825756
4033,587212.2672524521,517575.35071652813,CE_corregida_OLS,580.6318959810097,2647.8031680010527,51.45680876231106,580.6318959810097,2647.8031680010527
4034,587212.5553091742,517575.35071652813,CE_corregida_OLS,578.8533051061677,2794.765273689278,52.865539566803605,578.8533051061677,2794.765273689278
4035,587212.8433658964,517575.35071652813,CE_corregida_OLS,576.4220125175987,2932.852537957103,54.15581721253131,576.4220125175987,2932.852537957103
4036,587213.1314226185,517575.35071652813,CE_corregida_OLS,573.7449320250407,3044.870452637298,55.180344803537594,573.7449320250407,3044.870452637298
4037,587213.4194793407,517575.35071652813,CE_corregida_OLS,571.1437630353855,3122.552164249217,55.879801039814176,571.1437630353855,3122.552164249217
4038,587213.7075360628,517575.35071652813,CE_corregida_OLS,568.8662677200308,3164.502800283505,56.253913644150174,568.8662677200308,3164.502800283505
4039,587213.995592785,517575.35071652813,CE_corregida_OLS,567.1061223153223,3172.727513618252,56.32696968254419,567.1061223153223,3172.727513618252
4040,587214.2836495071,517575.35071652813,CE_corregida_OLS,566.0140691820783,3149.3054318381187,56.11867275549306,566.0140691820783,3149.3054318381187
4041,587214.5717062292,517575.35071652813,CE_corregida_OLS,565.6983107753468,3093.7095030091796,55.621124611150925,565.6983107753468,3093.7095030091796
4042,587214.8597629514,517575.35071652813,CE_corregida_OLS,566.2181244246461,3001.198717517294,54.78319740136837,566.2181244246461,3001.198717517294
4043,587215.1478196735,517575.35071652813,CE_corregida_OLS,567.5753853471549,2862.881145830527,53.50589823403143,567.5753853471549,2862.881145830527
4044,587215.4358763958,517575.35071652813,CE_corregida_OLS,569.7039290078011,2668.1331740817477,51.653975394753,569.7039290078011,2668.1331740817477
4045,587215.7239331179,517575.35071652813,CE_corregida_OLS,572.4450576222918,2410.500598690284,49.09684917273494,572.4450576222918,2410.500598690284
4046,587216.0119898401,517575.35071652813,CE_corregida_OLS,575.4750309724049,2100.429126040792,45.830438859351894,575.4750309724049,2100.429126040792
4047,587216.3000465622,517575.35071652813,CE_corregida_OLS,578.1174884874262,1793.0842018533306,42.34482497133895,578.1174884874262,1793.0842018533306
4048,587216.5881032844,517575.35071652813,CE_corregida_OLS,579.1045534479158,1626.0317918970754,40.324084514060274,579.1045534479158,1626.0317918970754
4049,587216.8761600065,517575.35071652813,CE_corregida_OLS,577.2524290354309,1747.454617716171,41.802567118732924,577.2524290354309,1747.454617716171
4050,587217.1642167286,517575.35071652813,CE_corregida_OLS,573.0645544736471,2113.163778033837,45.969161163043175,573.0645544736471,2113.163778033837
4051,587217.4522734508,517575.35071652813,CE_corregida_OLS,567.8600504742749,2575.4400700896113,50.74879377965166,567.8600504742749,2575.4400700896113
4052,587217.7403301729,517575.35071652813,CE_corregida_OLS,562.4422016289303,3044.382083592621,55.17591941773713,562.4422016289303,3044.382083592621
4053,587206.7941747311,517575.6387732503,CE_corregida_OLS,522.8428809080831,4358.593269303636,66.01964305646946,522.8428809080831,4358.593269303636
4054,587207.0822314533,517575.6387732503,CE_corregida_OLS,523.8366375327787,4186.979570861284,64.70687421643302,523.8366375327787,4186.979570861284
4055,587207.3702881754,517575.6387732503,CE_corregida_OLS,525.1093788301686,4005.565880007278,63.28954005210717,525.1093788301686,4005.565880007278
4056,587207.6583448976,517575.6387732503,CE_corregida_OLS,526.7788390284215,3811.0383498621,61.73360794463661,526.7788390284215,3811.0383498621
4057,587207.9464016197,517575.6387732503,CE_corregida_OLS,528.9406420944026,3597.4244509411315,59.97853325099849,528.9406420944026,3597.4244509411315
4058,587208.2344583418,517575.6387732503,CE_corregida_OLS,531.6584960094286,3356.5475742335193,57.93571932955972,531.6584960094286,3356.5475742335193
4059,587208.522515064,517575.6387732503,CE_corregida_OLS,534.9608900549999,3080.2892806745895,55.500353878823056,534.9608900549999,3080.2892806745895
4060,587208.8105717861,517575.6387732503,CE_corregida_OLS,538.8433151175981,2765.66024941492,52.58954505807138,538.8433151175981,2765.66024941492
4061,587209.0986285083,517575.6387732503,CE_corregida_OLS,543.2716823495582,2424.4799122099316,49.23900803438197,543.2716823495582,2424.4799122099316
4062,587209.3866852304,517575.6387732503,CE_corregida_OLS,548.1818608521593,2099.276011069116,45.81785690174865,548.1818608521593,2099.276011069116
4063,587209.6747419527,517575.6387732503,CE_corregida_OLS,553.4782408462851,1872.881389569464,43.276799668753974,553.4782408462851,1872.881389569464
4064,587209.9627986748,517575.6387732503,CE_corregida_OLS,559.056446638971,1817.7940662361814,42.63559623408803,559.056446638971,1817.7940662361814
4065,587210.250855397,517575.6387732503,CE_corregida_OLS,564.8433586909379,1899.2077117677632,43.57990031846979,564.8433586909379,1899.2077117677632
4066,587210.5389121191,517575.6387732503,CE_corregida_OLS,570.7612577679641,2010.877197503912,44.8428054151824,570.7612577679641,2010.877197503912
4067,587210.8269688413,517575.6387732503,CE_corregida_OLS,576.6379200253489,2078.8597002670317,45.59451392730305,576.6379200253489,2078.8597002670317
4068,587211.1150255634,517575.6387732503,CE_corregida_OLS,582.1326453990002,2086.976651344136,45.683439574359284,582.1326453990002,2086.976651344136
4069,587211.4030822855,517575.6387732503,CE_corregida_OLS,586.682209262069,2066.2819550487725,45.456374196021976,586.682209262069,2066.2819550487725
4070,587211.6911390077,517575.6387732503,CE_corregida_OLS,589.5691099018568,2077.860946630839,45.58356004779397,589.5691099018568,2077.860946630839
4071,587211.9791957298,517575.6387732503,CE_corregida_OLS,590.2974543390171,2173.163969136498,46.6172067925192,590.2974543390171,2173.163969136498
4072,587212.2672524521,517575.6387732503,CE_corregida_OLS,589.0275847637889,2349.9218307915808,48.475992313634805,589.0275847637889,2349.9218307915808
4073,587212.5553091742,517575.6387732503,CE_corregida_OLS,586.4320842118234,2562.4319374831284,50.62046955020398,586.4320842118234,2562.4319374831284
4074,587212.8433658964,517575.6387732503,CE_corregida_OLS,583.2118429325606,2765.096809261902,52.584187825447124,583.2118429325606,2765.096809261902
4075,587213.1314226185,517575.6387732503,CE_corregida_OLS,579.8709837644453,2932.3410093053067,54.15109425769074,579.8709837644453,2932.3410093053067
4076,587213.4194793407,517575.6387732503,CE_corregida_OLS,576.733023630901,3055.811688930053,55.279396604250785,576.733023630901,3055.811688930053
4077,587213.7075360628,517575.6387732503,CE_corregida_OLS,574.0074690895004,3136.6280150226057,56.00560699628748,574.0074690895004,3136.6280150226057
4078,587213.995592785,517575.6387732503,CE_corregida_OLS,571.8369081867784,3179.227099398653,56.38463531316535,571.8369081867784,3179.227099398653
4079,587214.2836495071,517575.6387732503,CE_corregida_OLS,570.3196683490078,3187.4040583137757,56.45709927293268,570.3196683490078,3187.4040583137757
4080,587214.5717062292,517575.6387732503,CE_corregida_OLS,569.5156698323126,3162.16861517898,56.23316294837931,569.5156698323126,3162.16861517898
4081,587214.8597629514,517575.6387732503,CE_corregida_OLS,569.4423912768005,3101.2361965206387,55.68874389426142,569.4423912768005,3101.2361965206387
4082,587215.1478196735,517575.6387732503,CE_corregida_OLS,570.064923965563,3000.2215278523067,54.77427797654942,570.064923965563,3000.2215278523067
4083,587215.4358763958,517575.6387732503,CE_corregida_OLS,571.2796494262568,2855.839390987669,53.44005418211764,571.2796494262568,2855.839390987669
4084,587215.7239331179,517575.6387732503,CE_corregida_OLS,572.8851859647062,2671.789713020904,51.68935783138444,572.8851859647062,2671.789713020904
4085,587216.0119898401,517575.6387732503,CE_corregida_OLS,574.5313550194892,2468.2907578539025,49.68189567492269,574.5313550194892,2468.2907578539025
4086,587216.3000465622,517575.6387732503,CE_corregida_OLS,575.6600549389725,2293.761743261138,47.89323275016145,575.6600549389725,2293.761743261138
4087,587216.5881032844,517575.6387732503,CE_corregida_OLS,575.5589029866384,2223.9426396413564,47.15869633101997,575.5589029866384,2223.9426396413564
4088,587216.8761600065,517575.6387732503,CE_corregida_OLS,573.7383765121832,2319.5372335230622,48.161574242574986,573.7383765121832,2319.5372335230622
4089,587217.1642167286,517575.6387732503,CE_corregida_OLS,570.3536160793899,2570.8165791288216,50.70322059917714,570.3536160793899,2570.8165791288216
4090,587217.4522734508,517575.6387732503,CE_corregida_OLS,565.997237353005,2915.34732516395,53.99395637628298,565.997237353005,2915.34732516395
4091,587207.0822314533,517575.9268299724,CE_corregida_OLS,524.5431394727059,4398.182938947246,66.31879777971888,524.5431394727059,4398.182938947246
4092,587207.3702881754,517575.9268299724,CE_corregida_OLS,526.2143820298907,4226.307784728828,65.01005910417885,526.2143820298907,4226.307784728828
4093,587207.6583448976,517575.9268299724,CE_corregida_OLS,528.2540770142596,4040.384377732354,63.564017948304326,528.2540770142596,4040.384377732354
4094,587207.9464016197,517575.9268299724,CE_corregida_OLS,530.741114506327,3836.3755661441305,61.93848211043059,530.741114506327,3836.3755661441305
4095,587208.2344583418,517575.9268299724,CE_corregida_OLS,533.7330780201066,3609.949781836214,60.08285763706828,533.7330780201066,3609.949781836214
4096,587208.522515064,517575.9268299724,CE_corregida_OLS,537.263354673442,3358.667201365306,57.95400936402335,537.263354673442,3358.667201365306
4097,587208.8105717861,517575.9268299724,CE_corregida_OLS,541.3414804855759,3085.860873535496,55.55052541187613,541.3414804855759,3085.860873535496
4098,587209.0986285083,517575.9268299724,CE_corregida_OLS,545.95511139828,2806.068484134869,52.9723369706762,545.95511139828,2806.068484134869
4099,587209.3866852304,517575.9268299724,CE_corregida_OLS,551.0726377391495,2549.3051759807327,50.49064444014091,551.0726377391495,2549.3051759807327
4100,587209.6747419527,517575.9268299724,CE_corregida_OLS,556.6489632822853,2354.8982358483377,48.52729372063043,556.6489632822853,2354.8982358483377
4101,587209.9627986748,517575.9268299724,CE_corregida_OLS,562.6381518030458,2244.615102996547,47.37736910167709,562.6381518030458,2244.615102996547
4102,587210.250855397,517575.9268299724,CE_corregida_OLS,569.0014977920073,2194.9274468178055,46.85005279418376,569.0014977920073,2194.9274468178055
4103,587210.5389121191,517575.9268299724,CE_corregida_OLS,575.6850737807449,2149.4908224571413,46.362601549709666,575.6850737807449,2149.4908224571413
4104,587210.8269688413,517575.9268299724,CE_corregida_OLS,582.5596290808139,2058.2005854650115,45.36739562136019,582.5596290808139,2058.2005854650115
4105,587211.1150255634,517575.9268299724,CE_corregida_OLS,589.3130015379817,1904.782238739934,43.64381100156051,589.3130015379817,1904.782238739934
4106,587211.4030822855,517575.9268299724,CE_corregida_OLS,595.2480686477812,1726.1142936212148,41.5465316677724,595.2480686477812,1726.1142936212148
4107,587211.6911390077,517575.9268299724,CE_corregida_OLS,599.0861505902737,1628.2519299726546,40.35160380917535,599.0861505902737,1628.2519299726546
4108,587211.9791957298,517575.9268299724,CE_corregida_OLS,599.6273737997773,1723.8554445610023,41.519338199940066,599.6273737997773,1723.8554445610023
4109,587212.2672524521,517575.9268299724,CE_corregida_OLS,597.2790864909138,1984.9604140110775,44.552894563777535,597.2790864909138,1984.9604140110775
4110,587212.5553091742,517575.9268299724,CE_corregida_OLS,593.4753745499131,2293.3175564966737,47.88859526543531,593.4753745499131,2293.3175564966737
4111,587212.8433658964,517575.9268299724,CE_corregida_OLS,589.2642675809764,2571.3574085092882,50.708553603009506,589.2642675809764,2571.3574085092882
4112,587213.1314226185,517575.9268299724,CE_corregida_OLS,585.1749943945351,2792.40127466597,52.843176235593276,585.1749943945351,2792.40127466597
4113,587213.4194793407,517575.9268299724,CE_corregida_OLS,581.4644423927812,2955.2981070626274,54.36265360578554,581.4644423927812,2955.2981070626274
4114,587213.7075360628,517575.9268299724,CE_corregida_OLS,578.2673099286974,3068.3231972238577,55.39244711351772,578.2673099286974,3068.3231972238577
4115,587213.995592785,517575.9268299724,CE_corregida_OLS,575.6612207977279,3141.0991819850565,56.045509918146486,575.6612207977279,3141.0991819850565
4116,587214.2836495071,517575.9268299724,CE_corregida_OLS,573.6908724881989,3180.655641130105,56.39730171852289,573.6908724881989,3180.655641130105
4117,587214.5717062292,517575.9268299724,CE_corregida_OLS,572.3726363771303,3190.0582207891252,56.480600393313146,572.3726363771303,3190.0582207891252
4118,587214.8597629514,517575.9268299724,CE_corregida_OLS,571.6891009742739,3168.993086040672,56.29381037059645,571.6891009742739,3168.993086040672
4119,587215.1478196735,517575.9268299724,CE_corregida_OLS,571.5778885979503,3115.909983644389,55.8203366493287,571.5778885979503,3115.909983644389
4120,587215.4358763958,517575.9268299724,CE_corregida_OLS,571.9160507111833,3031.470867102425,55.058794639025884,571.9160507111833,3031.470867102425
4121,587215.7239331179,517575.9268299724,CE_corregida_OLS,572.5001375067201,2923.164477583566,54.066297058181874,572.5001375067201,2923.164477583566
4122,587216.0119898401,517575.9268299724,CE_corregida_OLS,573.0268106553652,2810.443565879151,53.01361679681128,573.0268106553652,2810.443565879151
4123,587216.3000465622,517575.9268299724,CE_corregida_OLS,573.0977328093139,2727.433940501684,52.224840263055704,573.0977328093139,2727.433940501684
4124,587216.5881032844,517575.9268299724,CE_corregida_OLS,572.3001483347477,2716.3271263623483,52.1183952780815,572.3001483347477,2716.3271263623483
4125,587216.8761600065,517575.9268299724,CE_corregida_OLS,570.3826386875359,2807.2688663854547,52.98366603383966,570.3826386875359,2807.2688663854547
4126,587217.1642167286,517575.9268299724,CE_corregida_OLS,567.3941234327672,2999.3377957755606,54.766210347033876,567.3941234327672,2999.3377957755606
4127,587207.6583448976,517576.21488669456,CE_corregida_OLS,529.3960543271262,4256.947942322664,65.245290575816,529.3960543271262,4256.947942322664
4128,587207.9464016197,517576.21488669456,CE_corregida_OLS,532.1381267647538,4066.710671914561,63.770766593436534,532.1381267647538,4066.710671914561
4129,587208.2344583418,517576.21488669456,CE_corregida_OLS,535.3462428499874,3858.9699356794936,62.12060797899111,535.3462428499874,3858.9699356794936
4130,587208.522515064,517576.21488669456,CE_corregida_OLS,539.0563250040516,3634.142911016333,60.28385282160002,539.0563250040516,3634.142911016333
4131,587208.8105717861,517576.21488669456,CE_corregida_OLS,543.2879679760033,3397.0504275335584,58.284221085415204,543.2879679760033,3397.0504275335584
4132,587209.0986285083,517576.21488669456,CE_corregida_OLS,548.0463912597627,3158.8815552542555,56.20392829023836,548.0463912597627,3158.8815552542555
4133,587209.3866852304,517576.21488669456,CE_corregida_OLS,553.3261824583802,2936.611496491169,54.19051112963568,553.3261824583802,2936.611496491169
4134,587209.6747419527,517576.21488669456,CE_corregida_OLS,559.1174483883159,2746.380168478858,52.40591730404934,559.1174483883159,2746.380168478858
4135,587209.9627986748,517576.21488669456,CE_corregida_OLS,565.4136334279514,2590.699823459623,50.898917704206866,565.4136334279514,2590.699823459623
4136,587210.250855397,517576.21488669456,CE_corregida_OLS,572.2152327055978,2448.964408787682,49.48701252639607,572.2152327055978,2448.964408787682
4137,587210.5389121191,517576.21488669456,CE_corregida_OLS,579.5205968730924,2282.492575754842,47.77543904303593,579.5205968730924,2282.492575754842
4138,587210.8269688413,517576.21488669456,CE_corregida_OLS,587.2959728125882,2050.643377307843,45.284030047113106,587.2959728125882,2050.643377307843
4139,587211.1150255634,517576.21488669456,CE_corregida_OLS,595.3968825987797,1728.346123204457,41.57338238830775,595.3968825987797,1728.346123204457
4140,587211.4030822855,517576.21488669456,CE_corregida_OLS,603.2945416611274,1335.1822072565383,36.540145145531895,603.2945416611274,1335.1822072565383
4141,587211.6911390077,517576.21488669456,CE_corregida_OLS,609.0429441718951,1035.1176489576283,32.173244302644214,609.0429441718951,1035.1176489576283
4142,587211.9791957298,517576.21488669456,CE_corregida_OLS,609.0140466039694,1167.3717313043944,34.16682208377587,609.0140466039694,1167.3717313043944
4143,587212.2672524521,517576.21488669456,CE_corregida_OLS,604.6543625562225,1600.375649459049,40.00469534266008,604.6543625562225,1600.375649459049
4144,587212.5553091742,517576.21488669456,CE_corregida_OLS,599.2981909205613,2033.3347307643194,45.09251302338692,599.2981909205613,2033.3347307643194
4145,587212.8433658964,517576.21488669456,CE_corregida_OLS,594.0835721944528,2381.9294695349854,48.805014799044834,594.0835721944528,2381.9294695349854
4146,587213.1314226185,517576.21488669456,CE_corregida_OLS,589.3284558712705,2641.7698280588443,51.39815004510225,589.3284558712705,2641.7698280588443
4147,587213.4194793407,517576.21488669456,CE_corregida_OLS,585.1334926820783,2828.6060971023276,53.18464155282357,585.1334926820783,2828.6060971023276
4148,587213.7075360628,517576.21488669456,CE_corregida_OLS,581.5328069159502,2961.8119996354462,54.422532095038044,581.5328069159502,2961.8119996354462
4149,587213.995592785,517576.21488669456,CE_corregida_OLS,578.5369030107166,3057.8396472357526,55.29773636629037,578.5369030107166,3057.8396472357526
4150,587214.2836495071,517576.21488669456,CE_corregida_OLS,576.1439229220246,3127.204272169248,55.921411571680196,576.1439229220246,3127.204272169248
4151,587214.5717062292,517576.21488669456,CE_corregida_OLS,574.337602015245,3174.155618944534,56.33964517943412,574.337602015245,3174.155618944534
4152,587214.8597629514,517576.21488669456,CE_corregida_OLS,573.0783323224923,3198.5895341211253,56.55607424601822,573.0783323224923,3198.5895341211253
4153,587215.1478196735,517576.21488669456,CE_corregida_OLS,572.2911227352116,3199.266459476527,56.56205847983723,572.2911227352116,3199.266459476527
4154,587215.4358763958,517576.21488669456,CE_corregida_OLS,571.8531311917354,3177.4060656716774,56.36848468489886,571.8531311917354,3177.4060656716774
4155,587215.7239331179,517576.21488669456,CE_corregida_OLS,571.5836710580663,3140.0230058235047,56.03590818237449,571.5836710580663,3140.0230058235047
4156,587216.0119898401,517576.21488669456,CE_corregida_OLS,571.2432306483854,3102.203177112035,55.69742522874855,571.2432306483854,3102.203177112035
4157,587216.3000465622,517576.21488669456,CE_corregida_OLS,570.5550128136964,3086.6239242440033,55.55739306558582,570.5550128136964,3086.6239242440033
4158,587216.5881032844,517576.21488669456,CE_corregida_OLS,569.2632199398387,3118.1467303122013,55.840368285964956,569.2632199398387,3118.1467303122013
4159,587216.8761600065,517576.21488669456,CE_corregida_OLS,567.2169754388867,3214.0309007126775,56.69242366236143,567.2169754388867,3214.0309007126775
4160,587207.9464016197,517576.50294341677,CE_corregida_OLS,533.1435526684875,4285.5934048025165,65.46444382107371,533.1435526684875,4285.5934048025165
4161,587208.2344583418,517576.50294341677,CE_corregida_OLS,536.5076610749235,4096.736216123309,64.00575143003407,536.5076610749235,4096.736216123309
4162,587208.522515064,517576.50294341677,CE_corregida_OLS,540.3417212106589,3895.421392359467,62.41331101904038,540.3417212106589,3895.421392359467
4163,587208.8105717861,517576.50294341677,CE_corregida_OLS,544.6713174123887,3685.586981653997,60.70903542022388,544.6713174123887,3685.586981653997
4164,587209.0986285083,517576.50294341677,CE_corregida_OLS,549.5130001272898,3474.018481479815,58.940804893382776,549.5130001272898,3474.018481479815
4165,587209.3866852304,517576.50294341677,CE_corregida_OLS,554.8777430900805,3268.595213166284,57.17162944298757,554.8777430900805,3268.595213166284
4166,587209.6747419527,517576.50294341677,CE_corregida_OLS,560.7759342433412,3073.695046564099,55.44091491456557,560.7759342433412,3073.695046564099
4167,587209.9627986748,517576.50294341677,CE_corregida_OLS,567.2229863820053,2883.9399256533407,53.702327004081866,567.2229863820053,2883.9399256533407
4168,587210.250855397,517576.50294341677,CE_corregida_OLS,574.2433647205115,2680.312128954476,51.77173098279095,574.2433647205115,2680.312128954476
4169,587210.5389121191,517576.50294341677,CE_corregida_OLS,581.8709725493528,2432.0643194801332,49.315964144282255,581.8709725493528,2432.0643194801332
4170,587210.8269688413,517576.50294341677,CE_corregida_OLS,590.1459064854834,2102.9161077011313,45.85756325516142,590.1459064854834,2102.9161077011313
4171,587211.1150255634,517576.50294341677,CE_corregida_OLS,599.1076336197992,1657.0776949483663,40.7072191994045,599.1076336197992,1657.0776949483663
4172,587211.4030822855,517576.50294341677,CE_corregida_OLS,608.7702499818163,1063.9272682103656,32.617897973510885,608.7702499818163,1063.9272682103656
4173,587211.6911390077,517576.50294341677,CE_corregida_OLS,618.7107887417346,337.69639664687975,18.376517533169327,618.7107887417346,337.69639664687975
4174,587211.9791957298,517576.50294341677,CE_corregida_OLS,616.5514201922405,661.0840064843788,25.711553949234162,616.5514201922405,661.0840064843788
4175,587212.2672524521,517576.50294341677,CE_corregida_OLS,609.4100331218707,1342.1770741052371,36.63573493333028,609.4100331218707,1342.1770741052371
4176,587212.5553091742,517576.50294341677,CE_corregida_OLS,602.9110625994008,1859.1815220005458,43.11822725948443,602.9110625994008,1859.1815220005458
4177,587212.8433658964,517576.50294341677,CE_corregida_OLS,597.1282056413183,2232.9880665144815,47.25450313477523,597.1282056413183,2232.9880665144815
4178,587213.1314226185,517576.50294341677,CE_corregida_OLS,592.0315523735853,2495.32732706905,49.953251416389804,592.0315523735853,2495.32732706905
4179,587213.4194793407,517576.50294341677,CE_corregida_OLS,587.5794473632978,2679.0977855478855,51.76000179238681,587.5794473632978,2679.0977855478855
4180,587213.7075360628,517576.50294341677,CE_corregida_OLS,583.7312918108935,2814.4744186081602,53.05162032028956,583.7312918108935,2814.4744186081602
4181,587213.995592785,517576.50294341677,CE_corregida_OLS,580.4524291497577,2924.471607150773,54.07838391770572,580.4524291497577,2924.471607150773
4182,587214.2836495071,517576.50294341677,CE_corregida_OLS,577.7137267540523,3021.839312111304,54.97125896421969,577.7137267540523,3021.839312111304
4183,587214.5717062292,517576.50294341677,CE_corregida_OLS,575.484275756626,3109.551576710376,55.763353348865024,575.484275756626,3109.551576710376
4184,587214.8597629514,517576.50294341677,CE_corregida_OLS,573.7189974110946,3184.6726302964025,56.43290379110756,573.7189974110946,3184.6726302964025
4185,587215.1478196735,517576.50294341677,CE_corregida_OLS,572.3456936785901,3243.285312753165,56.949849102110576,572.3456936785901,3243.285312753165
4186,587215.4358763958,517576.50294341677,CE_corregida_OLS,571.2554995979067,3284.482497664968,57.31040479411193,571.2554995979067,3284.482497664968
4187,587215.7239331179,517576.50294341677,CE_corregida_OLS,570.2995493025969,3312.740865742207,57.556414635922266,570.2995493025969,3312.740865742207
4188,587216.0119898401,517576.50294341677,CE_corregida_OLS,569.2954952815868,3338.5473006095717,57.780163556445316,569.2954952815868,3338.5473006095717
4189,587216.3000465622,517576.50294341677,CE_corregida_OLS,568.0487860200918,3376.9252402875713,58.11131766091328,568.0487860200918,3376.9252402875713
4190,587216.5881032844,517576.50294341677,CE_corregida_OLS,566.3900957146627,3443.586012471115,58.68207573417214,566.3900957146627,3443.586012471115
4191,587208.2344583418,517576.7910001389,CE_corregida_OLS,537.232071886884,4319.3067254199495,65.72143277059584,537.232071886884,4319.3067254199495
4192,587208.522515064,517576.7910001389,CE_corregida_OLS,541.1301097666263,4137.550272560124,64.32379242986318,541.1301097666263,4137.550272560124
4193,587208.8105717861,517576.7910001389,CE_corregida_OLS,545.4936257120255,3948.0597151139314,62.83358747607788,545.4936257120255,3948.0597151139314
4194,587209.0986285083,517576.7910001389,CE_corregida_OLS,550.3437752943066,3754.0752842056013,61.27050909047191,550.3437752943066,3754.0752842056013
4195,587209.3866852304,517576.7910001389,CE_corregida_OLS,555.6978147415024,3558.049581571209,59.64938877785093,555.6978147415024,3558.049581571209
4196,587209.6747419527,517576.7910001389,CE_corregida_OLS,561.5720722936152,3358.8198857371526,57.95532663817151,561.5720722936152,3358.8198857371526
4197,587209.9627986748,517576.7910001389,CE_corregida_OLS,567.9846658161091,3148.5119582491784,56.11160270611755,567.9846658161091,3148.5119582491784
4198,587210.250855397,517576.7910001389,CE_corregida_OLS,574.9564177225734,2910.972873607786,53.953432454365554,574.9564177225734,2910.972873607786
4199,587210.5389121191,517576.7910001389,CE_corregida_OLS,582.5077947419971,2623.0656856695896,51.2158733760305,582.5077947419971,2623.0656856695896
4200,587210.8269688413,517576.7910001389,CE_corregida_OLS,590.647416727657,2258.6430103159287,47.52518290670672,590.647416727657,2258.6430103159287
4201,587211.1150255634,517576.7910001389,CE_corregida_OLS,599.3339563614699,1795.1940273836628,42.36973008391324,599.3339563614699,1795.1940273836628
4202,587211.4030822855,517576.7910001389,CE_corregida_OLS,608.30155434858,1232.5779148381212,35.10808902287507,608.30155434858,1232.5779148381212
4203,587211.6911390077,517576.7910001389,CE_corregida_OLS,615.7775504957264,718.7131359308605,26.80882570965876,615.7775504957264,718.7131359308605
4204,587211.9791957298,517576.7910001389,CE_corregida_OLS,615.1687658557252,873.3414763490624,29.55235145211058,615.1687658557252,873.3414763490624
4205,587212.2672524521,517576.7910001389,CE_corregida_OLS,609.5215393170834,1390.9653711233946,37.29564815261151,609.5215393170834,1390.9653711233946
4206,587212.5553091742,517576.7910001389,CE_corregida_OLS,603.5732440935967,1829.5824879982279,42.773619065940956,603.5732440935967,1829.5824879982279
4207,587212.8433658964,517576.7910001389,CE_corregida_OLS,598.0734125659003,2144.4054745444055,46.307725862369935,598.0734125659003,2144.4054745444055
4208,587213.1314226185,517576.7910001389,CE_corregida_OLS,593.1329563387249,2356.4031420376646,48.54279701498117,593.1329563387249,2356.4031420376646
4209,587213.4194793407,517576.7910001389,CE_corregida_OLS,588.7412224750427,2501.223165107373,50.01223015530674,588.7412224750427,2501.223165107373
4210,587213.7075360628,517576.7910001389,CE_corregida_OLS,584.8566627765226,2616.3938737325093,51.150697685686644,584.8566627765226,2616.3938737325093
4211,587213.995592785,517576.7910001389,CE_corregida_OLS,581.4379565277382,2730.7375502576233,52.256459411805,581.4379565277382,2730.7375502576233
4212,587214.2836495071,517576.7910001389,CE_corregida_OLS,578.4559742449605,2856.7760516023627,53.44881712070308,578.4559742449605,2856.7760516023627
4213,587214.5717062292,517576.7910001389,CE_corregida_OLS,575.8883882009482,2991.594702600224,54.69547241408766,575.8883882009482,2991.594702600224
4214,587214.8597629514,517576.7910001389,CE_corregida_OLS,573.7035870095987,3124.7169981863613,55.89916813501218,573.7035870095987,3124.7169981863613
4215,587215.1478196735,517576.7910001389,CE_corregida_OLS,571.845858668433,3246.240912512498,56.97579233773321,571.845858668433,3246.240912512498
4216,587215.4358763958,517576.7910001389,CE_corregida_OLS,570.2283416075379,3351.3476619683524,57.890825369555344,570.2283416075379,3351.3476619683524
4217,587215.7239331179,517576.7910001389,CE_corregida_OLS,568.7343347894911,3441.493757558427,58.66424598985678,568.7343347894911,3441.493757558427
4218,587216.0119898401,517576.7910001389,CE_corregida_OLS,567.2266768286859,3523.630867010648,59.360179135601065,567.2266768286859,3523.630867010648
4219,587216.3000465622,517576.7910001389,CE_corregida_OLS,565.5654079359613,3608.169048170817,60.06803682634232,565.5654079359613,3608.169048170817
4220,587216.5881032844,517576.7910001389,CE_corregida_OLS,563.6318551586525,3706.0270669543215,60.87714732930841,563.6318551586525,3706.0270669543215
4221,587208.522515064,517577.07905686105,CE_corregida_OLS,541.4429433557281,4359.654267839094,66.02767804367419,541.4429433557281,4359.654267839094
4222,587208.8105717861,517577.07905686105,CE_corregida_OLS,545.774403676162,4185.926624947347,64.69873742931424,545.774403676162,4185.926624947347
4223,587209.0986285083,517577.07905686105,CE_corregida_OLS,550.5551731033515,4005.024505816941,63.285262943413144,550.5551731033515,4005.024505816941
4224,587209.3866852304,517577.07905686105,CE_corregida_OLS,555.8003187928502,3816.597793234287,61.7786192240834,555.8003187928502,3816.597793234287
4225,587209.6747419527,517577.07905686105,CE_corregida_OLS,561.5204715039679,3617.4371713985,60.145134228784464,561.5204715039679,3617.4371713985
4226,587209.9627986748,517577.07905686105,CE_corregida_OLS,567.7205478983843,3400.113908095714,58.31049569413481,567.7205478983843,3400.113908095714
4227,587210.250855397,517577.07905686105,CE_corregida_OLS,574.3943726178227,3152.817308554573,56.149953771615635,574.3943726178227,3152.817308554573
4228,587210.5389121191,517577.07905686105,CE_corregida_OLS,581.5100641704405,2861.320778056912,53.49131497782525,581.5100641704405,2861.320778056912
4229,587210.8269688413,517577.07905686105,CE_corregida_OLS,588.9731564131279,2514.0780427790974,50.14058279257529,588.9731564131279,2514.0780427790974
4230,587211.1150255634,517577.07905686105,CE_corregida_OLS,596.5291307590924,2113.443327833399,45.972201685729594,596.5291307590924,2113.443327833399
4231,587211.4030822855,517577.07905686105,CE_corregida_OLS,603.4965450652854,1703.0181127227872,41.26764001881846,603.4965450652854,1703.0181127227872
4232,587211.6911390077,517577.07905686105,CE_corregida_OLS,608.2431416990237,1419.4453570656617,37.6755272964515,608.2431416990237,1419.4453570656617
4233,587211.9791957298,517577.07905686105,CE_corregida_OLS,608.8032573896659,1433.157175112643,37.85706242053975,608.8032573896659,1433.157175112643
4234,587212.2672524521,517577.07905686105,CE_corregida_OLS,605.8754367739828,1664.8576833019595,40.80266760031701,605.8754367739828,1664.8576833019595
4235,587212.5553091742,517577.07905686105,CE_corregida_OLS,601.5744534452184,1917.2769513444662,43.78672117599657,601.5744534452184,1917.2769513444662
4236,587212.8433658964,517577.07905686105,CE_corregida_OLS,597.0476652567552,2102.101873062793,45.848684529251145,597.0476652567552,2102.101873062793
4237,587213.1314226185,517577.07905686105,CE_corregida_OLS,592.7130394382668,2212.15538603235,47.033555957766474,592.7130394382668,2212.15538603235
4238,587213.4194793407,517577.07905686105,CE_corregida_OLS,588.690281928716,2278.9042892318143,47.73787059800441,588.690281928716,2278.9042892318143
4239,587213.7075360628,517577.07905686105,CE_corregida_OLS,584.9835407105924,2349.273819023864,48.4693080105737,584.9835407105924,2349.273819023864
4240,587213.995592785,517577.07905686105,CE_corregida_OLS,581.5702113200767,2461.2372967823208,49.61085865798253,581.5702113200767,2461.2372967823208
4241,587214.2836495071,517577.07905686105,CE_corregida_OLS,578.4464239782501,2623.667592324053,51.2217492118734,578.4464239782501,2623.667592324053
4242,587214.5717062292,517577.07905686105,CE_corregida_OLS,575.6250784389613,2818.930519158552,53.093601489808094,575.6250784389613,2818.930519158552
4243,587214.8597629514,517577.07905686105,CE_corregida_OLS,573.107867583835,3021.700324768319,54.96999476776689,573.107867583835,3021.700324768319
4244,587215.1478196735,517577.07905686105,CE_corregida_OLS,570.8659003104968,3212.9435248670834,56.68283271738528,570.8659003104968,3212.9435248670834
4245,587215.4358763958,517577.07905686105,CE_corregida_OLS,568.8370101553237,3383.587616079679,58.168613668194624,568.8370101553237,3383.587616079679
4246,587215.7239331179,517577.07905686105,CE_corregida_OLS,566.9326348710521,3533.0199134092586,59.43921191780102,566.9326348710521,3533.0199134092586
4247,587216.0119898401,517577.07905686105,CE_corregida_OLS,565.0493742096149,3666.383295715447,60.5506671781199,565.0493742096149,3666.383295715447
4248,587216.3000465622,517577.07905686105,CE_corregida_OLS,563.08372690109,3791.872973024869,61.57818585363545,563.08372690109,3791.872973024869
4249,587208.8105717861,517577.3671135832,CE_corregida_OLS,545.550929476252,4402.2855509653455,66.34972155906418,545.550929476252,4402.2855509653455
4250,587209.0986285083,517577.3671135832,CE_corregida_OLS,550.1908525783621,4232.700491860441,65.05920758709286,550.1908525783621,4232.700491860441
4251,587209.3866852304,517577.3671135832,CE_corregida_OLS,555.2402478654699,4052.665508613773,63.66054907565417,555.2402478654699,4052.665508613773
4252,587209.6747419527,517577.3671135832,CE_corregida_OLS,560.69728651501,3858.794707818923,62.119197578678715,560.69728651501,3858.794707818923
4253,587209.9627986748,517577.3671135832,CE_corregida_OLS,566.5461000745959,3645.450763313969,60.37756837861201,566.5461000745959,3645.450763313969
4254,587210.250855397,517577.3671135832,CE_corregida_OLS,572.7462678197592,3405.4235708630845,58.35600715318933,572.7462678197592,3405.4235708630845
4255,587210.5389121191,517577.3671135832,CE_corregida_OLS,579.2111603933249,3132.355480983445,55.9674501919057,579.2111603933249,3132.355480983445
4256,587210.8269688413,517577.3671135832,CE_corregida_OLS,585.764575920005,2825.8201788294914,53.15844409714689,585.764575920005,2825.8201788294914
4257,587211.1150255634,517577.3671135832,CE_corregida_OLS,592.0588890552308,2500.3447897517167,50.00344777864539,592.0588890552308,2500.3447897517167
4258,587211.4030822855,517577.3671135832,CE_corregida_OLS,597.4550359229825,2197.9797896922896,46.88261713782934,597.4550359229825,2197.9797896922896
4259,587211.6911390077,517577.3671135832,CE_corregida_OLS,601.0122168588166,1989.8698069210873,44.60795676693887,601.0122168588166,1989.8698069210873
4260,587211.9791957298,517577.3671135832,CE_corregida_OLS,601.9967286993474,1928.1582812609472,43.910799141679796,601.9967286993474,1928.1582812609472
4261,587212.2672524521,517577.3671135832,CE_corregida_OLS,600.6430338149353,1977.3172577595321,44.467035630448,600.6430338149353,1977.3172577595321
4262,587212.5553091742,517577.3671135832,CE_corregida_OLS,597.8790419293434,2047.4495339648531,45.24875173930054,597.8790419293434,2047.4495339648531
4263,587212.8433658964,517577.3671135832,CE_corregida_OLS,594.5237181954357,2073.9700965300353,45.540861833413246,594.5237181954357,2073.9700965300353
4264,587213.1314226185,517577.3671135832,CE_corregida_OLS,591.0384362249588,2043.3053338391803,45.202935013549514,591.0384362249588,2043.3053338391803
4265,587213.4194793407,517577.3671135832,CE_corregida_OLS,587.6089819923536,1990.591508893841,44.616045419712414,587.6089819923536,1990.591508893841
4266,587213.7075360628,517577.3671135832,CE_corregida_OLS,584.2577634804284,1987.5656936309867,44.58212302740849,584.2577634804284,1987.5656936309867
4267,587213.995592785,517577.3671135832,CE_corregida_OLS,580.965157132485,2097.487507220425,45.798335201406886,580.965157132485,2097.487507220425
4268,587214.2836495071,517577.3671135832,CE_corregida_OLS,577.7719171622491,2318.8817712311916,48.15476893549788,577.7719171622491,2318.8817712311916
4269,587214.5717062292,517577.3671135832,CE_corregida_OLS,574.7620319857394,2599.3355446740065,50.98367919907317,574.7620319857394,2599.3355446740065
4270,587214.8597629514,517577.3671135832,CE_corregida_OLS,571.9899756957146,2888.06646229488,53.74073373424371,571.9899756957146,2888.06646229488
4271,587215.1478196735,517577.3671135832,CE_corregida_OLS,569.4569044894572,3156.295069939834,56.18091375137853,569.4569044894572,3156.295069939834
4272,587215.4358763958,517577.3671135832,CE_corregida_OLS,567.1217537761269,3393.2417184389756,58.251538335386265,567.1217537761269,3393.2417184389756
4273,587215.7239331179,517577.3671135832,CE_corregida_OLS,564.9172852236094,3598.8098144254413,59.99008096698521,564.9172852236094,3598.8098144254413
4274,587216.0119898401,517577.3671135832,CE_corregida_OLS,562.764092916618,3778.5103334289165,61.469588687650386,562.764092916618,3778.5103334289165
4275,587209.3866852304,517577.65517030534,CE_corregida_OLS,554.1029739928124,4271.42261506952,65.35612148123174,554.1029739928124,4271.42261506952
4276,587209.6747419527,517577.65517030534,CE_corregida_OLS,559.2204880130662,4087.053980735571,63.93007102088634,559.2204880130662,4087.053980735571
4277,587209.9627986748,517577.65517030534,CE_corregida_OLS,564.6327803137651,3884.8339543396614,62.328436161511874,564.6327803137651,3884.8339543396614
4278,587210.250855397,517577.65517030534,CE_corregida_OLS,570.2723368359714,3661.19908274183,60.50784315063486,570.2723368359714,3661.19908274183
4279,587210.5389121191,517577.65517030534,CE_corregida_OLS,576.0197377300842,3414.811083128101,58.436384925216764,576.0197377300842,3414.811083128101
4280,587210.8269688413,517577.65517030534,CE_corregida_OLS,581.6722367084603,3150.112697220862,56.125864779269655,581.6722367084603,3150.112697220862
4281,587211.1150255634,517577.65517030534,CE_corregida_OLS,586.9042131693266,2881.7938483483963,53.682342053494615,586.9042131693266,2881.7938483483963
4282,587211.4030822855,517577.65517030534,CE_corregida_OLS,591.2486861253449,2637.12537550719,51.352949043917526,591.2486861253449,2637.12537550719
4283,587211.6911390077,517577.65517030534,CE_corregida_OLS,594.1813251949168,2448.2930922358846,49.4802293066219,594.1813251949168,2448.2930922358846
4284,587211.9791957298,517577.65517030534,CE_corregida_OLS,595.3723881998604,2329.198281873067,48.261768325177094,595.3723881998604,2329.198281873067
4285,587212.2672524521,517577.65517030534,CE_corregida_OLS,594.9260100486405,2255.377100682008,47.490810697249714,594.9260100486405,2255.377100682008
4286,587212.5553091742,517577.65517030534,CE_corregida_OLS,593.2988404406922,2175.8836236818606,46.64636774371463,593.2988404406922,2175.8836236818606
4287,587212.8433658964,517577.65517030534,CE_corregida_OLS,591.0052666038964,2045.0890660136645,45.2226609789126,591.0052666038964,2045.0890660136645
4288,587213.1314226185,517577.65517030534,CE_corregida_OLS,588.4203677487034,1847.9144961141026,42.98737600870868,588.4203677487034,1847.9144961141026
4289,587213.4194793407,517577.65517030534,CE_corregida_OLS,585.719295954608,1624.4762908947453,40.3047924060495,585.719295954608,1624.4762908947453
4290,587213.7075360628,517577.65517030534,CE_corregida_OLS,582.866700316991,1501.5199262151086,38.7494506569462,582.866700316991,1501.5199262151086
4291,587213.995592785,517577.65517030534,CE_corregida_OLS,579.7555879758621,1624.6885426880413,40.30742540386375,579.7555879758621,1624.6885426880413
4292,587214.2836495071,517577.65517030534,CE_corregida_OLS,576.5059213712929,1957.5543352243224,44.24425765253975,576.5059213712929,1957.5543352243224
4293,587214.5717062292,517577.65517030534,CE_corregida_OLS,573.344714669464,2360.606170123164,48.58606971265698,573.344714669464,2360.606170123164
4294,587214.8597629514,517577.65517030534,CE_corregida_OLS,570.3873491081309,2750.7776864063053,52.44785683329973,570.3873491081309,2750.7776864063053
4295,587215.1478196735,517577.65517030534,CE_corregida_OLS,567.652036436042,3098.4376706578737,55.663611728470094,567.652036436042,3098.4376706578737
4296,587215.4358763958,517577.65517030534,CE_corregida_OLS,565.1079435266507,3398.002996892741,58.29239227285788,565.1079435266507,3398.002996892741
4297,587215.7239331179,517577.65517030534,CE_corregida_OLS,562.7010147775889,3653.6037489927635,60.44504734875111,562.7010147775889,3653.6037489927635
4298,587209.6747419527,517577.94322702754,CE_corregida_OLS,557.2253539161012,4303.295100832466,65.59950533984586,557.2253539161012,4303.295100832466
4299,587209.9627986748,517577.94322702754,CE_corregida_OLS,562.1655711189826,4115.706206864286,64.15377001287054,562.1655711189826,4115.706206864286
4300,587210.250855397,517577.94322702754,CE_corregida_OLS,567.2285979343891,3911.5261862135567,62.54219524619804,567.2285979343891,3911.5261862135567
4301,587210.5389121191,517577.94322702754,CE_corregida_OLS,572.2863935952241,3691.6660889868854,60.75908235800542,572.2863935952241,3691.6660889868854
4302,587210.8269688413,517577.94322702754,CE_corregida_OLS,577.1485370342049,3461.116377724999,58.83125340943366,577.1485370342049,3461.116377724999
4303,587211.1150255634,517577.94322702754,CE_corregida_OLS,581.5521126125988,3230.282261290915,56.8355721471238,581.5521126125988,3230.282261290915
4304,587211.4030822855,517577.94322702754,CE_corregida_OLS,585.1783123963218,3013.7012972022817,54.89718842711603,585.1783123963218,3013.7012972022817
4305,587211.6911390077,517577.94322702754,CE_corregida_OLS,587.723373087274,2823.5543532318134,53.1371278225669,587.723373087274,2823.5543532318134
4306,587211.9791957298,517577.94322702754,CE_corregida_OLS,589.0190994131495,2658.8312390127235,51.56385593623428,589.0190994131495,2658.8312390127235
4307,587212.2672524521,517577.94322702754,CE_corregida_OLS,589.1226893720635,2498.241692558314,49.98241383285039,589.1226893720635,2498.241692558314
4308,587212.5553091742,517577.94322702754,CE_corregida_OLS,588.2873720440505,2304.9110324560943,48.00948898349257,588.2873720440505,2304.9110324560943
4309,587212.8433658964,517577.94322702754,CE_corregida_OLS,586.8420592679533,2039.5483426662,45.16135895504253,586.8420592679533,2039.5483426662
4310,587213.1314226185,517577.94322702754,CE_corregida_OLS,585.0781717065138,1674.9456358621528,40.926099690321735,585.0781717065138,1674.9456358621528
4311,587213.4194793407,517577.94322702754,CE_corregida_OLS,583.1704271839956,1223.1007249593383,34.97285697450722,583.1704271839956,1223.1007249593383
4312,587213.7075360628,517577.94322702754,CE_corregida_OLS,581.0004837775517,863.6762397934427,29.388369124424763,581.0004837775517,863.6762397934427
4313,587213.995592785,517577.94322702754,CE_corregida_OLS,578.0337121067159,1062.522731136733,32.59636070386897,578.0337121067159,1062.522731136733
4314,587214.2836495071,517577.94322702754,CE_corregida_OLS,574.6533903681643,1610.825172998759,40.1350865577584,574.6533903681643,1610.825172998759
4315,587214.5717062292,517577.94322702754,CE_corregida_OLS,571.3770517792408,2165.253762671938,46.5322873139924,571.3770517792408,2165.253762671938
4316,587214.8597629514,517577.94322702754,CE_corregida_OLS,568.3166631744035,2653.555118801295,51.51266949791376,568.3166631744035,2653.555118801295
4317,587215.1478196735,517577.94322702754,CE_corregida_OLS,565.473342177358,3069.0331964363145,55.39885555168369,565.473342177358,3069.0331964363145
4318,587215.4358763958,517577.94322702754,CE_corregida_OLS,562.8146147994034,3418.8020152823387,58.47052261851555,562.8146147994034,3418.8020152823387
4319,587209.9627986748,517578.2312837497,CE_corregida_OLS,559.3133504746332,4335.269097666034,65.84276040436059,559.3133504746332,4335.269097666034
4320,587210.250855397,517578.2312837497,CE_corregida_OLS,563.8271753504381,4150.167846775331,64.42179636408264,563.8271753504381,4150.167846775331
4321,587210.5389121191,517578.2312837497,CE_corregida_OLS,568.2649408137004,3953.3814459476043,62.875921034586874,568.2649408137004,3953.3814459476043
4322,587210.8269688413,517578.2312837497,CE_corregida_OLS,572.46458237304455,3748.6093911450694,61.225888243006075,572.46458237304455,3748.6093911450694
4323,587211.1150255634,517578.2312837497,CE_corregida_OLS,576.2260766206366,3541.751609577049,59.51261723010549,576.2260766206366,3541.751609577049
4324,587211.4030822855,517578.2312837497,CE_corregida_OLS,579.3334156225051,3339.0035763506826,57.78411179857905,579.3334156225051,3339.0035763506826
4325,587211.6911390077,517578.2312837497,CE_corregida_OLS,581.6014852360826,3142.615685845479,56.059037503737784,581.6014852360826,3142.615685845479
4326,587211.9791957298,517578.2312837497,CE_corregida_OLS,582.9360867334299,2945.6104777354303,54.27347858517483,582.9360867334299,2945.6104777354303
4327,587212.2672524521,517578.2312837497,CE_corregida_OLS,583.3726522643558,2728.8154856934775,52.238065485749736,583.3726522643558,2728.8154856934775
4328,587212.5553091742,517578.2312837497,CE_corregida_OLS,583.0641517388547,2462.696217742075,49.62556012522252,583.0641517388547,2462.696217742075
4329,587212.8433658964,517578.2312837497,CE_corregida_OLS,582.2275195204273,2112.5350153169725,45.9623216919791,582.2275195204273,2112.5350153169725
4330,587213.1314226185,517578.2312837497,CE_corregida_OLS,581.0854170103411,1643.2175964323233,40.53662043673995,581.0854170103411,1643.2175964323233
4331,587213.4194793407,517578.2312837497,CE_corregida_OLS,579.8293224195787,1021.4249817828359,31.959740014318577,579.8293224195787,1021.4249817828359
4332,587213.7075360628,517578.2312837497,CE_corregida_OLS,578.6061550947451,215.43666076463552,14.677760754441923,578.6061550947451,215.43666076463552
4333,587213.995592785,517578.2312837497,CE_corregida_OLS,575.5438464127288,690.8868076713919,26.284725748453074,575.5438464127288,690.8868076713919
4334,587214.2836495071,517578.2312837497,CE_corregida_OLS,572.0801875060423,1461.0784044870575,38.22405531189826,572.0801875060423,1461.0784044870575
4335,587214.5717062292,517578.2312837497,CE_corregida_OLS,568.8290405700567,2106.608587512391,45.89780591174692,568.8290405700567,2106.608587512391
4336,587214.8597629514,517578.2312837497,CE_corregida_OLS,565.7895496977899,2646.5179327148385,51.444318760333864,565.7895496977899,2646.5179327148385
4337,587215.1478196735,517578.2312837497,CE_corregida_OLS,562.9440953052435,3097.639226012626,55.65643921427804,562.9440953052435,3097.639226012626
4338,587215.4358763958,517578.2312837497,CE_corregida_OLS,560.263317455483,3474.970193099877,58.94887779338872,560.263317455483,3474.970193099877
4339,587210.250855397,517578.51934047183,CE_corregida_OLS,560.2279431409524,4373.936228790099,66.13574093325106,560.2279431409524,4373.936228790099
4340,587210.5389121191,517578.51934047183,CE_corregida_OLS,564.1249798259447,4196.418745637209,64.77977111442436,564.1249798259447,4196.418745637209
4341,587210.8269688413,517578.51934047183,CE_corregida_OLS,567.7752930977117,4011.240683340733,63.334356263727294,567.7752930977117,4011.240683340733
4342,587211.1150255634,517578.51934047183,CE_corregida_OLS,571.0295502672822,3820.9611599329246,61.81392367365887,571.0295502672822,3820.9611599329246
4343,587211.4030822855,517578.51934047183,CE_corregida_OLS,573.7390170520356,3627.0304382101076,60.22483240499809,573.7390170520356,3627.0304382101076
4344,587211.6911390077,517578.51934047183,CE_corregida_OLS,575.7846984535564,3427.2664585857715,58.54286001371791,575.7846984535564,3427.2664585857715
4345,587211.9791957298,517578.51934047183,CE_corregida_OLS,577.1086556742102,3213.2955597356136,56.68593793645487,577.1086556742102,3213.2955597356136
4346,587212.2672524521,517578.51934047183,CE_corregida_OLS,577.7320570021586,2969.49294724481,54.493054119261934,577.7320570021586,2969.49294724481
4347,587212.5553091742,517578.51934047183,CE_corregida_OLS,577.7484648317508,2674.5444122239437,51.71599764312725,577.7484648317508,2674.5444122239437
4348,587212.8433658964,517578.51934047183,CE_corregida_OLS,577.2947977023498,2305.79600812387,48.0187047734929,577.2947977023498,2305.79600812387
4349,587213.1314226185,517578.51934047183,CE_corregida_OLS,576.5107352552103,1847.8766002170373,42.98693522707844,576.5107352552103,1847.8766002170373
4350,587213.4194793407,517578.51934047183,CE_corregida_OLS,575.4796422663381,1320.025644261253,36.33215716498613,575.4796422663381,1320.025644261253
4351,587213.7075360628,517578.51934047183,CE_corregida_OLS,574.0411738183817,911.456559278063,30.19033884006708,574.0411738183817,911.456559278063
4352,587213.995592785,517578.51934047183,CE_corregida_OLS,571.6517685708701,1102.4291733629848,33.20284887420031,571.6517685708701,1102.4291733629848
4353,587214.2836495071,517578.51934047183,CE_corregida_OLS,568.7007541160336,1667.1450246327984,40.83068729072287,568.7007541160336,1667.1450246327984
4354,587214.5717062292,517578.51934047183,CE_corregida_OLS,565.7214425148865,2244.875980675597,47.38012221043332,565.7214425148865,2244.875980675597
4355,587214.8597629514,517578.51934047183,CE_corregida_OLS,562.8474962674843,2759.0636987529488,52.5267902955525,562.8474962674843,2759.0636987529488
4356,587215.1478196735,517578.51934047183,CE_corregida_OLS,560.1045147001353,3201.5437367656145,56.58218568388477,560.1045147001353,3201.5437367656145
4357,587210.5389121191,517578.807397194,CE_corregida_OLS,559.9761641883837,4420.769512207307,66.48886758102672,559.9761641883837,4420.769512207307
4358,587210.8269688413,517578.807397194,CE_corregida_OLS,563.1688429362221,4251.473467227833,65.20332405044878,563.1688429362221,4251.473467227833
4359,587211.1150255634,517578.807397194,CE_corregida_OLS,566.0117820072362,4074.647695184157,63.832967150087555,566.0117820072362,4074.647695184157
4360,587211.4030822855,517578.807397194,CE_corregida_OLS,568.3997330881955,3889.4828169301204,62.36571828280438,568.3997330881955,3889.4828169301204
4361,587211.6911390077,517578.807397194,CE_corregida_OLS,570.2517039506636,3692.484331580737,60.76581548519477,570.2517039506636,3692.484331580737
4362,587211.9791957298,517578.807397194,CE_corregida_OLS,571.5277977386197,3476.461588782004,58.96152634372692,571.5277977386197,3476.461588782004
4363,587212.2672524521,517578.807397194,CE_corregida_OLS,572.2375774152221,3230.742516744254,56.83962101161701,572.2375774152221,3230.742516744254
4364,587212.5553091742,517578.807397194,CE_corregida_OLS,572.4345367226125,2943.534195020056,54.254347245359575,572.4345367226125,2943.534195020056
4365,587212.8433658964,517578.807397194,CE_corregida_OLS,572.1962379551136,2607.655219218802,51.06520556326785,572.1962379551136,2607.655219218802
4366,587213.1314226185,517578.807397194,CE_corregida_OLS,571.5916043042973,2232.963908392536,47.25424751694323,571.5916043042973,2232.963908392536
4367,587213.4194793407,517578.807397194,CE_corregida_OLS,570.6315587768186,1873.8058729596103,43.28747940178095,570.6315587768186,1873.8058729596103
4368,587213.7075360628,517578.807397194,CE_corregida_OLS,569.2144800087049,1667.389097090246,40.83367601735418,569.2144800087049,1667.389097090246
4369,587213.995592785,517578.807397194,CE_corregida_OLS,567.2233997882374,1762.5689391267904,41.98296010438985,567.2233997882374,1762.5689391267904
4370,587214.2836495071,517578.807397194,CE_corregida_OLS,564.7973302844059,2108.023977912971,45.91322225582704,564.7973302844059,2108.023977912971
4371,587214.5717062292,517578.807397194,CE_corregida_OLS,562.1975604372213,2545.1981650263174,50.4499570369125,562.1975604372213,2545.1981650263174
4372,587214.8597629514,517578.807397194,CE_corregida_OLS,559.582583913146,2980.244852877203,54.59161888859134,559.582583913146,2980.244852877203
4373,587210.8269688413,517579.0954539161,CE_corregida_OLS,558.6960633007253,4472.712033351117,66.87833754924772,558.6960633007253,4472.712033351117
4374,587211.1150255634,517579.0954539161,CE_corregida_OLS,561.1969817777317,4308.648340122971,65.64029509472799,561.1969817777317,4308.648340122971
4375,587211.4030822855,517579.0954539161,CE_corregida_OLS,563.3145225209362,4134.282398007185,64.29838565630699,563.3145225209362,4134.282398007185
4376,587211.6911390077,517579.0954539161,CE_corregida_OLS,564.9902086210136,3946.4679660888105,62.820919812502034,564.9902086210136,3946.4679660888105
4377,587211.9791957298,517579.0954539161,CE_corregida_OLS,566.1932195934661,3740.3330063609287,61.15826196321253,566.1932195934661,3740.3330063609287
4378,587212.2672524521,517579.0954539161,CE_corregida_OLS,566.9239629560852,3510.253185899626,59.2473896969278,566.9239629560852,3510.253185899626
4379,587212.5553091742,517579.0954539161,CE_corregida_OLS,567.2092348571166,3252.6066767219863,57.031628739866676,567.2092348571166,3252.6066767219863
4380,587212.8433658964,517579.0954539161,CE_corregida_OLS,567.0884346307676,2971.22061699157,54.508904015688756,567.0884346307676,2971.22061699157
4381,587213.1314226185,517579.0954539161,CE_corregida_OLS,566.5924631314301,2686.547909964952,51.83191979817988,566.5924631314301,2686.547909964952
4382,587213.4194793407,517579.0954539161,CE_corregida_OLS,565.7210875737578,2447.073363990467,49.46790236092963,565.7210875737578,2447.073363990467
4383,587213.7075360628,517579.0954539161,CE_corregida_OLS,564.4406580897656,2328.053128369859,48.249902884564015,564.4406580897656,2328.053128369859
4384,587213.995592785,517579.0954539161,CE_corregida_OLS,562.7391091587141,2387.7564426565277,48.864674793315956,562.7391091587141,2387.7564426565277
4385,587214.2836495071,517579.0954539161,CE_corregida_OLS,560.6954328867021,2610.4038275785183,51.09211120690276,560.6954328867021,2610.4038275785183
4386,587214.5717062292,517579.0954539161,CE_corregida_OLS,558.4477215732327,2926.452413084591,54.096695029221436,558.4477215732327,2926.452413084591
4387,587211.4030822855,517579.3835106383,CE_corregida_OLS,558.481271149666,4365.75726013507,66.07387729000827,558.481271149666,4365.75726013507
4388,587211.6911390077,517579.3835106383,CE_corregida_OLS,559.9940733661981,4192.109628335473,64.7465028270676,559.9940733661981,4192.109628335473
4389,587211.9791957298,517579.3835106383,CE_corregida_OLS,561.1098197005941,4003.58541782193,63.27389207107407,561.1098197005941,4003.58541782193
4390,587212.2672524521,517579.3835106383,CE_corregida_OLS,561.8227047171583,3798.551902928489,61.63239329223302,561.8227047171583,3798.551902928489
4391,587212.5553091742,517579.3835106383,CE_corregida_OLS,562.1433027415112,3578.625396448642,59.82161312141827,562.1433027415112,3578.625396448642
4392,587212.8433658964,517579.3835106383,CE_corregida_OLS,562.089981095918,3352.475254364087,57.90056350644687,562.089981095918,3352.475254364087
4393,587213.1314226185,517579.3835106383,CE_corregida_OLS,561.6777310103055,3140.4190650092114,56.039442047625805,561.6777310103055,3140.4190650092114
4394,587213.4194793407,517579.3835106383,CE_corregida_OLS,560.9103070682554,2976.706295147911,54.559199913011106,560.9103070682554,2976.706295147911
4395,587213.7075360628,517579.3835106383,CE_corregida_OLS,559.7858779376893,2902.370862676676,53.873656481407274,559.7858779376893,2902.370862676676
4396,587213.995592785,517579.3835106383,CE_corregida_OLS,558.3208972877073,2944.450632006438,54.26279233513917,558.3208972877073,2944.450632006438
4397,587214.2836495071,517579.3835106383,CE_corregida_OLS,556.571098575585,3096.9901629793085,55.65060793000656,556.571098575585,3096.9901629793085
4398,587211.6911390077,517579.67156736046,CE_corregida_OLS,555.2599948106491,4429.065986827257,66.55122828939565,555.2599948106491,4429.065986827257
4399,587211.9791957298,517579.67156736046,CE_corregida_OLS,556.2830659130389,4261.886281782801,65.28312401978631,556.2830659130389,4261.886281782801
4400,587212.2672524521,517579.67156736046,CE_corregida_OLS,556.9575538049834,4084.9786581829276,63.913837767598714,556.9575538049834,4084.9786581829276
4401,587212.5553091742,517579.67156736046,CE_corregida_OLS,557.2851770285008,3902.47634170041,62.469803438944886,557.2851770285008,3902.47634170041
4402,587212.8433658964,517579.67156736046,CE_corregida_OLS,557.2738290883567,3723.8568040956234,61.023411934237366,557.2738290883567,3723.8568040956234
4403,587213.1314226185,517579.67156736046,CE_corregida_OLS,556.9323187129717,3565.6084368508373,59.71271587234027,556.9323187129717,3565.6084368508373
4404,587213.4194793407,517579.67156736046,CE_corregida_OLS,556.2681021822011,3450.4412031189872,58.740456272648984,556.2681021822011,3450.4412031189872
4405,587213.7075360628,517579.67156736046,CE_corregida_OLS,555.2915565577027,3401.665394514056,58.32379784028176,555.2915565577027,3401.665394514056
4406,587213.995592785,517579.67156736046,CE_corregida_OLS,554.0258782970739,3433.3574038691163,58.59485816920386,554.0258782970739,3433.3574038691163
4407,587211.9791957298,517579.9596240826,CE_corregida_OLS,551.7159516472464,4510.523123155407,67.16042825321625,551.7159516472464,4510.523123155407
4408,587212.2672524521,517579.9596240826,CE_corregida_OLS,552.3428548886549,4360.952598087914,66.03750902394725,552.3428548886549,4360.952598087914
4409,587212.5553091742,517579.9596240826,CE_corregida_OLS,552.663041472669,4211.746393985636,64.89796910524733,552.663041472669,4211.746393985636
4410,587212.8433658964,517579.9596240826,CE_corregida_OLS,552.6794692254532,4071.376174133072,63.807336366072136,552.6794692254532,4071.376174133072
4411,587213.1314226185,517579.9596240826,CE_corregida_OLS,552.3983374660472,3952.2163215339046,62.86665508466237,552.3983374660472,3952.2163215339046
4412,587213.4194793407,517579.9596240826,CE_corregida_OLS,551.8285639632506,3869.182784362636,62.2027554402748,551.8285639632506,3869.182784362636
4413,587213.7075360628,517579.9596240826,CE_corregida_OLS,550.9841055435896,3836.131819245414,61.936514426026704,550.9841055435896,3836.131819245414
4414,587213.995592785,517579.9596240826,CE_corregida_OLS,549.8879470332134,3861.0003563858163,62.13694839936876,549.8879470332134,3861.0003563858163
4415,587212.2672524521,517580.24768080475,CE_corregida_OLS,547.9845037976744,4620.812841258166,67.97656096963252,547.9845037976744,4620.812841258166
4416,587212.5553091742,517580.24768080475,CE_corregida_OLS,548.290140175656,4499.6747801733,67.07961523572791,548.290140175656,4499.6747801733
4417,587212.8433658964,517580.24768080475,CE_corregida_OLS,548.3254851278073,4389.25682005895,66.25146655025043,548.3254851278073,4389.25682005895
4418,587213.1314226185,517580.24768080475,CE_corregida_OLS,548.0953573318803,4298.565606044995,65.56344717939253,548.0953573318803,4298.565606044995
4419,587213.4194793407,517580.24768080475,CE_corregida_OLS,547.6086191427165,4237.489843519379,65.09600481995327,547.6086191427165,4237.489843519379
4420,587213.7075360628,517580.24768080475,CE_corregida_OLS,546.8792502384888,4214.606911699609,64.92000394100118,546.8792502384888,4214.606911699609
4421,587212.5553091742,517580.5357375269,CE_corregida_OLS,544.1697384397269,4763.347653390071,69.01700988444857,544.1697384397269,4763.347653390071
4422,587212.8433658964,517580.5357375269,CE_corregida_OLS,544.2179415847849,4676.167416344875,68.3825081168048,544.2179415847849,4676.167416344875
4423,587213.1314226185,517580.5357375269,CE_corregida_OLS,544.0304044637948,4606.419517596583,67.87060864318651,544.0304044637948,4606.419517596583
4424,587213.4194793407,517580.5357375269,CE_corregida_OLS,543.6151941655328,4560.763079481272,67.53342194411054,543.6151941655328,4560.763079481272
4425,587213.1314226185,517580.8237942491,CE_corregida_OLS,540.2031475808951,4878.887962680415,69.84903694884,540.2031475808951,4878.887962680415
