grid_id,X,Y,Variable,Prediccion,Varianza_kriging,Error_estandar_kriging,var1.pred,var1.var
1,587191.5271684568,517550.00172497844,T,16.501495216452213,0.4384329087272877,0.6621426649350484,16.501495216452213,0.4384329087272877
2,587191.2391117347,517550.2897817006,T,16.505096615963403,0.43485118750342744,0.6594324738010917,16.505096615963403,0.43485118750342744
3,587191.5271684568,517550.2897817006,T,16.50227083428564,0.43697576887902334,0.6610414275058889,16.50227083428564,0.43697576887902334
4,587191.815225179,517550.2897817006,T,16.50083970219585,0.43825347908644335,0.6620071593921348,16.50083970219585,0.43825347908644335
5,587190.9510550125,517550.5778384228,T,16.513512475812497,0.4239423805769859,0.651108578178007,16.513512475812497,0.4239423805769859
6,587191.2391117347,517550.5778384228,T,16.506722648958064,0.43036337358914994,0.656020863684342,16.506722648958064,0.43036337358914994
7,587191.5271684568,517550.5778384228,T,16.50291841395989,0.434298830971548,0.6590135286711101,16.50291841395989,0.434298830971548
8,587191.815225179,517550.5778384228,T,16.501052662257877,0.43666460244078215,0.6608060248217945,16.501052662257877,0.43666460244078215
9,587192.1032819011,517550.5778384228,T,16.500279396994813,0.43807683559081323,0.6618737308511444,16.500279396994813,0.43807683559081323
10,587190.6629982904,517550.86589514493,T,16.530178749331196,0.3937503825597893,0.6274953247314192,16.530178749331196,0.3937503825597893
11,587190.9510550125,517550.86589514493,T,16.516447029111326,0.4109208633907444,0.6410310939344085,16.516447029111326,0.4109208633907444
12,587191.2391117347,517550.86589514493,T,16.5077675631233,0.42229770771487773,0.6498443719190601,16.5077675631233,0.42229770771487773
13,587191.5271684568,517550.86589514493,T,16.502980494507305,0.42943905098936136,0.6553159932348374,16.502980494507305,0.42943905098936136
14,587191.815225179,517550.86589514493,T,16.500788688798444,0.43377315710376757,0.6586145740140948,16.500788688798444,0.43377315710376757
15,587192.1032819011,517550.86589514493,T,16.500062322299865,0.43636195743618966,0.6605769882732744,16.500062322299865,0.43636195743618966
16,587192.3913386234,517550.86589514493,T,16.499989800476865,0.43790133096996303,0.6617411359209604,16.499989800476865,0.43790133096996303
17,587192.6793953455,517550.86589514493,T,16.500092332018294,0.43881529779586365,0.6624313532705586,16.500092332018294,0.43881529779586365
18,587190.3749415682,517551.1539518671,T,16.557456184216342,0.32638774869402365,0.5713035521454629,16.557456184216342,0.32638774869402365
19,587190.6629982904,517551.1539518671,T,16.534454638008736,0.36195882910680244,0.6016301431168508,16.534454638008736,0.36195882910680244
20,587190.9510550125,517551.1539518671,T,16.517837563116778,0.38921526767652426,0.6238711947802401,16.517837563116778,0.38921526767652426
21,587191.2391117347,517551.1539518671,T,16.507312462041746,0.4083172323191892,0.6389970518861485,16.507312462041746,0.4083172323191892
22,587191.5271684568,517551.1539518671,T,16.501705127205092,0.42080553956125305,0.6486952593947739,16.501705127205092,0.42080553956125305
23,587191.815225179,517551.1539518671,T,16.49947266002738,0.4285751685144489,0.6546565271304097,16.49947266002738,0.4285751685144489
24,587192.1032819011,517551.1539518671,T,16.49914711733411,0.433266555196032,0.6582298650137595,16.49914711733411,0.433266555196032
25,587192.3913386234,517551.1539518671,T,16.499608262507493,0.4360620856451841,0.6603499720944828,16.499608262507493,0.4360620856451841
26,587192.6793953455,517551.1539518671,T,16.50016873875462,0.437723124969534,0.6616064728896884,16.50016873875462,0.437723124969534
27,587192.9674520676,517551.1539518671,T,16.50051863449527,0.4387095047493716,0.6623514963743734,16.50051863449527,0.4387095047493716
28,587190.3749415682,517551.4420085892,T,16.561797124796616,0.2680982905141186,0.5177820878652704,16.561797124796616,0.2680982905141186
29,587190.6629982904,517551.4420085892,T,16.53556989248691,0.3157070231826759,0.5618781212884836,16.53556989248691,0.3157070231826759
30,587190.9510550125,517551.4420085892,T,16.516279737105553,0.355448699530676,0.5961951857661012,16.516279737105553,0.355448699530676
31,587191.2391117347,517551.4420085892,T,16.504125768399874,0.3853397128350153,0.62075737034288625,16.504125768399874,0.3853397128350153
32,587191.5271684568,517551.4420085892,T,16.49803891251715,0.4060191401307265,0.6371963120818627,16.49803891251715,0.4060191401307265
33,587191.815225179,517551.4420085892,T,16.496258064830297,0.4194320831954986,0.6476357642961811,16.496258064830297,0.4194320831954986
34,587192.1032819011,517551.4420085892,T,16.496922550889646,0.42774595135491283,0.6540228981885212,16.496922550889646,0.42774595135491283
35,587192.3913386234,517551.4420085892,T,16.498506988704214,0.4327626152093049,0.6578469542449101,16.498506988704214,0.4327626152093049
36,587192.6793953455,517551.4420085892,T,16.50002330815011,0.43575520054446165,0.6601175656990667,16.50002330815011,0.43575520054446165
37,587192.9674520676,517551.4420085892,T,16.501011855327192,0.43753648608325446,0.6614654080775914,16.501011855327192,0.43753648608325446
38,587193.2555087898,517551.4420085892,T,16.501402403679034,0.43859646048791096,0.6622661553242102,16.501402403679034,0.43859646048791096
39,587190.0868848461,517551.73006531136,T,16.594378173430897,0.14599807200787238,0.3820969405895216,16.594378173430897,0.14599807200787238
40,587190.3749415682,517551.73006531136,T,16.560861203329868,0.19800581845903364,0.4449784471848425,16.560861203329868,0.19800581845903364
41,587190.6629982904,517551.73006531136,T,16.531924076599648,0.25469345927651,0.5046716351019839,16.531924076599648,0.25469345927651
42,587190.9510550125,517551.73006531136,T,16.51028753302637,0.30715150539578334,0.5542125092379125,16.51028753302637,0.30715150539578334
43,587191.2391117347,517551.73006531136,T,16.49682301864038,0.35010368177685186,0.5916955989162433,16.49682301864038,0.35010368177685186
44,587191.5271684568,517551.73006531136,T,16.490720953661942,0.3820066414607211,0.6180668584066946,16.490720953661942,0.3820066414607211
45,587191.815225179,517551.73006531136,T,16.490063715589308,0.4039254292644498,0.6355512798071056,16.490063715589308,0.4039254292644498
46,587192.1032819011,517551.73006531136,T,16.492552615579285,0.4181093694903158,0.6466137714975732,16.492552615579285,0.4181093694903158
47,587192.3913386234,517551.73006531136,T,16.496138513030708,0.42691089679833283,0.6533841877474025,16.496138513030708,0.42691089679833283
48,587192.6793953455,517551.73006531136,T,16.49939755610576,0.4322384093096835,0.6574484080973073,16.49939755610576,0.4322384093096835
49,587192.9674520676,517551.73006531136,T,16.501619799201222,0.4354285086534867,0.6598700695239076,16.501619799201222,0.4354285086534867
50,587193.2555087898,517551.73006531136,T,16.502680789703035,0.43733431034764086,0.6613125663010199,16.502680789703035,0.43733431034764086
51,587193.5435655119,517551.73006531136,T,16.50281198340699,0.43847226487928037,0.6621723830538996,16.50281198340699,0.43847226487928037
52,587189.798828124,517552.01812203357,T,16.622186202860995,0.06067896805402642,0.24633101317947445,16.622186202860995,0.06067896805402642
53,587190.0868848461,517552.01812203357,T,16.588429144450338,0.08025332527378655,0.28329017856923056,16.588429144450338,0.08025332527378655
54,587190.3749415682,517552.01812203357,T,16.553496981792787,0.12439923086294717,0.35270275142525775,16.553496981792787,0.12439923086294717
55,587190.6629982904,517552.01812203357,T,16.522342467675745,0.18291213663868133,0.4276822846911961,16.522342467675745,0.18291213663868133
56,587190.9510550125,517552.01812203357,T,16.498659624913994,0.24455149335180693,0.494521479161226,16.498659624913994,0.24455149335180693
57,587191.2391117347,517552.01812203357,T,16.484166920002984,0.30042309991818195,0.5481086570363416,16.484166920002984,0.30042309991818195
58,587191.5271684568,517552.01812203357,T,16.478506264904034,0.34561236847101795,0.5878880577720711,16.478506264904034,0.34561236847101795
59,587191.815225179,517552.01812203357,T,16.47971639838064,0.378979754410585,0.6156133156540597,16.47971639838064,0.378979754410585
60,587192.1032819011,517552.01812203357,T,16.485045714048468,0.4018849028274114,0.6339439271949936,16.485045714048468,0.4018849028274114
61,587192.3913386234,517552.01812203357,T,16.491792594092622,0.4167495898930058,0.6455614532273483,16.491792594092622,0.4167495898930058
62,587192.6793953455,517552.01812203357,T,16.497914795557325,0.42602124075166026,0.6527030264612386,16.497914795557325,0.42602124075166026
63,587192.9674520676,517552.01812203357,T,16.502287142730335,0.43166721554707593,0.6570138625227598,16.502287142730335,0.43166721554707593
64,587193.2555087898,517552.01812203357,T,16.504634870902095,0.4350674628759166,0.6595964394051234,16.504634870902095,0.4350674628759166
65,587193.5435655119,517552.01812203357,T,16.5052673600306,0.4371087972240566,0.6611420401275785,16.5052673600306,0.4371087972240566
66,587193.8316222341,517552.01812203357,T,16.50476026538172,0.43833283224604247,0.6620670904417788,16.50476026538172,0.43833283224604247
67,587189.5107714018,517552.3061787557,T,16.633721788443793,0.0750905918223697,0.2740266261193786,16.633721788443793,0.0750905918223697
68,587189.798828124,517552.3061787557,T,16.60844717563233,0.03941750933112319,0.19853843288170475,16.60844717563233,0.03941750933112319
69,587190.0868848461,517552.3061787557,T,16.575373187809184,0.03415740017881881,0.18481720747489616,16.575373187809184,0.03415740017881881
70,587190.3749415682,517552.3061787557,T,16.539551710201216,0.05971876448631674,0.24437423040557435,16.539551710201216,0.05971876448631674
71,587190.6629982904,517552.3061787557,T,16.506510164313152,0.10941037477488504,0.33077239119201746,16.506510164313152,0.10941037477488504
72,587190.9510550125,517552.3061787557,T,16.480908099198107,0.17226629685235273,0.41504975226152435,16.480908099198107,0.17226629685235273
73,587191.2391117347,517552.3061787557,T,16.465466372346018,0.23695181228685597,0.48677696359509043,16.465466372346018,0.23695181228685597
74,587191.5271684568,517552.3061787557,T,16.46050778049519,0.2948792215401012,0.5430278275927498,16.46050778049519,0.2948792215401012
75,587191.815225179,517552.3061787557,T,16.464211712940877,0.34151136759416517,0.5843897394668777,16.464211712940877,0.34151136759416517
76,587192.1032819011,517552.3061787557,T,16.47342269309595,0.3759682861423934,0.6131625283253971,16.47342269309595,0.3759682861423934
77,587192.3913386234,517552.3061787557,T,16.484678387990648,0.39972999245674734,0.6322420362936549,16.484678387990648,0.39972999245674734
78,587192.6793953455,517552.3061787557,T,16.495100455963723,0.4152597834794279,0.6444065358757838,16.495100455963723,0.4152597834794279
79,587192.9674520676,517552.3061787557,T,16.502907956755575,0.4250258616868725,0.6519400752269127,16.502907956755575,0.4250258616868725
80,587193.2555087898,517552.3061787557,T,16.507494795551935,0.4310211102243909,0.6565219800009676,16.507494795551935,0.4310211102243909
81,587193.5435655119,517552.3061787557,T,16.509172387434266,0.4346571432938454,0.659285327679788,16.509172387434266,0.4346571432938454
82,587193.8316222341,517552.3061787557,T,16.508758638664805,0.43685224656494925,0.6609479908169396,16.508758638664805,0.43685224656494925
83,587194.1196789562,517552.3061787557,T,16.507185705075884,0.438174321280197,0.6619473704760802,16.507185705075884,0.438174321280197
84,587194.4077356784,517552.3061787557,T,16.505232634041768,0.43896695687448745,0.6625458149248906,16.505232634041768,0.43896695687448745
85,587189.2227146797,517552.59423547785,T,16.623424792780604,0.17829544275504144,0.4222504502721595,16.623424792780604,0.17829544275504144
86,587189.5107714018,517552.59423547785,T,16.611898131198007,0.1077539920172731,0.3282590318898676,16.611898131198007,0.1077539920172731
87,587189.798828124,517552.59423547785,T,16.588718151234982,0.050528296385608004,0.22478500035724805,16.588718151234982,0.050528296385608004
88,587190.0868848461,517552.59423547785,T,16.556528333428183,0.018205203880132227,0.13492666111681645,16.556528333428183,0.018205203880132227
89,587190.3749415682,517552.59423547785,T,16.52009055801638,0.017283043275542233,0.13146498878234553,16.52009055801638,0.017283043275542233
90,587190.6629982904,517552.59423547785,T,16.48527280307999,0.0469612725241377,0.21670549721716267,16.48527280307999,0.0469612725241377
91,587190.9510550125,517552.59423547785,T,16.45762056711903,0.09980552810485643,0.31592012931254704,16.45762056711903,0.09980552810485643
92,587191.2391117347,517552.59423547785,T,16.44097337628948,0.16474906877864567,0.40589292772681523,16.44097337628948,0.16474906877864567
93,587191.5271684568,517552.59423547785,T,16.43659056303935,0.2307869374477145,0.48040289075703374,16.43659056303935,0.2307869374477145
94,587191.815225179,517552.59423547785,T,16.44306185581936,0.28973810268400996,0.5382732602349943,16.44306185581936,0.28973810268400996
95,587192.1032819011,517552.59423547785,T,16.45698078813334,0.33731412440849945,0.5807875036607618,16.45698078813334,0.33731412440849945
96,587192.3913386234,517552.59423547785,T,16.47408681240108,0.37269219232500944,0.6104852105702557,16.47408681240108,0.37269219232500944
97,587192.6793953455,517552.59423547785,T,16.490451044909122,0.3973041337085796,0.6303206594334185,16.490451044909122,0.3973041337085796
98,587192.9674520676,517552.59423547785,T,16.50333090402473,0.41355223340557123,0.643080269799635,16.50333090402473,0.41355223340557123
99,587193.2555087898,517552.59423547785,T,16.511503044495456,0.4238757132722509,0.6510573809367735,16.511503044495456,0.4238757132722509
100,587193.5435655119,517552.59423547785,T,16.51510217075008,0.4302734494750636,0.6559523225624432,16.51510217075008,0.4302734494750636
101,587193.8316222341,517552.59423547785,T,16.515150217736604,0.4341837863403788,0.6589262374047483,16.515150217736604,0.4341837863403788
102,587194.1196789562,517552.59423547785,T,16.513008879151467,0.436557904011768,0.660725286342038,16.513008879151467,0.436557904011768
103,587194.4077356784,517552.59423547785,T,16.509939679439626,0.4379935229310083,0.6618107908843798,16.509939679439626,0.4379935229310083
104,587194.6957924005,517552.59423547785,T,16.50685830002663,0.43885708916638017,0.6624628964450614,16.50685830002663,0.43885708916638017
105,587188.9346579574,517552.8822922,T,16.595482504091827,0.2983945903691032,0.5462550598109853,16.595482504091827,0.2983945903691032
106,587189.2227146797,517552.8822922,T,16.596799482363632,0.23364537724223572,0.4833687797554117,16.596799482363632,0.23364537724223572
107,587189.5107714018,517552.8822922,T,16.58702409366987,0.16112519779329834,0.40140403310542155,16.58702409366987,0.16112519779329834
108,587189.798828124,517552.8822922,T,16.565575695016626,0.09114748456745059,0.3019064169034017,16.565575695016626,0.09114748456745059
109,587190.0868848461,517552.8822922,T,16.53425864336328,0.0361204717635813,0.19005386542657135,16.53425864336328,0.0361204717635813
110,587190.3749415682,517552.8822922,T,16.497310122968585,0.00676749821600561,0.08226480545169733,16.497310122968585,0.00676749821600561
111,587190.6629982904,517552.8822922,T,16.460669816262314,0.008546339296005808,0.09244641310513788,16.460669816262314,0.008546339296005808
112,587190.9510550125,517552.8822922,T,16.430610347068324,0.03998027023426966,0.19995066950192905,16.430610347068324,0.03998027023426966
113,587191.2391117347,517552.8822922,T,16.412138082946193,0.09358594044853705,0.3059181924118555,16.412138082946193,0.09358594044853705
114,587191.5271684568,517552.8822922,T,16.407700688187298,0.15872367064427736,0.3984013938784318,16.407700688187298,0.15872367064427736
115,587191.815225179,517552.8822922,T,16.416647269019094,0.2249134191337143,0.47425037599744113,16.416647269019094,0.2249134191337143
116,587192.1032819011,517552.8822922,T,16.435608382675763,0.2842933567497415,0.5331916698052789,16.435608382675763,0.2842933567497415
117,587192.3913386234,517552.8822922,T,16.45961944278077,0.3326157386021889,0.5767284790975636,16.45961944278077,0.3326157386021889
118,587192.6793953455,517552.8822922,T,16.48355575166676,0.36892308336867663,0.6073903879455754,16.48355575166676,0.36892308336867663
119,587192.9674520676,517552.8822922,T,16.50338514676713,0.3944755267546972,0.628072867392548,16.50338514676713,0.3944755267546972
120,587193.2555087898,517552.8822922,T,16.516881039967714,0.41155010440690615,0.6415217100043507,16.516881039967714,0.41155010440690615
121,587193.5435655119,517552.8822922,T,16.523688887483587,0.4225275590844334,0.6500211989500292,16.523688887483587,0.4225275590844334
122,587193.8316222341,517552.8822922,T,16.524879970800775,0.42940156224913056,0.6552873890508886,16.524879970800775,0.42940156224913056
123,587194.1196789562,517552.8822922,T,16.522262663773873,0.4336363670987054,0.6585107190461712,16.522262663773873,0.4336363670987054
124,587194.4077356784,517552.8822922,T,16.517724528092806,0.4362206655713943,0.660470033817882,16.517724528092806,0.4362206655713943
125,587194.6957924005,517552.8822922,T,16.512783858337194,0.43778807799660174,0.6616555584264382,16.512783858337194,0.43778807799660174
126,587194.9838491228,517552.8822922,T,16.508402656143222,0.43873299582598996,0.6623692292264112,16.508402656143222,0.43873299582598996
127,587188.6466012353,517553.17034892214,T,16.559931587843682,0.3800395880121194,0.6164735095785702,16.559931587843682,0.3800395880121194
128,587188.9346579574,517553.17034892214,T,16.569192430643422,0.34196900724138984,0.5847811618386743,16.569192430643422,0.34196900724138984
129,587189.2227146797,517553.17034892214,T,16.570701225171344,0.2892157928381774,0.5377878697387822,16.570701225171344,0.2892157928381774
130,587189.5107714018,517553.17034892214,T,16.562014844464127,0.2236929713300137,0.472961913191764,16.562014844464127,0.2236929713300137
131,587189.798828124,517553.17034892214,T,16.541950077290753,0.15169562166429024,0.3894812211959522,16.541950077290753,0.15169562166429024
132,587190.0868848461,517553.17034892214,T,16.511478931186744,0.08340606599615161,0.2888010837863175,16.511478931186744,0.08340606599615161
133,587190.3749415682,517553.17034892214,T,16.47413288436464,0.030540887034209534,0.17475951199923148,16.47413288436464,0.030540887034209534
134,587190.6629982904,517553.17034892214,T,16.435637704754676,0.002896582777133498,0.05381991060131462,16.435637704754676,0.002896582777133498
135,587190.9510550125,517553.17034892214,T,16.402751030886087,0.005281770108404458,0.07267578763525345,16.402751030886087,0.005281770108404458
136,587191.2391117347,517553.17034892214,T,16.381591572507247,0.03618887457081524,0.1902337366788952,16.381591572507247,0.03618887457081524
137,587191.5271684568,517553.17034892214,T,16.37599205984112,0.08865666558200137,0.29775269198111604,16.37599205984112,0.08865666558200137
138,587191.815225179,517553.17034892214,T,16.38645127509094,0.15274197677797582,0.39082218050921297,16.38645127509094,0.15274197677797582
139,587192.1032819011,517553.17034892214,T,16.410062684614772,0.2184520376235209,0.46738852962339683,16.410062684614772,0.2184520376235209
140,587192.3913386234,517553.17034892214,T,16.44143498991826,0.27805072912374196,0.5273051574977643,16.44143498991826,0.27805072912374196
141,587192.6793953455,517553.17034892214,T,16.474253956699386,0.327137374071542,0.5719592416173918,16.474253956699386,0.327137374071542
142,587192.9674520676,517553.17034892214,T,16.502927074192655,0.364493568787892,0.6037330277431342,16.502927074192655,0.364493568787892
143,587193.2555087898,517553.17034892214,T,16.523782775860674,0.39114018503213593,0.6254120122224516,16.523782775860674,0.39114018503213593
144,587193.5435655119,517553.17034892214,T,16.535526702038315,0.4091916439079902,0.6396808922486197,16.535526702038315,0.4091916439079902
145,587193.8316222341,517553.17034892214,T,16.538964409244375,0.4209482682241318,0.648805262173583,16.538964409244375,0.4209482682241318
146,587194.1196789562,517553.17034892214,T,16.536243922298354,0.42838954906908894,0.654514743202236,16.536243922298354,0.42838954906908894
147,587194.4077356784,517553.17034892214,T,16.52996752419429,0.4330077951705906,0.6580332781634912,16.52996752419429,0.4330077951705906
148,587194.6957924005,517553.17034892214,T,16.522467846102742,0.4358373364109016,0.6601797758269345,16.522467846102742,0.4358373364109016
149,587194.9838491228,517553.17034892214,T,16.51540052098728,0.4375563983877213,0.6614804595660565,16.51540052098728,0.4375563983877213
150,587195.2719058449,517553.17034892214,T,16.50965544567823,0.43859378518247877,0.6622641355097517,16.50965544567823,0.43859378518247877
151,587188.3585445131,517553.45840564434,T,16.524317618468167,0.41715404918436905,0.6458746389078681,16.524317618468167,0.41715404918436905
152,587188.6466012353,517553.45840564434,T,16.537485887247364,0.4018846335037526,0.6339437147758092,16.537485887247364,0.4018846335037526
153,587188.9346579574,517553.45840564434,T,16.54585804650646,0.3761276951616785,0.6132925037546754,16.54585804650646,0.3761276951616785
154,587189.2227146797,517553.45840564434,T,16.547246551871847,0.33726781797073724,0.580747637077188,16.547246551871847,0.33726781797073724
155,587189.5107714018,517553.45840564434,T,16.53931204225391,0.2843467437640965,0.53324173107897,16.53931204225391,0.2843467437640965
156,587189.798828124,517553.45840564434,T,16.520493137410224,0.21958268839846637,0.4685965091616308,16.520493137410224,0.21958268839846637
157,587190.0868848461,517553.45840564434,T,16.49101255193058,0.14918955416014362,0.386250636452736,16.49101255193058,0.14918955416014362
158,587190.3749415682,517553.45840564434,T,16.453581134997872,0.08277596945148898,0.2877081324041588,16.453581134997872,0.08277596945148898
159,587190.6629982904,517553.45840564434,T,16.413431029519437,0.03120059080937734,0.17663688971836358,16.413431029519437,0.03120059080937734
160,587190.9510550125,517553.45840564434,T,16.377486800329386,0.0035736032888446386,0.05977962268904546,16.377486800329386,0.0035736032888446386
161,587191.2391117347,517553.45840564434,T,16.352793798860496,0.004591615412276924,0.0677614596380341,16.352793798860496,0.004591615412276924
162,587191.5271684568,517553.45840564434,T,16.34464808355326,0.033262214395210626,0.1823793146034128,16.34464808355326,0.033262214395210626
163,587191.815225179,517553.45840564434,T,16.355057601789582,0.0834452743365076,0.28886895703157095,16.355057601789582,0.0834452743365076
164,587192.1032819011,517553.45840564434,T,16.382100261657055,0.14589114384377747,0.38195699213887613,16.382100261657055,0.14589114384377747
165,587192.3913386234,517553.45840564434,T,16.42043437254727,0.21092090782857828,0.4592612631483068,16.42043437254727,0.21092090782857828
166,587192.6793953455,517553.45840564434,T,16.462788082199044,0.2707470372736294,0.5203335826886724,16.462788082199044,0.2707470372736294
167,587192.9674520676,517553.45840564434,T,16.501898008571427,0.3207119792419974,0.5663143819840685,16.501898008571427,0.3207119792419974
168,587193.2555087898,517553.45840564434,T,16.53223913306707,0.3592883298586011,0.5994066481601628,16.53223913306707,0.3592883298586011
169,587193.5435655119,517553.45840564434,T,16.551029398252183,0.3872239889367404,0.6222732429863431,16.551029398252183,0.3872239889367404
170,587193.8316222341,517553.45840564434,T,16.55831609474622,0.4064363832355507,0.6375236334721645,16.55831609474622,0.4064363832355507
171,587194.1196789562,517553.45840564434,T,16.556297145797295,0.4191194850572369,0.6473943813914644,16.556297145797295,0.4191194850572369
172,587194.4077356784,517553.45840564434,T,16.548253543404037,0.4272301262865695,0.6536284313633928,16.548253543404037,0.4272301262865695
173,587194.6957924005,517553.45840564434,T,16.537505321393343,0.4322950015595431,0.6574914459972412,16.537505321393343,0.4322950015595431
174,587194.9838491228,517553.45840564434,T,16.526682926810924,0.4354061736352175,0.6598531455067995,16.526682926810924,0.4354061736352175
175,587195.2719058449,517553.45840564434,T,16.51741740111554,0.4372972555888871,0.6612845496372096,16.51741740111554,0.4372972555888871
176,587195.5599625671,517553.45840564434,T,16.51038818130433,0.43843857200487624,0.6621469413996234,16.51038818130433,0.43843857200487624
177,587195.8480192892,517553.45840564434,T,16.505580090812252,0.4391224259683315,0.6626631315897479,16.505580090812252,0.4391224259683315
178,587188.3585445131,517553.7464623665,T,16.505145503279017,0.4233704260772868,0.6506692140229833,16.505145503279017,0.4233704260772868
179,587188.6466012353,517553.7464623665,T,16.518154480093543,0.41554834282466524,0.6446303924146497,16.518154480093543,0.41554834282466524
180,587188.9346579574,517553.7464623665,T,16.526160627590695,0.3999516902661,0.6324173386823767,16.526160627590695,0.3999516902661
181,587189.2227146797,517553.7464623665,T,16.527605726777484,0.37400031511293025,0.6115556516891413,16.527605726777484,0.37400031511293025
182,587189.5107714018,517553.7464623665,T,16.520474356288833,0.33540085104056927,0.579138024170896,16.520474356288833,0.33540085104056927
183,587189.798828124,517553.7464623665,T,16.503063740884183,0.2834453179621626,0.532395828272689,16.503063740884183,0.2834453179621626
184,587190.0868848461,517553.7464623665,T,16.474992120830464,0.22032182541328243,0.46938451765400446,16.474992120830464,0.22032182541328243
185,587190.3749415682,517553.7464623665,T,16.43811076961163,0.15179303224932802,0.38960625283653755,16.43811076961163,0.15179303224932802
186,587190.6629982904,517553.7464623665,T,16.396914029858866,0.08669262670442487,0.29443611650819074,16.396914029858866,0.08669262670442487
187,587190.9510550125,517553.7464623665,T,16.358125568655485,0.03514290080262006,0.18746439876045815,16.358125568655485,0.03514290080262006
188,587191.2391117347,517553.7464623665,T,16.32939370985145,0.005977469709129294,0.0773140977385709,16.32939370985145,0.005977469709129294
189,587191.5271684568,517553.7464623665,T,16.31738180689967,0.004252469425652297,0.06521096093182722,16.31738180689967,0.004252469425652297
190,587191.815225179,517553.7464623665,T,16.325843292991607,0.029770841306438593,0.172542288458333,16.325843292991607,0.029770841306438593
191,587192.1032819011,517553.7464623665,T,16.354367999407554,0.07721360670353952,0.2778733645089783,16.354367999407554,0.07721360670353952
192,587192.3913386234,517553.7464623665,T,16.3982980518545,0.13785724196229698,0.37129131684204114,16.3982980518545,0.13785724196229698
193,587192.6793953455,517553.7464623665,T,16.449895189341728,0.20217935968011838,0.44964359183704417,16.449895189341728,0.20217935968011838
194,587192.9674520676,517553.7464623665,T,16.50037338539863,0.2622802917603431,0.5121330801269756,16.50037338539863,0.2622802917603431
195,587193.2555087898,517553.7464623665,T,16.542100785668516,0.31324761737180856,0.5596852842194519,16.542100785668516,0.31324761737180856
196,587193.5435655119,517553.7464623665,T,16.570256584944527,0.3532393928266892,0.5943394592542962,16.570256584944527,0.3532393928266892
197,587193.8316222341,517553.7464623665,T,16.58349176893967,0.3826910819017208,0.6186203051159256,16.58349176893967,0.3826910819017208
198,587194.1196789562,517553.7464623665,T,16.583548210470514,0.40327256809219436,0.6350374540861305,16.583548210470514,0.40327256809219436
199,587194.4077356784,517553.7464623665,T,16.574150747575995,0.4170401014709757,0.6457864209403723,16.574150747575995,0.4170401014709757
200,587194.6957924005,517553.7464623665,T,16.55966274548195,0.42592386090403334,0.652628424836088,16.55966274548195,0.42592386090403334
201,587194.9838491228,517553.7464623665,T,16.543954723642948,0.4314973783598632,0.6568846004892055,16.543954723642948,0.4314973783598632
202,587195.2719058449,517553.7464623665,T,16.529745266683545,0.4349257217147869,0.6594889852869318,16.529745266683545,0.4349257217147869
203,587195.5599625671,517553.7464623665,T,16.518446803464897,0.4370091614981154,0.6610666846076237,16.518446803464897,0.4370091614981154
204,587195.8480192892,517553.7464623665,T,16.51038223351898,0.4382661988351806,0.6620167662795109,16.51038223351898,0.4382661988351806
205,587196.1360760113,517553.7464623665,T,16.505173981525232,0.4390197799896472,0.6625856774709571,16.505173981525232,0.4390197799896472
206,587188.070487791,517554.03451908863,T,16.46772312823099,0.42074469854301344,0.6486483627845009,16.46772312823099,0.42074469854301344
207,587188.3585445131,517554.03451908863,T,16.487292553421767,0.424062588173163,0.6512008815819915,16.487292553421767,0.424062588173163
208,587188.6466012353,517554.03451908863,T,16.501416129359175,0.42226879455060484,0.649822125316309,16.501416129359175,0.42226879455060484
209,587188.9346579574,517554.03451908863,T,16.50994408760433,0.4145218096138902,0.6438336816398239,16.50994408760433,0.4145218096138902
210,587189.2227146797,517554.03451908863,T,16.51199291642843,0.3990609414547983,0.631712704838836,16.51199291642843,0.3990609414547983
211,587189.5107714018,517554.03451908863,T,16.50603775225326,0.37356816634408474,0.6112022303166806,16.50603775225326,0.37356816634408474
212,587189.798828124,517554.03451908863,T,16.490462596216613,0.33597312183848865,0.5796318847669516,16.490462596216613,0.33597312183848865
213,587190.0868848461,517554.03451908863,T,16.464471943033654,0.28560116828576254,0.5344166616842728,16.464471943033654,0.28560116828576254
214,587190.3749415682,517554.03451908863,T,16.429100369484555,0.2243377287618762,0.47364303938923896,16.429100369484555,0.2243377287618762
215,587190.6629982904,517554.03451908863,T,16.387929136085724,0.15731180605244188,0.39662552370270104,16.387929136085724,0.15731180605244188
216,587190.9510550125,517554.03451908863,T,16.34710959906178,0.09263323102947094,0.30435707816555035,16.34710959906178,0.09263323102947094
217,587191.2391117347,517554.03451908863,T,16.31445821371213,0.03998556642067383,0.19996391279596884,16.31445821371213,0.03998556642067383
218,587191.5271684568,517554.03451908863,T,16.297710775724546,0.008305357091472105,0.09113373190796098,16.297710775724546,0.008305357091472105
219,587191.815225179,517554.03451908863,T,16.30239433891546,0.0032385256043549445,0.056908045163710765,16.30239433891546,0.0032385256043549445
220,587192.1032819011,517554.03451908863,T,16.330024435961562,0.025356044913477847,0.15923581542315737,16.330024435961562,0.025356044913477847
221,587192.3913386234,517554.03451908863,T,16.377316872953287,0.06997237446943708,0.2645229186090254,16.377316872953287,0.06997237446943708
222,587192.6793953455,517554.03451908863,T,16.436783910052885,0.12873542942386904,0.35879719818285793,16.436783910052885,0.12873542942386904
223,587192.9674520676,517554.03451908863,T,16.49858006449404,0.19226488181052193,0.4384801954598656,16.49858006449404,0.19226488181052193
224,587193.2555087898,517554.03451908863,T,16.55299219720313,0.2526270417680307,0.5026201764434359,16.55299219720313,0.2526270417680307
225,587193.5435655119,517554.03451908863,T,16.592744008960217,0.30471131534758544,0.5520066261808688,16.592744008960217,0.30471131534758544
226,587193.8316222341,517554.03451908863,T,16.61440050031685,0.346337982102868,0.5885048700757437,16.61440050031685,0.346337982102868
227,587194.1196789562,517554.03451908863,T,16.618543383863404,0.37755546283125974,0.6144554197264922,16.618543383863404,0.37755546283125974
228,587194.4077356784,517554.03451908863,T,16.608854820466217,0.3997197948566283,0.6322339716091095,16.608854820466217,0.3997197948566283
229,587194.6957924005,517554.03451908863,T,16.590590445482313,0.414722968256988,0.6439898821076213,16.590590445482313,0.414722968256988
230,587194.9838491228,517554.03451908863,T,16.56902501753629,0.42447485592069056,0.6515173489023071,16.56902501753629,0.42447485592069056
231,587195.2719058449,517554.03451908863,T,16.54832350864304,0.4306138352178443,0.6562117304786956,16.54832350864304,0.4306138352178443
232,587195.5599625671,517554.03451908863,T,16.531032780276814,0.43439337634919506,0.6590852572688871,16.531032780276814,0.43439337634919506
233,587195.8480192892,517554.03451908863,T,16.51813659737958,0.4366898073293254,0.660825095868283,16.51813659737958,0.4366898073293254
234,587196.1360760113,517554.03451908863,T,16.50946282880784,0.4380750341171493,0.6618723699605153,16.50946282880784,0.4380750341171493
235,587196.4241327335,517554.03451908863,T,16.504201057561016,0.4389057788097578,0.6624996443846274,16.504201057561016,0.4389057788097578
236,587187.7824310688,517554.3225758108,T,16.416429116780268,0.3929576900472103,0.6268633743067227,16.416429116780268,0.3929576900472103
237,587188.070487791,517554.3225758108,T,16.44671656964699,0.40925985835199225,0.6397342091462612,16.44671656964699,0.40925985835199225
238,587188.3585445131,517554.3225758108,T,16.469963886679608,0.4189572599149692,0.6472690784480355,16.469963886679608,0.4189572599149692
239,587188.6466012353,517554.3225758108,T,16.486469366353855,0.42292839660002934,0.6503294523547503,16.486469366353855,0.42292839660002934
240,587188.9346579574,517554.3225758108,T,16.49652277527738,0.4214966573493669,0.6492277392020206,16.49652277527738,0.4214966573493669
241,587189.2227146797,517554.3225758108,T,16.499889534354065,0.4140641488575685,0.6434781650200483,16.499889534354065,0.4140641488575685
242,587189.5107714018,517554.3225758108,T,16.495642900521908,0.3991038024094994,0.6317466283325138,16.495642900521908,0.3991038024094994
243,587189.798828124,517554.3225758108,T,16.482456684112,0.37450565528514873,0.6119686718167432,16.482456684112,0.37450565528514873
244,587190.0868848461,517554.3225758108,T,16.459339910960775,0.3382913363158718,0.5816281770305423,16.459339910960775,0.3382913363158718
245,587190.3749415682,517554.3225758108,T,16.42663250380534,0.2896380491961684,0.5381803129028118,16.42663250380534,0.2896380491961684
246,587190.6629982904,517554.3225758108,T,16.386924322494338,0.2299909011707587,0.47957366605221213,16.386924322494338,0.2299909011707587
247,587190.9510550125,517554.3225758108,T,16.345476387171505,0.16386689926249928,0.40480476684754996,16.345476387171505,0.16386689926249928
248,587191.2391117347,517554.3225758108,T,16.309787545843797,0.09886795982214715,0.31443275882475596,16.309787545843797,0.09886795982214715
249,587191.5271684568,517554.3225758108,T,16.28819551791015,0.04453526670009232,0.2110338046382435,16.28819551791015,0.04453526670009232
250,587191.815225179,517554.3225758108,T,16.28777487134409,0.010083221507665665,0.10041524539463947,16.28777487134409,0.010083221507665665
251,587192.1032819011,517554.3225758108,T,16.312151906580986,0.001680462000896986,0.04099343851029072,16.312151906580986,0.001680462000896986
252,587192.3913386234,517554.3225758108,T,16.360018141768638,0.020436075598784492,0.14295480264329874,16.360018141768638,0.020436075598784492
253,587192.6793953455,517554.3225758108,T,16.42497097840394,0.06211551368374433,0.24922984107795826,16.42497097840394,0.06211551368374433
254,587192.9674520676,517554.3225758108,T,16.496864751466646,0.11874776504498484,0.3445979759734303,16.496864751466646,0.11874776504498484
255,587193.2555087898,517554.3225758108,T,16.56429268201913,0.18125385945732705,0.42573919182678854,16.56429268201913,0.18125385945732705
256,587193.5435655119,517554.3225758108,T,16.61738955104743,0.2418153219414715,0.49174721345572614,16.61738955104743,0.2418153219414715
257,587193.8316222341,517554.3225758108,T,16.65004196822937,0.2951489305705495,0.5432761089635264,16.65004196822937,0.2951489305705495
258,587194.1196789562,517554.3225758108,T,16.660856899693453,0.33865288384923914,0.5819389004433706,16.660856899693453,0.33865288384923914
259,587194.4077356784,517554.3225758108,T,16.65273494644229,0.37188259585413513,0.6098217738439118,16.65273494644229,0.37188259585413513
260,587194.6957924005,517554.3225758108,T,16.631391860548703,0.3958198007170294,0.6291421148810731,16.631391860548703,0.3958198007170294
261,587194.9838491228,517554.3225758108,T,16.603465150588352,0.41218454616527067,0.6420160014869338,16.603465150588352,0.41218454616527067
262,587195.2719058449,517554.3225758108,T,16.574848308058595,0.4228840388387514,0.6502953473912845,16.574848308058595,0.4228840388387514
263,587195.5599625671,517554.3225758108,T,16.5496691086558,0.42963976261547343,0.6554691164467427,16.5496691086558,0.42963976261547343
264,587195.8480192892,517554.3225758108,T,16.5300126692152,0.4338043935528524,0.6586382873420376,16.5300126692152,0.4338043935528524
265,587196.1360760113,517554.3225758108,T,16.51622851571624,0.43633582248328234,0.6605572060641549,16.51622851571624,0.43633582248328234
266,587196.4241327335,517554.3225758108,T,16.507535551615852,0.4378629089247372,0.6617121042604082,16.507535551615852,0.4378629089247372
267,587196.7121894556,517554.3225758108,T,16.50265155538907,0.43877901406222636,0.6624039659167406,16.50265155538907,0.43877901406222636
268,587187.4943743467,517554.6106325329,T,16.346560675404433,0.3262620729622417,0.5711935512260635,16.346560675404433,0.3262620729622417
269,587187.7824310688,517554.6106325329,T,16.38918842860503,0.36157250827613746,0.6013089956720566,16.38918842860503,0.36157250827613746
270,587188.070487791,517554.6106325329,T,16.424975721415585,0.3883781793687907,0.6231999513549329,16.424975721415585,0.3883781793687907
271,587188.3585445131,517554.6106325329,T,16.452784506391048,0.4066041086876326,0.6376551644012872,16.452784506391048,0.4066041086876326
272,587188.6466012353,517554.6106325329,T,16.472647078583197,0.41739912987154243,0.6460643388019048,16.472647078583197,0.41739912987154243
273,587188.9346579574,517554.6106325329,T,16.485080059029798,0.4220075177611988,0.6496210570487989,16.485080059029798,0.4220075177611988
274,587189.2227146797,517554.6106325329,T,16.49040911115705,0.42102791520255445,0.6488666389964539,16.49040911115705,0.42102791520255445
275,587189.5107714018,517554.6106325329,T,16.488353436068927,0.4140884227644938,0.6434970262281666,16.488353436068927,0.4140884227644938
276,587189.798828124,517554.6106325329,T,16.478041945756317,0.39985810366170016,0.6323433431781347,16.478041945756317,0.39985810366170016
277,587190.0868848461,517554.6106325329,T,16.458513153078535,0.37635645686289543,0.6134789783382112,16.458513153078535,0.37635645686289543
278,587190.3749415682,517554.6106325329,T,16.429598998112752,0.34158427020066134,0.5844521111268752,16.429598998112752,0.34158427020066134
279,587190.6629982904,517554.6106325329,T,16.392928806474206,0.2944795324186868,0.5426596837970247,16.392928806474206,0.2944795324186868
280,587190.9510550125,517554.6106325329,T,16.352659697116348,0.23606216590569673,0.4858622910925448,16.352659697116348,0.23606216590569673
281,587191.2391117347,517554.6106325329,T,16.31551533814747,0.17039891052560027,0.412794029178718,16.31551533814747,0.17039891052560027
282,587191.5271684568,517554.6106325329,T,16.289859470159897,0.10481683331795498,0.3237542792272482,16.289859470159897,0.10481683331795498
283,587191.815225179,517554.6106325329,T,16.283848106634956,0.048848259630529675,0.22101642389317966,16.283848106634956,0.048848259630529675
284,587192.1032819011,517554.6106325329,T,16.303103462805037,0.01188970806936523,0.10903993795561895,16.303103462805037,0.01188970806936523
285,587192.3913386234,517554.6106325329,T,16.34866242737674,3.5900288276695207e-4,0.018947371394653984,16.34866242737674,3.5900288276695207e-4
286,587192.6793953455,517554.6106325329,T,16.415997678659096,0.015667545799442396,0.12517006750594328,16.415997678659096,0.015667545799442396
287,587192.9674520676,517554.6106325329,T,16.495612876517654,0.054025272376772876,0.2324333719085383,16.495612876517654,0.054025272376772876
288,587193.2555087898,517554.6106325329,T,16.575160502140058,0.10805728153079991,0.32872067402401073,16.575160502140058,0.10805728153079991
289,587193.5435655119,517554.6106325329,T,16.642449951639133,0.16923612950876385,0.41138319060064166,16.642449951639133,0.16923612950876385
290,587193.8316222341,517554.6106325329,T,16.688367042392944,0.22996343319825818,0.4795450272896782,16.688367042392944,0.22996343319825818
291,587194.1196789562,517554.6106325329,T,16.70877414957981,0.2847151194681608,0.5335870308282996,16.70877414957981,0.2847151194681608
292,587194.4077356784,517554.6106325329,T,16.704874640809855,0.3303289854367574,0.5747425383915458,16.704874640809855,0.3303289854367574
293,587194.6957924005,517554.6106325329,T,16.682107748293728,0.3657684546426293,0.6047879418793246,16.682107748293728,0.3657684546426293
294,587194.9838491228,517554.6106325329,T,16.648130553459044,0.3916144473854258,0.6257910572910305,16.648130553459044,0.3916144473854258
295,587195.2719058449,517554.6106325329,T,16.610653411695672,0.40943109602156225,0.6398680301605654,16.610653411695672,0.40943109602156225
296,587195.5599625671,517554.6106325329,T,16.57578676254748,0.4211433993259691,0.6489556220004332,16.57578676254748,0.4211433993259691
297,587195.8480192892,517554.6106325329,T,16.547237549224146,0.4285656293980096,0.6546492415011336,16.547237549224146,0.4285656293980096
298,587196.1360760113,517554.6106325329,T,16.526335292363157,0.4331518919150336,0.6581427595248873,16.526335292363157,0.4331518919150336
299,587196.4241327335,517554.6106325329,T,16.512617253871014,0.43594291767631405,0.6602597350106351,16.512617253871014,0.43594291767631405
300,587196.7121894556,517554.6106325329,T,16.504620855978306,0.43762715701704796,0.661533942452727,16.504620855978306,0.43762715701704796
301,587197.0002461778,517554.6106325329,T,16.500594817523105,0.4386377594047398,0.6622973345897897,16.500594817523105,0.4386377594047398
302,587187.2063176245,517554.8986892551,T,16.26607767578575,0.21827923455871634,0.4672036328612143,16.26607767578575,0.21827923455871634
303,587187.4943743467,517554.8986892551,T,16.315462796603832,0.2680825577074491,0.5177668951443778,16.315462796603832,0.2680825577074491
304,587187.7824310688,517554.8986892551,T,16.362609599151913,0.3155159490637207,0.5617080639119584,16.362609599151913,0.3155159490637207
305,587188.070487791,517554.8986892551,T,16.403540652600515,0.3550248846439556,0.5958396467540202,16.403540652600515,0.3550248846439556
306,587188.3585445131,517554.8986892551,T,16.436100964719248,0.38448132720009404,0.6200655829830374,16.436100964719248,0.38448132720009404
307,587188.6466012353,517554.8986892551,T,16.459771672352183,0.40429426457189505,0.6358413831860074,16.459771672352183,0.40429426457189505
308,587188.9346579574,517554.8986892551,T,16.475053834584827,0.4160351647599266,0.6450078796107274,16.475053834584827,0.4160351647599266
309,587189.2227146797,517554.8986892551,T,16.482695115693577,0.42125988361636113,0.64904536329625,16.482695115693577,0.42125988361636113
310,587189.5107714018,517554.8986892551,T,16.48305392311366,0.42079647105655965,0.6486882695536891,16.48305392311366,0.42079647105655965
311,587189.798828124,517554.8986892551,T,16.475835318376085,0.4144578442669709,0.6437840043578055,16.475835318376085,0.4144578442669709
312,587190.0868848461,517554.8986892551,T,16.460319258668413,0.4010560356628635,0.6332898512236427,16.460319258668413,0.4010560356628635
313,587190.3749415682,517554.8986892551,T,16.436056536583262,0.3786710291678043,0.6153625184944272,16.436056536583262,0.3786710291678043
314,587190.6629982904,517554.8986892551,T,16.403846767981655,0.3452275062902829,0.5875606405217106,16.403846767981655,0.3452275062902829
315,587190.9510550125,517554.8986892551,T,16.36666247534003,0.29943991625950506,0.5472110344825889,16.36666247534003,0.29943991625950506
316,587191.2391117347,517554.8986892551,T,16.33009640383781,0.24202727227169196,0.49196267365694724,16.33009640383781,0.24202727227169196
317,587191.5271684568,517554.8986892551,T,16.301954931195404,0.17679298408755145,0.420467577926707,16.301954931195404,0.17679298408755145
318,587191.815225179,517554.8986892551,T,16.29084407789358,0.11090039894076006,0.3330171150868376,16.29084407789358,0.11090039894076006
319,587192.1032819011,517554.8986892551,T,16.303966652996696,0.0537746670149974,0.2318936545380175,16.303966652996696,0.0537746670149974
320,587192.3913386234,517554.8986892551,T,16.344742691533288,0.014700760470354691,0.12124669261614805,16.344742691533288,0.014700760470354691
321,587192.6793953455,517554.8986892551,T,16.411093548911264,5.387135747207692e-5,0.007339710993770594,16.411093548911264,5.387135747207692e-5
322,587192.9674520676,517554.8986892551,T,16.49513768740883,0.011487243153589745,0.10717855734049486,16.49513768740883,0.011487243153589745
323,587193.2555087898,517554.8986892551,T,16.5846099880167,0.045877273990149424,0.21418980832464793,16.5846099880167,0.045877273990149424
324,587193.5435655119,517554.8986892551,T,16.66568702189964,0.09677223551810775,0.31108236130984307,16.66568702189964,0.09677223551810775
325,587193.8316222341,517554.8986892551,T,16.726347721795943,0.15639131462476402,0.3954634175556116,16.726347721795943,0.15639131462476402
326,587194.1196789562,517554.8986892551,T,16.75917830486182,0.2173290992126447,0.46618569177168523,16.75917830486182,0.2173290992126447
327,587194.4077356784,517554.8986892551,T,16.76274807232727,0.27366605362721846,0.5231310100034393,16.76274807232727,0.27366605362721846
328,587194.6957924005,517554.8986892551,T,16.741236463540318,0.3215461607553189,0.5670504040694433,16.741236463540318,0.3215461607553189
329,587194.9838491228,517554.8986892551,T,16.702626465947947,0.359297616912547,0.5994143949827591,16.702626465947947,0.359297616912547
330,587195.2719058449,517554.8986892551,T,16.65622281555034,0.3871201605798627,0.6221898107329167,16.65622281555034,0.3871201605798627
331,587195.5599625671,517554.8986892551,T,16.610349499937946,0.4064490863032351,0.6375335962153172,16.610349499937946,0.4064490863032351
332,587195.8480192892,517554.8986892551,T,16.570849311736364,0.41923486480991795,0.6474834861291197,16.570849311736364,0.41923486480991795
333,587196.1360760113,517554.8986892551,T,16.540605169071053,0.4273781610248085,0.653741662298502,16.540605169071053,0.4273781610248085
334,587196.4241327335,517554.8986892551,T,16.519923607286437,0.4324277533564997,0.6575923914983351,16.519923607286437,0.4324277533564997
335,587196.7121894556,517554.8986892551,T,16.50740245776303,0.4355061912273425,0.6599289289213972,16.50740245776303,0.4355061912273425
336,587197.0002461778,517554.8986892551,T,16.500881389039495,0.43736464788386503,0.6613355032688515,16.500881389039495,0.43736464788386503
337,587197.2883028999,517554.8986892551,T,16.498191747016996,0.4384799609560787,0.6621781942619968,16.498191747016996,0.4384799609560787
338,587197.5763596221,517554.8986892551,T,16.497589682991027,0.43914552242257365,0.6626805583556633,16.497589682991027,0.43914552242257365
339,587186.9182609024,517555.18674597726,T,16.197199405255617,0.10982677600644546,0.3314012311480533,16.197199405255617,0.10982677600644546
340,587187.2063176245,517555.18674597726,T,16.240231428676278,0.146271075870467,0.3824540179818575,16.240231428676278,0.146271075870467
341,587187.4943743467,517555.18674597726,T,16.289709475982523,0.19805386620814242,0.445032432759841,16.289709475982523,0.19805386620814242
342,587187.7824310688,517555.18674597726,T,16.33946010624577,0.25458648970740966,0.5045656445968252,16.33946010624577,0.25458648970740966
343,587188.070487791,517555.18674597726,T,16.38435117384666,0.30691270867049125,0.5539970294780391,16.38435117384666,0.30691270867049125
344,587188.3585445131,517555.18674597726,T,16.421087600128576,0.3496634979001334,0.591323513738574,16.421087600128576,0.3496634979001334
345,587188.6466012353,517555.18674597726,T,16.448362646893788,0.38115295256429466,0.6173758600433732,16.448362646893788,0.38115295256429466
346,587188.9346579574,517555.18674597726,T,16.46641792861534,0.4022280101286121,0.634214482749024,16.46641792861534,0.4022280101286121
347,587189.2227146797,517555.18674597726,T,16.476254396878122,0.41478886038693014,0.6440410393654508,16.476254396878122,0.41478886038693014
348,587189.5107714018,517555.18674597726,T,16.478820445307232,0.4206184014829673,0.6485510014509015,16.478820445307232,0.4206184014829673
349,587189.798828124,517555.18674597726,T,16.4744767030174,0.42071345350674727,0.6486242776112742,16.4744767030174,0.42071345350674727
350,587190.0868848461,517555.18674597726,T,16.462931562526027,0.4150238299371502,0.6442234316889989,16.462931562526027,0.4150238299371502
351,587190.3749415682,517555.18674597726,T,16.44369556764345,0.4024587077411577,0.6343963333289039,16.44369556764345,0.4024587077411577
352,587190.6629982904,517555.18674597726,T,16.416942700278256,0.3811256997267198,0.617353788136689,16.416942700278256,0.3811256997267198
353,587190.9510550125,517555.18674597726,T,16.38451087042868,0.34888861366798873,0.59066793858139,16.38451087042868,0.34888861366798873
354,587191.2391117347,517555.18674597726,T,16.350653420483372,0.3043328684585588,0.5516637276988209,16.350653420483372,0.3043328684585588
355,587191.5271684568,517555.18674597726,T,16.322123111722927,0.24802652748195808,0.4980226174401702,16.322123111722927,0.24802652748195808
356,587191.815225179,517555.18674597726,T,16.307291064017434,0.18361066036737092,0.42849814511543793,16.307291064017434,0.18361066036737092
357,587192.1032819011,517555.18674597726,T,16.31429685710392,0.11800947376332073,0.34352507006522937,16.31429685710392,0.11800947376332073
358,587192.3913386234,517555.18674597726,T,16.348627972997935,0.06026495859390824,0.24548922296896913,16.348627972997935,0.06026495859390824
359,587192.6793953455,517555.18674597726,T,16.410880983920073,0.019228381628987695,0.1386664401684405,16.410880983920073,0.019228381628987695
360,587192.9674520676,517555.18674597726,T,16.49557387909668,0.0011039592684038066,0.03322588250752426,16.49557387909668,0.0011039592684038066
361,587193.2555087898,517555.18674597726,T,16.591638662592725,0.007966117873023301,0.08925311127923385,16.591638662592725,0.007966117873023301
362,587193.5435655119,517555.18674597726,T,16.684665179445194,0.03771272694237099,0.19419764916798296,16.684665179445194,0.03771272694237099
363,587193.8316222341,517555.18674597726,T,16.76030236147991,0.08508285362254805,0.2916896529233563,16.76030236147991,0.08508285362254805
364,587194.1196789562,517555.18674597726,T,16.807746321261018,0.14306610918207996,0.3782408084568348,16.807746321261018,0.14306610918207996
365,587194.4077356784,517555.18674597726,T,16.82218419737747,0.20429316978639211,0.4519880195164382,16.82218419737747,0.20429316978639211
366,587194.6957924005,517555.18674597726,T,16.80545536569497,0.2622880805665978,0.5121406843501088,16.80545536569497,0.2622880805665978
367,587194.9838491228,517555.18674597726,T,16.764859788327108,0.31244762053385117,0.5589701427928429,16.764859788327108,0.31244762053385117
368,587195.2719058449,517555.18674597726,T,16.710687880492106,0.35250092199563327,0.5937178808117819,16.710687880492106,0.35250092199563327
369,587195.5599625671,517555.18674597726,T,16.653401745179675,0.38231445809974857,0.6183158239118166,16.653401745179675,0.38231445809974857
370,587195.8480192892,517555.18674597726,T,16.601357038371923,0.40320670932102265,0.6349855977272418,16.601357038371923,0.40320670932102265
371,587196.1360760113,517555.18674597726,T,16.559599785819277,0.41713496902353153,0.6458598679462376,16.559599785819277,0.41713496902353153
372,587196.4241327335,517555.18674597726,T,16.529804553190754,0.42606328016593575,0.6527352297570094,16.529804553190754,0.42606328016593575
373,587196.7121894556,517555.18674597726,T,16.51104527408477,0.43162361195549354,0.6569806785252467,16.51104527408477,0.43162361195549354
374,587197.0002461778,517555.18674597726,T,16.500925071939168,0.43502023143336843,0.6595606351453734,16.500925071939168,0.43502023143336843
375,587197.2883028999,517555.18674597726,T,16.496636774727317,0.437071725616763,0.6611140034946794,16.496636774727317,0.437071725616763
376,587197.5763596221,517555.18674597726,T,16.495698047919515,0.43830322770046404,0.6620447324014171,16.495698047919515,0.43830322770046404
377,587197.8644163442,517555.18674597726,T,16.49629856759674,0.43903909311877976,0.6626002513724091,16.49629856759674,0.43903909311877976
378,587186.6302041803,517555.4748026994,T,16.16626041159038,0.07193806827034527,0.26821272950839836,16.16626041159038,0.07193806827034527
379,587186.9182609024,517555.4748026994,T,16.18856602541921,0.06132872542106422,0.24764637170987225,16.18856602541921,0.06132872542106422
380,587187.2063176245,517555.4748026994,T,16.225927254888756,0.080601471640702,0.2839039831363801,16.225927254888756,0.080601471640702
381,587187.4943743467,517555.4748026994,T,16.272862178629207,0.12449575215948575,0.3528395558316637,16.272862178629207,0.12449575215948575
382,587187.7824310688,517555.4748026994,T,16.322878603720277,0.1828410301130122,0.42759914652979863,16.322878603720277,0.1828410301130122
383,587188.070487791,517555.4748026994,T,16.36993246465186,0.24438170448619967,0.4943497794944382,16.36993246465186,0.24438170448619967
384,587188.3585445131,517555.4748026994,T,16.409600242550315,0.30016465813018534,0.5478728485060975,16.409600242550315,0.30016465813018534
385,587188.6466012353,517555.4748026994,T,16.439631327364527,0.34518087588203883,0.5875209578236668,16.439631327364527,0.34518087588203883
386,587188.9346579574,517555.4748026994,T,16.459790569441697,0.37815638084205316,0.6149442095361604,16.459790569441697,0.37815638084205316
387,587189.2227146797,517555.4748026994,T,16.471153985275755,0.4002494122160328,0.6326526789764134,16.471153985275755,0.4002494122160328
388,587189.5107714018,517555.4748026994,T,16.47518467594997,0.41355914533796173,0.6430856438593243,16.47518467594997,0.41355914533796173
389,587189.798828124,517555.4748026994,T,16.472948323436942,0.42000271824057367,0.6480761670055254,16.472948323436942,0.42000271824057367
390,587190.0868848461,517555.4748026994,T,16.46474468830204,0.4206875590699972,0.6486043162591483,16.46474468830204,0.4206875590699972
391,587190.3749415682,517555.4748026994,T,16.450282450993917,0.4156619483940075,0.6447185032198219,16.450282450993917,0.4156619483940075
392,587190.6629982904,517555.4748026994,T,16.429356077740206,0.40391044607584126,0.6355394921449345,16.429356077740206,0.40391044607584126
393,587190.9510550125,517555.4748026994,T,16.402822542565538,0.3835803769078008,0.6193386609180802,16.402822542565538,0.3835803769078008
394,587191.2391117347,517555.4748026994,T,16.373541318483895,0.3525432455297595,0.5937535225409274,16.373541318483895,0.3525432455297595
395,587191.5271684568,517555.4748026994,T,16.346865178457506,0.3093717458719362,0.5562119612808918,16.346865178457506,0.3093717458719362
396,587191.815225179,517555.4748026994,T,16.330304699660907,0.2545757956062607,0.5045550471517064,16.330304699660907,0.2545757956062607
397,587192.1032819011,517555.4748026994,T,16.332183652587663,0.1915940799208125,0.43771461012949126,16.332183652587663,0.1915940799208125
398,587192.3913386234,517555.4748026994,T,16.359449458280018,0.1268871384740441,0.3562122098890549,16.359449458280018,0.1268871384740441
399,587192.6793953455,517555.4748026994,T,16.41520504053939,0.06880358423259586,0.26230437326242934,16.41520504053939,0.06880358423259586
400,587192.9674520676,517555.4748026994,T,16.496810052369252,0.025582109549235614,0.15994408257023957,16.496810052369252,0.025582109549235614
401,587193.2555087898,517555.4748026994,T,16.59538337272218,0.0033658574216481993,0.05801601004591921,16.59538337272218,0.0033658574216481993
402,587193.5435655119,517555.4748026994,T,16.697153062554598,0.00498226118368994,0.07058513429674793,16.697153062554598,0.00498226118368994
403,587193.8316222341,517555.4748026994,T,16.78644999371457,0.029653003764746253,0.17220047550673678,16.78644999371457,0.029653003764746253
404,587194.1196789562,517555.4748026994,T,16.84948900360058,0.07337284175142576,0.27087421758341224,16.84948900360058,0.07337284175142576
405,587194.4077356784,517555.4748026994,T,16.87772629207269,0.1297453945354371,0.3602018802497248,16.87772629207269,0.1297453945354371
406,587194.6957924005,517555.4748026994,T,16.869704179164266,0.191248571927479,0.437319759360904,16.869704179164266,0.191248571927479
407,587194.9838491228,517555.4748026994,T,16.830852391617583,0.25078741948250505,0.5007868004275922,16.830852391617583,0.25078741948250505
408,587195.2719058449,517555.4748026994,T,16.77146082886153,0.3030775536017595,0.5505247983531346,16.77146082886153,0.3030775536017595
409,587195.5599625671,517555.4748026994,T,16.703646525653287,0.34534091465415157,0.5876571403923818,16.703646525653287,0.34534091465415157
410,587195.8480192892,517555.4748026994,T,16.638368387726334,0.3771455896725981,0.6141218036127671,16.638368387726334,0.3771455896725981
411,587196.1360760113,517555.4748026994,T,16.5833522071952,0.3996667104783402,0.6321919886223965,16.5833522071952,0.3996667104783402
412,587196.4241327335,517555.4748026994,T,16.542320610223165,0.41482228302264745,0.6440669864405778,16.542320610223165,0.41482228302264745
413,587196.7121894556,517555.4748026994,T,16.51541515810803,0.4246084647927736,0.6516198775304307,16.51541515810803,0.4246084647927736
414,587197.0002461778,517555.4748026994,T,16.50035446982268,0.4307309478302949,0.6563009582731805,16.50035446982268,0.4307309478302949
415,587197.2883028999,517555.4748026994,T,16.49377990640311,0.4344788204661577,0.6591500743124874,16.49377990640311,0.4344788204661577
416,587197.5763596221,517555.4748026994,T,16.49236104057789,0.43674409539156706,0.6608661705607022,16.49236104057789,0.43674409539156706
417,587197.8644163442,517555.4748026994,T,16.493455602509766,0.4381048675742973,0.6618949067444901,16.493455602509766,0.4381048675742973
418,587198.1524730665,517555.4748026994,T,16.49532812986681,0.4389193308498801,0.6625098722659762,16.49532812986681,0.4389193308498801
419,587186.342147458,517555.76285942155,T,16.186858903095033,0.1345753112247282,0.36684507796170335,16.186858903095033,0.1345753112247282
420,587186.6302041803,517555.76285942155,T,16.181938040188292,0.07600898141458028,0.27569726406799955,16.181938040188292,0.07600898141458028
421,587186.9182609024,517555.76285942155,T,16.195382659600444,0.04010891580757949,0.20027210441691445,16.195382659600444,0.04010891580757949
422,587187.2063176245,517555.76285942155,T,16.225476408939116,0.034565394166791184,0.1859177080506082,16.225476408939116,0.034565394166791184
423,587187.4943743467,517555.76285942155,T,16.267676810479948,0.05986258618841888,0.24466831872643194,16.267676810479948,0.05986258618841888
424,587187.7824310688,517555.76285942155,T,16.315662228168712,0.10936510064851925,0.33070394713174994,16.315662228168712,0.10936510064851925
425,587188.070487791,517555.76285942155,T,16.36283267352931,0.17211979375810058,0.4148732261282964,16.36283267352931,0.17211979375810058
426,587188.3585445131,517555.76285942155,T,16.40377605388058,0.23676004974150824,0.4865799520546528,16.40377605388058,0.23676004974150824
427,587188.6466012353,517555.76285942155,T,16.435237118069605,0.294633282470039,0.5428013287290655,16.435237118069605,0.294633282470039
428,587188.9346579574,517555.76285942155,T,16.456331716917617,0.34111291493189133,0.5840487265048109,16.456331716917617,0.34111291493189133
429,587189.2227146797,517555.76285942155,T,16.46803823573335,0.375197370315318,0.6125335666845679,16.46803823573335,0.375197370315318
430,587189.5107714018,517555.76285942155,T,16.472246440487073,0.39818385605696593,0.6310181107202597,16.472246440487073,0.39818385605696593
431,587189.798828124,517555.76285942155,T,16.470761240983673,0.4122383161568313,0.6420578760180669,16.470761240983673,0.4122383161568313
432,587190.0868848461,517555.76285942155,T,16.464625200419714,0.4193325434129171,0.6475589111524271,16.464625200419714,0.4193325434129171
433,587190.3749415682,517555.76285942155,T,16.453981398539128,0.42064180302154863,0.6485690426019026,16.453981398539128,0.42064180302154863
434,587190.6629982904,517555.76285942155,T,16.438513098971566,0.41629355396667717,0.6452081477838584,16.438513098971566,0.41629355396667717
435,587190.9510550125,517555.76285942155,T,16.418319332514773,0.40535475948485045,0.6366747674322035,16.418319332514773,0.40535475948485045
436,587191.2391117347,517555.76285942155,T,16.39494046248867,0.38605886585374793,0.6213363548463489,16.39494046248867,0.38605886585374793
437,587191.5271684568,517555.76285942155,T,16.372150424959777,0.3563700117434683,0.5969673456257623,16.372150424959777,0.3563700117434683
438,587191.815225179,517555.76285942155,T,16.35611262714906,0.3149284066469483,0.5611848239635034,16.35611262714906,0.3149284066469483
439,587192.1032819011,517555.76285942155,T,16.354600667685364,0.2621781320146049,0.5120333309605976,16.354600667685364,0.2621781320146049
440,587192.3913386234,517555.76285942155,T,16.37524311945825,0.20119805823579992,0.44855106536023287,16.37524311945825,0.20119805823579992
441,587192.6793953455,517555.76285942155,T,16.42312857002855,0.13772499955276435,0.3711131896777105,16.42312857002855,0.13772499955276435
442,587192.9674520676,517555.76285942155,T,16.49847741442601,0.07922168149733565,0.2814634638764606,16.49847741442601,0.07922168149733565
443,587193.2555087898,517555.76285942155,T,16.595267129640348,0.03335887933243221,0.1826441330358909,16.595267129640348,0.03335887933243221
444,587193.5435655119,517555.76285942155,T,16.701537360576978,0.006496034888631883,0.08059798315486488,16.701537360576978,0.006496034888631883
445,587193.8316222341,517555.76285942155,T,16.801585718293246,0.0025131474950748386,0.05013130254715948,16.801585718293246,0.0025131474950748386
446,587194.1196789562,517555.76285942155,T,16.879563753197154,0.0220428318432709,0.14846828564804976,16.879563753197154,0.0220428318432709
447,587194.4077356784,517555.76285942155,T,16.923392458351504,0.062173657372914394,0.24934646051812004,16.923392458351504,0.062173657372914394
448,587194.6957924005,517555.76285942155,T,16.92772102983039,0.11689559609600479,0.3418999796665756,16.92772102983039,0.11689559609600479
449,587194.9838491228,517555.76285942155,T,16.89496673024733,0.17844712168111035,0.42243001986259254,16.89496673024733,0.17844712168111035
450,587195.2719058449,517555.76285942155,T,16.83417296332106,0.23920928819421192,0.48909026589599175,16.83417296332106,0.23920928819421192
451,587195.5599625671,517555.76285942155,T,16.758200370909364,0.2933731018488722,0.5416392728088245,16.758200370909364,0.2933731018488722
452,587195.8480192892,517555.76285942155,T,16.680289703942897,0.3377395219319669,0.5811536130249616,16.680289703942897,0.3377395219319669
453,587196.1360760113,517555.76285942155,T,16.611112060698577,0.37156130205549803,0.6095582843793512,16.611112060698577,0.37156130205549803
454,587196.4241327335,517555.76285942155,T,16.557077579325906,0.39580211507030055,0.6291280593569966,16.557077579325906,0.39580211507030055
455,587196.7121894556,517555.76285942155,T,16.520112796198113,0.412281884025306,0.6420918034247953,16.520112796198113,0.412281884025306
456,587197.0002461778,517555.76285942155,T,16.498600519969354,0.4230023187309037,0.6503862842426059,16.498600519969354,0.4230023187309037
457,587197.2883028999,517555.76285942155,T,16.488892088423814,0.42974000031707343,0.6555455745538012,16.488892088423814,0.42974000031707343
458,587197.5763596221,517555.76285942155,T,16.486797823793324,0.4338744727239035,0.6586914852371355,16.486797823793324,0.4338744727239035
459,587197.8644163442,517555.76285942155,T,16.488659186212843,0.43637683615306183,0.6605882500870431,16.488659186212843,0.43637683615306183
460,587198.1524730665,517555.76285942155,T,16.491870374616255,0.43788202405794624,0.6617265477959504,16.491870374616255,0.43788202405794624
461,587198.4405297886,517555.76285942155,T,16.494930366664054,0.43878469348358307,0.662408252880037,16.494930366664054,0.43878469348358307
462,587186.342147458,517556.0509161437,T,16.223479488243747,0.17918044893260762,0.4232971166126786,16.223479488243747,0.17918044893260762
463,587186.6302041803,517556.0509161437,T,16.211547773287684,0.1085930008599716,0.32953452149960194,16.211547773287684,0.1085930008599716
464,587186.9182609024,517556.0509161437,T,16.216879354200753,0.051209338409273,0.22629480420299755,16.216879354200753,0.051209338409273
465,587187.2063176245,517556.0509161437,T,16.239258749663776,0.018648606831257922,0.13655990198904627,16.239258749663776,0.018648606831257922
466,587187.4943743467,517556.0509161437,T,16.27537980018071,0.017474252031998868,0.13219021155894586,16.27537980018071,0.017474252031998868
467,587187.7824310688,517556.0509161437,T,16.31952523837352,0.0469508098059251,0.21668135546448175,16.31952523837352,0.0469508098059251
468,587188.070487791,517556.0509161437,T,16.36493917754211,0.09967848471009515,0.3157189964352718,16.36493917754211,0.09967848471009515
469,587188.3585445131,517556.0509161437,T,16.405454719890706,0.1645826947106067,0.40568792773584805,16.405454719890706,0.1645826947106067
470,587188.6466012353,517556.0509161437,T,16.436838895371235,0.2306158483542252,0.48022478939994884,16.436838895371235,0.2306158483542252
471,587188.9346579574,517556.0509161437,T,16.457434197267936,0.28953352262297677,0.5380831930315021,16.457434197267936,0.28953352262297677
472,587189.2227146797,517556.0509161437,T,16.46795598663351,0.33696821567468616,0.5804896344248415,16.46795598663351,0.33696821567468616
473,587189.5107714018,517556.0509161437,T,16.470620501602816,0.37199042674956334,0.6099101792473736,16.470620501602816,0.37199042674956334
474,587189.798828124,517556.0509161437,T,16.467996687841158,0.3958670794702992,0.6291796877445259,16.467996687841158,0.3958670794702992
475,587190.0868848461,517556.0509161437,T,16.462024018411757,0.4107253632262887,0.6408785869619056,16.462024018411757,0.4107253632262887
476,587190.3749415682,517556.0509161437,T,16.453529082196226,0.418537143903264,0.6469444674029325,16.453529082196226,0.418537143903264
477,587190.6629982904,517556.0509161437,T,16.442375793567287,0.4205221201304163,0.6484767691524627,16.442375793567287,0.4205221201304163
478,587190.9510550125,517556.0509161437,T,16.428176195302864,0.41688733388841565,0.6456681298379343,16.428176195302864,0.41688733388841565
479,587191.2391117347,517556.0509161437,T,16.411320449575342,0.406810709600932,0.6378171443297304,16.411320449575342,0.406810709600932
480,587191.5271684568,517556.0509161437,T,16.393972572147,0.38866961163674063,0.6234337267398521,16.393972572147,0.38866961163674063
481,587191.815225179,517556.0509161437,T,16.380631534527513,0.3605841453625508,0.6004865904935354,16.380631534527513,0.3605841453625508
482,587192.1032819011,517556.0509161437,T,16.377900364494657,0.3212745304127009,0.5668108418270604,16.377900364494657,0.3212745304127009
483,587192.3913386234,517556.0509161437,T,16.39327518258238,0.27102409312553033,0.5205997436856172,16.39327518258238,0.27102409312553033
484,587192.6793953455,517556.0509161437,T,16.43307156817851,0.21236066650290225,0.4608260696867119,16.43307156817851,0.21236066650290225
485,587192.9674520676,517556.0509161437,T,16.49998495813307,0.1501265785399825,0.3874617123535983,16.49998495813307,0.1501265785399825
486,587193.2555087898,517556.0509161437,T,16.59108929627036,0.09090229144902806,0.3015000687380155,16.59108929627036,0.09090229144902806
487,587193.5435655119,517556.0509161437,T,16.697135681535354,0.04200833109026711,0.20495934009033867,16.697135681535354,0.04200833109026711
488,587193.8316222341,517556.0509161437,T,16.80370899211968,0.010296047340306728,0.10146944042571009,16.80370899211968,0.010296047340306728
489,587194.1196789562,517556.0509161437,T,16.894183175166287,7.956391206902694e-4,0.0282070757202917,16.894183175166287,7.956391206902694e-4
490,587194.4077356784,517556.0509161437,T,16.95370982447438,0.01538271428338782,0.12402707076839242,16.95370982447438,0.01538271428338782
491,587194.6957924005,517556.0509161437,T,16.97299394636231,0.05196267943562888,0.2279532395813424,16.97299394636231,0.05196267943562888
492,587194.9838491228,517556.0509161437,T,16.950601232371174,0.10477238151223933,0.32368562141720064,16.950601232371174,0.10477238151223933
493,587195.2719058449,517556.0509161437,T,16.893040516035416,0.1659085536838631,0.4073187372118586,16.893040516035416,0.1659085536838631
494,587195.5599625671,517556.0509161437,T,16.812668745174673,0.22744959482408253,0.47691675879977474,16.812668745174673,0.22744959482408253
495,587195.8480192892,517556.0509161437,T,16.72422464107241,0.2832243562343494,0.5321882714175026,16.72422464107241,0.2832243562343494
496,587196.1360760113,517556.0509161437,T,16.64119413803984,0.3296332335020506,0.5741369466443094,16.64119413803984,0.3296332335020506
497,587196.4241327335,517556.0509161437,T,16.573114126681293,0.3655373780532584,0.6045968723482271,16.573114126681293,0.3655373780532584
498,587196.7121894556,517556.0509161437,T,16.524431534171768,0.3916028012544681,0.6257817520945047,16.524431534171768,0.3916028012544681
499,587197.0002461778,517556.0509161437,T,16.49490914068787,0.4095027235287753,0.6399239982441473,16.49490914068787,0.4095027235287753
500,587197.2883028999,517556.0509161437,T,16.48107787589764,0.4212313168981814,0.6490233562039054,16.48107787589764,0.4212313168981814
501,587197.5763596221,517556.0509161437,T,16.478036397290474,0.4286383958857336,0.6547048158412565,16.478036397290474,0.4286383958857336
502,587197.8644163442,517556.0509161437,T,16.48099370027322,0.4331983827811642,0.6581780783201187,16.48099370027322,0.4331983827811642
503,587198.1524730665,517556.0509161437,T,16.486221504362206,0.4359647139955009,0.6602762406716608,16.486221504362206,0.4359647139955009
504,587198.4405297886,517556.0509161437,T,16.491376767055968,0.43763190826981657,0.6615375335306505,16.491376767055968,0.43763190826981657
505,587198.7285865108,517556.0509161437,T,16.495357494158174,0.4386337457817971,0.6622943045065367,16.495357494158174,0.4386337457817971
506,587186.0540907359,517556.3389728659,T,16.29544959904505,0.2990972100963271,0.5468978058982565,16.29544959904505,0.2990972100963271
507,587186.342147458,517556.3389728659,T,16.26750041963645,0.23437458723662705,0.4841224919755609,16.26750041963645,0.23437458723662705
508,587186.6302041803,517556.3389728659,T,16.251231882256516,0.1618428260624096,0.4022969376746604,16.251231882256516,0.1618428260624096
509,587186.9182609024,517556.3389728659,T,16.250218597265597,0.09177077243869586,0.30293691164778164,16.250218597265597,0.09177077243869586
510,587187.2063176245,517556.3389728659,T,16.265556653391112,0.036567603340318396,0.19122657592583306,16.265556653391112,0.036567603340318396
511,587187.4943743467,517556.3389728659,T,16.295269598916494,0.006998955364570238,0.08365975952971798,16.295269598916494,0.006998955364570238
512,587187.7824310688,517556.3389728659,T,16.334552726711674,0.00858255722538996,0.09264209208232486,16.334552726711674,0.00858255722538996
513,587188.070487791,517556.3389728659,T,16.37686754098749,0.03988812306459024,0.19972011181798952,16.37686754098749,0.03988812306459024
514,587188.3585445131,517556.3389728659,T,16.415571418355373,0.09344454725059717,0.30568700863889714,16.415571418355373,0.09344454725059717
515,587188.6466012353,517556.3389728659,T,16.445544774896764,0.15858925547437042,0.39823266500171783,16.445544774896764,0.15858925547437042
516,587188.9346579574,517556.3389728659,T,16.464269398028684,0.22479694478552836,0.47412756172313836,16.464269398028684,0.22479694478552836
517,587189.2227146797,517556.3389728659,T,16.472027217920935,0.2841501379269249,0.5330573495665593,16.472027217920935,0.2841501379269249
518,587189.5107714018,517556.3389728659,T,16.471231105226554,0.3323348769066118,0.57648493207248,16.471231105226554,0.3323348769066118
519,587189.798828124,517556.3389728659,T,16.465215038443212,0.3683013124763154,0.6068783341628826,16.465215038443212,0.3683013124763154
520,587190.0868848461,517556.3389728659,T,16.45697182858463,0.3931603404523308,0.627024991888147,16.45697182858463,0.3931603404523308
521,587190.3749415682,517556.3389728659,T,16.44828906243774,0.4089332725468071,0.6394789070382284,16.44828906243774,0.4089332725468071
522,587190.6629982904,517556.3389728659,T,16.439545857282855,0.41756037525424017,0.6461891172514748,16.439545857282855,0.41756037525424017
523,587190.9510550125,517556.3389728659,T,16.430190167465675,0.42029708587680376,0.6483032360530092,16.430190167465675,0.42029708587680376
524,587191.2391117347,517556.3389728659,T,16.419704244654845,0.41744363472980067,0.6460987809381787,16.419704244654845,0.41744363472980067
525,587191.5271684568,517556.3389728659,T,16.408725912896394,0.4083251407964443,0.6390032400516013,16.408725912896394,0.4083251407964443
526,587191.815225179,517556.3389728659,T,16.399930015312762,0.3915087548428846,0.6257066044424372,16.399930015312762,0.3915087548428846
527,587192.1032819011,517556.3389728659,T,16.3982870763441,0.3652908161965855,0.6043929319545237,16.3982870763441,0.3652908161965855
528,587192.3913386234,517556.3389728659,T,16.41042234264274,0.32842267536030795,0.5730817353225524,16.41042234264274,0.32842267536030795
529,587192.6793953455,517556.3389728659,T,16.443022292897584,0.2809017442199179,0.5300016454879343,16.443022292897584,0.2809017442199179
530,587192.9674520676,517556.3389728659,T,16.50056671417036,0.22457459382669173,0.47389301939012746,16.50056671417036,0.22457459382669173
531,587193.2555087898,517556.3389728659,T,16.583017016968935,0.16337694416636597,0.40419913924495926,16.583017016968935,0.16337694416636597
532,587193.5435655119,517556.3389728659,T,16.684309587415882,0.10317511498413717,0.3212088339136039,16.684309587415882,0.10317511498413717
533,587193.8316222341,517556.3389728659,T,16.792426430701518,0.05118647985915484,0.2262442924344277,16.792426430701518,0.05118647985915484
534,587194.1196789562,517556.3389728659,T,16.891381533779384,0.014864437839999028,0.12191980085285174,16.891381533779384,0.014864437839999028
535,587194.4077356784,517556.3389728659,T,16.964779739152945,2.31950394553264e-4,0.015229917746109597,16.964779739152945,2.31950394553264e-4
536,587194.6957924005,517556.3389728659,T,16.9999431891864,0.010089843529101535,0.10044821317027762,16.9999431891864,0.010089843529101535
537,587194.9838491228,517556.3389728659,T,16.991269044283502,0.04294447411691934,0.20723048549120213,16.991269044283502,0.04294447411691934
538,587195.2719058449,517556.3389728659,T,16.94167128880892,0.0933343883030611,0.3055067729250222,16.94167128880892,0.0933343883030611
539,587195.5599625671,517556.3389728659,T,16.86162270788181,0.15346853668287577,0.3917506052106056,16.86162270788181,0.15346853668287577
540,587195.8480192892,517556.3389728659,T,16.766174710466917,0.21536309910220028,0.4640722994342587,16.766174710466917,0.21536309910220028
541,587196.1360760113,517556.3389728659,T,16.671020992212032,0.27256660428346197,0.5220791168812079,16.671020992212032,0.27256660428346197
542,587196.4241327335,517556.3389728659,T,16.588905103312122,0.3210176611607049,0.5665842048281128,16.588905103312122,0.3210176611607049
543,587196.7121894556,517556.3389728659,T,16.527394287713957,0.3590839522152762,0.5992361406117593,16.527394287713957,0.3590839522152762
544,587197.0002461778,517556.3389728659,T,16.48842692084724,0.38706664643632827,0.6221468045697319,16.48842692084724,0.38706664643632827
545,587197.2883028999,517556.3389728659,T,16.469385231473744,0.4064693584787027,0.6375494949246707,16.469385231473744,0.4064693584787027
546,587197.5763596221,517556.3389728659,T,16.465012430181538,0.4192764708277189,0.6475156143505104,16.465012430181538,0.4192764708277189
547,587197.8644163442,517556.3389728659,T,16.469401314134235,0.4274110650058559,0.6537668277037738,16.469401314134235,0.4274110650058559
548,587198.1524730665,517556.3389728659,T,16.477480188376788,0.4324412269248837,0.6576026360385758,16.477480188376788,0.4324412269248837
549,587198.4405297886,517556.3389728659,T,16.485757080247996,0.4355027578086874,0.6599263275614085,16.485757080247996,0.4355027578086874
550,587198.7285865108,517556.3389728659,T,16.49239030585228,0.4373520162423096,0.6613259530990067,16.49239030585228,0.4373520162423096
551,587199.0166432329,517556.3389728659,T,16.496830686088558,0.4384651877246999,0.6621670391409556,16.496830686088558,0.4384651877246999
552,587199.304699955,517556.3389728659,T,16.499311159640033,0.4391327745882881,0.6626709399002555,16.499311159640033,0.4391327745882881
553,587185.7660340137,517556.62702958804,T,16.371261292620066,0.380943489877617,0.6172061972125823,16.371261292620066,0.380943489877617
554,587186.0540907359,517556.62702958804,T,16.340563173561808,0.34266368526163427,0.5853748245881729,16.340563173561808,0.34266368526163427
555,587186.342147458,517556.62702958804,T,16.313967698323676,0.28984117433402995,0.538368994588312,16.313967698323676,0.28984117433402995
556,587186.6302041803,517556.62702958804,T,16.296153171857338,0.22428935369047076,0.4735919696220268,16.296153171857338,0.22428935369047076
557,587186.9182609024,517556.62702958804,T,16.291104465660368,0.15223346416018618,0.39017107037834853,16.291104465660368,0.15223346416018618
558,587187.2063176245,517556.62702958804,T,16.300894924223257,0.08382585488940263,0.2895269501953188,16.300894924223257,0.08382585488940263
559,587187.4943743467,517556.62702958804,T,16.32478559083771,0.030795925649469386,0.17548767948055324,16.32478559083771,0.030795925649469386
560,587187.7824310688,517556.62702958804,T,16.359037567400254,0.002982574611360488,0.05461295278009135,16.359037567400254,0.002982574611360488
561,587188.070487791,517556.62702958804,T,16.397625782866978,0.005240489270342557,0.07239122371076867,16.397625782866978,0.005240489270342557
562,587188.3585445131,517556.62702958804,T,16.43371188560409,0.03608731312782515,0.1899666105604486,16.43371188560409,0.03608731312782515
563,587188.6466012353,517556.62702958804,T,16.461419206205438,0.08855634758962788,0.2975841857183071,16.461419206205438,0.08855634758962788
564,587188.9346579574,517556.62702958804,T,16.477304844385333,0.15267481330266572,0.3907362451867829,16.477304844385333,0.15267481330266572
565,587189.2227146797,517556.62702958804,T,16.481024495056726,0.2184091259669761,0.46734262160322604,16.481024495056726,0.2184091259669761
566,587189.5107714018,517556.62702958804,T,16.474997318554667,0.27797822295692876,0.5272364013959286,16.474997318554667,0.27797822295692876
567,587189.798828124,517556.62702958804,T,16.46326084839556,0.3269273318688858,0.57177559572693,16.46326084839556,0.3269273318688858
568,587190.0868848461,517556.62702958804,T,16.449990737685656,0.3639576429699254,0.6032890210918191,16.449990737685656,0.3639576429699254
569,587190.3749415682,517556.62702958804,T,16.438236576827233,0.38995409783657087,0.6244630476149656,16.438236576827233,0.38995409783657087
570,587190.6629982904,517556.62702958804,T,16.429289023403843,0.4067932689722958,0.6378034720603956,16.429289023403843,0.4067932689722958
571,587190.9510550125,517556.62702958804,T,16.42283205056696,0.41636274994060785,0.6452617685409603,16.42283205056696,0.41636274994060785
572,587191.2391117347,517556.62702958804,T,16.417764088522954,0.4199514369884245,0.6480366015808247,16.417764088522954,0.4199514369884245
573,587191.5271684568,517556.62702958804,T,16.41337742128537,0.4179710506193051,0.6465068063209428,16.41337742128537,0.4179710506193051
574,587191.815225179,517556.62702958804,T,16.410492784154428,0.4099247221357329,0.6402536389086226,16.410492784154428,0.4099247221357329
575,587192.1032819011,517556.62702958804,T,16.412143682320337,0.39459006684583064,0.6281640445344119,16.412143682320337,0.39459006684583064
576,587192.3913386234,517556.62702958804,T,16.423480755049752,0.37041933718989767,0.6086208484679914,16.423480755049752,0.37041933718989767
577,587192.6793953455,517556.62702958804,T,16.450729590487928,0.3361207463750836,0.5797592141355613,16.450729590487928,0.3361207463750836
578,587192.9674520676,517556.62702958804,T,16.499297542503033,0.29131687248391025,0.5397377812270605,16.499297542503033,0.29131687248391025
579,587193.2555087898,517556.62702958804,T,16.57145662042316,0.2371593557075496,0.4869900981617076,16.57145662042316,0.2371593557075496
580,587193.5435655119,517556.62702958804,T,16.664327783580873,0.17680662531836475,0.42048379911521533,16.664327783580873,0.17680662531836475
581,587193.8316222341,517556.62702958804,T,16.769001181005912,0.11562995732743331,0.34004405203948695,16.769001181005912,0.11562995732743331
582,587194.1196789562,517556.62702958804,T,16.871416013055114,0.060873244412653474,0.24672503807407442,16.871416013055114,0.060873244412653474
583,587194.4077356784,517556.62702958804,T,16.955084272047262,0.020474756204087258,0.14309002831814402,16.955084272047262,0.020474756204087258
584,587194.6957924005,517556.62702958804,T,17.005040295657995,0.0011280064155820546,0.03358580675794545,17.005040295657995,0.0011280064155820546
585,587194.9838491228,517556.62702958804,T,17.01182728720168,0.006271979394779431,0.07919582940268655,17.01182728720168,0.006271979394779431
586,587195.2719058449,517556.62702958804,T,16.974179255759264,0.034986230602707044,0.1870460654563657,16.974179255759264,0.034986230602707044
587,587195.5599625671,517556.62702958804,T,16.89944234034798,0.08234199210500542,0.28695294406052957,16.89944234034798,0.08234199210500542
588,587195.8480192892,517556.62702958804,T,16.80157233863504,0.14094654720504107,0.3754284848077475,16.80157233863504,0.14094654720504107
589,587196.1360760113,517556.62702958804,T,16.697412518717375,0.20289876965228565,0.4504428594753009,16.697412518717375,0.20289876965228565
590,587196.4241327335,517556.62702958804,T,16.6025251342468,0.26143955003543656,0.5113115977908544,16.6025251342468,0.26143955003543656
591,587196.7121894556,517556.62702958804,T,16.527895545230987,0.31194680152350557,0.5585219794453085,16.527895545230987,0.31194680152350557
592,587197.0002461778,517556.62702958804,T,16.478373621311462,0.35222281102824743,0.593483623218238,16.478373621311462,0.35222281102824743
593,587197.2883028999,517556.62702958804,T,16.453005686970442,0.3821813593232703,0.6182081844518643,16.453005686970442,0.3821813593232703
594,587197.5763596221,517556.62702958804,T,16.446763608950008,0.4031551168005584,0.6349449714743463,16.446763608950008,0.4031551168005584
595,587197.8644163442,517556.62702958804,T,16.452837021067033,0.4171136244350837,0.645843343571089,16.452837021067033,0.4171136244350837
596,587198.1524730665,517556.62702958804,T,16.464685957912657,0.42604235333183443,0.6527191994509082,16.464685957912657,0.42604235333183443
597,587198.4405297886,517556.62702958804,T,16.477352040361495,0.43159459176522935,0.6569585921237573,16.477352040361495,0.43159459176522935
598,587198.7285865108,517556.62702958804,T,16.48791117743607,0.4349867567241337,0.659535258135707,16.48791117743607,0.4349867567241337
599,587199.0166432329,517556.62702958804,T,16.495252678517634,0.43704015604473123,0.6610901270210675,16.495252678517634,0.43704015604473123
600,587199.304699955,517556.62702958804,T,16.49950603406017,0.4382777663110617,0.662025502764857,16.49950603406017,0.4382777663110617
601,587199.5927566772,517556.62702958804,T,16.501416757554697,0.43902094198513336,0.6625865543347023,16.501416757554697,0.43902094198513336
602,587185.4779772916,517556.9150863102,T,16.431009485020112,0.41970237604457133,0.6478444072804607,16.431009485020112,0.41970237604457133
603,587185.7660340137,517556.9150863102,T,16.406964735461596,0.4033798801767691,0.6351219411867056,16.406964735461596,0.4033798801767691
604,587186.0540907359,517556.9150863102,T,16.381647723072135,0.3770584644865868,0.6140508647388967,16.381647723072135,0.3770584644865868
605,587186.342147458,517556.9150863102,T,16.358437619164455,0.33792529102829816,0.5813134189301827,16.358437619164455,0.33792529102829816
606,587186.6302041803,517556.9150863102,T,16.341459490685466,0.2848809692989883,0.5337424184932169,16.341459490685466,0.2848809692989883
607,587186.9182609024,517556.9150863102,T,16.334688803326106,0.22004298803903513,0.4690873991475737,16.334688803326106,0.22004298803903513
608,587187.2063176245,517556.9150863102,T,16.340789292305413,0.1495640634374934,0.3867351334408259,16.340789292305413,0.1495640634374934
609,587187.4943743467,517556.9150863102,T,16.360039193902495,0.08303352653929029,0.2881553861014753,16.360039193902495,0.08303352653929029
610,587187.7824310688,517556.9150863102,T,16.389776270638855,0.031326516876074094,0.1769929853866364,16.389776270638855,0.031326516876074094
611,587188.070487791,517556.9150863102,T,16.424688236218742,0.0035872490392784132,0.05989364773728858,16.424688236218742,0.0035872490392784132
612,587188.3585445131,517556.9150863102,T,16.457995534059055,0.004540850940272107,0.0673858363476488,16.457995534059055,0.004540850940272107
613,587188.6466012353,517556.9150863102,T,16.48321786388036,0.03320231360556846,0.18221502025236136,16.48321786388036,0.03320231360556846
614,587188.9346579574,517556.9150863102,T,16.49594473891128,0.08341639267986105,0.28881896177339367,16.49594473891128,0.08341639267986105
615,587189.2227146797,517556.9150863102,T,16.494984225660545,0.1459047287251661,0.38197477498542504,16.494984225660545,0.1459047287251661
616,587189.5107714018,517556.9150863102,T,16.48248307871706,0.2109554671514282,0.4592988865122887,16.48248307871706,0.2109554671514282
617,587189.798828124,517556.9150863102,T,16.46300574119473,0.27074591923639035,0.5203325083409553,16.46300574119473,0.27074591923639035
618,587190.0868848461,517556.9150863102,T,16.44195233672631,0.3205736631944851,0.5661922493239245,16.44195233672631,0.3205736631944851
619,587190.3749415682,517556.9150863102,T,16.423916106659366,0.35884030337018363,0.5990328065892415,16.423916106659366,0.35884030337018363
620,587190.6629982904,517556.9150863102,T,16.411550423146785,0.3861698135650541,0.6214256299550688,16.411550423146785,0.3861698135650541
621,587190.9510550125,517556.9150863102,T,16.405277678031965,0.40425982224546353,0.6358142985538022,16.405277678031965,0.40425982224546353
622,587191.2391117347,517556.9150863102,T,16.40385167409595,0.41492203692063445,0.6441444224090079,16.40385167409595,0.41492203692063445
623,587191.5271684568,517556.9150863102,T,16.4055113907005,0.41947742189869996,0.6476707665926416,16.4055113907005,0.41947742189869996
624,587191.815225179,517556.9150863102,T,16.409310515186316,0.41846634851170744,0.6468897498891967,16.409310515186316,0.41846634851170744
625,587192.1032819011,517556.9150863102,T,16.416178537757883,0.41158836764314327,0.6415515315570085,16.416178537757883,0.41158836764314327
626,587192.3913386234,517556.9150863102,T,16.429334432167693,0.39782767910458045,0.6307358235462612,16.429334432167693,0.39782767910458045
627,587192.6793953455,517556.9150863102,T,16.453809930494998,0.37575250734672966,0.6129865474435223,16.453809930494998,0.37575250734672966
628,587192.9674520676,517556.9150863102,T,16.495047198231084,0.34397137495087027,0.5864907287850937,16.495047198231084,0.34397137495087027
629,587193.2555087898,517556.9150863102,T,16.556815465917467,0.30171996945165974,0.5492904235936211,16.556815465917467,0.30171996945165974
630,587193.5435655119,517556.9150863102,T,16.638997560311733,0.24955016235079058,0.49954995981462214,16.638997560311733,0.24955016235079058
631,587193.8316222341,517556.9150863102,T,16.7360179447243,0.19003000670511336,0.4359243130465578,16.7360179447243,0.19003000670511336
632,587194.1196789562,517556.9150863102,T,16.83667359508899,0.12818302418523944,0.3580265691051985,16.83667359508899,0.12818302418523944
633,587194.4077356784,517556.9150863102,T,16.925794656601507,0.07122713476999858,0.2668841223639926,16.925794656601507,0.07122713476999858
634,587194.6957924005,517556.9150863102,T,16.987550035237387,0.027310327912779032,0.16525836714907668,16.987550035237387,0.027310327912779032
635,587194.9838491228,517556.9150863102,T,17.009535877781186,0.0034802006330950912,0.05899322531524354,17.009535877781186,0.0034802006330950912
636,587195.2719058449,517556.9150863102,T,16.986345316382494,0.00369742199323905,0.06080643052538975,16.986345316382494,0.00369742199323905
637,587195.5599625671,517556.9150863102,T,16.9213601105468,0.027772317876105828,0.1666502861566875,16.9213601105468,0.027772317876105828
638,587195.8480192892,517556.9150863102,T,16.8260699482358,0.0715851076742907,0.267553934140933,16.8260699482358,0.0715851076742907
639,587196.1360760113,517556.9150863102,T,16.717103220513877,0.12832038454107472,0.3582183475773885,16.717103220513877,0.12832038454107472
640,587196.4241327335,517556.9150863102,T,16.6119719944867,0.19016464976733258,0.4360787196909895,16.6119719944867,0.19016464976733258
641,587196.7121894556,517556.9150863102,T,16.524942555025028,0.24996698235362955,0.49996698126339256,16.524942555025028,0.24996698235362955
642,587197.0002461778,517556.9150863102,T,16.464285902351453,0.30248489375941323,0.5499862668825588,16.464285902351453,0.30248489375941323
643,587197.2883028999,517556.9150863102,T,16.431548466183294,0.34495255564133986,0.5873266175147691,16.431548466183294,0.34495255564133986
644,587197.5763596221,517556.9150863102,T,16.422712588803762,0.3769126509294931,0.6139321224121549,16.422712588803762,0.3769126509294931
645,587197.8644163442,517556.9150863102,T,16.430519478464664,0.39952424352360894,0.6320793016098605,16.430519478464664,0.39952424352360894
646,587198.1524730665,517556.9150863102,T,16.447007927405217,0.4147187612178215,0.6439866157132627,16.447007927405217,0.4147187612178215
647,587198.4405297886,517556.9150863102,T,16.465486446865874,0.42451938862403915,0.6515515241514206,16.465486446865874,0.42451938862403915
648,587198.7285865108,517556.9150863102,T,16.481550855456184,0.4306520452302831,0.6562408439211043,16.481550855456184,0.4306520452302831
649,587199.0166432329,517556.9150863102,T,16.49317457837605,0.4344132158402872,0.6591003078745201,16.49317457837605,0.4344132158402872
650,587199.304699955,517556.9150863102,T,16.500175221447346,0.4366941738795865,0.6608283997223383,16.500175221447346,0.4366941738795865
651,587199.5927566772,517556.9150863102,T,16.503442011568158,0.43807008173323214,0.6618686287574236,16.503442011568158,0.43807008173323214
652,587199.8808133993,517556.9150863102,T,16.504232874270247,0.43889701331648623,0.6624930288814262,16.504232874270247,0.43889701331648623
653,587185.1899205694,517557.2031430323,T,16.468427520088696,0.4338076851698271,0.6586407861420571,16.468427520088696,0.4338076851698271
654,587185.4779772916,517557.2031430323,T,16.453734203797566,0.42826014368568244,0.6544158797627717,16.453734203797566,0.42826014368568244
655,587185.7660340137,517557.2031430323,T,16.435905916903355,0.41834875717175335,0.6467988537186452,16.435905916903355,0.41834875717175335
656,587186.0540907359,517557.2031430323,T,16.41636170307236,0.40155384714669884,0.6336827653855664,16.41636170307236,0.40155384714669884
657,587186.342147458,517557.2031430323,T,16.39762909403906,0.3749496574972173,0.6123313298347696,16.39762909403906,0.3749496574972173
658,587186.6302041803,517557.2031430323,T,16.383124736157914,0.33601559303374956,0.579668519960977,16.383124736157914,0.33601559303374956
659,587186.9182609024,517557.2031430323,T,16.376508916926582,0.28389068193723144,0.5328139280623503,16.376508916926582,0.28389068193723144
660,587187.2063176245,517557.2031430323,T,16.380677891244083,0.22066281746734676,0.46974761039024643,16.380677891244083,0.22066281746734676
661,587187.4943743467,517557.2031430323,T,16.396650128361518,0.1520399494251856,0.38992300448317435,16.396650128361518,0.1520399494251856
662,587187.7824310688,517557.2031430323,T,16.422748516066704,0.0868409474460913,0.2946878814035136,16.422748516066704,0.0868409474460913
663,587188.070487791,517557.2031430323,T,16.454484173780816,0.03520079089909843,0.18761873813427707,16.454484173780816,0.03520079089909843
664,587188.3585445131,517557.2031430323,T,16.485359314991292,0.005974610091532517,0.07729560201934206,16.485359314991292,0.005974610091532517
665,587188.6466012353,517557.2031430323,T,16.508469136230442,0.004231723527232572,0.0650516988804487,16.508469136230442,0.004231723527232572
666,587188.9346579574,517557.2031430323,T,16.51843124213919,0.029772017800491553,0.17254569771655145,16.51843124213919,0.029772017800491553
667,587189.2227146797,517557.2031430323,T,16.512976102845272,0.07725954013748262,0.2779560039601279,16.512976102845272,0.07725954013748262
668,587189.5107714018,517557.2031430323,T,16.49360838358459,0.13794678893013262,0.3714118858223746,16.49360838358459,0.13794678893013262
669,587189.798828124,517557.2031430323,T,16.465084747433007,0.2022852559420578,0.4497613321997099,16.465084747433007,0.2022852559420578
670,587190.0868848461,517557.2031430323,T,16.43390602808821,0.262346354394072,0.5121975735925269,16.43390602808821,0.262346354394072
671,587190.3749415682,517557.2031430323,T,16.40638789577898,0.3131789413141631,0.559623928468184,16.40638789577898,0.3131789413141631
672,587190.6629982904,517557.2031430323,T,16.38699795477533,0.3528781509730326,0.5940354795574357,16.38699795477533,0.3528781509730326
673,587190.9510550125,517557.2031430323,T,16.377495569126378,0.38176759973335184,0.6178734496103161,16.377495569126378,0.38176759973335184
674,587191.2391117347,517557.2031430323,T,16.377077818896016,0.4013165456806299,0.6334954977587686,16.377077818896016,0.4013165456806299
675,587191.5271684568,517557.2031430323,T,16.3833773820181,0.4132320444916859,0.6428312721793222,16.3833773820181,0.4132320444916859
676,587191.815225179,517557.2031430323,T,16.3939076157458,0.4188671739784555,0.6471994854590473,16.3939076157458,0.4188671739784555
677,587192.1032819011,517557.2031430323,T,16.407459285912026,0.41890522119368767,0.6472288785226503,16.407459285912026,0.41890522119368767
678,587192.3913386234,517557.2031430323,T,16.424999912554323,0.41324808496044674,0.6428437484804894,16.424999912554323,0.41324808496044674
679,587192.6793953455,517557.2031430323,T,16.44975980901336,0.40106892859903587,0.6333000304745262,16.44975980901336,0.40106892859903587
680,587192.9674520676,517557.2031430323,T,16.486375767606905,0.3810179939835806,0.6172665501900946,16.486375767606905,0.3810179939835806
681,587193.2555087898,517557.2031430323,T,16.539198784859572,0.35159253717896793,0.5929523903139002,16.539198784859572,0.35159253717896793
682,587193.5435655119,517557.2031430323,T,16.61014694744001,0.3117039239055347,0.5583045082260528,16.61014694744001,0.3117039239055347
683,587193.8316222341,517557.2031430323,T,16.696742230348708,0.2614506118910139,0.5113224148137981,16.696742230348708,0.2614506118910139
684,587194.1196789562,517557.2031430323,T,16.791096260400373,0.2029593289433014,0.4505100764059572,16.791096260400373,0.2029593289433014
685,587194.4077356784,517557.2031430323,T,16.880479508956565,0.1409198969384532,0.37539298999642123,16.880479508956565,0.1409198969384532
686,587194.6957924005,517557.2031430323,T,16.949671068994274,0.08233608998551063,0.28694265975192784,16.949671068994274,0.08233608998551063
687,587194.9838491228,517557.2031430323,T,16.984640824704595,0.03528002852994509,0.18782978605627249,16.984640824704595,0.03528002852994509
688,587195.2719058449,517557.2031430323,T,16.97650772810382,0.006983264578115229,0.08356592952941545,16.97650772810382,0.006983264578115229
689,587195.5599625671,517557.2031430323,T,16.924440264652723,0.001996065612479832,0.04467735010584034,16.924440264652723,0.001996065612479832
690,587195.8480192892,517557.2031430323,T,16.836404801566346,0.021076543127950247,0.14517762612727295,16.836404801566346,0.021076543127950247
691,587196.1360760113,517557.2031430323,T,16.727382683606187,0.06108014344470263,0.2471439731102149,16.727382683606187,0.06108014344470263
692,587196.4241327335,517557.2031430323,T,16.615589276669056,0.11577954771894684,0.34026393831692897,16.615589276669056,0.11577954771894684
693,587196.7121894556,517557.2031430323,T,16.517946852019755,0.17737095028567063,0.42115430697746714,16.517946852019755,0.17737095028567063
694,587197.0002461778,517557.2031430323,T,16.446278917049995,0.23826949665051228,0.4881285656981286,16.446278917049995,0.23826949665051228
695,587197.2883028999,517557.2031430323,T,16.405332957733798,0.2926479469139527,0.5409694509988089,16.405332957733798,0.2926479469139527
696,587197.5763596221,517557.2031430323,T,16.392992148890375,0.3372317251735576,0.580716561821305,16.392992148890375,0.3372317251735576
697,587197.8644163442,517557.2031430323,T,16.402249421373828,0.3712118984630766,0.6092716130455091,16.402249421373828,0.3712118984630766
698,587198.1524730665,517557.2031430323,T,16.424010491535306,0.3955441165479907,0.6289229814118663,16.424010491535306,0.3955441165479907
699,587198.4405297886,517557.2031430323,T,16.449717971700608,0.4120752828119176,0.6419309018982632,16.449717971700608,0.4120752828119176
700,587198.7285865108,517557.2031430323,T,16.473088206476188,0.4228341295954331,0.6502569719698768,16.473088206476188,0.4228341295954331
701,587199.0166432329,517557.2031430323,T,16.49072490370355,0.42960874145703165,0.6554454526938391,16.49072490370355,0.42960874145703165
702,587199.304699955,517557.2031430323,T,16.501795862099385,0.43377857041039775,0.6586186836177651,16.501795862099385,0.43377857041039775
703,587199.5927566772,517557.2031430323,T,16.507188560054235,0.4363114634333909,0.660538767547667,16.507188560054235,0.4363114634333909
704,587199.8808133993,517557.2031430323,T,16.508573498456023,0.4378403756054344,0.6616950775133773,16.508573498456023,0.4378403756054344
705,587200.1688701215,517557.2031430323,T,16.507669918091644,0.43875985960386854,0.6623895074681275,16.507669918091644,0.43875985960386854
706,587185.4779772916,517557.49119975447,T,16.47036633017174,0.4333854335192421,0.6583201603469562,16.47036633017174,0.4333854335192421
707,587185.7660340137,517557.49119975447,T,16.45789950305319,0.42764335718536456,0.6539444603216428,16.45789950305319,0.42764335718536456
708,587186.0540907359,517557.49119975447,T,16.443747293850198,0.4175631250282415,0.6461912449331402,16.443747293850198,0.4175631250282415
709,587186.342147458,517557.49119975447,T,16.429707872190484,0.40076559723121874,0.6330605004509591,16.429707872190484,0.40076559723121874
710,587186.6302041803,517557.49119975447,T,16.418470987996717,0.37453580391852503,0.611993303818371,16.418470987996717,0.37453580391852503
711,587186.9182609024,517557.49119975447,T,16.41320724742537,0.3365505659601715,0.5801297837209977,16.41320724742537,0.3365505659601715
712,587187.2063176245,517557.49119975447,T,16.416767113037647,0.28597276599073435,0.5347642153236642,16.416767113037647,0.28597276599073435
713,587187.4943743467,517557.49119975447,T,16.430636623847505,0.22458746220762776,0.4739065965014918,16.430636623847505,0.22458746220762776
714,587187.7824310688,517557.49119975447,T,16.45397656974932,0.15747125136655624,0.3968264751330942,16.45397656974932,0.15747125136655624
715,587188.070487791,517557.49119975447,T,16.483164688914375,0.092717649196546445,0.30449572935682767,16.483164688914375,0.092717649196546445
716,587188.3585445131,517557.49119975447,T,16.512181662167094,0.04001507851747387,0.2000376927418277,16.512181662167094,0.04001507851747387
717,587188.6466012353,517557.49119975447,T,16.533914097102077,0.00831029180553703,0.09116080191363517,16.533914097102077,0.00831029180553703
718,587188.9346579574,517557.49119975447,T,16.54207510750453,0.0032533925417830493,0.057038518053882235,16.54207510750453,0.0032533925417830493
719,587189.2227146797,517557.49119975447,T,16.53312895850584,0.025409393851623354,0.1594032429143879,16.53312895850584,0.025409393851623354
720,587189.5107714018,517557.49119975447,T,16.50751681220851,0.07007802490752872,0.2647225432552519,16.50751681220851,0.07007802490752872
721,587189.798828124,517557.49119975447,T,16.46969050404211,0.12888689693076713,0.35900821290155344,16.46969050404211,0.12888689693076713
722,587190.0868848461,517557.49119975447,T,16.426899594631063,0.19243228516617158,0.43867104436715626,16.426899594631063,0.19243228516617158
723,587190.3749415682,517557.49119975447,T,16.387153271588126,0.2527541304060603,0.502746586667737,16.387153271588126,0.2527541304060603
724,587190.6629982904,517557.49119975447,T,16.357079753103328,0.30470779278904814,0.5520034354866354,16.357079753103328,0.30470779278904814
725,587190.9510550125,517557.49119975447,T,16.340406668642906,0.34605899487021585,0.5882677918008226,16.340406668642906,0.34605899487021585
726,587191.2391117347,517557.49119975447,T,16.337508798381695,0.3767572170075349,0.6138055205091715,16.337508798381695,0.3767572170075349
727,587191.5271684568,517557.49119975447,T,16.346058817209116,0.39797788404761064,0.6308548835093619,16.346058817209116,0.39797788404761064
728,587191.815225179,517557.49119975447,T,16.36245078987382,0.411297688874879,0.6413249479592066,16.36245078987382,0.411297688874879
729,587192.1032819011,517557.49119975447,T,16.383466425014493,0.41810756309405916,0.6466123746836734,16.383466425014493,0.41810756309405916
730,587192.3913386234,517557.49119975447,T,16.407643439685142,0.419245148852809,0.6474914276288212,16.407643439685142,0.419245148852809
731,587192.6793953455,517557.49119975447,T,16.435931621761885,0.4148119560263404,0.6440589693703057,16.435931621761885,0.4148119560263404
732,587192.9674520676,517557.49119975447,T,16.471416539536335,0.40415183892068274,0.6357293755370148,16.471416539536335,0.40415183892068274
733,587193.2555087898,517557.49119975447,T,16.51811388700076,0.3859856876077765,0.6212774642684028,16.51811388700076,0.3859856876077765
734,587193.5435655119,517557.49119975447,T,16.579080509174545,0.35873339528243636,0.5989435660247435,16.579080509174545,0.35873339528243636
735,587193.8316222341,517557.49119975447,T,16.654335621065165,0.3210826768852075,0.5666415770883808,16.654335621065165,0.3210826768852075
736,587194.1196789562,517557.49119975447,T,16.739275301036017,0.27280757097928354,0.522309841932242,16.739275301036017,0.27280757097928354
737,587194.4077356784,517557.49119975447,T,16.824286386457604,0.2156519674338552,0.46438342717398434,16.824286386457604,0.2156519674338552
738,587194.6957924005,517557.49119975447,T,16.89602366310315,0.1538790125184636,0.3922741547928739,16.89602366310315,0.1538790125184636
739,587194.9838491228,517557.49119975447,T,16.94030220347395,0.09407105194297762,0.306710045389742,16.94030220347395,0.09407105194297762
740,587195.2719058449,517557.49119975447,T,16.945918723755266,0.04405687236228395,0.20989729003082425,16.945918723755266,0.04405687236228395
741,587195.5599625671,517557.49119975447,T,16.90821551679899,0.01125511669605234,0.10609013477252416,16.90821551679899,0.01125511669605234
742,587195.8480192892,517557.49119975447,T,16.83110405683731,9.468652452967131e-4,0.03077117555922609,16.83110405683731,9.468652452967131e-4
743,587196.1360760113,517557.49119975447,T,16.726691192288232,0.014954822755818258,0.12228991273125621,16.726691192288232,0.014954822755818258
744,587196.4241327335,517557.49119975447,T,16.612476269238122,0.051090724537756656,0.2260325740634669,16.612476269238122,0.051090724537756656
745,587196.7121894556,517557.49119975447,T,16.50698042672837,0.10361541515338858,0.3218934841735517,16.50698042672837,0.10361541515338858
746,587197.0002461778,517557.49119975447,T,16.42524142725496,0.16469264409803422,0.40582341492086704,16.42524142725496,0.16469264409803422
747,587197.2883028999,517557.49119975447,T,16.375609309310796,0.22637873597117958,0.47579274476517563,16.375609309310796,0.22637873597117958
748,587197.5763596221,517557.49119975447,T,16.358725349365525,0.28238538278994557,0.5313994568965474,16.358725349365525,0.28238538278994557
749,587197.8644163442,517557.49119975447,T,16.368725185253783,0.32899911574378493,0.5735844451724479,16.368725185253783,0.32899911574378493
750,587198.1524730665,517557.49119975447,T,16.395949547615988,0.36504144375637365,0.6041865968029857,16.395949547615988,0.36504144375637365
751,587198.4405297886,517557.49119975447,T,16.430066687859682,0.3911993884829533,0.6254593419903114,16.430066687859682,0.3911993884829533
752,587198.7285865108,517557.49119975447,T,16.462597555882216,0.4091772731859391,0.6396696594226892,16.462597555882216,0.4091772731859391
753,587199.0166432329,517557.49119975447,T,16.488263204975723,0.4209817633767382,0.6488310746078197,16.488263204975723,0.4209817633767382
754,587199.304699955,517557.49119975447,T,16.505102312343055,0.42845933921117096,0.6545680554466212,16.505102312343055,0.42845933921117096
755,587199.5927566772,517557.49119975447,T,16.513709472415833,0.4330780190012602,0.6580866348751205,16.513709472415833,0.4330780190012602
756,587199.8808133993,517557.49119975447,T,16.51610686173094,0.43588853939186734,0.6602185542620469,16.51610686173094,0.43588853939186734
757,587200.1688701215,517557.49119975447,T,16.514697559984278,0.43758641677342935,0.6615031494811112,16.514697559984278,0.43758641677342935
758,587200.4569268436,517557.49119975447,T,16.51155738979983,0.4386081006459215,0.6622749433927887,16.51155738979983,0.4386081006459215
759,587185.7660340137,517557.7792564767,T,16.473616189430217,0.4331149561320192,0.6581146983102711,16.473616189430217,0.4331149561320192
760,587186.0540907359,517557.7792564767,T,16.46399555600132,0.4273319300612375,0.6537063026017399,16.46399555600132,0.4273319300612375
761,587186.342147458,517557.7792564767,T,16.454212285919738,0.41734088815776643,0.6460192629928045,16.454212285919738,0.41734088815776643
762,587186.6302041803,517557.7792564767,T,16.446301254160474,0.4009136192429635,0.6331773995042491,16.446301254160474,0.4009136192429635
763,587186.9182609024,517557.7792564767,T,16.442882564904934,0.37549927259423893,0.6127799544650909,16.442882564904934,0.37549927259423893
764,587187.2063176245,517557.7792564767,T,16.44657766901162,0.3388450452172255,0.5821039814476667,16.44657766901162,0.3388450452172255
765,587187.4943743467,517557.7792564767,T,16.45910872122109,0.2899570363539395,0.5384765884919599,16.45910872122109,0.2899570363539395
766,587187.7824310688,517557.7792564767,T,16.480308276774586,0.23017756603818487,0.4797682420066848,16.480308276774586,0.23017756603818487
767,587188.070487791,517557.7792564767,T,16.507416199691946,0.16396924256024628,0.4049311578037016,16.507416199691946,0.16396924256024628
768,587188.3585445131,517557.7792564767,T,16.535065260334544,0.09891269491632307,0.31450388696536496,16.535065260334544,0.09891269491632307
769,587188.6466012353,517557.7792564767,T,16.556192057455018,0.0445465998571685,0.2110606544507254,16.556192057455018,0.0445465998571685
770,587188.9346579574,517557.7792564767,T,16.56377681328785,0.010089378892903822,0.1004459003290021,16.56377681328785,0.010089378892903822
771,587189.2227146797,517557.7792564767,T,16.552937278540643,0.0017117347355583385,0.04137311609678849,16.552937278540643,0.0017117347355583385
772,587189.5107714018,517557.7792564767,T,16.522659068424073,0.0205180471013849,0.1432412199800913,16.522659068424073,0.0205180471013849
773,587189.798828124,517557.7792564767,T,16.47648349378216,0.06226035998278689,0.2495202596639938,16.47648349378216,0.06226035998278689
774,587190.0868848461,517557.7792564767,T,16.421816385131955,0.1189466367833343,0.34488641142169446,16.421816385131955,0.1189466367833343
775,587190.3749415682,517557.7792564767,T,16.368036088407685,0.18147305637682576,0.42599654502921236,16.368036088407685,0.18147305637682576
776,587190.6629982904,517557.7792564767,T,16.32403874497063,0.24199576580091062,0.4919306514143133,16.32403874497063,0.24199576580091062
777,587190.9510550125,517557.7792564767,T,16.296058239960193,0.2952028860733683,0.5433257642274737,16.296058239960193,0.2952028860733683
778,587191.2391117347,517557.7792564767,T,16.286458819189356,0.33844760842827626,0.5817625017378452,16.286458819189356,0.33844760842827626
779,587191.5271684568,517557.7792564767,T,16.293803609736617,0.371199744422349,0.6092616387253911,16.293803609736617,0.371199744422349
780,587191.815225179,517557.7792564767,T,16.31404026217271,0.3942799902864509,0.6279171842579647,16.31404026217271,0.3942799902864509
781,587192.1032819011,517557.7792564767,T,16.34230285411257,0.4091254411088524,0.6396291434173809,16.34230285411257,0.4091254411088524
782,587192.3913386234,517557.7792564767,T,16.37470517008591,0.41717786690929876,0.6458930769944038,16.37470517008591,0.41717786690929876
783,587192.6793953455,517557.7792564767,T,16.40958096367601,0.4194362930361581,0.6476390144487576,16.40958096367601,0.4194362930361581
784,587192.9674520676,517557.7792564767,T,16.447829814470587,0.41619417860126806,0.6451311328724324,16.447829814470587,0.41619417860126806
785,587193.2555087898,517557.7792564767,T,16.49226988961342,0.4069555645820637,0.637930689481282,16.49226988961342,0.4069555645820637
786,587193.5435655119,517557.7792564767,T,16.54613959905499,0.390524671375819,0.6249197319462868,16.54613959905499,0.390524671375819
787,587193.8316222341,517557.7792564767,T,16.611120035568195,0.3653024502006823,0.6044025564147477,16.611120035568195,0.3653024502006823
788,587194.1196789562,517557.7792564767,T,16.685450709506878,0.32984669762651353,0.5743228165644418,16.685450709506878,0.32984669762651353
789,587194.4077356784,517557.7792564767,T,16.76281927139489,0.2836780251272136,0.532614330568765,16.76281927139489,0.2836780251272136
790,587194.6957924005,517557.7792564767,T,16.832625129681954,0.22813698912233948,0.4776368799855592,16.832625129681954,0.22813698912233948
791,587194.9838491228,517557.7792564767,T,16.881879883344332,0.16694423855392182,0.40858810378414323,16.881879883344332,0.16694423855392182
792,587195.2719058449,517557.7792564767,T,16.898453795519558,0.10614127329214491,0.3257932984150302,16.898453795519558,0.10614127329214491
793,587195.5599625671,517557.7792564767,T,16.87478656762102,0.05329771141517951,0.23086297107847226,16.87478656762102,0.05329771141517951
794,587195.8480192892,517557.7792564767,T,16.810818826652273,0.016105069168143714,0.12690574915323463,16.810818826652273,0.016105069168143714
795,587196.1360760113,517557.7792564767,T,16.714992316438508,6.378770821509126e-4,0.025256228581300746,16.714992316438508,6.378770821509126e-4
796,587196.4241327335,517557.7792564767,T,16.602755505556633,0.009716106332017995,0.09857031161570909,16.602755505556633,0.009716106332017995
797,587196.7121894556,517557.7792564767,T,16.492900076735005,0.04195698935714224,0.20483405321660322,16.492900076735005,0.04195698935714224
798,587197.0002461778,517557.7792564767,T,16.40287422229953,0.09203192558984953,0.30336764097353813,16.40287422229953,0.09203192558984953
799,587197.2883028999,517557.7792564767,T,16.344606110235343,0.15216033724643857,0.39007734777405184,16.344606110235343,0.15216033724643857
800,587197.5763596221,517557.7792564767,T,16.322150649735896,0.21422671850065522,0.46284632276885945,16.322150649735896,0.21422671850065522
801,587197.8644163442,517557.7792564767,T,16.33175129030765,0.2716241387758017,0.521175727347122,16.33175129030765,0.2716241387758017
802,587198.1524730665,517557.7792564767,T,16.364016307784894,0.3202206095077746,0.5658803844522043,16.364016307784894,0.3202206095077746
803,587198.4405297886,517557.7792564767,T,16.40722853116576,0.35839895417724954,0.5986643084210462,16.40722853116576,0.35839895417724954
804,587198.7285865108,517557.7792564767,T,16.450587733429906,0.386495765243614,0.6216878358498049,16.450587733429906,0.386495765243614
805,587199.0166432329,517557.7792564767,T,16.486441201139307,0.40602454884482153,0.6372005562182299,16.486441201139307,0.40602454884482153
806,587199.304699955,517557.7792564767,T,16.51110032794161,0.418955657238182,0.6472678404170734,16.51110032794161,0.418955657238182
807,587199.5927566772,517557.7792564767,T,16.52439750770753,0.4271954392402831,0.653601896600892,16.52439750770753,0.4271954392402831
808,587199.8808133993,517557.7792564767,T,16.52849269043561,0.4323047716767819,0.657498875798873,16.52849269043561,0.4323047716767819
809,587200.1688701215,517557.7792564767,T,16.526514730454213,0.43542096720489787,0.6598643551555864,16.526514730454213,0.43542096720489787
810,587200.4569268436,517557.7792564767,T,16.52147549817251,0.4373055343755354,0.6612908092326215,16.52147549817251,0.4373055343755354
811,587200.7449835659,517557.7792564767,T,16.515651743281783,0.43844010723077137,0.6621481006774628,16.515651743281783,0.43844010723077137
812,587201.033040288,517557.7792564767,T,16.510412521007122,0.4391198089434381,0.6626611569599037,16.510412521007122,0.4391198089434381
813,587186.0540907359,517558.0673131988,T,16.478058812693195,0.43300221041452736,0.6580290346288128,16.478058812693195,0.43300221041452736
814,587186.342147458,517558.0673131988,T,16.471727344360257,0.42731104059827285,0.6536903246937902,16.471727344360257,0.42731104059827285
815,587186.6302041803,517558.0673131988,T,16.466697489560403,0.41760473731866793,0.6462234422540457,16.466697489560403,0.41760473731866793
816,587186.9182609024,517558.0673131988,T,16.46505652318684,0.4017836552468808,0.6338640668525711,16.46505652318684,0.4017836552468808
817,587187.2063176245,517558.0673131988,T,16.469098171911728,0.3773900445896898,0.6143207994115858,16.469098171911728,0.3773900445896898
818,587187.4943743467,517558.0673131988,T,16.48060292585938,0.342131517635219,0.5849200950858322,16.48060292585938,0.342131517635219
819,587187.7824310688,517558.0673131988,T,16.499910594583387,0.2947658763657109,0.5429234535049217,16.499910594583387,0.2947658763657109
820,587188.070487791,517558.0673131988,T,16.52508098674272,0.23620521384651955,0.4860094791735235,16.52508098674272,0.23620521384651955
821,587188.3585445131,517558.0673131988,T,16.5515416792963,0.17045723032023824,0.4128646634434076,16.5515416792963,0.17045723032023824
822,587188.6466012353,517558.0673131988,T,16.57256802383214,0.10482272643744661,0.3237633803218743,16.57256802383214,0.10482272643744661
823,587188.9346579574,517558.0673131988,T,16.5806941796377,0.04882799149885122,0.2209705670419733,16.5806941796377,0.04882799149885122
824,587189.2227146797,517558.0673131988,T,16.569777404536826,0.011873201642874306,0.10896422184769781,16.569777404536826,0.011873201642874306
825,587189.5107714018,517558.0673131988,T,16.537087114955728,3.800150713440499e-4,0.019493975257603307,16.537087114955728,3.800150713440499e-4
826,587189.798828124,517558.0673131988,T,16.484649086453306,0.015755614984692464,0.1255213726211296,16.484649086453306,0.015755614984692464
827,587190.0868848461,517558.0673131988,T,16.419254434528114,0.05419342453767519,0.23279481209355846,16.419254434528114,0.05419342453767519
828,587190.3749415682,517558.0673131988,T,16.35100384218697,0.1082923706187513,0.32907806158835823,16.35100384218697,0.1082923706187513
829,587190.6629982904,517558.0673131988,T,16.290812318686356,0.16949719509345798,0.4117003705286868,16.290812318686356,0.16949719509345798
830,587190.9510550125,517558.0673131988,T,16.247700669813945,0.23018643634271063,0.4797774862816206,16.247700669813945,0.23018643634271063
831,587191.2391117347,517558.0673131988,T,16.22676722630163,0.28481466560269375,0.5336803028056157,16.22676722630163,0.28481466560269375
832,587191.5271684568,517558.0673131988,T,16.228448596633882,0.33018487395932916,0.5746171542508361,16.228448596633882,0.33018487395932916
833,587191.815225179,517558.0673131988,T,16.24918544989055,0.36518734481076776,0.6043073264579603,16.24918544989055,0.36518734481076776
834,587192.1032819011,517558.0673131988,T,16.283129480795203,0.3902596240059763,0.6247076308209916,16.283129480795203,0.3902596240059763
835,587192.3913386234,517558.0673131988,T,16.32424151518395,0.4067118880157151,0.637739671038046,16.32424151518395,0.4067118880157151
836,587192.6793953455,517558.0673131988,T,16.3681016789037,0.41605052801519016,0.6450197888554972,16.3681016789037,0.41605052801519016
837,587192.9674520676,517558.0673131988,T,16.412927076263742,0.41943411825494564,0.6476373354393226,16.412927076263742,0.41943411825494564
838,587193.2555087898,517558.0673131988,T,16.459561832518045,0.4173372678063079,0.6460164609406698,16.459561832518045,0.4173372678063079
839,587193.5435655119,517558.0673131988,T,16.510477597052134,0.4094228511031039,0.6398615874570874,16.510477597052134,0.4094228511031039
840,587193.8316222341,517558.0673131988,T,16.56806069578993,0.39460475526223643,0.628175735970625,16.56806069578993,0.39460475526223643
841,587194.1196789562,517558.0673131988,T,16.63265957124155,0.37132127549456,0.6093613669199582,16.63265957124155,0.37132127549456
842,587194.4077356784,517558.0673131988,T,16.701004774170066,0.338059091418881,0.5814284920941534,16.701004774170066,0.338059091418881
843,587194.6957924005,517558.0673131988,T,16.76563411947458,0.2941015838290016,0.5423113347782818,16.76563411947458,0.2941015838290016
844,587194.9838491228,517558.0673131988,T,16.8157782635172,0.24034234585456313,0.49024722931859915,16.8157782635172,0.24034234585456313
845,587195.2719058449,517558.0673131988,T,16.839753436282887,0.17990217757615673,0.42414876821247133,16.839753436282887,0.17990217757615673
846,587195.5599625671,517558.0673131988,T,16.828347749539198,0.11828355836668814,0.34392376824913995,16.828347749539198,0.11828355836668814
847,587195.8480192892,517558.0673131988,T,16.77817905663684,0.06286387335294723,0.25072669054759056,16.77817905663684,0.06286387335294723
848,587196.1360760113,517558.0673131988,T,16.693799928210833,0.021641541058835444,0.14711064223514028,16.693799928210833,0.021641541058835444
849,587196.4241327335,517558.0673131988,T,16.58759961799786,0.0013825075437420506,0.037182086328527215,16.58759961799786,0.0013825075437420506
850,587196.7121894556,517558.0673131988,T,16.477271138851236,0.0056977627853810235,0.07548352658283146,16.477271138851236,0.0056977627853810235
851,587197.0002461778,517558.0673131988,T,16.381512759675307,0.033866609539927026,0.18402882801324097,16.381512759675307,0.033866609539927026
852,587197.2883028999,517558.0673131988,T,16.315332110265146,0.08102698807427008,0.2846523986799867,16.315332110265146,0.08102698807427008
853,587197.5763596221,517558.0673131988,T,16.286496026044155,0.13967201317766903,0.3737271908460355,16.286496026044155,0.13967201317766903
854,587197.8644163442,517558.0673131988,T,16.294231443150586,0.20172735238897938,0.44914068217984815,16.294231443150586,0.20172735238897938
855,587198.1524730665,517558.0673131988,T,16.330427183427922,0.2603459315175795,0.5102410523640561,16.330427183427922,0.2603459315175795
856,587198.4405297886,517558.0673131988,T,16.382693454428484,0.3109258841960688,0.5576072849201925,16.382693454428484,0.3109258841960688
857,587198.7285865108,517558.0673131988,T,16.43807779930725,0.35131871094672346,0.5927214446489375,16.43807779930725,0.35131871094672346
858,587199.0166432329,517558.0673131988,T,16.48620098341062,0.3814472735001762,0.6176141785129097,16.48620098341062,0.3814472735001762
859,587199.304699955,517558.0673131988,T,16.520999933959523,0.4026115522008647,0.6345167863822554,16.520999933959523,0.4026115522008647
860,587199.5927566772,517558.0673131988,T,16.540897395730983,0.41674225173525303,0.6455557696553048,16.540897395730983,0.41674225173525303
861,587199.8808133993,517558.0673131988,T,16.547769659903913,0.425804534805906,0.6525369988022948,16.547769659903913,0.425804534805906
862,587200.1688701215,517558.0673131988,T,16.54536286655165,0.4314503548737978,0.6568488067080566,16.54536286655165,0.4314503548737978
863,587200.4569268436,517558.0673131988,T,16.537782960806563,0.4349036864566398,0.65947227876283,16.537782960806563,0.4349036864566398
864,587200.7449835659,517558.0673131988,T,16.528454139439663,0.4369947179201988,0.6610557600688454,16.528454139439663,0.4369947179201988
865,587201.033040288,517558.0673131988,T,16.51965618281883,0.43825399203838994,0.662007546813773,16.51965618281883,0.43825399203838994
866,587201.3210970102,517558.0673131988,T,16.51253421478858,0.43900876962743596,0.6625773687860429,16.51253421478858,0.43900876962743596
867,587186.6302041803,517558.35536992096,T,16.480619079429797,0.4275337225886621,0.6538606293306412,16.480619079429797,0.4275337225886621
868,587186.9182609024,517558.35536992096,T,16.480353557858027,0.41823016129080176,0.646707168114597,16.480353557858027,0.41823016129080176
869,587187.2063176245,517558.35536992096,T,16.484587012381965,0.4031155912912208,0.6349138455658537,16.484587012381965,0.4031155912912208
870,587187.4943743467,517558.35536992096,T,16.495030622786754,0.3797625234999794,0.6162487513171766,16.495030622786754,0.3797625234999794
871,587187.7824310688,517558.35536992096,T,16.512376273777186,0.34578517348785637,0.5880350104269783,16.512376273777186,0.34578517348785637
872,587188.070487791,517558.35536992096,T,16.535425575080023,0.2997076383009715,0.5474556039543038,16.535425575080023,0.2997076383009715
873,587188.3585445131,517558.35536992096,T,16.560494613989565,0.2421343239105285,0.49207146219886444,16.560494613989565,0.2421343239105285
874,587188.6466012353,517558.35536992096,T,16.581482411856566,0.17680473977680736,0.4204815569995994,16.581482411856566,0.17680473977680736
875,587188.9346579574,517558.35536992096,T,16.590855253094123,0.11085362690280047,0.33294688300508307,16.590855253094123,0.11085362690280047
876,587189.2227146797,517558.35536992096,T,16.581484111431003,0.05370107696650554,0.23173492824023215,16.581484111431003,0.05370107696650554
877,587189.5107714018,517558.35536992096,T,16.54888070321125,0.01463860060516743,0.12099008473907037,16.54888070321125,0.01463860060516743
878,587189.798828124,517558.35536992096,T,16.493088213029832,4.6251587519695846e-5,0.0068008519701354955,16.493088213029832,4.6251587519695846e-5
879,587190.0868848461,517558.35536992096,T,16.4194667238882,0.011569227805031395,0.10756034494659913,16.4194667238882,0.011569227805031395
880,587190.3749415682,517558.35536992096,T,16.337933003820304,0.04605983748837455,0.21461555742390753,16.337933003820304,0.04605983748837455
881,587190.6629982904,517558.35536992096,T,16.260766908448225,0.09703369481647482,0.311502319118935,16.260766908448225,0.09703369481647482
882,587190.9510550125,517558.35536992096,T,16.199648852596166,0.1566812563773807,0.3958298326015621,16.199648852596166,0.1566812563773807
883,587191.2391117347,517558.35536992096,T,16.162894629086164,0.21757925274090195,0.46645391277263604,16.162894629086164,0.21757925274090195
884,587191.5271684568,517558.35536992096,T,16.15376969129199,0.27379534018072227,0.5232545653701669,16.15376969129199,0.27379534018072227
885,587191.815225179,517558.35536992096,T,16.170342998925136,0.3214479087188362,0.5669637631443797,16.170342998925136,0.3214479087188362
886,587192.1032819011,517558.35536992096,T,16.206779729048513,0.3588022544240374,0.5990010470976135,16.206779729048513,0.3588022544240374
887,587192.3913386234,517558.35536992096,T,16.255511293781737,0.38592968341124473,0.6212323908258847,16.255511293781737,0.38592968341124473
888,587192.6793953455,517558.35536992096,T,16.309519134674403,0.40403662810500185,0.6356387559809438,16.309519134674403,0.40403662810500185
889,587192.9674520676,517558.35536992096,T,16.364045938926782,0.41469525278401326,0.6439683631856562,16.364045938926782,0.41469525278401326
890,587193.2555087898,517558.35536992096,T,16.417310744254014,0.41920839538490084,0.6474630455747269,16.417310744254014,0.41920839538490084
891,587193.5435655119,517558.35536992096,T,16.47012352192908,0.41821869595587857,0.6466983036593482,16.47012352192908,0.41821869595587857
892,587193.8316222341,517558.35536992096,T,16.524577972489404,0.4115522453912743,0.641523378678653,16.524577972489404,0.4115522453912743
893,587194.1196789562,517558.35536992096,T,16.582217081574065,0.39825908512896546,0.6310777171862159,16.582217081574065,0.39825908512896546
894,587194.4077356784,517558.35536992096,T,16.642215047631122,0.37685198526680547,0.6138827129564779,16.642215047631122,0.37685198526680547
895,587194.6957924005,517558.35536992096,T,16.700186281881923,0.34577002815430213,0.5880221323677385,16.700186281881923,0.34577002815430213
896,587194.9838491228,517558.35536992096,T,16.748165183350473,0.30405505385208104,0.5514118731511691,16.748165183350473,0.30405505385208104
897,587195.2719058449,517558.35536992096,T,16.776040381335452,0.25214373035730503,0.5021391543758612,16.776040381335452,0.25214373035730503
898,587195.5599625671,517558.35536992096,T,16.77427433566015,0.19258670749547832,0.438847020606815,16.77427433566015,0.19258670749547832
899,587195.8480192892,517558.35536992096,T,16.737206533353127,0.13042153967216535,0.36113922477649163,16.737206533353127,0.13042153967216535
900,587196.1360760113,517558.35536992096,T,16.665841740369224,0.07287216367463184,0.26994844632750126,16.665841740369224,0.07287216367463184
901,587196.4241327335,517558.35536992096,T,16.568992231304925,0.0281445618245985,0.1677634102675506,16.568992231304925,0.0281445618245985
902,587196.7121894556,517558.35536992096,T,16.462083470820463,0.003463885512813956,0.05885478326197418,16.462083470820463,0.003463885512813956
903,587197.0002461778,517558.35536992096,T,16.363739496565877,0.00302263014561281,0.054978451648012155,16.363739496565877,0.00302263014561281
904,587197.2883028999,517558.35536992096,T,16.29112612073769,0.026748559910526493,0.16354986979672742,16.29112612073769,0.026748559910526493
905,587197.5763596221,517558.35536992096,T,16.255564749562268,0.07044335516053232,0.2654116711083601,16.255564749562268,0.07044335516053232
906,587197.8644163442,517558.35536992096,T,16.259876038499826,0.12712383869871685,0.356544301172683,16.259876038499826,0.12712383869871685
907,587198.1524730665,517558.35536992096,T,16.29827463552058,0.18888981849447126,0.43461456314126345,16.29827463552058,0.18888981849447126
908,587198.4405297886,517558.35536992096,T,16.358690669319493,0.2486346879241399,0.49863281873954096,16.358690669319493,0.2486346879241399
909,587198.7285865108,517558.35536992096,T,16.42655265367971,0.30120033450115125,0.5488172141078952,16.42655265367971,0.30120033450115125
910,587199.0166432329,517558.35536992096,T,16.48867196771094,0.34384346469600846,0.5863816715212102,16.48867196771094,0.34384346469600846
911,587199.304699955,517558.35536992096,T,16.53603373276502,0.37605426626666355,0.6132326363352358,16.53603373276502,0.37605426626666355
912,587199.5927566772,517558.35536992096,T,16.56487715325064,0.3989182966570306,0.6315997915270639,16.56487715325064,0.3989182966570306
913,587199.8808133993,517558.35536992096,T,16.576139327168377,0.41432029281218186,0.6436771650541767,16.576139327168377,0.41432029281218186
914,587200.1688701215,517558.35536992096,T,16.573847588799996,0.42427164918651783,0.6513613814055281,16.573847588799996,0.42427164918651783
915,587200.4569268436,517558.35536992096,T,16.563222366033077,0.4305058088910757,0.656129414743064,16.563222366033077,0.4305058088910757
916,587200.7449835659,517558.35536992096,T,16.549116204187452,0.4343313965711484,0.6590382360463984,16.549116204187452,0.4343313965711484
917,587201.033040288,517558.35536992096,T,16.535106979728535,0.4366506167467954,0.6607954424379722,16.535106979728535,0.4366506167467954
918,587201.3210970102,517558.35536992096,T,16.523251906574227,0.43804754752961994,0.6618516053690736,16.523251906574227,0.43804754752961994
919,587201.6091537323,517558.35536992096,T,16.514307797834913,0.4388851848768511,0.6624841016030883,16.514307797834913,0.4388851848768511
920,587186.9182609024,517558.6434266431,T,16.490048979351066,0.4279354122201474,0.6541677248383226,16.490048979351066,0.4279354122201474
921,587187.2063176245,517558.6434266431,T,16.494157081468824,0.4190821660967623,0.6473655583182985,16.494157081468824,0.4190821660967623
922,587187.4943743467,517558.6434266431,T,16.50333430488412,0.40467746744168165,0.6361426470860774,16.50333430488412,0.40467746744168165
923,587187.7824310688,517558.6434266431,T,16.518481382151915,0.3822950091250591,0.6183000963327266,16.518481382151915,0.3822950091250591
924,587188.070487791,517558.6434266431,T,16.53902839001582,0.34947105154109076,0.5911607662396844,16.53902839001582,0.34947105154109076
925,587188.3585445131,517558.6434266431,T,16.56220545781774,0.3045895087073973,0.5518962843754226,16.56220545781774,0.3045895087073973
926,587188.6466012353,517558.6434266431,T,16.58277004695464,0.24809674429343986,0.4980931080565559,16.58277004695464,0.24809674429343986
927,587188.9346579574,517558.6434266431,T,16.59353305985482,0.18356668252747632,0.4284468257876073,16.59353305985482,0.18356668252747632
928,587189.2227146797,517558.6434266431,T,16.586812247228227,0.1178957193886929,0.34335946089876845,16.586812247228227,0.1178957193886929
929,587189.5107714018,517558.6434266431,T,16.556578289053515,0.06012410329688377,0.24520216821407548,16.556578289053515,0.06012410329688377
930,587189.798828124,517558.6434266431,T,16.500683870651365,0.019111594551709077,0.13824469086264787,16.500683870651365,0.019111594551709077
931,587190.0868848461,517558.6434266431,T,16.422367902098603,0.0010640854641615536,0.0326203228702837,16.422367902098603,0.0010640854641615536
932,587190.3749415682,517558.6434266431,T,16.330349120013786,0.008039658604040108,0.08966414335753232,16.330349120013786,0.008039658604040108
933,587190.6629982904,517558.6434266431,T,16.237269859606776,0.03790331105045034,0.19468772701547044,16.237269859606776,0.03790331105045034
934,587190.9510550125,517558.6434266431,T,16.156858469151516,0.08535773072906751,0.29216045373915256,16.156858469151516,0.08535773072906751
935,587191.2391117347,517558.6434266431,T,16.10068370279997,0.1433669776960336,0.37863832042733553,16.10068370279997,0.1433669776960336
936,587191.5271684568,517558.6434266431,T,16.075544483166762,0.20455124726939078,0.4522734209185753,16.075544483166762,0.20455124726939078
937,587191.815225179,517558.6434266431,T,16.0822963042961,0.2624294607973333,0.5122786944596986,16.0822963042961,0.2624294607973333
938,587192.1032819011,517558.6434266431,T,16.116377408645057,0.31237941714926937,0.5589091313883406,16.116377408645057,0.31237941714926937
939,587192.3913386234,517558.6434266431,T,16.16970624348761,0.3520748944014555,0.5933589928546255,16.16970624348761,0.3520748944014555
940,587192.6793953455,517558.6434266431,T,16.233215985386565,0.38126637169583744,0.6174677090308751,16.233215985386565,0.38126637169583744
941,587192.9674520676,517558.6434266431,T,16.299195508317162,0.4010651976392998,0.6332970848182548,16.299195508317162,0.4010651976392998
942,587193.2555087898,517558.6434266431,T,16.362791338967313,0.4130855493946079,0.6427173168622484,16.362791338967313,0.4130855493946079
943,587193.5435655119,517558.6434266431,T,16.422362518461792,0.41874586359880867,0.6471057592069542,16.422362518461792,0.41874586359880867
944,587193.8316222341,517558.6434266431,T,16.478728023751252,0.41884323520670436,0.6471809910733661,16.478728023751252,0.41884323520670436
945,587194.1196789562,517558.6434266431,T,16.53361828921103,0.41337282932749675,0.6429407665776815,16.53361828921103,0.41337282932749675
946,587194.4077356784,517558.6434266431,T,16.587818781913363,0.40153877595166004,0.6336708735232037,16.587818781913363,0.40153877595166004
947,587194.6957924005,517558.6434266431,T,16.63958303434198,0.3819450529925667,0.6180170329307816,16.63958303434198,0.3819450529925667
948,587194.9838491228,517558.6434266431,T,16.683884555519622,0.35299091126965887,0.5941303823822334,16.683884555519622,0.35299091126965887
949,587195.2719058449,517558.6434266431,T,16.71292948069311,0.3134884716118797,0.5599004122269242,16.71292948069311,0.3134884716118797
950,587195.5599625671,517558.6434266431,T,16.718028064106218,0.26346296686803444,0.5132864374479755,16.718028064106218,0.26346296686803444
951,587195.8480192892,517558.6434266431,T,16.692455015185196,0.20497907224677916,0.45274614547975905,16.692455015185196,0.20497907224677916
952,587196.1360760113,517558.6434266431,T,16.634454909879086,0.14267045292730324,0.3777174247070199,16.634454909879086,0.14267045292730324
953,587196.4241327335,517558.6434266431,T,16.54928510485152,0.08354663904317268,0.289044354802464,16.54928510485152,0.08354663904317268
954,587196.7121894556,517558.6434266431,T,16.44932581965682,0.0358115629423002,0.18923943284183717,16.44932581965682,0.0358115629423002
955,587197.0002461778,517558.6434266431,T,16.35186768047637,0.006909815368877313,0.0831252992107536,16.35186768047637,0.006909815368877313
956,587197.2883028999,517558.6434266431,T,16.27503631951523,0.0015278070471215683,0.03908717241143913,16.27503631951523,0.0015278070471215683
957,587197.5763596221,517558.6434266431,T,16.23308639134036,0.02037503339846792,0.14274114122588455,16.23308639134036,0.02037503339846792
958,587197.8644163442,517558.6434266431,T,16.232634034140606,0.060152767635515136,0.24526061166749777,16.232634034140606,0.060152767635515136
959,587198.1524730665,517558.6434266431,T,16.27111144136742,0.11455770158537568,0.3384637374747488,16.27111144136742,0.11455770158537568
960,587198.4405297886,517558.6434266431,T,16.337918859260512,0.17586904000675288,0.41936742840467817,16.337918859260512,0.17586904000675288
961,587198.7285865108,517558.6434266431,T,16.41776502927734,0.23664767505268444,0.48646446432672186,16.41776502927734,0.23664767505268444
962,587199.0166432329,517558.6434266431,T,16.49495093265675,0.2911308239791664,0.5395654028745416,16.49495093265675,0.2911308239791664
963,587199.304699955,517558.6434266431,T,16.557154799775397,0.3359854921960137,0.5796425555426497,16.557154799775397,0.3359854921960137
964,587199.5927566772,517558.6434266431,T,16.59764503374799,0.3702895143735246,0.6085141858441138,16.59764503374799,0.3702895143735246
965,587199.8808133993,517558.6434266431,T,16.61555678065432,0.3949118318608941,0.6284201077789396,16.61555678065432,0.3949118318608941
966,587200.1688701215,517558.6434266431,T,16.61457847529985,0.4116660161119467,0.6416120448619608,16.61457847529985,0.4116660161119467
967,587200.4569268436,517558.6434266431,T,16.600828267277382,0.4225826608454771,0.6500635821559896,16.600828267277382,0.4225826608454771
968,587200.7449835659,517558.6434266431,T,16.580752890084437,0.4294627145726685,0.6553340480798083,16.580752890084437,0.4294627145726685
969,587201.033040288,517558.6434266431,T,16.55963136300779,0.43369851673896215,0.6585579068988255,16.55963136300779,0.43369851673896215
970,587201.3210970102,517558.6434266431,T,16.540892924743293,0.43626933337938245,0.6605068761030293,16.540892924743293,0.43626933337938245
971,587201.6091537323,517558.6434266431,T,16.52613847284949,0.4378181484809686,0.6616782817056704,16.52613847284949,0.4378181484809686
972,587201.8972104545,517558.6434266431,T,16.51558549808179,0.4387474002831129,0.6623801025718639,16.51558549808179,0.4387474002831129
973,587187.2063176245,517558.93148336525,T,16.49930613292058,0.428451507080194,0.6545620727480275,16.49930613292058,0.428451507080194
974,587187.4943743467,517558.93148336525,T,16.507011417435635,0.42005015555915426,0.6481127645395932,16.507011417435635,0.42005015555915426
975,587187.7824310688,517558.93148336525,T,16.51973110592434,0.4063197528608561,0.6374321554964545,16.51973110592434,0.4063197528608561
976,587188.070487791,517558.93148336525,T,16.537382104120145,0.3848485408774937,0.6203616210546021,16.537382104120145,0.3848485408774937
977,587188.3585445131,517558.93148336525,T,16.558057155375476,0.3531627019483238,0.594274938011291,16.558057155375476,0.3531627019483238
978,587188.6466012353,517558.93148336525,T,16.57751511966513,0.3096216698387993,0.5564365820457883,16.57751511966513,0.3096216698387993
979,587188.9346579574,517558.93148336525,T,16.589285042715527,0.2546072377304789,0.5045862044591378,16.589285042715527,0.2546072377304789
980,587189.2227146797,517558.93148336525,T,16.58564806200555,0.19148954365308785,0.43759518239245715,16.58564806200555,0.19148954365308785
981,587189.5107714018,517558.93148336525,T,16.559480950973175,0.12670346946814315,0.35595430811853246,16.559480950973175,0.12670346946814315
982,587189.798828124,517558.93148336525,T,16.50655985676806,0.0685979639581536,0.2619121302233892,16.50655985676806,0.0685979639581536
983,587190.0868848461,517558.93148336525,T,16.427596114216435,0.025418007999866297,0.15943026061531199,16.427596114216435,0.025418007999866297
984,587190.3749415682,517558.93148336525,T,16.32919204434819,0.0033007025776673076,0.05745174129360491,16.32919204434819,0.0033007025776673076
985,587190.6629982904,517558.93148336525,T,16.22316550251085,0.00504753571294052,0.07104601123877764,16.22316550251085,0.00504753571294052
986,587190.9510550125,517558.93148336525,T,16.124239747337917,0.02984170518955198,0.1727475186205347,16.124239747337917,0.02984170518955198
987,587191.2391117347,517558.93148336525,T,16.046714978817658,0.07364302944006773,0.271372492047495,16.046714978817658,0.07364302944006773
988,587191.5271684568,517558.93148336525,T,16.001153789433076,0.13003601765117187,0.36060507158271066,16.001153789433076,0.13003601765117187
989,587191.815225179,517558.93148336525,T,15.992129607340244,0.1914950139407107,0.4376014327452673,15.992129607340244,0.1914950139407107
990,587192.1032819011,517558.93148336525,T,16.017694944249,0.2509247056168596,0.5009238521141308,16.017694944249,0.2509247056168596
991,587192.3913386234,517558.93148336525,T,16.07060397509293,0.3030253366052832,0.5504773715651563,16.07060397509293,0.3030253366052832
992,587192.6793953455,517558.93148336525,T,16.140741928867264,0.3449690572497108,0.5873406654146389,16.140741928867264,0.3449690572497108
993,587192.9674520676,517558.93148336525,T,16.217894645656905,0.3762187937097127,0.6133667693229824,16.217894645656905,0.3762187937097127
994,587193.2555087898,517558.93148336525,T,16.294012747575067,0.3977618330882764,0.6306836236087603,16.294012747575067,0.3977618330882764
995,587193.5435655119,517558.93148336525,T,16.364410235744764,0.4112046509069877,0.6412524081100887,16.364410235744764,0.4112046509069877
996,587193.8316222341,517558.93148336525,T,16.427729123859883,0.41804651061364767,0.6465651634705103,16.427729123859883,0.41804651061364767
997,587194.1196789562,517558.93148336525,T,16.48485497253975,0.41922818873590895,0.6474783307076067,16.48485497253975,0.41922818873590895
998,587194.4077356784,517558.93148336525,T,16.53720940113834,0.41491858718897245,0.6441417446408612,16.53720940113834,0.41491858718897245
999,587194.6957924005,517558.93148336525,T,16.58496967624066,0.404484081967033,0.6359906304082105,16.58496967624066,0.404484081967033
1000,587194.9838491228,517558.93148336525,T,16.625789435726894,0.3866261974498461,0.6217927286884642,16.625789435726894,0.3866261974498461
1001,587195.2719058449,517558.93148336525,T,16.654513741796748,0.35971810145080374,0.5997650385365954,16.654513741796748,0.35971810145080374
1002,587195.5599625671,517558.93148336525,T,16.664165449179954,0.32238519415082584,0.5677897446685928,16.664165449179954,0.32238519415082584
1003,587195.8480192892,517558.93148336525,T,16.648114427763836,0.2743220839970275,0.5237576576977443,16.648114427763836,0.2743220839970275
1004,587196.1360760113,517558.93148336525,T,16.6028863546793,0.21718515842077604,0.4660312848090523,16.6028863546793,0.21718515842077604
1005,587196.4241327335,517558.93148336525,T,16.530679298197523,0.15519423614761613,0.3939469966221549,16.530679298197523,0.15519423614761613
1006,587196.7121894556,517558.93148336525,T,16.440538193395582,0.0949967925617747,0.30821549695265926,16.440538193395582,0.0949967925617747
1007,587197.0002461778,517558.93148336525,T,16.347434234615218,0.04457737923057088,0.21113355780304296,16.347434234615218,0.04457737923057088
1008,587197.2883028999,517558.93148336525,T,16.269182922646632,0.011471018591209444,0.10710284119111614,16.269182922646632,0.011471018591209444
1009,587197.5763596221,517558.93148336525,T,16.22197792100704,9.17782682004702e-4,0.030294928321498004,16.22197792100704,9.17782682004702e-4
1010,587197.8644163442,517558.93148336525,T,16.215956388864164,0.014590133005347899,0.12078962292079523,16.215956388864164,0.014590133005347899
1011,587198.1524730665,517558.93148336525,T,16.25232696964209,0.05022529293303402,0.22411000185853827,16.25232696964209,0.05022529293303402
1012,587198.4405297886,517558.93148336525,T,16.323084537386038,0.10220077903092419,0.3196885656868637,16.323084537386038,0.10220077903092419
1013,587198.7285865108,517558.93148336525,T,16.41339807542533,0.1629016874336728,0.40361081183941644,16.41339807542533,0.1629016874336728
1014,587199.0166432329,517558.93148336525,T,16.505791476272435,0.22452359509628475,0.4738392080614317,16.505791476272435,0.22452359509628475
1015,587199.304699955,517558.93148336525,T,16.584655372285027,0.2807444361434161,0.529853221320222,16.584655372285027,0.2807444361434161
1016,587199.5927566772,517558.93148336525,T,16.639652913991874,0.3277089641358566,0.5724587008124312,16.639652913991874,0.3277089641358566
1017,587199.8808133993,517558.93148336525,T,16.667146489051984,0.364106421800806,0.6034123149230599,16.667146489051984,0.364106421800806
1018,587200.1688701215,517558.93148336525,T,16.66957785934212,0.39055922152958633,0.6249473750081572,16.66957785934212,0.39055922152958633
1019,587200.4569268436,517558.93148336525,T,16.65342080828791,0.4087608254900427,0.6393440587743369,16.65342080828791,0.4087608254900427
1020,587200.7449835659,517558.93148336525,T,16.626646393633727,0.420726447886193,0.6486342944111058,16.626646393633727,0.420726447886193
1021,587201.033040288,517558.93148336525,T,16.596553796797952,0.4283128448823147,0.6544561443537028,16.596553796797952,0.4283128448823147
1022,587201.3210970102,517558.93148336525,T,16.568460745963655,0.432998525412359,0.6580262345927851,16.568460745963655,0.432998525412359
1023,587201.6091537323,517558.93148336525,T,16.545327325265255,0.43584611336769696,0.6601864231924927,16.545327325265255,0.43584611336769696
1024,587201.8972104545,517558.93148336525,T,16.528079161351013,0.43756270940452474,0.6614852299216701,16.528079161351013,0.43756270940452474
1025,587202.1852671766,517558.93148336525,T,16.51627412985112,0.43859358195852544,0.6622639820785405,16.51627412985112,0.43859358195852544
1026,587187.4943743467,517559.21954008745,T,16.507663235188797,0.42903180008738406,0.6550051908858311,16.507663235188797,0.42903180008738406
1027,587187.7824310688,517559.21954008745,T,16.517864319976542,0.42106874805968053,0.6488981029866557,16.517864319976542,0.42106874805968053
1028,587188.070487791,517559.21954008745,T,16.532376407018468,0.40799152084687035,0.6387421395577956,16.532376407018468,0.40799152084687035
1029,587188.3585445131,517559.21954008745,T,16.55003476000669,0.38744838813665505,0.6224535228727163,16.55003476000669,0.38744838813665505
1030,587188.6466012353,517559.21954008745,T,16.56762947395889,0.3570389148684219,0.5975273339926985,16.56762947395889,0.3570389148684219
1031,587188.9346579574,517559.21954008745,T,16.57967702691556,0.31517772887379,0.5614069191538256,16.57967702691556,0.31517772887379
1032,587189.2227146797,517559.21954008745,T,16.578924263349748,0.2621748693238152,0.5120301449366191,16.578924263349748,0.2621748693238152
1033,587189.5107714018,517559.21954008745,T,16.55774410273058,0.20103963429204638,0.4483744353685281,16.55774410273058,0.20103963429204638
1034,587189.798828124,517559.21954008745,T,16.510253608645826,0.1374837794831079,0.37078805196919157,16.510253608645826,0.1374837794831079
1035,587190.0868848461,517559.21954008745,T,16.434606456232043,0.07896837665049097,0.281013125406076,16.434606456232043,0.07896837665049097
1036,587190.3749415682,517559.21954008745,T,16.334661648539583,0.03316367439226457,0.18210896296521095,16.334661648539583,0.03316367439226457
1037,587190.6629982904,517559.21954008745,T,16.220273465088002,0.006413666774598,0.08008537178909766,16.220273465088002,0.006413666774598
1038,587190.9510550125,517559.21954008745,T,16.10583521778425,0.0025658360607699313,0.05065408237022887,16.10583521778425,0.0025658360607699313
1039,587191.2391117347,517559.21954008745,T,16.00732316544475,0.022214464117846437,0.14904517475532858,16.00732316544475,0.022214464117846437
1040,587191.5271684568,517559.21954008745,T,15.938674258531496,0.062418909996872815,0.24983776735488333,15.938674258531496,0.062418909996872815
1041,587191.815225179,517559.21954008745,T,15.908624439266843,0.11715663570478396,0.3422815152835221,15.908624439266843,0.11715663570478396
1042,587192.1032819011,517559.21954008745,T,15.918990127015338,0.17866641906445832,0.42268950668837085,15.918990127015338,0.17866641906445832
1043,587192.3913386234,517559.21954008745,T,15.964854371166501,0.23933034671006076,0.48921400911059443,15.964854371166501,0.23933034671006076
1044,587192.6793953455,517559.21954008745,T,16.03645201973753,0.29332581008155256,0.5415956149024405,16.03645201973753,0.29332581008155256
1045,587192.9674520676,517559.21954008745,T,16.122014947910877,0.33740889729025664,0.5808690879107414,16.122014947910877,0.33740889729025664
1046,587193.2555087898,517559.21954008745,T,16.21062921530547,0.370737217795316,0.6088819407695683,16.21062921530547,0.370737217795316
1047,587193.5435655119,517559.21954008745,T,16.29429605441852,0.39410402710439607,0.6277770520689618,16.29429605441852,0.39410402710439607
1048,587193.8316222341,517559.21954008745,T,16.368757866984605,0.40904657228085994,0.6395674884489204,16.368757866984605,0.40904657228085994
1049,587194.1196789562,517559.21954008745,T,16.433072516784332,0.41711549314829394,0.645844790292756,16.433072516784332,0.41711549314829394
1050,587194.4077356784,517559.21954008745,T,16.488255440576033,0.4193896135128965,0.6476029752193055,16.488255440576033,0.4193896135128965
1051,587194.6957924005,517559.21954008745,T,16.53550383928821,0.41621377334393633,0.6451463193291397,16.53550383928821,0.41621377334393633
1052,587194.9838491228,517559.21954008745,T,16.574580874038425,0.40711868057322614,0.638058524410752,16.574580874038425,0.40711868057322614
1053,587195.2719058449,517559.21954008745,T,16.60289568416181,0.39091076137722675,0.6252285673073702,16.60289568416181,0.39091076137722675
1054,587195.5599625671,517559.21954008745,T,16.615668375220537,0.36596624868392397,0.6049514432447649,16.615668375220537,0.36596624868392397
1055,587195.8480192892,517559.21954008745,T,16.607299879528448,0.3307865711640355,0.5751404795039518,16.607299879528448,0.3307865711640355
1056,587196.1360760113,517559.21954008745,T,16.573682857903236,0.28481162829004575,0.5336774571686964,16.573682857903236,0.28481162829004575
1057,587196.4241327335,517559.21954008745,T,16.514774685504715,0.2293177321521992,0.4788713106380452,16.514774685504715,0.2293177321521992
1058,587196.7121894556,517559.21954008745,T,16.436470702533132,0.16803574707749727,0.4099216352883771,16.436470702533132,0.16803574707749727
1059,587197.0002461778,517559.21954008745,T,16.350847344277845,0.1070961390960357,0.3272554645778061,16.350847344277845,0.1070961390960357
1060,587197.2883028999,517559.21954008745,T,16.27428229307372,0.054142098820312866,0.23268454787611675,16.27428229307372,0.054142098820312866
1061,587197.5763596221,517559.21954008745,T,16.22371179500577,0.016811095712915964,0.12965760954497027,16.22371179500577,0.016811095712915964
1062,587197.8644163442,517559.21954008745,T,16.21207459564544,0.0010156170800769233,0.03186874770173631,16.21207459564544,0.0010156170800769233
1063,587198.1524730665,517559.21954008745,T,16.244458127404112,0.009479711499225293,0.09736381000775028,16.244458127404112,0.009479711499225293
1064,587198.4405297886,517559.21954008745,T,16.31634602764521,0.040941112017074614,0.20233910155250423,16.31634602764521,0.040941112017074614
1065,587198.7285865108,517559.21954008745,T,16.414660695854113,0.09035378431888261,0.3005890622076635,16.414660695854113,0.09035378431888261
1066,587199.0166432329,517559.21954008745,T,16.521278036162872,0.15016872136741902,0.38751609175287033,16.521278036162872,0.15016872136741902
1067,587199.304699955,517559.21954008745,T,16.617800988415382,0.21229769831919645,0.4607577436345443,16.617800988415382,0.21229769831919645
1068,587199.5927566772,517559.21954008745,T,16.689994301086628,0.2699922815614358,0.519607815146612,16.689994301086628,0.2699922815614358
1069,587199.8808133993,517559.21954008745,T,16.73054104547667,0.31895308781409615,0.5647593184836317,16.73054104547667,0.31895308781409615
1070,587200.1688701215,517559.21954008745,T,16.73951869830186,0.3574665611816747,0.5978850735565111,16.73951869830186,0.3574665611816747
1071,587200.4569268436,517559.21954008745,T,16.722850767115215,0.3858427513746539,0.6211624194803271,16.722850767115215,0.3858427513746539
1072,587200.7449835659,517559.21954008745,T,16.68960680260584,0.4055947963095274,0.6368632477302544,16.68960680260584,0.4055947963095274
1073,587201.033040288,517559.21954008745,T,16.64920173755019,0.41869332384310276,0.6470651619760585,16.64920173755019,0.41869332384310276
1074,587201.3210970102,517559.21954008745,T,16.609311737476787,0.4270462594173781,0.6534877653157541,16.609311737476787,0.4270462594173781
1075,587201.6091537323,517559.21954008745,T,16.574869391154046,0.43222310213176374,0.6574367666412974,16.574869391154046,0.43222310213176374
1076,587201.8972104545,517559.21954008745,T,16.54805728271144,0.43537522985178656,0.6598296976127905,16.54805728271144,0.43537522985178656
1077,587202.1852671766,517559.21954008745,T,16.528945716360003,0.43727779735588035,0.6612698370225882,16.528945716360003,0.43727779735588035
1078,587202.4733238987,517559.21954008745,T,16.51635951350861,0.43842181461670326,0.6621342874498369,16.51635951350861,0.43842181461670326
1079,587202.7613806209,517559.21954008745,T,16.508655398117835,0.4391072826152985,0.6626517053590811,16.508655398117835,0.4391072826152985
1080,587187.7824310688,517559.5075968096,T,16.51445590354818,0.42964709619023606,0.6554747105649738,16.51445590354818,0.42964709619023606
1081,587188.070487791,517559.5075968096,T,16.525826577999155,0.42211848779366956,0.6497064627919824,16.525826577999155,0.42211848779366956
1082,587188.3585445131,517559.5075968096,T,16.54019846616167,0.4097168726391785,0.6400913002370666,16.54019846616167,0.4097168726391785
1083,587188.6466012353,517559.5075968096,T,16.555315647400775,0.39020535667667955,0.6246641951294147,16.555315647400775,0.39020535667667955
1084,587188.9346579574,517559.5075968096,T,16.56681013990217,0.361317677090465,0.6010970612891606,16.56681013990217,0.361317677090465
1085,587189.2227146797,517559.5075968096,T,16.568293153252693,0.3215348475649244,0.5670404285101058,16.568293153252693,0.3215348475649244
1086,587189.5107714018,517559.5075968096,T,16.552247718396394,0.270999420138961,0.5205760464513912,16.552247718396394,0.270999420138961
1087,587189.798828124,517559.5075968096,T,16.511759718645447,0.21216672326311564,0.4606155916413551,16.511759718645447,0.21216672326311564
1088,587190.0868848461,517559.5075968096,T,16.44276993507723,0.14985075647032278,0.38710561410333844,16.44276993507723,0.14985075647032278
1089,587190.3749415682,517559.5075968096,T,16.34618619728749,0.0906237809323933,0.3010378397019107,16.34618619728749,0.0906237809323933
1090,587190.6629982904,517559.5075968096,T,16.229042312717834,0.041796778499040704,0.20444260441268278,16.229042312717834,0.041796778499040704
1091,587190.9510550125,517559.5075968096,T,16.1040620891656,0.010198587970248798,0.10098805855272591,16.1040620891656,0.010198587970248798
1092,587191.2391117347,517559.5075968096,T,15.98747764117933,8.259773535545271e-4,0.028739821738391614,15.98747764117933,8.259773535545271e-4
1093,587191.5271684568,517559.5075968096,T,15.895589911702068,0.015521261821378696,0.1245843562465958,15.895589911702068,0.015521261821378696
1094,587191.815225179,517559.5075968096,T,15.841073015367504,0.05216715196512238,0.22840129589195063,15.841073015367504,0.05216715196512238
1095,587192.1032819011,517559.5075968096,T,15.830171788952418,0.10499159900284065,0.32402407164104435,15.830171788952418,0.10499159900284065
1096,587192.3913386234,517559.5075968096,T,15.861643636619887,0.16609185763328652,0.407543688005699,15.861643636619887,0.16609185763328652
1097,587192.6793953455,517559.5075968096,T,15.927677913845566,0.2275469649493893,0.4770188308121487,15.927677913845566,0.2275469649493893
1098,587192.9674520676,517559.5075968096,T,16.016356321592827,0.2831739698489551,0.532140930439442,16.016356321592827,0.2831739698489551
1099,587193.2555087898,517559.5075968096,T,16.11476693212437,0.3293335724092065,0.5738759207435058,16.11476693212437,0.3293335724092065
1100,587193.5435655119,517559.5075968096,T,16.211798263681516,0.36480102949105064,0.6039876070674386,16.211798263681516,0.36480102949105064
1101,587193.8316222341,517559.5075968096,T,16.29988997821412,0.3900875244956282,0.624569871588142,16.29988997821412,0.3900875244956282
1102,587194.1196789562,517559.5075968096,T,16.375447342632842,0.40660998212232913,0.6376597698791489,16.375447342632842,0.40660998212232913
1103,587194.4077356784,517559.5075968096,T,16.438053704574997,0.41595416698847376,0.6449450883513059,16.438053704574997,0.41595416698847376
1104,587194.6957924005,517559.5075968096,T,16.488914745721804,0.41933472599864674,0.6475605963912927,16.488914745721804,0.41933472599864674
1105,587194.9838491228,517559.5075968096,T,16.529105594632757,0.417270938070657,0.6459651214041335,16.529105594632757,0.417270938070657
1106,587195.2719058449,517559.5075968096,T,16.55819239577739,0.4094580675725792,0.639889105683617,16.55819239577739,0.4094580675725792
1107,587195.5599625671,517559.5075968096,T,16.57369583970858,0.39482096127340977,0.62834780279190106,16.57369583970858,0.39482096127340977
1108,587195.8480192892,517559.5075968096,T,16.571662482620752,0.3717776577525278,0.6097357277973202,16.571662482620752,0.3717776577525278
1109,587196.1360760113,517559.5075968096,T,16.548305217548965,0.3387638403063509,0.5820342260609345,16.548305217548965,0.3387638403063509
1110,587196.4241327335,517559.5075968096,T,16.502295407595003,0.29500669742611624,0.5431451900055051,16.502295407595003,0.29500669742611624
1111,587196.7121894556,517559.5075968096,T,16.43693667421346,0.24138301010428873,0.4913074496731031,16.43693667421346,0.24138301010428873
1112,587197.0002461778,517559.5075968096,T,16.361286674431142,0.18105150253192423,0.42550147183285303,16.361286674431142,0.18105150253192423
1113,587197.2883028999,517559.5075968096,T,16.28946944281291,0.11954613401668167,0.3457544417887956,16.28946944281291,0.11954613401668167
1114,587197.5763596221,517559.5075968096,T,16.237972195096237,0.06417269015133704,0.25332329176634555,16.237972195096237,0.06417269015133704
1115,587197.8644163442,517559.5075968096,T,16.22149635044965,0.022750529719727852,0.15083278728356064,16.22149635044965,0.022750529719727852
1116,587198.1524730665,517559.5075968096,T,16.24862229085545,0.0019091943371406666,0.04369432843219663,16.24862229085545,0.0019091943371406666
1117,587198.4405297886,517559.5075968096,T,16.318812482278247,0.005341852014043587,0.07308797448310897,16.318812482278247,0.005341852014043587
1118,587198.7285865108,517559.5075968096,T,16.42193141801343,0.032626363483142136,0.1806276930128438,16.42193141801343,0.032626363483142136
1119,587199.0166432329,517559.5075968096,T,16.54059332247064,0.07920908985140582,0.2814410948163147,16.54059332247064,0.07920908985140582
1120,587199.304699955,517559.5075968096,T,16.654610765740035,0.13769294545141203,0.3710700007430027,16.654610765740035,0.13769294545141203
1121,587199.5927566772,517559.5075968096,T,16.746059424904256,0.19989752478445832,0.44709901004638597,16.746059424904256,0.19989752478445832
1122,587199.8808133993,517559.5075968096,T,16.803320496395642,0.2587993943652851,0.5087232984297899,16.803320496395642,0.2587993943652851
1123,587200.1688701215,517559.5075968096,T,16.822950473957533,0.30968291032377454,0.5564916084935824,16.822950473957533,0.30968291032377454
1124,587200.4569268436,517559.5075968096,T,16.809103208185114,0.35036571808375144,0.5919169858043875,16.809103208185114,0.35036571808375144
1125,587200.7449835659,517559.5075968096,T,16.77108932474727,0.3807638814194348,0.6170606788796664,16.77108932474727,0.3807638814194348
1126,587201.033040288,517559.5075968096,T,16.720160747847544,0.40216156705270595,0.6341620984044268,16.720160747847544,0.40216156705270595
1127,587201.3210970102,517559.5075968096,T,16.666620710742308,0.4164701562009955,0.6453449900642256,16.666620710742308,0.4164701562009955
1128,587201.6091537323,517559.5075968096,T,16.61798249905269,0.4256492356817186,0.6524179915374181,16.61798249905269,0.4256492356817186
1129,587201.8972104545,517559.5075968096,T,16.57837225826796,0.4313619283193989,0.6567814920652065,16.57837225826796,0.4313619283193989
1130,587202.1852671766,517559.5075968096,T,16.548931261183224,0.43485032850360117,0.6594318224832656,16.548931261183224,0.43485032850360117
1131,587202.4733238987,517559.5075968096,T,16.528755966451143,0.4369599027661662,0.6610294265508656,16.528755966451143,0.4369599027661662
1132,587202.7613806209,517559.5075968096,T,16.51592445489243,0.4382302116046494,0.6619895857221996,16.51592445489243,0.4382302116046494
1133,587203.049437343,517559.5075968096,T,16.508310114157606,0.43899255450970515,0.6625651322773521,16.508310114157606,0.43899255450970515
1134,587188.3585445131,517559.79565353174,T,16.53027474758944,0.42320913934438725,0.6505452631019515,16.53027474758944,0.42320913934438725
1135,587188.6466012353,517559.79565353174,T,16.542581732690405,0.4115468938672815,0.6415192077150002,16.542581732690405,0.4115468938672815
1136,587188.9346579574,517559.79565353174,T,16.552812627712225,0.39321857480445666,0.6270714271950658,16.552812627712225,0.39321857480445666
1137,587189.2227146797,517559.79565353174,T,16.555682418160846,0.3661082610128681,0.6050688068417245,16.555682418160846,0.3661082610128681
1138,587189.5107714018,517559.79565353174,T,16.544308813713318,0.3287117550535355,0.573333894910754,16.544308813713318,0.3287117550535355
1139,587189.798828124,517559.79565353174,T,16.511448822476556,0.2808763457039216,0.5299776841565328,16.511448822476556,0.2808763457039216
1140,587190.0868848461,517559.79565353174,T,16.451458306169812,0.22436946938898322,0.47367654511172835,16.451458306169812,0.22436946938898322
1141,587190.3749415682,517559.79565353174,T,16.36252733425661,0.16309093543404504,0.40384518745930975,16.36252733425661,0.16309093543404504
1142,587190.6629982904,517559.79565353174,T,16.248460627980347,0.10288970891739471,0.3207642575434406,16.248460627980347,0.10288970891739471
1143,587190.9510550125,517559.79565353174,T,16.119229905182237,0.05096595875056442,0.22575641463879698,16.119229905182237,0.05096595875056442
1144,587191.2391117347,517559.79565353174,T,15.98981495043534,0.014748388360965429,0.12144294282075607,15.98981495043534,0.014748388360965429
1145,587191.5271684568,517559.79565353174,T,15.877412257107624,2.304807999866355e-4,0.015181594118755628,15.877412257107624,2.304807999866355e-4
1146,587191.815225179,517559.79565353174,T,15.797711652709612,0.010185987831720148,0.10092565497295596,15.797711652709612,0.010185987831720148
1147,587192.1032819011,517559.79565353174,T,15.761347926853507,0.043102216866357,0.20761073398636448,15.761347926853507,0.043102216866357
1148,587192.3913386234,517559.79565353174,T,15.771628119253434,0.09350857665358676,0.3057917210350646,15.771628119253434,0.09350857665358676
1149,587192.6793953455,517559.79565353174,T,15.824202606551223,0.15361305047345913,0.3919350079712951,15.824202606551223,0.15361305047345913
1150,587192.9674520676,517559.79565353174,T,15.908672831862798,0.2154328342128738,0.46414742723931346,15.908672831862798,0.2154328342128738
1151,587193.2555087898,517559.79565353174,T,16.01149658453435,0.27250771748224706,0.5220227174005428,16.01149658453435,0.27250771748224706
1152,587193.5435655119,517559.79565353174,T,16.11920827391249,0.32074175231331176,0.5663406680729468,16.11920827391249,0.32074175231331176
1153,587193.8316222341,517559.79565353174,T,16.221010280710164,0.35842455101964765,0.598685686332693,16.221010280710164,0.35842455101964765
1154,587194.1196789562,517559.79565353174,T,16.31013427242278,0.3857160329319889,0.6210604100504145,16.31013427242278,0.3857160329319889
1155,587194.4077356784,517559.79565353174,T,16.383837109364766,0.4038875512944426,0.6355214798057125,16.383837109364766,0.4038875512944426
1156,587194.6957924005,517559.79565353174,T,16.442304281479327,0.4145543025472796,0.6438589150949761,16.442304281479327,0.4145543025472796
1157,587194.9838491228,517559.79565353174,T,16.486981439977626,0.41906151515741336,0.6473496081387656,16.486981439977626,0.41906151515741336
1158,587195.2719058449,517559.79565353174,T,16.518928838135043,0.4180961713081852,0.6466035658022504,16.518928838135043,0.4180961713081852
1159,587195.5599625671,517559.79565353174,T,16.537732756737086,0.4115184788829169,0.6414970606970206,16.537732756737086,0.4115184788829169
1160,587195.8480192892,517559.79565353174,T,16.541349611533832,0.3983890491225085,0.6311806786669792,16.541349611533832,0.3983890491225085
1161,587196.1360760113,517559.79565353174,T,16.527014995774056,0.37720295949762234,0.6141685106691993,16.527014995774056,0.37720295949762234
1162,587196.4241327335,517559.79565353174,T,16.49302889401336,0.3463662070288011,0.5885288497846143,16.49302889401336,0.3463662070288011
1163,587196.7121894556,517559.79565353174,T,16.44087600006441,0.30490160052482546,0.5521789569739375,16.44087600006441,0.30490160052482546
1164,587197.0002461778,517559.79565353174,T,16.37686859138812,0.2532576299155089,0.503247086345772,16.37686859138812,0.2532576299155089
1165,587197.2883028999,517559.79565353174,T,16.31246139237715,0.19399104908788614,0.44044414979414376,16.31246139237715,0.19399104908788614
1166,587197.5763596221,517559.79565353174,T,16.262696069055725,0.1320623376443394,0.36340382172500524,16.262696069055725,0.1320623376443394
1167,587197.8644163442,517559.79565353174,T,16.24286510081263,0.07451214963992275,0.27296913679008245,16.24286510081263,0.07451214963992275
1168,587198.1524730665,517559.79565353174,T,16.264238765697435,0.02937085020625942,0.17137925838986298,16.264238765697435,0.02937085020625942
1169,587198.4405297886,517559.79565353174,T,16.330249111506415,0.0038766064944468427,0.06226240032673686,16.330249111506415,0.0038766064944468427
1170,587198.7285865108,517559.79565353174,T,16.434571445274823,0.002478411782686367,0.04978364975256803,16.434571445274823,0.002478411782686367
1171,587199.0166432329,517559.79565353174,T,16.561984462660845,0.025440207005737573,0.15949986522169093,16.561984462660845,0.025440207005737573
1172,587199.304699955,517559.79565353174,T,16.69190786001395,0.06874530183374827,0.2621932528379559,16.69190786001395,0.06874530183374827
1173,587199.5927566772,517559.79565353174,T,16.803518618420778,0.12536144919395326,0.3540641879574285,16.803518618420778,0.12536144919395326
1174,587199.8808133993,517559.79565353174,T,16.88077262434481,0.18723276942168912,0.43270402057490653,16.88077262434481,0.18723276942168912
1175,587200.1688701215,517559.79565353174,T,16.91575441188481,0.24714711891492364,0.49713893321175684,16.91575441188481,0.24714711891492364
1176,587200.4569268436,517559.79565353174,T,16.90947737137544,0.29992770722195605,0.5476565595534815,16.90947737137544,0.29992770722195605
1177,587200.7449835659,517559.79565353174,T,16.87022271334502,0.3428347254618362,0.5855209009607054,16.87022271334502,0.3428347254618362
1178,587201.033040288,517559.79565353174,T,16.810313487160887,0.3753297789412049,0.6126416399015047,16.810313487160887,0.3753297789412049
1179,587201.3210970102,517559.79565353174,T,16.742569067968375,0.39844727104857985,0.6312267984239737,16.742569067968375,0.39844727104857985
1180,587201.6091537323,517559.79565353174,T,16.677520602331587,0.4140360285251827,0.643456314387529,16.677520602331587,0.4140360285251827
1181,587201.8972104545,517559.79565353174,T,16.621961537460038,0.4241041808013596,0.6512328161275042,16.621961537460038,0.4241041808013596
1182,587202.1852671766,517559.79565353174,T,16.578834901341107,0.43040373161342177,0.6560516226741778,16.578834901341107,0.43040373161342177
1183,587202.4733238987,517559.79565353174,T,16.54805228585162,0.43426516484163663,0.658987985354541,16.54805228585162,0.43426516484163663
1184,587202.7613806209,517559.79565353174,T,16.527697729939085,0.4366057120333505,0.6607614637926084,16.527697729939085,0.4366057120333505
1185,587203.049437343,517559.79565353174,T,16.51515647980897,0.4380169522543601,0.6618284915704069,16.51515647980897,0.4380169522543601
1186,587203.3374940652,517559.79565353174,T,16.507911224960896,0.4388648800636814,0.6624687766707812,16.507911224960896,0.4388648800636814
1187,587188.6466012353,517560.0837102539,T,16.530922854224816,0.42435531744590477,0.6514256039225851,16.530922854224816,0.42435531744590477
1188,587188.9346579574,517560.0837102539,T,16.53943865338419,0.4135113118372892,0.6430484521692663,16.53943865338419,0.4135113118372892
1189,587189.2227146797,517560.0837102539,T,16.54287451324512,0.3965046506407616,0.6296861524924632,16.54287451324512,0.3965046506407616
1190,587189.5107714018,517560.0837102539,T,16.535341165763274,0.3713435724992269,0.6093796620328142,16.535341165763274,0.3713435724992269
1191,587189.798828124,517560.0837102539,T,16.509907093009712,0.3364601868453112,0.5800518828909283,16.509907093009712,0.3364601868453112
1192,587190.0868848461,517560.0837102539,T,16.46010593423425,0.29131366142454906,0.5397348065712911,16.46010593423425,0.29131366142454906
1193,587190.3749415682,517560.0837102539,T,16.38200095589557,0.23696582475973296,0.4867913564965312,16.38200095589557,0.23696582475973296
1194,587190.6629982904,517560.0837102539,T,16.276258716887458,0.17652881795930453,0.4201533267264518,16.276258716887458,0.17652881795930453
1195,587190.9510550125,517560.0837102539,T,16.14947931454339,0.1153477958727276,0.3396289090650671,16.14947931454339,0.1153477958727276
1196,587191.2391117347,517560.0837102539,T,16.014100027882062,0.06064549599222378,0.2462630625819142,16.014100027882062,0.06064549599222378
1197,587191.5271684568,517560.0837102539,T,15.886577332590727,0.020337591880685343,0.14260992910974096,15.886577332590727,0.020337591880685343
1198,587191.815225179,517560.0837102539,T,15.784148372430476,0.0010933007682823554,0.033065098945600564,15.784148372430476,0.0010933007682823554
1199,587192.1032819011,517560.0837102539,T,15.721038663977284,0.006327946845927041,0.07954839310713348,15.721038663977284,0.006327946845927041
1200,587192.3913386234,517560.0837102539,T,15.705259948044677,0.035101607939635314,0.18735423117622754,15.705259948044677,0.035101607939635314
1201,587192.6793953455,517560.0837102539,T,15.73698659426161,0.08247442012108022,0.2871836000211019,15.73698659426161,0.08247442012108022
1202,587192.9674520676,517560.0837102539,T,15.808962627408416,0.14105269191477163,0.3755698229554281,15.808962627408416,0.14105269191477163
1203,587193.2555087898,517560.0837102539,T,15.908700417432817,0.20293906936896297,0.4504875906936427,15.908700417432817,0.20293906936896297
1204,587193.5435655119,517560.0837102539,T,16.021672544785215,0.2613694799179908,0.5112430732225042,16.021672544785215,0.2613694799179908
1205,587193.8316222341,517560.0837102539,T,16.134476428727226,0.31169106760665644,0.5582929944094377,16.134476428727226,0.31169106760665644
1206,587194.1196789562,517560.0837102539,T,16.237106214679706,0.3516337936882855,0.5929871783506668,16.237106214679706,0.3516337936882855
1207,587194.4077356784,517560.0837102539,T,16.323878326240123,0.38098197755051116,0.6172373753674604,16.323878326240123,0.38098197755051116
1208,587194.6957924005,517560.0837102539,T,16.39303144613836,0.40085812825062567,0.6331335785208566,16.39303144613836,0.40085812825062567
1209,587194.9838491228,517560.0837102539,T,16.44539118255436,0.4128985305814081,0.6425718096690891,16.44539118255436,0.4128985305814081
1210,587195.2719058449,517560.0837102539,T,16.48267567081818,0.41856325560209334,0.6469646478766002,16.48267567081818,0.41856325560209334
1211,587195.5599625671,517560.0837102539,T,16.50602889000987,0.41869464376879534,0.6470661819078443,16.50602889000987,0.41869464376879534
1212,587195.8480192892,517560.0837102539,T,16.515252061329985,0.4133184510947051,0.6428984765067538,16.515252061329985,0.4133184510947051
1213,587196.1360760113,517560.0837102539,T,16.509000940456247,0.4016465649978565,0.6337559191028171,16.509000940456247,0.4016465649978565
1214,587196.4241327335,517560.0837102539,T,16.485946092845392,0.3822734192221897,0.6182826370052694,16.485946092845392,0.3822734192221897
1215,587196.7121894556,517560.0837102539,T,16.446574099752148,0.35358924126835933,0.5946337034413365,16.446574099752148,0.35358924126835933
1216,587197.0002461778,517560.0837102539,T,16.395001084349364,0.3144113773407168,0.5607239760708621,16.395001084349364,0.3144113773407168
1217,587197.2883028999,517560.0837102539,T,16.339992801621126,0.2647642854074904,0.5145525098641444,16.339992801621126,0.2647642854074904
1218,587197.5763596221,517560.0837102539,T,16.294472397144325,0.20664771893322254,0.45458521636016996,16.294472397144325,0.20664771893322254
1219,587197.8644163442,517560.0837102539,T,16.27321699953978,0.14453171294295572,0.38017326700197596,16.27321699953978,0.14453171294295572
1220,587198.1524730665,517560.0837102539,T,16.289119765860576,0.08523492739320063,0.2919502138947677,16.289119765860576,0.08523492739320063
1221,587198.4405297886,517560.0837102539,T,16.349082588093843,0.036903604728418075,0.1921031096271429,16.349082588093843,0.036903604728418075
1222,587198.7285865108,517560.0837102539,T,16.450983009001977,0.007154144991222072,0.08458217892217054,16.450983009001977,0.007154144991222072
1223,587199.0166432329,517560.0837102539,T,16.582982693194158,9.748306425039226e-4,0.031222277983899933,16.582982693194158,9.748306425039226e-4
1224,587199.304699955,517560.0837102539,T,16.725702156894293,0.0192863771431867,0.13887540150504227,16.725702156894293,0.0192863771431867
1225,587199.5927566772,517560.0837102539,T,16.856745604019952,0.05879105425105607,0.24246866653457735,16.856745604019952,0.05879105425105607
1226,587199.8808133993,517560.0837102539,T,16.956163253077197,0.11306523651348929,0.3362517457404337,16.956163253077197,0.11306523651348929
1227,587200.1688701215,517560.0837102539,T,17.01108814759778,0.17431316422303825,0.4175082804245183,17.01108814759778,0.17431316422303825
1228,587200.4569268436,517560.0837102539,T,17.018133810279224,0.23512089612362924,0.4848926645388949,17.018133810279224,0.23512089612362924
1229,587200.7449835659,517560.0837102539,T,16.983015602872232,0.2897709252223484,0.5383037481035668,16.983015602872232,0.2897709252223484
1230,587201.033040288,517560.0837102539,T,16.917859250802266,0.33490951155258375,0.57871366974747,16.917859250802266,0.33490951155258375
1231,587201.3210970102,517560.0837102539,T,16.837362332390473,0.36953112580903086,0.6078907186403086,16.837362332390473,0.36953112580903086
1232,587201.6091537323,517560.0837102539,T,16.75513958338566,0.3944227030887423,0.6280308138051367,16.75513958338566,0.3944227030887423
1233,587201.8972104545,517560.0837102539,T,16.68124066549896,0.411363116170701,0.6413759554042395,16.68124066549896,0.411363116170701
1234,587202.1852671766,517560.0837102539,T,16.621218207019318,0.4223925437633426,0.6499173361000171,16.621218207019318,0.4223925437633426
1235,587202.4733238987,517560.0837102539,T,16.576541258480123,0.4293381692669078,0.6552390168991067,16.576541258480123,0.4293381692669078
1236,587202.7613806209,517560.0837102539,T,16.5458046875061,0.43361423868998056,0.6584939169726479,16.5458046875061,0.43361423868998056
1237,587203.049437343,517560.0837102539,T,16.526133256228796,0.43621214023085786,0.66046357979139,16.526133256228796,0.43621214023085786
1238,587203.3374940652,517560.0837102539,T,16.51434228084338,0.4377801823489194,0.6616495918149723,16.51434228084338,0.4377801823489194
1239,587203.6255507873,517560.0837102539,T,16.507659985633406,0.438723113174581,0.6623617691070198,16.507659985633406,0.438723113174581
1240,587188.9346579574,517560.371766976,T,16.52785241793413,0.42555624969585426,0.6523467250594995,16.52785241793413,0.42555624969585426
1241,587189.2227146797,517560.371766976,T,16.531215555952354,0.4155908914918195,0.6446633939443277,16.531215555952354,0.4155908914918195
1242,587189.5107714018,517560.371766976,T,16.52656498329887,0.39997974578635676,0.63243951946914,16.52656498329887,0.39997974578635676
1243,587189.798828124,517560.371766976,T,16.507759099030245,0.3768081473729501,0.6138470064869178,16.507759099030245,0.3768081473729501
1244,587190.0868848461,517560.371766976,T,16.46824899662578,0.34438290798628546,0.5868414675074397,16.46824899662578,0.34438290798628546
1245,587190.3749415682,517560.371766976,T,16.40276349421473,0.3017588877445534,0.5493258484220029,16.40276349421473,0.3017588877445534
1246,587190.6629982904,517560.371766976,T,16.309351263008153,0.24938455539037527,0.4993841761513627,16.309351263008153,0.24938455539037527
1247,587190.9510550125,517560.371766976,T,16.191168008011534,0.18977088390826222,0.43562700089441453,16.191168008011534,0.18977088390826222
1248,587191.2391117347,517560.371766976,T,16.0572815846921,0.12790897682765062,0.35764364502623364,16.0572815846921,0.12790897682765062
1249,587191.5271684568,517560.371766976,T,15.921941315731889,0.0709950337766565,0.2664489327744746,15.921941315731889,0.0709950337766565
1250,587191.815225179,517560.371766976,T,15.802216422913105,0.027157570713759526,0.16479554215378378,15.802216422913105,0.027157570713759526
1251,587192.1032819011,517560.371766976,T,15.714500926367794,0.0034222880342430766,0.058500325078097444,15.714500926367794,0.0034222880342430766
1252,587192.3913386234,517560.371766976,T,15.670860836672041,0.003725285407434623,0.06103511618269128,15.670860836672041,0.003725285407434623
1253,587192.6793953455,517560.371766976,T,15.67633740649758,0.02785504269692395,0.1668983004614605,15.67633740649758,0.02785504269692395
1254,587192.9674520676,517560.371766976,T,15.728032917461677,0.07168069297401511,0.2677325026477269,15.728032917461677,0.07168069297401511
1255,587193.2555087898,517560.371766976,T,15.816202145442592,0.12838939603166594,0.35831466064294093,15.816202145442592,0.12838939603166594
1256,587193.5435655119,517560.371766976,T,15.926905487534672,0.19017585335226386,0.4360915653303373,15.926905487534672,0.19017585335226386
1257,587193.8316222341,517560.371766976,T,16.045318169448066,0.2498866567675969,0.4998866439179956,16.045318169448066,0.2498866567675969
1258,587194.1196789562,517560.371766976,T,16.158692508767,0.3022497417689102,0.5497724454434855,16.158692508767,0.3022497417689102
1259,587194.4077356784,517560.371766976,T,16.258224373660326,0.344430819552589,0.5868822876459887,16.258224373660326,0.344430819552589
1260,587194.6957924005,517560.371766976,T,16.339529560427128,0.3758539840816709,0.613069314255469,16.339529560427128,0.3758539840816709
1261,587194.9838491228,517560.371766976,T,16.40189460038863,0.39748895068611567,0.6304672479091326,16.40189460038863,0.39748895068611567
1262,587195.2719058449,517560.371766976,T,16.446782396176157,0.4109669191479229,0.64106701611292,16.446782396176157,0.4109669191479229
1263,587195.5599625671,517560.371766976,T,16.47619315638184,0.41783401137979514,0.6464008132573745,16.47619315638184,0.41783401137979514
1264,587195.8480192892,517560.371766976,T,16.491431313186528,0.4190724363054854,0.6473580433620064,16.491431313186528,0.4190724363054854
1265,587196.1360760113,517560.371766976,T,16.492665044250355,0.41487401115853395,0.6441071426079158,16.492665044250355,0.41487401115853395
1266,587196.4241327335,517560.371766976,T,16.479429650247855,0.4046117094072033,0.6360909600105973,16.479429650247855,0.4046117094072033
1267,587196.7121894556,517560.371766976,T,16.451942827706134,0.3869888659731433,0.6220842916945768,16.451942827706134,0.3869888659731433
1268,587197.0002461778,517560.371766976,T,16.41279996761353,0.36038605692276304,0.6003216278985483,16.41279996761353,0.36038605692276304
1269,587197.2883028999,517560.371766976,T,16.368372828755263,0.32343177150448926,0.5687106219374571,16.368372828755263,0.32343177150448926
1270,587197.5763596221,517560.371766976,T,16.329159884484675,0.2757791738084256,0.5251468116711988,16.329159884484675,0.2757791738084256
1271,587197.8644163442,517560.371766976,T,16.308540631403403,0.21896129366168943,0.4679330012530527,16.308540631403403,0.21896129366168943
1272,587198.1524730665,517560.371766976,T,16.319891764557248,0.15702541321970273,0.3962643224158626,16.319891764557248,0.15702541321970273
1273,587198.4405297886,517560.371766976,T,16.372702140190068,0.09651782955494403,0.31067318769881647,16.372702140190068,0.09651782955494403
1274,587198.7285865108,517560.371766976,T,16.468906923255133,0.04550233521710391,0.21331276384010384,16.468906923255133,0.04550233521710391
1275,587199.0166432329,517560.371766976,T,16.60084591810129,0.01173607768692195,0.10833317906773506,16.60084591810129,0.01173607768692195
1276,587199.304699955,517560.371766976,T,16.751861481910726,6.470488232214034e-4,0.02543715438529639,16.751861481910726,6.470488232214034e-4
1277,587199.5927566772,517560.371766976,T,16.89966792404498,0.013926250105123656,0.11800953395859021,16.89966792404498,0.013926250105123656
1278,587199.8808133993,517560.371766976,T,17.021586361478082,0.04921492162957433,0.22184436352897122,17.021586361478082,0.04921492162957433
1279,587200.1688701215,517560.371766976,T,17.09999992249257,0.10084795261279633,0.317565666615263,17.09999992249257,0.10084795261279633
1280,587200.4569268436,517560.371766976,T,17.126284829358518,0.16129627822387038,0.40161707909882316,17.126284829358518,0.16129627822387038
1281,587200.7449835659,517560.371766976,T,17.102061439267892,0.22287699529792052,0.47209850168997625,17.102061439267892,0.22287699529792052
1282,587201.033040288,517560.371766976,T,17.037614413551022,0.27929272507134206,0.5284815276538453,17.037614413551022,0.27929272507134206
1283,587201.3210970102,517560.371766976,T,16.94830535312373,0.32659180903953033,0.5714821161152205,16.94830535312373,0.32659180903953033
1284,587201.6091537323,517560.371766976,T,16.850349565178487,0.3633302381971893,0.602768809907405,16.850349565178487,0.3633302381971893
1285,587201.8972104545,517560.371766976,T,16.75729116588553,0.39004752080209926,0.6245378457724554,16.75729116588553,0.39004752080209926
1286,587202.1852671766,517560.371766976,T,16.67800476626575,0.40842396199419606,0.6390805598625232,16.67800476626575,0.40842396199419606
1287,587202.4733238987,517560.371766976,T,16.61637064866881,0.4204991947704555,0.6484590925960214,16.61637064866881,0.4204991947704555
1288,587202.7613806209,517560.371766976,T,16.572214554016004,0.4281571495571551,0.6543371833826618,16.572214554016004,0.4281571495571551
1289,587203.049437343,517560.371766976,T,16.542846541572903,0.43289270320759554,0.6579458208755457,16.542846541572903,0.43289270320759554
1290,587203.3374940652,517560.371766976,T,16.524580230300238,0.4357759921293502,0.6601333139066307,16.524580230300238,0.4357759921293502
1291,587203.6255507873,517560.371766976,T,16.513847157538624,0.43751780266723445,0.6614512851807263,16.513847157538624,0.43751780266723445
1292,587203.9136075096,517560.371766976,T,16.507791147781983,0.4385659332790134,0.6622431073850549,16.507791147781983,0.4385659332790134
1293,587189.2227146797,517560.6598236982,T,16.52149655409207,0.42678784755189064,0.6532900179490657,16.52149655409207,0.42678784755189064
1294,587189.5107714018,517560.6598236982,T,16.51883203659285,0.41771896211643245,0.6463118149287018,16.51883203659285,0.41771896211643245
1295,587189.798828124,517560.6598236982,T,16.50552828392599,0.40349238755966904,0.635210506493453,16.50552828392599,0.40349238755966904
1296,587190.0868848461,517560.6598236982,T,16.47554653743863,0.38222942233039575,0.6182470560628621,16.47554653743863,0.38222942233039575
1297,587190.3749415682,517560.6598236982,T,16.423098237833518,0.3520951615934383,0.5933760709646441,16.423098237833518,0.3520951615934383
1298,587190.6629982904,517560.6598236982,T,16.344404695893292,0.3117994812209967,0.5583900798017428,16.344404695893292,0.3117994812209967
1299,587190.9510550125,517560.6598236982,T,16.2395989086,0.26132270256978674,0.5111973225377718,16.2395989086,0.26132270256978674
1300,587191.2391117347,517560.6598236982,T,16.11413298248967,0.20272498162708433,0.4502499101910897,16.11413298248967,0.20272498162708433
1301,587191.5271684568,517560.6598236982,T,15.979031576255549,0.14065982144693645,0.3750464257221184,15.979031576255549,0.14065982144693645
1302,587191.815225179,517560.6598236982,T,15.849592709466759,0.08210942917002578,0.28654742918062587,15.849592709466759,0.08210942917002578
1303,587192.1032819011,517560.6598236982,T,15.742634796529599,0.03512688855461139,0.18742168645760124,15.742634796529599,0.03512688855461139
1304,587192.3913386234,517560.6598236982,T,15.672943094465431,0.006919772336766633,0.08318516897119722,15.672943094465431,0.006919772336766633
1305,587192.6793953455,517560.6598236982,T,15.649938710796738,0.0020105092612306957,0.04483870271574207,15.649938710796738,0.0020105092612306957
1306,587192.9674520676,517560.6598236982,T,15.675594941073184,0.02113503170254404,0.14537892454734985,15.675594941073184,0.02113503170254404
1307,587193.2555087898,517560.6598236982,T,15.744233387546451,0.06114220258442038,0.24726949384107288,15.744233387546451,0.06114220258442038
1308,587193.5435655119,517560.6598236982,T,15.844200725915831,0.11581359293408022,0.3403139622967007,15.844200725915831,0.11581359293408022
1309,587193.8316222341,517560.6598236982,T,15.960817246890066,0.1773569701161111,0.4211377092069898,15.960817246890066,0.1773569701161111
1310,587194.1196789562,517560.6598236982,T,16.079639603519947,0.23818418054917143,0.48804116685907906,16.079639603519947,0.23818418054917143
1311,587194.4077356784,517560.6598236982,T,16.189100053086214,0.2924370711909617,0.5407745104856198,16.189100053086214,0.2924370711909617
1312,587194.6957924005,517560.6598236982,T,16.28191538822099,0.3367759203212798,0.5803239787577968,16.28191538822099,0.3367759203212798
1313,587194.9838491228,517560.6598236982,T,16.355129892613437,0.3702843161331479,0.6085099145725958,16.355129892613437,0.3702843161331479
1314,587195.2719058449,517560.6598236982,T,16.40908017765242,0.3937485127506486,0.6274938348307882,16.40908017765242,0.3937485127506486
1315,587195.5599625671,517560.6598236982,T,16.445823032582155,0.40874548651339965,0.6393320627916291,16.445823032582155,0.40874548651339965
1316,587195.8480192892,517560.6598236982,T,16.4676219513727,0.41687145637334166,0.6456558343059727,16.4676219513727,0.41687145637334166
1317,587196.1360760113,517560.6598236982,T,16.475984052183623,0.41923467372938883,0.6474833385728075,16.475984052183623,0.41923467372938883
1318,587196.4241327335,517560.6598236982,T,16.47153659934438,0.4161935188597584,0.6451306215486585,16.47153659934438,0.4161935188597584
1319,587196.7121894556,517560.6598236982,T,16.454775859067883,0.40728623247921436,0.6381898091314326,16.454775859067883,0.40728623247921436
1320,587197.0002461778,517560.6598236982,T,16.42743974694935,0.39132936649564354,0.6255632394056124,16.42743974694935,0.39132936649564354
1321,587197.2883028999,517560.6598236982,T,16.393990768122677,0.36670811585719204,0.605564295394958,16.393990768122677,0.36670811585719204
1322,587197.5763596221,517560.6598236982,T,16.36252511188498,0.3319066188894677,0.5761133732951074,16.36252511188498,0.3319066188894677
1323,587197.8644163442,517560.6598236982,T,16.344452821674228,0.2862888648352749,0.5350596834328624,16.344452821674228,0.2862888648352749
1324,587198.1524730665,517560.6598236982,T,16.35260079046804,0.2310025522939227,0.4806272488050617,16.35260079046804,0.2310025522939227
1325,587198.4405297886,517560.6598236982,T,16.397950461199798,0.16967267764413382,0.4119134346487546,16.397950461199798,0.16967267764413382
1326,587198.7285865108,517560.6598236982,T,16.485864869932037,0.10844131811776572,0.32930429410769263,16.485864869932037,0.10844131811776572
1327,587199.0166432329,517560.6598236982,T,16.613104770574576,0.0550838462801452,0.23469948078371455,16.613104770574576,0.0550838462801452
1328,587199.304699955,517560.6598236982,T,16.76691459204874,0.017366248451651262,0.1317810625683799,16.76691459204874,0.017366248451651262
1329,587199.5927566772,517560.6598236982,T,16.926879318343445,0.0011995312054446726,0.03463424902383005,16.926879318343445,0.0011995312054446726
1330,587199.8808133993,517560.6598236982,T,17.069281348495345,0.009206544226166189,0.09595073853893042,17.069281348495345,0.009206544226166189
1331,587200.1688701215,517560.6598236982,T,17.17271389292269,0.04009007640250908,0.20022506437134457,17.17271389292269,0.04009007640250908
1332,587200.4569268436,517560.6598236982,T,17.223172489000103,0.08893850157773682,0.2982255884020297,17.223172489000103,0.08893850157773682
1333,587200.7449835659,517560.6598236982,T,17.21700799697552,0.14841646340061668,0.38524857352184533,17.21700799697552,0.14841646340061668
1334,587201.033040288,517560.6598236982,T,17.160920745219716,0.21054630312775924,0.45885324792111826,17.160920745219716,0.21054630312775924
1335,587201.3210970102,517560.6598236982,T,17.06925002803262,0.2685087701447676,0.5181783188679043,17.06925002803262,0.2685087701447676
1336,587201.6091537323,517560.6598236982,T,16.959699625662658,0.3178349582384809,0.5637685325011329,16.959699625662658,0.3178349582384809
1337,587201.8972104545,517560.6598236982,T,16.84899551864651,0.35667362115093043,0.59722158463248,16.84899551864651,0.35667362115093043
1338,587202.1852671766,517560.6598236982,T,16.749727861919556,0.38528640726034347,0.620714432940256,16.749727861919556,0.38528640726034347
1339,587202.4733238987,517560.6598236982,T,16.66898592722073,0.40520059250542745,0.6365536839147405,16.66898592722073,0.40520059250542745
1340,587202.7613806209,517560.6598236982,T,16.608683718233248,0.4184147655766967,0.6468498787019262,16.608683718233248,0.4184147655766967
1341,587203.049437343,517560.6598236982,T,16.56698190406013,0.4268541760411052,0.6533407809413899,16.56698190406013,0.4268541760411052
1342,587203.3374940652,517560.6598236982,T,16.54006352560925,0.43209535255462794,0.6573396021499298,16.54006352560925,0.43209535255462794
1343,587203.6255507873,517560.6598236982,T,16.523667976244184,0.4352934014708658,0.65976768750134,16.523667976244184,0.4352934014708658
1344,587203.9136075096,517560.6598236982,T,16.514079538217164,0.437227270865602,0.6612316317793652,16.514079538217164,0.437227270865602
1345,587204.2016642317,517560.6598236982,T,16.508547184025062,0.4383917911424682,0.6621116153206106,16.508547184025062,0.4383917911424682
1346,587204.4897209539,517560.6598236982,T,16.505286719751055,0.4390901722149429,0.6626387946799847,16.505286719751055,0.4390901722149429
1347,587189.5107714018,517560.94788042037,T,16.51258104582005,0.42800829699379633,0.6542234304836508,16.51258104582005,0.42800829699379633
1348,587189.798828124,517560.94788042037,T,16.503563578080943,0.4198056315036553,0.6479240939366704,16.503563578080943,0.4198056315036553
1349,587190.0868848461,517560.94788042037,T,16.481787481887768,0.40688157860725016,0.6378726978067412,16.481787481887768,0.40688157860725016
1350,587190.3749415682,517560.94788042037,T,16.441640952535973,0.38737613476268323,0.6223954809947476,16.441640952535973,0.38737613476268323
1351,587190.6629982904,517560.94788042037,T,16.378386300300253,0.3593427357276567,0.5994520295466992,16.378386300300253,0.3593427357276567
1352,587190.9510550125,517560.94788042037,T,16.289892319738403,0.3212449587098921,0.5667847551847986,16.289892319738403,0.3212449587098921
1353,587191.2391117347,517560.94788042037,T,16.17829804874975,0.27272409187110785,0.5222299224202955,16.17829804874975,0.27272409187110785
1354,587191.5271684568,517560.94788042037,T,16.050985438680435,0.21544932780960646,0.4641651945262661,16.050985438680435,0.21544932780960646
1355,587191.815225179,517560.94788042037,T,15.920301679983506,0.1536439806756396,0.3919744643157761,15.920301679983506,0.1536439806756396
1356,587192.1032819011,517560.94788042037,T,15.801798037385781,0.09386654745982631,0.30637647993902256,15.801798037385781,0.09386654745982631
1357,587192.3913386234,517560.94788042037,T,15.711256482243424,0.043922826465316145,0.20957773370593583,15.711256482243424,0.043922826465316145
1358,587192.6793953455,517560.94788042037,T,15.661263794390992,0.011202599936749935,0.10584233527634362,15.661263794390992,0.011202599936749935
1359,587192.9674520676,517560.94788042037,T,15.658344182621692,9.575026662904425e-4,0.030943539976713112,15.658344182621692,9.575026662904425e-4
1360,587193.2555087898,517560.94788042037,T,15.701540571956267,0.014992688284047786,0.12244463354532034,15.701540571956267,0.014992688284047786
1361,587193.5435655119,517560.94788042037,T,15.78286960602641,0.05112164170740491,0.22610095468043673,15.78286960602641,0.05112164170740491
1362,587193.8316222341,517560.94788042037,T,15.88945193786374,0.10361986636916826,0.32190039821219274,15.88945193786374,0.10361986636916826
1363,587194.1196789562,517560.94788042037,T,16.006591836817034,0.16466214878192903,0.40578584103185394,16.006591836817034,0.16466214878192903
1364,587194.4077356784,517560.94788042037,T,16.12084851540148,0.2262971616047925,0.4757070123561271,16.12084851540148,0.2262971616047925
1365,587194.6957924005,517560.94788042037,T,16.222263772354697,0.2822035852672505,0.531228373929001,16.222263772354697,0.2822035852672505
1366,587194.9838491228,517560.94788042037,T,16.30529352013209,0.32860737522470196,0.5732428588519023,16.30529352013209,0.32860737522470196
1367,587195.2719058449,517560.94788042037,T,16.368455407120145,0.36423455058381277,0.6035184757601152,16.368455407120145,0.36423455058381277
1368,587195.5599625671,517560.94788042037,T,16.413078979019666,0.3896216071165599,0.6241967695499232,16.413078979019666,0.3896216071165599
1369,587195.8480192892,517560.94788042037,T,16.441731823786967,0.4062302653963017,0.6373619579142622,16.441731823786967,0.4062302653963017
1370,587196.1360760113,517560.94788042037,T,16.456887877189477,0.41567523829629105,0.6447288098854362,16.456887877189477,0.41567523829629105
1371,587196.4241327335,517560.94788042037,T,16.46025341000955,0.419182485714011,0.647443036655744,16.46025341000955,0.419182485714011
1372,587196.7121894556,517560.94788042037,T,16.452934653213774,0.41727710614998276,0.6459698956994689,16.452934653213774,0.41727710614998276
1373,587197.0002461778,517560.94788042037,T,16.43636490001527,0.4096637438739539,0.6400497979641536,16.43636490001527,0.4096637438739539
1374,587197.2883028999,517560.94788042037,T,16.41364328551892,0.3952793553184003,0.6287124583769598,16.41364328551892,0.3952793553184003
1375,587197.5763596221,517560.94788042037,T,16.390721134470176,0.37254226572473487,0.6103624052353936,16.390721134470176,0.37254226572473487
1376,587197.8644163442,517560.94788042037,T,16.376783603095937,0.3398532341161433,0.5829693251931386,16.376783603095937,0.3398532341161433
1377,587198.1524730665,517560.94788042037,T,16.383303752337802,0.2963625548412396,0.544391912909477,16.383303752337802,0.2963625548412396
1378,587198.4405297886,517560.94788042037,T,16.421635784461,0.2428666884590532,0.49281506517054974,16.421635784461,0.2428666884590532
1379,587198.7285865108,517560.94788042037,T,16.499594785306602,0.1825070435149937,0.427208430997088,16.499594785306602,0.1825070435149937
1380,587199.0166432329,517560.94788042037,T,16.61803947348649,0.12088160458880591,0.3476803195304645,16.61803947348649,0.12088160458880591
1381,587199.304699955,517560.94788042037,T,16.768756786085866,0.06536097244021202,0.25565792074608606,16.768756786085866,0.06536097244021202
1382,587199.5927566772,517560.94788042037,T,16.934727915544528,0.023723770340169176,0.1540252263110468,16.934727915544528,0.023723770340169176
1383,587199.8808133993,517560.94788042037,T,17.093121750890113,0.0024666156589314065,0.04966503457092733,17.093121750890113,0.0024666156589314065
1384,587200.1688701215,517560.94788042037,T,17.220359849131214,0.005217577209608266,0.07223279871089217,17.220359849131214,0.005217577209608266
1385,587200.4569268436,517560.94788042037,T,17.29774871965967,0.03169500894130272,0.17803092130667278,17.29774871965967,0.03169500894130272
1386,587200.7449835659,517560.94788042037,T,17.315877449838705,0.07763062043587032,0.27862272060237714,17.315877449838705,0.07763062043587032
1387,587201.033040288,517560.94788042037,T,17.276393365548486,0.13584330441667136,0.3685692667826108,17.276393365548486,0.13584330441667136
1388,587201.3210970102,517560.94788042037,T,17.190725511105367,0.19815097225837655,0.4451415193602778,17.190725511105367,0.19815097225837655
1389,587201.6091537323,517560.94788042037,T,17.07640420318994,0.2573596528468743,0.5073062712473346,17.07640420318994,0.2573596528468743
1390,587201.8972104545,517560.94788042037,T,16.952367318735504,0.3085734251503469,0.555493856987048,16.952367318735504,0.3085734251503469
1391,587202.1852671766,517560.94788042037,T,16.834781033482123,0.3495238625586288,0.5912054317736168,16.834781033482123,0.3495238625586288
1392,587202.4733238987,517560.94788042037,T,16.734463084673038,0.3801258757743627,0.6165434905782095,16.734463084673038,0.3801258757743627
1393,587202.7613806209,517560.94788042037,T,16.656253388643872,0.40168774403312024,0.6337884063574533,16.656253388643872,0.40168774403312024
1394,587203.049437343,517560.94788042037,T,16.599980752546276,0.41613317638833125,0.6450838522148351,16.599980752546276,0.41613317638833125
1395,587203.3374940652,517560.94788042037,T,16.56227965451659,0.4254216493084967,0.6522435506070541,16.56227965451659,0.4254216493084967
1396,587203.6255507873,517560.94788042037,T,16.5384845849019,0.4312152716663346,0.6566698345944746,16.5384845849019,0.4312152716663346
1397,587203.9136075096,517560.94788042037,T,16.524070725771736,0.4347594437427334,0.6593629074665434,16.524070725771736,0.4347594437427334
1398,587204.2016642317,517560.94788042037,T,16.515442817112262,0.43690555820865323,0.6609883192679378,16.515442817112262,0.43690555820865323
1399,587204.4897209539,517560.94788042037,T,16.510146209558947,0.43819891111169956,0.661965944072427,16.510146209558947,0.43819891111169956
1400,587204.777777676,517560.94788042037,T,16.506711771329662,0.4389752189007698,0.6625520499559033,16.506711771329662,0.4389752189007698
1401,587189.798828124,517561.2359371425,T,16.502031839520495,0.4291719313190064,0.6551121517106872,16.502031839520495,0.4291719313190064
1402,587190.0868848461,517561.2359371425,T,16.48688558197687,0.42176897416823694,0.6494374289862241,16.48688558197687,0.42176897416823694
1403,587190.3749415682,517561.2359371425,T,16.457505718711598,0.410028123524961,0.6403343841501571,16.457505718711598,0.410028123524961
1404,587190.6629982904,517561.2359371425,T,16.408972042426942,0.3921167678899805,0.6261922770922527,16.408972042426942,0.3921167678899805
1405,587190.9510550125,517561.2359371425,T,16.337780185689905,0.36603227549472217,0.6050060127756766,16.337780185689905,0.36603227549472217
1406,587191.2391117347,517561.2359371425,T,16.243455583098246,0.3300844380936581,0.574529753880213,16.243455583098246,0.3300844380936581
1407,587191.5271684568,517561.2359371425,T,16.129909262417883,0.28364665807172285,0.5325848834427456,16.129909262417883,0.28364665807172285
1408,587191.815225179,517561.2359371425,T,16.005960673589097,0.22797659472647744,0.4774689463477991,16.005960673589097,0.22797659472647744
1409,587192.1032819011,517561.2359371425,T,15.884589853247455,0.1667494460031781,0.40834966144614115,15.884589853247455,0.1667494460031781
1410,587192.3913386234,517561.2359371425,T,15.780847113656604,0.10597659355663583,0.32554046377775503,15.780847113656604,0.10597659355663583
1411,587192.6793953455,517561.2359371425,T,15.708830904244298,0.053197672479600694,0.23064620629787236,15.708830904244298,0.053197672479600694
1412,587192.9674520676,517561.2359371425,T,15.678547792647636,0.016071474701195635,0.1267733201474018,15.678547792647636,0.016071474701195635
1413,587193.2555087898,517561.2359371425,T,15.693602098795184,6.463430675262716e-4,0.025423278064133893,15.693602098795184,6.463430675262716e-4
1414,587193.5435655119,517561.2359371425,T,15.750441076372642,0.009733915205975293,0.09866060615045548,15.750441076372642,0.009733915205975293
1415,587193.8316222341,517561.2359371425,T,15.839377222017255,0.04196165525758483,0.2048454423646883,15.839377222017255,0.04196165525758483
1416,587194.1196789562,517561.2359371425,T,15.947024407398935,0.09201713189176826,0.30334325753470814,15.947024407398935,0.09201713189176826
1417,587194.4077356784,517561.2359371425,T,16.05935396334182,0.15212558587587696,0.39003280102560217,16.05935396334182,0.15212558587587696
1418,587194.6957924005,517561.2359371425,T,16.16445721260566,0.21415805609855149,0.46277214274257206,16.16445721260566,0.21415805609855149
1419,587194.9838491228,517561.2359371425,T,16.254305835589097,0.2714743134595967,0.5210319697097259,16.254305835589097,0.2714743134595967
1420,587195.2719058449,517561.2359371425,T,16.32521283864015,0.3198886903779057,0.5655870316564071,16.32521283864015,0.3198886903779057
1421,587195.5599625671,517561.2359371425,T,16.377136934424676,0.35770091934208276,0.5980810307492479,16.377136934424676,0.35770091934208276
1422,587195.8480192892,517561.2359371425,T,16.412289855898297,0.3851140156617158,0.6205755519368418,16.412289855898297,0.3851140156617158
1423,587196.1360760113,517561.2359371425,T,16.43362734276535,0.4034228285742826,0.6351557514297439,16.43362734276535,0.4034228285742826
1424,587196.4241327335,517561.2359371425,T,16.44374094467339,0.41424207794674156,0.6436164059024145,16.44374094467339,0.41424207794674156
1425,587196.7121894556,517561.2359371425,T,16.444477938538096,0.418911545776719,0.647233764397933,16.444477938538096,0.418911545776719
1426,587197.0002461778,517561.2359371425,T,16.43736495454919,0.41812108896391775,0.6466228336239896,16.43736495454919,0.41812108896391775
1427,587197.2883028999,517561.2359371425,T,16.424646180178865,0.41174220382523646,0.6416714142185519,16.424646180178865,0.41174220382523646
1428,587197.5763596221,517561.2359371425,T,16.41050982034637,0.39884533235681763,0.6315420273875822,16.41050982034637,0.39884533235681763
1429,587197.8644163442,517561.2359371425,T,16.401920208908376,0.37791846808531704,0.6147507365471936,16.401920208908376,0.37791846808531704
1430,587198.1524730665,517561.2359371425,T,16.408471303150645,0.34733450004256383,0.5893509141781014,16.408471303150645,0.34733450004256383
1431,587198.4405297886,517561.2359371425,T,16.44089771039152,0.30607295644441773,0.553238607152843,16.44089771039152,0.30607295644441773
1432,587198.7285865108,517561.2359371425,T,16.508326973401886,0.2545676041192809,0.5045469295509397,16.508326973401886,0.2545676041192809
1433,587199.0166432329,517561.2359371425,T,16.61492296805925,0.19540563343946807,0.4420470941420926,16.61492296805925,0.19540563343946807
1434,587199.304699955,517561.2359371425,T,16.757033495177303,0.13357041733213249,0.3654728681203743,16.757033495177303,0.13357041733213249
1435,587199.5927566772,517561.2359371425,T,16.922061097863704,0.07603094378702802,0.27573709178677436,16.922061097863704,0.07603094378702802
1436,587199.8808133993,517561.2359371425,T,17.089873394820707,0.030649176228392347,0.17506906131122182,17.089873394820707,0.030649176228392347
1437,587200.1688701215,517561.2359371425,T,17.236728005421945,0.004541692217920495,0.06739207830242731,17.236728005421945,0.004541692217920495
1438,587200.4569268436,517561.2359371425,T,17.340716337806228,0.0022506164932044456,0.04744066286641077,17.340716337806228,0.0022506164932044456
1439,587200.7449835659,517561.2359371425,T,17.38705649838222,0.024341529061638542,0.15601772034496128,17.38705649838222,0.024341529061638542
1440,587201.033040288,517561.2359371425,T,17.37152146726548,0.06709933683299409,0.259035396872694,17.37152146726548,0.06709933683299409
1441,587201.3210970102,517561.2359371425,T,17.30092974404886,0.12358366958786138,0.35154469074053923,17.30092974404886,0.12358366958786138
1442,587201.6091537323,517561.2359371425,T,17.190684425057054,0.18560859804331664,0.43082316330870213,17.190684425057054,0.18560859804331664
1443,587201.8972104545,517561.2359371425,T,17.06036245310892,0.24576920851719947,0.49575115584050783,17.06036245310892,0.24576920851719947
1444,587202.1852671766,517561.2359371425,T,16.928907484496364,0.29877872695326047,0.5466065559003664,16.928907484496364,0.29877872695326047
1445,587202.4733238987,517561.2359371425,T,16.810888464537953,0.34188677256999106,0.5847108452645556,16.810888464537953,0.34188677256999106
1446,587202.7613806209,517561.2359371425,T,16.714676660040038,0.3745767571842696,0.6120267618203223,16.714676660040038,0.3745767571842696
1447,587203.049437343,517561.2359371425,T,16.642596663026918,0.397885676340266,0.6307817977242732,16.642596663026918,0.397885676340266
1448,587203.3374940652,517561.2359371425,T,16.59247051375565,0.41364519673982875,0.643152545466337,16.59247051375565,0.41364519673982875
1449,587203.6255507873,517561.2359371425,T,16.5597041227472,0.42384794411046633,0.6510360543859812,16.5597041227472,0.42384794411046633
1450,587203.9136075096,517561.2359371425,T,16.539165104403704,0.43024322984746505,0.6559292872310742,16.539165104403704,0.43024322984746505
1451,587204.2016642317,517561.2359371425,T,16.526423361029682,0.4341682679176839,0.6589144617609207,16.526423361029682,0.4341682679176839
1452,587204.4897209539,517561.2359371425,T,16.518279010680924,0.43654928424399364,0.6607187633509386,16.518279010680924,0.43654928424399364
1453,587204.777777676,517561.2359371425,T,16.51274702539237,0.4379853121261577,0.6618045875680809,16.51274702539237,0.4379853121261577
1454,587205.0658343981,517561.2359371425,T,16.508757511217286,0.4388477402539568,0.6624558402293369,16.508757511217286,0.4388477402539568
1455,587190.3749415682,517561.52399386466,T,16.470302104169132,0.4235575939892551,0.6508130253684656,16.470302104169132,0.4235575939892551
1456,587190.6629982904,517561.52399386466,T,16.43474508788897,0.4128777129399137,0.642555610776152,16.43474508788897,0.4128777129399137
1457,587190.9510550125,517561.52399386466,T,16.38014935853058,0.3964221525474815,0.6296206417736647,16.38014935853058,0.3964221525474815
1458,587191.2391117347,517561.52399386466,T,16.30431124714111,0.372185948005402,0.6100704451171208,16.30431124714111,0.372185948005402
1459,587191.5271684568,517561.52399386466,T,16.208289023719573,0.33838249600441617,0.5817065377012847,16.208289023719573,0.33838249600441617
1460,587191.815225179,517561.52399386466,T,16.097412200274146,0.2941326003442967,0.5423399306194379,16.097412200274146,0.2941326003442967
1461,587192.1032819011,517561.52399386466,T,15.981376128847899,0.24023681452510315,0.4901395867761582,15.981376128847899,0.24023681452510315
1462,587192.3913386234,517561.52399386466,T,15.873114713480449,0.17976144470831976,0.4239828353935095,15.873114713480449,0.17976144470831976
1463,587192.6793953455,517561.52399386466,T,15.786524341519588,0.11816957688659119,0.34375802083237444,15.786524341519588,0.11816957688659119
1464,587192.9674520676,517561.52399386466,T,15.733549348844438,0.06280194734731018,0.25060316707358304,15.733549348844438,0.06280194734731018
1465,587193.2555087898,517561.52399386466,T,15.721447844493772,0.021624677779405892,0.1470533161115583,15.721447844493772,0.021624677779405892
1466,587193.5435655119,517561.52399386466,T,15.751082414449119,0.0013857024946629848,0.03722502511299334,15.751082414449119,0.0013857024946629848
1467,587193.8316222341,517561.52399386466,T,15.816784050602399,0.005697835524634911,0.07548400840333608,15.816784050602399,0.005697835524634911
1468,587194.1196789562,517561.52399386466,T,15.907825188639979,0.03385489818787388,0.18399700592094936,15.907825188639979,0.03385489818787388
1469,587194.4077356784,517561.52399386466,T,16.011013827105998,0.08100682322049427,0.2846169763392449,16.011013827105998,0.08100682322049427
1470,587194.6957924005,517561.52399386466,T,16.11359223037223,0.13964483324968846,0.373690825749962,16.11359223037223,0.13964483324968846
1471,587194.9838491228,517561.52399386466,T,16.205604241713505,0.20167721999144572,0.44908486947507564,16.205604241713505,0.20167721999144572
1472,587195.2719058449,517561.52399386466,T,16.281161832301596,0.26022682274968045,0.5101243208764707,16.281161832301596,0.26022682274968045
1473,587195.5599625671,517561.52399386466,T,16.338461218207254,0.31064676149698706,0.5573569426292159,16.338461218207254,0.31064676149698706
1474,587195.8480192892,517561.52399386466,T,16.378801954157918,0.35071682015146516,0.5922134920376816,16.378801954157918,0.35071682015146516
1475,587196.1360760113,517561.52399386466,T,16.40511829673058,0.38024044594543444,0.6166363968705013,16.40511829673058,0.38024044594543444
1476,587196.4241327335,517561.52399386466,T,16.420590501379305,0.40031950279248446,0.632708070750235,16.420590501379305,0.40031950279248446
1477,587196.7121894556,517561.52399386466,T,16.427789457992663,0.4125613756114721,0.6423094080047965,16.427789457992663,0.4125613756114721
1478,587197.0002461778,517561.52399386466,T,16.428585757795087,0.4184135358506725,0.6468489281514443,16.428585757795087,0.4184135358506725
1479,587197.2883028999,517561.52399386466,T,16.424790742556006,0.4187239085274663,0.6470887949327097,16.424790742556006,0.4187239085274663
1480,587197.5763596221,517561.52399386466,T,16.419244447330204,0.41353133930747216,0.6430640242677802,16.419244447330204,0.41353133930747216
1481,587197.8644163442,517561.52399386466,T,16.416868492672904,0.4020559429326669,0.6340788144486984,16.416868492672904,0.4020559429326669
1482,587198.1524730665,517561.52399386466,T,16.425114523084087,0.3828880114460731,0.6187794529928035,16.425114523084087,0.3828880114460731
1483,587198.4405297886,517561.52399386466,T,16.45332316288044,0.35440685454553866,0.5953207996916777,16.45332316288044,0.35440685454553866
1484,587198.7285865108,517561.52399386466,T,16.510805373980183,0.3154319006099333,0.5616332438610925,16.510805373980183,0.3154319006099333
1485,587199.0166432329,517561.52399386466,T,16.60393557397298,0.2660122091183988,0.5157637144258975,16.60393557397298,0.2660122091183988
1486,587199.304699955,517561.52399386466,T,16.733063872476556,0.20815770766062786,0.4562430357393172,16.733063872476556,0.20815770766062786
1487,587199.5927566772,517561.52399386466,T,16.890387071770245,0.14626208873226124,0.3824422684958623,16.890387071770245,0.14626208873226124
1488,587199.8808133993,517561.52399386466,T,17.0598460027587,0.08696223263378823,0.2948935954438282,17.0598460027587,0.08696223263378823
1489,587200.1688701215,517561.52399386466,T,17.21955951816197,0.038229568309000254,0.19552383053991207,17.21955951816197,0.038229568309000254
1490,587200.4569268436,517561.52399386466,T,17.34641012626047,0.007690787985849649,0.08769713784297438,17.34641012626047,0.007690787985849649
1491,587200.7449835659,517561.52399386466,T,17.42151459162071,5.855054582558634e-4,0.02419722005222632,17.42151459162071,5.855054582558634e-4
1492,587201.033040288,517561.52399386466,T,17.43485059905069,0.018164943866981573,0.13477738633384154,17.43485059905069,0.018164943866981573
1493,587201.3210970102,517561.52399386466,T,17.387518241448024,0.05730416057476671,0.2393828744391852,17.387518241448024,0.05730416057476671
1494,587201.6091537323,517561.52399386466,T,17.29093971218919,0.11151536060153783,0.33393915703543636,17.29093971218919,0.11151536060153783
1495,587201.8972104545,517561.52399386466,T,17.163394438609966,0.17283171591657515,0.4157303403849365,17.163394438609966,0.17283171591657515
1496,587202.1852671766,517561.52399386466,T,17.025177681922266,0.23373163239923903,0.4834579944516783,17.025177681922266,0.23373163239923903
1497,587202.4733238987,517561.52399386466,T,16.893998634243584,0.2884972164115977,0.5371193688665469,16.893998634243584,0.2884972164115977
1498,587202.7613806209,517561.52399386466,T,16.781920953604544,0.3338085206158813,0.5777616468889929,16.781920953604544,0.3338085206158813
1499,587203.049437343,517561.52399386466,T,16.69440829165347,0.3686567591499813,0.6071711119198453,16.69440829165347,0.3686567591499813
1500,587203.3374940652,517561.52399386466,T,16.631236881453972,0.39378643549949,0.6275240517298839,16.631236881453972,0.39378643549949
1501,587203.6255507873,517561.52399386466,T,16.588502159479084,0.41093283531551433,0.6410404318882814,16.588502159479084,0.41093283531551433
1502,587203.9136075096,517561.52399386466,T,16.560820444057367,0.4221168467687273,0.6497051998935574,16.560820444057367,0.4221168467687273
1503,587204.2016642317,517561.52399386466,T,16.54304866933231,0.4291685219892048,0.6551095496092274,16.54304866933231,0.4291685219892048
1504,587204.4897209539,517561.52399386466,T,16.531228500634402,0.43351368289901165,0.658417559683072,16.531228500634402,0.43351368289901165
1505,587204.777777676,517561.52399386466,T,16.522810851839697,0.43615486608848164,0.6604202193213664,16.522810851839697,0.43615486608848164
1506,587205.0658343981,517561.52399386466,T,16.516415920856854,0.4377487673735011,0.6616258515003031,16.516415920856854,0.4377487673735011
1507,587205.3538911203,517561.52399386466,T,16.511416673054566,0.4387062799907115,0.6623490620441094,16.511416673054566,0.4387062799907115
1508,587190.6629982904,517561.8120505868,T,16.45518354301148,0.4251566826902913,0.6520403995844822,16.45518354301148,0.4251566826902913
1509,587190.9510550125,517561.8120505868,T,16.415255932874167,0.41543327728646207,0.6445411370009381,16.415255932874167,0.41543327728646207
1510,587191.2391117347,517561.8120505868,T,16.357212915302473,0.40032830656389096,0.6327150279263888,16.357212915302473,0.40032830656389096
1511,587191.5271684568,517561.8120505868,T,16.280110071475747,0.37786839020933527,0.6147100049692824,16.280110071475747,0.37786839020933527
1512,587191.815225179,517561.8120505868,T,16.186307513530277,0.34619170971976093,0.5883805823782434,16.186307513530277,0.34619170971976093
1513,587192.1032819011,517561.8120505868,T,16.08212504906311,0.3041598897300364,0.5515069262756692,16.08212504906311,0.3041598897300364
1514,587192.3913386234,517561.8120505868,T,15.977559808009124,0.2521034147580288,0.5020990089195843,15.977559808009124,0.2521034147580288
1515,587192.6793953455,517561.8120505868,T,15.884887316884749,0.19250660054025417,0.43875574131885064,15.884887316884749,0.19250660054025417
1516,587192.9674520676,517561.8120505868,T,15.81633893038124,0.13035806865236707,0.3610513379733789,15.81633893038124,0.13035806865236707
1517,587193.2555087898,517561.8120505868,T,15.78142435604688,0.07284185297844624,0.2698922988498305,15.78142435604688,0.07284185297844624
1518,587193.5435655119,517561.8120505868,T,15.784680869781065,0.02813684384891393,0.16774040613076485,15.784680869781065,0.02813684384891393
1519,587193.8316222341,517561.8120505868,T,15.824564958284087,0.0034600280260704123,0.05882200290767403,15.824564958284087,0.0034600280260704123
1520,587194.1196789562,517561.8120505868,T,15.893858358139244,0.003012213184394554,0.05488363311948794,15.893858358139244,0.003012213184394554
1521,587194.4077356784,517561.8120505868,T,15.981465523902378,0.026733698306719903,0.1635044290125497,15.981465523902378,0.026733698306719903
1522,587194.6957924005,517561.8120505868,T,16.075030141335656,0.0704303176543239,0.26538710905830354,16.075030141335656,0.0704303176543239
1523,587194.9838491228,517561.8120505868,T,16.163569041068037,0.1271107387441872,0.3565259299745072,16.163569041068037,0.1271107387441872
1524,587195.2719058449,517561.8120505868,T,16.239387080115527,0.18885776590454856,0.43457768684614784,16.239387080115527,0.18885776590454856
1525,587195.5599625671,517561.8120505868,T,16.298845533573072,0.24854093897368532,0.498538803879583,16.298845533573072,0.24854093897368532
1526,587195.8480192892,517561.8120505868,T,16.341969553257826,0.30096555861740626,0.5486032798091953,16.341969553257826,0.30096555861740626
1527,587196.1360760113,517561.8120505868,T,16.371239423339645,0.34332548406917834,0.5859398297344006,16.371239423339645,0.34332548406917834
1528,587196.4241327335,517561.8120505868,T,16.390105391949575,0.37500271706395427,0.6123746541652049,16.390105391949575,0.37500271706395427
1529,587196.7121894556,517561.8120505868,T,16.401764945431044,0.39690249657194254,0.6300019814031877,16.401764945431044,0.39690249657194254
1530,587197.0002461778,517561.8120505868,T,16.408581118453448,0.4106153535127613,0.6407927539483895,16.408581118453448,0.4106153535127613
1531,587197.2883028999,517561.8120505868,T,16.412271306795606,0.4176798814322157,0.6462815806072579,16.412271306795606,0.4176798814322157
1532,587197.5763596221,517561.8120505868,T,16.414728626535673,0.4190895385439846,0.64737125248499,16.414728626535673,0.4190895385439846
1533,587197.8644163442,517561.8120505868,T,16.419107961117287,0.4150508213007377,0.6442443801079973,16.419107961117287,0.4150508213007377
1534,587198.1524730665,517561.8120505868,T,16.43066323752744,0.4049476802683156,0.6363549954768295,16.43066323752744,0.4049476802683156
1535,587198.4405297886,517561.8120505868,T,16.45680975078072,0.38749302054363394,0.6224893738399346,16.45680975078072,0.38749302054363394
1536,587198.7285865108,517561.8120505868,T,16.50605073923804,0.3610856592974721,0.6009040350151362,16.50605073923804,0.3610856592974721
1537,587199.0166432329,517561.8120505868,T,16.58576184507181,0.32438527430188424,0.5695483072592563,16.58576184507181,0.32438527430188424
1538,587199.304699955,517561.8120505868,T,16.699304764820834,0.27706253700643113,0.5263673023720519,16.699304764820834,0.27706253700643113
1539,587199.5927566772,517561.8120505868,T,16.843381216360676,0.22059514981247297,0.4696755793230823,16.843381216360676,0.22059514981247297
1540,587199.8808133993,517561.8120505868,T,17.006723847707086,0.1588688754793047,0.3985835865653586,17.006723847707086,0.1588688754793047
1541,587200.1688701215,517561.8120505868,T,17.170981126803262,0.09823324743390205,0.31342183624294917,17.170981126803262,0.09823324743390205
1542,587200.4569268436,517561.8120505868,T,17.313980666113626,0.04668044813354792,0.21605658548988485,17.313980666113626,0.04668044813354792
1543,587200.7449835659,517561.8120505868,T,17.41466221959596,0.012122962919529617,0.11010432743325585,17.41466221959596,0.012122962919529617
1544,587201.033040288,517561.8120505868,T,17.45822987298576,2.7970217050660303e-4,0.01672429880463163,17.45822987298576,2.7970217050660303e-4
1545,587201.3210970102,517561.8120505868,T,17.439844201052477,0.013048385415136192,0.1142295295233951,17.439844201052477,0.013048385415136192
1546,587201.6091537323,517561.8120505868,T,17.365614608631077,0.048065679908400195,0.21923886495874811,17.365614608631077,0.048065679908400195
1547,587201.8972104545,517561.8120505868,T,17.250604582487878,0.09953574458858287,0.315492859806023,17.250604582487878,0.09953574458858287
1548,587202.1852671766,517561.8120505868,T,17.114622920583525,0.15984814787599633,0.39981013978636953,17.114622920583525,0.15984814787599633
1549,587202.4733238987,517561.8120505868,T,16.977286842464842,0.22135542229261368,0.4704842423425185,16.977286842464842,0.22135542229261368
1550,587202.7613806209,517561.8120505868,T,16.853930422781545,0.2778330041128134,0.5270986663925582,16.853930422781545,0.2778330041128134
1551,587203.049437343,517561.8120505868,T,16.75341970129736,0.3253392095847405,0.570385141448075,16.75341970129736,0.3253392095847405
1552,587203.3374940652,517561.8120505868,T,16.67811284007112,0.362364351115398,0.6019670681319685,16.67811284007112,0.362364351115398
1553,587203.6255507873,517561.8120505868,T,16.625451661956827,0.38936450330694605,0.6239907878382068,16.625451661956827,0.38936450330694605
1554,587203.9136075096,517561.8120505868,T,16.590272238196473,0.4079699409678469,0.6387252468533297,16.590272238196473,0.4079699409678469
1555,587204.2016642317,517561.8120505868,T,16.56694971105003,0.42021046807380097,0.6482364291474222,16.56694971105003,0.42021046807380097
1556,587204.4897209539,517561.8120505868,T,16.550823294456983,0.42798076469381646,0.6542023881749565,16.550823294456983,0.42798076469381646
1557,587204.777777676,517561.8120505868,T,16.53876669948288,0.43278963965184264,0.6578674939924016,16.53876669948288,0.43278963965184264
1558,587205.0658343981,517561.8120505868,T,16.52909056106024,0.4357184312057628,0.6600897145129311,16.52909056106024,0.4357184312057628
1559,587205.3538911203,517561.8120505868,T,16.521100673718244,0.4374866530473857,0.6614277383413745,16.521100673718244,0.4374866530473857
1560,587205.6419478424,517561.8120505868,T,16.514606765396184,0.43854908756922134,0.6622303885878549,16.514606765396184,0.43854908756922134
1561,587205.9300045646,517561.8120505868,T,16.50955817631371,0.4391843829069939,0.6627098783834401,16.50955817631371,0.4391843829069939
1562,587190.9510550125,517562.100107309,T,16.44263440598774,0.42657946426838933,0.6531305108999191,16.44263440598774,0.42657946426838933
1563,587191.2391117347,517562.100107309,T,16.40032223950532,0.41772956949335716,0.6463200209597079,16.40032223950532,0.41772956949335716
1564,587191.5271684568,517562.100107309,T,16.341474441345557,0.40389060159544177,0.635523879642175,16.341474441345557,0.40389060159544177
1565,587191.815225179,517562.100107309,T,16.26627261939002,0.3831332243689069,0.6189775637039737,16.26627261939002,0.3831332243689069
1566,587192.1032819011,517562.100107309,T,16.178074239032245,0.3535248661584875,0.5945795709225868,16.178074239032245,0.3535248661584875
1567,587192.3913386234,517562.100107309,T,16.083732873260416,0.3136767480565095,0.5600685208583942,16.083732873260416,0.3136767480565095
1568,587192.6793953455,517562.100107309,T,15.993010366666104,0.2634921026162084,0.5133148182316661,15.993010366666104,0.2634921026162084
1569,587192.9674520676,517562.100107309,T,15.917018576620881,0.20495665259592588,0.4527213851762758,15.917018576620881,0.20495665259592588
1570,587193.2555087898,517562.100107309,T,15.865973699674734,0.14264796425367027,0.3776876543569703,15.865973699674734,0.14264796425367027
1571,587193.5435655119,517562.100107309,T,15.846851989802536,0.08353661162373739,0.2890270084676126,15.846851989802536,0.08353661162373739
1572,587193.8316222341,517562.100107309,T,15.861659228704035,0.03580681944401753,0.1892268993669175,15.861659228704035,0.03580681944401753
1573,587194.1196789562,517562.100107309,T,15.906888523041777,0.0069020884215590245,0.08307880849867205,15.906888523041777,0.0069020884215590245
1574,587194.4077356784,517562.100107309,T,15.974374170206584,0.0015174002271083995,0.03895382172660854,15.974374170206584,0.0015174002271083995
1575,587194.6957924005,517562.100107309,T,16.053290533770124,0.020368157986399148,0.14271705569552348,16.053290533770124,0.020368157986399148
1576,587194.9838491228,517562.100107309,T,16.132675269183817,0.0601525511636022,0.2452601703571173,16.132675269183817,0.0601525511636022
1577,587195.2719058449,517562.100107309,T,16.2037178800948,0.11455742145740669,0.3384633236517757,16.2037178800948,0.11455742145740669
1578,587195.5599625671,517562.100107309,T,16.261188539722998,0.17584941196709117,0.4193440257915822,16.261188539722998,0.17584941196709117
1579,587195.8480192892,517562.100107309,T,16.30371794726908,0.23657232294284788,0.4863870094306055,16.30371794726908,0.23657232294284788
1580,587196.1360760113,517562.100107309,T,16.333035735505046,0.29093279285005746,0.5393818618104037,16.333035735505046,0.29093279285005746
1581,587196.4241327335,517562.100107309,T,16.35258736589371,0.335540909002867,0.5792589308788143,16.35258736589371,0.335540909002867
1582,587196.7121894556,517562.100107309,T,16.366084967872087,0.3693754976698803,0.6077626984850916,16.366084967872087,0.3693754976698803
1583,587197.0002461778,517562.100107309,T,16.376489957200743,0.3931413669852653,0.6270098619521589,16.376489957200743,0.3931413669852653
1584,587197.2883028999,517562.100107309,T,16.385722036190614,0.4083847539495273,0.6390498837724073,16.385722036190614,0.4083847539495273
1585,587197.5763596221,517562.100107309,T,16.39511811810373,0.41670543251751946,0.6455272515684519,16.39511811810373,0.41670543251751946
1586,587197.8644163442,517562.100107309,T,16.40640164760001,0.41922645159946,0.6474769892432163,16.40640164760001,0.41922645159946
1587,587198.1524730665,517562.100107309,T,16.422726563753894,0.4163220574603822,0.6452302360091181,16.422726563753894,0.4163220574603822
1588,587198.4405297886,517562.100107309,T,16.449275592760824,0.4075487567445095,0.6383954548275775,16.449275592760824,0.4075487567445095
1589,587198.7285865108,517562.100107309,T,16.49295725159375,0.39175009158603186,0.6258994260949852,16.49295725159375,0.39175009158603186
1590,587199.0166432329,517562.100107309,T,16.560982805893893,0.36734909276380473,0.6060933036784062,16.560982805893893,0.36734909276380473
1591,587199.304699955,517562.100107309,T,16.658493910661512,0.33286043514430974,0.5769405819877033,16.658493910661512,0.33286043514430974
1592,587199.5927566772,517562.100107309,T,16.78586009175886,0.2876257781279571,0.5363075406219431,16.78586009175886,0.2876257781279571
1593,587199.8808133993,517562.100107309,T,16.936602495455784,0.23267744020477887,0.48236649987823454,16.936602495455784,0.23267744020477887
1594,587200.1688701215,517562.100107309,T,17.096933492325093,0.17146240958310943,0.4140801970429272,17.096933492325093,0.17146240958310943
1595,587200.4569268436,517562.100107309,T,17.247516434519717,0.11000253468022868,0.33166630018774695,17.247516434519717,0.11000253468022868
1596,587200.7449835659,517562.100107309,T,17.367308148333606,0.05612693392914096,0.23691123639274891,17.367308148333606,0.05612693392914096
1597,587201.033040288,517562.100107309,T,17.43851024342057,0.017804905576630482,0.13343502380046432,17.43851024342057,0.017804905576630482
1598,587201.3210970102,517562.100107309,T,17.451093042472603,0.001130640899796027,0.033625004086186024,17.451093042472603,0.001130640899796027
1599,587201.6091537323,517562.100107309,T,17.405365091864844,0.008748002255200414,0.09353075566464976,17.405365091864844,0.008748002255200414
1600,587201.8972104545,517562.100107309,T,17.31169619492607,0.039261335687793907,0.1981447341914337,17.31169619492607,0.039261335687793907
1601,587202.1852671766,517562.100107309,T,17.187518457401353,0.08770860366586994,0.2961563838006365,17.187518457401353,0.08770860366586994
1602,587202.4733238987,517562.100107309,T,17.05269149351733,0.14684043845907196,0.38319764933917844,17.05269149351733,0.14684043845907196
1603,587202.7613806209,517562.100107309,T,16.92481319746144,0.20881923631519084,0.45696743463313755,16.92481319746144,0.20881923631519084
1604,587203.049437343,517562.100107309,T,16.815905045679312,0.2668815592313455,0.5166058064243427,16.815905045679312,0.2668815592313455
1605,587203.3374940652,517562.100107309,T,16.73122662751482,0.3164888331859083,0.5625734024870962,16.73122662751482,0.3164888331859083
1606,587203.6255507873,517562.100107309,T,16.67012301143235,0.3556657440332263,0.5963771826899704,16.67012301143235,0.3556657440332263
1607,587203.9136075096,517562.100107309,T,16.628153846418332,0.38458150692556453,0.6201463592778438,16.628153846418332,0.38458150692556453
1608,587204.2016642317,517562.100107309,T,16.599517127734508,0.40473005430586184,0.6361839783473503,16.599517127734508,0.40473005430586184
1609,587204.4897209539,517562.100107309,T,16.57896054051479,0.4181137375418123,0.6466171491244354,16.57896054051479,0.4181137375418123
1610,587204.777777676,517562.100107309,T,16.562791485766986,0.42667103546987367,0.6532006089019465,16.562791485766986,0.42667103546987367
1611,587205.0658343981,517562.100107309,T,16.549023347099723,0.43198994226212323,0.6572594177812313,16.549023347099723,0.43198994226212323
1612,587205.3538911203,517562.100107309,T,16.53696428573297,0.4352353900203345,0.6597237224932377,16.53696428573297,0.4352353900203345
1613,587205.6419478424,517562.100107309,T,16.526617323979007,0.4371957439379854,0.6612077918007209,16.526617323979007,0.4371957439379854
1614,587205.9300045646,517562.100107309,T,16.518168446164434,0.43837407729227645,0.6620982383999193,16.518168446164434,0.43837407729227645
1615,587206.2180612867,517562.100107309,T,16.51168770405801,0.4390795438630243,0.6626307749139216,16.51168770405801,0.4390795438630243
1616,587191.2391117347,517562.38816403114,T,16.43340593097674,0.4278521788606925,0.6541041039931583,16.43340593097674,0.4278521788606925
1617,587191.5271684568,517562.38816403114,T,16.390678064993516,0.41980742135279125,0.6479254751534248,16.390678064993516,0.41980742135279125
1618,587191.815225179,517562.38816403114,T,16.333460787330367,0.40715422901320186,0.6380863805263374,16.333460787330367,0.40715422901320186
1619,587192.1032819011,517562.38816403114,T,16.262860867704678,0.3880088156390023,0.6229035363834454,16.262860867704678,0.3880088156390023
1620,587192.3913386234,517562.38816403114,T,16.182891282374992,0.3603779415671288,0.6003148686873655,16.182891282374992,0.3603779415671288
1621,587192.6793953455,517562.38816403114,T,16.100496243786598,0.32266254950168394,0.5680339334068731,16.100496243786598,0.32266254950168394
1622,587192.9674520676,517562.38816403114,T,16.024739564997873,0.2744180777067895,0.5238492891154759,16.024739564997873,0.2744180777067895
1623,587193.2555087898,517562.38816403114,T,15.965193048175923,0.21721057596671908,0.46605855422545256,15.965193048175923,0.21721057596671908
1624,587193.5435655119,517562.38816403114,T,15.929867653166765,0.15519984923997177,0.3939541207297771,15.929867653166765,0.15519984923997177
1625,587193.8316222341,517562.38816403114,T,15.923264146378331,0.09499768097796263,0.3082169381749852,15.923264146378331,0.09499768097796263
1626,587194.1196789562,517562.38816403114,T,15.945165355756437,0.04457456271863237,0.2111268877207078,15.945165355756437,0.04457456271863237
1627,587194.4077356784,517562.38816403114,T,15.990602362800615,0.01146594959559135,0.10707917442524177,15.990602362800615,0.01146594959559135
1628,587194.6957924005,517562.38816403114,T,16.051056914080554,9.1559914245947e-4,0.03025886882319744,16.051056914080554,9.1559914245947e-4
1629,587194.9838491228,517562.38816403114,T,16.11655091270949,0.014594835129757957,0.12080908546031609,16.11655091270949,0.014594835129757957
1630,587195.2719058449,517562.38816403114,T,16.1779829884006,0.0502348392507468,0.22413129913233182,16.1779829884006,0.0502348392507468
1631,587195.5599625671,517562.38816403114,T,16.229013942160794,0.10220633282654504,0.3196972518282649,16.229013942160794,0.10220633282654504
1632,587195.8480192892,517562.38816403114,T,16.266991770686953,0.1628875599993171,0.40359331015183725,16.266991770686953,0.1628875599993171
1633,587196.1360760113,517562.38816403114,T,16.292759059927796,0.22446141249937604,0.4737735878026297,16.292759059927796,0.22446141249937604
1634,587196.4241327335,517562.38816403114,T,16.309561054221753,0.2805780129492884,0.5296961515333941,16.309561054221753,0.2805780129492884
1635,587196.7121894556,517562.38816403114,T,16.321537650859888,0.32732923968171845,0.5721269436774661,16.321537650859888,0.32732923968171845
1636,587197.0002461778,517562.38816403114,T,16.332359190563185,0.36331392723909656,0.6027552797272675,16.332359190563185,0.36331392723909656
1637,587197.2883028999,517562.38816403114,T,16.344452142655456,0.38900587685440585,0.6237033564559404,16.344452142655456,0.38900587685440585
1638,587197.5763596221,517562.38816403114,T,16.359016184903005,0.4058563791216674,0.6370685827457413,16.359016184903005,0.4058563791216674
1639,587197.8644163442,517562.38816403114,T,16.37674612438312,0.41548930315218235,0.6445845973587814,16.37674612438312,0.41548930315218235
1640,587198.1524730665,517562.38816403114,T,16.398922666546735,0.41914314107453854,0.6474126513086831,16.398922666546735,0.41914314107453854
1641,587198.4405297886,517562.38816403114,T,16.4283849064864,0.4173600536572193,0.6460340963580942,16.4283849064864,0.4173600536572193
1642,587198.7285865108,517562.38816403114,T,16.469882187294623,0.40987220899325666,0.6402126279551635,16.469882187294623,0.40987220899325666
1643,587199.0166432329,517562.38816403114,T,16.52944413334465,0.3956560386785654,0.6290119543208741,16.52944413334465,0.3956560386785654
1644,587199.304699955,517562.38816403114,T,16.612702224980094,0.37316951643935226,0.6108760237882579,16.612702224980094,0.37316951643935226
1645,587199.5927566772,517562.38816403114,T,16.722496097533615,0.3408212028194768,0.5837989404062642,16.722496097533615,0.3408212028194768
1646,587199.8808133993,517562.38816403114,T,16.856489684344854,0.29769960008046753,0.5456185481455589,16.856489684344854,0.29769960008046753
1647,587200.1688701215,517562.38816403114,T,17.00574002708544,0.24447120626672347,0.49444029595768535,17.00574002708544,0.24447120626672347
1648,587200.4569268436,517562.38816403114,T,17.15504742457935,0.18415291700040157,0.42913041957009007,17.15504742457935,0.18415291700040157
1649,587200.7449835659,517562.38816403114,T,17.285415849335696,0.12232451600622854,0.3497492187356943,17.285415849335696,0.12232451600622854
1650,587201.033040288,517562.38816403114,T,17.378191200486683,0.0664630993835725,0.2578043820100281,17.378191200486683,0.0664630993835725
1651,587201.3210970102,517562.38816403114,T,17.41971385754501,0.024468028194571195,0.1564225948978318,17.41971385754501,0.024468028194571195
1652,587201.6091537323,517562.38816403114,T,17.404964530920306,0.0028425559394887013,0.05331562565973226,17.404964530920306,0.0028425559394887013
1653,587201.8972104545,517562.38816403114,T,17.33891676657621,0.005121104576225665,0.07156189332476932,17.33891676657621,0.005121104576225665
1654,587202.1852671766,517562.38816403114,T,17.23509083015685,0.0309824984963481,0.17601846066918123,17.23509083015685,0.0309824984963481
1655,587202.4733238987,517562.38816403114,T,17.11181751476826,0.07628367524835318,0.27619499497339406,17.11181751476826,0.07628367524835318
1656,587202.7613806209,517562.38816403114,T,16.98752660273127,0.13406080934936693,0.3661431541752036,16.98752660273127,0.13406080934936693
1657,587203.049437343,517562.38816403114,T,16.876628711051602,0.19626547568031635,0.4430185951857059,16.876628711051602,0.19626547568031635
1658,587203.3374940652,517562.38816403114,T,16.78718405368024,0.2556642322157873,0.5056325070797835,16.78718405368024,0.2556642322157873
1659,587203.6255507873,517562.38816403114,T,16.72076305997743,0.3072135228655799,0.5542684573972976,16.72076305997743,0.3072135228655799
1660,587203.9136075096,517562.38816403114,T,16.674081105815272,0.34850965424498337,0.5903470625360843,16.674081105815272,0.34850965424498337
1661,587204.2016642317,517562.38816403114,T,16.641474926518395,0.37940404647250164,0.6159578284854423,16.641474926518395,0.37940404647250164
1662,587204.4897209539,517562.38816403114,T,16.61723067203636,0.4011959853193708,0.6334003357430202,16.61723067203636,0.4011959853193708
1663,587204.777777676,517562.38816403114,T,16.59709460484634,0.4158164706677695,0.644838329093246,16.59709460484634,0.4158164706677695
1664,587205.0658343981,517562.38816403114,T,16.578774923565568,0.42523084543042944,0.6520972668478449,16.578774923565568,0.42523084543042944
1665,587205.3538911203,517562.38816403114,T,16.561646045126054,0.431107065646263,0.6565874394520984,16.561646045126054,0.431107065646263
1666,587205.6419478424,517562.38816403114,T,16.54606072614612,0.43469989822118293,0.6593177520901307,16.54606072614612,0.43469989822118293
1667,587205.9300045646,517562.38816403114,T,16.532654552000512,0.4368721203602885,0.6609630249569854,16.532654552000512,0.4368721203602885
1668,587206.2180612867,517562.38816403114,T,16.521875731247018,0.43817887908053044,0.6619508131882085,16.521875731247018,0.43817887908053044
1669,587206.506118009,517562.38816403114,T,16.513798056640734,0.4389623536705628,0.6625423410398484,16.513798056640734,0.4389623536705628
1670,587191.5271684568,517562.6762207533,T,16.427860179571955,0.42900113059086564,0.6549817788235529,16.427860179571955,0.42900113059086564
1671,587191.815225179,517562.6762207533,T,16.386497858860814,0.4216991203503009,0.6493836465066709,16.386497858860814,0.4216991203503009
1672,587192.1032819011,517562.6762207533,T,16.332954706780185,0.41014791770676373,0.6404279176509747,16.332954706780185,0.41014791770676373
1673,587192.3913386234,517562.6762207533,T,16.26902117541414,0.39251228831343954,0.6265080113721129,16.26902117541414,0.39251228831343954
1674,587192.6793953455,517562.6762207533,T,16.19902015482328,0.3667641466096901,0.6056105568842819,16.19902015482328,0.3667641466096901
1675,587192.9674520676,517562.6762207533,T,16.129589419122038,0.3311548001492974,0.5754605113726722,16.129589419122038,0.3311548001492974
1676,587193.2555087898,517562.6762207533,T,16.068728765052906,0.2849677636142938,0.5338237196062889,16.068728765052906,0.2849677636142938
1677,587193.5435655119,517562.6762207533,T,16.024226915373088,0.2293796012346552,0.47893590514248896,16.024226915373088,0.2293796012346552
1678,587193.8316222341,517562.6762207533,T,16.001842963972056,0.16805923402370615,0.4099502823803225,16.001842963972056,0.16805923402370615
1679,587194.1196789562,517562.6762207533,T,16.003782712383437,0.10710383858189908,0.3272672280902857,16.003782712383437,0.10710383858189908
1680,587194.4077356784,517562.6762207533,T,16.027991006968605,0.05414374624205238,0.23268808788172285,16.027991006968605,0.05414374624205238
1681,587194.6957924005,517562.6762207533,T,16.068557095015986,0.016813346035197244,0.1296662871960065,16.068557095015986,0.016813346035197244
1682,587194.9838491228,517562.6762207533,T,16.11717083477578,0.0010226089657393014,0.03197825770330994,16.11717083477578,0.0010226089657393014
1683,587195.2719058449,517562.6762207533,T,16.165208340559172,0.009490935126696898,0.09742143053095093,16.165208340559172,0.009490935126696898
1684,587195.5599625671,517562.6762207533,T,16.205808565705446,0.04095199538088334,0.2023659936374769,16.205808565705446,0.04095199538088334
1685,587195.8480192892,517562.6762207533,T,16.235313930712724,0.09035789967974388,0.300595907623081,16.235313930712724,0.09035789967974388
1686,587196.1360760113,517562.6762207533,T,16.253682072835424,0.15015628488874844,0.3875000450177373,16.253682072835424,0.15015628488874844
1687,587196.4241327335,517562.6762207533,T,16.263838256131045,0.2122470231777867,0.46070274926224036,16.263838256131045,0.2122470231777867
1688,587196.7121894556,517562.6762207533,T,16.270290207512573,0.2698545898927146,0.5194753024858012,16.270290207512573,0.2698545898927146
1689,587197.0002461778,517562.6762207533,T,16.277543770257513,0.3186307961661937,0.5644739109703776,16.277543770257513,0.3186307961661937
1690,587197.2883028999,517562.6762207533,T,16.288873901111035,0.35678081181569754,0.5973113190085196,16.288873901111035,0.35678081181569754
1691,587197.5763596221,517562.6762207533,T,16.305833920300852,0.38448111585709993,0.6200654125631424,16.305833920300852,0.38448111585709993
1692,587197.8644163442,517562.6762207533,T,16.328600946516126,0.40302601275550054,0.6348432977952122,16.328600946516126,0.40302601275550054
1693,587198.1524730665,517562.6762207533,T,16.356956577468992,0.4140314726357776,0.6434527742078494,16.356956577468992,0.4140314726357776
1694,587198.4405297886,517562.6762207533,T,16.39147708310954,0.41884305150655077,0.6471808491500276,16.39147708310954,0.41884305150655077
1695,587198.7285865108,517562.6762207533,T,16.43441311796441,0.41817032904251916,0.6466609073096341,16.43441311796441,0.41817032904251916
1696,587199.0166432329,517562.6762207533,T,16.4897992492441,0.4119204087409512,0.6418102591428024,16.4897992492441,0.4119204087409512
1697,587199.304699955,517562.6762207533,T,16.562546271616434,0.3992062175998504,0.6318276803052003,16.562546271616434,0.3992062175998504
1698,587199.5927566772,517562.6762207533,T,16.656603961991678,0.37854328318888175,0.6152587124038812,16.656603961991678,0.37854328318888175
1699,587199.8808133993,517562.6762207533,T,16.772666529610063,0.3482875236344648,0.5901588969374814,16.772666529610063,0.3482875236344648
1700,587200.1688701215,517562.6762207533,T,16.906205207358216,0.30734465338903894,0.5543867363033128,16.906205207358216,0.30734465338903894
1701,587200.4569268436,517562.6762207533,T,17.046702031178153,0.2560528385402947,0.5060166386002487,17.046702031178153,0.2560528385402947
1702,587200.7449835659,517562.6762207533,T,17.178712390424753,0.19695205835136606,0.443792810161866,17.178712390424753,0.19695205835136606
1703,587201.033040288,517562.6762207533,T,17.284807758687464,0.13505973137042024,0.36750473652787147,17.284807758687464,0.13505973137042024
1704,587201.3210970102,517562.6762207533,T,17.349717838069257,0.07739760489894879,0.2782042503250962,17.349717838069257,0.07739760489894879
1705,587201.6091537323,517562.6762207533,T,17.36440482399266,0.0317977341275898,0.1783191916973319,17.36440482399266,0.0317977341275898
1706,587201.8972104545,517562.6762207533,T,17.328659684778284,0.005261895578648858,0.07253892457604302,17.328659684778284,0.005261895578648858
1707,587202.1852671766,517562.6762207533,T,17.251241788062057,0.002271352641433248,0.047658710026953606,17.251241788062057,0.002271352641433248
1708,587202.4733238987,517562.6762207533,T,17.147453267900776,0.023518865725568952,0.15335861803488238,17.147453267900776,0.023518865725568952
1709,587202.7613806209,517562.6762207533,T,17.034986124496093,0.06556144840848661,0.25604969909860587,17.034986124496093,0.06556144840848661
1710,587203.049437343,517562.6762207533,T,16.929486238896988,0.12168065369499813,0.3488275414800244,16.929486238896988,0.12168065369499813
1711,587203.3374940652,517562.6762207533,T,16.841284592215274,0.18371532543885685,0.42862025784936586,16.841284592215274,0.18371532543885685
1712,587203.6255507873,517562.6762207533,T,16.77418012950581,0.24412132716298773,0.4940863559773612,16.77418012950581,0.24412132716298773
1713,587203.9136075096,517562.6762207533,T,16.72631099186963,0.29744999864582145,0.5453897676394575,16.72631099186963,0.29744999864582145
1714,587204.2016642317,517562.6762207533,T,16.692411223960722,0.34086239603201124,0.583834219648019,16.692411223960722,0.34086239603201124
1715,587204.4897209539,517562.6762207533,T,16.666409187968874,0.3738212965660619,0.6114092709192934,16.666409187968874,0.3738212965660619
1716,587204.777777676,517562.6762207533,T,16.64344879351721,0.39736244404316146,0.6303669122369617,16.64344879351721,0.39736244404316146
1717,587205.0658343981,517562.6762207533,T,16.620855591473667,0.4133101319604451,0.6428920064524407,16.620855591473667,0.4133101319604451
1718,587205.3538911203,517562.6762207533,T,16.598073253123914,0.4236490955983203,0.6508833194961446,16.598073253123914,0.4236490955983203
1719,587205.6419478424,517562.6762207533,T,16.575944374224715,0.43013086032308523,0.6558436249008488,16.575944374224715,0.43013086032308523
1720,587205.9300045646,517562.6762207533,T,16.555810502856172,0.43410469289708,0.6588662177537106,16.555810502856172,0.43410469289708
1721,587206.2180612867,517562.6762207533,T,16.538798733086743,0.43651134221292376,0.6606900500332389,16.538798733086743,0.43651134221292376
1722,587206.506118009,517562.6762207533,T,16.525459069261064,0.43796099061967775,0.6617862121710286,16.525459069261064,0.43796099061967775
1723,587206.7941747311,517562.6762207533,T,16.515731195740344,0.43883142732045805,0.6624435276462878,16.515731195740344,0.43883142732045805
1724,587191.815225179,517562.96427747543,T,16.42598388804318,0.4300462687221944,0.6557791310511447,16.42598388804318,0.4300462687221944
1725,587192.1032819011,517562.96427747543,T,16.38745238311543,0.42342625087383035,0.6507121105941016,16.38745238311543,0.42342625087383035
1726,587192.3913386234,517562.96427747543,T,16.339114685641974,0.41289198550423434,0.6425667167728456,16.339114685641974,0.41289198550423434
1727,587192.6793953455,517562.96427747543,T,16.28318885024935,0.39666713805491577,0.6298151618172714,16.28318885024935,0.39666713805491577
1728,587192.9674520676,517562.96427747543,T,16.22398563581791,0.3727247137200677,0.6105118456836589,16.22398563581791,0.3727247137200677
1729,587193.2555087898,517562.96427747543,T,16.167506568201002,0.33922312701480134,0.582428645427748,16.167506568201002,0.33922312701480134
1730,587193.5435655119,517562.96427747543,T,16.120426098678728,0.29521633525150665,0.5433381408032264,16.120426098678728,0.29521633525150665
1731,587193.8316222341,517562.96427747543,T,16.088630574902524,0.24147308832495346,0.4913991130689528,16.088630574902524,0.24147308832495346
1732,587194.1196789562,517562.96427747543,T,16.075697886227804,0.1810878199165995,0.4255441456730424,16.075697886227804,0.1810878199165995
1733,587194.4077356784,517562.96427747543,T,16.08180571624261,0.11956033718966831,0.3457749805721465,16.08180571624261,0.11956033718966831
1734,587194.6957924005,517562.96427747543,T,16.103485802088862,0.06418034916662263,0.2533384083920609,16.103485802088862,0.06418034916662263
1735,587194.9838491228,517562.96427747543,T,16.134397120076855,0.022758741564471687,0.1508600065109096,16.134397120076855,0.022758741564471687
1736,587195.2719058449,517562.96427747543,T,16.166950985369578,0.0019188904618983624,0.043805141957290385,16.166950985369578,0.0019188904618983624
1737,587195.5599625671,517562.96427747543,T,16.19431415009383,0.005350428296554523,0.07314662190801789,16.19431415009383,0.005350428296554523
1738,587195.8480192892,517562.96427747543,T,16.21216657022891,0.032631403210503375,0.18064164306854436,16.21216657022891,0.032631403210503375
1739,587196.1360760113,517562.96427747543,T,16.219664166603213,0.07920928395915332,0.2814414396622383,16.219664166603213,0.07920928395915332
1740,587196.4241327335,517562.96427747543,T,16.21933047933107,0.13768319010329635,0.37105685562093627,16.21933047933107,0.13768319010329635
1741,587196.7121894556,517562.96427747543,T,16.21597157547318,0.19985924009406683,0.4470561934411231,16.21597157547318,0.19985924009406683
1742,587197.0002461778,517562.96427747543,T,16.215036051740224,0.25868799814292803,0.5086138005824538,16.215036051740224,0.25868799814292803
1743,587197.2883028999,517562.96427747543,T,16.22100730788105,0.3094105480300543,0.5562468409169209,16.22100730788105,0.3094105480300543
1744,587197.5763596221,517562.96427747543,T,16.236366342672333,0.3497729004814001,0.5914160130410743,16.236366342672333,0.3497729004814001
1745,587197.8644163442,517562.96427747543,T,16.261430571217716,0.3795714808700639,0.6160937273419231,16.261430571217716,0.3795714808700639
1746,587198.1524730665,517562.96427747543,T,16.295050635233643,0.39989268233020797,0.6323706842748231,16.295050635233643,0.39989268233020797
1747,587198.4405297886,517562.96427747543,T,16.335846151946697,0.4123266955277881,0.6421266974108677,16.335846151946697,0.4123266955277881
1748,587198.7285865108,517562.96427747543,T,16.383474323097882,0.4183219092427514,0.6467780989201408,16.383474323097882,0.4183219092427514
1749,587199.0166432329,517562.96427747543,T,16.439399552425865,0.4187515655779089,0.6471101649471355,16.439399552425865,0.4187515655779089
1750,587199.304699955,517562.96427747543,T,16.506771295066105,0.41369482402893176,0.6431911255831596,16.506771295066105,0.41369482402893176
1751,587199.5927566772,517562.96427747543,T,16.589292267130944,0.40240904244123205,0.6343571883735787,16.589292267130944,0.40240904244123205
1752,587199.8808133993,517562.96427747543,T,16.689313299281388,0.3834969456366912,0.6192713021258867,16.689313299281388,0.3834969456366912
1753,587200.1688701215,517562.96427747543,T,16.80573568810799,0.35531092122501007,0.5960796265810551,16.80573568810799,0.35531092122501007
1754,587200.4569268436,517562.96427747543,T,16.932516646723823,0.31661581894127,0.5626862526677455,16.932516646723823,0.31661581894127
1755,587200.7449835659,517562.96427747543,T,17.058535340994595,0.26741854129757475,0.5171252665433925,17.058535340994595,0.26741854129757475
1756,587201.033040288,517562.96427747543,T,17.169221770769518,0.20972772047590982,0.4579603918199802,17.169221770769518,0.20972772047590982
1757,587201.3210970102,517562.96427747543,T,17.249739805726502,0.14794318802445097,0.38463383629687464,17.249739805726502,0.14794318802445097
1758,587201.6091537323,517562.96427747543,T,17.288857141296457,0.08864011669374602,0.2977249010307099,17.288857141296457,0.08864011669374602
1759,587201.8972104545,517562.96427747543,T,17.282220157465456,0.039648187634847065,0.19911852659872478,17.282220157465456,0.039648187634847065
1760,587202.1852671766,517562.96427747543,T,17.233817871342662,0.008489949083614475,0.09214091970245616,17.233817871342662,0.008489949083614475
1761,587202.4733238987,517562.96427747543,T,17.155007123147332,4.894702041405727e-4,0.022123973516088215,17.155007123147332,4.894702041405727e-4
1762,587202.7613806209,517562.96427747543,T,17.061368416215988,0.0171743230875651,0.1310508416133414,17.061368416215988,0.0171743230875651
1763,587203.049437343,517562.96427747543,T,16.968483608515818,0.055705108917121965,0.2360192977642336,16.968483608515818,0.055705108917121965
1764,587203.3374940652,517562.96427747543,T,16.888103157150958,0.10969600793474017,0.33120387669038565,16.888103157150958,0.10969600793474017
1765,587203.6255507873,517562.96427747543,T,16.825938898292083,0.17108117648861493,0.4136196036077291,16.825938898292083,0.17108117648861493
1766,587203.9136075096,517562.96427747543,T,16.781606030849478,0.2321786493243489,0.48184919770022333,16.781606030849478,0.2321786493243489
1767,587204.2016642317,517562.96427747543,T,16.750389790038515,0.2871761954386051,0.5358882303602172,16.750389790038515,0.2871761954386051
1768,587204.4897209539,517562.96427747543,T,16.72590508884277,0.33273573235517845,0.5768324993923093,16.72590508884277,0.33273573235517845
1769,587204.777777676,517562.96427747543,T,16.702573239466066,0.36784603682803785,0.606503121861741,16.702573239466066,0.36784603682803785
1770,587205.0658343981,517562.96427747543,T,16.67713956364765,0.3932272968077355,0.6270783817097633,16.67713956364765,0.3932272968077355
1771,587205.3538911203,517562.96427747543,T,16.64898678655122,0.4105807246403436,0.6407657330416036,16.64898678655122,0.4105807246403436
1772,587205.6419478424,517562.96427747543,T,16.619491975906485,0.4219092888997171,0.6495454479093185,16.619491975906485,0.4219092888997171
1773,587205.9300045646,517562.96427747543,T,16.59093978212619,0.42904841097420926,0.6550178707288903,16.59093978212619,0.42904841097420926
1774,587206.2180612867,517562.96427747543,T,16.565499288520485,0.4334416618115347,0.6583628648485079,16.565499288520485,0.4334416618115347
1775,587206.506118009,517562.96427747543,T,16.544579996135163,0.4361088721761052,0.6603853967011273,16.544579996135163,0.4361088721761052
1776,587206.7941747311,517562.96427747543,T,16.528640344188382,0.4377179549230455,0.661602565686565,16.528640344188382,0.4377179549230455
1777,587207.0822314533,517562.96427747543,T,16.517341142036454,0.4386854055682159,0.6623333039853997,16.517341142036454,0.4386854055682159
1778,587192.3913386234,517563.2523341976,T,16.392813589018022,0.4250041775783986,0.6519234445687612,16.392813589018022,0.4250041775783986
1779,587192.6793953455,517563.2523341976,T,16.35064676469099,0.4154070494602613,0.6445207905570318,16.35064676469099,0.4154070494602613
1780,587192.9674520676,517563.2523341976,T,16.303339841603812,0.4005070303090243,0.6328562477443233,16.303339841603812,0.4005070303090243
1781,587193.2555087898,517563.2523341976,T,16.25491190344373,0.3783106667376246,0.6150696438108652,16.25491190344373,0.3783106667376246
1782,587193.5435655119,517563.2523341976,T,16.21047538924471,0.34691797670050817,0.588997433526249,16.21047538924471,0.34691797670050817
1783,587193.8316222341,517563.2523341976,T,16.17521860861218,0.3051613845976332,0.5524141422860508,16.17521860861218,0.3051613845976332
1784,587194.1196789562,517563.2523341976,T,16.153111260472368,0.2533724640699383,0.5033611666288316,16.153111260472368,0.2533724640699383
1785,587194.4077356784,517563.2523341976,T,16.145708703272515,0.19403895601238516,0.4404985312261383,16.145708703272515,0.19403895601238516
1786,587194.6957924005,517563.2523341976,T,16.151481540209303,0.13208275627291655,0.36343191421904125,16.151481540209303,0.13208275627291655
1787,587194.9838491228,517563.2523341976,T,16.16598673561863,0.07452316262388856,0.27298930862561,16.16598673561863,0.07452316262388856
1788,587195.2719058449,517563.2523341976,T,16.18294111332881,0.029378239546515653,0.1714008154779774,16.18294111332881,0.029378239546515653
1789,587195.5599625671,517563.2523341976,T,16.19594118787278,0.0038802554453916355,0.06229169644014871,16.19594118787278,0.0038802554453916355
1790,587195.8480192892,517563.2523341976,T,16.200316638250634,0.0024781387498024883,0.04978090748271358,16.200316638250634,0.0024781387498024883
1791,587196.1360760113,517563.2523341976,T,16.194518118037745,0.02543859040420768,0.15949479742050424,16.194518118037745,0.02543859040420768
1792,587196.4241327335,517563.2523341976,T,16.180571831897304,0.06874491496567578,0.26219251508324143,16.180571831897304,0.06874491496567578
1793,587196.7121894556,517563.2523341976,T,16.163444839906525,0.12535794350392637,0.3540592372808911,16.163444839906525,0.12535794350392637
1794,587197.0002461778,517563.2523341976,T,16.149542515953705,0.1872072858778313,0.4326745727193029,16.149542515953705,0.1872072858778313
1795,587197.2883028999,517563.2523341976,T,16.144859113564443,0.24705813200255836,0.49704942611631525,16.144859113564443,0.24705813200255836
1796,587197.5763596221,517563.2523341976,T,16.15340994568168,0.29969729719839183,0.5474461591776782,16.15340994568168,0.29969729719839183
1797,587197.8644163442,517563.2523341976,T,16.176452368822194,0.342322346396848,0.5850831961326936,16.176452368822194,0.342322346396848
1798,587198.1524730665,517563.2523341976,T,16.21270547952451,0.3742872312249966,0.6117901856233039,16.21270547952451,0.3742872312249966
1799,587198.4405297886,517563.2523341976,T,16.259420789226095,0.3964471639307074,0.6296405037247107,16.259420789226095,0.3964471639307074
1800,587198.7285865108,517563.2523341976,T,16.31386513635184,0.4103599999800144,0.6405934748184798,16.31386513635184,0.4103599999800144
1801,587199.0166432329,517563.2523341976,T,16.37464291063855,0.4175690759004044,0.6461958494917809,16.37464291063855,0.4175690759004044
1802,587199.304699955,517563.2523341976,T,16.44233783758846,0.41910102267886384,0.647380122245705,16.44233783758846,0.41910102267886384
1803,587199.5927566772,517563.2523341976,T,16.519171794567967,0.4152028489553995,0.6443623584252881,16.519171794567967,0.4152028489553995
1804,587199.8808133993,517563.2523341976,T,16.607701533365972,0.40528687104560845,0.6366214503498986,16.607701533365972,0.40528687104560845
1805,587200.1688701215,517563.2523341976,T,16.708925053983027,0.3880698469047938,0.6229525237967929,16.708925053983027,0.3880698469047938
1806,587200.4569268436,517563.2523341976,T,16.82045141691021,0.3619318127161323,0.601607690040721,16.82045141691021,0.3619318127161323
1807,587200.7449835659,517563.2523341976,T,16.935494132388474,0.3255106276326914,0.5705353868365146,16.935494132388474,0.3255106276326914
1808,587201.033040288,517563.2523341976,T,17.043291509505664,0.27847007157818215,0.5277026355611484,17.043291509505664,0.27847007157818215
1809,587201.3210970102,517563.2523341976,T,17.13112340556172,0.22227672893830924,0.4714623303492117,17.13112340556172,0.22227672893830924
1810,587201.6091537323,517563.2523341976,T,17.187490081766207,0.16074533697423418,0.4009305887235772,17.187490081766207,0.16074533697423418
1811,587201.8972104545,517563.2523341976,T,17.205470946204485,0.1000738196780355,0.31634446364372415,17.205470946204485,0.1000738196780355
1812,587202.1852671766,517563.2523341976,T,17.185051734420604,0.04811052709016062,0.21934112038138362,17.185051734420604,0.04811052709016062
1813,587202.4733238987,517563.2523341976,T,17.1334642065448,0.01278281427654999,0.11306110859420224,17.1334642065448,0.01278281427654999
1814,587202.7613806209,517563.2523341976,T,17.063277647645133,3.45722159667982e-5,0.005879814279958016,17.063277647645133,3.45722159667982e-5
1815,587203.049437343,517563.2523341976,T,16.9888453695313,0.012059584316528493,0.10981613868884889,16.9888453695313,0.012059584316528493
1816,587203.3374940652,517563.2523341976,T,16.922359285124376,0.04665357245429466,0.21599438060814144,16.922359285124376,0.04665357245429466
1817,587203.6255507873,517563.2523341976,T,16.870898783417513,0.0979742721912503,0.31300842191744666,16.870898783417513,0.0979742721912503
1818,587203.9136075096,517563.2523341976,T,16.835415854197777,0.158277085235068,0.3978405273914009,16.835415854197777,0.158277085235068
1819,587204.2016642317,517563.2523341976,T,16.811792558053668,0.21983987260054444,0.4688708485292559,16.811792558053668,0.21983987260054444
1820,587204.4897209539,517563.2523341976,T,16.79331662828344,0.27644863254621743,0.5257838268206977,16.79331662828344,0.27644863254621743
1821,587204.777777676,517563.2523341976,T,16.773487315896574,0.32418079475914613,0.5693687686896306,16.773487315896574,0.32418079475914613
1822,587205.0658343981,517563.2523341976,T,16.748126819974416,0.36149430000041427,0.60124396046897155,16.748126819974416,0.36149430000041427
1823,587205.3538911203,517563.2523341976,T,16.716228029229843,0.38877667839338237,0.6235195894223231,16.716228029229843,0.38877667839338237
1824,587205.6419478424,517563.2523341976,T,16.679553705381405,0.40760353626633544,0.6384383574522566,16.679553705381405,0.40760353626633544
1825,587205.9300045646,517563.2523341976,T,16.64144667460447,0.419989913731911,0.6480662880692923,16.64144667460447,0.419989913731911
1826,587206.2180612867,517563.2523341976,T,16.60546693778614,0.42784572825809797,0.6540991731061109,16.60546693778614,0.42784572825809797
1827,587206.506118009,517563.2523341976,T,16.574352831081345,0.43270296045497464,0.6578016117759021,16.574352831081345,0.43270296045497464
1828,587206.7941747311,517563.2523341976,T,16.549536122325613,0.43566048903960447,0.6600458234392552,16.549536122325613,0.43566048903960447
1829,587207.0822314533,517563.2523341976,T,16.531176557835057,0.4374474317986291,0.6613980887473361,16.531176557835057,0.4374474317986291
1830,587207.3702881754,517563.2523341976,T,16.51852127168729,0.43852293766597866,0.6622106444825383,16.51852127168729,0.43852293766597866
1831,587207.6583448976,517563.2523341976,T,16.510362300163568,0.43916755157679394,0.6626971793940231,16.510362300163568,0.43916755157679394
1832,587192.6793953455,517563.5403909198,T,16.401587345940737,0.42644635027713407,0.6530285983608483,16.401587345940737,0.42644635027713407
1833,587192.9674520676,517563.5403909198,T,16.365998233514663,0.4177155061946256,0.6463091413515869,16.365998233514663,0.4177155061946256
1834,587193.2555087898,517563.5403909198,T,16.32725040461658,0.40406553799838674,0.6356614963944149,16.32725040461658,0.40406553799838674
1835,587193.5435655119,517563.5403909198,T,16.288844492205225,0.38355532695368866,0.6193184374404566,16.288844492205225,0.38355532695368866
1836,587193.8316222341,517563.5403909198,T,16.254827949168913,0.3542380976972243,0.5951790467558685,16.254827949168913,0.3542380976972243
1837,587194.1196789562,517563.5403909198,T,16.22883050388958,0.31472211948535395,0.5610009977578952,16.22883050388958,0.31472211948535395
1838,587194.4077356784,517563.5403909198,T,16.212973622388315,0.26490397139334015,0.5146882273700654,16.212973622388315,0.26490397139334015
1839,587194.6957924005,517563.5403909198,T,16.207009930020227,0.20670683294421538,0.4546502314353479,16.207009930020227,0.20670683294421538
1840,587194.9838491228,517563.5403909198,T,16.2080539955887,0.1445557333664532,0.38020485710528895,16.2080539955887,0.1445557333664532
1841,587195.2719058449,517563.5403909198,T,16.211124271719154,0.0852434203737311,0.29196475878730827,16.211124271719154,0.0852434203737311
1842,587195.5599625671,517563.5403909198,T,16.210455213494576,0.03690299626737051,0.19210152593712135,16.210455213494576,0.03690299626737051
1843,587195.8480192892,517563.5403909198,T,16.2012456851649,0.007147380987896066,0.08454218466479363,16.2012456851649,0.007147380987896066
1844,587196.1360760113,517563.5403909198,T,16.18130138905838,9.668881109620634e-4,0.03109482450444227,16.18130138905838,9.668881109620634e-4
1845,587196.4241327335,517563.5403909198,T,16.15200329394923,0.019283554544143572,0.13886523878978344,16.15200329394923,0.019283554544143572
1846,587196.7121894556,517563.5403909198,T,16.118223718508027,0.058795572857222894,0.24247798427325912,16.118223718508027,0.058795572857222894
1847,587197.0002461778,517563.5403909198,T,16.087161686397362,0.11306983244464124,0.33625857973387274,16.087161686397362,0.11306983244464124
1848,587197.2883028999,517563.5403909198,T,16.066451534786324,0.17429792841224212,0.4174900339076876,16.066451534786324,0.17429792841224212
1849,587197.5763596221,517563.5403909198,T,16.06216340245852,0.23504873119390204,0.4848182455249617,16.06216340245852,0.23504873119390204
1850,587197.8644163442,517563.5403909198,T,16.077353598356762,0.28957492580152583,0.5381216644974683,16.077353598356762,0.28957492580152583
1851,587198.1524730665,517563.5403909198,T,16.11162032020098,0.3344671759633412,0.578331372107152,16.11162032020098,0.3344671759633412
1852,587198.4405297886,517563.5403909198,T,16.16175699817729,0.3686220907348803,0.6071425621177289,16.16175699817729,0.3686220907348803
1853,587198.7285865108,517563.5403909198,T,16.22321255485915,0.39266394599169263,0.6266290337924765,16.22321255485915,0.39266394599169263
1854,587199.0166432329,517563.5403909198,T,16.29180303753924,0.40810810443806184,0.6388333933335528,16.29180303753924,0.40810810443806184
1855,587199.304699955,517563.5403909198,T,16.36505391969587,0.41657228454621914,0.6454241121512421,16.36505391969587,0.41657228454621914
1856,587199.5927566772,517563.5403909198,T,16.442692361691314,0.41921878973335935,0.6474710725069958,16.442692361691314,0.41921878973335935
1857,587199.8808133993,517563.5403909198,T,16.5260985819118,0.41645766507930143,0.6453353121279677,16.5260985819118,0.41645766507930143
1858,587200.1688701215,517563.5403909198,T,16.6168793620795,0.40786569138518536,0.6386436341068353,16.6168793620795,0.40786569138518536
1859,587200.4569268436,517563.5403909198,T,16.71505067544993,0.39229078254768973,0.6263312083456242,16.71505067544993,0.39229078254768973
1860,587200.7449835659,517563.5403909198,T,16.817517314963116,0.36815402053839547,0.6067569699133216,16.817517314963116,0.36815402053839547
1861,587201.033040288,517563.5403909198,T,16.91753188881071,0.33397153310314887,0.5779027021074992,16.91753188881071,0.33397153310314887
1862,587201.3210970102,517563.5403909198,T,17.00555706154577,0.2890776457399408,0.5376594142577072,17.00555706154577,0.2890776457399408
1863,587201.6091537323,517563.5403909198,T,17.071476348306057,0.23444730948664558,0.4841975934333478,17.071476348306057,0.23444730948664558
1864,587201.8972104545,517563.5403909198,T,17.107541500545796,0.17339308063617342,0.4164049479006865,17.107541500545796,0.17339308063617342
1865,587202.1852671766,517563.5403909198,T,17.11103447408062,0.11177971835058154,0.33433473996966206,17.11103447408062,0.11177971835058154
1866,587202.4733238987,517563.5403909198,T,17.085578666937693,0.05738643385254327,0.23955465733845224,17.085578666937693,0.05738643385254327
1867,587202.7613806209,517563.5403909198,T,17.040447583566326,0.018322852607776326,0.13536193190028106,17.040447583566326,0.018322852607776326
1868,587203.049437343,517563.5403909198,T,16.987967698608664,9.331494086420536e-4,0.030547494310369443,16.987967698608664,9.331494086420536e-4
1869,587203.3374940652,517563.5403909198,T,16.939887237197677,0.008032122206061735,0.08962210779747223,16.939887237197677,0.008032122206061735
1870,587203.6255507873,517563.5403909198,T,16.904026475069163,0.03821430983002541,0.19548480715908695,16.904026475069163,0.03821430983002541
1871,587203.9136075096,517563.5403909198,T,16.882417319510928,0.0864144034390366,0.2939632688603061,16.882417319510928,0.0864144034390366
1872,587204.2016642317,517563.5403909198,T,16.871521250144795,0.1453429078764108,0.3812386495050191,16.871521250144795,0.1453429078764108
1873,587204.4897209539,517563.5403909198,T,16.864273424652318,0.2072273583351041,0.4552223174835611,16.864273424652318,0.2072273583351041
1874,587204.777777676,517563.5403909198,T,16.85302288479845,0.2653792977939175,0.5151497819022323,16.85302288479845,0.2653792977939175
1875,587205.0658343981,517563.5403909198,T,16.83220922390071,0.31524688390828987,0.5614685066041459,16.83220922390071,0.31524688390828987
1876,587205.3538911203,517563.5403909198,T,16.799884456996853,0.35475763264397225,0.5956153394968705,16.799884456996853,0.35475763264397225
1877,587205.6419478424,517563.5403909198,T,16.75777010831982,0.38397656232472943,0.6196584239116979,16.75777010831982,0.38397656232472943
1878,587205.9300045646,517563.5403909198,T,16.710135227639075,0.4043455895343056,0.6358817417840409,16.710135227639075,0.4043455895343056
1879,587206.2180612867,517563.5403909198,T,16.662140256340244,0.4178689274910357,0.6464278207897891,16.662140256340244,0.4178689274910357
1880,587206.506118009,517563.5403909198,T,16.618319854186865,0.42651046008888566,0.6530776830430555,16.618319854186865,0.42651046008888566
1881,587206.7941747311,517563.5403909198,T,16.581646276670725,0.4318818955194599,0.6571772177422616,16.581646276670725,0.4318818955194599
1882,587207.0822314533,517563.5403909198,T,16.553287350037426,0.43516233467611426,0.6596683520346526,16.553287350037426,0.43516233467611426
1883,587207.3702881754,517563.5403909198,T,16.532906660645335,0.43714707428897404,0.6611709871803012,16.532906660645335,0.43714707428897404
1884,587207.6583448976,517563.5403909198,T,16.5192309679468,0.4383425973804554,0.6620744651324769,16.5192309679468,0.4383425973804554
1885,587207.9464016197,517563.5403909198,T,16.51062715795424,0.4390600122698166,0.6626160368341658,16.51062715795424,0.4390600122698166
1886,587192.9674520676,517563.8284476419,T,16.41265254201085,0.4277652217210264,0.654037630202595,16.41265254201085,0.4277652217210264
1887,587193.2555087898,517563.8284476419,T,16.383545332022283,0.41983695233085566,0.6479482636220701,16.383545332022283,0.41983695233085566
1888,587193.5435655119,517563.8284476419,T,16.352731764840552,0.40736371247128594,0.6382505091821595,16.352731764840552,0.40736371247128594
1889,587193.8316222341,517563.8284476419,T,16.323022758560434,0.3884616794507375,0.6232669407651408,16.323022758560434,0.3884616794507375
1890,587194.1196789562,517563.8284476419,T,16.297295037964965,0.36114020157024274,0.6009494168149618,16.297295037964965,0.36114020157024274
1891,587194.4077356784,517563.8284476419,T,16.277619849454492,0.32379745462782067,0.56903203304192,16.277619849454492,0.32379745462782067
1892,587194.6957924005,517563.8284476419,T,16.26440033994349,0.27594521305531194,0.525304876291199,16.26440033994349,0.27594521305531194
1893,587194.9838491228,517563.8284476419,T,16.255846474199856,0.21903046671840762,0.4680069088361919,16.255846474199856,0.21903046671840762
1894,587195.2719058449,517563.8284476419,T,16.248082768120934,0.15704911952077005,0.39629423351945214,16.248082768120934,0.15704911952077005
1895,587195.5599625671,517563.8284476419,T,16.23601668510908,0.09651900583302113,0.31067508080472295,16.23601668510908,0.09651900583302113
1896,587195.8480192892,517563.8284476419,T,16.21483197889454,0.045491657745807754,0.21328773463518186,16.21483197889454,0.045491657745807754
1897,587196.1360760113,517563.8284476419,T,16.181702550044545,0.011722037993385994,0.10826836099889013,16.181702550044545,0.011722037993385994
1898,587196.4241327335,517563.8284476419,T,16.137162296354095,6.385126200945033e-4,0.02526880725508237,16.137162296354095,6.385126200945033e-4
1899,587196.7121894556,517563.8284476419,T,16.085603194305495,0.013928858054605411,0.11802058318194081,16.085603194305495,0.013928858054605411
1900,587197.0002461778,517563.8284476419,T,16.034624051265876,0.049226617080040586,0.2218707215475728,16.034624051265876,0.049226617080040586
1901,587197.2883028999,517563.8284476419,T,15.993340968749122,0.1008579873364554,0.31758146566897666,15.993340968749122,0.1008579873364554
1902,587197.5763596221,517563.8284476419,T,15.970152204176646,0.16128602614204324,0.40160431539270497,15.970152204176646,0.16128602614204324
1903,587197.8644163442,517563.8284476419,T,15.970668126199584,0.2228161703890358,0.4720340775717743,15.970668126199584,0.2228161703890358
1904,587198.1524730665,517563.8284476419,T,15.996474624997104,0.2791255957230258,0.5283233817682366,15.996474624997104,0.2791255957230258
1905,587198.4405297886,517563.8284476419,T,16.045106472277876,0.3262116799886372,0.5711494375280757,16.045106472277876,0.3262116799886372
1906,587198.7285865108,517563.8284476419,T,16.111181015207496,0.3625408805393294,0.6021136774225689,16.111181015207496,0.3625408805393294
1907,587199.0166432329,517563.8284476419,T,16.18824866018015,0.3885053952762505,0.6233020096841101,16.18824866018015,0.3885053952762505
1908,587199.304699955,517563.8284476419,T,16.270697736867177,0.4055473486309572,0.6368259955678295,16.270697736867177,0.4055473486309572
1909,587199.5927566772,517563.8284476419,T,16.355070929982926,0.4153229140039606,0.6444555174749926,16.355070929982926,0.4153229140039606
1910,587199.8808133993,517563.8284476419,T,16.440380872913597,0.41910846563622545,0.6473858707418826,16.440380872913597,0.41910846563622545
1911,587200.1688701215,517563.8284476419,T,16.527363818078996,0.4174729639075884,0.6461214776708699,16.527363818078996,0.4174729639075884
1912,587200.4569268436,517563.8284476419,T,16.61697288500745,0.41016375358802826,0.6404402810473653,16.61697288500745,0.41016375358802826
1913,587200.7449835659,517563.8284476419,T,16.708686475713563,0.39616740158076375,0.6294183041354642,16.708686475713563,0.39616740158076375
1914,587201.033040288,517563.8284476419,T,16.799313845358196,0.37395273283095287,0.6115167477926936,16.799313845358196,0.37395273283095287
1915,587201.3210970102,517563.8284476419,T,16.882866742069563,0.3419322318325209,0.5847497172573245,16.882866742069563,0.3419322318325209
1916,587201.6091537323,517563.8284476419,T,16.951729162892715,0.29916215021099063,0.5469571740191279,16.951729162892715,0.29916215021099063
1917,587201.8972104545,517563.8284476419,T,16.99886960876445,0.24621205723268802,0.49619759897916477,16.99886960876445,0.24621205723268802
1918,587202.1852671766,517563.8284476419,T,17.020363256378758,0.1859610335447809,0.43123199503837945,17.020363256378758,0.1859610335447809
1919,587202.4733238987,517563.8284476419,T,17.017235558689322,0.1239043612035138,0.35200051307279906,17.017235558689322,0.1239043612035138
1920,587202.7613806209,517563.8284476419,T,16.99576928132113,0.06757687352735155,0.25995552220976487,16.99576928132113,0.06757687352735155
1921,587203.049437343,517563.8284476419,T,16.96594837051561,0.025048706959127382,0.15826783298929503,16.96594837051561,0.025048706959127382
1922,587203.3374940652,517563.8284476419,T,16.938459584361595,0.002959902336006879,0.054404984477590644,16.938459584361595,0.002959902336006879
1923,587203.6255507873,517563.8284476419,T,16.92131148580252,0.0048373283515160135,0.06955090474980188,16.92131148580252,0.0048373283515160135
1924,587203.9136075096,517563.8284476419,T,16.91734857684022,0.030267961376151495,0.173976898972684,16.91734857684022,0.030267961376151495
1925,587204.2016642317,517563.8284476419,T,16.923606893622,0.075093507710852,0.2740319465150952,16.923606893622,0.075093507710852
1926,587204.4897209539,517563.8284476419,T,16.93271255503365,0.13247632709085272,0.3639729757699776,16.93271255503365,0.13247632709085272
1927,587204.777777676,517563.8284476419,T,16.935707865723508,0.1945284656277608,0.4410538126212728,16.935707865723508,0.1945284656277608
1928,587205.0658343981,517563.8284476419,T,16.92517184735679,0.25406258102211615,0.5040462092131198,16.92517184735679,0.25406258102211615
1929,587205.3538911203,517563.8284476419,T,16.89749478762098,0.30593575923914923,0.5531145986494564,16.89749478762098,0.30593575923914923
1930,587205.6419478424,517563.8284476419,T,16.85362451775488,0.34759223019677105,0.5895695295694742,16.85362451775488,0.34759223019677105
1931,587205.9300045646,517563.8284476419,T,16.798270107209873,0.378780861902026,0.6154517543252485,16.798270107209873,0.378780861902026
1932,587206.2180612867,517563.8284476419,T,16.738110674671216,0.4007761889462547,0.6330688658797357,16.738110674671216,0.4007761889462547
1933,587206.506118009,517563.8284476419,T,16.67979770496164,0.41552968900983916,0.6446159236396811,16.67979770496164,0.41552968900983916
1934,587206.7941747311,517563.8284476419,T,16.628427432122958,0.42503354166982166,0.6519459652991355,16.628427432122958,0.42503354166982166
1935,587207.0822314533,517563.8284476419,T,16.586824533211086,0.430972716039477,0.6564851224814444,16.586824533211086,0.430972716039477
1936,587207.3702881754,517563.8284476419,T,16.55561177117363,0.43461044063759785,0.6592499075749635,16.55561177117363,0.43461044063759785
1937,587207.6583448976,517563.8284476419,T,16.53379420711822,0.43681426075708013,0.6609192543398021,16.53379420711822,0.43681426075708013
1938,587207.9464016197,517563.8284476419,T,16.519516857391842,0.43814278157573183,0.6619235466243302,16.519516857391842,0.43814278157573183
1939,587208.2344583418,517563.8284476419,T,16.510726684522954,0.43894082805627177,0.6625260961322744,16.510726684522954,0.43894082805627177
1940,587193.2555087898,517564.11650436406,T,16.424888178913033,0.42897080136399446,0.6549586256886724,16.424888178913033,0.42897080136399446
1941,587193.5435655119,517564.11650436406,T,16.40175336336574,0.4217837108315897,0.6494487746016538,16.40175336336574,0.4217837108315897
1942,587193.8316222341,517564.11650436406,T,16.377817052241486,0.41040698471092857,0.6406301465829786,16.377817052241486,0.41040698471092857
1943,587194.1196789562,517564.11650436406,T,16.35508204250631,0.3930132910174624,0.6269077212935429,16.35508204250631,0.3930132910174624
1944,587194.4077356784,517564.11650436406,T,16.335208619538136,0.36757871916543056,0.606282705645997,16.335208619538136,0.36757871916543056
1945,587194.6957924005,517564.11650436406,T,16.318766654502692,0.33233298974132275,0.5764832952838467,16.318766654502692,0.33233298974132275
1946,587194.9838491228,517564.11650436406,T,16.30461559556085,0.2864831115089612,0.5352411713507857,16.30461559556085,0.2864831115089612
1947,587195.2719058449,517564.11650436406,T,16.289709615753925,0.23108070150092197,0.4807085411150107,16.289709615753925,0.23108070150092197
1948,587195.5599625671,517564.11650436406,T,16.269556730799597,0.16969405728030296,0.4119393854443915,16.269556730799597,0.16969405728030296
1949,587195.8480192892,517564.11650436406,T,16.2393703578645,0.10843539165037927,0.3292952955181402,16.2393703578645,0.10843539165037927
1950,587196.1360760113,517564.11650436406,T,16.19568682206571,0.05506774101414334,0.23466516787572744,16.19568682206571,0.05506774101414334
1951,587196.4241327335,517564.11650436406,T,16.137979203303587,0.017352849792144836,0.13173021594207168,16.137979203303587,0.017352849792144836
1952,587196.7121894556,517564.11650436406,T,16.069689309202392,0.001197338590967909,0.034602580698091134,16.069689309202392,0.001197338590967909
1953,587197.0002461778,517564.11650436406,T,15.998203617690836,0.009216511732773984,0.09600266523786714,15.998203617690836,0.009216511732773984
1954,587197.2883028999,517564.11650436406,T,15.933613033316501,0.04010537880947324,0.20026327374102632,15.933613033316501,0.04010537880947324
1955,587197.5763596221,517564.11650436406,T,15.886520867636708,0.08894795487877577,0.29824143722624424,15.886520867636708,0.08894795487877577
1956,587197.8644163442,517564.11650436406,T,15.865533454310329,0.14840622992044103,0.38523529163414016,15.865533454310329,0.14840622992044103
1957,587198.1524730665,517564.11650436406,T,15.87522266582129,0.2104939214639126,0.45879616548518865,15.87522266582129,0.2104939214639126
1958,587198.4405297886,517564.11650436406,T,15.915210841811993,0.26836779462188665,0.5180422710762961,15.915210841811993,0.26836779462188665
1959,587198.7285865108,517564.11650436406,T,15.980642815550993,0.3175112229084815,0.5634813421121249,15.980642815550993,0.3175112229084815
1960,587199.0166432329,517564.11650436406,T,16.063830234831194,0.35599158333021325,0.5966503023800568,16.063830234831194,0.35599158333021325
1961,587199.304699955,517564.11650436406,T,16.156468985724317,0.3839380668166188,0.619627361255633,16.156468985724317,0.3839380668166188
1962,587199.5927566772,517564.11650436406,T,16.25167975018408,0.40266322563380386,0.6345575038038742,16.25167975018408,0.40266322563380386
1963,587199.8808133993,517564.11650436406,T,16.345239186906856,0.4138181179042112,0.6432869638848678,16.345239186906856,0.4138181179042112
1964,587200.1688701215,517564.11650436406,T,16.435687609985848,0.4187743524751875,0.6471277713675928,16.435687609985848,0.4187743524751875
1965,587200.4569268436,517564.11650436406,T,16.52339461282948,0.41825746318999085,0.6467282761639472,16.52339461282948,0.41825746318999085
1966,587200.7449835659,517564.11650436406,T,16.609010982179853,0.4121878302177317,0.6420185590913488,16.609010982179853,0.4121878302177317
1967,587201.033040288,517564.11650436406,T,16.691938870410663,0.39969382810602583,0.6322134355627266,16.691938870410663,0.39969382810602583
1968,587201.3210970102,517564.11650436406,T,16.76945727148575,0.3793041311572502,0.6158767174989246,16.76945727148575,0.3793041311572502
1969,587201.6091537323,517564.11650436406,T,16.836931043139703,0.34936631907873283,0.5910721775542584,16.836931043139703,0.34936631907873283
1970,587201.8972104545,517564.11650436406,T,16.889144526864975,0.3087317506360021,0.5556363474755788,16.889144526864975,0.3087317506360021
1971,587202.1852671766,517564.11650436406,T,16.92233847083473,0.2576415557238705,0.5075840380901181,16.92233847083473,0.2576415557238705
1972,587202.4733238987,517564.11650436406,T,16.93615870154548,0.1985526580201517,0.4455924797616671,16.93615870154548,0.1985526580201517
1973,587202.7613806209,517564.11650436406,T,16.934628108768983,0.1364867601656859,0.3694411457400027,16.934628108768983,0.1364867601656859
1974,587203.049437343,517564.11650436406,T,16.92553491323118,0.07855860801036382,0.2802830854874475,16.92553491323118,0.07855860801036382
1975,587203.3374940652,517564.11650436406,T,16.918234112044416,0.032679655688590485,0.1807751522986234,16.918234112044416,0.032679655688590485
1976,587203.6255507873,517564.11650436406,T,16.92055386981721,0.0058163179748682865,0.0762647885650271,16.92055386981721,0.0058163179748682865
1977,587203.9136075096,517564.11650436406,T,16.935964407691234,0.002339505857074827,0.04836843864623735,16.935964407691234,0.002339505857074827
1978,587204.2016642317,517564.11650436406,T,16.96215447234263,0.02291906276589303,0.15139043155329543,16.96215447234263,0.02291906276589303
1979,587204.4897209539,517564.11650436406,T,16.99163615932162,0.06427402235294276,0.25352321856773347,16.99163615932162,0.06427402235294276
1980,587204.777777676,517564.11650436406,T,17.014183219898687,0.11993513739056741,0.3463165277467528,17.014183219898687,0.11993513739056741
1981,587205.0658343981,517564.11650436406,T,17.020173561578638,0.18188149462311765,0.4264756670938187,17.020173561578638,0.18188149462311765
1982,587205.3538911203,517564.11650436406,T,17.003587161083374,0.24250916621144375,0.49245219687949787,17.003587161083374,0.24250916621144375
1983,587205.6419478424,517564.11650436406,T,16.963630036513866,0.29619229197199304,0.5442355114947875,16.963630036513866,0.29619229197199304
1984,587205.9300045646,517564.11650436406,T,16.90457451944004,0.33993939640898835,0.5830432200180261,16.90457451944004,0.33993939640898835
1985,587206.2180612867,517564.11650436406,T,16.834113976568496,0.37315345284460266,0.6108628756477207,16.834113976568496,0.37315345284460266
1986,587206.506118009,517564.11650436406,T,16.761013208524602,0.39687847058028336,0.6299829129272344,16.761013208524602,0.39687847058028336
1987,587206.7941747311,517564.11650436406,T,16.692930788605484,0.4129634573655661,0.6426223287169269,16.692930788605484,0.4129634573655661
1988,587207.0822314533,517564.11650436406,T,16.635035287273684,0.42340798408097885,0.6506980744408107,16.635035287273684,0.42340798408097885
1989,587207.3702881754,517564.11650436406,T,16.589615906929208,0.4299691700990138,0.6557203444297072,16.589615906929208,0.4299691700990138
1990,587207.6583448976,517564.11650436406,T,16.556508776134184,0.4340000020034754,0.6587867652006038,16.556508776134184,0.4340000020034754
1991,587207.9464016197,517564.11650436406,T,16.533957694440904,0.4364458695814107,0.6606404995013632,16.533957694440904,0.4364458695814107
1992,587208.2344583418,517564.11650436406,T,16.5195237914795,0.4379216555601081,0.6617564926467349,16.5195237914795,0.4379216555601081
1993,587208.522515064,517564.11650436406,T,16.51078627614754,0.43880892619703343,0.6624265440009431,16.51078627614754,0.43880892619703343
1994,587193.5435655119,517564.4045610862,T,16.437275493191088,0.4300696191836631,0.6557969344116081,16.437275493191088,0.4300696191836631
1995,587193.8316222341,517564.4045610862,T,16.41929604907347,0.4235611927561594,0.6508157901865622,16.41929604907347,0.4235611927561594
1996,587194.1196789562,517564.4045610862,T,16.40088945127947,0.4131934061293741,0.6428012182077552,16.40088945127947,0.4131934061293741
1997,587194.4077356784,517564.4045610862,T,16.383179271053503,0.39719798560465275,0.6302364521389197,16.383179271053503,0.39719798560465275
1998,587194.6957924005,517564.4045610862,T,16.366613274406824,0.37354272856617304,0.6111814203378347,16.366613274406824,0.37354272856617304
1999,587194.9838491228,517564.4045610862,T,16.35036156660204,0.34034721408462704,0.5833928471318679,16.35036156660204,0.34034721408462704
2000,587195.2719058449,517564.4045610862,T,16.33194815856064,0.29658780262115,0.5445987537822227,16.33194815856064,0.29658780262115
2001,587195.5599625671,517564.4045610862,T,16.307378070546513,0.24295490580265375,0.49290456054154513,16.307378070546513,0.24295490580265375
2002,587195.8480192892,517564.4045610862,T,16.271920975981796,0.18252839694016124,0.4272334220776287,16.271920975981796,0.18252839694016124
2003,587196.1360760113,517564.4045610862,T,16.221500663362118,0.12087410186409098,0.3476695296745042,16.221500663362118,0.12087410186409098
2004,587196.4241327335,517564.4045610862,T,16.154375159482576,0.06534732676743149,0.25563123198746956,16.154375159482576,0.06534732676743149
2005,587196.7121894556,517564.4045610862,T,16.072578882505574,0.02371744944652458,0.154004705923308,16.072578882505574,0.02371744944652458
2006,587197.0002461778,517564.4045610862,T,15.982547577589061,0.0024718736590827704,0.049717941018135196,15.982547577589061,0.0024718736590827704
2007,587197.2883028999,517564.4045610862,T,15.894524564235098,0.005230203974589954,0.0723201491604515,15.894524564235098,0.005230203974589954
2008,587197.5763596221,517564.4045610862,T,15.820726013547127,0.031706870182918075,0.17806423049820555,15.820726013547127,0.031706870182918075
2009,587197.8644163442,517564.4045610862,T,15.772695612903886,0.07763446049119235,0.27862961165531624,15.772695612903886,0.07763446049119235
2010,587198.1524730665,517564.4045610862,T,15.758620338351873,0.13583179344117913,0.3685536506957693,15.758620338351873,0.13583179344117913
2011,587198.4405297886,517564.4045610862,T,15.781450870520903,0.19810769232576195,0.4450929030278532,15.781450870520903,0.19810769232576195
2012,587198.7285865108,517564.4045610862,T,15.838422011127715,0.2572440260663199,0.5071922969311737,15.838422011127715,0.2572440260663199
2013,587199.0166432329,517564.4045610862,T,15.92209048563085,0.3083008291323174,0.5552484391084025,15.92209048563085,0.3083008291323174
2014,587199.304699955,517564.4045610862,T,16.02249218499906,0.34893719644579974,0.590709062437508,16.02249218499906,0.34893719644579974
2015,587199.5927566772,517564.4045610862,T,16.129671941909905,0.37894988760101256,0.6155890574084407,16.129671941909905,0.37894988760101256
2016,587199.8808133993,517564.4045610862,T,16.235778397490762,0.39945377665310655,0.6320235570396934,16.235778397490762,0.39945377665310655
2017,587200.1688701215,517564.4045610862,T,16.33613974884098,0.4120577162366207,0.6419172191463792,16.33613974884098,0.4120577162366207
2018,587200.4569268436,517564.4045610862,T,16.4291326172075,0.41821728879189746,0.6466972156982721,16.4291326172075,0.41821728879189746
2019,587200.7449835659,517564.4045610862,T,16.51507315475049,0.4188131331062132,0.6471577343323752,16.51507315475049,0.4188131331062132
2020,587201.033040288,517564.4045610862,T,16.59466531252647,0.4139383004141103,0.6433803699322123,16.59466531252647,0.4139383004141103
2021,587201.3210970102,517564.4045610862,T,16.667658021761692,0.4028673139598336,0.6347182949622877,16.667658021761692,0.4028673139598336
2022,587201.6091537323,517564.4045610862,T,16.732267366834265,0.3842106970494652,0.619847317530265,16.732267366834265,0.3842106970494652
2023,587201.8972104545,517564.4045610862,T,16.785633983906525,0.3563013320791566,0.5969098190507144,16.785633983906525,0.3563013320791566
2024,587202.1852671766,517564.4045610862,T,16.82517910356948,0.31785163727991117,0.563783324762192,16.82517910356948,0.31785163727991117
2025,587202.4733238987,517564.4045610862,T,16.850316590141176,0.26881102467355134,0.5184698879139957,16.850316590141176,0.26881102467355134
2026,587202.7613806209,517564.4045610862,T,16.863732336804162,0.21117459493363522,0.45953737055177046,16.863732336804162,0.21117459493363522
2027,587203.049437343,517564.4045610862,T,16.871498446038487,0.14938375945598495,0.38650195271949783,16.871498446038487,0.14938375945598495
2028,587203.3374940652,517564.4045610862,T,16.881690529595794,0.09004234880289652,0.3000705730372382,16.881690529595794,0.09004234880289652
2029,587203.6255507873,517564.4045610862,T,16.901805428592056,0.04090965486469196,0.20226135286972635,16.901805428592056,0.04090965486469196
2030,587203.9136075096,517564.4045610862,T,16.935873171507065,0.009361259397061577,0.09675360146817057,16.935873171507065,0.009361259397061577
2031,587204.2016642317,517564.4045610862,T,16.98242558442831,6.542863941662627e-4,0.02557902254125952,16.98242558442831,6.542863941662627e-4
2032,587204.4897209539,517564.4045610862,T,17.03425034038876,0.016464159239705702,0.1283127399742742,17.03425034038876,0.016464159239705702
2033,587204.777777676,517564.4045610862,T,17.08018413173251,0.05425461217358078,0.23292619469175377,17.08018413173251,0.05425461217358078
2034,587205.0658343981,517564.4045610862,T,17.10837140913512,0.10788016319531558,0.3284511580057461,17.10837140913512,0.10788016319531558
2035,587205.3538911203,517564.4045610862,T,17.109816272930505,0.16929280039091726,0.41145206329646383,17.109816272930505,0.16929280039091726
2036,587205.6419478424,517564.4045610862,T,17.080959866964072,0.2306468893345528,0.4802571075315313,17.080959866964072,0.2306468893345528
2037,587205.9300045646,517564.4045610862,T,17.024451505821,0.2859474993471917,0.5347405907046815,17.024451505821,0.2859474993471917
2038,587206.2180612867,517564.4045610862,T,16.94802261406167,0.33176639884267567,0.5759916656017479,16.94802261406167,0.33176639884267567
2039,587206.506118009,517564.4045610862,T,16.862068481430324,0.36708795023277047,0.6058778344128216,16.862068481430324,0.36708795023277047
2040,587206.7941747311,517564.4045610862,T,16.776904606460228,0.3926518867923491,0.6266194114391519,16.776904606460228,0.3926518867923491
2041,587207.0822314533,517564.4045610862,T,16.70059551807372,0.41016527360560684,0.6404414677436235,16.70059551807372,0.41016527360560684
2042,587207.3702881754,517564.4045610862,T,16.637865472846528,0.42162509530791725,0.649326647618837,16.637865472846528,0.42162509530791725
2043,587207.6583448976,517564.4045610862,T,16.590119040220362,0.42886278605235123,0.6548761608520738,16.590119040220362,0.42886278605235123
2044,587207.9464016197,517564.4045610862,T,16.556237641080248,0.4333249724801968,0.6582742380499155,16.556237641080248,0.4333249724801968
2045,587208.2344583418,517564.4045610862,T,16.53368098987756,0.4360382771777936,0.6603319446897853,16.53368098987756,0.4360382771777936
2046,587208.522515064,517564.4045610862,T,16.519491577257057,0.4376771589695826,0.6615717338048707,16.519491577257057,0.4376771589695826
2047,587208.8105717861,517564.4045610862,T,16.51097970351509,0.4386630693103456,0.6623164419749411,16.51097970351509,0.4386630693103456
2048,587194.1196789562,517564.69261780835,T,16.435129613823413,0.42517286967701695,0.6520528120306031,16.435129613823413,0.42517286967701695
2049,587194.4077356784,517564.69261780835,T,16.420751228733394,0.41572598137714434,0.644768160951783,16.420751228733394,0.41572598137714434
2050,587194.6957924005,517564.69261780835,T,16.406047665467618,0.40102551742019094,0.6332657557615057,16.406047665467618,0.40102551742019094
2051,587194.9838491228,517564.69261780835,T,16.390299218343298,0.379064224036218,0.6156819179058436,16.390299218343298,0.379064224036218
2052,587195.2719058449,517564.69261780835,T,16.371414040226902,0.34790460484977215,0.5898343876460342,16.371414040226902,0.34790460484977215
2053,587195.5599625671,517564.69261780835,T,16.345816679298192,0.30633419310232973,0.5534746544353497,16.345816679298192,0.30633419310232973
2054,587195.8480192892,517564.69261780835,T,16.30888618886363,0.2546703952001596,0.5046487840074121,16.30888618886363,0.2546703952001596
2055,587196.1360760113,517564.69261780835,T,16.256033872887745,0.1954330426106122,0.4420780956014584,16.256033872887745,0.1954330426106122
2056,587196.4241327335,517564.69261780835,T,16.184279217612236,0.1335686207609393,0.3654704102399253,16.184279217612236,0.1335686207609393
2057,587196.7121894556,517564.69261780835,T,16.093922637596403,0.07602519172627226,0.2757266612539895,16.093922637596403,0.07602519172627226
2058,587197.0002461778,517564.69261780835,T,15.989737141870691,0.03065009908327593,0.17507169697948305,15.989737141870691,0.03065009908327593
2059,587197.2883028999,517564.69261780835,T,15.881117340816143,0.0045488490338537425,0.06744515574786482,15.881117340816143,0.0045488490338537425
2060,587197.5763596221,517564.69261780835,T,15.780881480059765,0.0022581876793809513,0.047520392247759814,15.780881480059765,0.0022581876793809513
2061,587197.8644163442,517564.69261780835,T,15.702863440502068,0.02434494069152553,0.1560286534311103,15.702863440502068,0.02434494069152553
2062,587198.1524730665,517564.69261780835,T,15.658897708162918,0.06709752081566321,0.2590318915030796,15.658897708162918,0.06709752081566321
2063,587198.4405297886,517564.69261780835,T,15.656090574155872,0.12357403555664348,0.35153098804606614,15.656090574155872,0.12357403555664348
2064,587198.7285865108,517564.69261780835,T,15.695238964580595,0.18557694654721912,0.43078642799793393,15.695238964580595,0.18557694654721912
2065,587199.0166432329,517564.69261780835,T,15.770892856170127,0.24567777704540444,0.49565893217554796,15.770892856170127,0.24567777704540444
2066,587199.304699955,517564.69261780835,T,15.872997853702712,0.2985511109098467,0.546398307930988,15.872997853702712,0.2985511109098467
2067,587199.5927566772,517564.69261780835,T,15.98952916841224,0.3413834961403619,0.5842803232527705,15.98952916841224,0.3413834961403619
2068,587199.8808133993,517564.69261780835,T,16.10924404168604,0.3735531691928899,0.6111899616264078,16.10924404168604,0.3735531691928899
2069,587200.1688701215,517564.69261780835,T,16.22372845007097,0.39592245594638653,0.6292236930904513,16.22372845007097,0.39592245594638653
2070,587200.4569268436,517564.69261780835,T,16.328243105417936,0.4100374323712777,0.6403416528473512,16.328243105417936,0.4100374323712777
2071,587200.7449835659,517564.69261780835,T,16.421330086199525,0.417431998947757,0.6460897762290911,16.421330086199525,0.417431998947757
2072,587201.033040288,517564.69261780835,T,16.503552063749652,0.4191377063693105,0.6474084540452886,16.503552063749652,0.4191377063693105
2073,587201.3210970102,517564.69261780835,T,16.57597657878731,0.41541756696248916,0.6445289496698261,16.57597657878731,0.41541756696248916
2074,587201.6091537323,517564.69261780835,T,16.639037656783266,0.40569981938123634,0.6369456957867259,16.639037656783266,0.40569981938123634
2075,587201.8972104545,517564.69261780835,T,16.69221908416925,0.388704060815735,0.6234613547091231,16.69221908416925,0.388704060815735
2076,587202.1852671766,517564.69261780835,T,16.734665117232293,0.3627931899222387,0.6023231607054793,16.734665117232293,0.3627931899222387
2077,587202.4733238987,517564.69261780835,T,16.76642911537092,0.32657935429847457,0.5714712191339776,16.76642911537092,0.32657935429847457
2078,587202.7613806209,517564.69261780835,T,16.789746273587145,0.2797196509979892,0.5288852909639189,16.789746273587145,0.2797196509979892
2079,587203.049437343,517564.69261780835,T,16.809602874336832,0.2237021504283013,0.47297161693731826,16.809602874336832,0.2237021504283013
2080,587203.3374940652,517564.69261780835,T,16.833067507450288,0.16234461514582108,0.4029201101283244,16.833067507450288,0.16234461514582108
2081,587203.6255507873,517564.69261780835,T,16.867332698501784,0.101756611828873,0.3189931219146786,16.867332698501784,0.101756611828873
2082,587203.9136075096,517564.69261780835,T,16.917022816409535,0.049610438480819904,0.22273400836158788,16.917022816409535,0.049610438480819904
2083,587204.2016642317,517564.69261780835,T,16.981784895680654,0.01370629425645737,0.11707388375063574,16.981784895680654,0.01370629425645737
2084,587204.4897209539,517564.69261780835,T,17.055239321232186,7.188045009895353e-5,0.008478233902113903,17.055239321232186,7.188045009895353e-5
2085,587204.777777676,517564.69261780835,T,17.125935563982992,0.011195612539962053,0.10580932161186014,17.125935563982992,0.011195612539962053
2086,587205.0658343981,517564.69261780835,T,17.1801831344113,0.04517926029670493,0.21255413497907993,17.1801831344113,0.04517926029670493
2087,587205.3538911203,517564.69261780835,T,17.205848880461286,0.09628720781716851,0.31030180118260436,17.205848880461286,0.09628720781716851
2088,587205.6419478424,517564.69261780835,T,17.19579331890873,0.1566610608555956,0.3958043214210724,17.19579331890873,0.1566610608555956
2089,587205.9300045646,517564.69261780835,T,17.149759508804305,0.21839866051749293,0.4673314247057359,17.149759508804305,0.21839866051749293
2090,587206.2180612867,517564.69261780835,T,17.074155047901016,0.2751858881356685,0.5245816315271328,17.074155047901016,0.2751858881356685
2091,587206.506118009,517564.69261780835,T,16.979979408598734,0.3230957966841288,0.5684151622574197,16.979979408598734,0.3230957966841288
2092,587206.7941747311,517564.69261780835,T,16.879778900686016,0.3606070900396658,0.6005056952599749,16.879778900686016,0.3606070900396658
2093,587207.0822314533,517564.69261780835,T,16.78471601051495,0.38810118257508225,0.6229776742188136,16.78471601051495,0.38810118257508225
2094,587207.3702881754,517564.69261780835,T,16.70260022212925,0.40712526661387405,0.6380636853903174,16.70260022212925,0.40712526661387405
2095,587207.6583448976,517564.69261780835,T,16.63722456018818,0.41967091608679796,0.6478201263366228,16.63722456018818,0.41967091608679796
2096,587207.9464016197,517564.69261780835,T,16.588844215340536,0.42764237823544976,0.6539437118249932,16.588844215340536,0.42764237823544976
2097,587208.2344583418,517564.69261780835,T,16.555320327221356,0.43257839514316987,0.6577069219212839,16.555320327221356,0.43257839514316987
2098,587208.522515064,517564.69261780835,T,16.533398347396474,0.4355875607392126,0.6599905762503072,16.533398347396474,0.4355875607392126
2099,587208.8105717861,517564.69261780835,T,16.519735239418928,0.4374069974194013,0.6613675206867974,16.519735239418928,0.4374069974194013
2100,587209.0986285083,517564.69261780835,T,16.511511363827417,0.43850177681772556,0.6621946668599239,16.511511363827417,0.43850177681772556
2101,587209.3866852304,517564.69261780835,T,16.506651890509605,0.43915698084367594,0.6626892038079962,16.506651890509605,0.43915698084367594
2102,587194.4077356784,517564.98067453055,T,16.448524377434282,0.42662586920137924,0.6531660349416366,16.448524377434282,0.42662586920137924
2103,587194.6957924005,517564.98067453055,T,16.436641315308687,0.4180198250076129,0.6465445267014585,16.436641315308687,0.4180198250076129
2104,587194.9838491228,517564.98067453055,T,16.422993872809666,0.40452788744618856,0.6360250682529648,16.422993872809666,0.40452788744618856
2105,587195.2719058449,517564.98067453055,T,16.405775399149395,0.38419689780762994,0.6198361862682994,16.405775399149395,0.38419689780762994
2106,587195.5599625671,517564.98067453055,T,16.381801636825845,0.3550639344397114,0.5958724145651579,16.381801636825845,0.3550639344397114
2107,587195.8480192892,517564.98067453055,T,16.34665847901048,0.315736846960628,0.5619046600275068,16.34665847901048,0.315736846960628
2108,587196.1360760113,517564.98067453055,T,16.295435786903823,0.26613665096182476,0.5158843387444755,16.295435786903823,0.26613665096182476
2109,587196.4241327335,517564.98067453055,T,16.22406167129505,0.20819795523687754,0.4562871412135976,16.22406167129505,0.20819795523687754
2110,587196.7121894556,517564.98067453055,T,16.131003425437633,0.14627047556033004,0.3824532331675731,16.131003425437633,0.14627047556033004
2111,587197.0002461778,517564.98067453055,T,16.018852888570926,0.08696389724098738,0.29489641781647224,16.018852888570926,0.08696389724098738
2112,587197.2883028999,517564.98067453055,T,15.895184739818506,0.03823198215857657,0.19553000321837202,15.895184739818506,0.03823198215857657
2113,587197.5763596221,517564.98067453055,T,15.77216904190397,0.007692209354553428,0.08770524131745736,15.77216904190397,0.007692209354553428
2114,587197.8644163442,517564.98067453055,T,15.664758584463165,5.834910941105737e-4,0.024155560314564714,15.664758584463165,5.834910941105737e-4
2115,587198.1524730665,517564.98067453055,T,15.587765096329335,0.018161081662522727,0.13476305748432219,15.587765096329335,0.018161081662522727
2116,587198.4405297886,517564.98067453055,T,15.552596156196728,0.05730181814538957,0.23937798174725589,15.552596156196728,0.05730181814538957
2117,587198.7285865108,517564.98067453055,T,15.56463783753182,0.11151240266446114,0.3339347281497705,15.56463783753182,0.11151240266446114
2118,587199.0166432329,517564.98067453055,T,15.622114771650688,0.17281278257490537,0.41570756858025254,15.622114771650688,0.17281278257490537
2119,587199.304699955,517564.98067453055,T,15.716777309364383,0.23366095532362946,0.4833848935616725,15.716777309364383,0.23366095532362946
2120,587199.5927566772,517564.98067453055,T,15.836145837118774,0.2883072099173694,0.5369424642523344,15.836145837118774,0.2883072099173694
2121,587199.8808133993,517564.98067453055,T,15.966539919992544,0.33337714041049066,0.5773882059849255,15.966539919992544,0.33337714041049066
2122,587200.1688701215,517564.98067453055,T,16.095930103441713,0.3677675520720675,0.6064384157291386,16.095930103441713,0.3677675520720675
2123,587200.4569268436,517564.98067453055,T,16.215820862341868,0.392064382505744,0.626150447181621,16.215820862341868,0.392064382505744
2124,587200.7449835659,517564.98067453055,T,16.321798652985645,0.4077434901433214,0.6385479544586463,16.321798652985645,0.4077434901433214
2125,587201.033040288,517564.98067453055,T,16.412868947449518,0.4164079916267343,0.6452968244356502,16.412868947449518,0.4164079916267343
2126,587201.3210970102,517564.98067453055,T,16.490080404238537,0.4192291304907174,0.6474790579553268,16.490080404238537,0.4192291304907174
2127,587201.6091537323,517564.98067453055,T,16.55508905020761,0.4166350576013693,0.6454727396268329,16.55508905020761,0.4166350576013693
2128,587201.8972104545,517564.98067453055,T,16.609235778130873,0.4082169130913192,0.63891854965349,16.609235778130873,0.4082169130913192
2129,587202.1852671766,517564.98067453055,T,16.653446443997073,0.39282721063586545,0.6267592924208347,16.653446443997073,0.39282721063586545
2130,587202.4733238987,517564.98067453055,T,16.688900923416163,0.3688864568800567,0.6073602364989469,16.688900923416163,0.3688864568800567
2131,587202.7613806209,517564.98067453055,T,16.718063068177162,0.3349192640983114,0.5787220957405302,16.718063068177162,0.3349192640983114
2132,587203.049437343,517564.98067453055,T,16.74543924908845,0.29028216582121324,0.5387784014056366,16.74543924908845,0.29028216582121324
2133,587203.3374940652,517564.98067453055,T,16.777449876541723,0.23595263909828001,0.48574956417713855,16.777449876541723,0.23595263909828001
2134,587203.6255507873,517564.98067453055,T,16.821103877585124,0.17516406415807007,0.418526061504024,16.821103877585124,0.17516406415807007
2135,587203.9136075096,517564.98067453055,T,16.88169039913086,0.11360470715631293,0.337052973813187,16.88169039913086,0.11360470715631293
2136,587204.2016642317,517564.98067453055,T,16.960245000211664,0.058881385632097064,0.2426548693764398,16.960245000211664,0.058881385632097064
2137,587204.4897209539,517564.98067453055,T,17.051845390457643,0.019100556099431214,0.1382047614933408,17.051845390457643,0.019100556099431214
2138,587204.777777676,517564.98067453055,T,17.145646244460217,8.313432956334791e-4,0.028833024392759754,17.145646244460217,8.313432956334791e-4
2139,587205.0658343981,517564.98067453055,T,17.2269678889654,0.007197298095707871,0.08483689112472162,17.2269678889654,0.007197298095707871
2140,587205.3538911203,517564.98067453055,T,17.280935582722126,0.03696200563938035,0.19225505361207115,17.280935582722126,0.03696200563938035
2141,587205.6419478424,517564.98067453055,T,17.296492120762842,0.0850092243798468,0.2915634139940174,17.296492120762842,0.0850092243798468
2142,587205.9300045646,517564.98067453055,T,17.269401955359502,0.14390065446428704,0.37934239739882364,17.269401955359502,0.14390065446428704
2143,587206.2180612867,517564.98067453055,T,17.203237793677197,0.2057809596855786,0.4536308628009988,17.203237793677197,0.2057809596855786
2144,587206.506118009,517564.98067453055,T,17.108119147690797,0.2639820801727769,0.513791864642461,17.108119147690797,0.2639820801727769
2145,587206.7941747311,517564.98067453055,T,16.997796703789948,0.3139949276863523,0.5603525030606648,16.997796703789948,0.3139949276863523
2146,587207.0822314533,517564.98067453055,T,16.88618868415886,0.3537378435816368,0.5947586431331929,16.88618868415886,0.3537378435816368
2147,587207.3702881754,517564.98067453055,T,16.78449657666965,0.38321870258500595,0.6190466077647191,16.78449657666965,0.38321870258500595
2148,587207.6583448976,517564.98067453055,T,16.699623781832234,0.4038222506535896,0.635470102092608,16.699623781832234,0.4038222506535896
2149,587207.9464016197,517564.98067453055,T,16.63403454089596,0.41752625396361776,0.6461627147736224,16.63403454089596,0.41752625396361776
2150,587208.2344583418,517564.98067453055,T,16.58669480907441,0.4262955263848348,0.6529131078365902,16.58669480907441,0.4262955263848348
2151,587208.522515064,517564.98067453055,T,16.55450195006395,0.43175324174960483,0.6570793268317037,16.55450195006395,0.43175324174960483
2152,587208.8105717861,517564.98067453055,T,16.533652041590745,0.435089624761554,0.659613238770686,16.533652041590745,0.435089624761554
2153,587209.0986285083,517564.98067453055,T,16.520609133026348,0.43710850102722654,0.6611418161236109,16.520609133026348,0.43710850102722654
2154,587209.3866852304,517564.98067453055,T,16.512589941441416,0.4383231908681988,0.6620598091322255,16.512589941441416,0.4383231908681988
2155,587209.6747419527,517564.98067453055,T,16.507656407028822,0.43905040455680955,0.6626087869601561,16.507656407028822,0.43905040455680955
2156,587194.6957924005,517565.2687312527,T,16.45906155917557,0.42793325317804837,0.6541660746156501,16.45906155917557,0.42793325317804837
2157,587194.9838491228,517565.2687312527,T,16.448213603269636,0.420100137483984,0.6481513229825147,16.448213603269636,0.420100137483984
2158,587195.2719058449,517565.2687312527,T,16.433853855892576,0.40774533110453604,0.6385493959785226,16.433853855892576,0.40774533110453604
2159,587195.5599625671,517565.2687312527,T,16.413201672356752,0.38898582729230713,0.6236872832536408,16.413201672356752,0.38898582729230713
2160,587195.8480192892,517565.2687312527,T,16.382179381468575,0.3618431701059923,0.6015340140889727,16.382179381468575,0.3618431701059923
2161,587196.1360760113,517565.2687312527,T,16.335817136951203,0.3247436333402899,0.5698628197560268,16.335817136951203,0.3247436333402899
2162,587196.4241327335,517565.2687312527,T,16.269259833315733,0.2772159907701184,0.5265130490026989,16.269259833315733,0.2772159907701184
2163,587196.7121894556,517565.2687312527,T,16.179309609436228,0.22065252164885446,0.4697366513791046,16.179309609436228,0.22065252164885446
2164,587197.0002461778,517565.2687312527,T,16.066178217225687,0.15888705271120673,0.3986063881966855,16.066178217225687,0.15888705271120673
2165,587197.2883028999,517565.2687312527,T,15.934896856763062,0.0982372339705029,0.31342819587666787,15.934896856763062,0.0982372339705029
2166,587197.5763596221,517565.2687312527,T,15.795761094022765,0.046677655750139393,0.21605012323564962,15.795761094022765,0.046677655750139393
2167,587197.8644163442,517565.2687312527,T,15.663365607818328,0.012115110115330539,0.11006866091367941,15.663365607818328,0.012115110115330539
2168,587198.1524730665,517565.2687312527,T,15.554201368626309,2.704613334626788e-4,0.016445708664046033,15.554201368626309,2.704613334626788e-4
2169,587198.4405297886,517565.2687312527,T,15.483315976468976,0.013043845088197276,0.11420965409367667,15.483315976468976,0.013043845088197276
2170,587198.7285865108,517565.2687312527,T,15.460959650321081,0.048069024661486784,0.2192464929285912,15.460959650321081,0.048069024661486784
2171,587199.0166432329,517565.2687312527,T,15.490249366357704,0.09954151524933182,0.31550200514312393,15.490249366357704,0.09954151524933182
2172,587199.304699955,517565.2687312527,T,15.566597770242774,0.15983926052319003,0.39979902516538235,15.566597770242774,0.15983926052319003
2173,587199.5927566772,517565.2687312527,T,15.67906688683609,0.22129982440688106,0.4704251528212337,15.67906688683609,0.22129982440688106
2174,587199.8808133993,517565.2687312527,T,15.813158344188764,0.27767326003993226,0.5269471131336922,15.813158344188764,0.27767326003993226
2175,587200.1688701215,517565.2687312527,T,15.954109715591263,0.3249698256995948,0.570061247323123,15.954109715591263,0.3249698256995948
2176,587200.4569268436,517565.2687312527,T,16.089696849796397,0.36159382704303356,0.6013267223756429,16.089696849796397,0.36159382704303356
2177,587200.7449835659,517565.2687312527,T,16.211837184961535,0.3878568914985974,0.6227815760751095,16.211837184961535,0.3878568914985974
2178,587201.033040288,517565.2687312527,T,16.31679022897349,0.40515367861804485,0.6365168329416315,16.31679022897349,0.40515367861804485
2179,587201.3210970102,517565.2687312527,T,16.404242010692393,0.41513380939471817,0.6443087841980103,16.404242010692393,0.41513380939471817
2180,587201.6091537323,517565.2687312527,T,16.475868495539377,0.4190887466904599,0.6473706408931903,16.475868495539377,0.4190887466904599
2181,587201.8972104545,517565.2687312527,T,16.53402795899724,0.41760583756199376,0.6462242935405584,16.53402795899724,0.41760583756199376
2182,587202.1852671766,517565.2687312527,T,16.581059881664356,0.41044710985764343,0.6406614627536477,16.581059881664356,0.41044710985764343
2183,587202.4733238987,517565.2687312527,T,16.619351105840686,0.3966127057846461,0.629771947441807,16.619351105840686,0.3966127057846461
2184,587202.7613806209,517565.2687312527,T,16.651972875092824,0.37459194497094783,0.6120391694744282,16.651972875092824,0.37459194497094783
2185,587203.049437343,517565.2687312527,T,16.683404050293674,0.3428268649076995,0.585514188476846,16.683404050293674,0.3428268649076995
2186,587203.3374940652,517565.2687312527,T,16.719741513849698,0.3003888979992337,0.5480774562041698,16.719741513849698,0.3003888979992337
2187,587203.6255507873,517565.2687312527,T,16.76793479623492,0.24779777511259465,0.49779290383913133,16.76793479623492,0.24779777511259465
2188,587203.9136075096,517565.2687312527,T,16.833969183731984,0.187787721224723,0.4333448063894651,16.833969183731984,0.187787721224723
2189,587204.2016642317,517565.2687312527,T,16.92044565626993,0.12567325292333736,0.3545042354095891,16.92044565626993,0.12567325292333736
2190,587204.4897209539,517565.2687312527,T,17.02444781051513,0.06891321337449642,0.2625132632353962,17.02444781051513,0.06891321337449642
2191,587204.777777676,517565.2687312527,T,17.13670511760042,0.02570196842482978,0.16031833464962697,17.13670511760042,0.02570196842482978
2192,587205.0658343981,517565.2687312527,T,17.242726288521776,0.0029291029588400562,0.054121187707219215,17.242726288521776,0.0029291029588400562
2193,587205.3538911203,517565.2687312527,T,17.325864168707437,0.004300647585503225,0.06557932285029501,17.325864168707437,0.004300647585503225
2194,587205.6419478424,517565.2687312527,T,17.371472032664155,0.029396859353969535,0.17145512344041963,17.371472032664155,0.029396859353969535
2195,587205.9300045646,517565.2687312527,T,17.37079239848877,0.0739485130769707,0.27193475886133184,17.37079239848877,0.0739485130769707
2196,587206.2180612867,517565.2687312527,T,17.323248007150816,0.1310690398916749,0.3620345838337477,17.323248007150816,0.1310690398916749
2197,587206.506118009,517565.2687312527,T,17.236388371259288,0.19293989596860225,0.43924924128403714,17.236388371259288,0.19293989596860225
2198,587206.7941747311,517565.2687312527,T,17.123622649304824,0.2524692615725832,0.5024631942466863,17.123622649304824,0.2524692615725832
2199,587207.0822314533,517565.2687312527,T,17.000644908692795,0.3045272913698746,0.5518399146218717,17.000644908692795,0.3045272913698746
2200,587207.3702881754,517565.2687312527,T,16.88180691224571,0.3464795662069203,0.5886251491458042,16.88180691224571,0.3464795662069203
2201,587207.6583448976,517565.2687312527,T,16.777519007290714,0.37797471702501384,0.6147964842328019,16.777519007290714,0.37797471702501384
2202,587207.9464016197,517565.2687312527,T,16.693212765652873,0.40022619163073153,0.6326343269462474,16.693212765652873,0.40022619163073153
2203,587208.2344583418,517565.2687312527,T,16.629770344677386,0.4151712213148434,0.6443378161452604,16.629770344677386,0.4151712213148434
2204,587208.522515064,517565.2687312527,T,16.584882838909394,0.42481102473559723,0.6517752869936059,16.584882838909394,0.42481102473559723
2205,587208.8105717861,517565.2687312527,T,16.55466874485856,0.4308428796367164,0.6563862274886002,16.55466874485856,0.4308428796367164
2206,587209.0986285083,517565.2687312527,T,16.53502516006059,0.43453989942786364,0.6591964042892404,16.53502516006059,0.43453989942786364
2207,587209.3866852304,517565.2687312527,T,16.522458147792932,0.4367783071970495,0.6608920541185599,16.522458147792932,0.4367783071970495
2208,587209.6747419527,517565.2687312527,T,16.514396368441368,0.43812492844495754,0.6619100606917511,16.514396368441368,0.43812492844495754
2209,587209.9627986748,517565.2687312527,T,16.509144618554352,0.43893151762592975,0.6625190696319085,16.509144618554352,0.43893151762592975
2210,587194.9838491228,517565.55678797484,T,16.466605254557848,0.42911202903044204,0.655066431005621,16.466605254557848,0.42911202903044204
2211,587195.2719058449,517565.55678797484,T,16.4554891568321,0.4219941555316994,0.6496107723334792,16.4554891568321,0.4219941555316994
2212,587195.5599625671,517565.55678797484,T,16.438922932457157,0.41071042568277916,0.6408669328985379,16.438922932457157,0.41071042568277916
2213,587195.8480192892,517565.55678797484,T,16.413295632207817,0.393450912839917,0.6272566562739028,16.413295632207817,0.393450912839917
2214,587196.1360760113,517565.55678797484,T,16.373862253022573,0.36822267398897657,0.6068135413691561,16.373862253022573,0.36822267398897657
2215,587196.4241327335,517565.55678797484,T,16.31539678538187,0.33328245149366664,0.5773062025421749,16.31539678538187,0.33328245149366664
2216,587196.7121894556,517565.55678797484,T,16.233439076135326,0.2878139460061125,0.5364829410205999,16.233439076135326,0.2878139460061125
2217,587197.0002461778,517565.55678797484,T,16.125984153693857,0.23275279812151367,0.4824446062725893,16.125984153693857,0.23275279812151367
2218,587197.2883028999,517565.55678797484,T,15.995201200767958,0.17148690161451022,0.41410977000610627,15.995201200767958,0.17148690161451022
2219,587197.5763596221,517565.55678797484,T,15.848577201965957,0.1100038532795356,0.33166828802213755,15.848577201965957,0.1100038532795356
2220,587197.8644163442,517565.55678797484,T,15.69888145021446,0.05611675372695207,0.23688975015173636,15.69888145021446,0.05611675372695207
2221,587198.1524730665,517565.55678797484,T,15.562611986483862,0.017791114303925083,0.1333833359304118,15.562611986483862,0.017791114303925083
2222,587198.4405297886,517565.55678797484,T,15.45707049959068,0.0011215751972670797,0.03348992680295195,15.45707049959068,0.0011215751972670797
2223,587198.7285865108,517565.55678797484,T,15.396749551975253,0.008749565292541018,0.09353911103138098,15.396749551975253,0.008749565292541018
2224,587199.0166432329,517565.55678797484,T,15.39007070633424,0.03927243909621136,0.19817275063996906,15.39007070633424,0.03927243909621136
2225,587199.304699955,517565.55678797484,T,15.437496675681219,0.08771999024648368,0.296175607109167,15.437496675681219,0.08771999024648368
2226,587199.5927566772,517565.55678797484,T,15.531621712870987,0.14683590022965987,0.3831917277677845,15.531621712870987,0.14683590022965987
2227,587199.8808133993,517565.55678797484,T,15.65917781651279,0.20877305324333423,0.45691689971299404,15.65917781651279,0.20877305324333423
2228,587200.1688701215,517565.55678797484,T,15.804257485274892,0.2667466492738583,0.5164752165146536,15.804257485274892,0.2667466492738583
2229,587200.4569268436,517565.55678797484,T,15.951709402906681,0.31617388558904175,0.5622934159218315,15.951709402906681,0.31617388558904175
2230,587200.7449835659,517565.55678797484,T,16.089731255120874,0.3550003805390761,0.5958190837318624,16.089731255120874,0.3550003805390761
2231,587201.033040288,517565.55678797484,T,16.21109354075829,0.3832640962854401,0.6190832708815835,16.21109354075829,0.3832640962854401
2232,587201.3210970102,517565.55678797484,T,16.312973994247063,0.4022455514832051,0.6342283117956854,16.312973994247063,0.4022455514832051
2233,587201.6091537323,517565.55678797484,T,16.39583677933553,0.4136018372160422,0.6431188359984819,16.39583677933553,0.4136018372160422
2234,587201.8972104545,517565.55678797484,T,16.462006921188262,0.41872109845094424,0.647086623606874,16.462006921188262,0.41872109845094424
2235,587202.1852671766,517565.55678797484,T,16.514540767365457,0.4183448224849275,0.6467958120496201,16.514540767365457,0.4183448224849275
2236,587202.4733238987,517565.55678797484,T,16.556743901791524,0.41241095737164324,0.6421923055998439,16.556743901791524,0.41241095737164324
2237,587202.7613806209,517565.55678797484,T,16.592346974131793,0.4000731574651844,0.6325133654439125,16.592346974131793,0.4000731574651844
2238,587203.049437343,517565.55678797484,T,16.62602810297006,0.3798945480858262,0.6163558615652375,16.62602810297006,0.3798945480858262
2239,587203.3374940652,517565.55678797484,T,16.663767265935334,0.35025109103350227,0.5918201509187586,16.663767265935334,0.35025109103350227
2240,587203.6255507873,517565.55678797484,T,16.712514538573192,0.30997864059765756,0.5567572546430424,16.712514538573192,0.30997864059765756
2241,587203.9136075096,517565.55678797484,T,16.7788897993018,0.2592239207719723,0.5091403743290963,16.7788897993018,0.2592239207719723
2242,587204.2016642317,517565.55678797484,T,16.86706514069213,0.20029242581031298,0.44754041807451644,16.86706514069213,0.20029242581031298
2243,587204.4897209539,517565.55678797484,T,16.97646556870285,0.13809632869465868,0.37161314386692335,16.97646556870285,0.13809632869465868
2244,587204.777777676,517565.55678797484,T,17.100235781191937,0.07978303133639997,0.28245890203072016,17.100235781191937,0.07978303133639997
2245,587205.0658343981,517565.55678797484,T,17.225358316630864,0.0334218003614324,0.18281630223104395,17.225358316630864,0.0334218003614324
2246,587205.3538911203,517565.55678797484,T,17.334811071051554,0.0061178310993299685,0.07821656537671523,17.334811071051554,0.0061178310993299685
2247,587205.6419478424,517565.55678797484,T,17.411375216917516,0.0022414530429886157,0.04734398634450437,17.411375216917516,0.0022414530429886157
2248,587205.9300045646,517565.55678797484,T,17.44197807470046,0.022370488136374028,0.149567670759339,17.44197807470046,0.022370488136374028
2249,587206.2180612867,517565.55678797484,T,17.4211316811445,0.06320139519106133,0.2513988766702455,17.4211316811445,0.06320139519106133
2250,587206.506118009,517565.55678797484,T,17.35229183288295,0.11838873767232827,0.3440766450550346,17.35229183288295,0.11838873767232827
2251,587206.7941747311,517565.55678797484,T,17.246719491665043,0.18008467385200927,0.424363846070809,17.246719491665043,0.18008467385200927
2252,587207.0822314533,517565.55678797484,T,17.120340121619304,0.24075601236986352,0.49066894375929637,17.120340121619304,0.24075601236986352
2253,587207.3702881754,517565.55678797484,T,16.989761871434112,0.2947020233217285,0.5428646454888442,16.989761871434112,0.2947020233217285
2254,587207.6583448976,517565.55678797484,T,16.868764979184416,0.33879258971696163,0.5820589228909403,16.868764979184416,0.33879258971696163
2255,587207.9464016197,517565.55678797484,T,16.766208091709373,0.37232662544106054,0.6101857302830512,16.766208091709373,0.37232662544106054
2256,587208.2344583418,517565.55678797484,T,16.685642447250657,0.3963095136593332,0.6295311856130189,16.685642447250657,0.3963095136593332
2257,587208.522515064,517565.55678797484,T,16.626301512713148,0.4125910512562221,0.6423325083289978,16.626301512713148,0.4125910512562221
2258,587208.8105717861,517565.55678797484,T,16.5847831011341,0.42317993315329666,0.6505228152442439,16.5847831011341,0.42317993315329666
2259,587209.0986285083,517565.55678797484,T,16.55673076767254,0.4298402893404371,0.6556220628841262,16.55673076767254,0.4298402893404371
2260,587209.3866852304,517565.55678797484,T,16.538056855659832,0.4339325475679972,0.6587355672559341,16.538056855659832,0.4339325475679972
2261,587209.6747419527,517565.55678797484,T,16.525562028885854,0.4364120064968187,0.6606148700239942,16.525562028885854,0.4364120064968187
2262,587209.9627986748,517565.55678797484,T,16.517050442531357,0.43790402060462186,0.6617431681586308,16.517050442531357,0.43790402060462186
2263,587210.250855397,517565.55678797484,T,16.51115055019441,0.4387984845946736,0.6624186626255888,16.51115055019441,0.4387984845946736
2264,587195.2719058449,517565.844844697,T,16.47125942887434,0.43017902714544104,0.6558803451434119,16.47125942887434,0.43017902714544104
2265,587195.5599625671,517565.844844697,T,16.458793898802394,0.42372366126353145,0.6509405973385985,16.458793898802394,0.42372366126353145
2266,587195.8480192892,517565.844844697,T,16.438871861190144,0.4134413478292966,0.6429940496064459,16.438871861190144,0.4134413478292966
2267,587196.1360760113,517565.844844697,T,16.40722441886667,0.39759233002475725,0.6305492288669912,16.40722441886667,0.39759233002475725
2268,587196.4241327335,517565.844844697,T,16.358687635485985,0.3741762869109342,0.6116995070383285,16.358687635485985,0.3741762869109342
2269,587196.7121894556,517565.844844697,T,16.28808532529468,0.3413166675567185,0.584223131651528,16.28808532529468,0.3413166675567185
2270,587197.0002461778,517565.844844697,T,16.191669771867016,0.29792633063243085,0.545826282467628,16.191669771867016,0.29792633063243085
2271,587197.2883028999,517565.844844697,T,16.068883383053176,0.24456380415281273,0.49453392618991543,16.068883383053176,0.24456380415281273
2272,587197.5763596221,517565.844844697,T,15.923952401194825,0.18418111712843624,0.4291632756054929,15.923952401194825,0.18418111712843624
2273,587197.8644163442,517565.844844697,T,15.766680075028379,0.12232255078642475,0.3497464092545122,15.766680075028379,0.12232255078642475
2274,587198.1524730665,517565.844844697,T,15.611888249513633,0.06644949901557362,0.2577780033586528,15.611888249513633,0.06644949901557362
2275,587198.4405297886,517565.844844697,T,15.477305784469797,0.024455746891914966,0.15638333316538233,15.477305784469797,0.024455746891914966
2276,587198.7285865108,517565.844844697,T,15.38023575200881,0.0028401911051729577,0.053293443360069706,15.38023575200881,0.0028401911051729577
2277,587199.0166432329,517565.844844697,T,15.333848447110613,0.005130202960404123,0.07162543514984131,15.333848447110613,0.005130202960404123
2278,587199.304699955,517565.844844697,T,15.344204240253285,0.030997213973224105,0.17606025665443098,15.344204240253285,0.030997213973224105
2279,587199.5927566772,517565.844844697,T,15.40895540375372,0.07629415464099673,0.27621396532579,15.40895540375372,0.07629415464099673
2280,587199.8808133993,517565.844844697,T,15.518136805286366,0.13405539295035684,0.36613575754132077,15.518136805286366,0.13405539295035684
2281,587200.1688701215,517565.844844697,T,15.656745379643992,0.1962258242359769,0.4429738414804839,15.656745379643992,0.1962258242359769
2282,587200.4569268436,517565.844844697,T,15.808227963673648,0.25555161462258014,0.5055211317270328,15.808227963673648,0.25555161462258014
2283,587200.7449835659,517565.844844697,T,15.957783027226789,0.3069473975691117,0.5540283364315509,15.957783027226789,0.3069473975691117
2284,587201.033040288,517565.844844697,T,16.094592217983827,0.34793734825119227,0.5898621434294561,16.094592217983827,0.34793734825119227
2285,587201.3210970102,517565.844844697,T,16.21259815725675,0.3782546796452679,0.6150241293195479,16.21259815725675,0.3782546796452679
2286,587201.6091537323,517565.844844697,T,16.309995522527775,0.3990060890247876,0.6316692877010783,16.309995522527775,0.3990060890247876
2287,587201.8972104545,517565.844844697,T,16.387984223881727,0.41180971550392953,0.6417240181759831,16.387984223881727,0.41180971550392953
2288,587202.1852671766,517565.844844697,T,16.449439781324976,0.41813040632899323,0.6466300382204597,16.449439781324976,0.41813040632899323
2289,587202.4733238987,517565.844844697,T,16.498007564431724,0.41886108354296586,0.6471947802191902,16.498007564431724,0.41886108354296586
2290,587202.7613806209,517565.844844697,T,16.53782591839806,0.41411734875037304,0.643519501453043,16.53782591839806,0.41411734875037304
2291,587203.049437343,517565.844844697,T,16.573749793365334,0.4032079588173227,0.6349865816041491,16.573749793365334,0.4032079588173227
2292,587203.3374940652,517565.844844697,T,16.611686057243606,0.3847793224493747,0.6203058297721977,16.611686057243606,0.3847793224493747
2293,587203.6255507873,517565.844844697,T,16.658544432470126,0.35717601478420474,0.5976420456964225,16.658544432470126,0.35717601478420474
2294,587203.9136075096,517565.844844697,T,16.721406617475484,0.31906674905159865,0.5648599375523092,16.721406617475484,0.31906674905159865
2295,587204.2016642317,517565.844844697,T,16.80582509127703,0.270300083297748,0.519903917371035,16.80582509127703,0.270300083297748
2296,587204.4897209539,517565.844844697,T,16.913606059753118,0.21276920511077477,0.4612691243848593,16.913606059753118,0.21276920511077477
2297,587204.777777676,517565.844844697,T,17.04084062228836,0.15089308341145571,0.388449589279556,17.04084062228836,0.15089308341145571
2298,587205.0658343981,517565.844844697,T,17.17711265321165,0.09134742394044813,0.30223736357447295,17.17711265321165,0.09134742394044813
2299,587205.3538911203,517565.844844697,T,17.30657749555746,0.04196574199433362,0.20485541729310852,17.30657749555746,0.04196574199433362
2300,587205.6419478424,517565.844844697,T,17.41098592148824,0.01009614530819173,0.10047957657251413,17.41098592148824,0.01009614530819173
2301,587205.9300045646,517565.844844697,T,17.47394362096943,8.926176256846414e-4,0.029876707075657476,17.47394362096943,8.926176256846414e-4
2302,587206.2180612867,517565.844844697,T,17.485098398754975,0.016004694929086568,0.12650966338223563,17.485098398754975,0.016004694929086568
2303,587206.506118009,517565.844844697,T,17.44284401099958,0.05305024385840355,0.23032638550197315,17.44284401099958,0.05305024385840355
2304,587206.7941747311,517565.844844697,T,17.35461336668535,0.10613350278417333,0.32578137267832447,17.35461336668535,0.10613350278417333
2305,587207.0822314533,517565.844844697,T,17.234711555021967,0.16736229271374609,0.40909936777480616,17.234711555021967,0.16736229271374609
2306,587207.3702881754,517565.844844697,T,17.100521151012874,0.22885625417962344,0.478389228745405,17.100521151012874,0.22885625417962344
2307,587207.6583448976,517565.844844697,T,16.96841315841295,0.28446610796313593,0.5333536424954234,16.96841315841295,0.28446610796313593
2308,587207.9464016197,517565.844844697,T,16.85063183197613,0.33062192422854364,0.5749973254099046,16.85063183197613,0.33062192422854364
2309,587208.2344583418,517565.844844697,T,16.75388392040571,0.36624301391078734,0.605180149964279,16.75388392040571,0.36624301391078734
2310,587208.522515064,517565.844844697,T,16.679647926574557,0.3920587931482771,0.6261459838953509,16.679647926574557,0.3920587931482771
2311,587208.8105717861,517565.844844697,T,16.625651720384294,0.40977767408576604,0.6401387928299347,16.625651720384294,0.40977767408576604
2312,587209.0986285083,517565.844844697,T,16.587741651756076,0.421393393209914,0.6491482058897752,16.587741651756076,0.421393393209914
2313,587209.3866852304,517565.844844697,T,16.561483718633344,0.42873608863797824,0.6547794198338691,16.561483718633344,0.42873608863797824
2314,587209.6747419527,517565.844844697,T,16.543151458259384,0.43325963460173916,0.6582246080189794,16.543151458259384,0.43325963460173916
2315,587209.9627986748,517565.844844697,T,16.530080911640145,0.4360040413922972,0.6603060210177529,16.530080911640145,0.4360040413922972
2316,587210.250855397,517565.844844697,T,16.520581333107277,0.43765703968995384,0.6615565279626178,16.520581333107277,0.43765703968995384
2317,587210.5389121191,517565.844844697,T,16.513647027806726,0.43864933799850747,0.6623060757674714,16.513647027806726,0.43864933799850747
2318,587195.5599625671,517566.1329014191,T,16.473318005420754,0.4311476979426695,0.6566183807529831,16.473318005420754,0.4311476979426695
2319,587195.8480192892,517566.1329014191,T,16.45869021316274,0.4253026796057659,0.652152343862817,16.45869021316274,0.4253026796057659
2320,587196.1360760113,517566.1329014191,T,16.434656496613965,0.4159463598675926,0.6449390357759349,16.434656496613965,0.4159463598675926
2321,587196.4241327335,517566.1329014191,T,16.39648682799292,0.40140869231493903,0.6335682223051745,16.39648682799292,0.40140869231493903
2322,587196.7121894556,517566.1329014191,T,16.338860211426123,0.37970144638101344,0.6161991937523235,16.338860211426123,0.37970144638101344
2323,587197.0002461778,517566.1329014191,T,16.256946926474654,0.3488659204640574,0.5906487284876328,16.256946926474654,0.3488659204640574
2324,587197.2883028999,517566.1329014191,T,16.147983477577363,0.30761345289583536,0.5546291129176645,16.147983477577363,0.30761345289583536
2325,587197.5763596221,517566.1329014191,T,16.01302193174562,0.25616324893801207,0.5061257244381203,16.01302193174562,0.25616324893801207
2326,587197.8644163442,517566.1329014191,T,15.858306888536596,0.1969851661850739,0.44383010959721275,15.858306888536596,0.1969851661850739
2327,587198.1524730665,517566.1329014191,T,15.695651123623913,0.13505881949719245,0.3675034958979199,15.695651123623913,0.13505881949719245
2328,587198.4405297886,517566.1329014191,T,15.541347141660772,0.07738744762752978,0.2781859946645945,15.541347141660772,0.07738744762752978
2329,587198.7285865108,517566.1329014191,T,15.413574532927239,0.03179259023201618,0.17830476783310137,15.413574532927239,0.03179259023201618
2330,587199.0166432329,517566.1329014191,T,15.328817278828735,0.005266693479002697,0.07257198825306288,15.328817278828735,0.005266693479002697
2331,587199.304699955,517566.1329014191,T,15.298263478977965,0.002282768578865342,0.04777832750175902,15.298263478977965,0.002282768578865342
2332,587199.5927566772,517566.1329014191,T,15.325293524772585,0.023529791584601032,0.15339423582586484,15.325293524772585,0.023529791584601032
2333,587199.8808133993,517566.1329014191,T,15.404866497462358,0.06556586301760152,0.25605831956333996,15.404866497462358,0.06556586301760152
2334,587200.1688701215,517566.1329014191,T,15.524982008364221,0.12167315613212569,0.34881679450984826,15.524982008364221,0.12167315613212569
2335,587200.4569268436,517566.1329014191,T,15.669687628221283,0.1836830620449969,0.4285826198587583,15.669687628221283,0.1836830620449969
2336,587200.7449835659,517566.1329014191,T,15.82262302616236,0.24403037208283695,0.49399430369472574,15.82262302616236,0.24403037208283695
2337,587201.033040288,517566.1329014191,T,15.970030382798019,0.29722759863959797,0.5451858386271584,15.970030382798019,0.29722759863959797
2338,587201.3210970102,517566.1329014191,T,16.102503186518607,0.3403715853060361,0.583413734245292,16.102503186518607,0.3403715853060361
2339,587201.6091537323,517566.1329014191,T,16.21530014811063,0.3728197165996145,0.6105896466528191,16.21530014811063,0.3728197165996145
2340,587201.8972104545,517566.1329014191,T,16.30756186896654,0.39543423258128124,0.6288356165018655,16.30756186896654,0.39543423258128124
2341,587202.1852671766,517566.1329014191,T,16.381044982126067,0.4097561661118683,0.6401219931480783,16.381044982126067,0.4097561661118683
2342,587202.4733238987,517566.1329014191,T,16.43897775352477,0.41731580536369545,0.6459998493526878,16.43897775352477,0.41731580536369545
2343,587202.7613806209,517566.1329014191,T,16.485411412153912,0.4191557969249717,0.6474224254109303,16.485411412153912,0.4191557969249717
2344,587203.049437343,517566.1329014191,T,16.525119176430824,0.4155678252006244,0.6446455035138494,16.525119176430824,0.4155678252006244
2345,587203.3374940652,517566.1329014191,T,16.563800703554055,0.4060176005995485,0.6371951040298006,16.563800703554055,0.4060176005995485
2346,587203.6255507873,517566.1329014191,T,16.608170419343182,0.3892525836899257,0.6239011008885348,16.608170419343182,0.3892525836899257
2347,587203.9136075096,517566.1329014191,T,16.66549848980403,0.36363034748508705,0.6030177008057782,16.66549848980403,0.36363034748508705
2348,587204.2016642317,517566.1329014191,T,16.742356656059467,0.32771345426355475,0.5724626225908157,16.742356656059467,0.32771345426355475
2349,587204.4897209539,517566.1329014191,T,16.84267179707317,0.2810896485968857,0.5301788835825939,16.84267179707317,0.2810896485968857
2350,587204.777777676,517566.1329014191,T,16.965606232904097,0.22520970720576355,0.47456264834662615,16.965606232904097,0.22520970720576355
2351,587205.0658343981,517566.1329014191,T,17.104090795694805,0.16390856077978794,0.40485622235528,17.104090795694805,0.16390856077978794
2352,587205.3538911203,517566.1329014191,T,17.2448467208695,0.10331335707941865,0.32142395224907966,17.2448467208695,0.10331335707941865
2353,587205.6419478424,517566.1329014191,T,17.370348455208383,0.05103281046011412,0.22590442771250438,17.370348455208383,0.05103281046011412
2354,587205.9300045646,517566.1329014191,T,17.462485497155853,0.014734059506646151,0.12138393430205725,17.462485497155853,0.014734059506646151
2355,587206.2180612867,517566.1329014191,T,17.506947759860292,3.8277359132270943e-4,0.01956460046417277,17.506947759860292,3.8277359132270943e-4
2356,587206.506118009,517566.1329014191,T,17.496933047041864,0.010606350881607728,0.10298713939909064,17.496933047041864,0.010606350881607728
2357,587206.7941747311,517566.1329014191,T,17.43490107907966,0.04379784580547064,0.20927934873147575,17.43490107907966,0.04379784580547064
2358,587207.0822314533,517566.1329014191,T,17.331768030524373,0.09446171746262441,0.3073462501196727,17.331768030524373,0.09446171746262441
2359,587207.3702881754,517566.1329014191,T,17.203869399875224,0.15477393730304717,0.3934131890303719,17.203869399875224,0.15477393730304717
2360,587207.6583448976,517566.1329014191,T,17.0688013560981,0.21669546738812873,0.4655056040351488,17.0688013560981,0.21669546738812873
2361,587207.9464016197,517566.1329014191,T,16.94154473946926,0.27375385060911134,0.5232149181828738,16.94154473946926,0.27375385060911134
2362,587208.2344583418,517566.1329014191,T,16.83199385339752,0.32194185674798514,0.5673992040424318,16.83199385339752,0.32194185674798514
2363,587208.522515064,517566.1329014191,T,16.744341686744473,0.35972375433635806,0.5997697511015023,16.744341686744473,0.35972375433635806
2364,587208.8105717861,517566.1329014191,T,16.678054403213874,0.38747565171866966,0.6224754225820243,16.678054403213874,0.38747565171866966
2365,587209.0986285083,517566.1329014191,T,16.62970558632679,0.4067239048492725,0.637749092393923,16.62970558632679,0.4067239048492725
2366,587209.3866852304,517566.1329014191,T,16.594864207268394,0.4194379603514812,0.6476403016732986,16.594864207268394,0.4194379603514812
2367,587209.6747419527,517566.1329014191,T,16.569469710144553,0.4275167182384313,0.6538476261625726,16.569469710144553,0.4275167182384313
2368,587209.9627986748,517566.1329014191,T,16.5504953845185,0.4325110359663259,0.6576557123345967,16.5504953845185,0.4325110359663259
2369,587210.250855397,517566.1329014191,T,16.536011025525443,0.43554809483058615,0.6599606767305051,16.536011025525443,0.43554809483058615
2370,587210.5389121191,517566.1329014191,T,16.524907238539182,0.43738042101735797,0.6613474283743439,16.524907238539182,0.43738042101735797
2371,587210.8269688413,517566.1329014191,T,16.51653842145971,0.4384821512150008,0.6621798480888714,16.51653842145971,0.4384821512150008
2372,587211.1150255634,517566.1329014191,T,16.51044570367878,0.43914234078599884,0.6626781577704209,16.51044570367878,0.43914234078599884
2373,587196.1360760113,517566.42095814133,T,16.455907511156553,0.42674029025771976,0.6532536186334674,16.455907511156553,0.42674029025771976
2374,587196.4241327335,517566.42095814133,T,16.427424765613626,0.4182332437658833,0.6467095513179647,16.427424765613626,0.4182332437658833
2375,587196.7121894556,517566.42095814133,T,16.382787888820864,0.404911567015688,0.6363266197603932,16.382787888820864,0.404911567015688
2376,587197.0002461778,517566.42095814133,T,16.316780690358737,0.3848259773046154,0.6203434349653548,16.316780690358737,0.3848259773046154
2377,587197.2883028999,517566.42095814133,T,16.225186891387377,0.3559824831485404,0.5966426762716026,16.225186891387377,0.3559824831485404
2378,587197.5763596221,517566.42095814133,T,16.106427983016932,0.3169317721893448,0.5629669370303596,16.106427983016932,0.3169317721893448
2379,587197.8644163442,517566.42095814133,T,15.963211332059997,0.26755041874371405,0.517252760982205,15.963211332059997,0.26755041874371405
2380,587198.1524730665,517566.42095814133,T,15.803609009560496,0.20977058170589924,0.4580071852120873,15.803609009560496,0.20977058170589924
2381,587198.4405297886,517566.42095814133,T,15.640977071873087,0.14794939649466954,0.38464190683630606,15.640977071873087,0.14794939649466954
2382,587198.7285865108,517566.42095814133,T,15.492373145404374,0.08863787678067668,0.2977211392909087,15.492373145404374,0.08863787678067668
2383,587199.0166432329,517566.42095814133,T,15.375606157024917,0.039649721277331976,0.19912237764081658,15.375606157024917,0.039649721277331976
2384,587199.304699955,517566.42095814133,T,15.305593832418761,0.008496039547705444,0.09217396350220296,15.305593832418761,0.008496039547705444
2385,587199.5927566772,517566.42095814133,T,15.291071801660857,4.954215432360616e-4,0.022258066924961423,15.291071801660857,4.954215432360616e-4
2386,587199.8808133993,517566.42095814133,T,15.332691955670246,0.017176584221466173,0.1310594682633276,15.332691955670246,0.017176584221466173
2387,587200.1688701215,517566.42095814133,T,15.423122869525727,0.05570367570403133,0.23601626152456387,15.423122869525727,0.05570367570403133
2388,587200.4569268436,517566.42095814133,T,15.549079494979479,0.10968984729151318,0.33119457618069953,15.549079494979479,0.10968984729151318
2389,587200.7449835659,517566.42095814133,T,15.69455642572799,0.17105898409095874,0.4135927756754931,15.69455642572799,0.17105898409095874
2390,587201.033040288,517566.42095814133,T,15.844199720635991,0.23210826604950274,0.4817761576183516,15.844199720635991,0.23210826604950274
2391,587201.3210970102,517566.42095814133,T,15.985850344820012,0.28699153734687516,0.5357159110450941,15.985850344820012,0.28699153734687516
2392,587201.6091537323,517566.42095814133,T,16.11174002032678,0.3323151241400756,0.5764677997426011,16.11174002032678,0.3323151241400756
2393,587201.8972104545,517566.42095814133,T,16.21838203029578,0.3669741061532137,0.6057838774292476,16.21838203029578,0.3669741061532137
2394,587202.1852671766,517566.42095814133,T,16.305626489756605,0.39153197631136905,0.6257251603630535,16.305626489756605,0.39153197631136905
2395,587202.4733238987,517566.42095814133,T,16.375499756515314,0.4074332984693237,0.6383050199311641,16.375499756515314,0.4074332984693237
2396,587202.7613806209,517566.42095814133,T,16.43132637690699,0.4162684789407892,0.6451887157574823,16.43132637690699,0.4162684789407892
2397,587203.049437343,517566.42095814133,T,16.477349341979536,0.41922450985778204,0.647475489773769,16.477349341979536,0.41922450985778204
2398,587203.3374940652,517566.42095814133,T,16.518757003954253,0.41676396601698196,0.64557258772115,16.518757003954253,0.41676396601698196
2399,587203.6255507873,517566.42095814133,T,16.561797897820796,0.40851332085220277,0.6391504680841615,16.561797897820796,0.40851332085220277
2400,587203.9136075096,517566.42095814133,T,16.61357766546552,0.3933430840112102,0.6271706976662814,16.61357766546552,0.3933430840112102
2401,587204.2016642317,517566.42095814133,T,16.681211724917556,0.36966291385232525,0.6079991067857956,16.681211724917556,0.36966291385232525
2402,587204.4897209539,517566.42095814133,T,16.77025087181172,0.3359652554789395,0.5796250990760662,16.77025087181172,0.3359652554789395
2403,587204.777777676,517566.42095814133,T,16.882655519332815,0.29158069723583735,0.5399821267744307,16.882655519332815,0.29158069723583735
2404,587205.0658343981,517566.42095814133,T,17.01495126045269,0.23748388591999278,0.4873231842627568,17.01495126045269,0.23748388591999278
2405,587205.3538911203,517566.42095814133,T,17.157384250350123,0.1768959773339865,0.42059003475354295,17.157384250350123,0.1768959773339865
2406,587205.6419478424,517566.42095814133,T,17.294756291284717,0.11542090819660927,0.3397365276160473,17.294756291284717,0.11542090819660927
2407,587205.9300045646,517566.42095814133,T,17.409119570541378,0.060507965118982446,0.24598366839890498,17.409119570541378,0.060507965118982446
2408,587206.2180612867,517566.42095814133,T,17.483796043482396,0.020151599518434166,0.14195632961736565,17.483796043482396,0.020151599518434166
2409,587206.506118009,517566.42095814133,T,17.50755709973682,0.00100178942626929,0.03165105726937554,17.50755709973682,0.00100178942626929
2410,587206.7941747311,517566.42095814133,T,17.477575555023698,0.00645800349017533,0.08036170412687457,17.477575555023698,0.00645800349017533
2411,587207.0822314533,517566.42095814133,T,17.400106590394056,0.035571966998647675,0.18860532070609162,17.400106590394056,0.035571966998647675
2412,587207.3702881754,517566.42095814133,T,17.288658886584514,0.08333310584553034,0.2886747405741111,17.288658886584514,0.08333310584553034
2413,587207.6583448976,517566.42095814133,T,17.16033582702176,0.14220962114409177,0.37710690943562913,17.16033582702176,0.14220962114409177
2414,587207.9464016197,517566.42095814133,T,17.031647715558936,0.20419866629098973,0.45188346538791363,17.031647715558936,0.20419866629098973
2415,587208.2344583418,517566.42095814133,T,16.915157732306955,0.26255952694823353,0.5124056273580858,16.915157732306955,0.26255952694823353
2416,587208.522515064,517566.42095814133,T,16.81784525014253,0.3127852475657404,0.5592720693595742,16.81784525014253,0.3127852475657404
2417,587208.8105717861,517566.42095814133,T,16.74131973812522,0.35279645762424733,0.5939667142393144,16.74131973812522,0.35279645762424733
2418,587209.0986285083,517566.42095814133,T,16.68335584552825,0.3825628061179426,0.6185166174953932,16.68335584552825,0.3825628061179426
2419,587209.3866852304,517566.42095814133,T,16.639904416284143,0.40341331368437233,0.6351482611834597,16.639904416284143,0.40341331368437233
2420,587209.6747419527,517566.42095814133,T,16.60681634628785,0.41729203984810065,0.6459814547245925,16.60681634628785,0.41729203984810065
2421,587209.9627986748,517566.42095814133,T,16.58085925575243,0.42616465675893855,0.6528128803561849,16.58085925575243,0.42616465675893855
2422,587210.250855397,517566.42095814133,T,16.55999607996357,0.4316755633889397,0.6570202153578988,16.55999607996357,0.4316755633889397
2423,587210.5389121191,517566.42095814133,T,16.543158856155134,0.4350378988213558,0.6595740283102085,16.543158856155134,0.4350378988213558
2424,587210.8269688413,517566.42095814133,T,16.529828544807796,0.43707083846401007,0.6611133325414108,16.529828544807796,0.43707083846401007
2425,587211.1150255634,517566.42095814133,T,16.51966227879391,0.43829517703687076,0.6620386522227163,16.51966227879391,0.43829517703687076
2426,587211.4030822855,517566.42095814133,T,16.51227972474542,0.4390302424217929,0.6625935725780872,16.51227972474542,0.4390302424217929
2427,587196.4241327335,517566.7090148635,T,16.451274128078406,0.42804503748281275,0.6542515093469886,16.451274128078406,0.42804503748281275
2428,587196.7121894556,517566.7090148635,T,16.418422538800844,0.4203155424996494,0.6483174704569123,16.418422538800844,0.4203155424996494
2429,587197.0002461778,517566.7090148635,T,16.367907493341008,0.4081264380347978,0.6388477424510458,16.367907493341008,0.4081264380347978
2430,587197.2883028999,517566.7090148635,T,16.294862093922738,0.3895910779203447,0.624172314285362,16.294862093922738,0.3895910779203447
2431,587197.5763596221,517566.7090148635,T,16.19589842405185,0.3627086382132712,0.6022529686213852,16.19589842405185,0.3627086382132712
2432,587197.8644163442,517566.7090148635,T,16.07072971846898,0.3258813150668711,0.5708601536864095,16.07072971846898,0.3258813150668711
2433,587198.1524730665,517566.7090148635,T,15.923632267833575,0.2786296385944349,0.5278538041867605,15.923632267833575,0.2786296385944349
2434,587198.4405297886,517566.7090148635,T,15.7641652165259,0.22233508089449885,0.47152421029518604,15.7641652165259,0.22233508089449885
2435,587198.7285865108,517566.7090148635,T,15.606631831161708,0.16076228382638943,0.40095172256319017,15.606631831161708,0.16076228382638943
2436,587199.0166432329,517566.7090148635,T,15.468085076969517,0.10007855145802218,0.3163519423964743,15.468085076969517,0.10007855145802218
2437,587199.304699955,517566.7090148635,T,15.365182270979403,0.04811292859062972,0.2193465946638555,15.365182270979403,0.04811292859062972
2438,587199.5927566772,517566.7090148635,T,15.310687324707862,0.01278281029376373,0.11306109098077786,15.310687324707862,0.01278281029376373
2439,587199.8808133993,517566.7090148635,T,15.310669624776812,3.0931896810823444e-5,0.005561645153263866,15.310669624776812,3.0931896810823444e-5
2440,587200.1688701215,517566.7090148635,T,15.363299553416645,0.012054773315797478,0.10979423170548386,15.363299553416645,0.012054773315797478
2441,587200.4569268436,517566.7090148635,T,15.459615339861903,0.04665172161136336,0.2159900960955464,15.459615339861903,0.04665172161136336
2442,587200.7449835659,517566.7090148635,T,15.585947497226847,0.09797434611323722,0.31300854000048817,15.585947497226847,0.09797434611323722
2443,587201.033040288,517566.7090148635,T,15.727138540432243,0.15826598797919425,0.3978265802824068,15.727138540432243,0.15826598797919425
2444,587201.3210970102,517566.7090148635,T,15.869522001687647,0.21978659790273233,0.4688140333892879,15.869522001687647,0.21978659790273233
2445,587201.6091537323,517566.7090148635,T,16.002871348752084,0.27629470250626004,0.5256374249482813,16.002871348752084,0.27629470250626004
2446,587201.8972104545,517566.7090148635,T,16.121040049249387,0.3238200416861545,0.569051879608665,16.121040049249387,0.3238200416861545
2447,587202.1852671766,517566.7090148635,T,16.22153053980169,0.36073646571745827,0.6006134078735325,16.22153053980169,0.36073646571745827
2448,587202.4733238987,517566.7090148635,T,16.304534989022763,0.3872892576102993,0.6223256845176,16.304534989022763,0.3872892576102993
2449,587202.7613806209,517566.7090148635,T,16.37200566432661,0.40482129547771506,0.6362556840435416,16.37200566432661,0.40482129547771506
2450,587203.049437343,517566.7090148635,T,16.42710175770938,0.4149730934047835,0.6441840524297257,16.42710175770938,0.4149730934047835
2451,587203.3374940652,517566.7090148635,T,16.474060883012637,0.4190617527793816,0.6473497916732357,16.474060883012637,0.4190617527793816
2452,587203.6255507873,517566.7090148635,T,16.518286376501347,0.41771205008756473,0.6463064676200949,16.518286376501347,0.41771205008756473
2453,587203.9136075096,517566.7090148635,T,16.566302262309588,0.41071599613733656,0.6408712789143671,16.566302262309588,0.41071599613733656
2454,587204.2016642317,517566.7090148635,T,16.625233418816702,0.3970861909333564,0.6301477532558188,16.625233418816702,0.3970861909333564
2455,587204.4897209539,517566.7090148635,T,16.70161915306097,0.375308335715697,0.6126241390246527,16.70161915306097,0.375308335715697
2456,587204.777777676,517566.7090148635,T,16.799642020191918,0.3438178584044471,0.5863598369639987,16.799642020191918,0.3438178584044471
2457,587205.0658343981,517566.7090148635,T,16.919186953287003,0.30168584960300454,0.5492593646020107,16.919186953287003,0.30168584960300454
2458,587205.3538911203,517566.7090148635,T,17.054417797812253,0.2494165517968216,0.4994162109872101,17.054417797812253,0.2494165517968216
2459,587205.6419478424,517566.7090148635,T,17.19361533956816,0.18966462446139812,0.4355050223147813,17.19361533956816,0.18966462446139812
2460,587205.9300045646,517566.7090148635,T,17.32075157870202,0.12758739973037767,0.35719378456291434,17.32075157870202,0.12758739973037767
2461,587206.2180612867,517566.7090148635,T,17.41870159254257,0.0704958092199493,0.26551046913436255,17.41870159254257,0.0704958092199493
2462,587206.506118009,517566.7090148635,T,17.47331297069202,0.026589872243784007,0.16306401271826965,17.47331297069202,0.026589872243784007
2463,587206.7941747311,517566.7090148635,T,17.477072658768837,0.002968309888052371,0.05448219790034513,17.477072658768837,0.002968309888052371
2464,587207.0822314533,517566.7090148635,T,17.43110291295067,0.0036162749756732406,0.060135471858739416,17.43110291295067,0.0036162749756732406
2465,587207.3702881754,517566.7090148635,T,17.344751938116016,0.02826128044677805,0.16811091709576165,17.344751938116016,0.02826128044677805
2466,587207.6583448976,517566.7090148635,T,17.23292088521879,0.07258605893234435,0.2694180003866563,17.23292088521879,0.07258605893234435
2467,587207.9464016197,517566.7090148635,T,17.112100328815806,0.12958432005085319,0.35997822163410553,17.112100328815806,0.12958432005085319
2468,587208.2344583418,517566.7090148635,T,16.996500334692204,0.19139462894937684,0.4374867185976928,16.996500334692204,0.19139462894937684
2469,587208.522515064,517566.7090148635,T,16.895483092032592,0.2509724909208355,0.5009715470172288,16.895483092032592,0.2509724909208355
2470,587208.8105717861,517566.7090148635,T,16.812870381778048,0.3032277759429834,0.5506612170318366,16.812870381778048,0.3032277759429834
2471,587209.0986285083,517566.7090148635,T,16.74793102171182,0.3454868046981113,0.5877812558240619,16.74793102171182,0.3454868046981113
2472,587209.3866852304,517566.7090148635,T,16.69730466709379,0.37730423916052536,0.6142509578018787,16.69730466709379,0.37730423916052536
2473,587209.6747419527,517566.7090148635,T,16.656978455609877,0.39981414921342334,0.6323085870154093,16.656978455609877,0.39981414921342334
2474,587209.9627986748,517566.7090148635,T,16.623668571039243,0.41492741025504315,0.6441485933036283,16.623668571039243,0.41492741025504315
2475,587210.250855397,517566.7090148635,T,16.59537543221881,0.4246614333396707,0.6516605200099748,16.59537543221881,0.4246614333396707
2476,587210.5389121191,517566.7090148635,T,16.571254990403794,0.4307429033655593,0.6563100664819634,16.571254990403794,0.4307429033655593
2477,587210.8269688413,517566.7090148635,T,16.551139835810066,0.4344680118155817,0.6591418753315418,16.551139835810066,0.4344680118155817
2478,587211.1150255634,517566.7090148635,T,16.53503705883591,0.4367254059940068,0.6608520303320606,16.53503705883591,0.4367254059940068
2479,587211.4030822855,517566.7090148635,T,16.522800612767313,0.43808687549584124,0.6618813152641803,16.522800612767313,0.43808687549584124
2480,587211.6911390077,517566.7090148635,T,16.514024330639888,0.43890554504290424,0.6624994679566952,16.514024330639888,0.43890554504290424
2481,587196.7121894556,517566.9970715856,T,16.445651498865214,0.42922736691540014,0.6551544603491608,16.445651498865214,0.42922736691540014
2482,587197.0002461778,517566.9970715856,T,16.408899698858612,0.42221193155013853,0.6497783711005919,16.408899698858612,0.42221193155013853
2483,587197.2883028999,517566.9970715856,T,16.353566476370993,0.4110825201026138,0.6411571726984061,16.353566476370993,0.4110825201026138
2484,587197.5763596221,517566.9970715856,T,16.27534208902176,0.3940279821433432,0.6277164822938324,16.27534208902176,0.3940279821433432
2485,587197.8644163442,517566.9970715856,T,16.17180898222183,0.3690505152475416,0.6074952800207929,16.17180898222183,0.3690505152475416
2486,587198.1524730665,517566.9970715856,T,16.04396901899826,0.3344064926730934,0.5782789056096491,16.04396901899826,0.3344064926730934
2487,587198.4405297886,517566.9970715856,T,15.897447520700688,0.2892716491077677,0.5378397987391484,15.897447520700688,0.2892716491077677
2488,587198.7285865108,517566.9970715856,T,15.742822983224766,0.2345248610149819,0.4842776693333917,15.742822983224766,0.2345248610149819
2489,587199.0166432329,517566.9970715856,T,15.59467081275488,0.17342013607084233,0.416437433560964,15.59467081275488,0.17342013607084233
2490,587199.304699955,517566.9970715856,T,15.4692809830499,0.11178651239676485,0.33434490036003967,15.4692809830499,0.11178651239676485
2491,587199.5927566772,517566.9970715856,T,15.381504892468262,0.05738349624144729,0.23954852585947445,15.381504892468262,0.05738349624144729
2492,587199.8808133993,517566.9970715856,T,15.341598715053582,0.018313799574290867,0.13532848766719766,15.341598715053582,0.018313799574290867
2493,587200.1688701215,517566.9970715856,T,15.353046078297268,9.227607423937204e-4,0.030376977176699467,15.353046078297268,9.227607423937204e-4
2494,587200.4569268436,517566.9970715856,T,15.412063343417376,0.008027090892269407,0.08959403379840315,15.412063343417376,0.008027090892269407
2495,587200.7449835659,517566.9970715856,T,15.508906775552145,0.03821823598632415,0.19549484900202396,15.508906775552145,0.03821823598632415
2496,587201.033040288,517566.9970715856,T,15.63046448507961,0.08642254209705995,0.2939771115190092,15.63046448507961,0.08642254209705995
2497,587201.3210970102,517566.9970715856,T,15.763214041723987,0.14534002450097983,0.381234867897704,15.763214041723987,0.14534002450097983
2498,587201.6091537323,517566.9970715856,T,15.89562696718801,0.2071856300587857,0.4551764823217317,15.89562696718801,0.2071856300587857
2499,587201.8972104545,517566.9970715856,T,16.01946621819369,0.26524948916347096,0.5150237753380624,16.01946621819369,0.26524948916347096
2500,587202.1852671766,517566.9970715856,T,16.129942484359898,0.31493773827253957,0.5611931381196135,16.129942484359898,0.31493773827253957
2501,587202.4733238987,517566.9970715856,T,16.22511514428012,0.354101146109397,0.595063984886833,16.22511514428012,0.354101146109397
2502,587202.7613806209,517566.9970715856,T,16.305081379284847,0.38267522835837653,0.6186074913532623,16.305081379284847,0.38267522835837653
2503,587203.049437343,517566.9970715856,T,16.37138508302818,0.40189111080012024,0.6339488234866599,16.37138508302818,0.40189111080012024
2504,587203.3374940652,517566.9970715856,T,16.42681071006795,0.413413361214767,0.6429722865060103,16.42681071006795,0.413413361214767
2505,587203.6255507873,517566.9970715856,T,16.475453969272852,0.4186649443564576,0.6470432322159453,16.475453969272852,0.4186649443564576
2506,587203.9136075096,517566.9970715856,T,16.522785342195686,0.41842242758516107,0.6468558012301977,16.522785342195686,0.41842242758516107
2507,587204.2016642317,517566.9970715856,T,16.57538121836004,0.412647415930495,0.6423763818280487,16.57538121836004,0.412647415930495
2508,587204.4897209539,517566.9970715856,T,16.640085033930045,0.4005061419660616,0.6328555458918422,16.640085033930045,0.4005061419660616
2509,587204.777777676,517566.9970715856,T,16.722556812343974,0.38057034619333846,0.616903838692335,16.722556812343974,0.38057034619333846
2510,587205.0658343981,517566.9970715856,T,16.825440932095397,0.35122533734658007,0.5926426725663451,16.825440932095397,0.35122533734658007
2511,587205.3538911203,517566.9970715856,T,16.946660580903742,0.31130256620189306,0.557944949078216,16.946660580903742,0.31130256620189306
2512,587205.6419478424,517566.9970715856,T,17.078517692148296,0.26089309577344244,0.5107769530562655,17.078517692148296,0.26089309577344244
2513,587205.9300045646,517566.9970715856,T,17.208209536189997,0.2021730999436274,0.4496366310073362,17.208209536189997,0.2021730999436274
2514,587206.2180612867,517566.9970715856,T,17.320001913894902,0.13990314055244765,0.37403628240111636,17.320001913894902,0.13990314055244765
2515,587206.506118009,517566.9970715856,T,17.398700046064867,0.08117653189060586,0.28491495554043117,17.398700046064867,0.08117653189060586
2516,587206.7941747311,517566.9970715856,T,17.43346160734647,0.03418313045468689,0.18488680443635477,17.43346160734647,0.03418313045468689
2517,587207.0822314533,517566.9970715856,T,17.420697267591404,0.006248149092849178,0.07904523447273198,17.420697267591404,0.006248149092849178
2518,587207.3702881754,517566.9970715856,T,17.365005673869103,0.001884226643227081,0.04340767954207045,17.365005673869103,0.001884226643227081
2519,587207.6583448976,517566.9970715856,T,17.27776626940055,0.021642984783831355,0.14711554908924943,17.27776626940055,0.021642984783831355
2520,587207.9464016197,517566.9970715856,T,17.1738896829362,0.06212279690808599,0.24924445211094667,17.1738896829362,0.06212279690808599
2521,587208.2344583418,517566.9970715856,T,17.067904113363774,0.11696937973907467,0.34200786502516967,17.067904113363774,0.11696937973907467
2522,587208.522515064,517566.9970715856,T,16.97072648616731,0.17844740637709938,0.42243035683660257,16.97072648616731,0.17844740637709938
2523,587208.8105717861,517566.9970715856,T,16.888072777260575,0.23913707557987957,0.489016436921991,16.888072777260575,0.23913707557987957
2524,587209.0986285083,517566.9970715856,T,16.820723662097897,0.2933322201312206,0.5416015326152804,16.820723662097897,0.2933322201312206
2525,587209.3866852304,517566.9970715856,T,16.766145179016537,0.33778393640514853,0.5811918241038397,16.766145179016537,0.33778393640514853
2526,587209.6747419527,517566.9970715856,T,16.72057833537592,0.3716566697461348,0.6096365062446103,16.72057833537592,0.3716566697461348
2527,587209.9627986748,517566.9970715856,T,16.680761127405066,0.3958847012024632,0.6291936913244309,16.680761127405066,0.3958847012024632
2528,587210.250855397,517566.9970715856,T,16.644814636818058,0.41231653039563215,0.642118782154542,16.644814636818058,0.41231653039563215
2529,587210.5389121191,517566.9970715856,T,16.61227598059262,0.42299193839895427,0.6503783040653757,16.61227598059262,0.42299193839895427
2530,587210.8269688413,517566.9970715856,T,16.583581992487893,0.4297050907791686,0.6555189476889044,16.583581992487893,0.4297050907791686
2531,587211.1150255634,517566.9970715856,T,16.559404151643232,0.4338339881554494,0.6586607534652793,16.559404151643232,0.4338339881554494
2532,587211.4030822855,517566.9970715856,T,16.540141511986413,0.4363415530863357,0.6605615437537488,16.540141511986413,0.4363415530863357
2533,587211.6911390077,517566.9970715856,T,16.52570013014842,0.43785581877056534,0.6617067468075003,16.52570013014842,0.43785581877056534
2534,587211.9791957298,517566.9970715856,T,16.515529136658905,0.43876750102822326,0.6623952755177405,16.515529136658905,0.43876750102822326
2535,587197.0002461778,517567.28512830776,T,16.43987146892408,0.4302990067000727,0.6559718032812636,16.43987146892408,0.4302990067000727
2536,587197.2883028999,517567.28512830776,T,16.400019019232765,0.42394106157840283,0.6511075652904079,16.400019019232765,0.42394106157840283
2537,587197.5763596221,517567.28512830776,T,16.341296820246992,0.4138016183391271,0.6432741393365096,16.341296820246992,0.4138016183391271
2538,587197.8644163442,517567.28512830776,T,16.26010529609797,0.3981471067857564,0.6309889910178753,16.26010529609797,0.3981471067857564
2539,587198.1524730665,517567.28512830776,T,16.155050972512026,0.3749852848793527,0.6123604207322292,16.155050972512026,0.3749852848793527
2540,587198.4405297886,517567.28512830776,T,16.02830680796152,0.3424416712750796,0.5851851598212993,16.02830680796152,0.3424416712750796
2541,587198.7285865108,517567.28512830776,T,15.886508978198453,0.29939608648235144,0.5471709846860956,15.886508978198453,0.29939608648235144
2542,587199.0166432329,517567.28512830776,T,15.740701666239747,0.24630967829781958,0.49629595837344836,15.740701666239747,0.24630967829781958
2543,587199.304699955,517567.28512830776,T,15.605045302503102,0.18599508146797666,0.4312714707327354,15.605045302503102,0.18599508146797666
2544,587199.5927566772,517567.28512830776,T,15.494402013110106,0.12390884052064828,0.3520068756724054,15.494402013110106,0.12390884052064828
2545,587199.8808133993,517567.28512830776,T,15.4213667367464,0.0675670485452574,0.2599366240937537,15.4213667367464,0.0675670485452574
2546,587200.1688701215,517567.28512830776,T,15.393615534872332,0.025034375045402707,0.1582225491053747,15.393615534872332,0.025034375045402707
2547,587200.4569268436,517567.28512830776,T,15.412419549327431,0.002950289132118117,0.05431656406767752,15.412419549327431,0.002950289132118117
2548,587200.7449835659,517567.28512830776,T,15.472790957676638,0.004838672147428953,0.06956056459969939,15.472790957676638,0.004838672147428953
2549,587201.033040288,517567.28512830776,T,15.565136180032187,0.030279355520051173,0.17400964203184596,15.565136180032187,0.030279355520051173
2550,587201.3210970102,517567.28512830776,T,15.677759929728662,0.07510624594377366,0.2740551877702257,15.677759929728662,0.07510624594377366
2551,587201.6091537323,517567.28512830776,T,15.799336053750324,0.1324759195216091,0.3639724158801173,15.799336053750324,0.1324759195216091
2552,587201.8972104545,517567.28512830776,T,15.920623060238977,0.19449313046003963,0.44101375314159946,15.920623060238977,0.19449313046003963
2553,587202.1852671766,517567.28512830776,T,16.03513811492179,0.2539526672287247,0.5039371659529834,16.03513811492179,0.2539526672287247
2554,587202.4733238987,517567.28512830776,T,16.138972803557827,0.305672667228164,0.5528767197379213,16.138972803557827,0.305672667228164
2555,587202.7613806209,517567.28512830776,T,16.230214524220997,0.3470266461301986,0.589089675796647,16.230214524220997,0.3470266461301986
2556,587203.049437343,517567.28512830776,T,16.30843917219353,0.3776460788851235,0.6145291521849257,16.30843917219353,0.3776460788851235
2557,587203.3374940652,517567.28512830776,T,16.374528094571573,0.39861530043099414,0.6313598818669065,16.374528094571573,0.39861530043099414
2558,587203.6255507873,517567.28512830776,T,16.430784405280672,0.41157836338135056,0.6415437345819461,16.430784405280672,0.41157836338135056
2559,587203.9136075096,517567.28512830776,T,16.48111671163241,0.4180351894625818,0.6465564085697255,16.48111671163241,0.4180351894625818
2560,587204.2016642317,517567.28512830776,T,16.5309851082733,0.4189051755476373,0.6472288432599688,16.5309851082733,0.4189051755476373
2561,587204.4897209539,517567.28512830776,T,16.586858794637166,0.4143219501222157,0.6436784524296395,16.586858794637166,0.4143219501222157
2562,587204.777777676,517567.28512830776,T,16.655082686337668,0.4036099245110839,0.6353030178671308,16.655082686337668,0.4036099245110839
2563,587205.0658343981,517567.28512830776,T,16.74026056880071,0.3854320682136003,0.6208317551588356,16.74026056880071,0.3854320682136003
2564,587205.3538911203,517567.28512830776,T,16.84350046432052,0.3581413242823503,0.598449099157439,16.84350046432052,0.3581413242823503
2565,587205.6419478424,517567.28512830776,T,16.96106957862242,0.3203798887910789,0.5660211027789326,16.96106957862242,0.3203798887910789
2566,587205.9300045646,517567.28512830776,T,17.08406886391969,0.27191026430361,0.5214501551477475,17.08406886391969,0.27191026430361
2567,587206.2180612867,517567.28512830776,T,17.199560789992468,0.21450151450885507,0.4631430821127042,17.199560789992468,0.21450151450885507
2568,587206.506118009,517567.28512830776,T,17.293148108856037,0.152493824397387,0.3905045766663779,17.293148108856037,0.152493824397387
2569,587206.7941747311,517567.28512830776,T,17.3524264479724,0.09260798674687686,0.3043156038504711,17.3524264479724,0.09260798674687686
2570,587207.0822314533,517567.28512830776,T,17.370264539184767,0.0428178612331452,0.20692477191758651,17.370264539184767,0.0428178612331452
2571,587207.3702881754,517567.28512830776,T,17.346763286992825,0.010571275018525424,0.10281670593111522,17.346763286992825,0.010571275018525424
2572,587207.6583448976,517567.28512830776,T,17.289131396263592,9.84658435641741e-4,0.03137926760843441,17.289131396263592,9.84658435641741e-4
2573,587207.9464016197,517567.28512830776,T,17.209474233371846,0.01560520209622523,0.12492078328374838,17.209474233371846,0.01560520209622523
2574,587208.2344583418,517567.28512830776,T,17.12129701240792,0.052053876621581785,0.22815318674430515,17.12129701240792,0.052053876621581785
2575,587208.522515064,517567.28512830776,T,17.03599692783311,0.10460559372179859,0.3234278802481298,17.03599692783311,0.10460559372179859
2576,587208.8105717861,517567.28512830776,T,16.960540129790875,0.16557751205112578,0.406912167489651,16.960540129790875,0.16557751205112578
2577,587209.0986285083,517567.28512830776,T,16.896944878768252,0.2271601551298115,0.4766132133395081,16.896944878768252,0.2271601551298115
2578,587209.3866852304,517567.28512830776,T,16.843419926741944,0.28309512249414165,0.5320668402504911,16.843419926741944,0.28309512249414165
2579,587209.6747419527,517567.28512830776,T,16.79640602474464,0.3296318593935319,0.5741357499699282,16.79640602474464,0.3296318593935319
2580,587209.9627986748,517567.28512830776,T,16.7525806450122,0.3655639307395342,0.6046188309501567,16.7525806450122,0.3655639307395342
2581,587210.250855397,517567.28512830776,T,16.710120376359473,0.3915892291769602,0.625770907902373,16.710120376359473,0.3915892291769602
2582,587210.5389121191,517567.28512830776,T,16.668981514157867,0.40944124193785403,0.6398759582433567,16.668981514157867,0.40944124193785403
2583,587210.8269688413,517567.28512830776,T,16.630400755105345,0.4211468385914981,0.6489582718414938,16.630400755105345,0.4211468385914981
2584,587211.1150255634,517567.28512830776,T,16.596052509659906,0.42855622458265513,0.6546420583667498,16.596052509659906,0.42855622458265513
2585,587211.4030822855,517567.28512830776,T,16.5672880798133,0.43313171016240215,0.6581274269945009,16.5672880798133,0.43313171016240215
2586,587211.6911390077,517567.28512830776,T,16.544706951028413,0.43591664886417225,0.6602398419242603,16.544706951028413,0.43591664886417225
2587,587211.9791957298,517567.28512830776,T,16.528099228881377,0.4376005423286343,0.6615138262565903,16.528099228881377,0.4376005423286343
2588,587212.2672524521,517567.28512830776,T,16.516649760879346,0.4386153473557262,0.6622804144437054,16.516649760879346,0.4386153473557262
2589,587197.2883028999,517567.5731850299,T,16.43467848281973,0.43127077377913925,0.6567120935228308,16.43467848281973,0.43127077377913925
2590,587197.5763596221,517567.5731850299,T,16.39277256290047,0.42551700295596984,0.6523166431695345,16.39277256290047,0.42551700295596984
2591,587197.8644163442,517567.5731850299,T,16.332326001991447,0.4162947014153179,0.6452090369913598,16.332326001991447,0.4162947014153179
2592,587198.1524730665,517567.5731850299,T,16.250533554666042,0.40194544488788103,0.633991675724438,16.250533554666042,0.40194544488788103
2593,587198.4405297886,517567.5731850299,T,16.146984933446202,0.3804905193404333,0.6168391357075468,16.146984933446202,0.3804905193404333
2594,587198.7285865108,517567.5731850299,T,16.02480162138691,0.3499602347023118,0.5915743695447867,16.02480162138691,0.3499602347023118
2595,587199.0166432329,517567.5731850299,T,15.891206223040122,0.30900970906340447,0.5558864174122304,15.891206223040122,0.30900970906340447
2596,587199.304699955,517567.5731850299,T,15.75712558605552,0.25775897111014445,0.5076996859464702,15.75712558605552,0.25775897111014445
2597,587199.5927566772,517567.5731850299,T,15.635680438157813,0.19859172900094577,0.4456363192121416,15.635680438157813,0.19859172900094577
2598,587199.8808133993,517567.5731850299,T,15.539809597319953,0.1364888902734602,0.3694440286071223,15.539809597319953,0.1364888902734602
2599,587200.1688701215,517567.5731850299,T,15.47965929554713,0.07854617089082377,0.2802608978984114,15.47965929554713,0.07854617089082377
2600,587200.4569268436,517567.5731850299,T,15.46054563083406,0.032667438991434476,0.18074135938250127,15.46054563083406,0.032667438991434476
2601,587200.7449835659,517567.5731850299,T,15.482148365259242,0.005813649401225512,0.07624729110745844,15.482148365259242,0.005813649401225512
2602,587201.033040288,517567.5731850299,T,15.539151048932993,0.0023481583204631442,0.04845779937701612,15.539151048932993,0.0023481583204631442
2603,587201.3210970102,517567.5731850299,T,15.622999684018593,0.022933360441501262,0.15143764539077217,15.622999684018593,0.022933360441501262
2604,587201.6091537323,517567.5731850299,T,15.724068542618657,0.06428474356113521,0.25354436211664266,15.724068542618657,0.06428474356113521
2605,587201.8972104545,517567.5731850299,T,15.83347656335662,0.11993239263633762,0.3463125649414667,15.83347656335662,0.11993239263633762
2606,587202.1852671766,517567.5731850299,T,15.944087970302764,0.18185064039863413,0.4264394920720103,15.944087970302764,0.18185064039863413
2607,587202.4733238987,517567.5731850299,T,16.050677977699127,0.24241808495143202,0.4923597109344265,16.050677977699127,0.24241808495143202
2608,587202.7613806209,517567.5731850299,T,16.149606743207368,0.2959716389291986,0.5440327553826135,16.149606743207368,0.2959716389291986
2609,587203.049437343,517567.5731850299,T,16.238458111230933,0.3394553587099025,0.5826279762506281,16.238458111230933,0.3394553587099025
2610,587203.3374940652,517567.5731850299,T,16.31595751251329,0.37216703229005554,0.6100549420257617,16.31595751251329,0.37216703229005554
2611,587203.6255507873,517567.5731850299,T,16.382211520710868,0.39497980073322003,0.6284741846195594,16.382211520710868,0.39497980073322003
2612,587203.9136075096,517567.5731850299,T,16.439071254184793,0.4094647969530669,0.6398943639016262,16.439071254184793,0.4094647969530669
2613,587204.2016642317,517567.5731850299,T,16.490315328546174,0.4171744662589646,0.6458904444710144,16.490315328546174,0.4171744662589646
2614,587204.4897209539,517567.5731850299,T,16.541386092523446,0.41916570178238755,0.6474300748207389,16.541386092523446,0.41916570178238755
2615,587204.777777676,517567.5731850299,T,16.59854732385831,0.4157445934925303,0.6447825939745352,16.59854732385831,0.4157445934925303
2616,587205.0658343981,517567.5731850299,T,16.667509905136836,0.4063950225984745,0.6374911941340637,16.667509905136836,0.4063950225984745
2617,587205.3538911203,517567.5731850299,T,16.751763485737182,0.3898807261727458,0.6244042970485916,16.751763485737182,0.3898807261727458
2618,587205.6419478424,517567.5731850299,T,16.85103071535149,0.36455613493368755,0.603784841589856,16.85103071535149,0.36455613493368755
2619,587205.9300045646,517567.5731850299,T,16.960372549997352,0.3289403076424982,0.5735331791993364,16.960372549997352,0.3289403076424982
2620,587206.2180612867,517567.5731850299,T,17.07043364697653,0.2825402167768535,0.531545122051603,17.07043364697653,0.2825402167768535
2621,587206.506118009,517567.5731850299,T,17.16905751701013,0.22673690345811687,0.476168986241352,17.16905751701013,0.22673690345811687
2622,587206.7941747311,517567.5731850299,T,17.244042998683803,0.16536829371153441,0.40665500576229774,17.244042998683803,0.16536829371153441
2623,587207.0822314533,517567.5731850299,T,17.28630855444315,0.10463416094413557,0.32347204043647354,17.28630855444315,0.10463416094413557
2624,587207.3702881754,517567.5731850299,T,17.29241993314422,0.052189717131093376,0.22845068862030898,17.29241993314422,0.052189717131093376
2625,587207.6583448976,517567.5731850299,T,17.265527814071138,0.01563297318330731,0.12503188866568124,17.265527814071138,0.01563297318330731
2626,587207.9464016197,517567.5731850299,T,17.214291741564445,7.962797382248928e-4,0.028218429053100968,17.214291741564445,7.962797382248928e-4
2627,587208.2344583418,517567.5731850299,T,17.15014026067965,0.010283398417940908,0.10140709254258752,17.15014026067965,0.010283398417940908
2628,587208.522515064,517567.5731850299,T,17.083883831510548,0.042676736342548593,0.20658348516410646,17.083883831510548,0.042676736342548593
2629,587208.8105717861,517567.5731850299,T,17.022931920728087,0.09277415675291327,0.3045885039736616,17.022931920728087,0.09277415675291327
2630,587209.0986285083,517567.5731850299,T,16.97005298579246,0.15292636734218343,0.3910580102007673,16.97005298579246,0.15292636734218343
2631,587209.3866852304,517567.5731850299,T,16.923918258859867,0.21503945141346772,0.4637234643766344,16.923918258859867,0.21503945141346772
2632,587209.6747419527,517567.5731850299,T,16.880935936933103,0.2724446326779786,0.5219622904750674,16.880935936933103,0.2724446326779786
2633,587209.9627986748,517567.5731850299,T,16.83745148222446,0.32096154208105865,0.566534678621758,16.83745148222446,0.32096154208105865
2634,587210.250855397,517567.5731850299,T,16.791416482798375,0.3589880434756228,0.5991561094369503,16.791416482798375,0.3589880434756228
2635,587210.5389121191,517567.5731850299,T,16.743025055394085,0.38691364210550877,0.6220238276026963,16.743025055394085,0.38691364210550877
2636,587210.8269688413,517567.5731850299,T,16.69433547376745,0.40629582076012066,0.6374133829471426,16.69433547376745,0.40629582076012066
2637,587211.1150255634,517567.5731850299,T,16.64828178387055,0.41912059025863013,0.6473952349675043,16.64828178387055,0.41912059025863013
2638,587211.4030822855,517567.5731850299,T,16.607601763353582,0.42729029806160806,0.6536744587802158,16.607601763353582,0.42729029806160806
2639,587211.6911390077,517567.5731850299,T,16.574085108181837,0.4323563157479863,0.6575380717099096,16.574085108181837,0.4323563157479863
2640,587211.9791957298,517567.5731850299,T,16.548303316046976,0.43544766181186567,0.6598845821898445,16.548303316046976,0.43544766181186567
2641,587212.2672524521,517567.5731850299,T,16.52975841753159,0.4373194337659552,0.6613013184365771,16.52975841753159,0.4373194337659552
2642,587212.5553091742,517567.5731850299,T,16.51726539425472,0.438448212230102,0.6621542208806812,16.51726539425472,0.438448212230102
2643,587212.8433658964,517567.5731850299,T,16.50937352604262,0.43912546136968306,0.6626654218907782,16.50937352604262,0.43912546136968306
2644,587197.8644163442,517567.8612417521,T,16.38791219048212,0.4269487187495912,0.653413130224356,16.38791219048212,0.4269487187495912
2645,587198.1524730665,517567.8612417521,T,16.32748749258693,0.41856719898016304,0.6469676954687638,16.32748749258693,0.41856719898016304
2646,587198.4405297886,517567.8612417521,T,16.247403045893556,0.40542317370173714,0.6367284929243682,16.247403045893556,0.40542317370173714
2647,587198.7285865108,517567.8612417521,T,16.14810120625673,0.3855698416442385,0.6209427039946911,16.14810120625673,0.3855698416442385
2648,587199.0166432329,517567.8612417521,T,16.033347990786435,0.3569897107950876,0.5974861595008604,16.033347990786435,0.3569897107950876
2649,587199.304699955,517567.8612417521,T,15.910487533775907,0.31817770523783434,0.5640724290708015,15.910487533775907,0.31817770523783434
2650,587199.5927566772,517567.8612417521,T,15.789781509692569,0.268949453230818,0.5186033679323901,15.789781509692569,0.268949453230818
2651,587199.8808133993,517567.8612417521,T,15.682819500602308,0.21122040886514787,0.4595872157329312,15.682819500602308,0.21122040886514787
2652,587200.1688701215,517567.8612417521,T,15.600348056412377,0.14938807366628704,0.3865075337768813,15.600348056412377,0.14938807366628704
2653,587200.4569268436,517567.8612417521,T,15.550151698908845,0.09003397543906862,0.300056620388667,15.550151698908845,0.09003397543906862
2654,587200.7449835659,517567.8612417521,T,15.53566792026071,0.04090471939820333,0.20224915178611585,15.53566792026071,0.04090471939820333
2655,587201.033040288,517567.8612417521,T,15.55576873106076,0.00936546563542119,0.09677533588379422,15.55576873106076,0.00936546563542119
2656,587201.3210970102,517567.8612417521,T,15.605687384368412,6.646454552057014e-4,0.025780718671241525,15.605687384368412,6.646454552057014e-4
2657,587201.6091537323,517567.8612417521,T,15.678626672452252,0.016473912093395434,0.12835073857752216,15.678626672452252,0.016473912093395434
2658,587201.8972104545,517567.8612417521,T,15.767376951421241,0.054258567925826395,0.2329346859654577,15.767376951421241,0.054258567925826395
2659,587202.1852671766,517567.8612417521,T,15.865395041754548,0.10787473170287593,0.32844288956053824,15.865395041754548,0.10787473170287593
2660,587202.4733238987,517567.8612417521,T,15.967162022489628,0.169268447041651,0.41142246783768505,15.967162022489628,0.169268447041651
2661,587202.7613806209,517567.8612417521,T,16.06803177900527,0.23057535073034158,0.4801826222702583,16.06803177900527,0.23057535073034158
2662,587203.049437343,517567.8612417521,T,16.163990767051835,0.2857657325997698,0.5345706058134602,16.163990767051835,0.2857657325997698
2663,587203.3374940652,517567.8612417521,T,16.251688562163842,0.33135434794548047,0.5756338662252947,16.251688562163842,0.33135434794548047
2664,587203.6255507873,517567.8612417521,T,16.32884507460095,0.36623249748412556,0.6051714612274157,16.32884507460095,0.36623249748412556
2665,587203.9136075096,517567.8612417521,T,16.39486217599188,0.39098661890264413,0.6252892281997541,16.39486217599188,0.39098661890264413
2666,587204.2016642317,517567.8612417521,T,16.451311945698997,0.4070724716176499,0.6380223127898036,16.451311945698997,0.4070724716176499
2667,587204.4897209539,517567.8612417521,T,16.501990172259685,0.4160810009994499,0.6450434101666723,16.501990172259685,0.4160810009994499
2668,587204.777777676,517567.8612417521,T,16.55236598398363,0.4192032789525578,0.6474590944241635,16.55236598398363,0.4192032789525578
2669,587205.0658343981,517567.8612417521,T,16.608444892406983,0.41691552183359554,0.6456899579779722,16.608444892406983,0.41691552183359554
2670,587205.3538911203,517567.8612417521,T,16.675236024665367,0.4088625973551251,0.6394236446637902,16.675236024665367,0.4088625973551251
2671,587205.6419478424,517567.8612417521,T,16.755156775805602,0.3939257888822128,0.6276350762044874,16.755156775805602,0.3939257888822128
2672,587205.9300045646,517567.8612417521,T,16.846809125464848,0.3705027317327378,0.6086893556919964,16.846809125464848,0.3705027317327378
2673,587206.2180612867,517567.8612417521,T,16.944582268481426,0.33704692169996703,0.5805574232579986,16.944582268481426,0.33704692169996703
2674,587206.506118009,517567.8612417521,T,17.039410997765135,0.2928464763520935,0.5411529140197745,17.039410997765135,0.2928464763520935
2675,587206.7941747311,517567.8612417521,T,17.120710374442037,0.23886970746969405,0.4887429871309603,17.120710374442037,0.23886970746969405
2676,587207.0822314533,517567.8612417521,T,17.179069816324862,0.17837216508910891,0.42234128982270835,17.179069816324862,0.17837216508910891
2677,587207.3702881754,517567.8612417521,T,17.20889258010351,0.1169666620122749,0.34200389180866775,17.20889258010351,0.1169666620122749
2678,587207.6583448976,517567.8612417521,T,17.210028664228613,0.0620066218561998,0.24901128861198202,17.210028664228613,0.0620066218561998
2679,587207.9464016197,517567.8612417521,T,17.18771299359617,0.021315233365772467,0.14599737451670994,17.18771299359617,0.021315233365772467
2680,587208.2344583418,517567.8612417521,T,17.150738907741953,0.0014604890794132222,0.03821634570982974,17.150738907741953,0.0014604890794132222
2681,587208.522515064,517567.8612417521,T,17.108516451838337,0.005993678115141206,0.07741884857798652,17.108516451838337,0.005993678115141206
2682,587208.8105717861,517567.8612417521,T,17.068141233318592,0.034294109260225435,0.18518668758910678,17.068141233318592,0.034294109260225435
2683,587209.0986285083,517567.8612417521,T,17.03258474398635,0.08162101000834572,0.28569390964517555,17.03258474398635,0.08162101000834572
2684,587209.3866852304,517567.8612417521,T,17.000607778258033,0.14047388616643924,0.3747984607311498,17.000607778258033,0.14047388616643924
2685,587209.6747419527,517567.8612417521,T,16.96824648392694,0.20267929134461227,0.4501991685294546,16.96824648392694,0.20267929134461227
2686,587209.9627986748,517567.8612417521,T,16.9310932063698,0.26130219921265585,0.5111772678950579,16.9310932063698,0.26130219921265585
2687,587210.250855397,517567.8612417521,T,16.88637276070052,0.3117450288538438,0.5583413193144887,16.88637276070052,0.3117450288538438
2688,587210.5389121191,517567.8612417521,T,16.834052303175717,0.3519340046943827,0.5932402588280592,16.834052303175717,0.3519340046943827
2689,587210.8269688413,517567.8612417521,T,16.77674317005664,0.38186727270490184,0.6179541024258208,16.77674317005664,0.38186727270490184
2690,587211.1150255634,517567.8612417521,T,16.718673491193307,0.4028803579613411,0.6347285703049305,16.718673491193307,0.4028803579613411
2691,587211.4030822855,517567.8612417521,T,16.664303074074713,0.41690577072568424,0.645682407012677,16.664303074074713,0.41690577072568424
2692,587211.6911390077,517567.8612417521,T,16.61714448171243,0.42589866988527647,0.6526091248866173,16.61714448171243,0.42589866988527647
2693,587211.9791957298,517567.8612417521,T,16.579127754289207,0.4315016049264353,0.6568878176115274,16.579127754289207,0.4315016049264353
2694,587212.2672524521,517567.8612417521,T,16.55055687141157,0.43493112179870896,0.6594930794168419,16.55055687141157,0.43493112179870896
2695,587212.5553091742,517567.8612417521,T,16.530490134008723,0.4370106680066151,0.6610678240593888,16.530490134008723,0.4370106680066151
2696,587212.8433658964,517567.8612417521,T,16.51729472465427,0.43826497164638384,0.6620158394225805,16.51729472465427,0.43826497164638384
2697,587213.1314226185,517567.8612417521,T,16.509161305382857,0.43901732607306027,0.6625838256953306,16.509161305382857,0.43901732607306027
2698,587198.1524730665,517568.14929847425,T,16.38590151880614,0.4282431502494778,0.6544028959666038,16.38590151880614,0.4282431502494778
2699,587198.4405297886,517568.14929847425,T,16.327168997858315,0.4206272981132691,0.6485578602663521,16.327168997858315,0.4206272981132691
2700,587198.7285865108,517568.14929847425,T,16.25084397341201,0.4085953426057696,0.6392146295304649,16.25084397341201,0.4085953426057696
2701,587199.0166432329,517568.14929847425,T,16.158017927421202,0.390256382256379,0.6247050362021895,16.158017927421202,0.390256382256379
2702,587199.304699955,517568.14929847425,T,16.05275158314541,0.3635870778339933,0.6029818221422544,16.05275158314541,0.3635870778339933
2703,587199.5927566772,517568.14929847425,T,15.942058878975113,0.3269593797284052,0.5718036198979551,15.942058878975113,0.3269593797284052
2704,587199.8808133993,517568.14929847425,T,15.835086740611795,0.2798833193288905,0.5290399978535559,15.835086740611795,0.2798833193288905
2705,587200.1688701215,517568.14929847425,T,15.741591325976913,0.22375976519678545,0.4730325202317336,15.741591325976913,0.22375976519678545
2706,587200.4569268436,517568.14929847425,T,15.670112141317178,0.16235699784045055,0.4029354760261878,15.670112141317178,0.16235699784045055
2707,587200.7449835659,517568.14929847425,T,15.626419566893528,0.1017563429892779,0.31899270052663886,15.626419566893528,0.1017563429892779
2708,587201.033040288,517568.14929847425,T,15.612743147220788,0.049611876329324324,0.22273723606376264,15.612743147220788,0.049611876329324324
2709,587201.3210970102,517568.14929847425,T,15.62797834760793,0.013711253025708409,0.11709505978352976,15.62797834760793,0.013711253025708409
2710,587201.6091537323,517568.14929847425,T,15.668658170261796,7.623869756014308e-5,0.008731477398478626,15.668658170261796,7.623869756014308e-5
2711,587201.8972104545,517568.14929847425,T,15.730176014513834,0.011196392438772792,0.10581300694514258,15.730176014513834,0.011196392438772792
2712,587202.1852671766,517568.14929847425,T,15.80771969293059,0.04517742999408789,0.21254982943791767,15.80771969293059,0.04517742999408789
2713,587202.4733238987,517568.14929847425,T,15.896631345932484,0.09628342145367157,0.31029570002446305,15.896631345932484,0.09628342145367157
2714,587202.7613806209,517568.14929847425,T,15.992287485627058,0.15664676188387655,0.39578625782595905,15.992287485627058,0.15664676188387655
2715,587203.049437343,517568.14929847425,T,16.089872853700932,0.21834631848083708,0.4672754203687982,16.089872853700932,0.21834631848083708
2716,587203.3374940652,517568.14929847425,T,16.184448318574017,0.27503776391414575,0.5244404293283897,16.184448318574017,0.27503776391414575
2717,587203.6255507873,517568.14929847425,T,16.271494341414265,0.3227454615484805,0.5681069103157261,16.271494341414265,0.3227454615484805
2718,587203.9136075096,517568.14929847425,T,16.347796597514485,0.3598660944475789,0.5998884016611581,16.347796597514485,0.3598660944475789
2719,587204.2016642317,517568.14929847425,T,16.412313470260937,0.38664299358489995,0.6218062347587872,16.412313470260937,0.38664299358489995
2720,587204.4897209539,517568.14929847425,T,16.466632715641396,0.4043955212804252,0.6359210023897821,16.466632715641396,0.4043955212804252
2721,587204.777777676,517568.14929847425,T,16.514769843771642,0.41474615731955466,0.6440078860693824,16.514769843771642,0.41474615731955466
2722,587205.0658343981,517568.14929847425,T,16.562284307634762,0.41901318864567416,0.6473122806232507,16.562284307634762,0.41901318864567416
2723,587205.3538911203,517568.14929847425,T,16.61489075007855,0.41783667682541037,0.6464028750132617,16.61489075007855,0.41783667682541037
2724,587205.6419478424,517568.14929847425,T,16.676875532322924,0.4110253854439677,0.6411126152587919,16.676875532322924,0.4110253854439677
2725,587205.9300045646,517568.14929847425,T,16.749698588165984,0.3975983177203542,0.6305539768492101,16.749698588165984,0.3975983177203542
2726,587206.2180612867,517568.14929847425,T,16.831176839409668,0.3760323069490127,0.6132147315166301,16.831176839409668,0.3760323069490127
2727,587206.506118009,517568.14929847425,T,16.915583987138124,0.34474882243233107,0.5871531507471718,16.915583987138124,0.34474882243233107
2728,587206.7941747311,517568.14929847425,T,16.994815982435544,0.3028219983641485,0.5502926479284895,16.994815982435544,0.3028219983641485
2729,587207.0822314533,517568.14929847425,T,17.06045009602111,0.2507798525087952,0.5007792452855802,17.06045009602111,0.2507798525087952
2730,587207.3702881754,517568.14929847425,T,17.106147962365107,0.19127452679540027,0.4373494332857884,17.106147962365107,0.19127452679540027
2731,587207.6583448976,517568.14929847425,T,17.12958994049672,0.1293646347390684,0.359672955251112,17.12958994049672,0.1293646347390684
2732,587207.9464016197,517568.14929847425,T,17.13316115010044,0.07217109659233392,0.26864678779455736,17.13316115010044,0.07217109659233392
2733,587208.2344583418,517568.14929847425,T,17.12300938623539,0.02774987983719303,0.16658295182038596,17.12300938623539,0.02774987983719303
2734,587208.522515064,517568.14929847425,T,17.10673977288994,0.0032699444535498135,0.05718342813744043,17.10673977288994,0.0032699444535498135
2735,587208.8105717861,517568.14929847425,T,17.090613830907223,0.0030098090447947526,0.0548617265932704,17.090613830907223,0.0030098090447947526
2736,587209.0986285083,517568.14929847425,T,17.077372509017668,0.027013303988269614,0.16435724501301918,17.077372509017668,0.027013303988269614
2737,587209.3866852304,517568.14929847425,T,17.065550899631468,0.0710790522781408,0.2666065495784768,17.065550899631468,0.0710790522781408
2738,587209.6747419527,517568.14929847425,T,17.050502120611625,0.1280869802862318,0.3578924144016352,17.050502120611625,0.1280869802862318
2739,587209.9627986748,517568.14929847425,T,17.026615052554483,0.18999433592869286,0.43588339717026714,17.026615052554483,0.18999433592869286
2740,587210.250855397,517568.14929847425,T,16.989748566013326,0.2496664773062628,0.4996663659946132,16.989748566013326,0.2496664773062628
2741,587210.5389121191,517568.14929847425,T,16.938911831873938,0.3020289996842308,0.5495716510922218,16.938911831873938,0.3020289996842308
2742,587210.8269688413,517568.14929847425,T,16.876644905898093,0.34444522014293727,0.5868945562389698,16.876644905898093,0.34444522014293727
2743,587211.1150255634,517568.14929847425,T,16.80814752710021,0.3764659608150432,0.613568220180155,16.80814752710021,0.3764659608150432
2744,587211.4030822855,517568.14929847425,T,16.73967523502254,0.3991880738989279,0.6318133220334373,16.73967523502254,0.3991880738989279
2745,587211.6911390077,517568.14929847425,T,16.676889032626658,0.4144879959575023,0.6438074214837092,16.676889032626658,0.4144879959575023
2746,587211.9791957298,517568.14929847425,T,16.623704036307114,0.42436942765918517,0.6514364340894553,16.623704036307114,0.42436942765918517
2747,587212.2672524521,517568.14929847425,T,16.58186903680058,0.43056052491912744,0.6561711094822199,16.58186903680058,0.43056052491912744
2748,587212.5553091742,517568.14929847425,T,16.551197507252596,0.43436332699087493,0.6590624606142236,16.551197507252596,0.43436332699087493
2749,587212.8433658964,517568.14929847425,T,16.530183887387118,0.43667205604846304,0.6608116645826275,16.530183887387118,0.43667205604846304
2750,587213.1314226185,517568.14929847425,T,16.51670801404836,0.4380640012488806,0.6618640353190983,16.51670801404836,0.4380640012488806
2751,587213.4194793407,517568.14929847425,T,16.508611920306652,0.43889822537267964,0.6624939436498115,16.508611920306652,0.43889822537267964
2752,587198.4405297886,517568.4373551964,T,16.38689572332977,0.4294088813693131,0.6552929736913964,16.38689572332977,0.4294088813693131
2753,587198.7285865108,517568.4373551964,T,16.331306786911217,0.4224905020712227,0.6499926938598792,16.331306786911217,0.4224905020712227
2754,587199.0166432329,517568.4373551964,T,16.260371273704763,0.4114909473590611,0.6414756015306124,16.260371273704763,0.4114909473590611
2755,587199.304699955,517568.4373551964,T,16.175580022719576,0.39459542312222456,0.6281683079575286,16.175580022719576,0.39459542312222456
2756,587199.5927566772,517568.4373551964,T,16.080935714246312,0.3697991116755227,0.608111101424339,16.080935714246312,0.3697991116755227
2757,587199.8808133993,517568.4373551964,T,15.98273725317392,0.33536170513124147,0.5791042264836629,15.98273725317392,0.33536170513124147
2758,587200.1688701215,517568.4373551964,T,15.88871713299921,0.29047776409055615,0.5389598909849935,15.88871713299921,0.29047776409055615
2759,587200.4569268436,517568.4373551964,T,15.806716034298185,0.236027833930645,0.4858269588347738,15.806716034298185,0.236027833930645
2760,587200.7449835659,517568.4373551964,T,15.743297789385267,0.17518791030950193,0.4185545487860596,15.743297789385267,0.17518791030950193
2761,587201.033040288,517568.4373551964,T,15.702768952483245,0.11361136364497322,0.3370628482122781,15.702768952483245,0.11361136364497322
2762,587201.3210970102,517568.4373551964,T,15.686907658783934,0.05888334768964143,0.24265891224029137,15.686907658783934,0.05888334768964143
2763,587201.6091537323,517568.4373551964,T,15.695384028969489,0.01909911448961057,0.1381995459095672,15.695384028969489,0.01909911448961057
2764,587201.8972104545,517568.4373551964,T,15.726534783470123,8.260563363696914e-4,0.028741195806188915,15.726534783470123,8.260563363696914e-4
2765,587202.1852671766,517568.4373551964,T,15.778021789912321,0.00719133706277721,0.08480175153130512,15.778021789912321,0.00719133706277721
2766,587202.4733238987,517568.4373551964,T,15.84704291337505,0.036960463243172356,0.19225104224209646,15.84704291337505,0.036960463243172356
2767,587202.7613806209,517568.4373551964,T,15.9300954486217,0.08501244336736723,0.2915689341602895,15.9300954486217,0.08501244336736723
2768,587203.049437343,517568.4373551964,T,16.022616289897346,0.14389759014409323,0.3793383583874602,16.022616289897346,0.14389759014409323
2769,587203.3374940652,517568.4373551964,T,16.11893979137222,0.20574423448540338,0.4535903818263824,16.11893979137222,0.20574423448540338
2770,587203.6255507873,517568.4373551964,T,16.212854080711782,0.26386039998568384,0.5136734371034615,16.212854080711782,0.26386039998568384
2771,587203.9136075096,517568.4373551964,T,16.298699741814108,0.3136959958647533,0.5600857040353318,16.298699741814108,0.3136959958647533
2772,587204.2016642317,517568.4373551964,T,16.372640868683217,0.35309626729343757,0.594219039827434,16.372640868683217,0.35309626729343757
2773,587204.4897209539,517568.4373551964,T,16.433616981136325,0.3819437849856664,0.618016007062654,16.433616981136325,0.3819437849856664
2774,587204.777777676,517568.4373551964,T,16.48359795026622,0.40141625773771006,0.6335741927649121,16.48359795026622,0.40141625773771006
2775,587205.0658343981,517568.4373551964,T,16.5270251912565,0.41315567501035955,0.6427718685586353,16.5270251912565,0.41315567501035955
2776,587205.3538911203,517568.4373551964,T,16.569590348019982,0.41859085905380533,0.6469859805697534,16.569590348019982,0.41859085905380533
2777,587205.6419478424,517568.4373551964,T,16.61667685087763,0.41851540273969806,0.6469276642250648,16.61667685087763,0.41851540273969806
2778,587205.9300045646,517568.4373551964,T,16.671851112610458,0.412905587132326,0.6425773005112505,16.671851112610458,0.412905587132326
2779,587206.2180612867,517568.4373551964,T,16.73577408657026,0.4009354409862022,0.6331946312044996,16.73577408657026,0.4009354409862022
2780,587206.506118009,517568.4373551964,T,16.805840044804082,0.3811826990221971,0.6173999506172616,16.805840044804082,0.3811826990221971
2781,587206.7941747311,517568.4373551964,T,16.87672611134838,0.35204877960750286,0.5933369865493832,16.87672611134838,0.35204877960750286
2782,587207.0822314533,517568.4373551964,T,16.941821557931576,0.3123930317836765,0.558921310904922,16.941821557931576,0.3123930317836765
2783,587207.3702881754,517568.4373551964,T,16.995208505150035,0.26231271849981264,0.512164737657536,16.995208505150035,0.26231271849981264
2784,587207.6583448976,517568.4373551964,T,17.033579103361124,0.20390833628611763,0.45156210678722547,17.033579103361124,0.20390833628611763
2785,587207.9464016197,517568.4373551964,T,17.057357162255332,0.14176544599009994,0.3765175241474159,17.057357162255332,0.14176544599009994
2786,587208.2344583418,517568.4373551964,T,17.07047771165012,0.0827981302376098,0.28774664244367787,17.07047771165012,0.0827981302376098
2787,587208.522515064,517568.4373551964,T,17.078765365923967,0.03517561856246977,0.18755164238808938,17.078765365923967,0.03517561856246977
2788,587208.8105717861,517568.4373551964,T,17.08746094508389,0.006427681008429556,0.08017281963626798,17.08746094508389,0.006427681008429556
2789,587209.0986285083,517568.4373551964,T,17.098882166962607,0.001361927348604707,0.036904299866068545,17.098882166962607,0.001361927348604707
2790,587209.3866852304,517568.4373551964,T,17.111219718911446,0.02069234748051857,0.14384834889743633,17.111219718911446,0.02069234748051857
2791,587209.6747419527,517568.4373551964,T,17.11901593498987,0.06096276999049295,0.24690639924978242,17.11901593498987,0.06096276999049295
2792,587209.9627986748,517568.4373551964,T,17.11514971971357,0.11567338770159202,0.34010790596749146,17.11514971971357,0.11567338770159202
2793,587210.250855397,517568.4373551964,T,17.093508085146922,0.17702500208978147,0.420743392211668,17.093508085146922,0.17702500208978147
2794,587210.5389121191,517568.4373551964,T,17.05126961738248,0.23765042794893299,0.4874940286290007,17.05126961738248,0.23765042794893299
2795,587210.8269688413,517568.4373551964,T,16.989957916897378,0.29191431645924315,0.5402909553742716,16.989957916897378,0.29191431645924315
2796,587211.1150255634,517568.4373551964,T,16.91499387602759,0.3365672588448756,0.5801441707410974,16.91499387602759,0.3365672588448756
2797,587211.4030822855,517568.4373551964,T,16.83408682434119,0.3707072520769898,0.6088573331060322,16.83408682434119,0.3707072520769898
2798,587211.6911390077,517568.4373551964,T,16.755180893349333,0.3951966528969432,0.6286466836760878,16.755180893349333,0.3951966528969432
2799,587211.9791957298,517568.4373551964,T,16.6846954980343,0.41184631389373705,0.6417525332195714,16.6846954980343,0.41184631389373705
2800,587212.2672524521,517568.4373551964,T,16.626533195343974,0.4226896647317942,0.6501458795776485,16.626533195343974,0.4226896647317942
2801,587212.5553091742,517568.4373551964,T,16.58195236901703,0.42952631639955086,0.6553825725479362,16.58195236901703,0.42952631639955086
2802,587212.8433658964,517568.4373551964,T,16.550095378972305,0.4337403215116684,0.658589645767126,16.550095378972305,0.4337403215116684
2803,587213.1314226185,517568.4373551964,T,16.528823224391658,0.4363006105330775,0.6605305523085798,16.528823224391658,0.4363006105330775
2804,587213.4194793407,517568.4373551964,T,16.51553361359755,0.4378428085754122,0.66169691594824,16.51553361359755,0.4378428085754122
2805,587213.7075360628,517568.4373551964,T,16.50776287280414,0.43876618200522227,0.6623942798705483,16.50776287280414,0.43876618200522227
2806,587198.7285865108,517568.72541191854,T,16.390752844571033,0.43045759244563014,0.6560926706233123,16.390752844571033,0.43045759244563014
2807,587199.0166432329,517568.72541191854,T,16.339428743792304,0.4241778959708756,0.6512894103015,16.339428743792304,0.4241778959708756
2808,587199.304699955,517568.72541191854,T,16.274984717314467,0.4141425046478148,0.6435390467157489,16.274984717314467,0.4141425046478148
2809,587199.5927566772,517568.72541191854,T,16.199048131718474,0.39862267989873645,0.6313657259455382,16.199048131718474,0.39862267989873645
2810,587199.8808133993,517568.72541191854,T,16.115251926878393,0.375639404240783,0.6128942847186479,16.115251926878393,0.375639404240783
2811,587200.1688701215,517568.72541191854,T,16.028907416610124,0.34334235353819126,0.5859542247805636,16.028907416610124,0.34334235353819126
2812,587200.4569268436,517568.72541191854,T,15.946214349368265,0.30062373952774746,0.5482916555335741,15.946214349368265,0.30062373952774746
2813,587200.7449835659,517568.72541191854,T,15.873236175053133,0.24789446947333874,0.4978900174469646,15.873236175053133,0.24789446947333874
2814,587201.033040288,517568.72541191854,T,15.814994314630908,0.18782252089937418,0.4333849569371025,15.814994314630908,0.18782252089937418
2815,587201.3210970102,517568.72541191854,T,15.774994975865145,0.1256821614459676,0.3545167999488425,15.774994975865145,0.1256821614459676
2816,587201.6091537323,517568.72541191854,T,15.75528772402092,0.06890989595453467,0.2625069445834427,15.75528772402092,0.06890989595453467
2817,587201.8972104545,517568.72541191854,T,15.756868911226647,0.02569166602732992,0.16028620036462876,15.756868911226647,0.02569166602732992
2818,587202.1852671766,517568.72541191854,T,15.780053146322613,0.0029174844571740887,0.05401374322498015,15.780053146322613,0.0029174844571740887
2819,587202.4733238987,517568.72541191854,T,15.824473835241408,0.004295130938901988,0.06553724848436947,15.824473835241408,0.004295130938901988
2820,587202.7613806209,517568.72541191854,T,15.888638972283735,0.02940187604112638,0.17146975255457267,15.888638972283735,0.02940187604112638
2821,587203.049437343,517568.72541191854,T,15.96931085340701,0.07396028064592873,0.2719563947509393,15.96931085340701,0.07396028064592873
2822,587203.3374940652,517568.72541191854,T,16.061183731378218,0.1310736553443534,0.3620409581032972,16.061183731378218,0.1310736553443534
2823,587203.6255507873,517568.72541191854,T,16.157259936091908,0.19291227906416125,0.43921780367394175,16.157259936091908,0.19291227906416125
2824,587203.9136075096,517568.72541191854,T,16.24999958850512,0.2523664329931487,0.5023608593363427,16.24999958850512,0.2523664329931487
2825,587204.2016642317,517568.72541191854,T,16.33292294843319,0.30427077163848354,0.5516074434219352,16.33292294843319,0.30427077163848354
2826,587204.4897209539,517568.72541191854,T,16.402097700716787,0.3459244190594664,0.5881533975583805,16.402097700716787,0.3459244190594664
2827,587204.777777676,517568.72541191854,T,16.45696963713135,0.37686174515714027,0.6138906622169296,16.45696963713135,0.37686174515714027
2828,587205.0658343981,517568.72541191854,T,16.50025765745319,0.3981080457037969,0.6309580379896882,16.50025765745319,0.3981080457037969
2829,587205.3538911203,517568.72541191854,T,16.536979315383178,0.41129522675220054,0.641323028396923,16.536979315383178,0.41129522675220054
2830,587205.6419478424,517568.72541191854,T,16.572938920567434,0.4179351791637518,0.6464790632060343,16.572938920567434,0.4179351791637518
2831,587205.9300045646,517568.72541191854,T,16.61311687312482,0.41896307404679123,0.6472735697112861,16.61311687312482,0.41896307404679123
2832,587206.2180612867,517568.72541191854,T,16.660367118918938,0.41452610352927993,0.643837016277629,16.660367118918938,0.41452610352927993
2833,587206.506118009,517568.72541191854,T,16.714727271633244,0.40396392080625465,0.6355815610968073,16.714727271633244,0.40396392080625465
2834,587206.7941747311,517568.72541191854,T,16.77351845582988,0.3859638741937946,0.6212599087288625,16.77351845582988,0.3859638741937946
2835,587207.0822314533,517568.72541191854,T,16.83225424051981,0.3589132665705761,0.5990937043322823,16.83225424051981,0.3589132665705761
2836,587207.3702881754,517568.72541191854,T,16.88616760352853,0.32147604193667073,0.5669885730212477,16.88616760352853,0.32147604193667073
2837,587207.6583448976,517568.72541191854,T,16.931923138951575,0.2733757551351313,0.5228534738673267,16.931923138951575,0.2733757551351313
2838,587207.9464016197,517568.72541191854,T,16.968905885173317,0.21625047110929807,0.4650273874830364,16.968905885173317,0.21625047110929807
2839,587208.2344583418,517568.72541191854,T,16.999503529268964,0.15426730847177983,0.39276877227165075,16.999503529268964,0.15426730847177983
2840,587208.522515064,517568.72541191854,T,17.028104347570245,0.09406227315937207,0.306695733846058,17.028104347570245,0.09406227315937207
2841,587208.8105717861,517568.72541191854,T,17.059053557903173,0.043708154439006996,0.20906495267979996,17.059053557903173,0.043708154439006996
2842,587209.0986285083,517568.72541191854,T,17.094326804037323,0.010871590734751736,0.10426692061604072,17.094326804037323,0.010871590734751736
2843,587209.3866852304,517568.72541191854,T,17.131917330055376,8.226894621794322e-4,0.028682563730939956,17.131917330055376,8.226894621794322e-4
2844,587209.6747419527,517568.72541191854,T,17.165723203199295,0.015086056946072707,0.12282531068990914,17.165723203199295,0.015086056946072707
2845,587209.9627986748,517568.72541191854,T,17.18711697219693,0.051170281653598146,0.226208491559442,17.18711697219693,0.051170281653598146
2846,587210.250855397,517568.72541191854,T,17.187655246473206,0.10332168008757542,0.3214368990759702,17.187655246473206,0.10332168008757542
2847,587210.5389121191,517568.72541191854,T,17.161891277978018,0.16396662258476818,0.40492792270324873,17.161891277978018,0.16396662258476818
2848,587210.8269688413,517568.72541191854,T,17.10922649609511,0.22543116726814383,0.47479592170546686,17.10922649609511,0.22543116726814383
2849,587211.1150255634,517568.72541191854,T,17.034171780323124,0.28148889799406424,0.5305552732694909,17.034171780323124,0.28148889799406424
2850,587211.4030822855,517568.72541191854,T,16.945053208064813,0.3283052871241271,0.5729793077626164,16.945053208064813,0.3283052871241271
2851,587211.6911390077,517568.72541191854,T,16.8517696657168,0.3645583085373493,0.6037866415691467,16.8517696657168,0.3645583085373493
2852,587211.9791957298,517568.72541191854,T,16.763455814368424,0.39087266406620724,0.6251980998581228,16.763455814368424,0.39087266406620724
2853,587212.2672524521,517568.72541191854,T,16.68677675113339,0.4089601175893581,0.6394998964732974,16.68677675113339,0.4089601175893581
2854,587212.5553091742,517568.72541191854,T,16.625209768262145,0.420848999241596,0.6487287562931029,16.625209768262145,0.420848999241596
2855,587212.8433658964,517568.72541191854,T,16.57926022820505,0.42839288658991015,0.65451729281197,16.57926022820505,0.42839288658991015
2856,587213.1314226185,517568.72541191854,T,16.54728181132796,0.4330570683458549,0.6580707168274964,16.54728181132796,0.4330570683458549
2857,587213.4194793407,517568.72541191854,T,16.52649212422795,0.4358917751697378,0.6602210047928935,16.52649212422795,0.4358917751697378
2858,587213.7075360628,517568.72541191854,T,16.513857935884406,0.4375976444336823,0.6615116359019563,16.513857935884406,0.4375976444336823
2859,587213.995592785,517568.72541191854,T,16.50668280811309,0.43861845269344424,0.6622827588677243,16.50668280811309,0.43861845269344424
2860,587199.0166432329,517569.0134686407,T,16.39707616492682,0.4314027439983608,0.6568125638249932,16.39707616492682,0.4314027439983608
2861,587199.304699955,517569.0134686407,T,16.35074164199798,0.42571067346552516,0.6524650745178052,16.35074164199798,0.42571067346552516
2862,587199.5927566772,517569.0134686407,T,16.293325757236516,0.41657547241008147,0.645426581734965,16.293325757236516,0.41657547241008147
2863,587199.8808133993,517569.0134686407,T,16.226351253986532,0.4023545875977151,0.6343142656426033,16.226351253986532,0.4023545875977151
2864,587200.1688701215,517569.0134686407,T,16.15284888236512,0.3810955118753688,0.6173293382590599,16.15284888236512,0.3810955118753688
2865,587200.4569268436,517569.0134686407,T,16.077011715253686,0.3508513571085585,0.5923270693700893,16.077011715253686,0.3508513571085585
2866,587200.7449835659,517569.0134686407,T,16.003575420423598,0.31025915815229455,0.5570091185539915,16.003575420423598,0.31025915815229455
2867,587201.033040288,517569.0134686407,T,15.937152703145768,0.2593436271752604,0.5092579181272102,15.937152703145768,0.2593436271752604
2868,587201.3210970102,517569.0134686407,T,15.881783052064632,0.20033564518544347,0.44758870091350994,15.881783052064632,0.20033564518544347
2869,587201.6091537323,517569.0134686407,T,15.840841052122574,0.1381036953618319,0.37162305547669117,15.840841052122574,0.1381036953618319
2870,587201.8972104545,517569.0134686407,T,15.817220300976661,0.07977338045709015,0.28244181782641564,15.817220300976661,0.07977338045709015
2871,587202.1852671766,517569.0134686407,T,15.813504298615841,0.033406695470407366,0.18277498589907581,15.813504298615841,0.033406695470407366
2872,587202.4733238987,517569.0134686407,T,15.831796539135954,0.006107428900741879,0.07815004095163278,15.831796539135954,0.006107428900741879
2873,587202.7613806209,517569.0134686407,T,15.873071850969975,0.002242718685362163,0.04735735091157616,15.873071850969975,0.002242718685362163
2874,587203.049437343,517569.0134686407,T,15.93624651719717,0.02238318330704424,0.14961010429461052,15.93624651719717,0.02238318330704424
2875,587203.3374940652,517569.0134686407,T,16.017448421851253,0.06321731567522448,0.25143053846982166,16.017448421851253,0.06321731567522448
2876,587203.6255507873,517569.0134686407,T,16.110007083522746,0.11839401315104497,0.34408431110854937,16.110007083522746,0.11839401315104497
2877,587203.9136075096,517569.0134686407,T,16.20541802648359,0.18005950331772078,0.42433418824992264,16.20541802648359,0.18005950331772078
2878,587204.2016642317,517569.0134686407,T,16.29509180377841,0.2406663291420843,0.4905775465123575,16.29509180377841,0.2406663291420843
2879,587204.4897209539,517569.0134686407,T,16.372313651052995,0.2944812521321151,0.542661268317645,16.372313651052995,0.2944812521321151
2880,587204.777777676,517569.0134686407,T,16.43372073306869,0.33831302471567815,0.581646821289069,16.43372073306869,0.33831302471567815
2881,587205.0658343981,517569.0134686407,T,16.479800980890722,0.37135665805391954,0.609390398721476,16.479800980890722,0.37135665805391954
2882,587205.3538911203,517569.0134686407,T,16.514309064424953,0.3944469712071638,0.6280501343102824,16.514309064424953,0.3944469712071638
2883,587205.6419478424,517569.0134686407,T,16.542877225285505,0.4091565099418432,0.6396534295552891,16.542877225285505,0.4091565099418432
2884,587205.9300045646,517569.0134686407,T,16.571312082251307,0.41704850746137656,0.6457929292438688,16.571312082251307,0.41704850746137656
2885,587206.2180612867,517569.0134686407,T,16.604074639302063,0.4191902165874317,0.6474490069398761,16.604074639302063,0.4191902165874317
2886,587206.506118009,517569.0134686407,T,16.643307531406435,0.41590239111199695,0.6449049473465038,16.643307531406435,0.41590239111199695
2887,587206.7941747311,517569.0134686407,T,16.688597958300996,0.4066945223969346,0.6377260559181619,16.688597958300996,0.4066945223969346
2888,587207.0822314533,517569.0134686407,T,16.737499674647097,0.39036744191025746,0.6247939195528854,16.737499674647097,0.39036744191025746
2889,587207.3702881754,517569.0134686407,T,16.786676712179613,0.36530959509752226,0.6044084670961537,16.786676712179613,0.36530959509752226
2890,587207.6583448976,517569.0134686407,T,16.83335577472249,0.33003627179071326,0.5744878343278588,16.83335577472249,0.33003627179071326
2891,587207.9464016197,517569.0134686407,T,16.876611147724702,0.28397879397758286,0.5328966072115517,16.876611147724702,0.28397879397758286
2892,587208.2344583418,517569.0134686407,T,16.91794741650503,0.2283852195732976,0.4778966620235986,16.91794741650503,0.2283852195732976
2893,587208.522515064,517569.0134686407,T,16.960795472475453,0.16698850802287568,0.40864227390576674,16.960795472475453,0.16698850802287568
2894,587208.8105717861,517569.0134686407,T,17.008920807503205,0.10600360254853684,0.3255819444449229,17.008920807503205,0.10600360254853684
2895,587209.0986285083,517569.0134686407,T,17.06424177675305,0.05320956406287101,0.2306719836973511,17.06424177675305,0.05320956406287101
2896,587209.3866852304,517569.0134686407,T,17.124934539680407,0.016306333305423068,0.12769625407749072,17.124934539680407,0.016306333305423068
2897,587209.6747419527,517569.0134686407,T,17.184729097594218,0.00109710745043064,0.033122612373281186,17.184729097594218,0.00109710745043064
2898,587209.9627986748,517569.0134686407,T,17.23389625480233,0.010081444953123778,0.10040639896502503,17.23389625480233,0.010081444953123778
2899,587210.250855397,517569.0134686407,T,17.261735149187928,0.04183152819906924,0.20452757319997036,17.261735149187928,0.04183152819906924
2900,587210.5389121191,517569.0134686407,T,17.25971327616926,0.09130630728989551,0.30216933545595837,17.25971327616926,0.09130630728989551
2901,587210.8269688413,517569.0134686407,T,17.224107935776708,0.1510745997210892,0.3886831610979426,17.224107935776708,0.1510745997210892
2902,587211.1150255634,517569.0134686407,T,17.157197541337137,0.21314111758731127,0.46167208881121596,17.157197541337137,0.21314111758731127
2903,587211.4030822855,517569.0134686407,T,17.06664692919535,0.27076375851159085,0.5203496502464384,17.06664692919535,0.27076375851159085
2904,587211.6911390077,517569.0134686407,T,16.96342873002883,0.31961179295350517,0.5653421910254931,16.96342873002883,0.31961179295350517
2905,587211.9791957298,517569.0134686407,T,16.859107213341424,0.35797065006115075,0.5983064850569069,16.859107213341424,0.35797065006115075
2906,587212.2672524521,517569.0134686407,T,16.763405073835337,0.3861883630175818,0.6214405546933527,16.763405073835337,0.3861883630175818
2907,587212.5553091742,517569.0134686407,T,16.682705532744325,0.4058175027964301,0.6370380701311579,16.682705532744325,0.4058175027964301
2908,587212.8433658964,517569.0134686407,T,16.6196941271343,0.41884060644770527,0.647178960139856,16.6196941271343,0.41884060644770527
2909,587213.1314226185,517569.0134686407,T,16.573935006516265,0.42715300130455347,0.6535694311276756,16.573935006516265,0.42715300130455347
2910,587213.4194793407,517569.0134686407,T,16.54295159273159,0.43230574089473695,0.6574996128475947,16.54295159273159,0.43230574089473695
2911,587213.7075360628,517569.0134686407,T,16.523369860171307,0.43543860295399794,0.6598777181826933,16.523369860171307,0.43543860295399794
2912,587213.995592785,517569.0134686407,T,16.51181876479539,0.4373233195143209,0.6613042563860608,16.51181876479539,0.4373233195143209
2913,587214.2836495071,517569.0134686407,T,16.505465789540107,0.43845160628810187,0.6621567837665804,16.505465789540107,0.43845160628810187
2914,587214.5717062292,517569.0134686407,T,16.50221471421608,0.4391247375048573,0.6626648757138538,16.50221471421608,0.4391247375048573
2915,587199.304699955,517569.3015253629,T,16.405282583285544,0.4322570265410381,0.6574625666462222,16.405282583285544,0.4322570265410381
2916,587199.5927566772,517569.3015253629,T,16.36425106128845,0.42710554891239405,0.6535331276319465,16.36425106128845,0.42710554891239405
2917,587199.8808133993,517569.3015253629,T,16.31386891274271,0.4188048899709317,0.6471513655791291,16.31386891274271,0.4188048899709317
2918,587200.1688701215,517569.3015253629,T,16.255365671914078,0.40579476858874347,0.6370202262006627,16.255365671914078,0.40579476858874347
2919,587200.4569268436,517569.3015253629,T,16.1910429779115,0.3861547434231189,0.6214135043778167,16.1910429779115,0.3861547434231189
2920,587200.7449835659,517569.3015253629,T,16.123995723473886,0.3578731655394325,0.5982250124655709,16.123995723473886,0.3578731655394325
2921,587201.033040288,517569.3015253629,T,16.057729350017244,0.319398457054586,0.5651534809718384,16.057729350017244,0.319398457054586
2922,587201.3210970102,517569.3015253629,T,15.995860696019445,0.2704435811424062,0.5200419032562724,15.995860696019445,0.2704435811424062
2923,587201.6091537323,517569.3015253629,T,15.942041261631015,0.21281968949005098,0.4613238444845995,15.942041261631015,0.21281968949005098
2924,587201.8972104545,517569.3015253629,T,15.900079016947021,0.15089940209784997,0.38845772240727816,15.900079016947021,0.15089940209784997
2925,587202.1852671766,517569.3015253629,T,15.874040170913254,0.09133587017124195,0.3022182492359486,15.874040170913254,0.09133587017124195
2926,587202.4733238987,517569.3015253629,T,15.868019956888451,0.04195301731915705,0.20482435724092252,15.868019956888451,0.04195301731915705
2927,587202.7613806209,517569.3015253629,T,15.885383923514176,0.010092650198595598,0.10046218292768477,15.885383923514176,0.010092650198595598
2928,587203.049437343,517569.3015253629,T,15.927583470132966,9.00936667460567e-4,0.030015607064668326,15.927583470132966,9.00936667460567e-4
2929,587203.3374940652,517569.3015253629,T,15.992988718632931,0.016019637815879544,0.12656870788579436,15.992988718632931,0.016019637815879544
2930,587203.6255507873,517569.3015253629,T,16.07634435649534,0.05306253854082003,0.2303530736517749,16.07634435649534,0.05306253854082003
2931,587203.9136075096,517569.3015253629,T,16.169300260391847,0.10613312864563125,0.3257807984606079,16.169300260391847,0.10613312864563125
2932,587204.2016642317,517569.3015253629,T,16.26203761743639,0.16733597207072964,0.4090671975002758,16.26203761743639,0.16733597207072964
2933,587204.4897209539,517569.3015253629,T,16.34551466923604,0.22877715816548297,0.4783065525010952,16.34551466923604,0.22877715816548297
2934,587204.777777676,517569.3015253629,T,16.413557134121582,0.28427666435588783,0.5331760162984527,16.413557134121582,0.28427666435588783
2935,587205.0658343981,517569.3015253629,T,16.46407262482342,0.33020889867248915,0.5746380588444253,16.46407262482342,0.33020889867248915
2936,587205.3538911203,517569.3015253629,T,16.499035395145665,0.36539954895886306,0.6044828773082519,16.499035395145665,0.36539954895886306
2937,587205.6419478424,517569.3015253629,T,16.523367224916214,0.3904237640063702,0.6248389904658401,16.523367224916214,0.3904237640063702
2938,587205.9300045646,517569.3015253629,T,16.543202053186697,0.40673842218376866,0.6377604739898582,16.543202053186697,0.40673842218376866
2939,587206.2180612867,517569.3015253629,T,16.564136353552676,0.41593272959044447,0.6449284685842643,16.564136353552676,0.41593272959044447
2940,587206.506118009,517569.3015253629,T,16.589952744212606,0.4192015134542794,0.6474577310174614,16.589952744212606,0.4192015134542794
2941,587206.7941747311,517569.3015253629,T,16.62207698804621,0.417040159434632,0.6457864658187193,16.62207698804621,0.417040159434632
2942,587207.0822314533,517569.3015253629,T,16.659804989506725,0.4091285770935837,0.6396315948212562,16.659804989506725,0.4091285770935837
2943,587207.3702881754,517569.3015253629,T,16.701165774087695,0.39438800430539517,0.6280031881331457,16.701165774087695,0.39438800430539517
2944,587207.6583448976,517569.3015253629,T,16.744153437440918,0.3712371028065798,0.6092922966906604,16.744153437440918,0.3712371028065798
2945,587207.9464016197,517569.3015253629,T,16.787944009605276,0.33810277439154546,0.5814660560957496,16.787944009605276,0.33810277439154546
2946,587208.2344583418,517569.3015253629,T,16.83364052541392,0.29419382346029377,0.5423963711717601,16.83364052541392,0.29419382346029377
2947,587208.522515064,517569.3015253629,T,16.88414154147635,0.24039106043179306,0.49029691048567,16.88414154147635,0.24039106043179306
2948,587208.8105717861,517569.3015253629,T,16.94297422135403,0.17992277463823378,0.4241730479865898,16.94297422135403,0.17992277463823378
2949,587209.0986285083,517569.3015253629,T,17.012347865609733,0.11844807734114424,0.3441628645585462,17.012347865609733,0.11844807734114424
2950,587209.3866852304,517569.3015253629,T,17.09111231931203,0.06335857316180814,0.25171128930146963,17.09111231931203,0.06335857316180814
2951,587209.6747419527,517569.3015253629,T,17.173519418142703,0.02241648680051254,0.1497213638747408,17.173519418142703,0.02241648680051254
2952,587209.9627986748,517569.3015253629,T,17.249512253764657,0.002065730021263267,0.04545030276316393,17.249512253764657,0.002065730021263267
2953,587210.250855397,517569.3015253629,T,17.30671551218697,0.005831898064719022,0.07636686496589357,17.30671551218697,0.005831898064719022
2954,587210.5389121191,517569.3015253629,T,17.333591297640027,0.033273430863442255,0.18241006239635535,17.333591297640027,0.033273430863442255
2955,587210.8269688413,517569.3015253629,T,17.32269212712287,0.07993776903473976,0.2827326812286471,17.32269212712287,0.07993776903473976
2956,587211.1150255634,517569.3015253629,T,17.272853254817424,0.1385089802914477,0.3721679463514392,17.272853254817424,0.1385089802914477
2957,587211.4030822855,517569.3015253629,T,17.189570479452485,0.20078466163497619,0.44809001510296587,17.189570479452485,0.20078466163497619
2958,587211.6911390077,517569.3015253629,T,17.08351265201684,0.25966886007371837,0.509577138492023,17.08351265201684,0.25966886007371837
2959,587211.9791957298,517569.3015253629,T,16.967791323888804,0.3104221952374209,0.5571554497960339,16.967791323888804,0.3104221952374209
2960,587212.2672524521,517569.3015253629,T,16.85496729380568,0.350914809454216,0.5923806288647663,16.85496729380568,0.350914809454216
2961,587212.5553091742,517569.3015253629,T,16.75470908260192,0.38113816578793497,0.6173638844214447,16.75470908260192,0.38113816578793497
2962,587212.8433658964,517569.3015253629,T,16.672630280398,0.4024166645958031,0.6343631961233274,16.672630280398,0.4024166645958031
2963,587213.1314226185,517569.3015253629,T,16.610341208676047,0.4166568804153084,0.6454896439256856,16.610341208676047,0.4166568804153084
2964,587213.4194793407,517569.3015253629,T,16.566369406553413,0.4257944215815302,0.6525292495984607,16.566369406553413,0.4257944215815302
2965,587213.7075360628,517569.3015253629,T,16.537446341864545,0.43147397866736015,0.6568667891341137,16.537446341864545,0.43147397866736015
2966,587213.995592785,517569.3015253629,T,16.519714895743935,0.4349314819267777,0.6594933524507868,16.519714895743935,0.4349314819267777
2967,587214.2836495071,517569.3015253629,T,16.509592637509748,0.43701348032495424,0.661069951158691,16.509592637509748,0.43701348032495424
2968,587214.5717062292,517569.3015253629,T,16.50422258777287,0.4382618558058995,0.6620134861208641,16.50422258777287,0.4382618558058995
2969,587214.8597629514,517569.3015253629,T,16.501582612047862,0.43900881416545967,0.6625774023957198,16.501582612047862,0.43900881416545967
2970,587199.8808133993,517569.589582085,T,16.37889689756852,0.42837391801153607,0.6545028021418519,16.37889689756852,0.42837391801153607
2971,587200.1688701215,517569.589582085,T,16.33511948514759,0.4208397041521083,0.6487215921734903,16.33511948514759,0.4208397041521083
2972,587200.4569268436,517569.589582085,T,16.284177952606537,0.4089481162194884,0.6394905130019432,16.284177952606537,0.4089481162194884
2973,587200.7449835659,517569.589582085,T,16.227633517525252,0.39082543411824877,0.6251603267308705,16.227633517525252,0.39082543411824877
2974,587201.033040288,517569.589582085,T,16.16763999391462,0.36443703291827617,0.6036862040151955,16.16763999391462,0.36443703291827617
2975,587201.3210970102,517569.589582085,T,16.10682559211244,0.32810221487750924,0.5728020730387673,16.10682559211244,0.32810221487750924
2976,587201.6091537323,517569.589582085,T,16.04831620749006,0.28125933651745705,0.5303388883699337,16.04831620749006,0.28125933651745705
2977,587201.8972104545,517569.589582085,T,15.995905000270092,0.22526983704353173,0.47462599701610503,15.995905000270092,0.22526983704353173
2978,587202.1852671766,517569.589582085,T,15.954202792006058,0.16391850018424414,0.40486849739667835,15.954202792006058,0.16391850018424414
2979,587202.4733238987,517569.589582085,T,15.928478509094482,0.10330626798728759,0.32141292442477726,15.928478509094482,0.10330626798728759
2980,587202.7613806209,517569.589582085,T,15.923936655817197,0.051027091903399484,0.2258917703312794,15.923936655817197,0.051027091903399484
2981,587203.049437343,517569.589582085,T,15.94442264626621,0.014736846744744259,0.1213954148423418,15.94442264626621,0.014736846744744259
2982,587203.3374940652,517569.589582085,T,15.99090622095016,3.920293088742959e-4,0.019799730020237546,15.99090622095016,3.920293088742959e-4
2983,587203.6255507873,517569.589582085,T,16.060368742625254,0.010615468331655227,0.10303139488357531,16.060368742625254,0.010615468331655227
2984,587203.9136075096,517569.589582085,T,16.145715388195658,0.043800813579273755,0.20928643907160768,16.145715388195658,0.043800813579273755
2985,587204.2016642317,517569.589582085,T,16.236988627899358,0.09445402109538518,0.30733372918601887,16.236988627899358,0.09445402109538518
2986,587204.4897209539,517569.589582085,T,16.323614455763018,0.15474711191522275,0.3933790944054129,16.323614455763018,0.15474711191522275
2987,587204.777777676,517569.589582085,T,16.39694144039499,0.21662688733706595,0.4654319363097745,16.39694144039499,0.21662688733706595
2988,587205.0658343981,517569.589582085,T,16.45218429388875,0.27359267675581955,0.5230608728970458,16.45218429388875,0.27359267675581955
2989,587205.3538911203,517569.589582085,T,16.489133956950454,0.3215879630684408,0.5670872623048774,16.489133956950454,0.3215879630684408
2990,587205.6419478424,517569.589582085,T,16.511506458653813,0.35899320669541795,0.5991604181647999,16.511506458653813,0.35899320669541795
2991,587205.9300045646,517569.589582085,T,16.525312010036306,0.3860447298057267,0.6213249792224088,16.525312010036306,0.3860447298057267
2992,587206.2180612867,517569.589582085,T,16.536907733021526,0.40404057035951463,0.6356418569914308,16.536907733021526,0.40404057035951463
2993,587206.506118009,517569.589582085,T,16.551377077785524,0.4145833957257844,0.6438815075196557,16.551377077785524,0.4145833957257844
2994,587206.7941747311,517569.589582085,T,16.571640785218214,0.4189937062235532,0.647297231744083,16.571640785218214,0.4189937062235532
2995,587207.0822314533,517569.589582085,T,16.5984054689356,0.41793903608065003,0.6464820462167917,16.5984054689356,0.41793903608065003
2996,587207.3702881754,517569.589582085,T,16.63081866076668,0.41126906408405556,0.6413026306542454,16.63081866076668,0.41126906408405556
2997,587207.6583448976,517569.589582085,T,16.667556412572125,0.39803780336995,0.6309023722969743,16.667556412572125,0.39803780336995
2998,587207.9464016197,517569.589582085,T,16.707989795980925,0.37672956086265663,0.6137829916694145,16.707989795980925,0.37672956086265663
2999,587208.2344583418,517569.589582085,T,16.753032558202246,0.34573461622093765,0.5879920205418928,16.753032558202246,0.34573461622093765
3000,587208.522515064,517569.589582085,T,16.805289622869306,0.30407488362688245,0.551429853768258,16.805289622869306,0.30407488362688245
3001,587208.8105717861,517569.589582085,T,16.868270075177428,0.25224594297607705,0.5022409212480371,16.868270075177428,0.25224594297607705
3002,587209.0986285083,517569.589582085,T,16.9447334567652,0.19290393312904752,0.4392083026640634,16.9447334567652,0.19290393312904752
3003,587209.3866852304,517569.589582085,T,17.034638591920565,0.13109891888284153,0.3620758468647716,17.034638591920565,0.13109891888284153
3004,587209.6747419527,517569.589582085,T,17.133485168955005,0.07385998357309032,0.2717719330120208,17.133485168955005,0.07385998357309032
3005,587209.9627986748,517569.589582085,T,17.23187667185864,0.02908869669796555,0.17055408730946775,17.23187667185864,0.02908869669796555
3006,587210.250855397,517569.589582085,T,17.31678614283049,0.00388419268028874,0.062323291635541365,17.31678614283049,0.00388419268028874
3007,587210.5389121191,517569.589582085,T,17.37436524182083,0.0026740244532506945,0.05171097033754728,17.37436524182083,0.0026740244532506945
3008,587210.8269688413,517569.589582085,T,17.39347352189623,0.02581596448514683,0.16067347162847645,17.39347352189623,0.02581596448514683
3009,587211.1150255634,517569.589582085,T,17.368738784064103,0.06936687757470539,0.2633759244401534,17.368738784064103,0.06936687757470539
3010,587211.4030822855,517569.589582085,T,17.302083931072836,0.1262421941942748,0.3553057756275217,17.302083931072836,0.1262421941942748
3011,587211.6911390077,517569.589582085,T,17.202224911392815,0.18825608382644202,0.4338848739313714,17.202224911392815,0.18825608382644202
3012,587211.9791957298,517569.589582085,T,17.082395435686482,0.24812368247988284,0.49812014863874243,17.082395435686482,0.24812368247988284
3013,587212.2672524521,517569.589582085,T,16.95715057282259,0.3007168999592063,0.5483766041318743,16.95715057282259,0.3007168999592063
3014,587212.5553091742,517569.589582085,T,16.839307179375886,0.34340777286472346,0.586010045020325,16.839307179375886,0.34340777286472346
3015,587212.8433658964,517569.589582085,T,16.73786359279287,0.3757383208383863,0.6129749757032389,16.73786359279287,0.3757383208383863
3016,587213.1314226185,517569.589582085,T,16.65726313725994,0.3987555097936163,0.6314709096970471,16.65726313725994,0.3987555097936163
3017,587213.4194793407,517569.589582085,T,16.597866106871663,0.41428094510396185,0.6436465995435398,16.597866106871663,0.41428094510396185
3018,587213.7075360628,517569.589582085,T,16.557167927983947,0.4242963533841418,0.6513803446406269,16.557167927983947,0.4242963533841418
3019,587213.995592785,517569.589582085,T,16.531221126157398,0.4305446191468867,0.6561589892296582,16.531221126157398,0.4305446191468867
3020,587214.2836495071,517569.589582085,T,16.51583977467008,0.43435898113597743,0.6590591636082282,16.51583977467008,0.43435898113597743
3021,587214.5717062292,517569.589582085,T,16.50737775907508,0.4366614401199964,0.6608036320420737,16.50737775907508,0.4366614401199964
3022,587214.8597629514,517569.589582085,T,16.503069954790444,0.43804560376490254,0.6618501369380402,16.503069954790444,0.43804560376490254
3023,587215.1478196735,517569.589582085,T,16.501047085498914,0.4388766449120352,0.6624776561605947,16.501047085498914,0.4388766449120352
3024,587200.1688701215,517569.8776388072,T,16.39368481576405,0.4295242523492035,0.6553809978548383,16.39368481576405,0.4295242523492035
3025,587200.4569268436,517569.8776388072,T,16.35578840565057,0.4226896090735231,0.650145836773199,16.35578840565057,0.4226896090735231
3026,587200.7449835659,517569.8776388072,T,16.31129280438736,0.41183023753376935,0.641740007739715,16.31129280438736,0.41183023753376935
3027,587201.033040288,517569.8776388072,T,16.261115413289676,0.3951384868471663,0.6286004190637852,16.261115413289676,0.3951384868471663
3028,587201.3210970102,517569.8776388072,T,16.206729136548816,0.370593135364037,0.6087636120564672,16.206729136548816,0.370593135364037
3029,587201.6091537323,517569.8776388072,T,16.150294145918924,0.3364187199249542,0.5800161376418368,16.150294145918924,0.3364187199249542
3030,587201.8972104545,517569.8776388072,T,16.094916212131928,0.2917817641787979,0.5401682739469229,16.094916212131928,0.2917817641787979
3031,587202.1852671766,517569.8776388072,T,16.044909904599606,0.2375589897281192,0.48740023566686874,16.044909904599606,0.2375589897281192
3032,587202.4733238987,517569.8776388072,T,16.00580385923872,0.17691518100333814,0.4206128635733079,16.00580385923872,0.17691518100333814
3033,587202.7613806209,517569.8776388072,T,15.98379649211619,0.11542188186207405,0.33973796058443934,15.98379649211619,0.11542188186207405
3034,587203.049437343,517569.8776388072,T,15.984536560314371,0.06050804357985402,0.2459838278827574,15.984536560314371,0.06050804357985402
3035,587203.3374940652,517569.8776388072,T,16.01143956080446,0.02015455353195579,0.14196673389197834,16.01143956080446,0.02015455353195579
3036,587203.6255507873,517569.8776388072,T,16.064103919982134,0.0010044468654759426,0.03169300972574146,16.064103919982134,0.0010044468654759426
3037,587203.9136075096,517569.8776388072,T,16.137543519056777,0.006456848185807286,0.08035451565286972,16.137543519056777,0.006456848185807286
3038,587204.2016642317,517569.8776388072,T,16.222758361534705,0.03556610752711087,0.18858978638068094,16.222758361534705,0.03556610752711087
3039,587204.4897209539,517569.8776388072,T,16.308659741629885,0.08332163846917778,0.288654877785181,16.308659741629885,0.08332163846917778
3040,587204.777777676,517569.8776388072,T,16.384778746046006,0.14218546612596952,0.3770748813246111,16.384778746046006,0.14218546612596952
3041,587205.0658343981,517569.8776388072,T,16.443819096446784,0.20414124735648953,0.451819928020544,16.443819096446784,0.20414124735648953
3042,587205.3538911203,517569.8776388072,T,16.48316494047179,0.26242442807791705,0.5122737823448679,16.48316494047179,0.26242442807791705
3043,587205.6419478424,517569.8776388072,T,16.5048956483558,0.3124853428600591,0.5590038844767172,16.5048956483558,0.3124853428600591
3044,587205.9300045646,517569.8776388072,T,16.514462683133484,0.3521690163854639,0.5934383004032213,16.514462683133484,0.3521690163854639
3045,587206.2180612867,517569.8776388072,T,16.518654610770763,0.3813175311140597,0.6175091344377504,16.518654610770763,0.3813175311140597
3046,587206.506118009,517569.8776388072,T,16.523625352945956,0.40105251261280456,0.6332870696712547,16.523625352945956,0.40105251261280456
3047,587206.7941747311,517569.8776388072,T,16.53358701266357,0.41298598271821085,0.6426398545983675,16.53358701266357,0.41298598271821085
3048,587207.0822314533,517569.8776388072,T,16.550422327258175,0.41855751362963195,0.6469602102367903,16.550422327258175,0.41855751362963195
3049,587207.3702881754,517569.8776388072,T,16.574137257423835,0.41859841624835253,0.646991820851201,16.574137257423835,0.41859841624835253
3050,587207.6583448976,517569.8776388072,T,16.603861802843287,0.4131270668324974,0.6427496144164517,16.603861802843287,0.4131270668324974
3051,587207.9464016197,517569.8776388072,T,16.63902195365064,0.4013448705965265,0.6335178534157712,16.63902195365064,0.4013448705965265
3052,587208.2344583418,517569.8776388072,T,16.680295787058487,0.3818316936592163,0.6179253139815655,16.680295787058487,0.3818316936592163
3053,587208.522515064,517569.8776388072,T,16.729998411210392,0.35297092074748126,0.5941135587978794,16.729998411210392,0.35297092074748126
3054,587208.8105717861,517569.8776388072,T,16.79163618461395,0.3136041526745932,0.5600037077328981,16.79163618461395,0.3136041526745932
3055,587209.0986285083,517569.8776388072,T,16.86857953727321,0.2638220479006393,0.513636104553252,16.86857953727321,0.2638220479006393
3056,587209.3866852304,517569.8776388072,T,16.962129430656514,0.20569859499115717,0.4535400698848528,16.962129430656514,0.20569859499115717
3057,587209.6747419527,517569.8776388072,T,17.06959916768465,0.14371787638358355,0.3791014064647921,17.06959916768465,0.14371787638358355
3058,587209.9627986748,517569.8776388072,T,17.183223648629358,0.08462315196850154,0.2909005877761362,17.183223648629358,0.08462315196850154
3059,587210.250855397,517569.8776388072,T,17.290579027139483,0.03646513021046721,0.19095845152929788,17.290579027139483,0.03646513021046721
3060,587210.5389121191,517569.8776388072,T,17.37671614499465,0.006855797075370841,0.08279974079289645,17.37671614499465,0.006855797075370841
3061,587210.8269688413,517569.8776388072,T,17.427541145288128,8.849225215735618e-4,0.02974764732837812,17.427541145288128,8.849225215735618e-4
3062,587211.1150255634,517569.8776388072,T,17.433412258044598,0.01955506481165628,0.1398394250977037,17.433412258044598,0.01955506481165628
3063,587211.4030822855,517569.8776388072,T,17.391744823841012,0.05950197102641595,0.2439302585298018,17.391744823841012,0.05950197102641595
3064,587211.6911390077,517569.8776388072,T,17.3077360810148,0.11411611895568954,0.33781077388930264,17.3077360810148,0.11411611895568954
3065,587211.9791957298,517569.8776388072,T,17.193004612377244,0.17545923922889317,0.4188785494972178,17.193004612377244,0.17545923922889317
3066,587212.2672524521,517569.8776388072,T,17.062679891823066,0.2361346000493339,0.48593682722071385,17.062679891823066,0.2361346000493339
3067,587212.5553091742,517569.8776388072,T,16.931956253142975,0.2905596602452889,0.5390358617432507,16.931956253142975,0.2905596602452889
3068,587212.8433658964,517569.8776388072,T,16.813171114152293,0.3355052162780266,0.5792281211043078,16.813171114152293,0.3355052162780266
3069,587213.1314226185,517569.8776388072,T,16.714121657499543,0.37000373570757195,0.6082793237547796,16.714121657499543,0.37000373570757195
3070,587213.4194793407,517569.8776388072,T,16.637802116355697,0.39481422200229055,0.6283424400772962,16.637802116355697,0.39481422200229055
3071,587213.7075360628,517569.8776388072,T,16.583268664725935,0.41168001785370756,0.641622956146137,16.583268664725935,0.41168001785370756
3072,587213.995592785,517569.8776388072,T,16.54708473635864,0.42262971635991625,0.6500997741577182,16.54708473635864,0.42262971635991625
3073,587214.2836495071,517569.8776388072,T,16.524798582116805,0.4294980660853812,0.6553610196566326,16.524798582116805,0.4294980660853812
3074,587214.5717062292,517569.8776388072,T,16.512080028790578,0.4337098596859859,0.6585665188012414,16.512080028790578,0.4337098596859859
3075,587214.8597629514,517569.8776388072,T,16.505374419303575,0.4362613486972588,0.6605008317157964,16.505374419303575,0.4362613486972588
3076,587215.1478196735,517569.8776388072,T,16.50211907804242,0.4378000381786083,0.6616645964373553,16.50211907804242,0.4378000381786083
3077,587215.4358763958,517569.8776388072,T,16.500665341732624,0.4387270538818578,0.6623647438397199,16.500665341732624,0.4387270538818578
3078,587200.4569268436,517570.1656955293,T,16.407794909669146,0.430565078300907,0.6561745791334095,16.407794909669146,0.430565078300907
3079,587200.7449835659,517570.1656955293,T,16.37491936573172,0.4243687145989188,0.6514358867908021,16.37491936573172,0.4243687145989188
3080,587201.033040288,517570.1656955293,T,16.335756840372255,0.4144661982008305,0.6437904924747107,16.335756840372255,0.4144661982008305
3081,587201.3210970102,517570.1656955293,T,16.29076142593089,0.39913178583783154,0.6317687756116407,16.29076142593089,0.39913178583783154
3082,587201.6091537323,517570.1656955293,T,16.24103975216115,0.37637822340601423,0.6134967183335329,16.24103975216115,0.37637822340601423
3083,587201.8972104545,517570.1656955293,T,16.188679855967692,0.3443460034556818,0.5868100233088063,16.188679855967692,0.3443460034556818
3084,587202.1852671766,517570.1656955293,T,16.137128017343475,0.30192556669798615,0.5494775397575283,16.137128017343475,0.30192556669798615
3085,587202.4733238987,517570.1656955293,T,16.091390947124577,0.2495123833147349,0.49951214531253885,16.091390947124577,0.2495123833147349
3086,587202.7613806209,517570.1656955293,T,16.05775978004742,0.1896962561416767,0.43554133689200697,16.05775978004742,0.1896962561416767
3087,587203.049437343,517570.1656955293,T,16.04283237464533,0.12759526252386233,0.3572047907347581,16.04283237464533,0.12759526252386233
3088,587203.3374940652,517570.1656955293,T,16.051884340151492,0.07049636371726978,0.2655115133422085,16.051884340151492,0.07049636371726978
3089,587203.6255507873,517570.1656955293,T,16.08701657852827,0.026586822537918386,0.1630546611965398,16.08701657852827,0.026586822537918386
3090,587203.9136075096,517570.1656955293,T,16.1457906696473,0.0029617474636534223,0.05442193917579033,16.1457906696473,0.0029617474636534223
3091,587204.2016642317,517570.1656955293,T,16.221051001823152,0.0036076736719167332,0.06006391322513655,16.221051001823152,0.0036076736719167332
3092,587204.4897209539,517570.1656955293,T,16.30225274263832,0.028252763332214013,0.16808558335625937,16.30225274263832,0.028252763332214013
3093,587204.777777676,517570.1656955293,T,16.37800357150171,0.072576414305677725,0.2694001007900289,16.37800357150171,0.072576414305677725
3094,587205.0658343981,517570.1656955293,T,16.438978178376573,0.1295655816876746,0.3599521936142001,16.438978178376573,0.1295655816876746
3095,587205.3538911203,517570.1656955293,T,16.480168026217942,0.1913487965522696,0.43743433398885095,16.480168026217942,0.1913487965522696
3096,587205.6419478424,517570.1656955293,T,16.501697685362686,0.2508630110903938,0.5008622675850056,16.501697685362686,0.2508630110903938
3097,587205.9300045646,517570.1656955293,T,16.508038125458285,0.30298032085141874,0.5504364821225232,16.508038125458285,0.30298032085141874
3098,587206.2180612867,517570.1656955293,T,16.506074710529152,0.344957082812214,0.5873304715509098,16.506074710529152,0.344957082812214
3099,587206.506118009,517570.1656955293,T,16.50285210087133,0.37623067723018316,0.6133764563709494,16.50285210087133,0.37623067723018316
3100,587206.7941747311,517570.1656955293,T,16.503796069534534,0.3977472133901877,0.6306720331441594,16.503796069534534,0.3977472133901877
3101,587207.0822314533,517570.1656955293,T,16.511887376784497,0.41111788016412765,0.6411847472952922,16.511887376784497,0.41111788016412765
3102,587207.3702881754,517570.1656955293,T,16.527841732691257,0.417882416319917,0.6464382540660144,16.527841732691257,0.417882416319917
3103,587207.6583448976,517570.1656955293,T,16.551023616961498,0.41902124941721847,0.6473185069324208,16.551023616961498,0.41902124941721847
3104,587207.9464016197,517570.1656955293,T,16.580671118507635,0.414719925680631,0.6439875198174503,16.580671118507635,0.414719925680631
3105,587208.2344583418,517570.1656955293,T,16.617002659141814,0.4043391851205862,0.6358767059112845,16.617002659141814,0.4043391851205862
3106,587208.522515064,517570.1656955293,T,16.66184157775871,0.38657176718037206,0.6217489583267286,16.66184157775871,0.38657176718037206
3107,587208.8105717861,517570.1656955293,T,16.7184934128738,0.35980479902446916,0.5998373104638199,16.7184934128738,0.35980479902446916
3108,587209.0986285083,517570.1656955293,T,16.790763886380972,0.322701808480438,0.5680684892514617,16.790763886380972,0.322701808480438
3109,587209.3866852304,517570.1656955293,T,16.881247990410888,0.27496460741228645,0.52437067749092,16.881247990410888,0.27496460741228645
3110,587209.6747419527,517570.1656955293,T,16.98933054226796,0.2181448195436274,0.4670597601417054,16.98933054226796,0.2181448195436274
3111,587209.9627986748,517570.1656955293,T,17.10960236683017,0.15625007110346498,0.39528479746059675,17.10960236683017,0.15625007110346498
3112,587210.250855397,517570.1656955293,T,17.23144859461524,0.09577071168565228,0.30946843406986163,17.23144859461524,0.09577071168565228
3113,587210.5389121191,517570.1656955293,T,17.340292142414157,0.0447882573158717,0.21163236358334162,17.340292142414157,0.0447882573158717
3114,587210.8269688413,517570.1656955293,T,17.42041289174613,0.011176872657500645,0.10572072955433406,17.42041289174613,0.011176872657500645
3115,587211.1150255634,517570.1656955293,T,17.458621012570426,4.711618726611314e-4,0.02170626344309705,17.458621012570426,4.711618726611314e-4
3116,587211.4030822855,517570.1656955293,T,17.44763666375768,0.014310407779949305,0.11962611662989527,17.44763666375768,0.014310407779949305
3117,587211.6911390077,517570.1656955293,T,17.38804319562608,0.05011910609166872,0.22387296864889408,17.38804319562608,0.05011910609166872
3118,587211.9791957298,517570.1656955293,T,17.28816024292771,0.10201895383308815,0.319404060451786,17.28816024292771,0.10201895383308815
3119,587212.2672524521,517570.1656955293,T,17.161924353791285,0.16244176988262826,0.40304065537192185,17.161924353791285,0.16244176988262826
3120,587212.5553091742,517570.1656955293,T,17.02554285916513,0.2238382512271903,0.47311547345990523,17.02554285916513,0.2238382512271903
3121,587212.8433658964,517570.1656955293,T,16.894021616369795,0.2800714650729398,0.5292177860512057,16.894021616369795,0.2800714650729398
3122,587213.1314226185,517570.1656955293,T,16.778558492473444,0.3272548570055363,0.5720619345888488,16.778558492473444,0.3272548570055363
3123,587213.4194793407,517570.1656955293,T,16.685348771914864,0.36391533393543324,0.603253954761536,16.685348771914864,0.36391533393543324
3124,587213.7075360628,517570.1656955293,T,16.615799514999296,0.39054431835961734,0.6249354513544717,16.615799514999296,0.39054431835961734
3125,587213.995592785,517570.1656955293,T,16.567727601366084,0.408807909989083,0.6393808802185775,16.567727601366084,0.408807909989083
3126,587214.2836495071,517570.1656955293,T,16.536945987311213,0.4207632138481725,0.6486626348481717,16.536945987311213,0.4207632138481725
3127,587214.5717062292,517570.1656955293,T,16.51871616999508,0.4283169049603596,0.6544592462180969,16.51871616999508,0.4283169049603596
3128,587214.8597629514,517570.1656955293,T,16.508760749200604,0.43297545725839726,0.6580087060658067,16.508760749200604,0.43297545725839726
3129,587215.1478196735,517570.1656955293,T,16.503765126368208,0.4358092024508078,0.6601584676809106,16.503765126368208,0.4358092024508078
3130,587215.4358763958,517570.1656955293,T,16.50146448792968,0.4375235661742138,0.6614556418794942,16.50146448792968,0.4375235661742138
3131,587215.7239331179,517570.1656955293,T,16.500481968952528,0.4385597184291422,0.6622384150962115,16.500481968952528,0.4385597184291422
3132,587200.7449835659,517570.45375225146,T,16.420653146125034,0.4315062315306462,0.6568913392111714,16.420653146125034,0.4315062315306462
3133,587201.033040288,517570.45375225146,T,16.391952269825886,0.4258941382028873,0.6526056529044836,16.391952269825886,0.4258941382028873
3134,587201.3210970102,517570.45375225146,T,16.357184871912533,0.41688185398333877,0.6456638862313261,16.357184871912533,0.41688185398333877
3135,587201.6091537323,517570.45375225146,T,16.316570073599607,0.4028324627192766,0.6346908402673515,16.316570073599607,0.4028324627192766
3136,587201.8972104545,517570.45375225146,T,16.271162288621152,0.3817983997133961,0.6178983732891649,16.271162288621152,0.3817983997133961
3137,587202.1852671766,517570.45375225146,T,16.223295513141128,0.3518398867529993,0.5931609282083568,16.223295513141128,0.3518398867529993
3138,587202.4733238987,517570.45375225146,T,16.176951530812527,0.3115885485730123,0.5582011721351114,16.176951530812527,0.3115885485730123
3139,587202.7613806209,517570.45375225146,T,16.137768129722676,0.2610136045247965,0.5108949055576856,16.137768129722676,0.2610136045247965
3140,587203.049437343,517570.45375225146,T,16.112403651336198,0.20221692313312062,0.4496853601498726,16.112403651336198,0.20221692313312062
3141,587203.3374940652,517570.45375225146,T,16.107159164146438,0.13991411886179392,0.3740509575736893,16.107159164146438,0.13991411886179392
3142,587203.6255507873,517570.45375225146,T,16.126105298216743,0.08117332577752057,0.2849093290461381,16.126105298216743,0.08117332577752057
3143,587203.9136075096,517570.45375225146,T,16.169320930175733,0.03417347186261383,0.18486068230592959,16.169320930175733,0.03417347186261383
3144,587204.2016642317,517570.45375225146,T,16.232011610649625,0.006237235442571563,0.07897617009308291,16.232011610649625,0.006237235442571563
3145,587204.4897209539,517570.45375225146,T,16.305079655629033,0.0018763015429745426,0.04331629650575569,16.305079655629033,0.0018763015429745426
3146,587204.777777676,517570.45375225146,T,16.37718541120602,0.021638841791353777,0.1471014676723308,16.37718541120602,0.021638841791353777
3147,587205.0658343981,517570.45375225146,T,16.437695434074566,0.06211838326435832,0.24923559790759892,16.437695434074566,0.06211838326435832
3148,587205.3538911203,517570.45375225146,T,16.47948287778067,0.11695700559395408,0.3419897741072883,16.47948287778067,0.11695700559395408
3149,587205.6419478424,517570.45375225146,T,16.500567068390797,0.1784145946565213,0.4223915182109145,16.500567068390797,0.1784145946565213
3150,587205.9300045646,517570.45375225146,T,16.504058100538128,0.23905643587994113,0.48893397906050784,16.504058100538128,0.23905643587994113
3151,587206.2180612867,517570.45375225146,T,16.49657015173947,0.29314025306611957,0.5414242819324966,16.49657015173947,0.29314025306611957
3152,587206.506118009,517570.45375225146,T,16.485841520547197,0.3373505199488199,0.5808188357386664,16.485841520547197,0.3373505199488199
3153,587206.7941747311,517570.45375225146,T,16.478498530429817,0.3707440286653134,0.6088875336754017,16.478498530429817,0.3707440286653134
3154,587207.0822314533,517570.45375225146,T,16.478689991229874,0.3940861243029776,0.6277627930221554,16.478689991229874,0.3940861243029776
3155,587207.3702881754,517570.45375225146,T,16.487867337693064,0.408956177959945,0.6394968162234625,16.487867337693064,0.408956177959945
3156,587207.6583448976,517570.45375225146,T,16.505536628149585,0.4169614648465168,0.6457255336801517,16.505536628149585,0.4169614648465168
3157,587207.9464016197,517570.45375225146,T,16.530536834011667,0.41921380705026867,0.6474672246919289,16.530536834011667,0.41921380705026867
3158,587208.2344583418,517570.45375225146,T,16.562339800558703,0.41606424494870714,0.645030421723431,16.562339800558703,0.41606424494870714
3159,587208.522515064,517570.45375225146,T,16.601949244003738,0.4070394336498945,0.63799642134568,16.601949244003738,0.4070394336498945
3160,587208.8105717861,517570.45375225146,T,16.65210925443065,0.39095140205192924,0.6252610671167118,16.65210925443065,0.39095140205192924
3161,587209.0986285083,517570.45375225146,T,16.71668053621861,0.36619712841972285,0.6051422381719217,16.71668053621861,0.36619712841972285
3162,587209.3866852304,517570.45375225146,T,16.799226898396455,0.3312839105157857,0.5755726804807415,16.799226898396455,0.3312839105157857
3163,587209.6747419527,517570.45375225146,T,16.90109909379751,0.28558574016277855,0.5344022269440675,16.90109909379751,0.28558574016277855
3164,587209.9627986748,517570.45375225146,T,17.019567743187253,0.23022669337428542,0.479819438303916,17.019567743187253,0.23022669337428542
3165,587210.250855397,517570.45375225146,T,17.146721362888556,0.16880011565483743,0.4108529124331936,17.146721362888556,0.16880011565483743
3166,587210.5389121191,517570.45375225146,T,17.269767142409282,0.10747880126240048,0.32783959684943564,17.269767142409282,0.10747880126240048
3167,587210.8269688413,517570.45375225146,T,17.372988884500874,0.05416449250423502,0.232732663165777,17.372988884500874,0.05416449250423502
3168,587211.1150255634,517570.45375225146,T,17.441022508721545,0.01675880341752033,0.1294557971568687,17.441022508721545,0.01675880341752033
3169,587211.4030822855,517570.45375225146,T,17.462543015934664,0.0011626412980471356,0.03409752627460144,17.462543015934664,0.0011626412980471356
3170,587211.6911390077,517570.45375225146,T,17.433190563019053,0.00979224602923171,0.09895577814979634,17.433190563019053,0.00979224602923171
3171,587211.9791957298,517570.45375225146,T,17.35675483379462,0.041091930285651376,0.20271144586739887,17.35675483379462,0.041091930285651376
3172,587212.2672524521,517570.45375225146,T,17.244230261155817,0.09004723655723801,0.3000787172680495,17.244230261155817,0.09004723655723801
3173,587212.5553091742,517570.45375225146,T,17.11109842937039,0.14943012194469754,0.38656192510993315,17.11109842937039,0.14943012194469754
3174,587212.8433658964,517570.45375225146,T,16.97376869382557,0.21144124411611548,0.4598274068779671,16.97376869382557,0.21144124411611548
3175,587213.1314226185,517570.45375225146,T,16.846287948086605,0.26934681488770273,0.518986334008616,16.846287948086605,0.26934681488770273
3176,587213.4194793407,517570.45375225146,T,16.73818608459434,0.3186416155336827,0.5644834944740924,16.73818608459434,0.3186416155336827
3177,587213.7075360628,517570.45375225146,T,16.653813435821863,0.35740494272092344,0.5978335409801991,16.653813435821863,0.35740494272092344
3178,587213.995592785,517570.45375225146,T,16.5929950131746,0.38587751110222646,0.6211903984304864,16.5929950131746,0.38587751110222646
3179,587214.2836495071,517570.45375225146,T,16.55247800822092,0.40561917329447517,0.6368823857624539,16.55247800822092,0.40561917329447517
3180,587214.5717062292,517570.45375225146,T,16.52756619009396,0.4186732115205638,0.6470496206015145,16.52756619009396,0.4186732115205638
3181,587214.8597629514,517570.45375225146,T,16.513472766439257,0.4269904392293164,0.6534450544837848,16.513472766439257,0.4269904392293164
3182,587215.1478196735,517570.45375225146,T,16.506164603974693,0.4321511288825124,0.6573820265891914,16.506164603974693,0.4321511288825124
3183,587215.4358763958,517570.45375225146,T,16.50269664440431,0.4353031870310196,0.6597751033731264,16.50269664440431,0.4353031870310196
3184,587215.7239331179,517570.45375225146,T,16.50117462252393,0.4372159621998625,0.6612230805105509,16.50117462252393,0.4372159621998625
3185,587216.0119898401,517570.45375225146,T,16.50052433311097,0.4383753146973871,0.6620991728565949,16.50052433311097,0.4383753146973871
3186,587216.3000465622,517570.45375225146,T,16.500215127262035,0.4390768629153004,0.6626287519533849,16.500215127262035,0.4390768629153004
3187,587201.033040288,517570.74180897366,T,16.431958025482842,0.4323579999790219,0.657539352418562,16.431958025482842,0.4323579999790219
3188,587201.3210970102,517570.74180897366,T,16.40671868351754,0.4272818703717135,0.6536680123516169,16.40671868351754,0.4272818703717135
3189,587201.6091537323,517570.74180897366,T,16.375693060324625,0.4190958873596571,0.6473761560017924,16.375693060324625,0.4190958873596571
3190,587201.8972104545,517570.74180897366,T,16.339099629665867,0.4062506786786935,0.6373779715982453,16.339099629665867,0.4062506786786935
3191,587202.1852671766,517570.74180897366,T,16.29820181012565,0.3868388749980632,0.6219637248248994,16.29820181012565,0.3868388749980632
3192,587202.4733238987,517570.74180897366,T,16.255770866621578,0.35885473797366546,0.5990448547259758,16.255770866621578,0.35885473797366546
3193,587202.7613806209,517570.74180897366,T,16.216327556476298,0.32071886198569427,0.5663204587384199,16.216327556476298,0.32071886198569427
3194,587203.049437343,517570.74180897366,T,16.18586496726223,0.2720574129266262,0.5215912316427743,16.18586496726223,0.2720574129266262
3195,587203.3374940652,517570.74180897366,T,16.170844563420502,0.21455604928085367,0.4632019530192567,16.170844563420502,0.21455604928085367
3196,587203.6255507873,517570.74180897366,T,16.17652778861823,0.15250592558520584,0.39052007065604943,16.17652778861823,0.15250592558520584
3197,587203.9136075096,517570.74180897366,T,16.20507654150548,0.09260223002167535,0.30430614522496147,16.20507654150548,0.09260223002167535
3198,587204.2016642317,517570.74180897366,T,16.25414297876366,0.04280776569108251,0.20690037624683652,16.25414297876366,0.04280776569108251
3199,587204.4897209539,517570.74180897366,T,16.31667081158357,0.010564994470215628,0.10278615894280527,16.31667081158357,0.010564994470215628
3200,587204.777777676,517570.74180897366,T,16.382258729826734,9.846534329984395e-4,0.031379187895776386,16.382258729826734,9.846534329984395e-4
3201,587205.0658343981,517570.74180897366,T,16.43980754998243,0.015608093194245894,0.12493235447331445,16.43980754998243,0.015608093194245894
3202,587205.3538911203,517570.74180897366,T,16.480577487345947,0.052054304720994385,0.22815412492653817,16.480577487345947,0.052054304720994385
3203,587205.6419478424,517570.74180897366,T,16.500536969257745,0.10460047016876327,0.32341995944709917,16.500536969257745,0.10460047016876327
3204,587205.9300045646,517570.74180897366,T,16.501142770429063,0.165562808376414,0.406894099707054,16.501142770429063,0.165562808376414
3205,587206.2180612867,517570.74180897366,T,16.488340563101108,0.22711649129776856,0.4765674047789762,16.488340563101108,0.22711649129776856
3206,587206.506118009,517570.74180897366,T,16.470294760378696,0.28296543831225296,0.5319449579723949,16.470294760378696,0.28296543831225296
3207,587206.7941747311,517570.74180897366,T,16.454802131385893,0.32929523384785914,0.5738425165913198,16.454802131385893,0.32929523384785914
3208,587207.0822314533,517570.74180897366,T,16.447337338905164,0.36480238794328823,0.6039887316360201,16.447337338905164,0.36480238794328823
3209,587207.3702881754,517570.74180897366,T,16.45028786054298,0.39003511713195566,0.6245279154144798,16.45028786054298,0.39003511713195566
3210,587207.6583448976,517570.74180897366,T,16.4634016248846,0.40648658110862096,0.6375630016779683,16.4634016248846,0.40648658110862096
3211,587207.9464016197,517570.74180897366,T,16.485048522409855,0.4157929813997518,0.6448201155359158,16.485048522409855,0.4157929813997518
3212,587208.2344583418,517570.74180897366,T,16.513721235595284,0.4191823437329103,0.6474429270081729,16.513721235595284,0.4191823437329103
3213,587208.522515064,517570.74180897366,T,16.54925094013791,0.4171699084593886,0.6458869161543594,16.54925094013791,0.4171699084593886
3214,587208.8105717861,517570.74180897366,T,16.593379426038204,0.4094501002970287,0.6398828801405995,16.593379426038204,0.4094501002970287
3215,587209.0986285083,517570.74180897366,T,16.6495122651949,0.3949572666256116,0.6284562567320112,16.6495122651949,0.3949572666256116
3216,587209.3866852304,517570.74180897366,T,16.721649619888005,0.3721138215552454,0.6100113290384412,16.721649619888005,0.3721138215552454
3217,587209.6747419527,517570.74180897366,T,16.812679145862422,0.3393185133538862,0.582510526388911,16.812679145862422,0.3393185133538862
3218,587209.9627986748,517570.74180897366,T,16.922435220208456,0.2957009391460674,0.5437839085023272,16.922435220208456,0.2957009391460674
3219,587210.250855397,517570.74180897366,T,17.046128062309624,0.24203455520852032,0.4919700755213881,17.046128062309624,0.24203455520852032
3220,587210.5389121191,517570.74180897366,T,17.1738074211001,0.1814895146518886,0.4260158619721672,17.1738074211001,0.1814895146518886
3221,587210.8269688413,517570.74180897366,T,17.291335973278724,0.11978267882929784,0.3460963432764031,17.291335973278724,0.11978267882929784
3222,587211.1150255634,517570.74180897366,T,17.382895100005967,0.06443653238288584,0.2538435194817584,17.382895100005967,0.06443653238288584
3223,587211.4030822855,517570.74180897366,T,17.434468082343262,0.023270881441238463,0.15254796439559087,17.434468082343262,0.023270881441238463
3224,587211.6911390077,517570.74180897366,T,17.43728938709834,0.0026244665558194545,0.05122954768314331,17.43728938709834,0.0026244665558194545
3225,587211.9791957298,517570.74180897366,T,17.390146833269448,0.005865093614205129,0.07658389918386976,17.390146833269448,0.005865093614205129
3226,587212.2672524521,517570.74180897366,T,17.299762315024974,0.032561404536146206,0.18044778894779012,17.299762315024974,0.032561404536146206
3227,587212.5553091742,517570.74180897366,T,17.179133860653447,0.07851365091093,0.280202874558649,17.179133860653447,0.07851365091093
3228,587212.8433658964,517570.74180897366,T,17.044419052763235,0.13671796816236306,0.36975392920476596,17.044419052763235,0.13671796816236306
3229,587213.1314226185,517570.74180897366,T,16.911384012570814,0.1990867099931734,0.446191337873309,16.911384012570814,0.1990867099931734
3230,587213.4194793407,517570.74180897366,T,16.792470340051747,0.25837204930162866,0.508303107704083,16.792470340051747,0.25837204930162866
3231,587213.7075360628,517570.74180897366,T,16.695180270308224,0.30957203733888483,0.556391981734896,16.695180270308224,0.30957203733888483
3232,587213.995592785,517570.74180897366,T,16.62194227429344,0.35037866575559456,0.5919279227706652,16.62194227429344,0.35037866575559456
3233,587214.2836495071,517570.74180897366,T,16.571135144763957,0.38075549673746156,0.617053884792456,16.571135144763957,0.38075549673746156
3234,587214.5717062292,517570.74180897366,T,16.53868722976826,0.40208845830258594,0.634104453779175,16.53868722976826,0.40208845830258594
3235,587214.8597629514,517570.74180897366,T,16.519668359393783,0.41635145939322343,0.6452530196699767,16.519668359393783,0.41635145939322343
3236,587215.1478196735,517570.74180897366,T,16.50948056748016,0.4255159886239282,0.6523158656846606,16.50948056748016,0.4255159886239282
3237,587215.4358763958,517570.74180897366,T,16.504504770391176,0.4312356862983851,0.6566853784715974,16.504504770391176,0.4312356862983851
3238,587215.7239331179,517570.74180897366,T,16.502265849214652,0.43474323797490066,0.6593506183927491,16.502265849214652,0.43474323797490066
3239,587216.0119898401,517570.74180897366,T,16.50128505433043,0.4368783252321238,0.660967718751925,16.50128505433043,0.4368783252321238
3240,587216.3000465622,517570.74180897366,T,16.500799687667755,0.4381756393376439,0.6619483660661486,16.500799687667755,0.4381756393376439
3241,587216.5881032844,517570.74180897366,T,16.500482193800586,0.438961894936341,0.6625419948473764,16.500482193800586,0.438961894936341
3242,587201.3210970102,517571.0298656958,T,16.441662890997478,0.43312944924760866,0.6581257093045436,16.441662890997478,0.43312944924760866
3243,587201.6091537323,517571.0298656958,T,16.41937696658421,0.42854373673040874,0.6546325203733838,16.41937696658421,0.42854373673040874
3244,587201.8972104545,517571.0298656958,T,16.39175950610224,0.42111838454207495,0.64893634860599,16.39175950610224,0.42111838454207495
3245,587202.1852671766,517571.0298656958,T,16.359228181871682,0.4093872963884946,0.6398338037244473,16.359228181871682,0.4093872963884946
3246,587202.4733238987,517571.0298656958,T,16.323422910382394,0.391488570893697,0.6256904753100345,16.323422910382394,0.391488570893697
3247,587202.7613806209,517571.0298656958,T,16.28759107004487,0.3653810816163933,0.6044676017921832,16.28759107004487,0.3653810816163933
3248,587203.049437343,517571.0298656958,T,16.256611740702525,0.32933832522248474,0.5738800617049565,16.256611740702525,0.32933832522248474
3249,587203.3374940652,517571.0298656958,T,16.236396294159864,0.28271580509027155,0.5317102642325721,16.236396294159864,0.28271580509027155
3250,587203.6255507873,517571.0298656958,T,16.232576103801954,0.22680271002283833,0.4762380812396656,16.232576103801954,0.22680271002283833
3251,587203.9136075096,517571.0298656958,T,16.248711654333203,0.16538424025847936,0.4066746122620385,16.248711654333203,0.16538424025847936
3252,587204.2016642317,517571.0298656958,T,16.284603112016807,0.1046324598855787,0.3234694110508422,16.284603112016807,0.1046324598855787
3253,587204.4897209539,517571.0298656958,T,16.335450846328637,0.052187823309171766,0.22844654365774889,16.335450846328637,0.052187823309171766
3254,587204.777777676,517571.0298656958,T,16.392443425457603,0.015637557043669387,0.1250502180872524,16.392443425457603,0.015637557043669387
3255,587205.0658343981,517571.0298656958,T,16.44483712244799,8.049249547747919e-4,0.028371199389077506,16.44483712244799,8.049249547747919e-4
3256,587205.3538911203,517571.0298656958,T,16.482937161151625,0.010290136632477171,0.10144031068799608,16.482937161151625,0.010290136632477171
3257,587205.6419478424,517571.0298656958,T,16.500922084459635,0.04268026038458677,0.20659201432917673,16.500922084459635,0.04268026038458677
3258,587205.9300045646,517571.0298656958,T,16.498437333125413,0.09278054904809281,0.3045989971225986,16.498437333125413,0.09278054904809281
3259,587206.2180612867,517571.0298656958,T,16.480365669605384,0.1529399691336684,0.3910754008291347,16.480365669605384,0.1529399691336684
3260,587206.506118009,517571.0298656958,T,16.45493644418622,0.2150443666714527,0.4637287641191268,16.45493644418622,0.2150443666714527
3261,587206.7941747311,517571.0298656958,T,16.430992805869714,0.2723845804859414,0.5219047618923796,16.430992805869714,0.2723845804859414
3262,587207.0822314533,517571.0298656958,T,16.415489929662172,0.32072087701429064,0.5663222377889559,16.415489929662172,0.32072087701429064
3263,587207.3702881754,517571.0298656958,T,16.412070762270123,0.3583665505513279,0.5986372445407384,16.412070762270123,0.3583665505513279
3264,587207.6583448976,517571.0298656958,T,16.421028041015948,0.3855805829950189,0.6209513531630468,16.421028041015948,0.3855805829950189
3265,587207.9464016197,517571.0298656958,T,16.440403155115067,0.40370653514933763,0.6353790484028708,16.440403155115067,0.40370653514933763
3266,587208.2344583418,517571.0298656958,T,16.46763147695351,0.41437766295805106,0.6437217278902826,16.46763147695351,0.41437766295805106
3267,587208.522515064,517571.0298656958,T,16.501094461712373,0.418929262614949,0.6472474508369647,16.501094461712373,0.418929262614949
3268,587208.8105717861,517571.0298656958,T,16.541100344712696,0.418039242182396,0.6465595426427453,16.541100344712696,0.418039242182396
3269,587209.0986285083,517571.0298656958,T,16.590047698391487,0.41156917032056656,0.6415365697453003,16.590047698391487,0.41156917032056656
3270,587209.3866852304,517571.0298656958,T,16.65173308569602,0.39858231156775836,0.6313337560813285,16.65173308569602,0.39858231156775836
3271,587209.6747419527,517571.0298656958,T,16.729933278158843,0.3775553817979193,0.6144553537873353,16.729933278158843,0.3775553817979193
3272,587209.9627986748,517571.0298656958,T,16.826559406363362,0.3468386299514292,0.5889300722084323,16.826559406363362,0.3468386299514292
3273,587210.250855397,517571.0298656958,T,16.939855919192745,0.305388102826898,0.5526193109428026,16.939855919192745,0.305388102826898
3274,587210.5389121191,517571.0298656958,T,17.063242178762444,0.2536531822693128,0.5036399331559331,17.063242178762444,0.2536531822693128
3275,587210.8269688413,517571.0298656958,T,17.18536043792286,0.19431512151200206,0.4408118890320474,17.18536043792286,0.19431512151200206
3276,587211.1150255634,517571.0298656958,T,17.291621106500042,0.13250223731651406,0.36400856764163403,17.291621106500042,0.13250223731651406
3277,587211.4030822855,517571.0298656958,T,17.367055934016324,0.07526402318045261,0.2743428934389455,17.367055934016324,0.07526402318045261
3278,587211.6911390077,517571.0298656958,T,17.399768091246802,0.030372236139823545,0.17427632122529885,17.399768091246802,0.030372236139823545
3279,587211.9791957298,517571.0298656958,T,17.383941607100105,0.0047240241967357165,0.06873153713351475,17.383941607100105,0.0047240241967357165
3280,587212.2672524521,517571.0298656958,T,17.321424072877633,0.0026989568416109755,0.051951485461062374,17.321424072877633,0.0026989568416109755
3281,587212.5553091742,517571.0298656958,T,17.22134426207875,0.024898214188607767,0.15779167971920371,17.22134426207875,0.024898214188607767
3282,587212.8433658964,517571.0298656958,T,17.097897758412234,0.0677727225923561,0.2603319469299842,17.097897758412234,0.0677727225923561
3283,587213.1314226185,517571.0298656958,T,16.96704560063952,0.12447760164485336,0.3528138342594482,16.96704560063952,0.12447760164485336
3284,587213.4194793407,517571.0298656958,T,16.843171773077714,0.18674783808433473,0.4321433073464574,16.843171773077714,0.18674783808433473
3285,587213.7075360628,517571.0298656958,T,16.7366372412315,0.24701890162957793,0.4970099612981393,16.7366372412315,0.24701890162957793
3286,587213.995592785,517571.0298656958,T,16.65274146309227,0.29992536587403784,0.5476544219432888,16.65274146309227,0.29992536587403784
3287,587214.2836495071,517571.0298656958,T,16.59207106070807,0.34277331173526676,0.5854684549446424,16.59207106070807,0.34277331173526676
3288,587214.5717062292,517571.0298656958,T,16.551800885100484,0.37516418358934767,0.612506476365228,16.551800885100484,0.37516418358934767
3289,587214.8597629514,517571.0298656958,T,16.527343292402815,0.3982217111239284,0.6310481052375709,16.527343292402815,0.3982217111239284
3290,587215.1478196735,517571.0298656958,T,16.513816655672365,0.41380411768635833,0.6432760820101726,16.513816655672365,0.41380411768635833
3291,587215.4358763958,517571.0298656958,T,16.507027355809374,0.42389523607723656,0.6510723739164768,16.507027355809374,0.42389523607723656
3292,587215.7239331179,517571.0298656958,T,16.503905560493408,0.4302290947382987,0.6559185122698541,16.503905560493408,0.4302290947382987
3293,587216.0119898401,517571.0298656958,T,16.502510845069626,0.43413036190355786,0.6588856971459904,16.502510845069626,0.43413036190355786
3294,587216.3000465622,517571.0298656958,T,16.501795081471634,0.43651316691466563,0.6606914309378211,16.501795081471634,0.43651316691466563
3295,587216.5881032844,517571.0298656958,T,16.50129431121797,0.43796382173416376,0.6617883511623364,16.50129431121797,0.43796382173416376
3296,587216.8761600065,517571.0298656958,T,16.50086049192598,0.43884292413389375,0.6624522051694701,16.50086049192598,0.43884292413389375
3297,587201.8972104545,517571.31792241795,T,16.430304777275236,0.429687559125281,0.655505575205338,16.430304777275236,0.429687559125281
3298,587202.1852671766,517571.31792241795,T,16.40604443811303,0.4229556693151983,0.6503504204005701,16.40604443811303,0.4229556693151983
3299,587202.4733238987,517571.31792241795,T,16.377890706276123,0.41224702861839746,0.6420646607767768,16.377890706276123,0.41224702861839746
3300,587202.7613806209,517571.31792241795,T,16.347910652999822,0.395758582679986,0.6290934610055854,16.347910652999822,0.395758582679986
3301,587203.049437343,517571.31792241795,T,16.319715314513086,0.3714524711338785,0.6094690075253035,16.319715314513086,0.3714524711338785
3302,587203.3374940652,517571.31792241795,T,16.298215869911935,0.33751074794875285,0.5809567522189176,16.298215869911935,0.33751074794875285
3303,587203.6255507873,517571.31792241795,T,16.288723779710644,0.2930543621085701,0.5413449566667913,16.288723779710644,0.2930543621085701
3304,587203.9136075096,517571.31792241795,T,16.295448743084105,0.2389510779625065,0.48882622470823567,16.295448743084105,0.2389510779625065
3305,587204.2016642317,517571.31792241795,T,16.319785074518954,0.1783984964763976,0.4223724617874579,16.319785074518954,0.1783984964763976
3306,587204.4897209539,517571.31792241795,T,16.359050665614518,0.11697647936181213,0.34201824419438814,16.359050665614518,0.11697647936181213
3307,587204.777777676,517571.31792241795,T,16.406363257627188,0.06201735268893037,0.24903283455988362,16.406363257627188,0.06201735268893037
3308,587205.0658343981,517571.31792241795,T,16.45200577648195,0.021328893893020697,0.1460441504923107,16.45200577648195,0.021328893893020697
3309,587205.3538911203,517571.31792241795,T,16.486031587272,0.0014711096998484391,0.03835504790569866,16.486031587272,0.0014711096998484391
3310,587205.6419478424,517571.31792241795,T,16.50125961355888,0.005998530480227973,0.07745018063392733,16.50125961355888,0.005998530480227973
3311,587205.9300045646,517571.31792241795,T,16.495530027998456,0.034301897400091326,0.1852077142024363,16.495530027998456,0.034301897400091326
3312,587206.2180612867,517571.31792241795,T,16.472320287245633,0.08164823045025105,0.28574154484472686,16.472320287245633,0.08164823045025105
3313,587206.506118009,517571.31792241795,T,16.439481668774093,0.14052892759730312,0.3748718815772972,16.439481668774093,0.14052892759730312
3314,587206.7941747311,517571.31792241795,T,16.406633179098762,0.20274330769415416,0.45027026072588244,16.406633179098762,0.20274330769415416
3315,587207.0822314533,517571.31792241795,T,16.382263628040896,0.26131519729143793,0.5111899816031589,16.382263628040896,0.26131519729143793
3316,587207.3702881754,517571.31792241795,T,16.371614328625032,0.31159529634146166,0.5582072163108084,16.371614328625032,0.31159529634146166
3317,587207.6583448976,517571.31792241795,T,16.37598186201733,0.3514390865568043,0.5928229807934273,16.37598186201733,0.3514390865568043
3318,587207.9464016197,517571.31792241795,T,16.393450237819007,0.38073199306641636,0.6170348394267672,16.393450237819007,0.38073199306641636
3319,587208.2344583418,517571.31792241795,T,16.42054453241415,0.4006187788779941,0.6329445306486139,16.42054453241415,0.4006187788779941
3320,587208.522515064,517571.31792241795,T,16.45408468187271,0.41271271761677164,0.6424272080296504,16.45408468187271,0.41271271761677164
3321,587208.8105717861,517571.31792241795,T,16.492609285226784,0.4184514109076143,0.646878204075245,16.492609285226784,0.4184514109076143
3322,587209.0986285083,517571.31792241795,T,16.536998250448928,0.4186710772908057,0.6470479713984163,16.536998250448928,0.4186710772908057
3323,587209.3866852304,517571.31792241795,T,16.590193590611456,0.4133989917996975,0.6429611121986286,16.590193590611456,0.4133989917996975
3324,587209.6747419527,517571.31792241795,T,16.656118668573313,0.40183943919018167,0.633908068405965,16.656118668573313,0.40183943919018167
3325,587209.9627986748,517571.31792241795,T,16.73803793390241,0.3825583914436832,0.6185130487254761,16.73803793390241,0.3825583914436832
3326,587210.250855397,517571.31792241795,T,16.83672710328391,0.3539089253288911,0.5949024502629747,16.83672710328391,0.3539089253288911
3327,587210.5389121191,517571.31792241795,T,16.94894486877224,0.31470992772084977,0.5609901315717147,16.94894486877224,0.31470992772084977
3328,587210.8269688413,517571.31792241795,T,17.066749196056715,0.26507079939856426,0.5148502689118112,17.066749196056715,0.26507079939856426
3329,587211.1150255634,517571.31792241795,T,17.178088915284455,0.20711816174614536,0.4551023640304952,17.178088915284455,0.20711816174614536
3330,587211.4030822855,517571.31792241795,T,17.268776876898265,0.145340217063688,0.3812351204489009,17.268776876898265,0.145340217063688
3331,587211.6911390077,517571.31792241795,T,17.32548051728535,0.08634523470678189,0.2938455967115755,17.32548051728535,0.08634523470678189
3332,587211.9791957298,517571.31792241795,T,17.33892844716259,0.03795004853124667,0.1948077219497386,17.33892844716259,0.03795004853124667
3333,587212.2672524521,517571.31792241795,T,17.306340069960775,0.0076404184363886565,0.0874094871074568,17.306340069960775,0.0076404184363886565
3334,587212.5553091742,517571.31792241795,T,17.232267048529703,6.769976920398109e-4,0.0260191793114197,17.232267048529703,6.769976920398109e-4
3335,587212.8433658964,517571.31792241795,T,17.127549564391472,0.018467378786016876,0.135894734210038,17.127549564391472,0.018467378786016876
3336,587213.1314226185,517571.31792241795,T,17.006732375174753,0.057984783876903014,0.2408002987475369,17.006732375174753,0.057984783876903014
3337,587213.4194793407,517571.31792241795,T,16.884785844928995,0.11264077009629136,0.3356199786906187,16.884785844928995,0.11264077009629136
3338,587213.7075360628,517571.31792241795,T,16.774135101548687,0.17424670809089288,0.4174286862338199,16.774135101548687,0.17424670809089288
3339,587213.995592785,517571.31792241795,T,16.682780120198153,0.23514045647445234,0.48491283389332185,16.682780120198153,0.23514045647445234
3340,587214.2836495071,517571.31792241795,T,16.61382262257546,0.2896493926317442,0.538190851493914,16.61382262257546,0.2896493926317442
3341,587214.5717062292,517571.31792241795,T,16.566220767487117,0.33461025284546286,0.5784550568933275,16.566220767487117,0.33461025284546286
3342,587214.8597629514,517571.31792241795,T,16.536262347409437,0.36914603513401517,0.6075738927357027,16.536262347409437,0.36914603513401517
3343,587215.1478196735,517571.31792241795,T,16.519167524581754,0.3940475024693808,0.6277320307817507,16.519167524581754,0.3940475024693808
3344,587215.4358763958,517571.31792241795,T,16.510368226407103,0.41104020270169467,0.6411241710477734,16.510368226407103,0.41104020270169467
3345,587215.7239331179,517571.31792241795,T,16.50625276151482,0.4221274103835094,0.649713329387284,16.50625276151482,0.4221274103835094
3346,587216.0119898401,517571.31792241795,T,16.50439256433139,0.42913034904578645,0.6550804141827066,16.50439256433139,0.42913034904578645
3347,587216.3000465622,517571.31792241795,T,16.503408177505197,0.43346678492120616,0.6583819445589362,16.503408177505197,0.43346678492120616
3348,587216.5881032844,517571.31792241795,T,16.50266801305388,0.43612501905851975,0.6603976219358454,16.50266801305388,0.43612501905851975
3349,587216.8761600065,517571.31792241795,T,16.50197476707577,0.4377447056005382,0.6616227819539909,16.50197476707577,0.4377447056005382
3350,587217.1642167286,517571.31792241795,T,16.50132519883366,0.4387238434859509,0.6623623204002104,16.50132519883366,0.4387238434859509
3351,587202.1852671766,517571.6059791401,T,16.439972711868823,0.43071975508919835,0.6562924310771825,16.439972711868823,0.43071975508919835
3352,587202.4733238987,517571.6059791401,T,16.41920694203883,0.42461656025438227,0.6516260892984429,16.41920694203883,0.42461656025438227
3353,587202.7613806209,517571.6059791401,T,16.39584461072011,0.4148463225486052,0.644085648457257,16.39584461072011,0.4148463225486052
3354,587203.049437343,517571.6059791401,T,16.372311564777295,0.39968200252265945,0.6322040829689883,16.372311564777295,0.39968200252265945
3355,587203.3374940652,517571.6059791401,T,16.352345539539776,0.37712169488205943,0.6141023488654472,16.352345539539776,0.37712169488205943
3356,587203.6255507873,517571.6059791401,T,16.340480182826624,0.34528735027466584,0.5876115641090344,16.340480182826624,0.34528735027466584
3357,587203.9136075096,517571.6059791401,T,16.34091999215309,0.30306894425452197,0.5505169790792306,16.34091999215309,0.30306894425452197
3358,587204.2016642317,517571.6059791401,T,16.35600573529829,0.25088359202330435,0.5008828126651027,16.35600573529829,0.25088359202330435
3359,587204.4897209539,517571.6059791401,T,16.384778043702397,0.19131752104897265,0.4373985837299575,16.384778043702397,0.19131752104897265
3360,587204.777777676,517571.6059791401,T,16.422311208182723,0.12938858557613425,0.35970624900901327,16.422311208182723,0.12938858557613425
3361,587205.0658343981,517571.6059791401,T,16.460353182735954,0.07219043073708273,0.26868276970636346,16.460353182735954,0.07219043073708273
3362,587205.3538911203,517571.6059791401,T,16.4893461712957,0.027762830260407136,0.16662181808036766,16.4893461712957,0.027762830260407136
3363,587205.6419478424,517571.6059791401,T,16.50128158350878,0.0032726285450183344,0.05720689246077202,16.50128158350878,0.0032726285450183344
3364,587205.9300045646,517571.6059791401,T,16.492367608168145,0.003009518044100171,0.05485907440068754,16.492367608168145,0.003009518044100171
3365,587206.2180612867,517571.6059791401,T,16.46443765552885,0.027031343455648147,0.16441211468638237,16.46443765552885,0.027031343455648147
3366,587206.506118009,517571.6059791401,T,16.424483957603954,0.07113868433266754,0.26671836144642824,16.424483957603954,0.07113868433266754
3367,587206.7941747311,517571.6059791401,T,16.382470332815085,0.1281937629462794,0.3580415659476975,16.382470332815085,0.1281937629462794
3368,587207.0822314533,517571.6059791401,T,16.348288517087845,0.1901212606806504,0.4360289677081678,16.348288517087845,0.1901212606806504
3369,587207.3702881754,517571.6059791401,T,16.32902837274808,0.2497486543585756,0.49974859115216685,16.32902837274808,0.2497486543585756
3370,587207.6583448976,517571.6059791401,T,16.327509737191818,0.30196005780825735,0.5495089242298594,16.327509737191818,0.30196005780825735
3371,587207.9464016197,517571.6059791401,T,16.34242561993754,0.34406137984651053,0.5865674554955385,16.34242561993754,0.34406137984651053
3372,587208.2344583418,517571.6059791401,T,16.369793159542397,0.37550579751494495,0.6127852784743976,16.369793159542397,0.37550579751494495
3373,587208.522515064,517571.6059791401,T,16.404994775963612,0.3972189638565807,0.6302530950789379,16.404994775963612,0.3972189638565807
3374,587208.8105717861,517571.6059791401,T,16.444637098621396,0.4107874342929331,0.6409270116736641,16.444637098621396,0.4107874342929331
3375,587209.0986285083,517571.6059791401,T,16.48768209184778,0.4177417901358891,0.6463294749088031,16.48768209184778,0.4177417901358891
3376,587209.3866852304,517571.6059791401,T,16.53563260198743,0.41906623076351457,0.6473532503691586,16.53563260198743,0.41906623076351457
3377,587209.6747419527,517571.6059791401,T,16.591828125637658,0.41495201770253437,0.6441676937743264,16.591828125637658,0.41495201770253437
3378,587209.9627986748,517571.6059791401,T,16.660072799679128,0.40475912850317086,0.6362068284003016,16.660072799679128,0.40475912850317086
3379,587210.250855397,517571.6059791401,T,16.742913288458688,0.38717260986955204,0.6222319582515446,16.742913288458688,0.38717260986955204
3380,587210.5389121191,517571.6059791401,T,16.839963889864734,0.36057777163488275,0.6004812833343623,16.839963889864734,0.36057777163488275
3381,587210.8269688413,517571.6059791401,T,16.94674241268588,0.32366254090754537,0.5689134740077312,16.94674241268588,0.32366254090754537
3382,587211.1150255634,517571.6059791401,T,17.054469425315116,0.2761758084297692,0.5255243176388408,17.054469425315116,0.2761758084297692
3383,587211.4030822855,517571.6059791401,T,17.151115088993652,0.21967908895682545,0.46869935881844926,17.151115088993652,0.21967908895682545
3384,587211.6911390077,517571.6059791401,T,17.223633050793573,0.15806835702110206,0.3975781143638342,17.223633050793573,0.15806835702110206
3385,587211.9791957298,517571.6059791401,T,17.26089067612269,0.09760295652870794,0.3124147188093223,17.26089067612269,0.09760295652870794
3386,587212.2672524521,517571.6059791401,T,17.25646821783351,0.046175409914534775,0.21488464327293091,17.25646821783351,0.046175409914534775
3387,587212.5553091742,517571.6059791401,T,17.21043520835023,0.011722625636794404,0.10827107479282914,17.21043520835023,0.011722625636794404
3388,587212.8433658964,517571.6059791401,T,17.129493898635165,1.1729753367750094e-4,0.010830398592734292,17.129493898635165,1.1729753367750094e-4
3389,587213.1314226185,517571.6059791401,T,17.02541850330995,0.013367389660865986,0.11561742801526934,17.02541850330995,0.013367389660865986
3390,587213.4194793407,517571.6059791401,T,16.912296895870575,0.049005674811930244,0.22137225393425042,16.912296895870575,0.049005674811930244
3391,587213.7075360628,517571.6059791401,T,16.80345621149011,0.10096247381997177,0.3177459265198718,16.80345621149011,0.10096247381997177
3392,587213.995592785,517571.6059791401,T,16.70898049471533,0.16141194476547177,0.4017610543164578,16.70898049471533,0.16141194476547177
3393,587214.2836495071,517571.6059791401,T,16.634425077209535,0.22271673290076813,0.47192873709996525,16.634425077209535,0.22271673290076813
3394,587214.5717062292,517571.6059791401,T,16.58085787864581,0.2788346449362629,0.5280479570420313,16.58085787864581,0.2788346449362629
3395,587214.8597629514,517571.6059791401,T,16.54592203658015,0.3260012755889631,0.5709652139920287,16.54592203658015,0.3260012755889631
3396,587215.1478196735,517571.6059791401,T,16.525374767616544,0.36277290239317916,0.6023063194033241,16.525374767616544,0.36277290239317916
3397,587215.4358763958,517571.6059791401,T,16.51455935486544,0.38958880275471197,0.6241704917366023,16.51455935486544,0.38958880275471197
3398,587215.7239331179,517571.6059791401,T,16.509448379110587,0.40805573523414235,0.6387924038638393,16.509448379110587,0.40805573523414235
3399,587216.0119898401,517571.6059791401,T,16.507140422286696,0.4202047322023931,0.6482320049198382,16.507140422286696,0.4202047322023931
3400,587216.3000465622,517571.6059791401,T,16.50589303454877,0.42793839678784906,0.6541700060288985,16.50589303454877,0.42793839678784906
3401,587216.5881032844,517571.6059791401,T,16.504876298570732,0.4327579379691115,0.6578433992745625,16.504876298570732,0.4327579379691115
3402,587216.8761600065,517571.6059791401,T,16.503835073534656,0.4357217370641084,0.6600922186059373,16.503835073534656,0.4357217370641084
3403,587217.1642167286,517571.6059791401,T,16.502791144887244,0.43752535046541047,0.6614569906391575,16.502791144887244,0.43752535046541047
3404,587217.4522734508,517571.6059791401,T,16.501843712199875,0.43860967604169404,0.6622761327737049,16.501843712199875,0.43860967604169404
3405,587217.7403301729,517571.6059791401,T,16.50106951445597,0.43925083338459503,0.6627600119082284,16.50106951445597,0.43925083338459503
3406,587202.4733238987,517571.89403586223,T,16.44882399917068,0.43164800025047195,0.6569992391551698,16.44882399917068,0.43164800025047195
3407,587202.7613806209,517571.89403586223,T,16.431752518585206,0.4261152469189363,0.6527750354593352,16.431752518585206,0.4261152469189363
3408,587203.049437343,517571.89403586223,T,16.413505603088314,0.4172113307955357,0.6459189816033708,16.413505603088314,0.4172113307955357
3409,587203.3374940652,517571.89403586223,T,16.39669854421049,0.4032987539768156,0.6350580713421534,16.39669854421049,0.4032987539768156
3410,587203.6255507873,517571.89403586223,T,16.38488111273844,0.3824291654508028,0.6184085748522596,16.38488111273844,0.3824291654508028
3411,587203.9136075096,517571.89403586223,T,16.38179072523783,0.3526734828035433,0.5938631852569608,16.38179072523783,0.3526734828035433
3412,587204.2016642317,517571.89403586223,T,16.390117448712758,0.3126876180160667,0.5591847798501554,16.390117448712758,0.3126876180160667
3413,587204.4897209539,517571.89403586223,T,16.410107361125714,0.26244498643545616,0.512293847743125,16.410107361125714,0.26244498643545616
3414,587204.777777676,517571.89403586223,T,16.438572538176828,0.2039697459365878,0.45163009857247977,16.438572538176828,0.2039697459365878
3415,587205.0658343981,517571.89403586223,T,16.468909073238855,0.14179844937682812,0.3765613487558543,16.468909073238855,0.14179844937682812
3416,587205.3538911203,517571.89403586223,T,16.4924445396097,0.08281458787478285,0.2877752384670767,16.4924445396097,0.08281458787478285
3417,587205.6419478424,517571.89403586223,T,16.500897043345073,0.03517488241747432,0.18754967986502755,16.500897043345073,0.03517488241747432
3418,587205.9300045646,517571.89403586223,T,16.48915895469586,0.006414803844180269,0.08009247058357152,16.48915895469586,0.006414803844180269
3419,587206.2180612867,517571.89403586223,T,16.457325307025084,0.0013578669016677224,0.036849245605137186,16.457325307025084,0.0013578669016677224
3420,587206.506118009,517571.89403586223,T,16.41107642583123,0.020728400025312618,0.14397360878061166,16.41107642583123,0.020728400025312618
3421,587206.7941747311,517571.89403586223,T,16.3601600921163,0.061062182009252244,0.24710763243828032,16.3601600921163,0.061062182009252244
3422,587207.0822314533,517571.89403586223,T,16.315512398256534,0.11583313152493074,0.34034266779957334,16.315512398256534,0.11583313152493074
3423,587207.3702881754,517571.89403586223,T,16.2861183162148,0.17720863658928027,0.42096156189048933,16.2861183162148,0.17720863658928027
3424,587207.6583448976,517571.89403586223,T,16.276771214321066,0.2377905616634919,0.4876377360946258,16.276771214321066,0.2377905616634919
3425,587207.9464016197,517571.89403586223,T,16.28744307525461,0.29191257307094026,0.5402893419927328,16.28744307525461,0.29191257307094026
3426,587208.2344583418,517571.89403586223,T,16.31427803454431,0.33627867541135487,0.5798954004054135,16.31427803454431,0.33627867541135487
3427,587208.522515064,517571.89403586223,T,16.351619609105693,0.3699010113126408,0.6081948793870603,16.351619609105693,0.3699010113126408
3428,587208.8105717861,517571.89403586223,T,16.394221883266383,0.3934872575187344,0.6272856267432998,16.394221883266383,0.3934872575187344
3429,587209.0986285083,517571.89403586223,T,16.438909284457967,0.40858453446042087,0.6392061752364575,16.438909284457967,0.40858453446042087
3430,587209.3866852304,517571.89403586223,T,16.485288346003177,0.41679386321076806,0.6455957428691488,16.485288346003177,0.41679386321076806
3431,587209.6747419527,517571.89403586223,T,16.535472155319766,0.41923055535626347,0.6474801582722542,16.535472155319766,0.41923055535626347
3432,587209.9627986748,517571.89403586223,T,16.593018759032294,0.41624828152103466,0.6451730632326761,16.593018759032294,0.41624828152103466
3433,587210.250855397,517571.89403586223,T,16.661393191339403,0.40737559215667196,0.6382598155584228,16.661393191339403,0.40737559215667196
3434,587210.5389121191,517571.89403586223,T,16.742302832081595,0.39143438632963007,0.6256471739963588,16.742302832081595,0.39143438632963007
3435,587210.8269688413,517571.89403586223,T,16.834287391288655,0.3668519634278373,0.6056830552589674,16.834287391288655,0.3668519634278373
3436,587211.1150255634,517571.89403586223,T,16.931963894278006,0.332184843920249,0.5763547899690338,16.931963894278006,0.332184843920249
3437,587211.4030822855,517571.89403586223,T,17.026268944162847,0.28683386616730755,0.5355687315063377,17.026268944162847,0.28683386616730755
3438,587211.6911390077,517571.89403586223,T,17.10583991237713,0.23185523932123484,0.4815134882028071,17.10583991237713,0.23185523932123484
3439,587211.9791957298,517571.89403586223,T,17.15933892618224,0.17065270228058135,0.41310132205135985,17.15933892618224,0.17065270228058135
3440,587212.2672524521,517571.89403586223,T,17.178154657282132,0.10919006116043664,0.3304391943466099,17.178154657282132,0.10919006116043664
3441,587212.5553091742,517571.89403586223,T,17.15868516628038,0.05533135128877558,0.2352261705014465,17.15868516628038,0.05533135128877558
3442,587212.8433658964,517571.89403586223,T,17.10345080034318,0.017199695746772388,0.13114761052635457,17.10345080034318,0.017199695746772388
3443,587213.1314226185,517571.89403586223,T,17.020633557427733,0.0010195561774349264,0.03193048977756098,17.020633557427733,0.0010195561774349264
3444,587213.4194793407,517571.89403586223,T,16.92216624732375,0.00935377398039841,0.09671491084831961,16.92216624732375,0.00935377398039841
3445,587213.7075360628,517571.89403586223,T,16.8209843139823,0.040511682521312396,0.20127514133969052,16.8209843139823,0.040511682521312396
3446,587213.995592785,517571.89403586223,T,16.728300777591706,0.08924944560366065,0.298746457056248,16.728300777591706,0.08924944560366065
3447,587214.2836495071,517571.89403586223,T,16.65167965642026,0.1482757790179632,0.3850659411295203,16.65167965642026,0.1482757790179632
3448,587214.5717062292,517571.89403586223,T,16.59432734163457,0.20994181010188304,0.4581940747127608,16.59432734163457,0.20994181010188304
3449,587214.8597629514,517571.89403586223,T,16.555567467700936,0.2676985189152995,0.5173959015254175,16.555567467700936,0.2676985189152995
3450,587215.1478196735,517571.89403586223,T,16.532103490817583,0.317085510857856,0.5631034637239022,16.532103490817583,0.317085510857856
3451,587215.4358763958,517571.89403586223,T,16.51952398026058,0.3560879145282322,0.5967310236012807,16.51952398026058,0.3560879145282322
3452,587215.7239331179,517571.89403586223,T,16.513577064281453,0.3848320041022155,0.6203482925762072,16.513577064281453,0.3848320041022155
3453,587216.0119898401,517571.89403586223,T,16.510950395987745,0.4048265484340656,0.6362598120532725,16.510950395987745,0.4048265484340656
3454,587216.3000465622,517571.89403586223,T,16.50952613427105,0.4181166533711914,0.6466194038004052,16.50952613427105,0.4181166533711914
3455,587216.5881032844,517571.89403586223,T,16.508246107546302,0.42665821427743045,0.6531907946974073,16.508246107546302,0.42665821427743045
3456,587216.8761600065,517571.89403586223,T,16.506784761265205,0.432016461728202,0.657279591747836,16.506784761265205,0.432016461728202
3457,587217.1642167286,517571.89403586223,T,16.505202454731183,0.4353162227338602,0.6597849821978826,16.505202454731183,0.4353162227338602
3458,587217.4522734508,517571.89403586223,T,16.50368192213444,0.43731543462891226,0.6612982947421778,16.50368192213444,0.43731543462891226
3459,587217.7403301729,517571.89403586223,T,16.50237873056567,0.43850648189954167,0.6621982194928809,16.50237873056567,0.43850648189954167
3460,587218.0283868952,517571.89403586223,T,16.501367902841107,0.4392025962056985,0.662723619773506,16.501367902841107,0.4392025962056985
3461,587202.7613806209,517572.18209258444,T,16.457181480168437,0.43248208655460635,0.6576337024169354,16.457181480168437,0.43248208655460635
3462,587203.049437343,517572.18209258444,T,16.443936656468036,0.42746950831015373,0.6538115235372911,16.443936656468036,0.42746950831015373
3463,587203.3374940652,517572.18209258444,T,16.43087853744067,0.41936951187785,0.6475874550034536,16.43087853744067,0.41936951187785
3464,587203.6255507873,517572.18209258444,T,16.42057581686815,0.40663932113701445,0.6376827746905309,16.42057581686815,0.40663932113701445
3465,587203.9136075096,517572.18209258444,T,16.41605583572081,0.38738790220971003,0.6224049342748739,16.41605583572081,0.38738790220971003
3466,587204.2016642317,517572.18209258444,T,16.419905338669366,0.35963754219178357,0.5996978757606063,16.419905338669366,0.35963754219178357
3467,587204.4897209539,517572.18209258444,T,16.433061611534946,0.32182658228109773,0.5672976134985037,16.433061611534946,0.32182658228109773
3468,587204.777777676,517572.18209258444,T,16.453710820622458,0.2735393016409019,0.523009848512341,16.453710820622458,0.2735393016409019
3469,587205.0658343981,517572.18209258444,T,16.476857350594745,0.21632601051137224,0.4651086007712309,16.476857350594745,0.21632601051137224
3470,587205.3538911203,517572.18209258444,T,16.495025616146695,0.15429829865056702,0.3928082212105126,16.495025616146695,0.15429829865056702
3471,587205.6419478424,517572.18209258444,T,16.50016352258216,0.09406192669176708,0.30669516900624155,16.50016352258216,0.09406192669176708
3472,587205.9300045646,517572.18209258444,T,16.48626106948009,0.04368317907913336,0.20900521304296063,16.48626106948009,0.04368317907913336
3473,587206.2180612867,517572.18209258444,T,16.45174473015555,0.010840160172143367,0.10411608988116758,16.45174473015555,0.010840160172143367
3474,587206.506118009,517572.18209258444,T,16.400631325135368,8.179749478782982e-4,0.028600261325349777,16.400631325135368,8.179749478782982e-4
3475,587206.7941747311,517572.18209258444,T,16.341833901035393,0.01514320469685697,0.12305772912278598,16.341833901035393,0.01514320469685697
3476,587207.0822314533,517572.18209258444,T,16.28675698433699,0.051306584542854534,0.2265095683251693,16.28675698433699,0.051306584542854534
3477,587207.3702881754,517572.18209258444,T,16.24604752188369,0.10352406461898397,0.3217515572906897,16.24604752188369,0.10352406461898397
3478,587207.6583448976,517572.18209258444,T,16.226716964540383,0.1641922460943328,0.4052064240536332,16.226716964540383,0.1641922460943328
3479,587207.9464016197,517572.18209258444,T,16.230651901976778,0.22561417656899257,0.4749886067780916,16.230651901976778,0.22561417656899257
3480,587208.2344583418,517572.18209258444,T,16.254906566054053,0.2815405512638721,0.5306039495366315,16.254906566054053,0.2815405512638721
3481,587208.522515064,517572.18209258444,T,16.293448267286596,0.3280976745572798,0.572798109771043,16.293448267286596,0.3280976745572798
3482,587208.8105717861,517572.18209258444,T,16.33954451081036,0.3638868718959002,0.6032303638709677,16.33954451081036,0.3638868718959002
3483,587209.0986285083,517572.18209258444,T,16.387905619521003,0.3893928519134592,0.6240135029896863,16.387905619521003,0.3893928519134592
3484,587209.3866852304,517572.18209258444,T,16.435968470581468,0.4060877289620268,0.6372501306096585,16.435968470581468,0.4060877289620268
3485,587209.6747419527,517572.18209258444,T,16.484117978064834,0.4156056008196566,0.6446748023768701,16.484117978064834,0.4156056008196566
3486,587209.9627986748,517572.18209258444,T,16.53498540949454,0.419173625474987,0.6474361941342073,16.53498540949454,0.419173625474987
3487,587210.250855397,517572.18209258444,T,16.59213859293763,0.4173075836498629,0.6459934857642629,16.59213859293763,0.4173075836498629
3488,587210.5389121191,517572.18209258444,T,16.65851620065642,0.4097131397633045,0.6400883843371199,16.65851620065642,0.4097131397633045
3489,587210.8269688413,517572.18209258444,T,16.73494346075222,0.3953557960953408,0.6287732469621626,16.73494346075222,0.3953557960953408
3490,587211.1150255634,517572.18209258444,T,16.819058954480283,0.3727083678864034,0.6104984585454769,16.819058954480283,0.3727083678864034
3491,587211.4030822855,517572.18209258444,T,16.904967635816362,0.34021250970977024,0.5832773865921516,16.904967635816362,0.34021250970977024
3492,587211.6911390077,517572.18209258444,T,16.98384811449481,0.29697745664016234,0.5449563804931201,16.98384811449481,0.29697745664016234
3493,587211.9791957298,517572.18209258444,T,17.04553127971262,0.24365193128169155,0.4936111134098295,17.04553127971262,0.24365193128169155
3494,587212.2672524521,517572.18209258444,T,17.080757318298257,0.1832240140726917,0.42804674285957567,17.080757318298257,0.1832240140726917
3495,587212.5553091742,517572.18209258444,T,17.083521972521442,0.1213140538491311,0.34830167075271273,17.083521972521442,0.1213140538491311
3496,587212.8433658964,517572.18209258444,T,17.052790559018323,0.0655460276002789,0.2560195844076755,17.052790559018323,0.0655460276002789
3497,587213.1314226185,517572.18209258444,T,16.992990837727316,0.023966726247276568,0.15481190602559147,16.992990837727316,0.023966726247276568
3498,587213.4194793407,517572.18209258444,T,16.913075996429733,0.003041365894153921,0.055148580164442323,16.913075996429733,0.003041365894153921
3499,587213.7075360628,517572.18209258444,T,16.824434433352707,0.00602931729808339,0.07764867866282973,16.824434433352707,0.00602931729808339
3500,587213.995592785,517572.18209258444,T,16.738310845550707,0.03229296827687363,0.17970244371425123,16.738310845550707,0.03229296827687363
3501,587214.2836495071,517572.18209258444,T,16.663531293173506,0.07759674039169029,0.2785619148262919,16.663531293173506,0.07759674039169029
3502,587214.5717062292,517572.18209258444,T,16.60515227717996,0.13515651939875745,0.36763639563943806,16.60515227717996,0.13515651939875745
3503,587214.8597629514,517572.18209258444,T,16.564274814429545,0.1971638498843604,0.4440313613748024,16.564274814429545,0.1971638498843604
3504,587215.1478196735,517572.18209258444,T,16.538853344234152,0.2564639215814605,0.5064226708802247,16.538853344234152,0.2564639215814605
3505,587215.4358763958,517572.18209258444,T,16.52505045183419,0.30792569571839024,0.5549105294715448,16.52505045183419,0.30792569571839024
3506,587215.7239331179,517572.18209258444,T,16.518623328084043,0.34905377000851945,0.5908077267677865,16.518623328084043,0.34905377000851945
3507,587216.0119898401,517572.18209258444,T,16.515954046322964,0.37971992604328414,0.6162141884469102,16.515954046322964,0.37971992604328414
3508,587216.3000465622,517572.18209258444,T,16.51455856035423,0.40132245987415044,0.6335001656465059,16.51455856035423,0.40132245987415044
3509,587216.5881032844,517572.18209258444,T,16.513120366150645,0.415866292590204,0.6448769592644817,16.513120366150645,0.415866292590204
3510,587216.8761600065,517572.18209258444,T,16.51122141267273,0.4253115850923111,0.652159171592573,16.51122141267273,0.4253115850923111
3511,587217.1642167286,517572.18209258444,T,16.50896800752202,0.431267092794235,0.6567092909303438,16.50896800752202,0.431267092794235
3512,587217.4522734508,517572.18209258444,T,16.50666069949119,0.4349278062071055,0.6594905656695216,16.50666069949119,0.4349278062071055
3513,587217.7403301729,517572.18209258444,T,16.50457989936354,0.4371272281263327,0.6611559786664057,16.50457989936354,0.4371272281263327
3514,587218.0283868952,517572.18209258444,T,16.50289176249635,0.43842101661142574,0.6621336848487817,16.50289176249635,0.43842101661142574
3515,587218.3164436173,517572.18209258444,T,16.5016405080854,0.43916635465738646,0.662696276326785,16.5016405080854,0.43916635465738646
3516,587203.049437343,517572.4701493066,T,16.465195653444024,0.4332328365139888,0.6582042513642622,16.465195653444024,0.4332328365139888
3517,587203.3374940652,517572.4701493066,T,16.455736316383177,0.42869661223566263,0.6547492743300007,16.455736316383177,0.42869661223566263
3518,587203.6255507873,517572.4701493066,T,16.44758706688791,0.42134218264007467,0.6491087602552246,16.44758706688791,0.42134218264007467
3519,587203.9136075096,517572.4701493066,T,16.443010907465435,0.40971913005782395,0.6400930635914,16.443010907465435,0.40971913005782395
3520,587204.2016642317,517572.4701493066,T,16.444217060257323,0.3919925331042372,0.6260930706406495,16.444217060257323,0.3919925331042372
3521,587204.4897209539,517572.4701493066,T,16.452411251323788,0.3661476812127571,0.6051013809377377,16.452411251323788,0.3661476812127571
3522,587204.777777676,517572.4701493066,T,16.46674815999751,0.3304493071621869,0.574847203317705,16.46674815999751,0.3304493071621869
3523,587205.0658343981,517572.4701493066,T,16.48364465844905,0.2841724555766064,0.5330782827846267,16.48364465844905,0.2841724555766064
3524,587205.3538911203,517572.4701493066,T,16.496949256029662,0.22846658183712953,0.4779817798171072,16.496949256029662,0.22846658183712953
3525,587205.6419478424,517572.4701493066,T,16.49923887633575,0.16700511796006265,0.4086625967226052,16.49923887633575,0.16700511796006265
3526,587205.9300045646,517572.4701493066,T,16.484055253271514,0.10597528624024276,0.32553845585466973,16.484055253271514,0.10597528624024276
3527,587206.2180612867,517572.4701493066,T,16.448383719237796,0.053154588312242776,0.23055278855880876,16.448383719237796,0.053154588312242776
3528,587206.506118009,517572.4701493066,T,16.394389691779786,0.016255595980039724,0.127497435190045,16.394389691779786,0.016255595980039724
3529,587206.7941747311,517572.4701493066,T,16.329573465044234,0.0010909049242564198,0.03302884987789342,16.329573465044234,0.0010909049242564198
3530,587207.0822314533,517572.4701493066,T,16.265083994538013,0.010153071491374737,0.10076245080075583,16.265083994538013,0.010153071491374737
3531,587207.3702881754,517572.4701493066,T,16.21270236269468,0.0419906327825775,0.20491616037437727,16.21270236269468,0.0419906327825775
3532,587207.6583448976,517572.4701493066,T,16.181589125927268,0.09153301369037194,0.3025442342705806,16.181589125927268,0.09153301369037194
3533,587207.9464016197,517572.4701493066,T,16.175989030458393,0.15132464971556206,0.3890046911228219,16.175989030458393,0.15132464971556206
3534,587208.2344583418,517572.4701493066,T,16.1946562227116,0.2133530085524055,0.4619015139100602,16.1946562227116,0.2133530085524055
3535,587208.522515064,517572.4701493066,T,16.232033335802416,0.27085755637435016,0.5204397720912096,16.232033335802416,0.27085755637435016
3536,587208.8105717861,517572.4701493066,T,16.280553699529765,0.3194732360920188,0.5652196352675823,16.280553699529765,0.3194732360920188
3537,587209.0986285083,517572.4701493066,T,16.333127262518563,0.35741696111896104,0.5978435925214562,16.333127262518563,0.35741696111896104
3538,587209.3866852304,517572.4701493066,T,16.38498825353272,0.38491074128608793,0.6204117514087624,16.38498825353272,0.38491074128608793
3539,587209.6747419527,517572.4701493066,T,16.43447872225697,0.403290177265109,0.6350513186074879,16.43447872225697,0.403290177265109
3540,587209.9627986748,517572.4701493066,T,16.48277525651266,0.4141796523185734,0.6435679080862977,16.48277525651266,0.4141796523185734
3541,587210.250855397,517572.4701493066,T,16.532850999744365,0.41890369794358984,0.6472277017739505,16.532850999744365,0.41890369794358984
3542,587210.5389121191,517572.4701493066,T,16.58805436652647,0.41814210360844206,0.6466390829577516,16.58805436652647,0.41814210360844206
3543,587210.8269688413,517572.4701493066,T,16.6506500361756,0.4117817314460646,0.6417022139949843,16.6506500361756,0.4117817314460646
3544,587211.1150255634,517572.4701493066,T,16.72060872106771,0.3989336823593362,0.6316119713553062,16.72060872106771,0.3989336823593362
3545,587211.4030822855,517572.4701493066,T,16.794900306196077,0.37812694152318227,0.6149202724932576,16.794900306196077,0.37812694152318227
3546,587211.6911390077,517572.4701493066,T,16.867513021683983,0.34772910577475813,0.5896855990905308,16.867513021683983,0.34772910577475813
3547,587211.9791957298,517572.4701493066,T,16.930322465174548,0.30663785782340586,0.5537489122548286,16.930322465174548,0.30663785782340586
3548,587212.2672524521,517572.4701493066,T,16.974730421522413,0.25517716098182985,0.5051506319721176,16.974730421522413,0.25517716098182985
3549,587212.5553091742,517572.4701493066,T,16.993724372224925,0.19592312895850836,0.4426320469176496,16.993724372224925,0.19592312895850836
3550,587212.8433658964,517572.4701493066,T,16.983787427651638,0.1340198413055618,0.36608720450947446,16.983787427651638,0.1340198413055618
3551,587213.1314226185,517572.4701493066,T,16.946042798454965,0.07663830482597579,0.27683624189396844,16.946042798454965,0.07663830482597579
3552,587213.4194793407,517572.4701493066,T,16.886210690688063,0.03161841361445639,0.17781567314063287,16.886210690688063,0.03161841361445639
3553,587213.7075360628,517572.4701493066,T,16.813339106370528,0.00574063284705422,0.07576696408761684,16.813339106370528,0.00574063284705422
3554,587213.995592785,517572.4701493066,T,16.737693062463848,0.003178705608775618,0.05638001071989627,16.737693062463848,0.003178705608775618
3555,587214.2836495071,517572.4701493066,T,16.668469315246607,0.024503619968662706,0.15653632156359976,16.668469315246607,0.024503619968662706
3556,587214.5717062292,517572.4701493066,T,16.612027205554913,0.06644033701715527,0.25776023164397427,16.612027205554913,0.06644033701715527
3557,587214.8597629514,517572.4701493066,T,16.57109202365456,0.12253006392331833,0.3500429458271061,16.57109202365456,0.12253006392331833
3558,587215.1478196735,517572.4701493066,T,16.545010809626522,0.18468415901181637,0.42974894881990855,16.545010809626522,0.18468415901181637
3559,587215.4358763958,517572.4701493066,T,16.530787826766403,0.24519705049028853,0.49517375787726126,16.530787826766403,0.24519705049028853
3560,587215.7239331179,517572.4701493066,T,16.524432096926194,0.2984349616203187,0.5462920113092619,16.524432096926194,0.2984349616203187
3561,587216.0119898401,517572.4701493066,T,16.52215815130173,0.341555430039233,0.58442743778781725,16.52215815130173,0.341555430039233
3562,587216.3000465622,517572.4701493066,T,16.521146340388523,0.3741897044730972,0.6117104743856339,16.521146340388523,0.3741897044730972
3563,587216.5881032844,517572.4701493066,T,16.519790573865183,0.3975462946517716,0.6305127236240134,16.519790573865183,0.3975462946517716
3564,587216.8761600065,517572.4701493066,T,16.51754205023026,0.4134958543105013,0.6430364331128535,16.51754205023026,0.4134958543105013
3565,587217.1642167286,517572.4701493066,T,16.514543764127836,0.4239488645577201,0.6511135573444313,16.514543764127836,0.4239488645577201
3566,587217.4522734508,517572.4701493066,T,16.511242134426094,0.4305501538217,0.6561632066960932,16.511242134426094,0.4305501538217
3567,587217.7403301729,517572.4701493066,T,16.508095349020632,0.4345823020942766,0.6592285658967432,16.508095349020632,0.4345823020942766
3568,587218.0283868952,517572.4701493066,T,16.50541854179548,0.4369748365529986,0.6610407223106597,16.50541854179548,0.4369748365529986
3569,587218.3164436173,517572.4701493066,T,16.503346670783372,0.4383600976793371,0.6620876812623363,16.503346670783372,0.4383600976793371
3570,587218.6045003395,517572.4701493066,T,16.5018690255581,0.43914508583993356,0.662680228949026,16.5018690255581,0.43914508583993356
3571,587203.6255507873,517572.7582060287,T,16.46688675585529,0.429810278861009,0.6555991754578471,16.46688675585529,0.429810278861009
3572,587203.9136075096,517572.7582060287,T,16.462985997766417,0.42314292197327064,0.6504943673647533,16.462985997766417,0.42314292197327064
3573,587204.2016642317,517572.7582060287,T,16.46285612081228,0.41254498706621484,0.6422966503619764,16.46285612081228,0.41254498706621484
3574,587204.4897209539,517572.7582060287,T,16.46768054857181,0.39624044351848287,0.6294763248276164,16.46768054857181,0.39624044351848287
3575,587204.777777676,517572.7582060287,T,16.477214508667497,0.3722034549366525,0.610084793235049,16.477214508667497,0.3722034549366525
3576,587205.0658343981,517572.7582060287,T,16.48901253963804,0.33858314760070146,0.5818789802018126,16.48901253963804,0.33858314760070146
3577,587205.3538911203,517572.7582060287,T,16.49822246197624,0.29441442255034705,0.542599689043725,16.49822246197624,0.29441442255034705
3578,587205.6419478424,517572.7582060287,T,16.498319206349592,0.2404698291184734,0.490377231443787,16.498319206349592,0.2404698291184734
3579,587205.9300045646,517572.7582060287,T,16.482834325365143,0.17991571068898915,0.4241647211744385,16.482834325365143,0.17991571068898915
3580,587206.2180612867,517572.7582060287,T,16.447664634018256,0.11838554260338993,0.34407200206263505,16.447664634018256,0.11838554260338993
3581,587206.506118009,517572.7582060287,T,16.39313529983706,0.06327086921352669,0.251537013605407,16.39313529983706,0.06327086921352669
3582,587206.7941747311,517572.7582060287,T,16.324897899635953,0.02234345675157779,0.14947727837894892,16.324897899635953,0.02234345675157779
3583,587207.0822314533,517572.7582060287,T,16.25308949814312,0.002049747418292991,0.04527413630642766,16.25308949814312,0.002049747418292991
3584,587207.3702881754,517572.7582060287,T,16.18986172531344,0.00590252212086948,0.0768278733329869,16.18986172531344,0.00590252212086948
3585,587207.6583448976,517572.7582060287,T,16.14609835196307,0.03343564062241624,0.18285415123101864,16.14609835196307,0.03343564062241624
3586,587207.9464016197,517572.7582060287,T,16.128517024790057,0.08017017222153745,0.2831433774989934,16.128517024790057,0.08017017222153745
3587,587208.2344583418,517572.7582060287,T,16.13819517230716,0.13876942488901248,0.3725176839950185,16.13819517230716,0.13876942488901248
3588,587208.522515064,517572.7582060287,T,16.170950583757964,0.2010158068916563,0.44834786370814383,16.170950583757964,0.2010158068916563
3589,587208.8105717861,517572.7582060287,T,16.219255577175165,0.25979672037687623,0.5097025803121623,16.219255577175165,0.25979672037687623
3590,587209.0986285083,517572.7582060287,T,16.27483088280546,0.31034262862185247,0.5570840408967506,16.27483088280546,0.31034262862185247
3591,587209.3866852304,517572.7582060287,T,16.330961257265095,0.3504634741832089,0.591999555897814,16.330961257265095,0.3504634741832089
3592,587209.6747419527,517572.7582060287,T,16.383866347755554,0.38003826032722887,0.6164724327390714,16.383866347755554,0.38003826032722887
3593,587209.9627986748,517572.7582060287,T,16.432930825515978,0.40019562143369225,0.6326101654523837,16.432930825515978,0.40019562143369225
3594,587210.250855397,517572.7582060287,T,16.479999623813836,0.4125177054299956,0.6422754124439107,16.479999623813836,0.4125177054299956
3595,587210.5389121191,517572.7582060287,T,16.528136520447536,0.4184215566573336,0.6468551280289379,16.528136520447536,0.4184215566573336
3596,587210.8269688413,517572.7582060287,T,16.580237869158164,0.41875364036854695,0.64711176806526,16.580237869158164,0.41875364036854695
3597,587211.1150255634,517572.7582060287,T,16.63779490590683,0.41358233698590074,0.6431036751456959,16.63779490590683,0.41358233698590074
3598,587211.4030822855,517572.7582060287,T,16.700013145588102,0.40216749718205336,0.6341667739499235,16.700013145588102,0.40216749718205336
3599,587211.6911390077,517572.7582060287,T,16.76345945792859,0.38311625291721996,0.6189638542897477,16.76345945792859,0.38311625291721996
3600,587211.9791957298,517572.7582060287,T,16.822373602175347,0.3547754092617843,0.5956302622112012,16.822373602175347,0.3547754092617843
3601,587212.2672524521,517572.7582060287,T,16.869684112454536,0.3159004286145726,0.5620502011516165,16.869684112454536,0.3159004286145726
3602,587212.5553091742,517572.7582060287,T,16.898583151210232,0.2665224091612685,0.51625808387014,16.898583151210232,0.2665224091612685
3603,587212.8433658964,517572.7582060287,T,16.90429261290465,0.20874497191474223,0.4568861695376018,16.90429261290465,0.20874497191474223
3604,587213.1314226185,517572.7582060287,T,16.885502915111317,0.14709853207546766,0.3835342645389948,16.885502915111317,0.14709853207546766
3605,587213.4194793407,517572.7582060287,T,16.844990058896347,0.08819701574510397,0.2969798238013889,16.844990058896347,0.08819701574510397
3606,587213.7075360628,517572.7582060287,T,16.789146564558482,0.039715427568033,0.19928729906352036,16.789146564558482,0.039715427568033
3607,587213.995592785,517572.7582060287,T,16.72652530371398,0.008914583394339058,0.09441707151960951,16.72652530371398,0.008914583394339058
3608,587214.2836495071,517572.7582060287,T,16.665843642595277,9.981926412740271e-4,0.03159418682723179,16.665843642595277,9.981926412740271e-4
3609,587214.5717062292,517572.7582060287,T,16.614077118642548,0.017659548865087048,0.1328892353243371,16.614077118642548,0.017659548865087048
3610,587214.8597629514,517572.7582060287,T,16.575209836571954,0.05634333617257746,0.23736751288366625,16.575209836571954,0.05634333617257746
3611,587215.1478196735,517572.7582060287,T,16.549938150574985,0.11073897563518217,0.3327746619488662,16.549938150574985,0.11073897563518217
3612,587215.4358763958,517572.7582060287,T,16.53627120021996,0.17253459237412175,0.41537283538301073,16.53627120021996,0.17253459237412175
3613,587215.7239331179,517572.7582060287,T,16.530686959698944,0.23372229953005705,0.4834483421525583,16.530686959698944,0.23372229953005705
3614,587216.0119898401,517572.7582060287,T,16.529387801995096,0.2884089909975532,0.537037234274825,16.529387801995096,0.2884089909975532
3615,587216.3000465622,517572.7582060287,T,16.529269227957307,0.33348524194360335,0.5774818109201392,16.529269227957307,0.33348524194360335
3616,587216.5881032844,517572.7582060287,T,16.528404188839513,0.3682544074561613,0.6068396884319295,16.528404188839513,0.3682544074561613
3617,587216.8761600065,517572.7582060287,T,16.52605371068882,0.39358659244626404,0.627364800133275,16.52605371068882,0.39358659244626404
3618,587217.1642167286,517572.7582060287,T,16.522359499624397,0.4111109289147946,0.6411793266433304,16.522359499624397,0.4111109289147946
3619,587217.4522734508,517572.7582060287,T,16.51792104842624,0.42265584304832404,0.6501198682153346,16.51792104842624,0.42265584304832404
3620,587217.7403301729,517572.7582060287,T,16.513422732544793,0.42992114187427694,0.6556837209160198,16.513422732544793,0.42992114187427694
3621,587218.0283868952,517572.7582060287,T,16.50939766038775,0.4343099935146995,0.6590219977471917,16.50939766038775,0.4343099935146995
3622,587218.3164436173,517572.7582060287,T,16.50613802045021,0.4368726200077187,0.660963402926152,16.50613802045021,0.4368726200077187
3623,587218.6045003395,517572.7582060287,T,16.503712857155563,0.4383297342742063,0.6620647508168717,16.503712857155563,0.4383297342742063
3624,587218.8925570616,517572.7582060287,T,16.502039015939584,0.4391410045166161,0.6626771495355911,16.502039015939584,0.4391410045166161
3625,587203.9136075096,517573.04626275087,T,16.476968519099252,0.4308204450019117,0.6563691377585571,16.476968519099252,0.4308204450019117
3626,587204.2016642317,517573.04626275087,T,16.476325221876017,0.42478131110020445,0.6517524922086638,16.476325221876017,0.42478131110020445
3627,587204.4897209539,517573.04626275087,T,16.47900698442306,0.4151258320147143,0.6443025935185379,16.47900698442306,0.4151258320147143
3628,587204.777777676,517573.04626275087,T,16.485083821959954,0.40014653583665316,0.6325713681764715,16.485083821959954,0.40014653583665316
3629,587205.0658343981,517573.04626275087,T,16.492960498622512,0.3778391115280159,0.6146861894723322,16.492960498622512,0.3778391115280159
3630,587205.3538911203,517573.04626275087,T,16.498955231544706,0.3462869555242233,0.5884615157546187,16.498955231544706,0.3462869555242233
3631,587205.6419478424,517573.04626275087,T,16.49757828553865,0.3043201295746637,0.5516521817002664,16.49757828553865,0.3043201295746637
3632,587205.9300045646,517573.04626275087,T,16.48272563307164,0.25231688529315516,0.50231154206643025,16.48272563307164,0.25231688529315516
3633,587206.2180612867,517573.04626275087,T,16.449631244498914,0.1928687040262534,0.4391681955996511,16.449631244498914,0.1928687040262534
3634,587206.506118009,517573.04626275087,T,16.39698827828405,0.1309996455892671,0.36193873181695696,16.39698827828405,0.1309996455892671
3635,587206.7941747311,517573.04626275087,T,16.328383197657697,0.07373667858678684,0.2715449844625874,16.328383197657697,0.07373667858678684
3636,587207.0822314533,517573.04626275087,T,16.25228695815414,0.028986152300710086,0.17025320055937299,16.25228695815414,0.028986152300710086
3637,587207.3702881754,517573.04626275087,T,16.18034697662945,0.0038449624943904907,0.06200776156571442,16.18034697662945,0.0038449624943904907
3638,587207.6583448976,517573.04626275087,T,16.12443023721414,0.0027262582668536404,0.05221358316428437,16.12443023721414,0.0027262582668536404
3639,587207.9464016197,517573.04626275087,T,16.093441457990576,0.02596481166951177,0.1611360036413705,16.093441457990576,0.02596481166951177
3640,587208.2344583418,517573.04626275087,T,16.09107777000285,0.06959298167129416,0.2638048173769656,16.09107777000285,0.06959298167129416
3641,587208.522515064,517573.04626275087,T,16.1152980929449,0.12650555141204525,0.3556761889866192,16.1152980929449,0.12650555141204525
3642,587208.8105717861,517573.04626275087,T,16.159571570359528,0.1885009628039401,0.4341669757177993,16.159571570359528,0.1885009628039401
3643,587209.0986285083,517573.04626275087,T,16.21528106134644,0.2482791969585216,0.4982762255602023,16.21528106134644,0.2482791969585216
3644,587209.3866852304,517573.04626275087,T,16.274311320044486,0.3006870489511092,0.5483493858400037,16.274311320044486,0.3006870489511092
3645,587209.6747419527,517573.04626275087,T,16.330955618390536,0.34304493587332624,0.5857003806327312,16.330955618390536,0.34304493587332624
3646,587209.9627986748,517573.04626275087,T,16.382698800746468,0.3747949738777761,0.6122050096803979,16.382698800746468,0.3747949738777761
3647,587210.250855397,517573.04626275087,T,16.429919785099873,0.3968076328980379,0.6299266885106852,16.429919785099873,0.3968076328980379
3648,587210.5389121191,517573.04626275087,T,16.474877890492404,0.4106111103742345,0.6407894430889405,16.474877890492404,0.4106111103742345
3649,587210.8269688413,517573.04626275087,T,16.52042581645577,0.4177166667322613,0.6463100391702586,16.52042581645577,0.4177166667322613
3650,587211.1150255634,517573.04626275087,T,16.568795532703042,0.4191361222989851,0.6474072306508363,16.568795532703042,0.4191361222989851
3651,587211.4030822855,517573.04626275087,T,16.620663211055984,0.4151159225278613,0.6442949033849804,16.620663211055984,0.4151159225278613
3652,587211.6911390077,517573.04626275087,T,16.674611481909132,0.4050707062280897,0.6364516527027718,16.674611481909132,0.4050707062280897
3653,587211.9791957298,517573.04626275087,T,16.727081085907088,0.3877130290258036,0.6226660654201445,16.727081085907088,0.3877130290258036
3654,587212.2672524521,517573.04626275087,T,16.772880368198035,0.3614145664211744,0.6011776496354255,16.772880368198035,0.3614145664211744
3655,587212.5553091742,517573.04626275087,T,16.806234628954005,0.3248238915338171,0.5699332342773292,16.806234628954005,0.3248238915338171
3656,587212.8433658964,517573.04626275087,T,16.822195950777886,0.277664545433307,0.5269388441112565,16.822195950777886,0.277664545433307
3657,587213.1314226185,517573.04626275087,T,16.81805795038159,0.22149958686304147,0.47063742611806964,16.81805795038159,0.22149958686304147
3658,587213.4194793407,517573.04626275087,T,16.794329843952962,0.1601901738892988,0.40023764676664136,16.794329843952962,0.1601901738892988
3659,587213.7075360628,517573.04626275087,T,16.754899749797872,0.09983702801170785,0.3159699796051958,16.754899749797872,0.09983702801170785
3660,587213.995592785,517573.04626275087,T,16.7062614557384,0.04808903007374413,0.21929211128935788,16.7062614557384,0.04808903007374413
3661,587214.2836495071,517573.04626275087,T,16.65600510051993,0.012778600105494252,0.11304247036178151,16.65600510051993,0.012778600105494252
3662,587214.5717062292,517573.04626275087,T,16.611041482259818,2.4824609882861307e-5,0.004982430118211524,16.611041482259818,2.4824609882861307e-5
3663,587214.8597629514,517573.04626275087,T,16.576121088509108,0.01234033109806178,0.11108704289007688,16.576121088509108,0.01234033109806178
3664,587215.1478196735,517573.04626275087,T,16.553082202996503,0.04762489355191926,0.2182312845398644,16.553082202996503,0.04762489355191926
3665,587215.4358763958,517573.04626275087,T,16.540978046306282,0.09972554500023112,0.31579351639992725,16.540978046306282,0.09972554500023112
3666,587215.7239331179,517573.04626275087,T,16.53691894438473,0.16040410963768512,0.40050481849496533,16.53691894438473,0.16040410963768512
3667,587216.0119898401,517573.04626275087,T,16.53725194104204,0.2217146137517994,0.4708658128934393,16.53725194104204,0.2217146137517994
3668,587216.3000465622,517573.04626275087,T,16.538657988173945,0.27769094067559547,0.5269638893468844,16.538657988173945,0.27769094067559547
3669,587216.5881032844,517573.04626275087,T,16.538863148026728,0.324893893824922,0.5699946436809051,16.538863148026728,0.324893893824922
3670,587216.8761600065,517573.04626275087,T,16.536858352666616,0.36209924426692985,0.6017468273841831,16.536858352666616,0.36209924426692985
3671,587217.1642167286,517573.04626275087,T,16.532707929508295,0.3896605523661304,0.6242279650625486,16.532707929508295,0.3896605523661304
3672,587217.4522734508,517573.04626275087,T,16.527133730265657,0.40889048699519176,0.6394454527128891,16.527133730265657,0.40889048699519176
3673,587217.7403301729,517573.04626275087,T,16.521072178154274,0.42155026649422833,0.6492690247456969,16.521072178154274,0.42155026649422833
3674,587218.0283868952,517573.04626275087,T,16.515341827067477,0.4294449344592672,0.6553204822522085,16.515341827067477,0.4294449344592672
3675,587218.3164436173,517573.04626275087,T,16.510474222118614,0.43414148022520865,0.6588941343077874,16.510474222118614,0.43414148022520865
3676,587218.6045003395,517573.04626275087,T,16.50669029653145,0.43683300131863917,0.6609334318360959,16.50669029653145,0.43683300131863917
3677,587218.8925570616,517573.04626275087,T,16.503967744335846,0.4383341806844682,0.6620681087958158,16.503967744335846,0.4383341806844682
3678,587219.1806137838,517573.04626275087,T,16.502141006154247,0.4391552171638519,0.6626878731075829,16.502141006154247,0.4391552171638519
3679,587219.4686705059,517573.04626275087,T,16.500992004046463,0.4395966444694465,0.6630208476884015,16.500992004046463,0.4395966444694465
3680,587204.2016642317,517573.334319473,T,16.48552108006905,0.43173510918602825,0.6570655288371383,16.48552108006905,0.43173510918602825
3681,587204.4897209539,517573.334319473,T,16.486926698161582,0.42626777467426546,0.6528918552672146,16.486926698161582,0.42626777467426546
3682,587204.777777676,517573.334319473,T,16.490641938042838,0.41747866562274843,0.6461258899183258,16.490641938042838,0.41747866562274843
3683,587205.0658343981,517573.334319473,T,16.49566640032528,0.40374159629516165,0.6354066385356402,16.49566640032528,0.40374159629516165
3684,587205.3538911203,517573.334319473,T,16.49930457427572,0.3831007664434995,0.6189513441648701,16.49930457427572,0.3831007664434995
3685,587205.6419478424,517573.334319473,T,16.497124816109196,0.35360151624847846,0.594644024815249,16.497124816109196,0.35360151624847846
3686,587205.9300045646,517573.334319473,T,16.483666582866817,0.31387483474381167,0.5602453344239572,16.483666582866817,0.31387483474381167
3687,587206.2180612867,517573.334319473,T,16.45393834478294,0.26388430608455027,0.5136967063205197,16.45393834478294,0.26388430608455027
3688,587206.506118009,517573.334319473,T,16.405366809314323,0.20563471470337857,0.45346964033260106,16.405366809314323,0.20563471470337857
3689,587206.7941747311,517573.334319473,T,16.339508925336002,0.14358096037929582,0.37892078377847765,16.339508925336002,0.14358096037929582
3690,587207.0822314533,517573.334319473,T,16.26273460923385,0.08446032597808618,0.29062058767073984,16.26273460923385,0.08446032597808618
3691,587207.3702881754,517573.334319473,T,16.185361071116624,0.036324567819526705,0.19059005173284022,16.185361071116624,0.036324567819526705
3692,587207.6583448976,517573.334319473,T,16.119309891621867,0.006781816984222774,0.08235178798437089,16.119309891621867,0.006781816984222774
3693,587207.9464016197,517573.334319473,T,16.07500969733997,9.080745908042038e-4,0.030134276012610685,16.07500969733997,9.080745908042038e-4
3694,587208.2344583418,517573.334319473,T,16.05864955402138,0.01968351846214508,0.14029796314325121,16.05864955402138,0.01968351846214508
3695,587208.522515064,517573.334319473,T,16.070784350390145,0.05971812109297888,0.24437291399207664,16.070784350390145,0.05971812109297888
3696,587208.8105717861,517573.334319473,T,16.106737913859693,0.1143795435603046,0.33820044878785216,16.106737913859693,0.1143795435603046
3697,587209.0986285083,517573.334319473,T,16.1585174006606,0.1757134848915211,0.41918192338353655,16.1585174006606,0.1757134848915211
3698,587209.3866852304,517573.334319473,T,16.217401989441324,0.23631116189962872,0.4861184648824078,16.217401989441324,0.23631116189962872
3699,587209.6747419527,517573.334319473,T,16.276238469905827,0.2905707715530314,0.5390461682945454,16.276238469905827,0.2905707715530314
3700,587209.9627986748,517573.334319473,T,16.33076478630601,0.3352191880597593,0.578981163821207,16.33076478630601,0.3352191880597593
3701,587210.250855397,517573.334319473,T,16.37978098568477,0.3691996370464706,0.6076180025694355,16.37978098568477,0.3691996370464706
3702,587210.5389121191,517573.334319473,T,16.424425240292077,0.3931117815799163,0.6269862690521351,16.424425240292077,0.3931117815799163
3703,587210.8269688413,517573.334319473,T,16.467015864426894,0.4084339723606332,0.6390883916647472,16.467015864426894,0.4084339723606332
3704,587211.1150255634,517573.334319473,T,16.5098797085793,0.4167684505288189,0.6455760609942247,16.5098797085793,0.4167684505288189
3705,587211.4030822855,517573.334319473,T,16.554420045281663,0.4192811627943197,0.6475192373932374,16.554420045281663,0.4192811627943197
3706,587211.6911390077,517573.334319473,T,16.600523108417,0.4163890496513824,0.6452821473211408,16.600523108417,0.4163890496513824
3707,587211.9791957298,517573.334319473,T,16.64633502856998,0.40766835731163864,0.6384891207465,16.64633502856998,0.40766835731163864
3708,587212.2672524521,517573.334319473,T,16.688440437375423,0.3919596443135581,0.6260668049925329,16.688440437375423,0.3919596443135581
3709,587212.5553091742,517573.334319473,T,16.72246720761831,0.36768414670765454,0.6063696452722996,16.72246720761831,0.36768414670765454
3710,587212.8433658964,517573.334319473,T,16.744068570100982,0.33338713953441135,0.5773968648463649,16.744068570100982,0.33338713953441135
3711,587213.1314226185,517573.334319473,T,16.750096163812046,0.28846084146715417,0.5370855066627233,16.750096163812046,0.28846084146715417
3712,587213.4194793407,517573.334319473,T,16.739642514980773,0.2339148715806764,0.48364746621963856,16.739642514980773,0.2339148715806764
3713,587213.7075360628,517573.334319473,T,16.714590252721727,0.17300083449748802,0.4159336900246096,16.714590252721727,0.17300083449748802
3714,587213.995592785,517573.334319473,T,16.679414794976108,0.11144119563538718,0.3338280929391461,16.679414794976108,0.11144119563538718
3715,587214.2836495071,517573.334319473,T,16.640228178730332,0.056952614080663225,0.23864746820501412,16.640228178730332,0.056952614080663225
3716,587214.5717062292,517573.334319473,T,16.603330250410536,0.01783102909260749,0.13353287644848924,16.603330250410536,0.01783102909260749
3717,587214.8597629514,517573.334319473,T,16.573725378792446,7.773680726818726e-4,0.027881321214782356,16.573725378792446,7.773680726818726e-4
3718,587215.1478196735,517573.334319473,T,16.55407782016266,0.008771028301917706,0.09365376822059915,16.55407782016266,0.008771028301917706
3719,587215.4358763958,517573.334319473,T,16.54440806669076,0.04008352103573038,0.20020869370666794,16.54440806669076,0.04008352103573038
3720,587215.7239331179,517573.334319473,T,16.542553303502075,0.08900474177780213,0.29833662493532725,16.542553303502075,0.08900474177780213
3721,587216.0119898401,517573.334319473,T,16.545150418342033,0.14782735897999885,0.38448323627955333,16.545150418342033,0.14782735897999885
3722,587216.3000465622,517573.334319473,T,16.548756525405405,0.20897898086423536,0.45714218889119757,16.548756525405405,0.20897898086423536
3723,587216.5881032844,517573.334319473,T,16.55074152728869,0.26641888738366104,0.5161578124795372,16.55074152728869,0.26641888738366104
3724,587216.8761600065,517573.334319473,T,16.549735792710067,0.3161446444864215,0.5622674136800224,16.549735792710067,0.3161446444864215
3725,587217.1642167286,517573.334319473,T,16.545611032470166,0.3561452997015867,0.5967791046120723,16.545611032470166,0.3561452997015867
3726,587217.4522734508,517573.334319473,T,16.539128833238685,0.3861216264342822,0.6213868573073317,16.539128833238685,0.3861216264342822
3727,587217.7403301729,517573.334319473,T,16.53145944609507,0.40707262672580247,0.6380224343436541,16.53145944609507,0.40707262672580247
3728,587218.0283868952,517573.334319473,T,16.523752111398405,0.42076590439294653,0.648664708761735,16.523752111398405,0.42076590439294653
3729,587218.3164436173,517573.334319473,T,16.516862129595722,0.4291851098939945,0.6551222098921654,16.516862129595722,0.4291851098939945
3730,587218.6045003395,517573.334319473,T,16.511254465095764,0.43410218970021947,0.6588643181264405,16.511254465095764,0.43410218970021947
3731,587218.8925570616,517573.334319473,T,16.50704272898439,0.43686416272223005,0.6609570051994532,16.50704272898439,0.43686416272223005
3732,587219.1806137838,517573.334319473,T,16.504098309465153,0.43837513856509897,0.6620990398460784,16.504098309465153,0.43837513856509897
3733,587204.4897209539,517573.6223761952,T,16.492156865510502,0.4325622660648726,0.6576946602070542,16.492156865510502,0.4325622660648726
3734,587204.777777676,517573.6223761952,T,16.494337033943154,0.4276155898112672,0.6539232292947447,16.494337033943154,0.4276155898112672
3735,587205.0658343981,517573.6223761952,T,16.49739599070912,0.41962620832082215,0.6477856191062149,16.49739599070912,0.41962620832082215
3736,587205.3538911203,517573.6223761952,T,16.499425206878577,0.4070586082691098,0.6380114483840472,16.499425206878577,0.4070586082691098
3737,587205.6419478424,517573.6223761952,T,16.496986843347546,0.38801907124670315,0.6229117684284855,16.496986843347546,0.38801907124670315
3738,587205.9300045646,517573.6223761952,T,16.485433367630723,0.3605228635094515,0.600435561496362,16.485433367630723,0.3605228635094515
3739,587206.2180612867,517573.6223761952,T,16.459938643927423,0.323002470443371,0.568333062951093,16.459938643927423,0.323002470443371
3740,587206.506118009,517573.6223761952,T,16.417118086350342,0.27502111938612234,0.5244245602430557,16.417118086350342,0.27502111938612234
3741,587206.7941747311,517573.6223761952,T,16.35676573521816,0.2180544214243189,0.46696297650276186,16.35676573521816,0.2180544214243189
3742,587207.0822314533,517573.6223761952,T,16.28300281565517,0.15607588218722712,0.39506440258168934,16.28300281565517,0.15607588218722712
3743,587207.3702881754,517573.6223761952,T,16.204190851943178,0.09556615778452317,0.30913776505713947,16.204190851943178,0.09556615778452317
3744,587207.6583448976,517573.6223761952,T,16.13136580442513,0.044605990121963715,0.21120130236805765,16.13136580442513,0.044605990121963715
3745,587207.9464016197,517573.6223761952,T,16.07555954649966,0.011065578155235255,0.10519305183915549,16.07555954649966,0.011065578155235255
3746,587208.2344583418,517573.6223761952,T,16.0449041462441,4.6545273477280606e-4,0.02157435363511051,16.0449041462441,4.6545273477280606e-4
3747,587208.522515064,517573.6223761952,T,16.04257697963197,0.014420343772535918,0.1200847358015827,16.04257697963197,0.014420343772535918
3748,587208.8105717861,517573.6223761952,T,16.06632852908999,0.05032583950635823,0.22433421385593022,16.06632852908999,0.05032583950635823
3749,587209.0986285083,517573.6223761952,T,16.109682029229425,0.10227955122240327,0.31981174340915514,16.109682029229425,0.10227955122240327
3750,587209.3866852304,517573.6223761952,T,16.1642286231607,0.16269948814364357,0.4033602461121368,16.1642286231607,0.16269948814364357
3751,587209.6747419527,517573.6223761952,T,16.22208325657771,0.22402887688498865,0.4733168884426042,16.22208325657771,0.22402887688498865
3752,587209.9627986748,517573.6223761952,T,16.27765232579759,0.280116481508237,0.5292603154481138,16.27765232579759,0.280116481508237
3753,587210.250855397,517573.6223761952,T,16.328289077858827,0.3270372007105275,0.5718716645459254,16.328289077858827,0.3270372007105275
3754,587210.5389121191,517573.6223761952,T,16.373917788061735,0.3632372122112993,0.6026916394071675,16.373917788061735,0.3632372122112993
3755,587210.8269688413,517573.6223761952,T,16.416044984037704,0.389064181976642,0.623750095772852,16.416044984037704,0.389064181976642
3756,587211.1150255634,517573.6223761952,T,16.45664025821369,0.4059456675564822,0.63713865646065,16.45664025821369,0.4059456675564822
3757,587211.4030822855,517573.6223761952,T,16.497221945510915,0.41555326869719805,0.6446342130985587,16.497221945510915,0.41555326869719805
3758,587211.6911390077,517573.6223761952,T,16.53827536198722,0.4191835063004983,0.6474438248222762,16.53827536198722,0.4191835063004983
3759,587211.9791957298,517573.6223761952,T,16.578994141008316,0.41741323352215537,0.6460752537608567,16.578994141008316,0.41741323352215537
3760,587212.2672524521,517573.6223761952,T,16.617308092084837,0.4099851029126944,0.640300790966788,16.617308092084837,0.4099851029126944
3761,587212.5553091742,517573.6223761952,T,16.650194116856873,0.3958793861546269,0.6291894676126,16.650194116856873,0.3958793861546269
3762,587212.8433658964,517573.6223761952,T,16.6742771202601,0.37357214187078136,0.61120548252676965,16.6742771202601,0.37357214187078136
3763,587213.1314226185,517573.6223761952,T,16.68666539556681,0.3415005368443564,0.5843804726754278,16.68666539556681,0.3415005368443564
3764,587213.4194793407,517573.6223761952,T,16.68584687087996,0.29873492963836573,0.5465664915070862,16.68584687087996,0.29873492963836573
3765,587213.7075360628,517573.6223761952,T,16.672371171678133,0.2457996131732647,0.4957818201318648,16.672371171678133,0.2457996131732647
3766,587213.995592785,517573.6223761952,T,16.649037963379907,0.18547139529952852,0.43066390062266485,16.649037963379907,0.18547139529952852
3767,587214.2836495071,517573.6223761952,T,16.62044030965045,0.12320649395012409,0.35100782605253134,16.62044030965045,0.12320649395012409
3768,587214.5717062292,517573.6223761952,T,16.591936563013302,0.06672413753003302,0.25831015762070414,16.591936563013302,0.06672413753003302
3769,587214.8597629514,517573.6223761952,T,16.56835045597017,0.024474306695567483,0.15644266264535223,16.56835045597017,0.024474306695567483
3770,587215.1478196735,517573.6223761952,T,16.55282011549191,0.0033399450522572324,0.05779225771898198,16.55282011549191,0.0033399450522572324
3771,587215.4358763958,517573.6223761952,T,16.546171013980754,0.006580058231195441,0.08111755809438201,16.546171013980754,0.006580058231195441
3772,587215.7239331179,517573.6223761952,T,16.546991989457638,0.033051612045810155,0.18180102322542124,16.546991989457638,0.033051612045810155
3773,587216.0119898401,517573.6223761952,T,16.552334271065874,0.07797749258410955,0.2792445032298927,16.552334271065874,0.07797749258410955
3774,587216.3000465622,517573.6223761952,T,16.55874344199606,0.1346022518312307,0.36688179544811256,16.55874344199606,0.1346022518312307
3775,587216.5881032844,517573.6223761952,T,16.563255905175613,0.1958099326155177,0.4425041611279127,16.563255905175613,0.1958099326155177
3776,587216.8761600065,517573.6223761952,T,16.564060734394108,0.2552413755867766,0.505214187832029,16.564060734394108,0.2552413755867766
3777,587217.1642167286,517573.6223761952,T,16.56069489668351,0.3079886735310225,0.5549672724864255,16.56069489668351,0.3079886735310225
3778,587217.4522734508,517573.6223761952,T,16.553821506882123,0.35103807102551604,0.5924846588946553,16.553821506882123,0.35103807102551604
3779,587217.7403301729,517573.6223761952,T,16.544763842478456,0.38341709042719946,0.6192068236277758,16.544763842478456,0.38341709042719946
3780,587218.0283868952,517573.6223761952,T,16.534999473838507,0.40591498918905694,0.6371145808950357,16.534999473838507,0.40591498918905694
3781,587218.3164436173,517573.6223761952,T,16.525771422130475,0.42042699200638495,0.6484034176393466,16.525771422130475,0.42042699200638495
3782,587218.6045003395,517573.6223761952,T,16.51788720561485,0.4291909619781891,0.6551266762834415,16.51788720561485,0.4291909619781891
3783,587218.8925570616,517573.6223761952,T,16.511695361820138,0.43420700524616535,0.6589438559135106,16.511695361820138,0.43420700524616535
3784,587219.1806137838,517573.6223761952,T,16.50717988793228,0.43696825642419473,0.6610357451940059,16.50717988793228,0.43696825642419473
3785,587204.777777676,517573.91043291736,T,16.496652212025655,0.4333104641550205,0.6582632179873189,16.496652212025655,0.4333104641550205
3786,587205.0658343981,517573.91043291736,T,16.498426782658616,0.4288392571774547,0.6548581962359903,16.498426782658616,0.4288392571774547
3787,587205.3538911203,517573.91043291736,T,16.499438391342338,0.42158984175891845,0.6492995008152389,16.499438391342338,0.42158984175891845
3788,587205.6419478424,517573.91043291736,T,16.497122293778986,0.4101195931224853,0.640405803473458,16.497122293778986,0.4101195931224853
3789,587205.9300045646,517573.91043291736,T,16.487707228819115,0.39259865002544103,0.6265769306521275,16.487707228819115,0.39259865002544103
3790,587206.2180612867,517573.91043291736,T,16.466833211743662,0.3670150895576141,0.6058177032388655,16.466833211743662,0.3670150895576141
3791,587206.506118009,517573.91043291736,T,16.430770662991428,0.3316223904250177,0.5758666429174533,16.430770662991428,0.3316223904250177
3792,587206.7941747311,517573.91043291736,T,16.37798145343091,0.28564229550407466,0.5344551389069757,16.37798145343091,0.28564229550407466
3793,587207.0822314533,517573.91043291736,T,16.310479776447647,0.23011432923743363,0.4797023339920639,16.310479776447647,0.23011432923743363
3794,587207.3702881754,517573.91043291736,T,16.23434826892344,0.16859227855323333,0.4105999008198046,16.23434826892344,0.16859227855323333
3795,587207.6583448976,517573.91043291736,T,16.15896449184463,0.1072362960012656,0.3274695344627735,16.15896449184463,0.1072362960012656
3796,587207.9464016197,517573.91043291736,T,16.094970919388807,0.05394612044221879,0.23226304149007174,16.094970919388807,0.05394612044221879
3797,587208.2344583418,517573.91043291736,T,16.051582043465157,0.016618078777154516,0.12891112743729502,16.051582043465157,0.016618078777154516
3798,587208.522515064,517573.91043291736,T,16.034180853868214,0.0011360594844325458,0.03370548151907262,16.034180853868214,0.0011360594844325458
3799,587208.8105717861,517573.91043291736,T,16.043100992839133,0.009888020573040408,0.09943852660332618,16.043100992839133,0.009888020573040408
3800,587209.0986285083,517573.91043291736,T,16.07401708709122,0.04128773109059605,0.20319382640866837,16.07401708709122,0.04128773109059605
3801,587209.3866852304,517573.91043291736,T,16.119699905571306,0.09029888214159879,0.3004977240206634,16.119699905571306,0.09029888214159879
3802,587209.6747419527,517573.91043291736,T,16.172366908523678,0.14968420043618583,0.38689042432733567,16.172366908523678,0.14968420043618583
3803,587209.9627986748,517573.91043291736,T,16.22571940331234,0.21164067630501784,0.4600442112504165,16.22571940331234,0.21164067630501784
3804,587210.250855397,517573.91043291736,T,16.276031285474637,0.26942220617086066,0.5190589621332635,16.276031285474637,0.26942220617086066
3805,587210.5389121191,517573.91043291736,T,16.322151108977117,0.31848764001737845,0.5643470917949152,16.322151108977117,0.31848764001737845
3806,587210.8269688413,517573.91043291736,T,16.36472391958185,0.35684279862879376,0.5973632049505508,16.36472391958185,0.35684279862879376
3807,587211.1150255634,517573.91043291736,T,16.405136028562737,0.3845997381789227,0.6201610582573874,16.405136028562737,0.3845997381789227
3808,587211.4030822855,517573.91043291736,T,16.444609976068005,0.4031049430766823,0.6349054599518595,16.444609976068005,0.4031049430766823
3809,587211.6911390077,517573.91043291736,T,16.48365062765168,0.41405428939255606,0.6434705039025146,16.48365062765168,0.41405428939255606
3810,587211.9791957298,517573.91043291736,T,16.521832254493074,0.4188438133719456,0.6471814377529269,16.521832254493074,0.4188438133719456
3811,587212.2672524521,517573.91043291736,T,16.55782461259429,0.41820015011979306,0.6466839646379002,16.55782461259429,0.41820015011979306
3812,587212.5553091742,517573.91043291736,T,16.5895823079089,0.41203426913708974,0.641898955550708,16.5895823079089,0.41203426913708974
3813,587212.8433658964,517573.91043291736,T,16.614688770623452,0.3994682259280818,0.6320349878986778,16.614688770623452,0.3994682259280818
3814,587213.1314226185,517573.91043291736,T,16.630868299171816,0.3790321146356157,0.6156558410635082,16.630868299171816,0.3790321146356157
3815,587213.4194793407,517573.91043291736,T,16.636621721798736,0.34906814285233423,0.5908198903662047,16.636621721798736,0.34906814285233423
3816,587213.7075360628,517573.91043291736,T,16.63183655478569,0.30838557695277335,0.5553247490908121,16.63183655478569,0.30838557695277335
3817,587213.995592785,517573.91043291736,T,16.618146767218736,0.25714574611062396,0.5070954013897424,16.618146767218736,0.25714574611062396
3818,587214.2836495071,517573.91043291736,T,16.598838625693347,0.1977748443849526,0.44471883745233076,16.598838625693347,0.1977748443849526
3819,587214.5717062292,517573.91043291736,T,16.578234451947367,0.13545554121241526,0.36804285241316026,16.578234451947367,0.13545554121241526
3820,587214.8597629514,517573.91043291736,T,16.560686613788167,0.07767318831969273,0.27869909996211456,16.560686613788167,0.07767318831969273
3821,587215.1478196735,517573.91043291736,T,16.549487758204325,0.03264977657868307,0.18069249176067906,16.549487758204325,0.03264977657868307
3822,587215.4358763958,517573.91043291736,T,16.546062833766346,0.0071929446563631675,0.08481122954163067,16.546062833766346,0.0071929446563631675
3823,587215.7239331179,517573.91043291736,T,16.549717966350443,0.004955491878179996,0.0703952546566883,16.549717966350443,0.004955491878179996
3824,587216.0119898401,517573.91043291736,T,16.558016687201704,0.02583851154391945,0.16074362053879293,16.558016687201704,0.02583851154391945
3825,587216.3000465622,517573.91043291736,T,16.56762544033817,0.06648296545441951,0.25784290848192726,16.56762544033817,0.06648296545441951
3826,587216.5881032844,517573.91043291736,T,16.575316194366344,0.12125181033514752,0.34821230640967804,16.575316194366344,0.12125181033514752
3827,587216.8761600065,517573.91043291736,T,16.578793040438615,0.1832500410105274,0.42807714376094336,16.578793040438615,0.1832500410105274
3828,587217.1642167286,517573.91043291736,T,16.577116055832583,0.24537645319872894,0.49535487602195755,16.577116055832583,0.24537645319872894
3829,587217.4522734508,517573.91043291736,T,16.57066899870599,0.30150126365571406,0.5490913072119372,16.57066899870599,0.30150126365571406
3830,587217.7403301729,517573.91043291736,T,16.560777941155607,0.3475453918714337,0.5895298057532237,16.560777941155607,0.3475453918714337
3831,587218.0283868952,517573.91043291736,T,16.549176160524464,0.3820008006916109,0.61806213335846,16.549176160524464,0.3820008006916109
3832,587218.3164436173,517573.91043291736,T,16.53750944218201,0.4056393800737444,0.6368982493881926,16.53750944218201,0.4056393800737444
3833,587218.6045003395,517573.91043291736,T,16.527008687094327,0.42062017208550323,0.6485523664944128,16.527008687094327,0.42062017208550323
3834,587218.8925570616,517573.91043291736,T,16.518366726224862,0.4294860085306362,0.6553518204221578,16.518366726224862,0.4294860085306362
3835,587205.0658343981,517574.1984896395,T,16.498999062904712,0.43398797835788344,0.6587776395399919,16.498999062904712,0.43398797835788344
3836,587205.3538911203,517574.1984896395,T,16.499421140685264,0.42995138244318076,0.6557067808427641,16.499421140685264,0.42995138244318076
3837,587205.6419478424,517574.1984896395,T,16.49744619889085,0.423384184703981,0.6506797866108806,16.49744619889085,0.423384184703981
3838,587205.9300045646,517574.1984896395,T,16.490153209105436,0.4129327527004964,0.6425984381404116,16.490153209105436,0.4129327527004964
3839,587206.2180612867,517574.1984896395,T,16.473836647243786,0.39682931771529006,0.6299439004508973,16.473836647243786,0.39682931771529006
3840,587206.506118009,517574.1984896395,T,16.44482910457507,0.3730469758744965,0.6107757165068831,16.44482910457507,0.3730469758744965
3841,587206.7941747311,517574.1984896395,T,16.40076277830953,0.3397052841351388,0.5828424179271261,16.40076277830953,0.3397052841351388
3842,587207.0822314533,517574.1984896395,T,16.341915879574263,0.29576594029716585,0.5438436726644578,16.341915879574263,0.29576594029716585
3843,587207.3702881754,517574.1984896395,T,16.272097962912405,0.24190825510104805,0.491841697196413,16.272097962912405,0.24190825510104805
3844,587207.6583448976,517574.1984896395,T,16.198553816842896,0.18125723198046453,0.42574315259374934,16.198553816842896,0.18125723198046453
3845,587207.9464016197,517574.1984896395,T,16.130669494371123,0.11951388758410889,0.34570780665774514,16.130669494371123,0.11951388758410889
3846,587208.2344583418,517574.1984896395,T,16.077755796453935,0.06419587843958063,0.2533690558051252,16.077755796453935,0.06419587843958063
3847,587208.522515064,517574.1984896395,T,16.04663790111295,0.023113730947250208,0.1520320063251492,16.04663790111295,0.023113730947250208
3848,587208.8105717861,517574.1984896395,T,16.039945057793553,0.002584729759095513,0.0508402375987319,16.039945057793553,0.002584729759095513
3849,587209.0986285083,517574.1984896395,T,16.055748890086335,0.005946455199764763,0.0771132621522703,16.055748890086335,0.005946455199764763
3850,587209.3866852304,517574.1984896395,T,16.088639218649185,0.03273965448647801,0.1809410248851211,16.088639218649185,0.03273965448647801
3851,587209.6747419527,517574.1984896395,T,16.13172847862804,0.0787483006721479,0.2806212762285638,16.13172847862804,0.0787483006721479
3852,587209.9627986748,517574.1984896395,T,16.178740147928423,0.13696348392594043,0.3700857791457819,16.178740147928423,0.13696348392594043
3853,587210.250855397,517574.1984896395,T,16.22541342796935,0.19929414549675556,0.44642372864438506,16.22541342796935,0.19929414549675556
3854,587210.5389121191,517574.1984896395,T,16.269866082299618,0.2584784489955489,0.5084077585910239,16.269866082299618,0.2584784489955489
3855,587210.8269688413,517574.1984896395,T,16.31205357832911,0.3094796168245429,0.5563089221148111,16.31205357832911,0.3094796168245429
3856,587211.1150255634,517574.1984896395,T,16.352789809795297,0.3499238228443852,0.5915435933592598,16.352789809795297,0.3499238228443852
3857,587211.4030822855,517574.1984896395,T,16.392831284984737,0.3796614811384219,0.6161667640650719,16.392831284984737,0.3796614811384219
3858,587211.6911390077,517574.1984896395,T,16.432328852682048,0.3998891652656183,0.6323679034119445,16.432328852682048,0.3998891652656183
3859,587211.9791957298,517574.1984896395,T,16.470684694397914,0.4122685268134284,0.6420814020149068,16.470684694397914,0.4122685268134284
3860,587212.2672524521,517574.1984896395,T,16.506675452115573,0.4182675369338479,0.64673606435225794,16.506675452115573,0.4182675369338479
3861,587212.5553091742,517574.1984896395,T,16.53867790272411,0.418756969129215,0.6471143400738505,16.53867790272411,0.418756969129215
3862,587212.8433658964,517574.1984896395,T,16.56491739195369,0.4138160764280974,0.643285377129076,16.56491739195369,0.4138160764280974
3863,587213.1314226185,517574.1984896395,T,16.583753090959203,0.4027073991614075,0.6345923094092832,16.583753090959203,0.4027073991614075
3864,587213.4194793407,517574.1984896395,T,16.59403806771895,0.38402287715549394,0.619695794043734,16.59403806771895,0.38402287715549394
3865,587213.7075360628,517574.1984896395,T,16.59553072399649,0.356052309237692,0.5967011892377054,16.59553072399649,0.356052309237692
3866,587213.995592785,517574.1984896395,T,16.589236581778792,0.3174393370411753,0.5634175512363591,16.589236581778792,0.3174393370411753
3867,587214.2836495071,517574.1984896395,T,16.57750238827949,0.2680992056757518,0.5177829715969344,16.57750238827949,0.2680992056757518
3868,587214.5717062292,517574.1984896395,T,16.56372316211534,0.21014610359795408,0.4584169538727315,16.56372316211534,0.21014610359795408
3869,587214.8597629514,517574.1984896395,T,16.551656945409352,0.14834517791865268,0.38515604359616723,16.551656945409352,0.14834517791865268
3870,587215.1478196735,517574.1984896395,T,16.544514090244753,0.08964069915369058,0.2994005663883931,16.544514090244753,0.08964069915369058
3871,587215.4358763958,517574.1984896395,T,16.54411242399051,0.041759670526913324,0.20435183025095058,16.54411242399051,0.041759670526913324
3872,587215.7239331179,517574.1984896395,T,16.55039853331083,0.011464403616579286,0.10707195532248062,16.55039853331083,0.011464403616579286
3873,587216.0119898401,517574.1984896395,T,16.56151509106,0.0031895216380302452,0.05647585004256461,16.56151509106,0.0031895216380302452
3874,587216.3000465622,517574.1984896395,T,16.57439425167208,0.01837809568785906,0.13556583525305724,16.57439425167208,0.01837809568785906
3875,587216.5881032844,517574.1984896395,T,16.585665865159832,0.05532034225867571,0.2352027683907562,16.585665865159832,0.05532034225867571
3876,587216.8761600065,517574.1984896395,T,16.592568885211385,0.10928105608028545,0.3305768535156166,16.592568885211385,0.10928105608028545
3877,587217.1642167286,517574.1984896395,T,16.593581365604294,0.1730842736917795,0.4160339814147151,16.593581365604294,0.1730842736917795
3878,587217.4522734508,517574.1984896395,T,16.58861545680268,0.23844532644840832,0.48830863851503625,16.58861545680268,0.23844532644840832
3879,587217.7403301729,517574.1984896395,T,16.578792705758637,0.29787439111072284,0.5457787015913343,16.578792705758637,0.29787439111072284
3880,587218.0283868952,517574.1984896395,T,16.565949045412538,0.34638756052698283,0.5885469909250941,16.565949045412538,0.34638756052698283
3881,587218.3164436173,517574.1984896395,T,16.552072894815105,0.38222597696431804,0.6182442696574858,16.552072894815105,0.38222597696431804
3882,587218.6045003395,517574.1984896395,T,16.538850854034205,0.40637752698946705,0.6374774717505451,16.538850854034205,0.40637752698946705
3883,587205.6419478424,517574.48654636164,T,16.497861984158142,0.430960857081781,0.6564760902590292,16.497861984158142,0.430960857081781
3884,587205.9300045646,517574.48654636164,T,16.492487050874445,0.42501711595620234,0.6519333677272565,16.492487050874445,0.42501711595620234
3885,587206.2180612867,517574.48654636164,T,16.480311113631522,0.4155001596490336,0.644593018616424,16.480311113631522,0.4155001596490336
3886,587206.506118009,517574.48654636164,T,16.45802952412267,0.4007070225172479,0.6330142356355407,16.45802952412267,0.4007070225172479
3887,587206.7941747311,517574.48654636164,T,16.422926759555992,0.3786214745274922,0.6153222525859862,16.422926759555992,0.3786214745274922
3888,587207.0822314533,517574.48654636164,T,16.374045728694178,0.3472865475985268,0.589310230352848,16.374045728694178,0.3472865475985268
3889,587207.3702881754,517574.48654636164,T,16.313209237933133,0.30547292930498876,0.5526960550836135,16.313209237933133,0.30547292930498876
3890,587207.6583448976,517574.48654636164,T,16.245403769270744,0.25352527426184085,0.5035129335596463,16.245403769270744,0.25352527426184085
3891,587207.9464016197,517574.48654636164,T,16.178170888396096,0.19407315382848575,0.44053734668979627,16.178170888396096,0.19407315382848575
3892,587208.2344583418,517574.48654636164,T,16.12001293004804,0.13222393167250743,0.36362608772268723,16.12001293004804,0.13222393167250743
3893,587208.522515064,517574.48654636164,T,16.078267468832735,0.0750167094302734,0.27389178415986376,16.078267468832735,0.0750167094302734
3894,587208.8105717861,517574.48654636164,T,16.057211946560862,0.03020834268736896,0.1738054736979505,16.057211946560862,0.03020834268736896
3895,587209.0986285083,517574.48654636164,T,16.057135204514186,0.004671742449527334,0.06835014593640115,16.057135204514186,0.004671742449527334
3896,587209.3866852304,517574.48654636164,T,16.07472936007797,0.002758920359216371,0.05252542583565002,16.07472936007797,0.002758920359216371
3897,587209.6747419527,517574.48654636164,T,16.10458829001219,0.025049976572668543,0.15827184390367272,16.10458829001219,0.025049976572668543
3898,587209.9627986748,517574.48654636164,T,16.141136742625942,0.06798534906917986,0.26074000281732734,16.141136742625942,0.06798534906917986
3899,587210.250855397,517574.48654636164,T,16.18019230087729,0.12471544697383513,0.353150742564468,16.18019230087729,0.12471544697383513
3900,587210.5389121191,517574.48654636164,T,16.219624244781564,0.18696746424083427,0.43239734532121527,16.219624244781564,0.18696746424083427
3901,587210.8269688413,517574.48654636164,T,16.259051012658755,0.2471590641122902,0.49715094700934664,16.259051012658755,0.2471590641122902
3902,587211.1150255634,517574.48654636164,T,16.298943896254396,0.2998919724305105,0.5476239333981948,16.298943896254396,0.2998919724305105
3903,587211.4030822855,517574.48654636164,T,16.339674294591717,0.3424158675926,0.585163111954778,16.339674294591717,0.3424158675926
3904,587211.6911390077,517574.48654636164,T,16.380920804223322,0.37423491097497996,0.6117474241670168,16.380920804223322,0.37423491097497996
3905,587211.9791957298,517574.48654636164,T,16.42156763993682,0.3963056199301168,0.62952809304281,16.42156763993682,0.3963056199301168
3906,587212.2672524521,517574.48654636164,T,16.459964104043554,0.41020536148583453,0.6404727640468676,16.459964104043554,0.41020536148583453
3907,587212.5553091742,517574.48654636164,T,16.494305375790574,0.4174603321570781,0.6461117025384063,16.494305375790574,0.4174603321570781
3908,587212.8433658964,517574.48654636164,T,16.52295008460352,0.41908502386807395,0.647367765546041,16.52295008460352,0.41908502386807395
3909,587213.1314226185,517574.48654636164,T,16.544626034364683,0.4153254842377739,0.6444575115845682,16.544626034364683,0.4153254842377739
3910,587213.4194793407,517574.48654636164,T,16.558582827723193,0.40558596378191614,0.6368563132936002,16.558582827723193,0.40558596378191614
3911,587213.7075360628,517574.48654636164,T,16.56476354892333,0.38854277368264817,0.6233319931486335,16.56476354892333,0.38854277368264817
3912,587213.995592785,517574.48654636164,T,16.563994825955945,0.36249569952946414,0.6020761575826302,16.563994825955945,0.36249569952946414
3913,587214.2836495071,517574.48654636164,T,16.558099230999748,0.32601450816131466,0.5709768017715909,16.558099230999748,0.32601450816131466
3914,587214.5717062292,517574.48654636164,T,16.549790831583092,0.2788262298773115,0.52803998889981,16.549790831583092,0.2788262298773115
3915,587214.8597629514,517574.48654636164,T,16.542264677491843,0.22266836002134646,0.4718774841220404,16.542264677491843,0.22266836002134646
3916,587215.1478196735,517574.48654636164,T,16.538518740724452,0.1616805910404229,0.4020952512035213,16.538518740724452,0.1616805910404229
3917,587215.4358763958,517574.48654636164,T,16.54058943654147,0.10204414952340257,0.3194434997357163,16.54058943654147,0.10204414952340257
3918,587215.7239331179,517574.48654636164,T,16.548962638903646,0.05097937724542541,0.22578613164989875,16.548962638903646,0.05097937724542541
3919,587216.0119898401,517574.48654636164,T,16.562391578274738,0.015517318933927165,0.12456853107397214,16.562391578274738,0.015517318933927165
3920,587216.3000465622,517574.48654636164,T,16.578216106356145,0.0013511036749087953,0.03675736218648987,16.578216106356145,0.0013511036749087953
3921,587216.5881032844,517574.48654636164,T,16.593092756588916,0.011741634559428421,0.1083588231729582,16.593092756588916,0.011741634559428421
3922,587216.8761600065,517574.48654636164,T,16.603894214197517,0.04644134942997053,0.2155025508665049,16.603894214197517,0.04644134942997053
3923,587217.1642167286,517574.48654636164,T,16.608485367377316,0.1010477226367671,0.31788004441418954,16.608485367377316,0.1010477226367671
3924,587217.4522734508,517574.48654636164,T,16.606147696514885,0.16751436213205287,0.409285184354446,16.606147696514885,0.16751436213205287
3925,587217.7403301729,517574.48654636164,T,16.59756778659584,0.2361084942413673,0.48590996515956253,16.59756778659584,0.2361084942413673
3926,587218.0283868952,517574.48654636164,T,16.58446175212863,0.29812456536357307,0.5460078436831957,16.58446175212863,0.29812456536357307
3927,587218.3164436173,517574.48654636164,T,16.569012081033893,0.3480532553514032,0.5899603845610341,16.569012081033893,0.3480532553514032
3928,587205.9300045646,517574.7746030838,T,16.494514811835824,0.43187354496169233,0.6571708643584957,16.494514811835824,0.43187354496169233
3929,587206.2180612867,517574.7746030838,T,16.485841032301046,0.42649425051197654,0.6530652727805825,16.485841032301046,0.42649425051197654
3930,587206.506118009,517574.7746030838,T,16.469499022571853,0.4178284475957459,0.6463965095788697,16.469499022571853,0.4178284475957459
3931,587206.7941747311,517574.7746030838,T,16.442816654225172,0.4042474788276754,0.6358045917006855,16.442816654225172,0.4042474788276754
3932,587207.0822314533,517574.7746030838,T,16.404123180755338,0.38377746415357344,0.6194977515322985,16.404123180755338,0.38377746415357344
3933,587207.3702881754,517574.7746030838,T,16.35372046786746,0.354433288827664,0.5953430009899033,16.35372046786746,0.354433288827664
3934,587207.6583448976,517574.7746030838,T,16.294525499983347,0.31482895543305645,0.5610962087138501,16.294525499983347,0.31482895543305645
3935,587207.9464016197,517574.7746030838,T,16.231996937582768,0.26495692148597877,0.5147396637971264,16.231996937582768,0.26495692148597877
3936,587208.2344583418,517574.7746030838,T,16.17317254344498,0.20688347829612486,0.4548444550570281,16.17317254344498,0.20688347829612486
3937,587208.522515064,517574.7746030838,T,16.125013292285473,0.14506805295965786,0.38087800272483296,16.125013292285473,0.14506805295965786
3938,587208.8105717861,517574.7746030838,T,16.092607198390542,0.0861011488087242,0.2934299725807236,16.092607198390542,0.0861011488087242
3939,587209.0986285083,517574.7746030838,T,16.07792896289113,0.03778026972626425,0.1943714735403944,16.07792896289113,0.03778026972626425
3940,587209.3866852304,517574.7746030838,T,16.079664808671502,0.00756853729746665,0.08699734074939676,16.079664808671502,0.00756853729746665
3941,587209.6747419527,517574.7746030838,T,16.09415610470562,7.063027554950014e-4,0.026576357077203065,16.09415610470562,7.063027554950014e-4
3942,587209.9627986748,517574.7746030838,T,16.11701454320688,0.018587774334323078,0.13633698813720024,16.11701454320688,0.018587774334323078
3943,587210.250855397,517574.7746030838,T,16.144680674865413,0.05817766184838768,0.241200459884279,16.144680674865413,0.05817766184838768
3944,587210.5389121191,517574.7746030838,T,16.17528383635428,0.11287773927051888,0.3359728251965014,16.17528383635428,0.11287773927051888
3945,587210.8269688413,517574.7746030838,T,16.20855448983567,0.17448436093602812,0.41771325204741605,16.20855448983567,0.17448436093602812
3946,587211.1150255634,517574.7746030838,T,16.24501177060261,0.23531485939089178,0.48509262970168054,16.24501177060261,0.23531485939089178
3947,587211.4030822855,517574.7746030838,T,16.284946812388984,0.2896686445848688,0.5382087370016105,16.284946812388984,0.2896686445848688
3948,587211.6911390077,517574.7746030838,T,16.32771695154843,0.33433718326512435,0.5782189751859794,16.32771695154843,0.33433718326512435
3949,587211.9791957298,517574.7746030838,T,16.371610802866744,0.368361197531471,0.6069276707577856,16.371610802866744,0.368361197531471
3950,587212.2672524521,517574.7746030838,T,16.414218695172014,0.3923833533394125,0.6264051032194841,16.414218695172014,0.3923833533394125
3951,587212.5553091742,517574.7746030838,T,16.453029565482797,0.407875277339486,0.6386511389949022,16.453029565482797,0.407875277339486
3952,587212.8433658964,517574.7746030838,T,16.485957288097577,0.4164225292455982,0.6453080886255791,16.485957288097577,0.4164225292455982
3953,587213.1314226185,517574.7746030838,T,16.511635012624133,0.4191826591525892,0.6474431705969175,16.511635012624133,0.4191826591525892
3954,587213.4194793407,517574.7746030838,T,16.529489976089565,0.41656384544038727,0.6454175744743764,16.529489976089565,0.41656384544038727
3955,587213.7075360628,517574.7746030838,T,16.539714970371108,0.40811745715097864,0.6388407134419178,16.539714970371108,0.40811745715097864
3956,587213.995592785,517574.7746030838,T,16.543243262147794,0.3926364216791668,0.6266070712010572,16.543243262147794,0.3926364216791668
3957,587214.2836495071,517574.7746030838,T,16.541743675285936,0.36849039388429095,0.6070340961464117,16.541743675285936,0.36849039388429095
3958,587214.5717062292,517574.7746030838,T,16.537556952677452,0.33422862783828317,0.5781250970493178,16.537556952677452,0.33422862783828317
3959,587214.8597629514,517574.7746030838,T,16.533462720456715,0.2893742166298962,0.5379351416573342,16.533462720456715,0.2893742166298962
3960,587215.1478196735,517574.7746030838,T,16.532224086747593,0.2351692171368334,0.484942488483772,16.532224086747593,0.2351692171368334
3961,587215.4358763958,517574.7746030838,T,16.53597550172476,0.17497632954357037,0.41830172070357347,16.53597550172476,0.17497632954357037
3962,587215.7239331179,517574.7746030838,T,16.545633784812654,0.11420112230773624,0.33793656550858214,16.545633784812654,0.11420112230773624
3963,587216.0119898401,517574.7746030838,T,16.56055584338918,0.05981637320789097,0.24457386043461588,16.56055584338918,0.05981637320789097
3964,587216.3000465622,517574.7746030838,T,16.5786074013097,0.019566552352545643,0.13988049310945985,16.5786074013097,0.019566552352545643
3965,587216.5881032844,517574.7746030838,T,16.596664705841416,7.153967264600253e-4,0.026746901249677976,16.596664705841416,7.153967264600253e-4
3966,587216.8761600065,517574.7746030838,T,16.611408071113637,0.00820596635914264,0.0905867890983152,16.611408071113637,0.00820596635914264
3967,587217.1642167286,517574.7746030838,T,16.620155943445376,0.04264939544881508,0.20651730060412635,16.620155943445376,0.04264939544881508
3968,587217.4522734508,517574.7746030838,T,16.621478997113222,0.09923546064211508,0.3150166037562387,16.621478997113222,0.09923546064211508
3969,587217.7403301729,517574.7746030838,T,16.615425315919627,0.16860105675960826,0.4106105901698205,16.615425315919627,0.16860105675960826
3970,587218.0283868952,517574.7746030838,T,16.603334494961423,0.23962193504192408,0.48951193554593136,16.603334494961423,0.23962193504192408
3971,587206.2180612867,517575.062659806,T,16.490243527692872,0.4326945781889573,0.6577952403209963,16.490243527692872,0.4326945781889573
3972,587206.506118009,517575.062659806,T,16.47880041525964,0.4278238491477809,0.654082448279864,16.47880041525964,0.4278238491477809
3973,587206.7941747311,517575.062659806,T,16.45944764722211,0.4199342909144436,0.6480233721976728,16.45944764722211,0.4199342909144436
3974,587207.0822314533,517575.062659806,T,16.430254164797386,0.40748398224398225,0.6383447205421082,16.430254164797386,0.40748398224398225
3975,587207.3702881754,517575.062659806,T,16.390527371963596,0.38856712697486534,0.6233515276109182,16.390527371963596,0.38856712697486534
3976,587207.6583448976,517575.062659806,T,16.341520677934387,0.36119621683588965,0.6009960206489637,16.341520677934387,0.36119621683588965
3977,587207.9464016197,517575.062659806,T,16.2867010174257,0.32383207076734155,0.569062448916937,16.2867010174257,0.32383207076734155
3978,587208.2344583418,517575.062659806,T,16.231319671063776,0.2760919810998208,0.5254445556857743,16.231319671063776,0.2760919810998208
3979,587208.522515064,517575.062659806,T,16.181285139393662,0.21946586138021884,0.46847183627217,16.181285139393662,0.21946586138021884
3980,587208.8105717861,517575.062659806,T,16.14166779829827,0.1578111819641521,0.3972545556241641,16.14166779829827,0.1578111819641521
3981,587209.0986285083,517575.062659806,T,16.11540199457291,0.09736274459793687,0.3120300379738093,16.11540199457291,0.09736274459793687
3982,587209.3866852304,517575.062659806,T,16.102735888034537,0.045993004460300246,0.21445979683917507,16.102735888034537,0.045993004460300246
3983,587209.6747419527,517575.062659806,T,16.101676817182767,0.011622324803078293,0.10780688662176592,16.101676817182767,0.011622324803078293
3984,587209.9627986748,517575.062659806,T,16.109221417897093,1.1175175340133488e-4,0.010571270188645019,16.109221417897093,1.1175175340133488e-4
3985,587210.250855397,517575.062659806,T,16.122785104193806,0.013460067901313448,0.11601753273239976,16.122785104193806,0.013460067901313448
3986,587210.5389121191,517575.062659806,T,16.14116490838501,0.04918763834908652,0.22178286306449946,16.14116490838501,0.04918763834908652
3987,587210.8269688413,517575.062659806,T,16.16463138123053,0.10120632617189118,0.3181294173318324,16.16463138123053,0.10120632617189118
3988,587211.1150255634,517575.062659806,T,16.19420138143632,0.16166909022900722,0.4020809498459324,16.19420138143632,0.16166909022900722
3989,587211.4030822855,517575.062659806,T,16.23053994364244,0.222919221604929,0.47214322149632626,16.23053994364244,0.222919221604929
3990,587211.6911390077,517575.062659806,T,16.273070363253606,0.27889448843807324,0.5281046188380416,16.273070363253606,0.27889448843807324
3991,587211.9791957298,517575.062659806,T,16.319696962990356,0.3257963751041159,0.5707857523660834,16.319696962990356,0.3257963751041159
3992,587212.2672524521,517575.062659806,T,16.367196562641915,0.3621112863644571,0.6017568332511539,16.367196562641915,0.3621112863644571
3993,587212.5553091742,517575.062659806,T,16.41201932743662,0.38814570455443265,0.6230134064002416,16.41201932743662,0.38814570455443265
3994,587212.8433658964,517575.062659806,T,16.451111632658083,0.40527500298572805,0.636612129153795,16.451111632658083,0.40527500298572805
3995,587213.1314226185,517575.062659806,T,16.48245822759054,0.41514714338080594,0.644319131627182,16.48245822759054,0.41514714338080594
3996,587213.4194793407,517575.062659806,T,16.505246273158477,0.41905149709574313,0.6473418703403505,16.505246273158477,0.41905149709574313
3997,587213.7075360628,517575.062659806,T,16.51974510307173,0.4175476364105013,0.646179260275739,16.51974510307173,0.4175476364105013
3998,587213.995592785,517575.062659806,T,16.52707731804659,0.4103414563882603,0.640579000895487,16.52707731804659,0.4103414563882603
3999,587214.2836495071,517575.062659806,T,16.529014670381805,0.39637358506238507,0.629582071744729,16.529014670381805,0.39637358506238507
4000,587214.5717062292,517575.062659806,T,16.527822301322853,0.3741211745192338,0.6116544567966736,16.527822301322853,0.3741211745192338
4001,587214.8597629514,517575.062659806,T,16.526079484910433,0.3421180604642945,0.5849085915459735,16.526079484910433,0.3421180604642945
4002,587215.1478196735,517575.062659806,T,16.52638424218214,0.2996256150993655,0.5473806857200623,16.52638424218214,0.2996256150993655
4003,587215.4358763958,517575.062659806,T,16.5309128855312,0.24730402299620263,0.4972967152477509,16.5309128855312,0.24730402299620263
4004,587215.7239331179,517575.062659806,T,16.540913981320603,0.1877444678151106,0.43329489705639346,16.540913981320603,0.1877444678151106
4005,587216.0119898401,517575.062659806,T,16.556304581793576,0.12579942124452137,0.3546821411412215,16.556304581793576,0.12579942124452137
4006,587216.3000465622,517575.062659806,T,16.57554992493255,0.06860642873771286,0.26192828930398654,16.57554992493255,0.06860642873771286
4007,587216.5881032844,517575.062659806,T,16.59592962674862,0.02497100117764542,0.1580221540722864,16.59592962674862,0.02497100117764542
4008,587216.8761600065,517575.062659806,T,16.61415446812757,0.0036754987880845617,0.060625892060113734,16.61415446812757,0.0036754987880845617
4009,587217.1642167286,517575.062659806,T,16.62716098857107,0.01076897536953793,0.10377367377874762,16.62716098857107,0.01076897536953793
4010,587217.4522734508,517575.062659806,T,16.632839333757104,0.04686953300731689,0.2164937250991744,16.632839333757104,0.04686953300731689
4011,587217.7403301729,517575.062659806,T,16.630475053120165,0.10610206579059107,0.3257331204998827,16.630475053120165,0.10610206579059107
4012,587218.0283868952,517575.062659806,T,16.620793859651464,0.17766955700266357,0.4215086677669435,16.620793859651464,0.17766955700266357
4013,587206.506118009,517575.35071652813,T,16.485879676057657,0.4334304032107561,0.6583543143405047,16.485879676057657,0.4334304032107561
4014,587206.7941747311,517575.35071652813,T,16.472486190746217,0.4290186997026996,0.654995190595091,16.472486190746217,0.4290186997026996
4015,587207.0822314533,517575.35071652813,T,16.451489433309373,0.42184190524288995,0.6494935759827729,16.451489433309373,0.42184190524288995
4016,587207.3702881754,517575.35071652813,T,16.421686340524502,0.41045399383755427,0.640666835287698,16.421686340524502,0.41045399383755427
4017,587207.6583448976,517575.35071652813,T,16.38316705046843,0.3930295273769468,0.6269206707207434,16.38316705046843,0.3930295273769468
4018,587207.9464016197,517575.35071652813,T,16.337737900817768,0.3675839335427553,0.6062870059161382,16.337737900817768,0.3675839335427553
4019,587208.2344583418,517575.35071652813,T,16.288868864474722,0.3324211794260443,0.5765597795771435,16.288868864474722,0.3324211794260443
4020,587208.522515064,517575.35071652813,T,16.241046829904548,0.2867931669341761,0.5355307338838511,16.241046829904548,0.2867931669341761
4021,587208.8105717861,517575.35071652813,T,16.198674327663046,0.2316712907486848,0.4813224394817728,16.198674327663046,0.2316712907486848
4022,587209.0986285083,517575.35071652813,T,16.164910313658098,0.17041109253612122,0.41280878447063263,16.164910313658098,0.17041109253612122
4023,587209.3866852304,517575.35071652813,T,16.140952331353635,0.10894782268208288,0.33007245065603835,16.140952331353635,0.10894782268208288
4024,587209.6747419527,517575.35071652813,T,16.126110909609594,0.05512866088173451,0.2347949336798699,16.126110909609594,0.05512866088173451
4025,587209.9627986748,517575.35071652813,T,16.118665861623796,0.017067928471810146,0.13064428220098323,16.118665861623796,0.017067928471810146
4026,587210.250855397,517575.35071652813,T,16.117097039930233,9.841017981925364e-4,0.031370396844677254,16.117097039930233,9.841017981925364e-4
4027,587210.5389121191,517575.35071652813,T,16.121072608463056,0.009429072715117802,0.09710341247926255,16.121072608463056,0.009429072715117802
4028,587210.8269688413,517575.35071652813,T,16.131689394624928,0.040691596569385494,0.20172158181361133,16.131689394624928,0.040691596569385494
4029,587211.1150255634,517575.35071652813,T,16.15084389861804,0.08950145093661606,0.2991679309963153,16.15084389861804,0.08950145093661606
4030,587211.4030822855,517575.35071652813,T,16.180059607427825,0.14854460657136825,0.3854148499621781,16.180059607427825,0.14854460657136825
4031,587211.6911390077,517575.35071652813,T,16.21936106774492,0.2101583763912008,0.4584303397368032,16.21936106774492,0.2101583763912008
4032,587211.9791957298,517575.35071652813,T,16.266734035344975,0.26778256485981883,0.5174771153005887,16.266734035344975,0.26778256485981883
4033,587212.2672524521,517575.35071652813,T,16.31839484989673,0.316931385532775,0.562966593620594,16.31839484989673,0.316931385532775
4034,587212.5553091742,517575.35071652813,T,16.36970204465211,0.35552874033322135,0.5962623083284917,16.36970204465211,0.35552874033322135
4035,587212.8433658964,517575.35071652813,T,16.41628644402602,0.38357987814199557,0.6193382582579535,16.41628644402602,0.38357987814199557
4036,587213.1314226185,517575.35071652813,T,16.454958578628258,0.4023813784777129,0.6343353832774212,16.454958578628258,0.4023813784777129
4037,587213.4194793407,517575.35071652813,T,16.484137374140396,0.4136262891084162,0.6431378461173127,16.484137374140396,0.4136262891084162
4038,587213.7075360628,517575.35071652813,T,16.503798610468923,0.41870500428470103,0.6470741876204776,16.503798610468923,0.41870500428470103
4039,587213.995592785,517575.35071652813,T,16.515126336118954,0.41831121107475266,0.6467698285130133,16.515126336118954,0.41831121107475266
4040,587214.2836495071,517575.35071652813,T,16.520093713944515,0.41231241554109593,0.6421155780240002,16.520093713944515,0.41231241554109593
4041,587214.5717062292,517575.35071652813,T,16.521118946093637,0.3998184765485148,0.6323120088599574,16.521118946093637,0.3998184765485148
4042,587214.8597629514,517575.35071652813,T,16.520813538502402,0.37942435438574146,0.6159743130892241,16.520813538502402,0.37942435438574146
4043,587215.1478196735,517575.35071652813,T,16.52174797870767,0.34962456927556473,0.5912905963023298,16.52174797870767,0.34962456927556473
4044,587215.4358763958,517575.35071652813,T,16.526151327803674,0.30937660069906314,0.5562163254517645,16.526151327803674,0.30937660069906314
4045,587215.7239331179,517575.35071652813,T,16.535530272336555,0.2587795457486424,0.5087037897919008,16.535530272336555,0.2587795457486424
4046,587216.0119898401,517575.35071652813,T,16.550291387140014,0.19984374500022356,0.4470388629640868,16.550291387140014,0.19984374500022356
4047,587216.3000465622,517575.35071652813,T,16.56951583632491,0.1372426510042856,0.37046275251944777,16.56951583632491,0.1372426510042856
4048,587216.5881032844,517575.35071652813,T,16.591025491866798,0.07865351571631703,0.28045234125661533,16.591025491866798,0.07865351571631703
4049,587216.8761600065,517575.35071652813,T,16.6117906761048,0.03400021822306866,0.18439148088528565,16.6117906761048,0.03400021822306866
4050,587217.1642167286,517575.35071652813,T,16.628600853094852,0.01311183781562354,0.11450693348275265,16.628600853094852,0.01311183781562354
4051,587217.4522734508,517575.35071652813,T,16.638810710977893,0.02226825863287151,0.14922552942734535,16.638810710977893,0.02226825863287151
4052,587217.7403301729,517575.35071652813,T,16.640936645449003,0.061254943869510796,0.24749736133848133,16.640936645449003,0.061254943869510796
4053,587206.7941747311,517575.6387732503,T,16.482110667255725,0.43408930925248446,0.6588545433193008,16.482110667255725,0.43408930925248446
4054,587207.0822314533,517575.6387732503,T,16.46771271142807,0.43009440819619177,0.6558158340541892,16.46771271142807,0.43009440819619177
4055,587207.3702881754,517575.6387732503,T,16.446423232991645,0.42357604412284494,0.6508271998947531,16.446423232991645,0.42357604412284494
4056,587207.6583448976,517575.6387732503,T,16.417652496475608,0.41318618927479583,0.642795604585778,16.417652496475608,0.41318618927479583
4057,587207.9464016197,517575.6387732503,T,16.381996275045527,0.3971798990231608,0.6302221029313085,16.381996275045527,0.3971798990231608
4058,587208.2344583418,517575.6387732503,T,16.34139556751919,0.37357442431844906,0.611207349692761,16.34139556751919,0.37357442431844906
4059,587208.522515064,517575.6387732503,T,16.298855909949587,0.34053028075830477,0.583549724323733,16.298855909949587,0.34053028075830477
4060,587208.8105717861,517575.6387732503,T,16.25773418531502,0.2969883473694056,0.5449663726959725,16.25773418531502,0.2969883473694056
4061,587209.0986285083,517575.6387732503,T,16.220827324808408,0.2434988460438416,0.4934560224010257,16.220827324808408,0.2434988460438416
4062,587209.3866852304,517575.6387732503,T,16.189657939283162,0.18299374451634198,0.42777768118070625,16.189657939283162,0.18299374451634198
4063,587209.6747419527,517575.6387732503,T,16.16432793698677,0.12106393434469503,0.3479424296413058,16.16432793698677,0.12106393434469503
4064,587209.9627986748,517575.6387732503,T,16.14406956827745,0.06532136891634899,0.2555804548793765,16.14406956827745,0.06532136891634899
4065,587210.250855397,517575.6387732503,T,16.128262823703324,0.02380936682967077,0.15430284128839225,16.128262823703324,0.02380936682967077
4066,587210.5389121191,517575.6387732503,T,16.11740308565995,0.0029871230693025628,0.0546545795821591,16.11740308565995,0.0029871230693025628
4067,587210.8269688413,517575.6387732503,T,16.11347300346955,0.006096537873243046,0.07808032961792007,16.11347300346955,0.006096537873243046
4068,587211.1150255634,517575.6387732503,T,16.119443827065204,0.0324714483118464,0.18019835823848784,16.119443827065204,0.0324714483118464
4069,587211.4030822855,517575.6387732503,T,16.13807255488966,0.07784692283933912,0.2790106142055157,16.13807255488966,0.07784692283933912
4070,587211.6911390077,517575.6387732503,T,16.17053277995472,0.13542007693721145,0.3679946697130428,16.17053277995472,0.13542007693721145
4071,587211.9791957298,517575.6387732503,T,16.215514286894546,0.19737610819351498,0.44427030982670335,16.215514286894546,0.19737610819351498
4072,587212.2672524521,517575.6387732503,T,16.269202051526513,0.25655558132737344,0.5065131600732339,16.269202051526513,0.25655558132737344
4073,587212.5553091742,517575.6387732503,T,16.32613224961132,0.307806662299369,0.5548032644995602,16.32613224961132,0.307806662299369
4074,587212.8433658964,517575.6387732503,T,16.380546177263167,0.34857796739465124,0.5904049181660425,16.380546177263167,0.34857796739465124
4075,587213.1314226185,517575.6387732503,T,16.427704418831798,0.3786299122867669,0.6153291089220198,16.427704418831798,0.3786299122867669
4076,587213.4194793407,517575.6387732503,T,16.46472740113294,0.39916604602575595,0.6317958895290123,16.46472740113294,0.39916604602575595
4077,587213.7075360628,517575.6387732503,T,16.49079881566589,0.4118683031765101,0.6417696652043551,16.49079881566589,0.4118683031765101
4078,587213.995592785,517575.6387732503,T,16.50684509685794,0.4181781383157841,0.6466669454331063,16.50684509685794,0.4181781383157841
4079,587214.2836495071,517575.6387732503,T,16.51495838807072,0.418904957111529,0.6472286745127482,16.51495838807072,0.418904957111529
4080,587214.5717062292,517575.6387732503,T,16.517822994737706,0.41408575602980563,0.6434949541603303,16.517822994737706,0.41408575602980563
4081,587214.8597629514,517575.6387732503,T,16.518284985266394,0.4030111530811704,0.6348315942682519,16.518284985266394,0.4030111530811704
4082,587215.1478196735,517575.6387732503,T,16.519062755311477,0.3843882752440319,0.6199905444795363,16.519062755311477,0.3843882752440319
4083,587215.4358763958,517575.6387732503,T,16.522512344058097,0.3566549815271986,0.597205979145553,16.522512344058097,0.3566549815271986
4084,587215.7239331179,517575.6387732503,T,16.530366885276795,0.3184893145009746,0.5643485753512404,16.530366885276795,0.3184893145009746
4085,587216.0119898401,517575.6387732503,T,16.543443730179046,0.2695819984213028,0.5192128642679251,16.543443730179046,0.2695819984213028
4086,587216.3000465622,517575.6387732503,T,16.561401091787932,0.21168266129922808,0.46008984046512924,16.561401091787932,0.21168266129922808
4087,587216.5881032844,517575.6387732503,T,16.582671816626256,0.14966226729411675,0.386862077870288,16.582671816626256,0.14966226729411675
4088,587216.8761600065,517575.6387732503,T,16.604674154154637,0.09190221319140193,0.30315377812490135,16.604674154154637,0.09190221319140193
4089,587217.1642167286,517575.6387732503,T,16.624306904423268,0.04913739817221059,0.221669569792993,16.624306904423268,0.04913739817221059
4090,587217.4522734508,517575.6387732503,T,16.638621962383414,0.03145741096211413,0.17736237188906256,16.638621962383414,0.03145741096211413
4091,587207.0822314533,517575.9268299724,T,16.479404852837007,0.4346804997054656,0.6593030408738197,16.479404852837007,0.4346804997054656
4092,587207.3702881754,517575.9268299724,T,16.46491888687158,0.43106613093578866,0.6565562663898569,16.46491888687158,0.43106613093578866
4093,587207.6583448976,517575.9268299724,T,16.44448295334031,0.42515629859321297,0.6520401050496917,16.44448295334031,0.42515629859321297
4094,587207.9464016197,517575.9268299724,T,16.417937590413008,0.41569679518914404,0.6447455274673443,16.417937590413008,0.41569679518914404
4095,587208.2344583418,517575.9268299724,T,16.386079491892794,0.40101890568872933,0.6332605353949742,16.386079491892794,0.40101890568872933
4096,587208.522515064,517575.9268299724,T,16.35061276155091,0.37914846204059577,0.6157503244340159,16.35061276155091,0.37914846204059577
4097,587208.8105717861,517575.9268299724,T,16.313751307385026,0.34814091949829684,0.5900346765218947,16.313751307385026,0.34814091949829684
4098,587209.0986285083,517575.9268299724,T,16.277579909586976,0.3067051624388559,0.5538096807016432,16.277579909586976,0.3067051624388559
4099,587209.3866852304,517575.9268299724,T,16.243450118046134,0.25505375039525174,0.5050284649356428,16.243450118046134,0.25505375039525174
4100,587209.6747419527,517575.9268299724,T,16.21174407543686,0.19570088232784819,0.44238092446199373,16.21174407543686,0.19570088232784819
4101,587209.9627986748,517575.9268299724,T,16.182210852644022,0.1337616208173292,0.3657343582674852,16.182210852644022,0.1337616208173292
4102,587210.250855397,517575.9268299724,T,16.154792924686898,0.0763979287500189,0.27640175243659165,16.154792924686898,0.0763979287500189
4103,587210.5389121191,517575.9268299724,T,16.130553993386,0.03144646344441402,0.17733150719602545,16.130553993386,0.03144646344441402
4104,587210.8269688413,517575.9268299724,T,16.112177984007324,0.005676710500277123,0.07534394800033459,16.112177984007324,0.005676710500277123
4105,587211.1150255634,517575.9268299724,T,16.10364884143785,0.003237913116260929,0.05690266352518948,16.10364884143785,0.003237913116260929
4106,587211.4030822855,517575.9268299724,T,16.10910158230829,0.02466928078407374,0.15706457520419345,16.10910158230829,0.02466928078407374
4107,587211.6911390077,517575.9268299724,T,16.131265614583118,0.06666970831430469,0.2582047798053024,16.131265614583118,0.06666970831430469
4108,587211.9791957298,517575.9268299724,T,16.17016493657996,0.12276849802007186,0.35038335865173714,16.17016493657996,0.12276849802007186
4109,587212.2672524521,517575.9268299724,T,16.22265671675467,0.18487604646624717,0.42997214615163987,16.22265671675467,0.18487604646624717
4110,587212.5553091742,517575.9268299724,T,16.283022287184327,0.24528407322799603,0.49526162099237614,16.283022287184327,0.24528407322799603
4111,587212.8433658964,517575.9268299724,T,16.344369303834537,0.29833885817725314,0.5462040444534013,16.344369303834537,0.29833885817725314
4112,587213.1314226185,517575.9268299724,T,16.400291724103685,0.34114572156709133,0.584076811358824,16.400291724103685,0.34114572156709133
4113,587213.4194793407,517575.9268299724,T,16.446199877994722,0.37323397873697306,0.6109287836867511,16.446199877994722,0.37323397873697306
4114,587213.7075360628,517575.9268299724,T,16.479953159794334,0.39563433607273524,0.6289947027382148,16.479953159794334,0.39563433607273524
4115,587213.995592785,517575.9268299724,T,16.501757751247556,0.4099224386281416,0.6402518556225679,16.501757751247556,0.4099224386281416
4116,587214.2836495071,517575.9268299724,T,16.51356082028776,0.41753599611138037,0.646170253192903,16.51356082028776,0.41753599611138037
4117,587214.5717062292,517575.9268299724,T,16.5182759970588,0.41939200435033996,0.6476048211296299,16.5182759970588,0.41939200435033996
4118,587214.8597629514,517575.9268299724,T,16.519110482209722,0.41571048587216036,0.6447561445012838,16.519110482209722,0.41571048587216036
4119,587215.1478196735,517575.9268299724,T,16.51910867482154,0.4059711228318772,0.6371586323921832,16.51910867482154,0.4059711228318772
4120,587215.4358763958,517575.9268299724,T,16.520879870898614,0.38899113833576265,0.6236915410166813,16.520879870898614,0.38899113833576265
4121,587215.7239331179,517575.9268299724,T,16.526407526927787,0.3631720536219614,0.602637580658526,16.526407526927787,0.3631720536219614
4122,587216.0119898401,517575.9268299724,T,16.536859183058155,0.32702167505772795,0.5718580899643966,16.536859183058155,0.32702167505772795
4123,587216.3000465622,517575.9268299724,T,16.55239498277012,0.28007178720699727,0.5292180904003541,16.55239498277012,0.28007178720699727
4124,587216.5881032844,517575.9268299724,T,16.572051473987774,0.22415173850447218,0.4734466585630024,16.572051473987774,0.22415173850447218
4125,587216.8761600065,517575.9268299724,T,16.59380642851684,0.16456509675701825,0.40566623812811714,16.59380642851684,0.16456509675701825
4126,587217.1642167286,517575.9268299724,T,16.614890547018216,0.11026915557560149,0.3320679984214099,16.614890547018216,0.11026915557560149
4127,587207.6583448976,517576.21488669456,T,16.464169500843244,0.43194628715575645,0.6572262069909846,16.464169500843244,0.43194628715575645
4128,587207.9464016197,517576.21488669456,T,16.445402373179824,0.4265961372515116,0.6531432746737209,16.445402373179824,0.4265961372515116
4129,587208.2344583418,517576.21488669456,T,16.421739376717827,0.41799536666296083,0.6465256117610197,16.421739376717827,0.41799536666296083
4130,587208.522515064,517576.21488669456,T,16.393897277664696,0.40455063766170934,0.6360429526861447,16.393897277664696,0.40455063766170934
4131,587208.8105717861,517576.21488669456,T,16.363069528566744,0.3843158305654497,0.6199321177076162,16.363069528566744,0.3843158305654497
4132,587209.0986285083,517576.21488669456,T,16.330523634583336,0.3552930331759857,0.5960646216443195,16.330523634583336,0.3552930331759857
4133,587209.3866852304,517576.21488669456,T,16.297147794334922,0.3160281864873457,0.5621638430985629,16.297147794334922,0.3160281864873457
4134,587209.6747419527,517576.21488669456,T,16.2632128195247,0.26642904219095614,0.516167649306847,16.2632128195247,0.26642904219095614
4135,587209.9627986748,517576.21488669456,T,16.22857553754883,0.2085323161234005,0.4566533872899669,16.22857553754883,0.2085323161234005
4136,587210.250855397,517576.21488669456,T,16.193349962000507,0.14683842788298207,0.38319502591106536,16.193349962000507,0.14683842788298207
4137,587210.5389121191,517576.21488669456,T,16.158788662368302,0.08795096893996367,0.29656528613437494,16.158788662368302,0.08795096893996367
4138,587210.8269688413,517576.21488669456,T,16.127905420257935,0.03953722422552478,0.19883969479338068,16.127905420257935,0.03953722422552478
4139,587211.1150255634,517576.21488669456,T,16.105382669674473,0.008840884378223925,0.09402597714580756,16.105382669674473,0.008840884378223925
4140,587211.4030822855,517576.21488669456,T,16.096586173734874,0.0010381580157893236,0.0322204595837695,16.096586173734874,0.0010381580157893236
4141,587211.6911390077,517576.21488669456,T,16.105939928831308,0.0177937022539018,0.1333930367519302,16.105939928831308,0.0177937022539018
4142,587211.9791957298,517576.21488669456,T,16.135273239597215,0.05653302014878688,0.23776673473971685,16.135273239597215,0.05653302014878688
4143,587212.2672524521,517576.21488669456,T,16.182835039986116,0.11093871984645254,0.3330746460576856,16.182835039986116,0.11093871984645254
4144,587212.5553091742,517576.21488669456,T,16.243417838368657,0.17269822755657013,0.41556976256288203,16.243417838368657,0.17269822755657013
4145,587212.8433658964,517576.21488669456,T,16.309569250428662,0.23379854302624706,0.48352718954185714,16.309569250428662,0.23379854302624706
4146,587213.1314226185,517576.21488669456,T,16.37342845470628,0.2883262664241967,0.5369602093490696,16.37342845470628,0.2883262664241967
4147,587213.4194793407,517576.21488669456,T,16.42851822303826,0.333124572014805,0.5771694482687082,16.42851822303826,0.333124572014805
4148,587213.7075360628,517576.21488669456,T,16.470922819779542,0.36740535699034,0.6061397173839873,16.470922819779542,0.36740535699034
4149,587213.995592785,517576.21488669456,T,16.499600058550413,0.39187758153543273,0.6260012632059401,16.499600058550413,0.39187758153543273
4150,587214.2836495071,517576.21488669456,T,16.51593300436588,0.4079019604697758,0.6386720288769313,16.51593300436588,0.4079019604697758
4151,587214.5717062292,517576.21488669456,T,16.522859625422377,0.4168780123020084,0.6456609112390252,16.522859625422377,0.4168780123020084
4152,587214.8597629514,517576.21488669456,T,16.52395676569264,0.41984518352517575,0.6479546153282464,16.52395676569264,0.41984518352517575
4153,587215.1478196735,517576.21488669456,T,16.52273374900978,0.41723080129741535,0.6459340533656787,16.52273374900978,0.41723080129741535
4154,587215.4358763958,517576.21488669456,T,16.522209247690775,0.4087169618937532,0.6393097542613856,16.522209247690775,0.4087169618937532
4155,587215.7239331179,517576.21488669456,T,16.524701884784367,0.39324801336713633,0.6270948998095395,16.524701884784367,0.39324801336713633
4156,587216.0119898401,517576.21488669456,T,16.531714526096874,0.3692576432281565,0.6076657331363654,16.531714526096874,0.3692576432281565
4157,587216.3000465622,517576.21488669456,T,16.54383083799582,0.33525567418619356,0.5790126718701358,16.54383083799582,0.33525567418619356
4158,587216.5881032844,517576.21488669456,T,16.560625247515055,0.2908860780453773,0.5393385560530392,16.560625247515055,0.2908860780453773
4159,587216.8761600065,517576.21488669456,T,16.580656756565023,0.23830765439703583,0.48816764988785954,16.580656756565023,0.23830765439703583
4160,587207.9464016197,517576.50294341677,T,16.465216629373796,0.43274438704692475,0.6578330996893701,16.465216629373796,0.43274438704692475
4161,587208.2344583418,517576.50294341677,T,16.44855140186445,0.4279058717305714,0.6541451457670319,16.44855140186445,0.4279058717305714
4162,587208.522515064,517576.50294341677,T,16.427906632647172,0.42009326423033294,0.6481460207625539,16.427906632647172,0.42009326423033294
4163,587208.8105717861,517576.50294341677,T,16.403703086075787,0.40779383120230994,0.6385873716276497,16.403703086075787,0.40779383120230994
4164,587209.0986285083,517576.50294341677,T,16.376477033562946,0.3891153324172344,0.6237910967761838,16.376477033562946,0.3891153324172344
4165,587209.3866852304,517576.50294341677,T,16.346568800970307,0.36205081160109936,0.601706582647306,16.346568800970307,0.36205081160109936
4166,587209.6747419527,517576.50294341677,T,16.31392441004084,0.325018155750538,0.5701036359737921,16.31392441004084,0.325018155750538
4167,587209.9627986748,517576.50294341677,T,16.27822233893087,0.2776055475376683,0.5268828594077324,16.27822233893087,0.2776055475376683
4168,587210.250855397,517576.50294341677,T,16.239419501745505,0.2213028727060853,0.4704283927507834,16.239419501745505,0.2213028727060853
4169,587210.5389121191,517576.50294341677,T,16.19857760586089,0.15993688396797703,0.39992109717790214,16.19857760586089,0.15993688396797703
4170,587210.8269688413,517576.50294341677,T,16.158592879612364,0.0995924857826091,0.3155827716821834,16.158592879612364,0.0995924857826091
4171,587211.1150255634,517576.50294341677,T,16.124360363919326,0.047904699950616414,0.2188714233302658,16.124360363919326,0.047904699950616414
4172,587211.4030822855,517576.50294341677,T,16.102059734307286,0.012685694623797455,0.1126307889690801,16.102059734307286,0.012685694623797455
4173,587211.6911390077,517576.50294341677,T,16.09762247203666,2.991090642742693e-5,0.00546908643444469,16.09762247203666,2.991090642742693e-5
4174,587211.9791957298,517576.50294341677,T,16.11485966155136,0.012428347962125079,0.11148250069910111,16.11485966155136,0.012428347962125079
4175,587212.2672524521,517576.50294341677,T,16.153969985529493,0.0477669804975883,0.21855658420095309,16.153969985529493,0.0477669804975883
4176,587212.5553091742,517576.50294341677,T,16.211059966086534,0.09988557812184107,0.31604679736051916,16.211059966086534,0.09988557812184107
4177,587212.8433658964,517576.50294341677,T,16.27891694306687,0.1605405071150117,0.40067506425408067,16.27891694306687,0.1605405071150117
4178,587213.1314226185,517576.50294341677,T,16.348768779099117,0.2217771256968957,0.47093218800257824,16.348768779099117,0.2217771256968957
4179,587213.4194793407,517576.50294341677,T,16.412389982310653,0.2776109306191664,0.526887967806408,16.412389982310653,0.2776109306191664
4180,587213.7075360628,517576.50294341677,T,16.463838660210612,0.3245628702907832,0.5697041954302102,16.463838660210612,0.3245628702907832
4181,587213.995592785,517576.50294341677,T,16.500335871002292,0.3613285977105445,0.601106145127917,16.500335871002292,0.3613285977105445
4182,587214.2836495071,517576.50294341677,T,16.522185314536763,0.3881159622595865,0.6229895362360323,16.522185314536763,0.3881159622595865
4183,587214.5717062292,517576.50294341677,T,16.531981547449757,0.40599342472569216,0.6371761332046989,16.531981547449757,0.40599342472569216
4184,587214.8597629514,517576.50294341677,T,16.533527856754283,0.4163337474335423,0.6452392947066555,16.533527856754283,0.4163337474335423
4185,587215.1478196735,517576.50294341677,T,16.530850929350798,0.42034330473404474,0.6483388810907801,16.530850929350798,0.42034330473404474
4186,587215.4358763958,517576.50294341677,T,16.52752858150741,0.4186920162118628,0.6470641515428457,16.52752858150741,0.4186920162118628
4187,587215.7239331179,517576.50294341677,T,16.526351056693105,0.41128598002735384,0.6413158192555005,16.526351056693105,0.41128598002735384
4188,587216.0119898401,517576.50294341677,T,16.529207337232886,0.3972356476266139,0.6302663307099736,16.529207337232886,0.3972356476266139
4189,587216.3000465622,517576.50294341677,T,16.5370612864794,0.37510958168398395,0.6124619022306481,16.5370612864794,0.37510958168398395
4190,587216.5881032844,517576.50294341677,T,16.549937798899446,0.34360631220819104,0.5861794198094906,16.549937798899446,0.34360631220819104
4191,587208.2344583418,517576.7910001389,T,16.467601396144925,0.4334682968758289,0.658383092793116,16.467601396144925,0.4334682968758289
4192,587208.522515064,517576.7910001389,T,16.453109224818864,0.4290961237734542,0.6550542907068498,16.453109224818864,0.4290961237734542
4193,587208.8105717861,517576.7910001389,T,16.435195932728266,0.42200762873558023,0.6496211424634979,16.435195932728266,0.42200762873558023
4194,587209.0986285083,517576.7910001389,T,16.41386008622798,0.410778778535192,0.6409202591080985,16.41386008622798,0.410778778535192
4195,587209.3866852304,517576.7910001389,T,16.38896722259752,0.3935920963853044,0.6273691866718546,16.38896722259752,0.3935920963853044
4196,587209.6747419527,517576.7910001389,T,16.360098189063155,0.3684541926706098,0.6070042773083315,16.360098189063155,0.3684541926706098
4197,587209.9627986748,517576.7910001389,T,16.326628573745758,0.33365702482300036,0.5776305262215635,16.326628573745758,0.33365702482300036
4198,587210.250855397,517576.7910001389,T,16.288166486159337,0.2884437957532913,0.5370696377131101,16.288166486159337,0.2884437957532913
4199,587210.5389121191,517576.7910001389,T,16.245306219371507,0.23374183044809113,0.48346854132207107,16.245306219371507,0.23374183044809113
4200,587210.8269688413,517576.7910001389,T,16.200427290698055,0.1727603773435762,0.4156445324355611,16.200427290698055,0.1727603773435762
4201,587211.1150255634,517576.7910001389,T,16.158107667249357,0.11119874778134985,0.33346476242828094,16.158107667249357,0.11119874778134985
4202,587211.4030822855,517576.7910001389,T,16.12475431771478,0.05675557727358212,0.23823429071731492,16.12475431771478,0.05675557727358212
4203,587211.6911390077,517576.7910001389,T,16.107325969257257,0.017708320123512027,0.13307261222171912,16.107325969257257,0.017708320123512027
4204,587211.9791957298,517576.7910001389,T,16.11143716995559,7.397805180217614e-4,0.02719890655930421,16.11143716995559,7.397805180217614e-4
4205,587212.2672524521,517576.7910001389,T,16.13948737601378,0.008813377027515355,0.09387958791726429,16.13948737601378,0.008813377027515355
4206,587212.5553091742,517576.7910001389,T,16.189552044693727,0.040186308453056235,0.20046523003517652,16.189552044693727,0.040186308453056235
4207,587212.8433658964,517576.7910001389,T,16.255525918611458,0.08913492872017847,0.29855473320679154,16.255525918611458,0.08913492872017847
4208,587213.1314226185,517576.7910001389,T,16.328523304080747,0.14794031175789626,0.384630097311555,16.328523304080747,0.14794031175789626
4209,587213.4194793407,517576.7910001389,T,16.39904744160296,0.2090212016404588,0.4571883656005026,16.39904744160296,0.2090212016404588
4210,587213.7075360628,517576.7910001389,T,16.45917347264131,0.26632506825054647,0.5160669222596489,16.45917347264131,0.26632506825054647
4211,587213.995592785,517576.7910001389,T,16.504054720790162,0.3158195731983984,0.5619782675499101,16.504054720790162,0.3158195731983984
4212,587214.2836495071,517576.7910001389,T,16.53239590680066,0.35542414951146734,0.5961745964996055,16.53239590680066,0.35542414951146734
4213,587214.5717062292,517576.7910001389,T,16.545956112219827,0.38470654836443996,0.6202471671555139,16.545956112219827,0.38470654836443996
4214,587214.8597629514,517576.7910001389,T,16.54845570300708,0.40444254735841767,0.6359579760946612,16.54845570300708,0.40444254735841767
4215,587215.1478196735,517576.7910001389,T,16.54435840190014,0.41604796663727844,0.6450178033490847,16.54435840190014,0.41604796663727844
4216,587215.4358763958,517576.7910001389,T,16.537894911562898,0.42096459512568263,0.6488178443335869,16.537894911562898,0.42096459512568263
4217,587215.7239331179,517576.7910001389,T,16.532485824484976,0.42014358566517007,0.6481848391201156,16.532485824484976,0.42014358566517007
4218,587216.0119898401,517576.7910001389,T,16.53052535987002,0.4137397717587284,0.6432260658265712,16.53052535987002,0.4137397717587284
4219,587216.3000465622,517576.7910001389,T,16.53338131777019,0.40107979707711877,0.6333086112450381,16.53338131777019,0.40107979707711877
4220,587216.5881032844,517576.7910001389,T,16.54146628283692,0.38097392459496005,0.6172308519467898,16.54146628283692,0.38097392459496005
4221,587208.522515064,517577.07905686105,T,16.470771816841104,0.43412544895019245,0.6588819689065656,16.470771816841104,0.43412544895019245
4222,587208.8105717861,517577.07905686105,T,16.45823803979012,0.4301789023668706,0.6558802500204367,16.45823803979012,0.4301789023668706
4223,587209.0986285083,517577.07905686105,T,16.44249853955569,0.4237585875507742,0.6509674243391709,16.44249853955569,0.4237585875507742
4224,587209.3866852304,517577.07905686105,T,16.42310075427732,0.4135344588720041,0.6430664498105962,16.42310075427732,0.4135344588720041
4225,587209.6747419527,517577.07905686105,T,16.399343157068603,0.39777208747397064,0.6306917531361661,16.399343157068603,0.39777208747397064
4226,587209.9627986748,517577.07905686105,T,16.37031817345624,0.3744934830732829,0.6119587266093056,16.37031817345624,0.3744934830732829
4227,587210.250855397,517577.07905686105,T,16.335248270153137,0.34185714451419963,0.5846855090680798,16.335248270153137,0.34185714451419963
4228,587210.5389121191,517577.07905686105,T,16.294142418530914,0.29876794119397065,0.5465966897027191,16.294142418530914,0.29876794119397065
4229,587210.8269688413,517577.07905686105,T,16.248608145116712,0.24565568596692544,0.4956366471185574,16.248608145116712,0.24565568596692544
4230,587211.1150255634,517577.07905686105,T,16.202463787976708,0.1852449786797403,0.4304009510674207,16.202463787976708,0.1852449786797403
4231,587211.4030822855,517577.07905686105,T,16.16173051314053,0.12296259702833655,0.35066023017778414,16.16173051314053,0.12296259702833655
4232,587211.6911390077,517577.07905686105,T,16.13373409449692,0.06650931655366626,0.2578940025546664,16.13373409449692,0.06650931655366626
4233,587211.9791957298,517577.07905686105,T,16.125395289349683,0.024321531212510173,0.1559536187861961,16.125395289349683,0.024321531212510173
4234,587212.2672524521,517577.07905686105,T,16.14119100620426,0.003269267623430353,0.057177509769404555,16.14119100620426,0.003269267623430353
4235,587212.5553091742,517577.07905686105,T,16.181517628408564,0.006595076707206665,0.08121007762098657,16.181517628408564,0.006595076707206665
4236,587212.8433658964,517577.07905686105,T,16.242126047720873,0.03313441283083022,0.1820286044302659,16.242126047720873,0.03313441283083022
4237,587213.1314226185,517577.07905686105,T,16.314921210928425,0.07808834455550982,0.27944291824182954,16.314921210928425,0.07808834455550982
4238,587213.4194793407,517577.07905686105,T,16.389892046398792,0.1346877963778831,0.3669983601841882,16.389892046398792,0.1346877963778831
4239,587213.7075360628,517577.07905686105,T,16.457508543489435,0.19581448103723412,0.4425093005093047,16.457508543489435,0.19581448103723412
4240,587213.995592785,517577.07905686105,T,16.510786972012237,0.25510846920837627,0.5050826360194699,16.510786972012237,0.25510846920837627
4241,587214.2836495071,517577.07905686105,T,16.546422514503735,0.30764184916969806,0.5546547116627587,16.546422514503735,0.30764184916969806
4242,587214.5717062292,517577.07905686105,T,16.5647980200734,0.3503384785896664,0.591893975801128,16.5647980200734,0.3503384785896664
4243,587214.8597629514,517577.07905686105,T,16.569092733003714,0.3821016462985234,0.6181437100695302,16.569092733003714,0.3821016462985234
4244,587215.1478196735,517577.07905686105,T,16.563961612283112,0.4035152020250329,0.6352284644323118,16.563961612283112,0.4035152020250329
4245,587215.4358763958,517577.07905686105,T,16.55426970290612,0.41615649501367347,0.6451019260656982,16.55426970290612,0.41615649501367347
4246,587215.7239331179,517577.07905686105,T,16.544199043012267,0.4217763767094899,0.6494431281563382,16.544199043012267,0.4217763767094899
4247,587216.0119898401,517577.07905686105,T,16.53681456048533,0.42163480496529343,0.6493341242883308,16.53681456048533,0.42163480496529343
4248,587216.3000465622,517577.07905686105,T,16.5339921295758,0.41615168821703813,0.6450982004447371,16.5339921295758,0.41615168821703813
4249,587208.8105717861,517577.3671135832,T,16.4741933690172,0.4347230084326525,0.6593352777097949,16.4741933690172,0.4347230084326525
4250,587209.0986285083,517577.3671135832,T,16.463226615796966,0.4311659354832496,0.6566322680795161,16.463226615796966,0.4311659354832496
4251,587209.3866852304,517577.3671135832,T,16.449001846706118,0.42536301068913207,0.6521985975829234,16.449001846706118,0.42536301068913207
4252,587209.6747419527,517577.3671135832,T,16.43067467410794,0.416076992351363,0.6450403028891784,16.43067467410794,0.416076992351363
4253,587209.9627986748,517577.3671135832,T,16.407165580784557,0.40165300164307466,0.6337609972561223,16.407165580784557,0.40165300164307466
4254,587210.250855397,517577.3671135832,T,16.37739801997282,0.38012320384877785,0.6165413237154326,16.37739801997282,0.38012320384877785
4255,587210.5389121191,517577.3671135832,T,16.340834893069054,0.34952235797733927,0.5912041593031457,16.340834893069054,0.34952235797733927
4256,587210.8269688413,517577.3671135832,T,16.298240706321117,0.3084747538743718,0.5554050358741554,16.298240706321117,0.3084747538743718
4257,587211.1150255634,517577.3671135832,T,16.252410878147337,0.25703301534277356,0.5069842357931591,16.252410878147337,0.25703301534277356
4258,587211.4030822855,517577.3671135832,T,16.20848012124696,0.19756148621723782,0.4444788928815831,16.20848012124696,0.19756148621723782
4259,587211.6911390077,517577.3671135832,T,16.173456303912637,0.13520965074865046,0.36770864927092817,16.173456303912637,0.13520965074865046
4260,587211.9791957298,517577.3671135832,T,16.1548695034584,0.07744640496087957,0.27829194196181745,16.1548695034584,0.07744640496087957
4261,587212.2672524521,517577.3671135832,T,16.15880791814781,0.03248377029760762,0.18023254505667843,16.15880791814781,0.03248377029760762
4262,587212.5553091742,517577.3671135832,T,16.187959498852745,0.00711556949077249,0.0843538350685521,16.187959498852745,0.00711556949077249
4263,587212.8433658964,517577.3671135832,T,16.24039802760879,0.004970250526362221,0.0705000037330653,16.24039802760879,0.004970250526362221
4264,587213.1314226185,517577.3671135832,T,16.309646498665543,0.025917192001378958,0.16098817348295794,16.309646498665543,0.025917192001378958
4265,587213.4194793407,517577.3671135832,T,16.386085568442557,0.06657145051212694,0.25801443857297396,16.386085568442557,0.06657145051212694
4266,587213.7075360628,517577.3671135832,T,16.45925858923404,0.12128883714147272,0.34826546934985203,16.45925858923404,0.12128883714147272
4267,587213.995592785,517577.3671135832,T,16.520297498926798,0.18318547000270938,0.4280017172894396,16.520297498926798,0.18318547000270938
4268,587214.2836495071,517577.3671135832,T,16.563698178029387,0.24517178807769233,0.49514824858590817,16.563698178029387,0.24517178807769233
4269,587214.5717062292,517577.3671135832,T,16.58798387713628,0.3011042839089532,0.5487297002249406,16.58798387713628,0.3011042839089532
4270,587214.8597629514,517577.3671135832,T,16.595243429934666,0.34684351370355554,0.5889342184858641,16.595243429934666,0.34684351370355554
4271,587215.1478196735,517577.3671135832,T,16.589908457367454,0.38076210732806626,0.6170592413440271,16.589908457367454,0.38076210732806626
4272,587215.4358763958,517577.3671135832,T,16.57729875189027,0.4034423803545877,0.635171142570715,16.57729875189027,0.4034423803545877
4273,587215.7239331179,517577.3671135832,T,16.562397599286392,0.41675860560930855,0.645568436038588,16.562397599286392,0.41675860560930855
4274,587216.0119898401,517577.3671135832,T,16.549103917100034,0.422822798138398,0.6502482588507239,16.549103917100034,0.422822798138398
4275,587209.3866852304,517577.65517030534,T,16.467583503225754,0.4320661249397476,0.6573173700274074,16.467583503225754,0.4320661249397476
4276,587209.6747419527,517577.65517030534,T,16.454267601163732,0.4268301784861849,0.6533224154169095,16.454267601163732,0.4268301784861849
4277,587209.9627986748,517577.65517030534,T,16.43637616084493,0.41840786986547407,0.6468445484546299,16.43637616084493,0.41840786986547407
4278,587210.250855397,517577.65517030534,T,16.412685597614246,0.405216275782351,0.63656600269127706,16.412685597614246,0.405216275782351
4279,587210.5389121191,517577.65517030534,T,16.38226346838972,0.385301207325188,0.6207263546243127,16.38226346838972,0.385301207325188
4280,587210.8269688413,517577.65517030534,T,16.345126602427285,0.3566129332730962,0.59717077396093,16.345126602427285,0.3566129332730962
4281,587211.1150255634,517577.65517030534,T,16.30299371101149,0.31758819236455954,0.5635496361142996,16.30299371101149,0.31758819236455954
4282,587211.4030822855,517577.65517030534,T,16.259817348899297,0.2680185632781515,0.5177050929613803,16.259817348899297,0.2680185632781515
4283,587211.6911390077,517577.65517030534,T,16.221724460725312,0.2099480183580425,0.4582008493641653,16.221724460725312,0.2099480183580425
4284,587211.9791957298,517577.65517030534,T,16.196119886051076,0.1481063804680718,0.38484591782695554,16.196119886051076,0.1481063804680718
4285,587212.2672524521,517577.65517030534,T,16.19001159902141,0.08942225329177646,0.29903553850968356,16.19001159902141,0.08942225329177646
4286,587212.5553091742,517577.65517030534,T,16.207988710814973,0.04161056720972107,0.2039866839029476,16.207988710814973,0.04161056720972107
4287,587212.8433658964,517577.65517030534,T,16.250540719011838,0.011411150200054473,0.10682298535453161,16.250540719011838,0.011411150200054473
4288,587213.1314226185,517577.65517030534,T,16.313390868460356,0.0032222056990333535,0.056764475678309174,16.313390868460356,0.0032222056990333535
4289,587213.4194793407,517577.65517030534,T,16.3881929326074,0.018448372148090086,0.1358247847341938,16.3881929326074,0.018448372148090086
4290,587213.7075360628,517577.65517030534,T,16.46443461449904,0.05535942216490628,0.23528583077802684,16.46443461449904,0.05535942216490628
4291,587213.995592785,517577.65517030534,T,16.53193101088874,0.10922884339343582,0.3304978719953214,16.53193101088874,0.10922884339343582
4292,587214.2836495071,517577.65517030534,T,16.583089530517647,0.17290869473477255,0.41582291271017346,16.583089530517647,0.17290869473477255
4293,587214.5717062292,517577.65517030534,T,16.61426453702513,0.2381349858483669,0.4879907641015011,16.61426453702513,0.2381349858483669
4294,587214.8597629514,517577.65517030534,T,16.625910481587702,0.29740381163893,0.5453474228773159,16.625910481587702,0.29740381163893
4295,587215.1478196735,517577.65517030534,T,16.621691586683486,0.3456673810405005,0.5879348442136259,16.621691586683486,0.3456673810405005
4296,587215.4358763958,517577.65517030534,T,16.607019283476365,0.38104993165974743,0.6172924198949372,16.607019283476365,0.38104993165974743
4297,587215.7239331179,517577.65517030534,T,16.5875644331923,0.4043655388866466,0.6358974279603957,16.5875644331923,0.4043655388866466
4298,587209.6747419527,517577.94322702754,T,16.47107247845663,0.43288436289858223,0.6579394827023092,16.47107247845663,0.43288436289858223
4299,587209.9627986748,517577.94322702754,T,16.458227549227903,0.42816248639360166,0.6543412614176196,16.458227549227903,0.42816248639360166
4300,587210.250855397,517577.94322702754,T,16.440467123891157,0.4205221717510856,0.6484768089539406,16.440467123891157,0.4205221717510856
4301,587210.5389121191,517577.94322702754,T,16.416660729212584,0.40844940381568884,0.6391004645716422,16.416660729212584,0.40844940381568884
4302,587210.8269688413,517577.94322702754,T,16.38628073078537,0.3900231429354082,0.6245183287425664,16.38628073078537,0.3900231429354082
4303,587211.1150255634,517577.94322702754,T,16.350094993855972,0.36316876402495213,0.6026348513195633,16.350094993855972,0.36316876402495213
4304,587211.4030822855,517577.94322702754,T,16.31080855599637,0.3262252939582715,0.571161355448941,16.31080855599637,0.3262252939582715
4305,587211.6911390077,517577.94322702754,T,16.273322184117983,0.2787808674212047,0.5279970335344742,16.273322184117983,0.2787808674212047
4306,587211.9791957298,517577.94322702754,T,16.24429599332765,0.22249492012059752,0.47169367191069833,16.24429599332765,0.22249492012059752
4307,587212.2672524521,517577.94322702754,T,16.23090338005465,0.16146846326274478,0.4018313866072992,16.23090338005465,0.16146846326274478
4308,587212.5553091742,517577.94322702754,T,16.238990948769555,0.10186283504338783,0.31915957614238655,16.238990948769555,0.10186283504338783
4309,587212.8433658964,517577.94322702754,T,16.271186191846265,0.05087667039326298,0.22555857419584602,16.271186191846265,0.05087667039326298
4310,587213.1314226185,517577.94322702754,T,16.325643167583728,0.015504739297025482,0.12451802800006705,16.325643167583728,0.015504739297025482
4311,587213.4194793407,517577.94322702754,T,16.395975219817025,0.0013938560496663144,0.037334381602837814,16.395975219817025,0.0013938560496663144
4312,587213.7075360628,517577.94322702754,T,16.472519049798347,0.011769310640304358,0.10848645371798434,16.472519049798347,0.011769310640304358
4313,587213.995592785,517577.94322702754,T,16.544573845837036,0.04637978790910864,0.21535967103686948,16.544573845837036,0.04637978790910864
4314,587214.2836495071,517577.94322702754,T,16.602890573745128,0.1008531711256251,0.3175738829400571,16.602890573745128,0.1008531711256251
4315,587214.5717062292,517577.94322702754,T,16.641617161927165,0.16718564448797707,0.40888341185229937,16.641617161927165,0.16718564448797707
4316,587214.8597629514,517577.94322702754,T,16.659154106605346,0.23566645187306307,0.48545489169753253,16.659154106605346,0.23566645187306307
4317,587215.1478196735,517577.94322702754,T,16.657809862067875,0.2975679663056884,0.5454979067839659,16.657809862067875,0.2975679663056884
4318,587215.4358763958,517577.94322702754,T,16.642562215741854,0.34730952990232383,0.5893297293555823,16.642562215741854,0.34730952990232383
4319,587209.9627986748,517578.2312837497,T,16.47369482978544,0.43362261347261666,0.6585002759852243,16.47369482978544,0.43362261347261666
4320,587210.250855397,517578.2312837497,T,16.461112425805712,0.4293602697403223,0.6552558811184546,16.461112425805712,0.4293602697403223
4321,587210.5389121191,517578.2312837497,T,16.44352765156231,0.4224200415784979,0.64993849061161,16.44352765156231,0.4224200415784979
4322,587210.8269688413,517578.2312837497,T,16.420107645707585,0.41136226442533186,0.6413752914053766,16.420107645707585,0.41136226442533186
4323,587211.1150255634,517578.2312837497,T,16.39090654847831,0.39432957449377715,0.6279566660955015,16.39090654847831,0.39432957449377715
4324,587211.4030822855,517578.2312837497,T,16.357510340470185,0.3692793939061364,0.6076836297829129,16.357510340470185,0.3692793939061364
4325,587211.6911390077,517578.2312837497,T,16.3234917800407,0.3345040998443853,0.5783632939981455,16.3234917800407,0.3345040998443853
4326,587211.9791957298,517578.2312837497,T,16.294362858000053,0.28937149127736106,0.5379326084904698,16.294362858000053,0.28937149127736106
4327,587212.2672524521,517578.2312837497,T,16.276801049354823,0.2350360751958366,0.4848051930371998,16.276801049354823,0.2350360751958366
4328,587212.5553091742,517578.2312837497,T,16.277169925929247,0.17481426791593244,0.4181079620336504,16.277169925929247,0.17481426791593244
4329,587212.8433658964,517578.2312837497,T,16.29967764628167,0.11408079780089316,0.3377584903461246,16.29967764628167,0.11408079780089316
4330,587213.1314226185,517578.2312837497,T,16.344770231759128,0.05977157448349071,0.24448225801372725,16.344770231759128,0.05977157448349071
4331,587213.4194793407,517578.2312837497,T,16.408391469045622,0.019581674913442506,0.1399345379577269,16.408391469045622,0.019581674913442506
4332,587213.7075360628,517578.2312837497,T,16.48249700503709,7.271520506342852e-4,0.026965757000950025,16.48249700503709,7.271520506342852e-4
4333,587213.995592785,517578.2312837497,T,16.556765089445186,0.008130378124728799,0.09016860941995723,16.556765089445186,0.008130378124728799
4334,587214.2836495071,517578.2312837497,T,16.620991570039536,0.04242361090868681,0.20596992719493495,16.620991570039536,0.04242361090868681
4335,587214.5717062292,517578.2312837497,T,16.667400186464697,0.09884817031619206,0.31440128866814787,16.667400186464697,0.09884817031619206
4336,587214.8597629514,517578.2312837497,T,16.692155419056252,0.16809008687313612,0.4099879106426629,16.692155419056252,0.16809008687313612
4337,587215.1478196735,517578.2312837497,T,16.695696343602965,0.2390388081728923,0.4889159520540236,16.695696343602965,0.2390388081728923
4338,587215.4358763958,517578.2312837497,T,16.681952880427577,0.30217455485680106,0.5497040611609133,16.681952880427577,0.30217455485680106
4339,587210.250855397,517578.51934047183,T,16.475632120384784,0.4342824432954703,0.6590010950639387,16.475632120384784,0.4342824432954703
4340,587210.5389121191,517578.51934047183,T,16.46333982452022,0.4304271849381407,0.6560694970337675,16.46333982452022,0.4304271849381407
4341,587210.8269688413,517578.51934047183,T,16.44627480574037,0.42411361107915324,0.6512400564148011,16.44627480574037,0.42411361107915324
4342,587211.1150255634,517578.51934047183,T,16.424048077832477,0.41398777514739854,0.6434188178374942,16.424048077832477,0.41398777514739854
4343,587211.4030822855,517578.51934047183,T,16.397374617781427,0.3982848233241713,0.631098109111548,16.397374617781427,0.3982848233241713
4344,587211.6911390077,517578.51934047183,T,16.368603218867193,0.3750272189101231,0.6123946594395832,16.368603218867193,0.3750272189101231
4345,587211.9791957298,517578.51934047183,T,16.341940810025402,0.3424618772935923,0.585202424203448,16.341940810025402,0.3424618772935923
4346,587212.2672524521,517578.51934047183,T,16.323107493813033,0.2996754295436567,0.5474261863883173,16.323107493813033,0.2996754295436567
4347,587212.5553091742,517578.51934047183,T,16.318301601650607,0.24722708493584647,0.49721935293776176,16.318301601650607,0.24722708493584647
4348,587212.8433658964,517578.51934047183,T,16.332618866498287,0.18764846312380273,0.433184098419832,16.332618866498287,0.18764846312380273
4349,587213.1314226185,517578.51934047183,T,16.36835726210317,0.12574496046023687,0.35460535875848925,16.36835726210317,0.12574496046023687
4350,587213.4194793407,517578.51934047183,T,16.42380491965388,0.06860153035840912,0.2619189385256612,16.42380491965388,0.06860153035840912
4351,587213.7075360628,517578.51934047183,T,16.49303830707757,0.024968045396752587,0.15801280136986556,16.49303830707757,0.024968045396752587
4352,587213.995592785,517578.51934047183,T,16.566941011553762,0.0035896626634773824,0.05991379359944905,16.566941011553762,0.0035896626634773824
4353,587214.2836495071,517578.51934047183,T,16.635207553814126,0.010519559994777071,0.10256490625344065,16.635207553814126,0.010519559994777071
4354,587214.5717062292,517578.51934047183,T,16.68871769526896,0.046423455686185576,0.215461030551201,16.68871769526896,0.046423455686185576
4355,587214.8597629514,517578.51934047183,T,16.721528866022584,0.10549157934132115,0.32479467258765365,16.721528866022584,0.10549157934132115
4356,587215.1478196735,517578.51934047183,T,16.731897382251994,0.17697145084657973,0.4206797485577119,16.731897382251994,0.17697145084657973
4357,587210.5389121191,517578.807397194,T,16.477167836999463,0.4348673564439844,0.6594447334265279,16.477167836999463,0.4348673564439844
4358,587210.8269688413,517578.807397194,T,16.465389503721877,0.431372852829973,0.6567898087135434,16.465389503721877,0.431372852829973
4359,587211.1150255634,517578.807397194,T,16.449388972703332,0.42562594385068825,0.6524001409033326,16.449388972703332,0.42562594385068825
4360,587211.4030822855,517578.807397194,T,16.429296234988954,0.4163691737246418,0.645266746179161,16.429296234988954,0.4163691737246418
4361,587211.6911390077,517578.807397194,T,16.406470681996648,0.4019456848546841,0.633991864975162,16.406470681996648,0.4019456848546841
4362,587211.9791957298,517578.807397194,T,16.38387058233589,0.38044534009983155,0.6168025130459761,16.38387058233589,0.38044534009983155
4363,587212.2672524521,517578.807397194,T,16.36603567885899,0.35003953677208866,0.5916413920375151,16.36603567885899,0.35003953677208866
4364,587212.5553091742,517578.807397194,T,16.358487504033857,0.30948676039439504,0.5563153425840376,16.358487504033857,0.30948676039439504
4365,587212.8433658964,517578.807397194,T,16.36653085238507,0.2587667767489701,0.5086912391116738,16.36653085238507,0.2587667767489701
4366,587213.1314226185,517578.807397194,T,16.393700129772387,0.19981249502999954,0.44700390941243406,16.393700129772387,0.19981249502999954
4367,587213.4194793407,517578.807397194,T,16.440326211271223,0.13723281122191727,0.37044947188775595,16.440326211271223,0.13723281122191727
4368,587213.7075360628,517578.807397194,T,16.502774504450677,0.07864174162390102,0.28043134921741725,16.502774504450677,0.07864174162390102
4369,587213.995592785,517578.807397194,T,16.57374780824301,0.03391193934993182,0.18415194636476645,16.57374780824301,0.03391193934993182
4370,587214.2836495071,517578.807397194,T,16.643691735408584,0.012856434299501677,0.11338621741420638,16.643691735408584,0.012856434299501677
4371,587214.5717062292,517578.807397194,T,16.702927632284222,0.02178786936764696,0.14760714538140407,16.702927632284222,0.02178786936764696
4372,587214.8597629514,517578.807397194,T,16.743852927389195,0.06056004031318526,0.24608949655193588,16.743852927389195,0.06056004031318526
4373,587210.8269688413,517579.0954539161,T,16.478606681456007,0.43538370821513145,0.6598361222418272,16.478606681456007,0.43538370821513145
4374,587211.1150255634,517579.0954539161,T,16.467691672929334,0.43221183440719574,0.657428197149465,16.467691672929334,0.43221183440719574
4375,587211.4030822855,517579.0954539161,T,16.45337862032836,0.4269843180371236,0.653440370682072,16.45337862032836,0.4269843180371236
4376,587211.6911390077,517579.0954539161,T,16.436319982460304,0.41854450308231594,0.6469501550214792,16.436319982460304,0.41854450308231594
4377,587211.9791957298,517579.0954539161,T,16.418423490113863,0.40534211978826984,0.6366648410178387,16.418423490113863,0.40534211978826984
4378,587212.2672524521,517579.0954539161,T,16.40304007229243,0.3855169981641704,0.6209001515253241,16.40304007229243,0.3855169981641704
4379,587212.5553091742,517579.0954539161,T,16.394722618898154,0.3571398675759494,0.5976118034108341,16.394722618898154,0.3571398675759494
4380,587212.8433658964,517579.0954539161,T,16.398437499560597,0.3186602942272125,0.5645000391737918,16.398437499560597,0.3186602942272125
4381,587213.1314226185,517579.0954539161,T,16.418305952922037,0.2696274563255534,0.5192566382103876,16.418305952922037,0.2696274563255534
4382,587213.4194793407,517579.0954539161,T,16.456187597993743,0.21169435234505174,0.460102545466825,16.456187597993743,0.21169435234505174
4383,587213.7075360628,517579.0954539161,T,16.510583696740856,0.14965350992599033,0.3868507592418429,16.510583696740856,0.14965350992599033
4384,587213.995592785,517579.0954539161,T,16.576328779105978,0.0918214012756511,0.30302046346022754,16.576328779105978,0.0918214012756511
4385,587214.2836495071,517579.0954539161,T,16.64531956475938,0.048896620496232536,0.22112580242077706,16.64531956475938,0.048896620496232536
4386,587214.5717062292,517579.0954539161,T,16.70816753353895,0.03097948576109604,0.17600990245181106,16.70816753353895,0.03097948576109604
4387,587211.4030822855,517579.3835106383,T,16.47054646221002,0.4329604294003716,0.657997286772804,16.47054646221002,0.4329604294003716
4388,587211.6911390077,517579.3835106383,T,16.458501444855724,0.4282131951064661,0.6543800081806184,16.458501444855724,0.4282131951064661
4389,587211.9791957298,517579.3835106383,T,16.44518859894388,0.42053865301170984,0.6484895165010071,16.44518859894388,0.42053865301170984
4390,587212.2672524521,517579.3835106383,T,16.432912763649174,0.40848077253084475,0.6391250054025776,16.432912763649174,0.40848077253084475
4391,587212.5553091742,517579.3835106383,T,16.42517502552991,0.39021315169171944,0.6246704344626208,16.42517502552991,0.39021315169171944
4392,587212.8433658964,517579.3835106383,T,16.42624747623761,0.36371869841265436,0.6030909536816602,16.42624747623761,0.36371869841265436
4393,587213.1314226185,517579.3835106383,T,16.440273083836704,0.3272436484292157,0.5720521378591428,16.440273083836704,0.3272436484292157
4394,587213.4194793407,517579.3835106383,T,16.470042752835926,0.2801551030479643,0.529296800526854,16.470042752835926,0.2801551030479643
4395,587213.7075360628,517579.3835106383,T,16.5157971087218,0.22416935211420225,0.47346525966981173,16.5157971087218,0.22416935211420225
4396,587213.995592785,517579.3835106383,T,16.574497088900994,0.16450491393254257,0.4055920535865349,16.574497088900994,0.16450491393254257
4397,587214.2836495071,517579.3835106383,T,16.639928421019825,0.11006209786801481,0.3317560818854943,16.639928421019825,0.11006209786801481
4398,587211.6911390077,517579.67156736046,T,16.474083369273973,0.4336336813691155,0.6585086797978562,16.474083369273973,0.4336336813691155
4399,587211.9791957298,517579.67156736046,T,16.464745988307925,0.4293311453999272,0.6552336571025081,16.464745988307925,0.4293311453999272
4400,587212.2672524521,517579.67156736046,T,16.45560156197654,0.42236640674751613,0.6498972278349217,16.45560156197654,0.42236640674751613
4401,587212.5553091742,517579.67156736046,T,16.449173569611307,0.41136565698436994,0.6413779361533806,16.449173569611307,0.41136565698436994
4402,587212.8433658964,517579.67156736046,T,16.448879872808668,0.39454044616106737,0.6281245466952134,16.448879872808668,0.39454044616106737
4403,587213.1314226185,517579.67156736046,T,16.458476554142937,0.36985000939071594,0.6081529490109506,16.458476554142937,0.36985000939071594
4404,587213.4194793407,517579.67156736046,T,16.481123227773267,0.3355094300276054,0.5792317584763507,16.481123227773267,0.3355094300276054
4405,587213.7075360628,517579.67156736046,T,16.51827367176687,0.2909777516356269,0.5394235364123695,16.51827367176687,0.2909777516356269
4406,587213.995592785,517579.67156736046,T,16.568743525082795,0.23829044510385794,0.4881500231525734,16.568743525082795,0.23829044510385794
4407,587211.9791957298,517579.9596240826,T,16.478260257590186,0.43424414946744516,0.6589720399739621,16.478260257590186,0.43424414946744516
4408,587212.2672524521,517579.9596240826,T,16.471865795656413,0.43035244541870876,0.656012534498167,16.471865795656413,0.43035244541870876
4409,587212.5553091742,517579.9596240826,T,16.4669788973003,0.4240421450114066,0.6511851848832301,16.4669788973003,0.4240421450114066
4410,587212.8433658964,517579.9596240826,T,16.46616254177329,0.4140200357379651,0.6434438870157716,16.46616254177329,0.4140200357379651
4411,587213.1314226185,517579.9596240826,T,16.4725543664751,0.3985678889262784,0.6313223336191097,16.4725543664751,0.3985678889262784
4412,587213.4194793407,517579.9596240826,T,16.489237172730626,0.3757253920590867,0.612964429685024,16.489237172730626,0.3757253920590867
4413,587213.7075360628,517579.9596240826,T,16.518337609057443,0.3438676841660981,0.5864023227836824,16.518337609057443,0.3438676841660981
4414,587213.995592785,517579.9596240826,T,16.560084595978285,0.3027655564532691,0.5502413619978682,16.560084595978285,0.3027655564532691
4415,587212.2672524521,517580.24768080475,T,16.482894214131992,0.43480243466326507,0.6593955070087034,16.482894214131992,0.43480243466326507
4416,587212.5553091742,517580.24768080475,T,16.47945003932117,0.4312908682213273,0.6567273926229416,16.47945003932117,0.4312908682213273
4417,587212.8433658964,517580.24768080475,T,16.478586042472568,0.4255882967572087,0.6523712875021468,16.478586042472568,0.4255882967572087
4418,587213.1314226185,517580.24768080475,T,16.482746491509598,0.4164947299501324,0.6453640290178346,16.482746491509598,0.4164947299501324
4419,587213.4194793407,517580.24768080475,T,16.49464541590982,0.40241616714367995,0.6343628040354194,16.49464541590982,0.40241616714367995
4420,587213.7075360628,517580.24768080475,T,16.516618296650037,0.3815882917268089,0.6177283316530082,16.516618296650037,0.3815882917268089
4421,587212.5553091742,517580.5357375269,T,16.487712283650286,0.4353183182100306,0.6597865701952644,16.487712283650286,0.4353183182100306
4422,587212.8433658964,517580.5357375269,T,16.487011075151003,0.4321622870099313,0.6573905133251706,16.487011075151003,0.4321622870099313
4423,587213.1314226185,517580.5357375269,T,16.489665145887425,0.4270366434053635,0.6534804078205891,16.489665145887425,0.4270366434053635
4424,587213.4194793407,517580.5357375269,T,16.497877313546763,0.4188579959030865,0.6471923948124595,16.497877313546763,0.4188579959030865
4425,587213.1314226185,517580.8237942491,T,16.494070310488503,0.4329841311671826,0.6580152970616888,16.494070310488503,0.4329841311671826
